event_id,true_latitude_deg,predicted_latitude_deg,true_longitude_deg,predicted_longitude_deg,true_depth_km,predicted_depth_km,true_magnitude,predicted_magnitude
2312,35.991999983787537,35.896036148071289,-117.87799999862909,-117.41382944583893,4.0999996662139893,9.8190651834011078,3.0999999940395355,3.0281593501567841
2058,33.555999994277954,33.748873859643936,-118.36700001358986,-118.40541696548462,15.500000026077032,5.094069242477417,3.199999988079071,3.0888831317424774
194,35.917168021202087,35.878795385360718,-117.67633101344109,-117.88184899091721,1.0299995541572571,7.3252737522125244,3.0900000035762787,3.0562872290611267
1393,33.691000014543533,33.838912427425385,-119.1360000371933,-118.99840319156647,11.40000008046627,1.682298481464386,3.0999999940395355,3.0269200801849365
764,35.640166997909546,35.744504451751709,-117.54616698622704,-117.59559088945389,11.299999952316284,3.430556058883667,3.9999999850988388,3.5223907828330994
170,35.792333006858826,35.787691116333008,-117.6245000064373,-117.7157142162323,3.0700001120567322,6.6925057768821716,3.550000011920929,3.1350631713867188
1660,32.702000021934509,32.583293437957764,-118.20450000464916,-118.63902813196182,9.9999998509883881,4.6617704629898071,3.0999999940395355,3.077553391456604
2389,33.880999997258186,33.964816682040691,-117.75900000333786,-117.82284118235111,4.8999997973442078,4.1761153936386108,3,3.0113410949707031
990,33.97533299960196,33.634757190942764,-116.27600002288818,-116.90561532974243,3.9100000262260437,3.0681994557380676,3.2600000202655792,3.1431836485862732
1134,33.316299974918365,32.938163757324219,-116.29729998111725,-116.61089324951172,18.400000110268593,4.4563579559326172,3.6999999582767487,3.3250715732574463
1936,34.007000000216067,34.113844014704227,-118.43999999761581,-118.39010137319565,12.800000086426735,2.055792510509491,3,3.0351258516311646
1476,33.564999997615814,33.633555680513382,-118.31499999761581,-118.16522294282913,2.9999998211860657,4.7934383153915405,3.0999999940395355,3.028654932975769
1451,33.91499999910593,33.89816776663065,-118.27399998903275,-118.29704359173775,25.000000298023224,4.7779744863510132,3.4999999701976776,3.0870795249938965
1525,32.016199946403503,32.488285183906555,-117.18129998445511,-117.67949080467224,6.5000000596046448,6.1316388845443726,3.6999999582767487,3.1120172739028931
2233,33.706000000238419,33.527354329824448,-119.47899997234344,-119.12884616851807,11.999999955296516,6.5174978971481323,4.8000000044703484,3.9410090446472168
251,35.893833041191101,35.122005224227905,-117.72716701030731,-117.5007900595665,7.6600000262260437,1.5307724475860596,3.2500000298023224,3.035834938287735
1001,33.874166995286942,33.489875972270966,-117.11133301258087,-117.75302067399025,11.999999955296516,6.0343444347381592,3.2500000298023224,3.2130138874053955
1194,32.900099992752075,33.185576319694519,-116.28100001811981,-118.85056585073471,8.7000001966953278,6.2462425231933594,3.3999999761581421,3.1408175826072693
952,33.492500007152557,33.279413878917694,-116.80449998378754,-116.86229848861694,2.9100000858306885,2.7611106634140015,3.3700000047683716,3.2302125692367554
321,35.645668029785156,35.623984098434448,-117.48133099079132,-117.49191349744797,3.3599996566772461,6.3071948289871216,3.2999999821186066,3.1086131930351257
1075,34.717832982540131,34.423098802566528,-116.0353330373764,-116.217404961586,2.980000376701355,3.5595721006393433,3.199999988079071,3.0733816623687744
2514,34.810000002384186,34.745345294475555,-116.39100003242493,-116.46678447723389,3.4000003337860107,5.5604249238967896,3.2999999821186066,3.0336503684520721
134,35.912832975387573,35.873744010925293,-117.73449999094009,-117.66161569952965,2.7299997210502625,7.9512771964073181,3.3999999761581421,3.079560399055481
2503,34.101999998092651,33.8754041492939,-117.45800000429153,-117.6326956152916,4.9999997019767761,4.0625846385955811,3.0999999940395355,3.022173285484314
2051,32.379999995231628,32.635532379150391,-117.83599999547005,-118.23437309265137,15.200000004842877,5.1765114068984985,3.0999999940395355,3.7683768421411514
940,32.783833026885986,32.704394578933716,-118.4446670114994,-118.22434379160404,7.7299998700618744,6.218070387840271,3.2999999821186066,3.092160701751709
1444,35.922999978065491,35.781066060066223,-117.74000000953674,-117.78926779329777,4.5000001788139343,7.5202435255050659,3.199999988079071,3.0619284510612488
654,35.902667045593262,34.308034539222717,-117.7426669895649,-117.8543401658535,8.4699998795986176,4.5600870251655579,3.5999999642372131,3.1482447981834412
1289,33.399900019168854,33.568099647760391,-117.09740000963211,-116.99903750419617,10.899999886751175,3.0121582746505737,3.5999999642372131,3.1785805821418762
2541,34.834999978542328,34.772976517677307,-116.28799998760223,-116.44397187232971,6.5000000596046448,5.7728308439254761,3.0999999940395355,3.0288245379924774
1099,35.404999971389771,35.071273565292358,-117.81016699969769,-117.9764957036823,6.6499999165534973,5.0409123301506042,3.3400000333786011,3.0373841822147369
1241,34.5939000248909,34.400381833314896,-118.62070000171661,-118.39462298154831,11.200000047683716,5.3461521863937378,3.9999999850988388,3.2371923923492432
2011,32.072000026702881,32.397016406059265,-116.38499999046326,-116.59527170658112,5.9999996423721313,4.9315381050109863,3.0999999940395355,3.1389259099960327
56,35.747666954994202,35.770646810531616,-117.55666700005531,-117.70299065113068,7.420000433921814,6.5975645184516907,3.0999999940395355,3.0842002630233765
485,35.796300053596497,35.511798501014709,-117.6351999938488,-117.67469522356987,6.5700003504753113,5.6760576367378235,3,3.2138403654098511
324,35.805832028388977,35.777938842773438,-117.59166699647903,-117.8794771283865,9.8399998247623444,7.5413940846920013,4.1999999955296516,3.5800489783287048
1968,34.705999970436096,34.60425215959549,-116.05999994277954,-116.34216558933258,3.6000001430511475,6.9572746753692627,3.0999999940395355,3.0958203077316284
2415,34.51800000667572,34.316650867462158,-118.93999999761581,-118.94478595256805,19.500000178813934,3.0711758136749268,3.6999999582767487,3.2580834925174713
44,33.228166997432709,32.995313882827759,-116.74333298206329,-117.13656634092331,10.209999829530716,4.4888126850128174,3.5999999642372131,3.2290662825107574
1729,34.996999979019165,34.556574285030365,-116.94500005245209,-116.95367133617401,5.9999996423721313,3.5361438989639282,3.0999999940395355,3.0531955361366272
1524,33.964000001549721,33.984458699822426,-117.75900000333786,-117.80595797300339,11.599999889731407,4.6165734529495239,3.0999999940395355,3.0566725730895996
2513,35.652999997138977,35.426032066345215,-117.65700000524521,-117.49090719223022,2.5000002980232239,8.1688199937343597,3,3.0189324617385864
1793,33.762099996209145,33.78321498632431,-117.46539998054504,-117.4717139005661,9.8000000417232513,3.947104811668396,4.6000000052154064,3.4045856595039368
2351,35.72599995136261,35.67092227935791,-118.01899999938905,-117.80995547771454,4.1999995708465576,8.0838797986507416,3.9999999850988388,3.3798652589321136
2086,34.17059999704361,33.815302386879921,-117.28659999370575,-117.5619421005249,17.100000008940697,4.1302710771560669,3.3999999761581421,3.0199116468429565
2248,34.210999995470047,34.400485128164291,-118.77999997138977,-118.73270112276077,14.499999973922968,2.6524418592453003,3.8999999910593033,3.4379678964614868
1449,33.689999997615814,33.474979877471924,-116.74000000953674,-117.11298441886902,18.099999949336052,3.4791916608810425,3.5999999642372131,3.1166149377822876
457,35.897999048233032,35.606088757514954,-117.72683000564575,-117.71459302306175,4.0400004386901855,6.5429922938346863,3.1899999976158142,3.0931937992572784
410,35.883334994316101,35.780076503753662,-117.7243350148201,-117.83958829939365,3.7799996137619019,6.4057713747024536,3.2999999821186066,3.1279165148735046
2036,32.047999978065491,32.362251281738281,-117.48000001907349,-116.70199632644653,8.4000000357627869,4.8774915933609009,3.3999999761581421,3.1530662477016449
1288,35.483000040054321,35.268121242523193,-118.20790000259876,-118.35464203357697,0.60000032186508179,7.4057292938232422,4.0999999791383743,3.6427527666091919
471,35.806331992149353,35.876809597015381,-117.62750199437141,-117.64391991496086,2.800000011920929,7.0421406626701355,3.3400000333786011,3.1212957501411438
1175,33.152899980545044,33.460173606872559,-118.28589999675751,-118.22126610577106,11.700000017881393,4.9567866325378418,3.199999988079071,3.0508553981781006
1737,33.668000012636185,33.379073560237885,-116.72399997711182,-116.94239675998688,14.700000006705523,2.9054465889930725,3.0999999940395355,3.0370347797870636
1247,35.962000012397766,35.816465735435486,-117.30250000953674,-117.29242289066315,10.399999916553497,4.5981806516647339,3.3999999761581421,3.1381584405899048
1023,34.041000001132488,34.029359109699726,-117.2416689991951,-117.27536165714264,18.210000023245811,3.4703859686851501,3.2800000011920929,3.0655372738838196
2092,32.167999982833862,32.079754590988159,-117.66699999570847,-116.1577582359314,7.9999999701976776,14.892718833871186,3,3.0472955703735352
239,35.765498995780945,35.686702728271484,-117.55783098936081,-117.85522954165936,8.3300001919269562,6.1427485942840576,3.2999999821186066,3.0634641051292419
1273,34.717299997806549,34.802350699901581,-116.15349996089935,-117.10560750961304,0.99999994039535522,3.8551265001296997,3.2999999821186066,3.033550500869751
1068,33.457832992076874,33.284001111984253,-116.46433305740356,-116.92283368110657,11.86999998986721,2.824617326259613,3.0999999940395355,3.0454414486885071
1875,34.574999988079071,34.395895212888718,-116.54200005531311,-116.97667980194092,4.7999998927116394,2.9266950488090515,3.0999999940395355,3.084832102060318
430,35.759997963905334,35.636632680892944,-117.58149701356888,-118.03095960430801,7.7400000393390656,6.8203407526016235,3.6999999582767487,3.1927592754364014
1170,34.28659999370575,34.12699031829834,-117.03359997272491,-116.88452816009521,16.400000005960464,2.4898418784141541,3.0999999940395355,3.127973198890686
1720,33.861000001430511,33.875618547201157,-119.36899995803833,-119.09473133087158,5.9999996423721313,6.3689222931861877,3.3999999761581421,3.0841701328754425
1967,34.703999996185303,33.796413376927376,-116.06200003623962,-116.94101083278656,3.5000002384185791,5.2736771106719971,3.0999999940395355,3.0495237708091736
289,35.917667031288147,35.504644870758057,-117.29799997806549,-118.11595188081264,12.930000051856041,9.252474457025528,3.0199999809265137,3.3621854782104492
218,35.821334958076477,35.859962105751038,-117.64250200986862,-117.79017649590969,7.0900002121925354,6.8312814831733704,3.1399999558925629,3.1005004942417145
43,35.547500014305115,35.540347695350647,-117.52966699004173,-117.61258894205093,4.2500004172325134,5.3760945796966553,3.5099999606609344,3.1094613075256348
1669,34.035599999129772,34.335017889738083,-117.32929998636246,-117.69501942396164,12.499999925494194,4.4505661725997925,4.3999999947845936,3.7371744811534882
2354,35.799000024795532,35.598813414573669,-118.04500000178814,-117.75216135382652,7.9999999701976776,0.49154072999954224,3,3.0281403064727783
2232,33.666999995708466,33.769217863678932,-119.32599997520447,-119.30639457702637,6.9999995827674866,5.5475127696990967,3.199999988079071,3.0433259010314941
2523,35.726999998092651,35.338637828826904,-118,-117.81868027150631,6.8999996781349182,7.7398471534252167,3.3999999761581421,3.0157453715801239
2211,34.054000001400709,33.703213572502136,-116.32000005245209,-116.58382773399353,10.499999821186066,4.6962153911590576,3.2999999821186066,3.0370472073554993
1366,34.056699998676777,34.22364105284214,-116.41840004920959,-116.4585508108139,13.599999994039536,4.8252975940704346,3.4999999701976776,3.3508379459381104
212,35.552332997322083,34.947509944438934,-117.32433301210403,-117.28117626905441,4.7799995541572571,4.3724191188812256,3.0199999809265137,3.0409024357795715
1533,33.872899994254112,33.878969617187977,-118.43110001087189,-118.34374231100082,16.299999989569187,4.8309212923049927,3.6999999582767487,3.1741363406181335
2138,34.300599992275238,34.001308291917667,-116.85860002040863,-116.98932945728302,3.3000004291534424,5.1238194108009338,3.5999999642372131,3.0519204139709473
1762,33.627000004053116,33.650102108716965,-117.90600000321865,-117.88057156652212,11.299999952316284,4.3673256039619446,3,3.0315688848495483
759,35.682335019111633,35.461502075195312,-117.5,-117.44647055864334,0.59000015258789062,5.2247196435928345,3.0999999940395355,3.0512023866176605
1567,32.228999972343445,32.172975540161133,-116.58899998664856,-116.46636819839478,5.9999996423721313,4.6344253420829773,3.2999999821186066,3.1137600839138031
1792,32.057999968528748,32.439703464508057,-116.18499994277954,-116.38752853870392,5.5000001192092896,7.4007859826087952,3.0999999940395355,3.1096746325492859
2244,34.368000000715256,34.369995713233948,-118.66100001335144,-118.74246788024902,13.100000023841858,1.886751651763916,3.0999999940395355,3.064128577709198
1374,34.964399993419647,34.5955810546875,-116.70539999008179,-116.95233583450317,12.100000083446503,3.9072257280349731,3.0999999940395355,3.0338319540023804
1113,33.02649998664856,32.938952445983887,-116.43383300304413,-117.26087206602097,6.8900004029273987,3.1194823980331421,3.2899999916553497,3.1056396961212158
2176,33.895000003278255,33.966336332261562,-118.55099999904633,-118.51568233966827,13.499999977648258,0.45530498027801514,3,3.0156258344650269
1084,35.332499980926514,35.314454078674316,-118.55216699838638,-118.62280017137527,8.060000091791153,2.0577406883239746,3.1099999845027924,3.0217799842357635
979,33.462000012397766,33.371886193752289,-116.46666705608368,-117.13338488340378,7.4399998784065247,3.8442045450210571,3.6999999582767487,3.1276868283748627
1321,32.554000020027161,33.339263081550598,-116.76800000667572,-117.55395808815956,4.9999997019767761,5.5816581845283508,3.3999999761581421,3.1304788291454315
1151,33.303799986839294,32.874784469604492,-116.28740000724792,-116.66507112979889,18.799999952316284,3.0100107192993164,3.0999999940395355,3.0633542239665985
1091,34.302666991949081,34.095714025199413,-116.86333298683167,-116.91726016998291,3.1400004029273987,3.5569292306900024,3.8700000196695328,3.4714030623435974
976,34.845166981220245,34.52121514081955,-118.90383297204971,-118.86442267894745,9.4799999892711639,3.9606267213821411,3.1099999845027924,3.0397310256958008
798,35.652667999267578,35.236379623413086,-117.53933000564575,-118.08431901037693,1.6500002145767212,8.6950318515300751,3,3.0374251306056976
1272,35.668400049209595,35.392781496047974,-118.46039998531342,-118.7616805434227,10.499999821186066,0.0064069032669067383,3.4999999701976776,3.1095077991485596
422,35.796664953231812,35.42795729637146,-117.6256639957428,-118.81166195869446,2.6299998164176941,3.7679475545883179,3.0999999940395355,3.0922126471996307
2083,34.019999999552965,33.927277781069279,-117.22299998998642,-117.11082863807678,15.100000002421439,3.4185639023780823,3,3.009046196937561
867,35.391000032424927,35.023715972900391,-118.54483300447464,-118.68990755081177,3.970000147819519,8.3994157612323761,3.2999999821186066,3.1319311559200287
296,35.676334023475647,35.501113176345825,-117.54733300209045,-117.98394428752363,3.9499998092651367,7.4085956811904907,3.0900000035762787,3.0637251734733582
1057,33.167666971683502,33.055798947811127,-116.42066705226898,-116.93238115310669,13.760000020265579,2.9808774590492249,3.3899999856948853,3.1054864525794983
368,35.894665002822876,35.697634696960449,-117.68116798996925,-117.99610395845957,2.0399996638298035,6.1132434010505676,3,3.0508533418178558
2285,34.041000001132488,34.438348054885864,-118.49200001358986,-118.46126070618629,4.8999997973442078,0.79280287027359009,4.1999999955296516,3.0942548811435699
282,35.659000039100647,35.608482360839844,-117.48616802692413,-117.64556559920311,3.710000216960907,6.258678138256073,3.1800000071525574,3.0751770436763763
1298,33.94200000166893,34.072854518890381,-116.73599994182587,-116.89695072174072,18.299999982118607,2.7607011795043945,3.0999999940395355,3.0921576619148254
1133,35.851799964904785,35.794357657432556,-117.69190001487732,-117.66930890083313,11.900000050663948,6.9099229574203491,3,3.0940196514129639
1190,35.165199995040894,35.15096652507782,-118.65939998626709,-118.82432889938354,8.5999998450279236,1.1898091435432434,3.199999988079071,3.0325288474559784
318,35.656666040420532,35.536377906799316,-117.58466300368309,-118.05161938816309,7.8300002217292786,5.8358806371688843,3.199999988079071,3.0437478125095367
1336,33.031199991703033,32.586071491241455,-116.22580003738403,-116.3139101266861,10.499999821186066,2.1559828519821167,3.8999999910593033,3.3422520160675049
1807,32.693099975585938,32.709450006484985,-117.4375,-117.10980975627899,9.9999998509883881,5.377432107925415,3.5999999642372131,3.201436311006546
993,33.957832999527454,33.964316938072443,-116.67050004005432,-116.91949868202209,15.969999991357327,2.7271074056625366,3.199999988079071,3.0252450406551361
568,35.78049898147583,35.625533819198608,-117.58916500210762,-117.44205623865128,5.1499995589256287,6.4202114939689636,3.6999999582767487,3.830621749162674
787,35.700832009315491,35.753316044807434,-117.47766900062561,-117.48384493589401,0.039999783039093018,5.0761127471923828,3.0900000035762787,3.0704582333564758
736,35.750831961631775,35.647993803024292,-117.5633319914341,-117.78783242404461,6.8999996781349182,6.4002835750579834,3.8999999910593033,3.3068335354328156
2301,35.922999978065491,35.959699988365173,-117.85199999809265,-117.64937886595726,0,6.538805365562439,3.7999999970197678,3.2169927656650543
2483,34.43299999833107,34.051749359816313,-116.26999998092651,-116.33647751808167,2.7000001072883606,4.7632670402526855,3.199999988079071,3.0249472260475159
668,35.902832984924316,34.771699547767639,-117.72083300352097,-117.69853869080544,8.2400000095367432,4.2515257000923157,3.2400000393390656,3.681010365486145
93,35.895166993141174,35.787163019180298,-117.67683300375938,-117.65140974521637,3.9999997615814209,6.7156720161437988,3.5999999642372131,3.0824379622936249
2477,35.963000059127808,35.881582021713257,-117.79000000655651,-117.77904178202152,2.7000001072883606,4.3326097726821899,3.199999988079071,3.0306567549705505
1378,34.931999981403351,34.952355265617371,-116.71930003166199,-116.78769552707672,9.3000000715255737,3.2631915807723999,3.7999999970197678,3.1543622016906738
196,35.631500005722046,35.72200083732605,-117.43083202838898,-117.63119959831238,3.9999997615814209,6.0797488689422607,3.0999999940395355,3.0262659788131714
2505,35.654999971389771,35.547125935554504,-117.60299998521805,-117.37304049730301,1.3999995589256287,7.0483079552650452,3,3.0254904627799988
1835,34.287999987602234,34.378816276788712,-118.47499999403954,-118.56064021587372,12.899999991059303,1.3734188675880432,3.0999999940395355,3.0639555752277374
1334,35.476699948310852,35.164618968963623,-118.28049999475479,-118.49485099315643,5.0999996066093445,7.5006803870201111,3.5999999642372131,3.1008344292640686
254,35.727833032608032,35.702194452285767,-117.54816401004791,-117.87272959947586,9.1099999845027924,6.2031716108322144,3.4699999988079071,3.0892501473426819
2314,35.988999962806702,35.918123841285706,-117.87199999392033,-117.54575988650322,3.1999996304512024,8.1145168840885162,3.3999999761581421,3.0392425060272217
1498,33.005999982357025,32.695360660552979,-116.48599994182587,-116.78540515899658,6.9999995827674866,4.8802506923675537,3.0999999940395355,3.0978017449378967
2382,34.217999994754791,34.104682177305222,-116.90400004386902,-117.01838064193726,8.099999874830246,3.5057830810546875,4.1999999955296516,3.3756474852561951
168,35.658668994903564,35.570787787437439,-117.47366297245026,-117.68067920207977,4.1400003433227539,5.6737741827964783,3.0800000131130219,3.0735769271850586
2066,33.513000011444092,33.400918364524841,-116.57500004768372,-117.06514942646027,14.599999990314245,3.3862075209617615,3.0999999940395355,3.0433801710605621
1340,34.33899998664856,34.141716107726097,-118.4839999973774,-118.58715921640396,1.0999998450279236,4.0498101711273193,3.199999988079071,3.0837516188621521
1656,35.968400001525879,35.744744062423706,-117.28409999608994,-117.36764740943909,0,4.9609369039535522,3.5999999642372131,3.2942372560501099
173,35.632166981697083,35.608770251274109,-117.43033301830292,-117.44061172008514,4.8200002312660217,6.2355852127075195,3.7999999970197678,3.4013048708438873
2054,33.648999989032745,33.70672619342804,-116.73500001430511,-116.84613370895386,12.60000005364418,2.8523737192153931,3.0999999940395355,3.06415656208992
1146,35.267600059509277,35.234949111938477,-118.5673999786377,-118.72754162549973,14.700000006705523,1.7237913608551025,3.199999988079071,3.0785062909126282
1128,33.13400000333786,33.291860163211823,-117.28799998760223,-116.77963995933533,20.000000149011612,4.0348076820373535,3.4999999701976776,3.1043644845485687
611,35.888332009315491,35.670833945274353,-117.72683000564575,-117.89729718118906,5.0099998712539673,7.1957507729530334,3.0999999940395355,3.3498874604701996
602,35.925166964530945,34.250247567892075,-117.72866699099541,-117.71831798553467,-0.27999937534332275,4.453117847442627,3.0199999809265137,3.07529416680336
1653,33.244700014591217,32.947275161743164,-116.43550002574921,-116.43684911727905,9.0999998152256012,1.8293756246566772,3.3999999761581421,3.1283491551876068
705,35.869500041007996,34.411740243434906,-117.69066700339317,-117.9972091820091,2.6600003242492676,4.7555387020111084,4.1999999955296516,3.7517073601484299
1610,33.175899982452393,33.559532225131989,-119.26670002937317,-118.74213325977325,15.299999993294477,7.2481325268745422,3.4999999701976776,3.1415059268474579
2003,35.115000009536743,34.997039496898651,-116.99699997901917,-117.12804126739502,4.3000003695487976,4.8624944686889648,3,3.1005397439002991
817,35.637501001358032,35.233030319213867,-117.61433398723602,-117.75792366266251,5.9700000286102295,5.5282223224639893,3.2999999821186066,3.1304193735122681
433,35.886167049407959,35.756756186485291,-117.73100000619888,-117.58921200037003,5.130000114440918,6.8885019421577454,3.5999999642372131,3.2818386554718018
819,35.610000014305115,35.261795520782471,-117.60199999809265,-117.75761012732983,1.8000000715255737,8.2793726027011871,3.199999988079071,3.0399607121944427
755,35.77000105381012,35.814534783363342,-117.61250299215317,-117.83766323328018,2.3400002717971802,6.6838377714157104,3.4500000178813934,3.0836897492408752
1475,33.67969998717308,33.649554997682571,-116.83399999141693,-116.87156188488007,16.799999959766865,2.7543792128562927,3.6999999582767487,3.1756199598312378
599,35.871665954589844,35.305954456329346,-117.66533699631691,-117.59220397472382,4.2500004172325134,5.3118735551834106,3.0999999940395355,3.0817248523235321
2328,35.993000030517578,35.909498929977417,-117.85999999940395,-117.51543682813644,5.3000003099441528,7.3421278595924377,3.3999999761581421,3.0841458141803741
807,35.676498055458069,35.783201098442078,-117.5,-117.45769035816193,0.91000020503997803,6.4934420585632324,3.6999999582767487,3.341288834810257
175,35.945332050323486,35.842751145362854,-117.70349898934364,-118.29186081886292,2.1999996900558472,8.2333248853683472,3.0800000131130219,3.0699065923690796
613,35.879166007041931,33.977874288335443,-117.68949899077415,-117.84371657669544,1.4699998497962952,4.6731662750244141,3.5999999642372131,3.1061355471611023
2433,34.816999971866608,34.835786640644073,-116.32799994945526,-116.43378806114197,7.1000003814697266,5.8782809972763062,3,3.0238878428936005
1544,35.965999960899353,35.828737258911133,-117.32480001449585,-117.40933400392532,9.9999998509883881,0.63032627105712891,3.4999999701976776,3.0796575844287872
942,32.787166953086853,32.882515907287598,-118.43900001049042,-118.39686289429665,8.4199999272823334,6.7876768112182617,3.8999999910593033,3.1884486079216003
1739,32.512899994850159,32.625343799591064,-117.86710000038147,-117.88968984782696,1.8999999761581421,6.3605377078056335,3.3999999761581421,3.1267332136631012
246,35.942000985145569,35.684656262397766,-117.72316700220108,-118.2225855588913,2.4799999594688416,7.4119636416435242,3.0299999713897705,3.1040173172950745
1317,34.712000012397766,34.52372545003891,-116.28699994087219,-116.55385303497314,1.7000001668930054,3.6401769518852234,3.199999988079071,3.0851809680461884
1505,34.224999994039536,34.20078481733799,-119.51699995994568,-119.60369801521301,11.799999922513962,4.2024350166320801,3,3.0480978190898895
1355,34.254999995231628,34.120227992534637,-117.07300001382828,-117.03406435251236,3.6000001430511475,3.700544536113739,3.0999999940395355,3.0524775087833405
610,35.626000046730042,35.30014181137085,-117.57583600282669,-117.53994876146317,5.0499996542930603,5.6238225102424622,3.2999999821186066,3.2564107775688171
211,35.538334012031555,35.20145845413208,-117.38616901636124,-117.53719517588615,4.1999995708465576,5.3309673070907593,3.2899999916553497,3.0661917328834534
1894,33.184000015258789,32.696909189224243,-116.02470004558563,-116.21001768112183,9.9999998509883881,4.3381038308143616,3.3999999761581421,3.4499232172966003
998,32.893666982650757,32.806857585906982,-116.26833295822144,-117.28645902872086,10.049999803304672,3.9584219455718994,3,3.1590896844863892
1604,32.652999997138977,32.822147369384766,-118.25,-118.47182643413544,15,5.9039086103439331,3.2999999821186066,3.090653657913208
1844,34.773999989032745,34.708235025405884,-117.22399997711182,-117.47434037923813,4.8999997973442078,3.9463993906974792,3,3.1607356667518616
861,33.955667000263929,33.738013595342636,-116.82333302497864,-116.91510343551636,15.599999986588955,3.1366690993309021,3.199999988079071,3.0446000397205353
1208,35.825500011444092,35.290573120117188,-119.81180000305176,-119.91383445262909,17.39999994635582,6.2665566802024841,3.3999999761581421,3.093176543712616
2537,34.77700001001358,34.843974888324738,-116.30900001525879,-116.4277116060257,1.9999998807907104,5.3955942392349243,3,3.0262230634689331
178,35.911833047866821,35.814626693725586,-117.69783300161362,-117.98542190063745,3.8399997353553772,7.26258784532547,3,3.0801029205322266
111,35.533833026885986,35.483864903450012,-117.36699998378754,-117.23426973819733,8.9499999582767487,5.2592799067497253,3.5600000023841858,3.1149941682815552
1990,33.6216000020504,35.210517406463623,-119.99720001220703,-119.25417375564575,5.9999996423721313,8.3866117894649506,3.9999999850988388,3.2694482803344727
1980,32.587399959564209,32.696078538894653,-117.60760000348091,-116.95164000988007,4.5000001788139343,4.2375478148460388,3.4999999701976776,3.3037783205509186
461,35.854168057441711,35.756358742713928,-117.6798329949379,-117.5709984600544,8.5400001704692841,6.4255258440971375,3.199999988079071,3.3035674095153809
2539,34.560000002384186,34.249953135848045,-116.02600002288818,-116.24951243400574,2.9999998211860657,4.9585980176925659,3,3.0310267210006714
2318,35.952000021934509,35.926840782165527,-117.86300000548363,-117.47222185134888,3.8999998569488525,7.2898051142692566,3.7999999970197678,3.1838045418262482
1100,35.405666947364807,35.168616652488708,-117.80983300507069,-117.98913766723126,6.8800002336502075,5.3942030668258667,3.7999999970197678,3.064961850643158
1598,32.166900038719177,32.738672614097595,-116.65170001983643,-116.77040672302246,16.299999989569187,4.4809985160827637,3.8999999910593033,3.2170006334781647
1788,34.353100001811981,34.269185453653336,-117.65040001273155,-117.75537444651127,2.5000002980232239,4.6368250250816345,4.0999999791383743,3.446536123752594
617,35.899999976158142,35.822603106498718,-117.73766699433327,-117.79200710356236,1.8999999761581421,7.1424847841262817,5.0000000149011612,3.5060974359512329
596,35.699000954627991,35.508217096328735,-117.57399800419807,-117.53247424960136,2.0600000023841858,6.0555571317672729,3.8800000101327896,3.3423317670822144
605,35.890835046768188,35.818723559379578,-117.74400299787521,-117.76708436012268,4.479999840259552,7.5374606251716614,3.5999999642372131,3.978601410984993
1880,32.717000007629395,32.86453115940094,-116.04200005531311,-117.12198889255524,2.9999998211860657,4.1790765523910522,3.199999988079071,3.1142537891864777
554,35.687667965888977,35.661257386207581,-117.31700098514557,-117.4250528216362,-0.98000049591064453,6.559162437915802,3.1899999976158142,3.2897642254829407
873,33.225832998752594,33.160639464855194,-116.74733304977417,-116.95765745639801,10.230000168085098,3.4470632672309875,3.2600000202655792,3.0892658829689026
1018,35.567832946777344,35.247076988220215,-118.33116701245308,-118.37337917089462,2.7600002288818359,0.3192409873008728,3.0999999940395355,3.0725031495094299
1192,35.837700009346008,34.22675096988678,-119.81649994850159,-119.75389230251312,11.100000143051147,7.9600770771503448,3.0999999940395355,3.1670173108577728
834,35.678300023078918,34.437976568937302,-117.54879999160767,-117.82798540592194,5.1499995589256287,4.6144947409629822,3.5999999642372131,3.5975536108016968
508,35.702666997909546,35.754518032073975,-117.55783098936081,-116.97914278507233,3.710000216960907,5.8461427688598633,3.199999988079071,3.1623212993144989
188,35.975834012031555,35.860615491867065,-117.67216500639915,-118.1607882976532,2.0100000500679016,7.4913418292999268,3.0800000131130219,3.0674585402011871
1056,33.980333000421524,33.863975435495377,-116.71783304214478,-116.70692658424377,11.530000045895576,2.9787003993988037,3.3199999630451202,3.0978282988071442
1735,34.008899999782443,34.256691545248032,-117.25859999656677,-117.3744278550148,10.999999791383743,3.7643703818321228,3.5999999642372131,3.317653477191925
869,33.86599999666214,33.635814100503922,-117.72766700387001,-117.57563659548759,4.7499999403953552,3.7289053201675415,3.6100000441074371,3.0802820920944214
438,35.924998998641968,35.85834813117981,-117.70200398564339,-117.55317535996437,1.380000114440918,7.7747082710266113,3.199999988079071,3.0832326114177704
2342,33.678000003099442,33.186608493328094,-116.75999999046326,-116.76775431632996,16.400000005960464,3.4821385145187378,3.0999999940395355,3.0364449620246887
2456,35.601999998092651,35.696534395217896,-116.15699994564056,-116.63229203224182,5.9999996423721313,3.7861239910125732,3.0999999940395355,3.04972243309021
1047,34.007499999832362,33.923231221735477,-117.25216698646545,-117.08166724443436,14.110000021755695,3.1817337870597839,3.7400000095367432,3.2887457013130188
693,35.890166997909546,34.270206451416016,-117.7121669948101,-117.89835656434298,6.2900000810623169,4.827951192855835,3.8599999845027924,3.8235551565885544
259,35.674167990684509,35.678155422210693,-117.48449701070786,-117.59161391854286,2.10999995470047,6.9986298680305481,3.4999999701976776,3.1017122268676758
2230,34.266999989748001,33.932858556509018,-116.77400004863739,-116.7436888217926,2.9999998211860657,3.0118212103843689,3.3999999761581421,3.0445699989795685
463,35.672333002090454,35.842727541923523,-117.54266399145126,-117.55323413014412,4.0999996662139893,6.5867936611175537,3.0900000035762787,3.0984812378883362
1333,34.00800000037998,34.0841324031353,-117.12999999523163,-117.01420968770981,13.900000043213367,2.8669577836990356,3,3.041106641292572
1913,33.793999999761581,34.552756071090698,-119.39300000667572,-118.85561096668243,5.9999996423721313,7.2004017233848572,3.0999999940395355,3.036312997341156
1459,35.348999977111816,35.162492632865906,-118.56400001049042,-118.7861196398735,6.4000001549720764,0.59564173221588135,3,3.0478380918502808
1399,33.250800013542175,32.879399538040161,-116.08850002288818,-116.6912407875061,13.599999994039536,3.5956218838691711,3.4999999701976776,3.1567254066467285
233,35.665500044822693,35.792614459991455,-117.52383300662041,-118.00950999837369,9.2899999022483826,8.1495076417922974,4.1700000017881393,3.7639603167772293
2263,34.153999999165535,33.620517581701279,-116.43400001525879,-116.65514147281647,5.4000002145767212,3.3261117339134216,3,3.0169884860515594
2142,34.312000006437302,34.00229278113693,-116.85199999809265,-116.83282363414764,6.2000003457069397,4.4567370414733887,3.2999999821186066,3.0113043487071991
1195,32.41100001335144,32.681890845298767,-117.70500001311302,-119.10678100585938,16.799999959766865,7.9686149954795837,3.0999999940395355,3.1317573487758636
1025,33.037500023841858,32.995342016220093,-116.44666695594788,-116.74250078201294,5.7300004363059998,1.9031131267547607,3.1800000071525574,3.0978988409042358
51,35.978500008583069,35.84235417842865,-117.3299999833107,-117.48432695865631,2.8299996256828308,3.3063071966171265,3,3.0710824728012085
522,35.65283203125,35.567945003509521,-117.53666698932648,-117.81126382946968,7.9899998009204865,6.4732825756072998,3.4500000178813934,3.2764586806297302
464,35.728168964385986,35.569456338882446,-117.59866300225258,-117.55660146474838,7.6700001955032349,6.3096025586128235,3.199999988079071,3.3830288350582123
1537,33.251999974250793,32.718614220619202,-116.04900002479553,-116.65448665618896,5.4000002145767212,4.6786040067672729,3.0999999940395355,3.1128193438053131
965,33.114166975021362,32.718544244766235,-116.07383298873901,-116.69158565998077,11.530000045895576,3.4020870923995972,3.5899999737739563,3.2227394878864288
1041,33.970499999821186,34.033884115517139,-118.90866702795029,-118.75679892301559,14.80999999679625,5.9994953870773315,3.2899999916553497,3.0488084256649017
1561,33.044000029563904,33.070168673992157,-116.4099999666214,-117.04578453302383,14.700000006705523,3.2315334677696228,3.199999988079071,3.0913596153259277
1910,33.803000003099442,33.900224462151527,-119.39900004863739,-119.31467819213867,10.300000011920929,3.9449840784072876,3.0999999940395355,3.0228060185909271
1270,34.195299997925758,34.145665228366852,-117.0149000287056,-116.97657287120819,11.900000050663948,3.0023109912872314,3,3.0702232718467712
96,35.895166993141174,35.720769166946411,-117.6786670088768,-117.61584576964378,4.1200000047683716,6.0822916030883789,3,3.0299212038516998
2128,32.879999995231628,33.080215871334076,-117.58199998736382,-117.05461066961288,15.100000002421439,4.2583000659942627,3,3.0289671421051025
1993,35.089800000190735,34.524005532264709,-119.08650004863739,-119.16064381599426,10.799999982118607,7.5414155423641205,5.2000000029802322,3.9035343825817108
2330,35.953999996185303,35.918798804283142,-117.79399999976158,-117.93448050320148,3.7000000476837158,5.520445704460144,3.7999999970197678,3.6429970264434814
862,33.840167000889778,33.528198927640915,-117.09683299064636,-116.94613528251648,10.840000212192535,2.9123854637145996,3.0999999940395355,3.0671491920948029
1455,33.273000001907349,33.289219856262207,-116.62399995326996,-116.94645857810974,14.299999997019768,4.1515347361564636,3.5999999642372131,3.1151173710823059
2347,35.797999978065491,35.791569709777832,-118.04500000178814,-117.79307363927364,7.8000001609325409,0.95817625522613525,3.0999999940395355,3.0310332477092743
929,34.802833020687103,34.504567682743073,-116.27883303165436,-116.69015717506409,3.1400004029273987,2.8635156154632568,3.5999999642372131,3.1174559891223907
1034,34.038832999765873,33.985695308074355,-117.23866701126099,-117.21801227331161,17.639999985694885,3.6463764309883118,3.6100000441074371,3.1343448758125305
1385,33.694000005722046,33.659976899623871,-116.85769999027252,-116.83820652961731,7.5,2.5937631726264954,3.199999988079071,3.0910103917121887
1368,33.86599999666214,33.79043535888195,-119.30999994277954,-119.01771593093872,0.099999904632568359,7.2396960854530334,3.199999988079071,3.0815970897674561
1876,32.735999941825867,32.520020127296448,-116.04200005531311,-116.10308682918549,1.9999998807907104,2.330092191696167,3.6999999582767487,3.2981059849262238
1552,34.402999997138977,34.117938652634621,-119.307000041008,-119.05826318264008,13.200000040233135,5.2397489547729492,3,3.0309571623802185
2161,34.308400005102158,33.924618981778622,-116.84230005741119,-118.03382522240281,13.200000040233135,4.7371047735214233,3.6999999582767487,3.0482832491397858
727,35.725332975387573,35.776199698448181,-117.55349999666214,-117.28387951850891,0.87999969720840454,6.7675620317459106,4.9000000208616257,4.445420891046524
1726,33.892899997532368,33.807948678731918,-117.77750000357628,-118.00546750193462,10.100000202655792,4.9047642946243286,3.5999999642372131,3.2076535820960999
1709,34.059000000357628,34.029133524745703,-116.98010003566742,-117.00037449598312,6.4000001549720764,3.2042661309242249,3.9999999850988388,3.4255810976028442
1935,35.032999992370605,34.861416399478912,-116.95799994468689,-117.15524351596832,3.8999998569488525,4.2592844367027283,3.4999999701976776,3.1038026511669159
420,35.674499988555908,35.806002855300903,-117.48799902200699,-117.47323286533356,1.3099998235702515,5.1473128795623779,3.6500000059604645,3.2347615957260132
2071,35.054999947547913,35.114270091056824,-119.10699999332428,-119.0209356546402,14.299999997019768,6.5851897001266479,3.3999999761581421,3.0402866005897522
1382,33.244599997997284,33.052325665950775,-116.45980000495911,-116.74177706241608,4.3000003695487976,3.2716324925422668,3.5999999642372131,3.2394587695598602
1036,35.202999949455261,34.904449462890625,-117.28083300590515,-117.38678163290024,1.6199997067451477,4.2404329776763916,3.3899999856948853,3.1014422178268433
498,35.639000058174133,35.668717384338379,-117.4913330078125,-117.24686366319656,3.1400004029273987,4.5424085855484009,4.6000000052154064,4.2612760215997696
1228,34.047499999403954,34.079347155988216,-118.94630002975464,-119.05335092544556,17.39999994635582,2.1823713183403015,3.0999999940395355,3.0971726775169373
1123,32.235999941825867,32.933956623077393,-116.02999997138977,-117.51606336236,9.9999998509883881,4.8512488603591919,3.4999999701976776,3.1569024324417114
1639,33.934000000357628,34.029744546860456,-118.3459999859333,-118.37374502420425,14.899999997578561,4.513782262802124,3.0999999940395355,3.0361289083957672
1934,33.527999997138977,33.639841884374619,-116.68499994277954,-116.91195368766785,12.899999991059303,2.8892487287521362,3.2999999821186066,3.0703482627868652
1225,33.196699976921082,33.273945033550262,-116.08350002765656,-116.7914731502533,4.3000003695487976,3.4445160627365112,3.0999999940395355,3.109312891960144
210,35.945168018341064,35.859994649887085,-117.70050099492073,-118.19370412826538,2.8200003504753113,7.8994761407375336,3.6400000154972076,3.1231586337089539
650,35.657333016395569,35.41916823387146,-117.44999998807907,-117.83510622382164,2.1200001239776611,5.9960979223251343,3.8999999910593033,3.4429467916488647
1448,32.984300017356873,32.674837827682495,-116.27160000801086,-116.63495802879333,15,3.849560022354126,3.6999999582767487,3.1700035929679871
2372,33.69200000166893,33.397528886795044,-116.76499998569489,-116.76817202568054,18.099999949336052,3.42082679271698,3.0999999940395355,3.0241793096065521
532,35.731500029563904,34.482531011104584,-117.56733301281929,-117.4500076174736,8.2899999618530273,4.2431178689002991,3.0500000417232513,3.0733069181442261
1503,35.761700034141541,35.693012952804565,-116.91369998455048,-117.28139412403107,7.4000000953674316,6.3237529993057251,3.4999999701976776,3.0827160179615021
1619,32.707599997520447,32.948010444641113,-118.21549999713898,-118.07597720623016,12.299999892711639,5.3619271516799927,3.5999999642372131,3.2030797898769379
1508,33.508300006389618,33.663912206888199,-119.00929999351501,-118.75118207931519,8.5999998450279236,5.4795867204666138,3.8999999910593033,3.4741969406604767
1712,32.559000015258789,32.695512294769287,-118.70099997520447,-118.64882516860962,15,5.7879209518432617,3,3.0558847188949585
1268,33.017099976539612,32.818518877029419,-116.4407000541687,-116.74396443367004,11.799999922513962,4.8986944556236267,3.0999999940395355,3.0803939402103424
1948,35.039999961853027,34.605743288993835,-119.01800000667572,-118.86018592119217,10.999999791383743,5.0577083230018616,3.4999999701976776,3.1450544893741608
761,35.628666043281555,35.656807541847229,-117.5633319914341,-117.66028565168381,3.9499998092651367,2.5482138991355896,3.2999999821186066,3.0896671414375305
632,35.909167051315308,35.482091903686523,-117.68933299183846,-117.59700286388397,8.3899998664855957,6.1755761504173279,3.6300000250339508,3.9582947194576263
2486,34.041000001132488,33.773586273193359,-116.32200002670288,-116.44260370731354,5.6999999284744263,4.4162669777870178,3.5999999642372131,3.0727344453334808
2463,34.598999977111816,34.224106848239899,-116.22500002384186,-116.16510415077209,0,11.347475945949554,3.0999999940395355,3.0994764268398285
809,35.675832986831665,35.778519630432129,-117.48533302545547,-117.41451424360275,8.5300000011920929,5.3679165244102478,4.3399999961256981,4.0162921696901321
1330,34.783999979496002,34.449385464191437,-118.62900000810623,-118.64024645090103,4.7999998927116394,4.1405671834945679,3,3.0263379514217377
1260,33.973600000143051,34.02136935852468,-118.45570001006126,-118.40424385666847,16.600000038743019,4.8348301649093628,3,3.0481226742267609
298,35.607833981513977,35.316701292991638,-117.38749700784683,-117.74869525432587,2.330000102519989,6.7916876077651978,3,3.0649149119853973
2195,33.480000019073486,33.250821530818939,-116.51020002365112,-116.74504637718201,18.400000110268593,3.4975916147232056,3.7999999970197678,3.1142233908176422
521,35.740501046180725,35.735390186309814,-117.56516999006271,-117.2898736000061,2.0999997854232788,7.3571580648422241,3.199999988079071,3.4268919825553894
937,33.495832979679108,33.385165274143219,-116.80833303928375,-116.92279171943665,2.6199996471405029,2.8734272718429565,3.4500000178813934,3.1728862524032593
856,32.83916699886322,32.84832501411438,-118.4753330051899,-117.94393686577678,7.5600001215934753,6.1545288562774658,3.4999999701976776,3.0976096093654633
1896,33.25,33.056910276412964,-116.12300002574921,-116.59755349159241,8.8000001013278961,3.9195209741592407,3,3.1055845320224762
1888,33.249000012874603,32.951475620269775,-116.12800002098083,-116.57787203788757,3.099999725818634,2.4375566840171814,3,3.0980475246906281
1285,35.760900020599365,35.350337266921997,-117.59409999847412,-117.74613872170448,12.199999988079071,3.3619523048400879,3,3.049516350030899
237,35.871497988700867,35.875105142593384,-117.68416601419449,-118.11645213514566,2.7399998903274536,8.6044116318225861,3.5600000023841858,3.1848931610584259
109,35.99733304977417,35.80906081199646,-117.40883302688599,-117.21390026807785,-0.39999961853027344,6.8384116888046265,3.4999999701976776,3.0628722310066223
1777,32.654700040817261,32.628387212753296,-116.16509997844696,-117.57626935839653,9.9999998509883881,7.9762548208236694,3.8999999910593033,3.1390306949615479
1486,34.030999999493361,34.023643644526601,-118.93699997663498,-118.90928417444229,2.9999998211860657,5.0555679202079773,3.2999999821186066,3.0417898893356323
387,35.447167038917542,35.226460456848145,-117.32700002193451,-117.43723839521408,3.9999997615814209,5.2124565839767456,3.5400000214576721,3.0796899497509003
252,35.901669025421143,35.802445769309998,-117.71816998720169,-118.08109376579523,2.2999995946884155,4.2962533235549927,3.0999999940395355,3.0427597761154175
1404,34.002000000094995,34.081243067979813,-116.33700001239777,-116.73057699203491,4.8999997973442078,3.1340092420578003,3,3.0840393304824829
1578,34.019999999552965,33.916442364454269,-117.18099999427795,-116.99224257469177,7.8000001609325409,2.8957566618919373,3,3.0355140566825867
1925,34.239999994635582,34.157269358634949,-117.45200002193451,-117.44851833581924,13.200000040233135,3.9823740720748901,3,3.051110565662384
620,35.832831978797913,35.67401123046875,-117.66816699504852,-117.46563482284546,1.5400001406669617,6.5364772081375122,3.4799999892711639,3.3713654279708862
1651,33.25,33.108799397945404,-116.43400001525879,-116.59704256057739,3.7999999523162842,3.6103883385658264,3,3.0777099430561066
695,35.659667015075684,34.434108346700668,-117.48533302545547,-117.98028547503054,5.2000004053115845,4.7119688987731934,3.7999999970197678,3.6805679798126221
2170,33.745000004768372,32.911182045936584,-116.02100002765656,-116.27570259571075,10.999999791383743,8.2825818657875061,3.199999988079071,3.0390797853469849
670,35.613667011260986,34.692359328269958,-117.43300002813339,-117.76300272345543,9.8000000417232513,4.4177877902984619,3.8400000035762787,4.0403943210840225
1620,35.401999950408936,35.183689475059509,-117.43300002813339,-117.54965755343437,0.60000032186508179,1.0016155242919922,3.3999999761581421,3.1281576454639435
678,35.613999962806702,34.371464103460312,-117.4453330039978,-118.03106701746583,5.899999737739563,4.7819039225578308,3.3899999856948853,3.6077249050140381
2052,34.294999986886978,34.064036078751087,-116.87699997425079,-117.05826652050018,5.6000000238418579,3.402400016784668,3.0999999940395355,3.0746668875217438
367,35.628833055496216,35.716435670852661,-117.45883297920227,-117.59567853808403,2.6799997687339783,6.6105329990386963,3.0299999713897705,3.0593903660774231
2002,34.801999986171722,34.497453212738037,-116.25800001621246,-116.61091017723083,7.3000001907348633,3.1208932399749756,3.3999999761581421,3.1474668681621552
1828,34.204600006341934,34.228280171751976,-118.57639998197556,-118.4368896484375,17.899999916553497,2.8626447916030884,3,3.0914389193058014
618,35.707499980926514,35.740124225616455,-117.51116698980331,-117.56229409575462,2.2499996423721313,5.8612561225891113,3.2999999821186066,3.4633103907108307
528,35.670501947402954,34.52642410993576,-117.49299597740173,-117.69833466410637,1.3499996066093445,4.2308127880096436,3.5999999642372131,3.0826350152492523
907,32.734833002090454,32.964653968811035,-118.30083298683167,-118.34269863367081,10.449999868869781,6.4345917105674744,3,3.045579582452774
1011,33.582500010728836,33.357331156730652,-116.63766694068909,-116.86439347267151,14.259999990463257,2.6865774393081665,3.199999988079071,3.0476010739803314
1927,35.126999974250793,34.861328959465027,-117.55700001120567,-117.70799976587296,0,4.4532537460327148,3.6999999582767487,3.303547203540802
2225,35.654000043869019,35.757574677467346,-118.02800000086427,-118.1346058100462,7.5999999046325684,2.3770764470100403,3,3.1083172559738159
2528,34.583999991416931,34.597081005573273,-116.26199996471405,-116.34245777130127,0.60000032186508179,5.238056480884552,3,3.0295913815498352
1744,35.884500026702881,35.737499952316284,-116.97909998893738,-117.02618199586868,9.9999998509883881,1.1028608679771423,3.3999999761581421,3.1494545638561249
1187,33.919100001454353,34.07643473893404,-118.76340001821518,-118.47399109601974,14.899999997578561,4.7725510597229004,3.2999999821186066,3.0890182256698608
1421,32.907699942588806,33.04884535074234,-116.40139997005463,-116.76211333274841,23.100000321865082,3.849061131477356,3.0999999940395355,3.1194780170917511
100,35.619500041007996,35.338935613632202,-117.45033299922943,-117.45732754468918,3.0899995565414429,5.785825252532959,3.3400000333786011,3.0604463517665863
999,34.969833016395569,34.721939980983734,-117.42716699838638,-117.40262717008591,1.8399998545646667,4.2412018775939941,3.4300000369548798,3.1546507179737091
261,35.956001043319702,35.779962182044983,-117.67783400416374,-117.66620451211929,0.76000034809112549,6.3022023439407349,3.6999999582767487,3.1629921197891235
748,35.692664980888367,35.768885254859924,-117.4909970164299,-117.69472897052765,7.0400002598762512,6.228058934211731,3.0900000035762787,3.0360446870326996
1811,34.246900007128716,34.141862571239471,-118.65759998559952,-118.62065374851227,8.099999874830246,5.6261613965034485,4.5,3.9663303941488266
2012,33.869000002741814,33.892920762300491,-118.73299998044968,-118.47723135352135,0,4.9764928221702576,3.5999999642372131,3.1525551974773407
179,35.672000050544739,35.731996774673462,-117.41250002384186,-117.56582534313202,8.5400001704692841,6.6122263669967651,3.7999999970197678,3.2452070116996765
1748,35.480000019073486,35.235715389251709,-118.43000000715256,-118.41096717119217,9.5999997854232788,0.29749274253845215,3.2999999821186066,3.0627479553222656
782,35.669167041778564,35.522023320198059,-117.51883700489998,-117.80206942558289,2.0399996638298035,7.1723976731300354,3.4199999570846558,3.1545401215553284
1304,33.685999989509583,33.564476907253265,-119.12999999523163,-119.25990962982178,10.700000077486038,4.6860766410827637,3.0999999940395355,3.089025467634201
2013,34.150000005960464,33.97702026180923,-116.98199999332428,-116.96234083175659,11.499999985098839,2.9367372393608093,3.6999999582767487,3.2120778858661652
1185,33.664600014686584,33.773108676075935,-118.27169999480247,-118.28214141726494,10.700000077486038,4.5766246318817139,3.2999999821186066,3.0327914357185364
2291,34.043999999761581,33.894872076809406,-117.25,-117.08882719278336,15.700000002980232,3.4005787968635559,3,3.0150857269763947
291,35.545833945274353,35.361713290214539,-117.37850201129913,-117.26068609952927,2.0200002193450928,5.7285654544830322,3.3999999761581421,3.1030581593513489
141,35.651999950408936,35.631278514862061,-117.49183297157288,-117.4580996632576,8.7200000882148743,6.2312114238739014,3.4699999988079071,3.0644138753414154
1098,34.691999971866608,34.194298192858696,-116.23683297634125,-116.79029488563538,2.369999885559082,4.49989914894104,3.6500000059604645,3.3398066461086273
1055,35.989667057991028,35.789235830307007,-117.9213330000639,-117.78180322051048,4.2500004172325134,7.0961031317710876,3.0800000131130219,3.0615871846675873
1513,33.970799999311566,33.92815338820219,-116.4186999797821,-116.72483956813812,10.899999886751175,3.0921971797943115,4.0999999791383743,3.3396752178668976
1370,33.38239997625351,32.945411801338196,-116.26699995994568,-116.69959139823914,12.499999925494194,3.7329483032226562,3.3999999761581421,3.1028530597686768
930,34.941999971866608,34.57401031255722,-116.65866696834564,-116.68449115753174,8.1799998879432678,3.1768110394477844,3.0999999940395355,3.0361857712268829
1879,33.175999999046326,32.91538143157959,-116.04299998283386,-116.40533423423767,12.899999991059303,4.2334029078483582,3.5999999642372131,3.2477007508277893
1177,35.898599982261658,35.823586702346802,-117.98849999997765,-117.96794876456261,12.800000086426735,6.72567218542099,3.199999988079071,3.1240738928318024
840,35.621500015258789,34.396861433982849,-117.57820001244545,-118.06065828725696,9.700000137090683,4.8862981796264648,3.4999999701976776,3.7441962361335754
354,35.791668057441711,35.806565046310425,-117.59349799156189,-117.59543937444687,6.9800001382827759,6.0865920782089233,3.5999999642372131,3.2610406279563904
1244,33.919699996709824,33.656845778226852,-116.35199999809265,-116.71296179294586,14.19999998062849,2.7281829714775085,3,3.0517013669013977
1808,35.258000016212463,34.714142858982086,-118.58700001239777,-118.85695660114288,5.6999999284744263,0.9654611349105835,3,3.0315705835819244
247,35.945667028427124,35.85135805606842,-117.68266299366951,-118.14819470047951,3.4099996089935303,7.7487114071846008,3.0299999713897705,3.0882564783096313
2059,33.940999999642372,33.820731088519096,-116.9889999628067,-117.09328460693359,8.9999999105930328,3.4766033291816711,3.3999999761581421,3.1101070046424866
986,34.086667001247406,34.075617492198944,-118.47566699981689,-118.41310852766037,10.479999929666519,4.912678599357605,3.6100000441074371,3.1433970630168915
1706,33.671000003814697,33.545781821012497,-116.71399998664856,-116.97525334358215,16.500000022351742,2.9636478424072266,3,3.0565909445285797
1078,34.364167004823685,34.256168216466904,-118.6446670293808,-118.5477482676506,10.769999921321869,4.3528282642364502,3.0800000131130219,3.0388089716434479
2164,34.270500004291534,34.008516111411154,-116.90629994869232,-116.98861336708069,1.1999997496604919,4.4345355033874512,5.2000000029802322,4.411483621224761
2458,35.743000030517578,35.776590347290039,-117.61199998855591,-117.42608118057251,2.7000001072883606,2.920098602771759,3.0999999940395355,3.0160141289234161
29,35.605167031288147,35.552769660949707,-117.40750002861023,-117.30755352973938,9.0900000929832458,6.2343621253967285,3.9200000166893005,3.6975703239440918
786,35.708832025527954,35.736067652702332,-117.47716498374939,-117.38953727483749,0.19999980926513672,1.8081521987915039,3.3999999761581421,3.1399678587913513
544,35.883499026298523,34.271804362535477,-117.72183200716972,-118.0569669380784,4.6700003743171692,6.461125910282135,3.199999988079071,3.1521577835083008
1125,34.080399997532368,33.928400106728077,-117.44800001382828,-117.42025059461594,11.40000008046627,3.8251930475234985,3.8999999910593033,3.5240482985973358
1738,34.021999999880791,34.163961231708527,-117.14300000667572,-117.15675568580627,5.899999737739563,3.4159576892852783,3.199999988079071,3.0628359317779541
582,35.662166953086853,35.62229585647583,-117.42533302307129,-117.58156099915504,3.5100004076957703,6.4938774704933167,3.2999999821186066,3.1441095471382141
1223,35.430899977684021,35.449419260025024,-118.4995000064373,-118.75394767522812,2.0999997854232788,0.42556464672088623,4.0999999791383743,3.5970469415187836
1872,33.276099979877472,32.939971804618835,-116.05920004844666,-116.35263216495514,7.2000002861022949,2.350165843963623,3.8999999910593033,3.3439235687255859
507,35.804165005683899,35.82412576675415,-117.62816599011421,-117.91750228404999,1.9299995899200439,7.4498051404953003,3.0999999940395355,3.2863411903381348
509,35.601832985877991,35.235379219055176,-117.39550000429153,-117.06653702259064,7.3899999260902405,6.0677576065063477,3.0800000131130219,3.1808533072471619
480,35.799998998641968,35.768991947174072,-117.63150000572205,-117.71017661690712,3.2099997997283936,8.4045562148094177,3.5999999642372131,3.1317863166332245
1364,34.089000001549721,34.204139694571495,-116.39199995994568,-116.48244798183441,10.799999982118607,2.830694317817688,3.0999999940395355,3.070708304643631
581,35.708500027656555,35.410420060157776,-117.36816400289536,-117.27922129631042,1.3099998235702515,5.541611909866333,3.3999999761581421,3.1031962931156158
707,35.910666942596436,34.336348056793213,-117.73166701197624,-117.98394555039704,8.1599999964237213,4.8310428857803345,4.0899999886751175,3.8556357175111771
332,35.759498953819275,35.246706962585449,-117.57250198721886,-117.59387028217316,6.2500002980232239,5.38646399974823,3.1199999749660492,3.0753791034221649
1920,34.24099999666214,33.95774319767952,-119.80999994277954,-119.38915944099426,7.9000000655651093,10.81665113568306,3.199999988079071,3.0736800134181976
1829,34.021999999880791,33.539466500282288,-119.29200005531311,-119.08731555938721,0.099999904632568359,8.7212589383125305,3,3.0719237923622131
486,35.666668057441711,35.407504796981812,-117.30200201272964,-118.22041895985603,-0.8199995756149292,5.8872565627098083,3,3.0618075728416443
1427,34.519999980926514,34.237218528985977,-118.79900002479553,-118.74749451875687,16.600000038743019,2.9015645384788513,3,3.0913265347480774
1860,32.77400004863739,32.616722822189331,-116.10899996757507,-117.07447481155396,6.9999995827674866,3.605462908744812,3,3.1442634165287018
2355,34.196999996900558,33.945884685963392,-117.44300001859665,-117.73853608965874,10.100000202655792,4.6602031588554382,3.7999999970197678,3.2559354901313782
353,35.597668051719666,35.587900519371033,-117.40466302633286,-117.52663132548332,6.0900002717971802,6.5918505191802979,3.199999988079071,3.1011350154876709
2106,33.316999971866608,32.802498936653137,-116.36000001430511,-116.58812189102173,14.599999990314245,4.47459876537323,3.0999999940395355,3.0398874878883362
208,35.868332028388977,35.81414783000946,-117.70616900920868,-118.18863499164581,3.9100000262260437,7.555900365114212,3.0500000417232513,3.0444507300853729
1293,32.893599987030029,32.769223213195801,-116.21370005607605,-116.3980131149292,13.200000040233135,2.5440242886543274,3.0999999940395355,3.1351254880428314
414,35.816334009170532,35.634356498718262,-117.6336669921875,-117.76850467920303,6.3799998164176941,6.2586289644241333,3.0299999713897705,3.0975629389286041
1386,33.509499996900558,33.553577452898026,-117.73359999060631,-117.85895557701588,1.600000262260437,4.680216908454895,3.2999999821186066,3.3132515251636505
1379,34.947899997234344,34.906204521656036,-116.71560001373291,-116.8074095249176,13.700000010430813,3.3123940229415894,3.199999988079071,3.0874423384666443
2166,34.89300000667572,34.524328649044037,-119.36199998855591,-119.44804060459137,11.900000050663948,3.1463724374771118,3.3999999761581421,3.0218164622783661
530,35.6875,35.642780542373657,-117.48199999332428,-117.69277694821358,8.410000205039978,6.4377039670944214,3.3999999761581421,3.1828068494796753
1251,35.01639997959137,34.483030050992966,-119.10749995708466,-119.04637312889099,16.299999989569187,3.8168495893478394,3.5999999642372131,3.1432426571846008
1083,33.676499992609024,33.865925654768944,-118.05350000038743,-117.81524653732777,15,4.6224993467330933,3.1899999976158142,3.0658062100410461
2001,33.305999994277954,33.346015095710754,-116.85199999809265,-116.92590165138245,13.200000040233135,3.0230444669723511,3.6999999582767487,3.1387713253498077
1761,35.48199999332428,35.217758417129517,-119.33700001239777,-119.12483477592468,30.099999904632568,1.4648965001106262,3,3.0379123985767365
1681,35.976999998092651,35.740907549858093,-117.30900001525879,-117.12367361783981,1.1999997496604919,6.968953013420105,3.2999999821186066,3.0846213698387146
445,35.924834966659546,33.863591820001602,-117.70266699790955,-117.63428896665573,1.1200001835823059,4.585992693901062,3.4999999701976776,3.0840469300746918
199,35.750831961631775,35.775513648986816,-117.56833699345589,-117.67760771512985,4.4699996709823608,6.4265727996826172,3.199999988079071,3.0483007729053497
229,35.6163330078125,35.796833753585815,-117.43833202123642,-117.65067338943481,7.6499998569488525,6.5037828683853149,3.2600000202655792,3.0823339819908142
1582,34.007000000216067,34.011195542290807,-117.19099998474121,-117.11369788646698,8.099999874830246,3.2128885388374329,3.2999999821186066,3.0696370303630829
527,35.686000943183899,35.66473400592804,-117.48149901628494,-117.59799522161484,6.8300002813339233,6.2704002857208252,3.1800000071525574,3.1757119596004486
1029,33.47316700220108,33.293738067150116,-116.4650000333786,-116.96401584148407,7.5300000607967377,3.1007230281829834,3,3.0833835303783417
1564,33.15200001001358,33.982572281733155,-116.4559999704361,-118.07047739624977,9.700000137090683,4.7725313901901245,3.4999999701976776,3.1050453186035156
1557,32.723000049591064,32.419961452484131,-116.04799997806549,-116.39788222312927,3.1999996304512024,3.3819437026977539,3.0999999940395355,3.1273407340049744
2123,33.699200004339218,33.648367583751678,-116.06700003147125,-116.32141935825348,8.1999997794628143,2.6345586776733398,3.8999999910593033,3.3424311876296997
315,35.868332028388977,35.604737281799316,-117.69883000850677,-118.50381714105606,3.1999996304512024,7.135186493396759,3.2999999821186066,3.0863421857357025
1391,33.840000003576279,33.992341853678226,-116.15880000591278,-116.4286093711853,0.70000022649765015,3.1660795211791992,3.4999999701976776,3.1058649122714996
2189,34.382999986410141,34.047601528465748,-116.4650000333786,-116.63974761962891,3.099999725818634,4.3545252084732056,3.3999999761581421,3.0210951268672943
973,33.150166988372803,32.684996366500854,-116.47950005531311,-116.71726274490356,11.379999965429306,4.4651287794113159,3.5699999928474426,3.2270395159721375
69,35.516332983970642,35.348883628845215,-117.41466701030731,-117.34111964702606,8.1700001657009125,5.3260239958763123,3.0999999940395355,3.0406661331653595
1299,33.005999982357025,32.789415121078491,-116.98500001430511,-117.1848458647728,9.9999998509883881,4.0336167812347412,3.4999999701976776,3.1464895606040955
1114,33.791999995708466,33.530454158782959,-116.10333299636841,-116.42089939117432,6.6200003027915955,2.9987883567810059,3.0099999904632568,3.0567449927330017
1303,34.00899999961257,34.023195866495371,-117.17199999094009,-117.0135840177536,4.400000274181366,3.1232070922851562,3,3.0478008985519409
1964,34.847000002861023,34.172437384724617,-116.31299996376038,-116.78510940074921,2.4000003933906555,4.6829447150230408,3.4999999701976776,3.1848302185535431
902,35.391332983970642,35.387371420860291,-118.54433298110962,-118.88178116083145,4.6399998664855957,1.4303040504455566,3.0999999940395355,3.0333945751190186
435,35.896499991416931,35.904690265655518,-117.73416900634766,-117.55390527844429,1.7600002884864807,6.7097792029380798,4.0999999791383743,3.5105707347393036
1080,34.674499988555908,34.580802917480469,-117.48049998283386,-117.62027499079704,7.3299998044967651,4.0271633863449097,3.199999988079071,3.0711812674999237
1014,34.227166995406151,33.938130129128695,-116.74300003051758,-116.88059496879578,0.5699998140335083,2.7263358235359192,3.5799999833106995,3.0996319055557251
231,35.671332955360413,35.872223377227783,-117.45649999380112,-118.16217111051083,5.0800001621246338,9.1291214525699615,3.1399999558925629,3.3176629543304443
482,35.874168038368225,35.776291131973267,-117.72366300225258,-118.14634960889816,6.6899996995925903,4.412391185760498,3.0999999940395355,3.2254224121570587
2156,34.312999993562698,33.926946252584457,-116.85099995136261,-116.93796336650848,5.7999998331069946,4.379432201385498,3.199999988079071,3.0105426013469696
2223,35.715000033378601,35.482372999191284,-118.06800000369549,-118.04254231601954,3.1999996304512024,2.7780747413635254,3.3999999761581421,3.0227065086364746
741,35.749832987785339,34.570956528186798,-117.56949999928474,-118.06703954935074,4.2800000309944153,4.8785108327865601,3,3.417663037776947
407,35.845832943916321,35.669381380081177,-117.66366600990295,-117.45325392484665,8.1499998271465302,5.6433373689651489,3.199999988079071,3.0761325359344482
2258,34.086000002920628,33.687608540058136,-116.67499995231628,-116.75898885726929,9.3000000715255737,4.3312820792198181,3.6999999582767487,3.0692402422428131
1102,33.958500001579523,33.587588846683502,-116.88833296298981,-116.98038816452026,16.669999994337559,3.3008337020874023,4.3900000043213367,3.8439655601978302
621,35.872666954994202,35.729830503463745,-117.67466700077057,-117.00586098432541,8.6700001358985901,5.7744312286376953,3.2600000202655792,3.3521697521209717
443,35.8211669921875,35.876049757003784,-117.63049998879433,-117.6359449326992,11.239999830722809,7.3711135983467102,3.1899999976158142,3.1413856744766235
2159,34.312000006437302,33.921822942793369,-116.85000002384186,-117.06722635030746,4.7999998927116394,4.1555991768836975,3.199999988079071,3.3006963729858398
2360,33.355000019073486,33.006456732749939,-116.21700000762939,-116.51910591125488,9.2000001668930054,5.2276039123535156,3.4999999701976776,3.055663526058197
279,35.743831992149353,35.387761950492859,-117.56466698646545,-117.87715084850788,7.0400002598762512,8.0355566740036011,3.0399999618530273,3.0633410811424255
2442,34.039000000804663,33.865350335836411,-116.9559999704361,-116.88550364971161,14.799999995157123,3.2991716265678406,3.199999988079071,3.0174507200717926
440,35.646332025527954,35.784126400947571,-117.46516400575638,-117.54532822966576,-0.19999980926513672,6.9050118327140808,3.679999977350235,3.3892935812473297
2021,35.032999992370605,34.677160680294037,-116.91199994087219,-116.92771553993225,4.7999998927116394,4.166780412197113,3.6999999582767487,3.3395660519599915
479,35.615501046180725,35.585807323455811,-117.58466300368309,-117.45553267002106,9.9100001156330109,5.8981561660766602,3.4999999701976776,3.3653917014598846
1204,35.398100018501282,35.365657091140747,-118.51630002260208,-118.75441473722458,11.900000050663948,0.58283329010009766,3.8999999910593033,3.1094760596752167
322,35.91700005531311,35.780957341194153,-117.70933499932289,-118.44293174147606,1.419999897480011,8.4327667951583862,3.2199999690055847,3.0884384214878082
2174,35.148900032043457,35.182828545570374,-118.76639997959137,-118.49630439281464,5.6000000238418579,6.0497671365737915,4.3999999947845936,3.3326430916786194
1556,32.662999987602234,32.431147813796997,-116.00999999046326,-116.71278762817383,13.200000040233135,5.2630028128623962,3.199999988079071,3.1410665810108185
478,35.898000001907349,35.854730010032654,-117.72716701030731,-117.70315587520599,3.9499998092651367,8.1802390515804291,4.9000000208616257,4.0748502463102341
651,35.680500030517578,35.690366864204407,-117.47033298015594,-117.74583148956299,6.849999725818634,6.3238406181335449,4.260000005364418,3.5189805328845978
836,35.726667046546936,34.507299900054932,-117.52883300185204,-118.1081506088376,1.9700002670288086,5.043455958366394,3.2999999821186066,3.7958181649446487
1362,35.53600001335144,35.294812917709351,-118.4040000140667,-118.45039612054825,1.2999996542930603,4.7450226545333862,3.0999999940395355,3.056487500667572
408,35.901669025421143,35.806909918785095,-117.73583200573921,-117.80669619143009,2.3400002717971802,6.6443100571632385,3.4600000083446503,3.2402653992176056
2297,32.488999962806702,32.145734786987305,-116.29799997806549,-116.50171339511871,9.8999999463558197,6.6421365737915039,3.3999999761581421,3.0607107281684875
2366,33.314999997615814,33.323737144470215,-116.41499996185303,-116.28430867195129,13.999999947845936,3.5840284824371338,3.0999999940395355,3.0417575240135193
2033,32.287999987602234,32.709160685539246,-116.64100003242493,-116.56654322147369,14.700000006705523,4.3439090251922607,3.0999999940395355,3.1445641815662384
1803,32.71780002117157,32.790355086326599,-117.40700000524521,-116.95577478408813,9.9999998509883881,3.5534343123435974,3.8999999910593033,3.3219735324382782
829,35.690834045410156,35.714393854141235,-117.53916901350021,-117.75090645253658,0.1600000262260437,6.6138768196105957,3.3999999761581421,3.2152939438819885
1071,33.449333012104034,34.55590432882309,-116.45050001144409,-117.87924576550722,11.909999996423721,4.5787864923477173,3.199999988079071,3.8635885119438171
1338,34.368000000715256,34.37696647644043,-117.17900002002716,-117.05934423208237,7.5999999046325684,3.0678373575210571,3.3999999761581421,3.1191533803939819
2386,34.671999990940094,34.562935471534729,-116.26699995994568,-116.50737810134888,5.6000000238418579,4.9946871399879456,3,3.027760773897171
2320,35.950000047683716,35.881471514701843,-117.87000000476837,-117.62044328451157,1.9999998807907104,6.8255710601806641,3.199999988079071,3.0608316957950592
149,35.785333037376404,35.756003618240356,-117.62533301115036,-117.42131489515305,6.1500003933906555,6.5470254421234131,3.8099999874830246,3.1460997462272644
1231,33.890799999237061,33.660033106803894,-117.95800000056624,-117.99266003025696,14.299999997019768,4.0843713283538818,3.3999999761581421,3.0379319787025452
802,35.708667039871216,35.796785235404968,-117.5541670024395,-117.74671459197998,1.1599999666213989,0.556507408618927,4.2100000083446503,4.2930911555886269
978,33.931332997977734,34.148689359426498,-118.30199998617172,-118.19041988253593,11.940000057220459,4.3998125195503235,3.0999999940395355,3.0365010201931
1089,34.694666981697083,34.543329119682312,-116.23683297634125,-116.58276796340942,2.4599996209144592,4.144742488861084,3.4799999892711639,3.0820272266864777
495,35.922669053077698,35.868552446365356,-117.71150198578835,-118.08232369273901,1.8399998545646667,8.9101056754589081,3.1199999749660492,3.2628257274627686
450,35.61083197593689,35.357062339782715,-117.38116502761841,-117.52188920974731,-0.83000063896179199,5.9316694736480713,3.7999999970197678,3.3142048716545105
657,35.897166967391968,33.967571090906858,-117.73050001263618,-118.18998070061207,9.8399998247623444,4.9994006752967834,3.2899999916553497,3.4761060476303101
1422,34.720000028610229,34.524939060211182,-116.02799999713898,-116.21601188182831,7.5999999046325684,3.3980146050453186,3.3999999761581421,3.1315074563026428
637,35.578333020210266,35.276369571685791,-117.37416702508926,-117.59497129917145,6.3500002026557922,5.626971423625946,3.9999999850988388,3.4484895765781403
163,35.621166944503784,35.608374238014221,-117.43449997901917,-117.56507441401482,7.720000147819519,6.1089402437210083,3.2999999821186066,3.0516757965087891
402,35.686000943183899,35.727266669273376,-117.5456700026989,-117.83101765811443,2.9300004243850708,6.9471314549446106,3.2999999821186066,3.2297936081886292
2162,34.272300004959106,33.93348778039217,-116.87039995193481,-117.72016504406929,4.400000274181366,4.785345196723938,4.2999999895691872,3.2769055366516113
1830,33.365000009536743,33.127255022525787,-116.38699996471405,-116.80752408504486,9.3999999761581421,2.9663407802581787,3,3.1189162731170654
1766,34.3091000020504,34.108783185482025,-116.8507000207901,-116.94092583656311,12.999999895691872,3.1657674908638,3.6999999582767487,3.1412056982517242
2037,32.713000059127808,32.632986068725586,-116.04499995708466,-116.9677916765213,3.5000002384185791,5.9079748392105103,3.2999999821186066,3.102181613445282
879,34.707499980926514,34.827463269233704,-116.2861670255661,-116.34004735946655,2.1999996900558472,5.6967294216156006,3.4600000083446503,3.1927182376384735
866,33.314999997615814,32.93591833114624,-116.41983294487,-116.76890099048615,8.2099999487400055,4.048885703086853,3.3099999725818634,3.1202318072319031
2153,34.268599987030029,34.056795075535774,-116.84710001945496,-116.91637432575226,4.1999995708465576,5.3988128900527954,4.0999999791383743,3.4266620278358459
1641,34.428799986839294,34.168215736746788,-119.16279995441437,-118.82093465328217,8.3000001311302185,5.2652657032012939,4.0999999791383743,3.6073655784130096
49,33.891332998871803,34.023548230528831,-118.21850000321865,-118.13382412493229,23.630000352859497,4.6304798126220703,3.5400000214576721,3.0634117126464844
67,35.702999949455261,35.611642837524414,-117.58866700530052,-117.37810486555099,7.1000003814697266,6.0876086354255676,3.4699999988079071,3.1152526438236237
1512,33.373000025749207,32.87425708770752,-116.41299998760223,-116.38883030414581,9.8000000417232513,3.7459668517112732,3.3999999761581421,3.0917007923126221
1414,32.907400012016296,33.480361938476562,-116.31270003318787,-118.73428702354431,17.199999913573265,5.6645035743713379,3,3.0738885104656219
881,32.799000024795532,33.190891623497009,-118.33666700124741,-118.31192857027054,8.7099999189376831,5.8338600397109985,3,3.0602177381515503
48,33.892667002975941,33.475182592868805,-116.630499958992,-116.83363676071167,14.930000002495944,2.6994475722312927,3.0399999618530273,3.0334390103816986
765,35.773499011993408,35.071358919143677,-117.61499801278114,-118.05669870600104,0.22000014781951904,8.3584772050380707,3.2099999785423279,3.5427959561347961
841,35.742166996002197,34.360508143901825,-117.55316698551178,-118.06434463709593,4.1499996185302734,4.8614394664764404,4.0999999791383743,3.7436157166957855
839,35.684200048446655,34.384289175271988,-117.49949997663498,-118.04566360637546,10.200000107288361,4.8473533987998962,3.6999999582767487,3.7363869845867157
1061,35.611667037010193,35.697793126106262,-116.29866695404053,-116.65521037578583,3.099999725818634,0.58351814746856689,3,3.0818819403648376
124,35.626167058944702,35.592855215072632,-117.42816698551178,-117.12462341785431,5.1499995589256287,4.5746290683746338,4.0999999791383743,3.9006599485874176
647,35.902500033378601,34.745032966136932,-117.68999999761581,-117.96851591393352,0.50000041723251343,5.1240080595016479,4.1999999955296516,3.847290426492691
1961,32.588000059127808,32.526814937591553,-118.10999999940395,-117.93214594572783,18.000000044703484,7.9199624061584473,3.5999999642372131,3.2494982779026031
1186,34.333299994468689,34.047133360058069,-116.82910001277924,-116.93532848358154,7.9000000655651093,2.8376090526580811,3.6999999582767487,3.1751630902290344
1090,34.609833002090454,34.366602301597595,-116.62883305549622,-116.8044753074646,6.6999998688697815,4.3048650026321411,4.3100000023841858,4.0394738763570786
2434,32.27400004863739,32.105215549468994,-117.733000010252,-116.37508225440979,5.9999996423721313,9.094901829957962,3,3.0342380404472351
25,32.94350004196167,33.004553079605103,-117.54899999499321,-117.27720868587494,15.109999997075647,4.1210398077964783,3.199999988079071,3.0813694596290588
2428,33.964999999850988,34.13247250020504,-118.4370000064373,-118.38401234149933,9.0999998152256012,3.6274659633636475,3.2999999821186066,3.025067925453186
572,35.669998049736023,35.035203576087952,-117.51633501052856,-117.16994076967239,1.6899999976158142,4.391101598739624,3.0600000321865082,3.1117488741874695
821,35.672333002090454,35.296038150787354,-117.56099998950958,-117.63462281227112,6.9099998474121094,6.6294363141059875,3.3999999761581421,3.2178893387317657
1987,33.79899999499321,33.848883405327797,-118.62999999523163,-118.55762022733688,4.3000003695487976,5.9319412708282471,3.2999999821186066,3.073695570230484
1627,34.141000002622604,34.347340226173401,-117.4879999756813,-117.66867220401764,3.8999998569488525,4.2291086912155151,3.2999999821186066,3.1164872646331787
2194,34.735499978065491,34.639892160892487,-116.29180002212524,-116.40838885307312,4.6000000834465027,7.8079430758953094,3.9999999850988388,3.8593941181898117
1550,35.955899953842163,35.884006142616272,-117.30930000543594,-117.09861820936203,6.6999998688697815,7.0602062344551086,3.6999999582767487,3.1416367292404175
518,35.903998970985413,35.335119724273682,-117.75316600501537,-117.78862860798836,5.2400001883506775,6.616666316986084,3.2400000393390656,3.0778744518756866
2448,34.856000006198883,34.697496712207794,-116.4539999961853,-116.5034282207489,4.8999997973442078,5.9390124678611755,3.7999999970197678,3.0967734754085541
1178,33.79389999806881,33.890173219144344,-116.96249997615814,-116.84122848510742,18.000000044703484,2.6827758550643921,3,3.0658763945102692
361,35.820332050323486,35.836102724075317,-117.65866899490356,-117.90896584093571,5.8399996161460876,6.6724419593811035,3.5999999642372131,3.1891356110572815
1615,34.112999998033047,33.930457919836044,-116.91400003433228,-116.94856142997742,9.8000000417232513,3.1791079044342041,3.199999988079071,3.0863204598426819
1825,32.690099954605103,32.749691128730774,-116.03090000152588,-116.65920400619507,11.799999922513962,3.3554238080978394,3.2999999821186066,3.1683661043643951
1199,33.491199970245361,33.420404314994812,-116.50890004634857,-116.68221867084503,18.099999949336052,2.6094138622283936,3,3.0597724914550781
1891,35.519999980926514,34.809620916843414,-116.42599999904633,-116.81935906410217,5.9999996423721313,4.0401828289031982,3.3999999761581421,3.1777052879333496
1689,35.978000044822693,35.719038009643555,-117.31300002336502,-117.35569363832474,1.9999998807907104,6.4155846834182739,3.0999999940395355,3.076038122177124
2482,34.89300000667572,34.577169299125671,-116.37199997901917,-116.51620888710022,5.0999996066093445,5.7900086045265198,3.0999999940395355,3.0219614803791046
1984,34.802999973297119,34.627555727958679,-116.27799999713898,-116.47816491127014,6.4000001549720764,5.8437538146972656,3.199999988079071,3.2093825340270996
1614,33.263899981975555,33.169463336467743,-116.01979994773865,-116.35971617698669,8.8000001013278961,3.4172102808952332,3.5999999642372131,3.1230272948741913
1105,34.190999999642372,34.178898364305496,-117.41316699981689,-117.75266319513321,6.9800001382827759,4.6946221590042114,4.3999999947845936,3.6339905261993408
2218,34.103000000119209,33.620203107595444,-116.65100002288818,-116.72414076328278,9.9999998509883881,5.5837851762771606,3.2999999821186066,3.0399849414825439
941,32.798333048820496,32.619350552558899,-118.44549998641014,-118.33763951063156,7.7400000393390656,6.6802346706390381,3.3899999856948853,3.1219509243965149
2114,32.669000029563904,32.79659104347229,-118.18099999427795,-117.74123707413673,5.9999996423721313,6.0943794250488281,3.199999988079071,3.0291285216808319
729,35.724833965301514,35.722421765327454,-117.55516800284386,-117.6338632106781,2.10999995470047,6.6067877411842346,3.4999999701976776,3.1270825266838074
1991,34.893999993801117,34.295567899942398,-119.08700001239777,-119.09596395492554,11.299999952316284,6.5197134017944336,3.5999999642372131,3.127769261598587
240,35.642501950263977,35.664438366889954,-117.48316997289658,-117.65082964301109,3.2199999690055847,6.1096519231796265,3.2400000393390656,3.0659455955028534
1545,32.784999966621399,32.559113025665283,-116.12699997425079,-116.5950847864151,8.8000001013278961,3.6394008994102478,3,3.1124747693538666
2116,32.668799996376038,32.205980658531189,-116.14859998226166,-116.0587352514267,12.60000005364418,5.7345610857009888,3.5999999642372131,3.1311885416507721
70,33.648999989032745,33.581122249364853,-117.33350002765656,-117.13078606128693,5.7300004363059998,3.0837687849998474,3.199999988079071,3.0410671234130859
2019,34.390100002288818,34.132305771112442,-116.76440000534058,-116.97463130950928,3.099999725818634,2.8783947229385376,4.0999999791383743,3.5772795975208282
2079,33.972999999299645,33.991244550794363,-117.81499999761581,-117.63331866264343,16.299999989569187,4.064934253692627,3.199999988079071,3.085148423910141
1666,35.980000019073486,35.91837739944458,-117.30000001192093,-117.43157970905304,5.9999996423721313,0.10580778121948242,3.3999999761581421,3.1290374994277954
73,35.915333032608032,35.708003401756287,-117.25733298063278,-116.90031969547272,4.4600003957748413,5.7702291011810303,3,3.0606106817722321
1200,34.271600008010864,34.158166274428368,-117.0281999707222,-117.04497593641281,17.100000008940697,2.7758735418319702,3.0999999940395355,3.0288585126399994
350,35.747334003448486,35.747740030288696,-117.59100300073624,-117.8230704665184,6.5100002288818359,7.0477849245071411,3.8999999910593033,3.3639773726463318
2322,35.998000025749207,35.831613779067993,-117.87100000679493,-117.55467844009399,5.3000003099441528,8.0304358899593353,3.2999999821186066,3.0328163802623749
767,35.691002011299133,35.866093754768372,-117.50966599583626,-117.39098900556564,3.6799997091293335,3.2804784178733826,4.1999999955296516,3.6041727662086487
1710,33.954999998211861,34.550537645816803,-118.38499999046326,-118.25736790895462,13.399999961256981,0.12613534927368164,3,3.066724956035614
2158,34.295399993658066,34.177703589200974,-116.87199997901917,-116.87522172927856,5.6000000238418579,4.7577989101409912,4.5,3.2120434641838074
1898,34.043000001460314,34.186028942465782,-117.02799999713898,-117.18125522136688,12.199999988079071,3.6523479223251343,3.199999988079071,3.0946823358535767
1551,35.50600004196167,35.25005316734314,-118.28200000524521,-118.43825590610504,5.5000001192092896,3.5435003042221069,3,3.0413585901260376
76,35.904500007629395,35.871540307998657,-117.70483300089836,-117.59685200452805,4.9499997496604919,7.2369092702865601,4.3200000040233135,3.9585277587175369
432,35.787997961044312,35.366029262542725,-117.62783101201057,-117.86115162074566,7.3899999260902405,5.9803014993667603,3.2999999821186066,3.0968922972679138
1048,35.897667050361633,35.775168538093567,-117.68399998545647,-117.8048073798418,2.409999668598175,0.72955727577209473,3.0399999618530273,3.0927696526050568
1994,34.875,34.854779481887817,-119.22500002384186,-119.10589814186096,13.499999977648258,5.5729383230209351,3.0999999940395355,3.0604950785636902
157,35.895166993141174,35.864807605743408,-117.71900001168251,-118.12372019886971,8.1700001657009125,7.866993248462677,3.3099999725818634,3.1076518893241882
2030,35.088000059127808,34.523063719272614,-117.516999989748,-117.34301578998566,5.6000000238418579,3.8055118918418884,3.6999999582767487,3.2596955895423889
790,35.699167013168335,35.739149212837219,-117.51249998807907,-117.48454666137695,5.7499998807907104,3.7560617923736572,4.1999999955296516,3.6478228569030762
2078,35.633999943733215,35.620996475219727,-117.58000001311302,-117.59808379411697,1.5000003576278687,5.9001186490058899,3.199999988079071,3.1221438646316528
135,35.76783299446106,35.757514953613281,-117.58883300423622,-117.28906482458115,5.0200000405311584,6.6726583242416382,3.3099999725818634,3.0559943318367004
2125,32.333999991416931,32.201095581054688,-117.86200000345707,-117.15465497970581,5.9999996423721313,10.169065743684769,3.199999988079071,3.0274199545383453
1413,33.970000000670552,33.993806918617338,-117.22600001096725,-116.96766936779022,11.999999955296516,2.8920087218284607,3.0999999940395355,3.0467098653316498
564,35.927834033966064,35.337841749191284,-117.70300298929214,-118.17731848359108,2.1399995684623718,7.7186375856399536,3,3.1906075179576874
2017,33.854000002145767,33.895895838737488,-117.77699999511242,-117.59860235452652,9.3000000715255737,4.0018665790557861,3,3.0631928443908691
2187,33.780000001192093,32.863938331604004,-116.12000000476837,-116.40585458278656,2.7000001072883606,8.6284688115119934,3.0999999940395355,3.0237878859043121
2272,32.111999988555908,32.776433229446411,-117.33499997854233,-116.93511486053467,12.999999895691872,5.5705457925796509,3.0999999940395355,3.0630467534065247
2025,34.453999996185303,34.372968107461929,-119.11699998378754,-118.96776211261749,26.900000274181366,6.9058066606521606,3.2999999821186066,3.097161591053009
567,35.867499947547913,35.637287259101868,-117.72416698932648,-117.68872839212418,9.6599999070167542,5.8671534061431885,3.4999999701976776,3.2145728766918182
1447,34.510999977588654,34.180813804268837,-119.0789999961853,-118.93069970607758,2.9999998211860657,3.7003925442695618,3.3999999761581421,3.0909106135368347
1103,34.187999993562698,34.168708249926567,-117.41000002622604,-117.62554651498795,7.3000001907348633,4.358476996421814,3.0199999809265137,3.0404186546802521
123,35.889333009719849,35.819490194320679,-117.71416699886322,-117.53932219743729,8.2500001788139343,7.7610933780670166,3.6999999582767487,3.1145769953727722
1097,34.691332995891571,34.272469192743301,-116.23666703701019,-116.8908383846283,1.3900002837181091,4.7426444292068481,3.1600000262260437,3.1297484636306763
601,35.709998965263367,34.514228761196136,-117.55066698789597,-117.28268927335739,2.6100003719329834,4.2371964454650879,3.199999988079071,3.1856281757354736
406,35.693164944648743,35.647256970405579,-117.5540010035038,-117.62069451808929,8.2899999618530273,6.2380126118659973,3.3999999761581421,3.0701462030410767
742,35.746665954589844,34.386128425598145,-117.59332999587059,-117.96183938533068,6.4899998903274536,4.7542101144790649,3.4400000274181366,3.7446129620075226
2517,34.783999979496002,34.496045559644699,-116.24500000476837,-116.41127181053162,5.0999996066093445,5.0170934200286865,3.0999999940395355,3.0262837707996368
719,35.56850004196167,34.621489524841309,-117.5164999961853,-117.8585699647665,10.819999873638153,4.5507574081420898,4.5,3.8191321492195129
497,35.039832949638367,34.189457461237907,-118.08500000089407,-119.416579246521,8.9800000190734863,6.5042746067047119,3.5300000309944153,3.1273494064807892
1064,34.072333000600338,33.820998221635818,-116.37849998474121,-116.81910145282745,2.4300000071525574,2.7190616726875305,3.5300000309944153,3.1591840088367462
342,35.616665005683899,35.707876563072205,-117.4384999871254,-117.40516459941864,2.980000376701355,6.5248337388038635,3.3999999761581421,3.3028864860534668
1789,33.71000000834465,33.862792760133743,-116.83899998664856,-116.81177711486816,17.199999913573265,2.7122953534126282,3.0999999940395355,3.0783006548881531
299,35.665001034736633,35.559327006340027,-117.50333398580551,-117.71957066655159,7.2900000214576721,6.3496524095535278,3.1099999845027924,3.0816045999526978
2504,34.813000023365021,34.729255855083466,-116.41499996185303,-116.54875004291534,5.6000000238418579,4.1192275285720825,3,3.0300234854221344
649,35.901999950408936,34.426519632339478,-117.74366700649261,-117.78163835406303,8.4600001573562622,4.4666066765785217,3.5699999928474426,3.2284829914569855
1601,35.754999995231628,35.126419425010681,-119.00699996948242,-118.92627382278442,19.000000208616257,9.7293546795845032,3,3.0473662912845612
679,35.978999972343445,34.320298373699188,-117.7576670050621,-117.96416647732258,6.5200003981590271,4.7859799861907959,3.6699999868869781,3.6174759864807129
1211,34.300799995660782,34.166777700185776,-117.4961000084877,-117.71821868419647,15.400000009685755,4.4899490475654602,3.4999999701976776,3.1787754893302917
220,35.711333990097046,35.454507827758789,-117.36966699361801,-118.01715660281479,6.4000001549720764,6.0283005237579346,3.5300000309944153,3.2249443531036377
2499,33.99599999981001,34.222890287637711,-118.76300001144409,-118.75788468122482,13.999999947845936,1.8782982230186462,3.3999999761581421,3.0433701574802399
1922,33.216000020503998,32.815428495407104,-116.09200000762939,-116.59140956401825,6.9999995827674866,2.7750277519226074,3,3.1700508892536163
1054,34.41949999332428,34.307688236236572,-116.54949998855591,-116.86784601211548,8.060000091791153,2.5272086262702942,3.4300000369548798,3.1072810292243958
84,35.715000033378601,35.598727583885193,-117.57383298873901,-117.36778843402863,4.8700001835823059,6.0648733377456665,3.4199999570846558,3.053474485874176
1394,34.006000000052154,34.124670438468456,-118.8309999704361,-118.92513912916183,12.199999988079071,1.2951475381851196,3,3.056534618139267
266,35.897166967391968,35.697352528572083,-117.68699699640274,-118.10019347816706,1.8999999761581421,8.8576273620128632,3.0099999904632568,3.0918960571289062
565,35.921833038330078,35.493466854095459,-117.71450001001358,-118.52293038368225,2.4199998378753662,8.4095451235771179,3.3999999761581421,3.1265305280685425
290,35.892166972160339,35.256606936454773,-117.6001670062542,-117.34744650125504,24.530000388622284,5.4197394847869873,3.3199999630451202,3.1204569339752197
1730,34.115000002086163,34.154081583023071,-116.90499997138977,-116.96535766124725,5.6000000238418579,3.1492790579795837,3,3.0511479377746582
643,35.903499960899353,34.558654248714447,-117.70016700029373,-117.95898542925715,8.2599999010562897,4.8270758986473083,4.9000000208616257,3.6677629351615906
416,35.617668032646179,35.624862194061279,-117.47883599996567,-117.53819099068642,7.3600003123283386,6.4108067750930786,3.5999999642372131,3.5154113173484802
472,35.868831992149353,35.696587800979614,-117.70500200986862,-117.84406445920467,4.3199998140335083,10.402460396289825,3.2400000393390656,3.0787540376186371
1454,34.223800003528595,34.25648033618927,-117.02490001916885,-116.92177724838257,8.4000000357627869,3.0217042565345764,3.199999988079071,3.1519910395145416
2084,34.168999999761581,33.942200843244791,-117.23900002241135,-117.33821088075638,6.9999995827674866,4.0504950284957886,3.0999999940395355,3.1770118474960327
2459,34.712999999523163,34.523527562618256,-116.36500000953674,-116.44174361228943,2.7000001072883606,5.1378375291824341,3,3.0291150212287903
857,34.047499999403954,33.909829154610634,-117.50549998879433,-117.53209957480431,4.620000422000885,4.0513461828231812,3.199999988079071,3.0316611528396606
845,35.707000017166138,35.874911069869995,-117.50583299994469,-117.34110671281815,10.280000120401382,6.0428157448768616,3.9800000041723251,3.7376043498516083
2533,34.456999987363815,34.2598916888237,-116.16600000858307,-116.27047538757324,1.1999997496604919,5.6593948602676392,3.2999999821186066,3.0403673350811005
1161,34.029500000178814,34.170840859413147,-116.97819995880127,-116.87030375003815,19.799999892711639,2.5101891160011292,3,3.0775136947631836
278,35.668835043907166,35.679414987564087,-117.50216698646545,-117.3311939239502,0.8899998664855957,4.3336781859397888,3.4999999701976776,3.1100533604621887
2171,32.044000029563904,32.058119535446167,-117.57699999213219,-116.1732337474823,8.9999999105930328,8.9531685411930084,3.0999999940395355,3.0477466285228729
932,33.640832990407944,33.325362324714661,-116.73083305358887,-116.784224152565,13.499999977648258,2.4864935874938965,3,3.0371213257312775
1446,32.036999940872192,32.313650369644165,-116.68110001087189,-116.41482663154602,4.9999997019767761,5.3698790073394775,3.0999999940395355,3.0869024991989136
18,35.696666955947876,35.510711669921875,-117.61166700720787,-117.5192876458168,8.1700001657009125,5.8553320169448853,4.0999999791383743,3.4873352944850922
1271,34.709699988365173,34.698713183403015,-116.27180004119873,-116.50368809700012,10.999999791383743,2.5644323229789734,3.199999988079071,3.0975439846515656
1487,33.144699990749359,32.65456748008728,-116.45910000801086,-116.78986644744873,14.700000006705523,4.4789975881576538,3.8999999910593033,3.3531661033630371
680,35.652166962623596,34.356672197580338,-117.46683299541473,-118.01159416977316,1.9700002670288086,4.785885214805603,4.0899999886751175,3.6235558390617371
1429,33.632999986410141,33.677945733070374,-117.85490000247955,-118.0026195445098,10.799999982118607,4.8940014839172363,3.4999999701976776,3.1530700027942657
1117,34.061167001724243,34.080013759434223,-118.76333302259445,-118.58715558052063,9.4999998807907104,5.4171019792556763,3.3899999856948853,3.0596848726272583
1609,33.398000001907349,33.313315093517303,-116.63230001926422,-116.98524582386017,7.8000001609325409,3.0420577526092529,3.5999999642372131,3.1689827442169189
2140,34.314000010490417,34.002955792238936,-116.85099995136261,-116.79353833198547,5.2000004053115845,3.1744730472564697,3,3.0079396963119507
1732,32.669399976730347,32.608132243156433,-116.01189994812012,-116.53991091251373,13.499999977648258,3.5239943861961365,3.199999988079071,3.1817235052585602
219,35.945999026298523,35.817748188972473,-117.37983697652817,-117.62151849269867,0.13999968767166138,6.941869854927063,3.5200000405311584,3.228897750377655
1970,35.180999994277954,34.783347427845001,-118.625,-118.63564831018448,6.8999996781349182,0.24287223815917969,3.0999999940395355,3.1135664284229279
2150,34.319999992847443,34.063407801091671,-116.85099995136261,-116.84712040424347,3.4000003337860107,3.8387739658355713,3.0999999940395355,3.0180466175079346
303,35.828498959541321,35.784087181091309,-117.67133298516273,-117.64132544398308,3.9999997615814209,1.3637405633926392,4.0999999791383743,3.4663951992988586
2340,34.569000005722046,34.345874339342117,-116.23099994659424,-116.39458096027374,6.9999995827674866,5.123017430305481,3.0999999940395355,3.0244448482990265
662,35.758000016212463,34.523703098297119,-117.56133300065994,-117.89262621104717,7.5699998438358307,4.599144458770752,3.2999999821186066,3.4310359954833984
1708,35.059900045394897,34.852950811386108,-119.14400005340576,-119.01843023300171,16.799999959766865,4.3592029809951782,3.0999999940395355,3.0456376969814301
801,35.709998965263367,35.359398484230042,-117.55616798996925,-117.73870906233788,0.099999904632568359,7.0877113938331604,3.2099999785423279,3.1636126935482025
344,35.753334045410156,35.813973426818848,-117.57199901342392,-117.34740626811981,4.1599997878074646,6.2682652473449707,3,3.0529986619949341
1221,34.141499996185303,34.110747955739498,-117.45450001955032,-117.60157212615013,7.5999999046325684,3.9031791687011719,3,3.0221284031867981
2387,33.805000007152557,33.420426666736603,-116.15900003910065,-116.39692616462708,13.900000043213367,5.5195426940917969,3.3999999761581421,3.3117369711399078
1854,32.715399980545044,32.683827042579651,-116.03439998626709,-117.33263182640076,12.60000005364418,4.7515726089477539,3.0999999940395355,3.1398789882659912
1357,35.936900019645691,35.734988212585449,-117.65320000052452,-117.67286193370819,1.600000262260437,6.6375446319580078,3.4999999701976776,3.0982353687286377
2203,34.708999991416931,34.67945396900177,-116.29799997806549,-116.42068898677826,2.9999998211860657,5.9986487030982971,3.3999999761581421,3.0419075489044189
2343,33.997999999905005,33.800345122814178,-116.56099998950958,-116.77623009681702,11.900000050663948,2.7721667289733887,3.0999999940395355,3.0361061096191406
1087,35.542333006858826,35.36825692653656,-119.37283301353455,-119.68273448944092,22.14000016450882,6.8835586309432983,4.8700000047683716,4.1989498436450958
808,34.180167004466057,35.345216155052185,-116.73516702651978,-117.86216257512569,-0.040000677108764648,0.00059545040130615234,3.2700000107288361,3.614157110452652
1135,33.877499997615814,33.833519101142883,-116.1574000120163,-116.30282711982727,10.899999886751175,3.2403060793876648,3.4999999701976776,3.3590321838855743
192,35.691501975059509,35.705929756164551,-117.53516399860382,-117.76442863047123,6.3299998641014099,6.2303093075752258,3.2700000107288361,3.0848831534385681
174,35.868499994277954,35.813537836074829,-117.70566600561142,-117.75712583959103,6.6899996995925903,6.5623855590820312,3,3.0407842397689819
810,35.718999981880188,35.655052542686462,-117.55866700410843,-117.742292791605,2.0600000023841858,6.9624227285385132,3.0999999940395355,3.0464866161346436
2323,35.945000052452087,35.7100909948349,-117.89899999648333,-117.38390880823135,0.39999961853027344,5.7997307181358337,4.6000000052154064,4.3883371129631996
1815,34.855000019073486,34.841154217720032,-119.66989994049072,-119.4386340379715,8.9000000059604645,6.9491726160049438,3.6999999582767487,3.1946138441562653
1962,33.627000004053116,33.732488662004471,-118.53799998760223,-118.47785288095474,2.2999995946884155,2.5043034553527832,3,3.0345736742019653
1281,33.328299999237061,33.098233640193939,-116.39310002326965,-116.74948501586914,14.19999998062849,3.5204091668128967,3.7999999970197678,3.2831053733825684
128,35.698500037193298,35.557497501373291,-117.54316699504852,-117.43781036138535,10.059999972581863,6.1857712268829346,3,3.0855655074119568
340,35.780166983604431,35.721952795982361,-117.6419979929924,-118.03210689872503,8.2400000095367432,6.7703568935394287,3.3999999761581421,3.1290502846240997
2356,35.965999960899353,35.934141635894775,-117.87100000679493,-117.62226042151451,4.7999998927116394,6.203288733959198,3.0999999940395355,3.1769556105136871
1985,35,34.744296550750732,-119.13460004329681,-119.10238170623779,9.9999998509883881,6.6805815696716309,3.6999999582767487,3.3906315565109253
2055,33.761000007390976,33.688979864120483,-118.97500002384186,-118.5024533867836,5.9999996423721313,5.0909882783889771,3.199999988079071,3.1597752571105957
307,35.947834014892578,35.781322479248047,-117.69183400273323,-118.20915216207504,1.419999897480011,8.0526137351989746,3.7900000065565109,3.4102676510810852
383,35.651501059532166,35.782485842704773,-117.46450001001358,-117.58963349461555,3.9499998092651367,6.9512665271759033,3.8999999910593033,3.427035391330719
1521,32.883900046348572,32.416146636009216,-116.21949994564056,-116.86146330833435,14.599999990314245,5.8371645212173462,3.4999999701976776,3.1550887227058411
2348,35.794000029563904,35.477122068405151,-118.0489999987185,-117.9170543178916,9.0999998152256012,0.90904980897903442,3.0999999940395355,3.0310803651809692
789,35.699501037597656,35.594010710716248,-117.48383301496506,-118.00172689883038,1.0299995541572571,9.0761192142963409,3.0600000321865082,3.052219033241272
177,35.671664953231812,35.688191175460815,-117.52583301067352,-117.68623715639114,6.3799998164176941,6.348690390586853,3.199999988079071,3.0608997344970703
426,35.602664947509766,35.765144824981689,-117.39450097084045,-117.35236418247223,7.0800000429153442,6.6629236936569214,3.199999988079071,3.1502862274646759
2210,33.404999971389771,33.264181613922119,-116.7059999704361,-116.84290933609009,16.000000052154064,3.6420741677284241,3.6999999582767487,3.1594813764095306
1905,34.580999970436096,35.429802536964417,-116.2610000371933,-116.16353821754456,2.800000011920929,4.3819248676300049,3.0999999940395355,3.1428987979888916
781,35.632168054580688,35.278433799743652,-117.60716998577118,-117.69673857092857,8.9999999105930328,5.4504463076591492,3.2999999821186066,3.0949114859104156
1352,35.843999981880188,35.437712669372559,-117.77799999713898,-117.95643620565534,9.3999999761581421,0.84062397480010986,3.2999999821186066,3.0523391962051392
184,35.765498995780945,35.78387451171875,-117.58249700069427,-117.69422394037247,6.3299998641014099,6.8305277824401855,3.0299999713897705,3.0548836290836334
1058,34.53566700220108,34.437642127275467,-119.96449995040894,-119.66902041435242,4.6299996972084045,9.8330238461494446,3.0500000417232513,3.0484955906867981
2048,35.965999960899353,35.866970777511597,-117.98200000077486,-118.07302156090736,4.6000000834465027,0.97537636756896973,3.0999999940395355,3.1352702379226685
1690,35.970000028610229,35.786431670188904,-117.31999999284744,-117.29947704076767,3.099999725818634,6.3037115335464478,3.0999999940395355,3.0674912631511688
700,35.902832984924316,34.307504296302795,-117.71149998903275,-117.94683834537864,3.1800001859664917,4.8153430223464966,4.5100000002421439,3.7621273845434189
1587,33.788800001144409,33.969000378623605,-117.28890001773834,-117.09891909360886,11.999999955296516,3.4888744354248047,3.6999999582767487,3.4044801592826843
1501,35.84309995174408,35.778157830238342,-117.66260001063347,-117.85999055206776,3.6000001430511475,0.048573911190032959,3.8999999910593033,3.2234656512737274
2028,35.345700025558472,34.789338052272797,-118.64300000667572,-118.97511094808578,3.5000002384185791,9.005369246006012,5.0000000149011612,4.1256277039647102
489,35.550999999046326,35.77086615562439,-117.38599997758865,-117.45428097248077,4.699999988079071,6.9222557544708252,3.9599999785423279,3.4824976623058319
756,35.707332968711853,35.718355059623718,-117.47533398866653,-117.81520839035511,6.1099997162818909,6.3886177539825439,3.199999988079071,3.0693582594394684
2094,33.902999997138977,33.526645541191101,-116.89999997615814,-117.00691962242126,13.999999947845936,3.2325536012649536,3.2999999821186066,3.0343016088008881
2287,33.376999974250793,33.333742082118988,-116.4190000295639,-116.70570194721222,11.200000047683716,2.892765998840332,3.0999999940395355,3.0537818670272827
859,32.837666988372803,33.14674299955368,-118.50316697359085,-118.4816929101944,8.4000000357627869,6.6627368330955505,4.2999999895691872,3.4734442234039307
2451,33.953000001609325,33.785350695252419,-117,-116.89492607116699,17.700000107288361,3.0719143152236938,3,3.0229863524436951
2288,33.232999980449677,33.128003299236298,-116.37800002098083,-116.55039620399475,9.5999997854232788,4.5867526531219482,3.4999999701976776,3.1835348904132843
1963,33.695800006389618,33.864899277687073,-119.69270002841949,-119.52622139453888,5.9999996423721313,9.2110683023929596,4.1999999955296516,3.4144480526447296
118,35.934999942779541,35.605807781219482,-117.6956669986248,-118.00349223264493,2.7000001072883606,5.9452047944068909,3.4999999701976776,3.1661953926086426
2023,34.34400001168251,34.065846897661686,-116.91700005531311,-117.05657482147217,5.0999996066093445,3.2521408796310425,3.7999999970197678,3.2733374834060669
281,35.679000973701477,35.823065996170044,-117.51216900348663,-117.52532088756561,1.9100001454353333,6.1585718393325806,3.8300000131130219,3.3638103604316711
2216,34.552999973297119,34.603761494159698,-116.47000002861023,-116.42275106906891,2.9999998211860657,5.1670181751251221,3.6999999582767487,3.1409513354301453
746,35.647999048233032,35.65563440322876,-117.5453340113163,-117.61631637811661,3.7600001692771912,6.529640257358551,3.4999999701976776,3.1738788485527039
2103,33.186999976634979,33.003659963607788,-116.17200005054474,-116.46560275554657,3.9999997615814209,3.8735300302505493,3,3.0602366924285889
1165,33.958999998867512,34.042493712157011,-116.63170003890991,-116.51316738128662,19.200000017881393,3.9443662762641907,3.5999999642372131,3.0760924816131592
1851,32.983999967575073,32.885399103164673,-116.307000041008,-116.76947355270386,4.8999997973442078,4.8455366492271423,3.0999999940395355,3.1491439640522003
2308,35.980999946594238,35.884235978126526,-117.86900000274181,-117.49837619066238,2.9999998211860657,7.9501636326313019,3.199999988079071,3.1036092638969421
366,35.634335041046143,35.537403583526611,-117.45133197307587,-117.79261517524719,3.099999725818634,5.8132070302963257,3.0999999940395355,3.0377476215362549
1395,33.304000020027161,33.315394639968872,-116.87899994850159,-117.01248008012772,15.100000002421439,2.90559321641922,3.2999999821186066,3.0808509886264801
555,35.885501980781555,35.667885780334473,-117.71050301194191,-117.71588960289955,2.839999794960022,6.1969265341758728,3.6999999582767487,3.131505936384201
1674,35.97599995136261,35.865109205245972,-117.32400000095367,-117.44252836704254,1.8999999761581421,5.2828556299209595,3.3999999761581421,3.0659559667110443
1839,34.131999999284744,33.816519066691399,-117.47500002384186,-117.63836234807968,5.6999999284744263,4.1172122955322266,3,3.0153956115245819
838,35.725833058357239,34.371342837810516,-117.57183301448822,-118.03075892291963,6.8200001120567322,4.787941575050354,3.9999999850988388,3.6359265446662903
1322,33.513000011444092,33.344603002071381,-116.47500002384186,-116.8938250541687,11.799999922513962,2.948462963104248,3.2999999821186066,3.1433320641517639
203,35.638332962989807,35.630872130393982,-117.58533298969269,-117.41222161054611,9.9499998986721039,4.8020821809768677,4.9000000208616257,4.5366984810680151
1741,34,33.861565455794334,-116.85699999332428,-116.61563014984131,14.299999997019768,2.5300920009613037,3,3.0521416962146759
120,35.964499950408936,35.888988375663757,-117.68933299183846,-117.4799736738205,4.4900000095367432,8.0448773503303528,3.2500000298023224,3.0480069816112518
283,35.558997988700867,34.992637932300568,-117.39399701356888,-117.40924549102783,2.0600000023841858,5.7847112417221069,3,3.0973705351352692
575,35.890498995780945,35.286478281021118,-117.72966799139977,-117.78713503479958,2.4799999594688416,6.0284310579299927,3,3.1011140942573547
2487,32.105000019073486,33.138568103313446,-117.12000000476837,-116.82918322086334,5.3000003099441528,12.34442800283432,3.2999999821186066,3.1899832785129547
1569,32.037899971008301,32.1611008644104,-117.53650000691414,-117.92777510732412,6.3000002503395081,9.5312047004699707,3.4999999701976776,3.1413726210594177
275,35.671501040458679,35.58597469329834,-117.49483501911163,-117.40874499082565,1.7299997806549072,6.4348196983337402,3,3.0492270290851593
1711,34.848999977111816,34.462568461894989,-116.682000041008,-116.67547535896301,7.9999999701976776,3.7814792990684509,3.0999999940395355,3.034406304359436
2131,33.268999993801117,33.288112938404083,-117.89500000327826,-117.8300189524889,9.9999998509883881,4.8760208487510681,3.0999999940395355,3.0561478435993195
360,35.682999014854431,35.691887855529785,-117.52417001128197,-117.85531023144722,8.4300000965595245,6.2815046310424805,3,3.0304710566997528
1659,35.417500019073486,35.751440405845642,-117.75890000164509,-117.86486959457397,10.499999821186066,0.046190321445465088,3.7999999970197678,3.6552679538726807
812,35.601333022117615,35.724499702453613,-117.59700000286102,-117.49414312839508,2.8100001811981201,6.0898733139038086,4.5899999979883432,3.9854678213596344
2064,32.080000042915344,32.315966725349426,-116.40199995040894,-116.13694357872009,10.799999982118607,4.0928936004638672,3,3.1505731344223022
629,35.825500965118408,35.723701000213623,-117.67150101065636,-117.59632042050362,6.4199995994567871,6.5422797203063965,3.5400000214576721,3.202644020318985
1592,33.895599998533726,33.819014087319374,-117.06169998645782,-116.95032477378845,3.4000003337860107,3.0166617035865784,3.4999999701976776,3.610647976398468
1764,34.136000007390976,34.252095013856888,-117.466000020504,-117.58108887076378,4.6000000834465027,4.1399681568145752,3.3999999761581421,3.0529215931892395
286,35.624668002128601,35.64375901222229,-117.43599700927734,-117.18815666437149,7.1400001645088196,4.0452682971954346,3.5999999642372131,3.1152348518371582
903,35.48816704750061,35.372847557067871,-118.30300000309944,-118.47026589512825,1.9399997591972351,3.0704712867736816,3.0199999809265137,3.0420833230018616
1094,35.464333057403564,34.85485315322876,-119.97333300113678,-119.83535194396973,7.6400001347064972,6.5725511312484741,3.5400000214576721,3.21428382396698
944,33.976999999955297,33.959193617105484,-117.21549999713898,-117.10630667209625,14.179999977350235,3.1132024526596069,3.199999988079071,3.0664441287517548
423,35.607334017753601,34.187886774539948,-117.44983702898026,-117.7782731205225,10.129999816417694,4.4836485385894775,3.0999999940395355,3.1081109046936035
1865,32.715999960899353,32.687500357627869,-116.0440000295639,-116.77791631221771,2.7000001072883606,3.4278962016105652,3.0999999940395355,3.18304842710495
1694,33.848000004887581,34.12699581682682,-117.7039999961853,-117.85342337191105,10.100000202655792,4.4955047965049744,3.0999999940395355,3.0554708540439606
1637,33.376999974250793,33.151888489723206,-116.40299999713898,-116.47076785564423,13.399999961256981,2.9382714629173279,3.199999988079071,3.0713485479354858
890,33.49966698884964,33.511517435312271,-116.80783295631409,-116.8605809211731,2.5699996948242188,2.5502461194992065,3.0999999940395355,3.0907224118709564
65,35.581500053405762,35.405313014984131,-117.41333299875259,-117.23556852340698,5.5700004100799561,6.0293859243392944,3.5899999737739563,3.1317510008811951
1697,33.472800016403198,33.656831026077271,-116.88779997825623,-116.92613351345062,4.6000000834465027,2.9502886533737183,3.7999999970197678,3.3309603631496429
2464,32.605000019073486,32.323550939559937,-116.11500000953674,-116.00677919387817,14.100000020116568,3.349149227142334,3,3.2255473136901855
916,33.487833023071289,33.193164706230164,-116.80649995803833,-116.92564535140991,2.2800001502037048,2.8379988670349121,3.0999999940395355,3.0345687568187714
1840,32.732200026512146,32.609221458435059,-116.05939996242523,-116.44371151924133,6.5999999642372131,3.9024978876113892,4.2999999895691872,3.4277299046516418
230,35.95750105381012,35.842592000961304,-117.28483599424362,-117.32616549730301,4.5100003480911255,6.0461157560348511,3,3.0400089919567108
2113,33.232999980449677,33.04373037815094,-116.39800000190735,-116.72781991958618,5.9999996423721313,3.1041795015335083,3,3.1030492186546326
1220,35.45389997959137,35.227323532104492,-118.35550001263618,-118.40130814909935,10.799999982118607,5.2442210912704468,3.5999999642372131,3.1208048164844513
1222,35.466199994087219,35.43105137348175,-118.52179998159409,-118.83119058609009,3.6000001430511475,0.94409912824630737,3.2999999821186066,3.0359289944171906
945,33.920999996364117,33.679295510053635,-116.32166695594788,-116.76651263237,8.2500001788139343,3.7924200296401978,3.8700000196695328,3.3440898656845093
1360,33.850899994373322,33.712497681379318,-117.78309999406338,-117.95598384365439,5.899999737739563,5.075218677520752,4.2999999895691872,3.6563982367515564
772,35.601166963577271,35.7784423828125,-117.61066699028015,-117.45052945613861,4.7499999403953552,4.4134068489074707,4.0399999916553497,3.628863126039505
2525,34.86599999666214,34.787340760231018,-116.317999958992,-116.39890766143799,8.8000001013278961,5.5287525057792664,3.4999999701976776,3.0679065585136414
2315,35.991999983787537,35.812692642211914,-117.87399999797344,-117.43793708086014,3.8999998569488525,7.7907952666282654,3,3.045102596282959
374,35.810500979423523,35.893731832504272,-117.63733699917793,-117.80372993648052,6.6399997472763062,6.9259580969810486,3.0600000321865082,3.1175333261489868
2173,35.315000057220459,35.199367523193359,-118.65100002288818,-119.03441262245178,4.1999995708465576,2.2832697629928589,3,3.01178839802742
1575,33.421000003814697,33.420706212520599,-119.14699995517731,-118.72654610872269,11.700000017881393,7.0113310217857361,3.199999988079071,3.0686839520931244
2492,35.91100001335144,34.505425274372101,-117.83799999952316,-117.58098509907722,2.9999998211860657,0.38207173347473145,3.199999988079071,3.0794186890125275
297,35.871497988700867,35.806909203529358,-117.72283199429512,-117.98193227872252,6.2699997425079346,8.6490020155906677,3.0999999940395355,3.0625422298908234
598,35.776332974433899,35.635073781013489,-117.59299999475479,-119.06580245494843,9.3999999761581421,10.001116544008255,3.1399999558925629,3.1333793699741364
2379,34.141000002622604,34.110505633056164,-116.89400005340576,-116.96250545978546,6.2000003457069397,4.406091570854187,3.4999999701976776,3.0605224370956421
99,35.847167015075684,35.516306281089783,-117.67550000548363,-117.72619292140007,4.9800002574920654,5.6101164221763611,3.2999999821186066,3.0324465036392212
874,33.89299999922514,34.227580457925797,-118.08833300322294,-117.44453066587448,12.060000076889992,0.491180419921875,3.1399999558925629,3.0265191793441772
1292,35.962399959564209,35.869324803352356,-117.74300000071526,-117.85407534241676,3.6000001430511475,10.161008834838867,4.0999999791383743,3.171154797077179
2043,33.277999997138977,33.205853939056396,-116.18299996852875,-116.66187310218811,1.0999998450279236,5.4436531662940979,3,3.059516966342926
529,35.562000036239624,35.714956521987915,-117.39450097084045,-117.29259431362152,1.340000331401825,6.5181452035903931,3.7999999970197678,3.3479054868221283
1917,34.421000003814697,34.249019786715508,-119.05999994277954,-118.88016629219055,14.899999997578561,3.285069465637207,3.0999999940395355,3.1131500601768494
1302,33.625,33.741654872894287,-116.69599997997284,-116.84003889560699,15.599999986588955,2.7812451124191284,3.199999988079071,3.1050825119018555
1356,34.428999990224838,33.988540715537965,-119.10000002384186,-119.12181901931763,14.599999990314245,5.0280055403709412,3,3.1878995597362518
636,35.555333018302917,35.623870491981506,-117.52366700768471,-117.90306909382343,5.5799996852874756,7.1082285046577454,5.010000005364418,4.0689245313405991
2227,34.477999985218048,34.53839772939682,-116.29799997806549,-116.42786026000977,5.6000000238418579,6.3090670108795166,4.1999999955296516,3.6796225905418396
185,35.657001972198486,35.743299961090088,-117.48766297101974,-117.73940661549568,-0.27999937534332275,6.2319660186767578,3,3.040663093328476
2007,34.138600006699562,34.170497342944145,-117.39020001888275,-117.65173250436783,4.1999995708465576,4.5225316286087036,4.0999999791383743,3.5868937075138092
1004,33.676167011260986,33.715829491615295,-116.76066696643829,-116.88844764232635,15.919999983161688,2.57791668176651,3.1800000071525574,3.0277010500431061
1618,34.991999983787537,34.783692836761475,-116.94900000095367,-117.03562271595001,9.0999998152256012,3.9397609233856201,3,3.0336237251758575
2100,34.273200005292892,33.892030701041222,-116.3992999792099,-116.71143317222595,1.7000001668930054,5.7671472430229187,3.4999999701976776,3.1022132635116577
1834,34.717000007629395,34.770108580589294,-116.29700005054474,-116.75531339645386,5.3000003099441528,5.3756037354469299,3,3.0759778618812561
511,35.730499982833862,35.51416289806366,-117.58233299851418,-117.31901890039444,8.2400000095367432,5.8942866325378418,3.4400000274181366,3.0827286243438721
1783,34.231000006198883,34.309123277664185,-116.71000003814697,-116.63643729686737,3.099999725818634,2.1388918161392212,3.0999999940395355,3.0249085128307343
1216,34.255699992179871,33.99310660129413,-116.82000005245209,-116.9557888507843,13.200000040233135,2.9632052779197693,3.7999999970197678,3.2266964614391327
1976,33.572899997234344,33.040699779987335,-116.51919996738434,-117.00340616703033,15.299999993294477,3.6486956477165222,5.2000000029802322,4.1326278001070023
2110,33.389999985694885,33.63308197259903,-118.66500002145767,-118.5070635676384,2.800000011920929,4.4419008493423462,3,3.0453736782073975
607,35.876335024833679,35.748733639717102,-117.73433700203896,-117.96078224107623,4.7700002789497375,6.4331209659576416,3.5899999737739563,3.3425488471984863
1743,35.912999987602234,35.737273216247559,-117,-116.93263781070709,0.50000041723251343,4.0192383527755737,3.0999999940395355,3.0829068124294281
2429,34.912999987602234,34.981016755104065,-116.41100001335144,-116.44640004634857,2.5000002980232239,6.883617639541626,3.6999999582767487,3.1090966165065765
151,35.752500057220459,35.807783722877502,-117.57749998569489,-117.81926687061787,6.6800004243850708,6.517065167427063,3.3400000333786011,3.1080061197280884
1607,35.550999999046326,35.49675977230072,-117.28299999237061,-117.31418013572693,3.8999998569488525,5.1838839054107666,3,3.0762706696987152
1932,32.976999998092651,32.718649625778198,-116.31700003147125,-116.76635360717773,12.999999895691872,5.0090503692626953,3.3999999761581421,3.1543716788291931
1956,35.034000039100647,34.149719104170799,-119.00800001621246,-118.88959193229675,11.200000047683716,6.8501400947570801,3.3999999761581421,3.603731095790863
1938,32.462000012397766,32.57882022857666,-118.18199999630451,-118.34432590007782,11.999999955296516,6.8330937623977661,3.2999999821186066,3.0796419382095337
2307,35.983999967575073,35.71837842464447,-117.86100000143051,-117.29363077878952,1.8999999761581421,7.3725557327270508,3.2999999821186066,3.083129346370697
23,35.610499978065491,35.672772288322449,-117.58583301305771,-117.77674962580204,6.4899998903274536,1.5905275940895081,3.0600000321865082,3.2010074257850647
158,35.896499991416931,35.803031921386719,-117.71866700053215,-118.2531578540802,8.2200001180171967,7.0600640773773193,3,3.0446104109287262
1559,33.269999980926514,32.543368458747864,-116.13699996471405,-117.05600148439407,9.3000000715255737,9.5621976256370544,3,3.1563415825366974
331,35.930667042732239,35.386295318603516,-117.70216700434685,-118.25181886553764,3.0499997735023499,0.0099402666091918945,3.0500000417232513,3.0541395843029022
1037,34.130500003695488,34.096814453601837,-117.0460000038147,-117.06371164321899,9.6700000762939453,3.2656887173652649,3.4400000274181366,3.076055109500885
2427,33.960999999195337,33.636796921491623,-116.8289999961853,-116.8206627368927,19.600000083446503,2.9762953519821167,3.0999999940395355,3.0190097987651825
1771,35.937399983406067,35.894791126251221,-117.72220000624657,-117.5318286716938,6.6999998688697815,3.8803160190582275,3.5999999642372131,3.21492800116539
2040,32.585000038146973,32.333088159561157,-116.16799998283386,-116.07866549491882,1.9999998807907104,3.0536243319511414,3.4999999701976776,3.2455238699913025
2490,35.967000007629395,35.81088399887085,-117.85099999606609,-118.00070930639049,1.8000000715255737,2.6887044310569763,3.0999999940395355,3.0312000811100006
1750,35.485000014305115,35.207689523696899,-118.44569998979568,-118.35844486951828,9.9999998509883881,5.0157800316810608,3.4999999701976776,3.1172211170196533
642,35.841999053955078,34.476736068725586,-117.66049998998642,-118.16126279532909,3.6100003123283386,4.953385591506958,3.4600000083446503,3.2000407576560974
1283,34.020600000396371,33.938836190849543,-117.78560000658035,-117.86825993657112,3.7999999523162842,4.7085803747177124,3.7999999970197678,3.1937601864337921
311,35.654167056083679,35.600577354431152,-117.47266399860382,-117.52577140927315,2.9499998688697815,6.304105818271637,3.2500000298023224,3.0433014035224915
351,35.803001046180725,35.760697364807129,-117.6334989964962,-118.05739982053638,2.6399999856948853,7.2061640024185181,3.3999999761581421,3.0925489962100983
548,35.637001037597656,33.821083903312683,-117.43699699640274,-116.64010655879974,11.13999992609024,3.5848572850227356,3.0600000321865082,3.1646145880222321
2494,35.965999960899353,35.957498073577881,-117.88400000333786,-117.80830049514771,0,5.8629995584487915,3.7999999970197678,3.3442210257053375
1376,33.174199998378754,33.367621302604675,-118.82300001382828,-118.78720730543137,16.899999976158142,6.9226706027984619,3.4999999701976776,3.117749959230423
2454,34.773999989032745,34.666512072086334,-116.35699999332428,-116.48650431632996,5.6999999284744263,6.4678850769996643,4.1999999955296516,3.5339486002922058
306,35.683833956718445,35.747356295585632,-117.53099799156189,-117.43792295455933,1.1499997973442078,5.5781883001327515,3.2600000202655792,3.0586260259151459
287,35.906666040420532,35.735866785049438,-117.70833599567413,-117.9994741063565,4.5899999141693115,8.7753528356552124,3.199999988079071,3.1030440330505371
694,35.888332962989807,34.363444000482559,-117.69783300161362,-118.01987542398274,8.9300000667572021,4.8095199465751648,4.1999999955296516,3.742618203163147
1410,33.225600004196167,32.858952641487122,-116.27339994907379,-116.58084690570831,5.3000003099441528,4.6973955631256104,3.8999999910593033,3.3020491003990173
630,35.926334023475647,35.286774396896362,-117.72567000985146,-118.0587006509304,8.789999932050705,5.8633357286453247,3.3999999761581421,3.2555073201656342
2067,34.30799999833107,34.239507183432579,-116.932000041008,-117.09058433771133,10.100000202655792,3.3333045244216919,3.4999999701976776,3.1230456233024597
1869,32.725299954414368,32.860337376594543,-116.03480005264282,-116.70569014549255,12.699999958276749,2.6574012637138367,3.5999999642372131,3.1475515365600586
1301,33.249000012874603,32.774620771408081,-116.00499999523163,-116.24597942829132,1.8000000715255737,3.4935790300369263,3.0999999940395355,3.1332308650016785
1553,34.208000004291534,34.175231978297234,-117.53499999642372,-117.60498440265656,8.5999998450279236,4.3042498826980591,3,3.0426375567913055
1310,33.652700006961823,33.839259922504425,-118.36629998683929,-118.38032394647598,7.3000001907348633,5.0180071592330933,3.7999999970197678,3.430047333240509
888,33.121167004108429,33.133152782917023,-116.0593329668045,-116.62874364852905,3.7000000476837158,2.7505999803543091,3.0399999618530273,3.1474615037441254
1640,33.928000003099442,34.023120088502765,-118.34610000252724,-118.34643936157227,8.9000000059604645,5.1344007253646851,5.0000000149011612,3.9819424152374268
2020,34.748399972915649,34.217485710978508,-116.03069996833801,-116.48258650302887,2.2999995946884155,4.8217678070068359,3.6999999582767487,3.218977153301239
1420,34.681400001049042,34.677637934684753,-116.28340005874634,-116.52584409713745,7.4000000953674316,3.0259019136428833,3.9999999850988388,3.3033446967601776
1518,33.458000004291534,33.503783315420151,-116.47599995136261,-116.98790490627289,12.899999991059303,3.0308032035827637,3.2999999821186066,3.0612534284591675
1456,33.522199988365173,33.727719485759735,-119.09829998016357,-118.75562226772308,16.099999956786633,6.1832141876220703,3.6999999582767487,3.1936939358711243
1189,35.975800037384033,35.792958974838257,-116.09660005569458,-116.71339809894562,5.5000001192092896,3.1062483787536621,3.0999999940395355,3.0879731476306915
13,35.675832986831665,35.442077398300171,-117.52366700768471,-117.3370652794838,9.5100000500679016,5.2319544553756714,3.5099999606609344,3.2015454769134521
1462,35.980000019073486,35.855862855911255,-117.66699999570847,-117.37891483306885,8.1999997794628143,4.0405565500259399,3.199999988079071,3.0550788044929504
1453,34.218999996781349,34.192194789648056,-116.75399994850159,-116.82362627983093,2.9999998211860657,3.1738373637199402,3.0999999940395355,3.0226329267024994
514,35.906666994094849,34.384610891342163,-117.68466699123383,-118.81584566831589,1.9399997591972351,6.5378934144973755,3,3.1277114152908325
409,35.651165008544922,35.486050605773926,-117.5626679956913,-117.52952221035957,3.6000001430511475,5.7523968815803528,3.0800000131130219,3.0988574624061584
1053,33.267000019550323,32.896958827972412,-116.11466705799103,-116.83486914634705,3.0899995565414429,2.641446590423584,3.129999965429306,3.1323993802070618
313,35.887665033340454,35.792489290237427,-117.73116299510002,-118.34183418750763,4.5000001788139343,8.5543517768383026,3.2800000011920929,3.0808829069137573
1928,33.611000001430511,33.826045453548431,-117.26999998092651,-116.9768590927124,13.80000002682209,2.9952692985534668,3.2999999821186066,3.1684501469135284
1977,32.527999997138977,32.997582077980042,-117.5789999961853,-117.08345437049866,11.999999955296516,3.5249966382980347,3.199999988079071,3.1097112894058228
1583,34.007000000216067,33.945300962775946,-117.19199997186661,-117.01136386394501,7.8000001609325409,3.1563109159469604,3.0999999940395355,3.0903821289539337
912,34.101667001843452,33.948201380670071,-117.31000000238419,-117.21895670890808,15.889999978244305,3.4201321005821228,3.4300000369548798,3.081896960735321
1316,35.491000056266785,35.299344301223755,-118.39399999380112,-118.45197227597237,9.3999999761581421,0.053744316101074219,3.0999999940395355,3.0328588485717773
382,35.697666049003601,35.700488328933716,-117.48249799013138,-117.64873796701431,3.6199995875358582,5.9482455253601074,3.1899999976158142,3.0821227133274078
1137,35.026100039482117,34.598762214183807,-119.06200003623962,-119.19113659858704,17.899999916553497,6.0785025358200073,3.4999999701976776,3.2094220519065857
1675,35.978000044822693,35.750296831130981,-117.32200002670288,-116.85186004638672,1.600000262260437,8.2213917374610901,3.199999988079071,3.0841171145439148
1313,33.981000000610948,33.965312026441097,-118.78200000524521,-118.65100973844528,12.999999895691872,5.6929582357406616,3.0999999940395355,3.0678143799304962
1594,33.965999998152256,33.969108385965228,-116.87699997425079,-116.90695381164551,10.799999982118607,3.0036091804504395,3.199999988079071,3.0606536865234375
2271,33.28600001335144,33.456536531448364,-118.68199998140335,-118.65739989280701,5.6000000238418579,5.1205345988273621,3.0999999940395355,3.0216925442218781
1290,35.470800042152405,35.566547393798828,-118.28139999508858,-118.26083022356033,3.7000000476837158,0.0049120187759399414,3.0999999940395355,3.0514481663703918
263,35.662498950958252,35.607547521591187,-117.54516598582268,-117.65583491325378,7.9800000786781311,5.9336292743682861,3.1099999845027924,3.0826919674873352
949,34.13816699385643,33.941894587129354,-117.42383301258087,-117.26312899589539,4.0499997138977051,3.3628195524215698,3.0099999904632568,3.0351808369159698
2188,34.805000007152557,34.786083698272705,-116.26999998092651,-116.40097439289093,6.3000002503395081,6.4910888671875,3,3.0282682478427887
2529,34.861999988555908,34.702523589134216,-116.36000001430511,-116.50035834312439,6.6999998688697815,5.1571628451347351,3,3.0218580365180969
415,35.86316704750061,35.743602514266968,-117.70300298929214,-117.85240262746811,6.990000307559967,6.7812269926071167,3.5400000214576721,3.438501387834549
2046,33.710999995470047,33.299108922481537,-116.05299997329712,-117.28927528858185,12.899999991059303,4.9626302719116211,3,3.0594860315322876
358,35.647498965263367,35.652468204498291,-117.45066797733307,-117.66995453834534,9.8399998247623444,6.1409479379653931,3.0500000417232513,3.0398217737674713
1210,35.019899964332581,34.764235317707062,-119.32710003852844,-119.48171424865723,7.8000001609325409,6.7319172620773315,3.2999999821186066,3.0412500500679016
900,33.483500003814697,33.280813038349152,-116.80216705799103,-116.98024940490723,2.0499998331069946,2.7532616257667542,3.6999999582767487,3.0642215609550476
8,35.907166957855225,35.792849898338318,-117.70550000667572,-117.73116379976273,2.9399996995925903,6.9652989506721497,3.0999999940395355,3.0466637313365936
1978,33.498000025749207,33.427089989185333,-116.52300000190735,-116.92546987533569,14.400000013411045,2.6647916436195374,3.0999999940395355,3.0370455086231232
316,35.820332050323486,35.793356895446777,-117.6618350148201,-117.89148541539907,3.8399997353553772,7.8512768447399139,3.4500000178813934,3.1607370972633362
304,35.545833945274353,35.277899980545044,-117.40966802835464,-117.85539443790913,2.3099997639656067,6.5307033061981201,3,3.0681814849376678
427,35.853667974472046,35.553662061691284,-117.67150101065636,-117.67174756526947,7.7799998223781586,5.7285082340240479,3.0999999940395355,3.3528599739074707
105,35.927000045776367,35.812959551811218,-117.69316700100899,-118.05425636097789,4.1300001740455627,4.2123430967330933,3.129999965429306,3.0466574728488922
1539,32.258999943733215,33.390671849250793,-116.6360000371933,-117.96314634010196,7.9999999701976776,9.4460485875606537,3,3.0912036895751953
121,35.60699999332428,35.45890998840332,-117.60400000214577,-117.63838312029839,3.9899995923042297,5.4794490337371826,3.75,3.4542742967605591
1477,35.080000042915344,34.532220840454102,-118.99889999628067,-119.11226344108582,14.499999973922968,3.0128923058509827,3.199999988079071,3.0585391223430634
1602,32.897699952125549,33.001766502857208,-117.87550000101328,-117.63196703791618,2.8999999165534973,5.2486923336982727,3.5999999642372131,3.128206193447113
889,32.641332983970642,32.990515351295471,-118.04983299970627,-118.42189708352089,5.8399996161460876,5.3280052542686462,3.1500000357627869,3.1434938013553619
1361,33.81530000269413,33.786300495266914,-117.83290000259876,-117.95102709159255,1.2999996542930603,5.0666588544845581,4.0999999791383743,3.7760349065065384
1831,32.692000031471252,32.766452074050903,-116.01139998435974,-116.26629412174225,16.000000052154064,1.4705380797386169,3.2999999821186066,3.1264661550521851
1269,32.678099989891052,32.807847261428833,-118.24819999933243,-118.37514370679855,18.200000077486038,7.0122984051704407,3.0999999940395355,3.0710049569606781
115,35.645833015441895,35.628562211990356,-117.45300000905991,-117.81224308907986,9.9799999594688416,6.1575418710708618,3.0999999940395355,3.0262367427349091
1457,35.144000053405762,34.829631447792053,-116.86300003528595,-116.83919906616211,2.6000002026557922,3.6181908845901489,3.2999999821186066,3.1506836414337158
744,35.604168057441711,35.506211996078491,-117.59266701340675,-118.09762565791607,1.9700002670288086,6.4440491795539856,3.5400000214576721,3.4127772152423859
1381,33.476000010967255,33.410431265830994,-116.48699998855591,-116.78012132644653,15.500000026077032,3.5383942723274231,3.3999999761581421,3.1187919080257416
1608,35.541399955749512,35.763441681861877,-117.25919997692108,-117.44886833429337,9.9999998509883881,3.0150541663169861,5.1000000089406967,3.8114937096834183
2373,34.479000002145767,34.110424287617207,-116.19400000572205,-116.30376148223877,5.6000000238418579,4.3981084227561951,3,3.0431981384754181
969,33.498667001724243,33.333509802818298,-116.80066704750061,-116.94148504734039,5.2900001406669617,3.0026659369468689,3.4799999892711639,3.1860604584217072
1286,33.279399991035461,33.212284862995148,-116.39520001411438,-116.80507981777191,11.999999955296516,3.2270058989524841,3.0999999940395355,3.1085831522941589
672,35.648332953453064,34.479587614536285,-117.46733301877975,-118.0489568375051,4.2099997401237488,4.8555243015289307,3.5999999642372131,3.5927131175994873
2339,34.225999996066093,34.124041169881821,-117.46399998664856,-117.61717957258224,14.799999995157123,4.2086559534072876,3.199999988079071,3.0251505374908447
2453,34.843999981880188,34.686998426914215,-116.33599996566772,-116.47441732883453,4.699999988079071,6.4268571138381958,3.6999999582767487,3.0872708559036255
1692,35.9617999792099,35.702376127243042,-117.33880001306534,-117.13053113222122,9.9999998509883881,6.6670507192611694,4.0999999791383743,3.3864208459854126
309,35.814998984336853,35.636235952377319,-117.59783199429512,-117.58086118102074,7.539999783039093,5.8584022521972656,3.2500000298023224,3.0730101764202118
591,35.916831970214844,35.704373478889465,-117.75316600501537,-117.3285591006279,3.0800002813339233,6.2137681245803833,3.199999988079071,3.1136945486068726
462,35.898334980010986,35.72120988368988,-117.72866800427437,-117.67609897255898,2.6699995994567871,6.7017218470573425,3.4300000369548798,3.1218754649162292
1017,34.026333000510931,34.029005192220211,-118.51933300495148,-118.61312693357468,9.5600000023841858,5.7512319087982178,3.0600000321865082,3.0371384024620056
1000,34.414499998092651,34.377217084169388,-117.6791670024395,-117.7234023809433,3.7799996137619019,4.1772061586380005,3,3.0471870303153992
1714,35.198300004005432,34.834291279315948,-119.41159999370575,-119.31017279624939,13.80000002682209,6.6030487418174744,3.2999999821186066,3.1062614321708679
962,33.74099999666214,33.674648642539978,-117.4911670088768,-117.49745285511017,11.150000095367432,3.9205902814865112,3.9700000137090683,3.5531596541404724
552,35.622833013534546,34.88584691286087,-117.42066699266434,-117.44634705781937,6.7100000381469727,4.8697382211685181,3.3999999761581421,3.1307199597358704
87,35.671833038330078,35.520381450653076,-117.46933299303055,-117.35776525735855,9.179999828338623,5.8792823553085327,3.6999999582767487,3.1246604919433594
690,35.89033305644989,34.290339320898056,-117.73033300042152,-117.89798773825169,6.1500003933906555,4.8744937777519226,4.5,4.2177990898489952
1745,33.425100028514862,33.332136452198029,-116.41480004787445,-116.84768581390381,9.700000137090683,4.3360009789466858,4.9000000208616257,3.3760375678539276
2300,35.730999946594238,35.628610134124756,-118.48199999332428,-118.43907207250595,4.8999997973442078,7.0731711387634277,3.199999988079071,3.0364775061607361
2452,34.800000011920929,34.616609334945679,-116.33000004291534,-116.38663768768311,4.6000000834465027,4.9489957094192505,3.0999999940395355,3.0332392752170563
1667,34.303299993276596,34.291258752346039,-116.90670001506805,-117.25664842128754,7.5,3.5663831233978271,3.5999999642372131,3.2981148362159729
2406,34.05799999833107,33.910871624946594,-117.25999999046326,-117.02402293682098,11.200000047683716,3.3142876625061035,3,3.0200233161449432
800,35.786700010299683,35.216874480247498,-117.54780000448227,-118.03613597154617,4.9999997019767761,8.7141712009906769,3,3.0417511761188507
2090,33.8175999969244,32.973179697990417,-116.19539999961853,-116.38535499572754,5.6000000238418579,6.0416167974472046,3.3999999761581421,3.0758201479911804
300,35.830165982246399,35.571502208709717,-117.66483300924301,-118.12847658991814,4.2800000309944153,8.3280332386493683,3.0099999904632568,3.080316960811615
1858,32.802000045776367,33.410519599914551,-117.71500000357628,-117.52786615490913,6.9999995827674866,5.1185041666030884,3.0999999940395355,3.0564125776290894
543,35.707667946815491,35.335442662239075,-117.50700399279594,-117.52766251564026,4.4699996709823608,6.6966059803962708,3.0099999904632568,3.1536181569099426
2237,35.422000050544739,35.816026091575623,-116.4539999961853,-116.34037292003632,6.7999997735023499,7.1155920624732971,3.199999988079071,3.0704822838306427
2247,34.250999987125397,34.176498726010323,-118.7940000295639,-118.60378724336624,5.7999998331069946,4.5320409536361694,3.3999999761581421,3.412990003824234
494,35.60716700553894,35.194515466690063,-117.41750001907349,-116.72440385818481,4.2300000786781311,1.7877119779586792,3.199999988079071,3.1861949265003204
365,35.700332999229431,35.774461507797241,-117.5093309879303,-117.66469803452492,6.849999725818634,6.7813700437545776,3.7100000381469727,3.4868395328521729
2290,34.595000028610229,34.62470555305481,-116.27100002765656,-116.36870145797729,5.6000000238418579,6.2734991312026978,3.0999999940395355,3.0306191146373749
1600,35.973999977111816,35.837746739387512,-117.40499997138977,-117.23971229791641,2.8999999165534973,1.1677408218383789,3.5999999642372131,3.2689511775970459
273,35.929000020027161,35.762182354927063,-117.31133300065994,-117.36652046442032,6.0499995946884155,8.0848176777362823,3.199999988079071,3.083039402961731
788,35.640334963798523,35.57729709148407,-117.59966999292374,-117.7038821876049,9.9199998378753662,5.8341014385223389,3.3999999761581421,3.1844253838062286
71,35.871999979019165,35.806623935699463,-117.58100000023842,-117.25474160909653,8.9499999582767487,6.876775324344635,3.0600000321865082,3.0485416352748871
2333,34.257999986410141,33.765918150544167,-116.75999999046326,-116.78523695468903,4.0999996662139893,3.793255090713501,3,3.0083448886871338
1868,32.718000054359436,33.045550882816315,-116.04900002479553,-116.59102177619934,2.8999999165534973,1.4361906051635742,3.3999999761581421,3.1403203904628754
63,33.546332985162735,33.635275900363922,-118.1716669946909,-118.13533587753773,11.709999963641167,4.9401086568832397,3.5300000309944153,3.149031937122345
394,35.960834980010986,35.879672765731812,-117.27300298213959,-117.34425783157349,2.8700003027915955,6.6334515810012817,3.2700000107288361,3.098956435918808
1626,32.098000049591064,33.072795569896698,-117.52399998903275,-117.14501625299454,12.100000083446503,10.826615989208221,3,3.2081093788146973
343,35.64549994468689,35.720783948898315,-117.4541699886322,-117.46962028741837,2.6899999380111694,6.4340561628341675,3.199999988079071,3.1050111651420593
1418,32.866199970245361,33.081155359745026,-116.21599996089935,-117.04019433259964,18.799999952316284,4.3067461252212524,3.5999999642372131,3.1188986599445343
1801,32.757500052452087,32.788734436035156,-117.36129999160767,-117.07415515184402,8.7000001966953278,4.4256108999252319,3.0999999940395355,3.0975427329540253
500,35.631168007850647,35.605697393417358,-117.40716600418091,-117.45551842451096,2.5199997425079346,6.0650128126144409,3.5099999606609344,3.2647996544837952
1725,33.913000002503395,33.814131513237953,-117.79000000655651,-117.97287762723863,17.300000041723251,4.5555281639099121,3,3.0170433819293976
1173,34.026799999177456,33.622115284204483,-116.65240001678467,-116.79226517677307,16.299999989569187,2.6379203796386719,3.0999999940395355,3.02901890873909
677,35.902832984924316,34.309557735919952,-117.73383298516273,-117.95010222122073,7.2699996829032898,4.7908955812454224,4.6000000052154064,3.6386752724647522
2250,34.354000002145767,34.189333572983742,-118.65100002288818,-119.18858420848846,12.999999895691872,8.7070736289024353,3.0999999940395355,4.1570225805044174
1944,35.730999946594238,35.692577123641968,-116.24500000476837,-116.50734233856201,4.400000274181366,4.7978425025939941,3.199999988079071,3.0766857862472534
2130,34.310000002384186,34.103704996407032,-116.85099995136261,-116.84116017818451,5.7999998331069946,5.1681053638458252,3.2999999821186066,3.0106764435768127
1576,33.019900023937225,32.853250741958618,-116.33210003376007,-116.89370155334473,3.1999996304512024,4.2117494344711304,3.9999999850988388,3.2128854990005493
272,35.623332977294922,35.669613838195801,-117.58349999785423,-118.82240277528763,11.059999912977219,11.761946305632591,3.0999999940395355,3.1143728792667389
1463,33.021399974822998,32.64861011505127,-116.25520002841949,-116.3112907409668,14.599999990314245,3.8571006059646606,3.5999999642372131,3.1887385547161102
205,35.698166012763977,35.76146125793457,-117.5256649851799,-117.88954059779644,7.9699999094009399,6.2694302201271057,3.1500000357627869,3.0509722530841827
733,35.69933295249939,35.802476406097412,-117.4830020070076,-117.58080700039864,1.2099999189376831,6.3823682069778442,3,3.0490901470184326
152,35.370833039283752,34.948939919471741,-117.84233300387859,-118.27278822660446,2.8299996256828308,5.9446495771408081,3.2400000393390656,3.1108757257461548
1753,34.832300007343292,34.586221635341644,-116.33630001544952,-116.61875915527344,9.9999998509883881,4.4895690679550171,3,3.3711065053939819
557,35.911167025566101,35.775138020515442,-117.73883301019669,-117.86199460923672,5.1400002837181091,7.7776077389717102,4.6000000052154064,3.6032844185829163
377,35.891834020614624,35.913337707519531,-117.72316700220108,-117.96845434978604,3.8700002431869507,8.1981459259986877,3.3400000333786011,3.1670292019844055
1461,34.056000001728535,34.026494681835175,-117.85439999401569,-117.92633167654276,13.100000023841858,4.4779488444328308,3,3.0157416164875031
535,35.800835013389587,35.672269463539124,-117.6334989964962,-118.27003279328346,6.550000011920929,8.2091179490089417,3.8999999910593033,3.4534285068511963
1234,33.917700000107288,33.973146978765726,-117.89169999957085,-117.90490756183863,17.899999916553497,3.4503892064094543,3.0999999940395355,3.0214591026306152
1044,32.830000042915344,32.537397146224976,-116.12849998474121,-116.20532274246216,10.36999985575676,3.088630735874176,3.7999999970197678,3.2537795305252075
1973,34.052999999374151,34.24093496799469,-117.02200001478195,-117.87119436264038,16.799999959766865,4.7637337446212769,3.4999999701976776,3.8800507038831711
198,35.665832996368408,35.627715826034546,-117.48116302490234,-117.82597616314888,5.85999995470047,5.9151372313499451,3,3.0338843464851379
561,35.606335043907166,35.541753530502319,-117.39983397722244,-117.53289386630058,4.5699995756149292,6.4719057083129883,3.5999999642372131,3.2469566166400909
685,35.72599995136261,34.337857604026794,-117.56133300065994,-117.98638803325593,11.089999973773956,4.8116961121559143,4.0100000202655792,3.7489000260829926
2336,33.973999999463558,33.803908228874207,-117.22600001096725,-117.09083151817322,13.700000010430813,3.3019173145294189,3,3.02264803647995
590,35.715167999267578,35.757199048995972,-117.56666600704193,-117.71720138192177,6.6200003027915955,6.9792267680168152,3.7999999970197678,3.4874147772789001
519,35.888167977333069,34.773791432380676,-117.73266598582268,-117.77364009618759,5.7600000500679016,4.2920181155204773,3.6999999582767487,3.2197954058647156
308,35.775333046913147,35.765485405921936,-117.60116600990295,-117.95684213191271,7.8700000047683716,6.3984972238540649,3.4999999701976776,3.0942818820476532
604,35.874668002128601,35.780406832695007,-117.69883000850677,-117.55808693170547,1.9499999284744263,6.8310445547103882,4.3599999994039536,3.7406483888626099
2183,35.315000057220459,35.184630393981934,-118.65600001811981,-118.94443243741989,2.4000003933906555,3.9154770970344543,3.0999999940395355,3.0216299593448639
931,34.94083297252655,34.475970834493637,-116.66016697883606,-116.66786599159241,9.4400002062320709,2.851710319519043,3.129999965429306,3.0485162436962128
59,35.938832998275757,35.829367995262146,-117.31983298063278,-117.37522637844086,3.1300002336502075,6.2867438793182373,3.2700000107288361,3.0515785217285156
583,35.718999981880188,35.704630374908447,-117.6786670088768,-117.41917806863785,3.7000000476837158,7.4324163794517517,3.2999999821186066,3.1268522143363953
911,35.777166962623596,35.517582178115845,-118.24449999630451,-118.59236431121826,8.8699999451637268,0.0164794921875,3.199999988079071,3.0522259175777435
207,35.944000005722046,35.821976900100708,-117.37999999523163,-117.19043105840683,1.2900003790855408,6.5306505560874939,3.9399999976158142,3.3850885033607483
491,35.863332986831665,35.647448778152466,-117.67283299565315,-117.70653933286667,2.7399998903274536,6.78946852684021,3.2999999821186066,3.4502581357955933
923,33.477167010307312,33.255873680114746,-116.80333304405212,-116.87128901481628,1.8899998068809509,2.9757535457611084,4.4299999997019768,3.9053371399641037
785,35.689666986465454,35.818491458892822,-117.48533600568771,-117.55382564663887,7.0800000429153442,0.52366554737091064,3.5600000023841858,3.0943159461021423
964,34.816833019256592,34.686974048614502,-116.07333302497864,-116.46659898757935,3.75,5.7724213600158691,4.0999999791383743,3.5971904397010803
2467,34.662000000476837,34.583534896373749,-116.25399994850159,-116.44302892684937,3.3000004291534424,5.0980192422866821,3,3.0262765288352966
792,35.662333011627197,35.787932634353638,-117.52399998903275,-117.39104819297791,1.4900001883506775,2.4520021677017212,4.1599999889731407,3.6402849555015564
831,35.63916802406311,34.933923006057739,-117.61866798996925,-117.91710854321718,7.6100000739097595,5.4139012098312378,3.3799999952316284,3.4248465299606323
162,35.623167037963867,35.676765441894531,-117.4748330116272,-117.66525146365166,8.2099999487400055,6.3121944665908813,3.0999999940395355,3.0414620339870453
2136,34.32600000500679,33.579759001731873,-116.86199998855591,-116.98591864109039,1.8999999761581421,6.0562250018119812,3,3.0143449008464813
526,35.860000967979431,35.734408855438232,-117.71083098649979,-117.97470178082585,8.2599999010562897,7.3314240574836731,3.3300000429153442,3.1073683798313141
891,34.407667011022568,34.138801723718643,-116.89199995994568,-116.89787888526917,1.5599995851516724,2.7385443449020386,3.4099999666213989,3.1408092677593231
1159,34.025900000706315,33.801972940564156,-117.22060000896454,-116.96823954582214,19.100000113248825,3.0702531337738037,3,3.0455140471458435
256,35.892166018486023,35.783832311630249,-117.70933499932289,-117.60038012266159,7.0199999213218689,7.1490088105201721,3.4600000083446503,3.0568910837173462
506,35.885334014892578,35.716087102890015,-117.73016399145126,-117.60387510061264,4.4600003957748413,6.9263595342636108,3.8999999910593033,3.2527176439762115
2015,32.218600034713745,32.318002104759216,-116.09650003910065,-116.28544962406158,14.299999997019768,6.2963783740997314,3.5999999642372131,3.108382523059845
2148,34.307000011205673,34.032978408038616,-116.84599995613098,-116.79817605018616,5.0999996066093445,3.5574567317962646,3,3.0071019530296326
2259,34.409999996423721,33.965578109025955,-116.4650000333786,-116.63009786605835,8.7000001966953278,4.1607195138931274,3.3999999761581421,3.0355675220489502
2193,33.530000001192093,33.387797772884369,-116.94000005722046,-116.87643933296204,6.1000004410743713,3.0303007364273071,3.0999999940395355,3.0280681550502777
1309,34.857999980449677,34.495473265647888,-119.2389999628067,-119.2537829875946,12.699999958276749,3.7095129489898682,3.199999988079071,3.0344077348709106
1946,32.003999948501587,33.143026649951935,-116.27600002288818,-116.70960211753845,7.9999999701976776,3.1685256958007812,3,3.1290561854839325
1728,33.826900005340576,34.040635716170073,-117.87299999594688,-118.03972788155079,16.19999997317791,5.0650745630264282,5.5000000298023224,4.2981582060456276
20,35.713500022888184,35.701187372207642,-117.56866699457169,-117.70732671022415,8.2599999010562897,6.189996600151062,3.6999999582767487,3.3585538566112518
1450,33.622999995946884,33.757692396640778,-119.04299998283386,-118.78457379341125,10.700000077486038,5.7209059596061707,3.5999999642372131,3.2306438684463501
439,35.686668038368225,35.538610219955444,-117.54149600863457,-117.58067667484283,1.5000003576278687,6.1130279302597046,3,3.087024450302124
1893,33.249000012874603,32.897161364555359,-116.02799999713898,-116.78146457672119,3.7000000476837158,3.5910826921463013,3.3999999761581421,3.1571344435214996
381,35.628502011299133,35.413198709487915,-117.58216899633408,-117.67053425312042,9.1500002145767212,5.9749674797058105,3.2800000011920929,3.0857932269573212
1952,35.034999966621399,34.786215841770172,-119,-118.97651261091232,11.100000143051147,5.89008629322052,3.199999988079071,3.1062577664852142
2283,33.923000000417233,33.831453964114189,-117.77400000393391,-117.96233459934592,11.799999922513962,4.4228661060333252,3.0999999940395355,3.021801084280014
538,35.892501950263977,34.714352309703827,-117.72316700220108,-117.99732006690465,4.3500003218650818,4.9626097083091736,3.4999999701976776,3.0996832251548767
2031,35.600000023841858,35.282235622406006,-117.03500002622604,-117.23455983400345,5.6000000238418579,4.7871190309524536,3.199999988079071,3.0814265012741089
1941,33.997800000011921,34.05319982022047,-116.72370004653931,-117.06682640314102,8.4999999403953552,3.1973826885223389,3.8999999910593033,3.2798528373241425
83,34.012667000293732,33.61171418428421,-116.75183296203613,-116.74132287502289,17.330000102519989,2.6757663488388062,3.199999988079071,3.0503898561000824
2121,35.20799994468689,34.982077717781067,-118.1169999986887,-117.95594775676727,4.9999997019767761,1.4029598236083984,3,3.0085271000862122
1237,33.884499996900558,33.962472252547741,-117.92279999703169,-118.02089674398303,13.499999977648258,5.0536715984344482,5.1000000089406967,4.0240291804075241
1350,34.068000003695488,34.113213531672955,-118.3910000026226,-118.28638881444931,2.4000003933906555,4.7568583488464355,3.2999999821186066,3.0809610486030579
883,35.365000009536743,35.177233576774597,-117.87083299458027,-118.04214103519917,2.6500001549720764,5.5918139219284058,3.1700000166893005,3.0760311484336853
1263,33.682099997997284,33.806526258587837,-116.74609994888306,-116.86453068256378,20.799999833106995,2.8556057810783386,3.4999999701976776,3.1094534397125244
2107,34.288800001144409,34.249514743685722,-118.77920001745224,-118.5407543182373,17.899999916553497,4.7749954462051392,3.3999999761581421,3.2527042329311371
1805,33.422699987888336,33.738115876913071,-117.73489999771118,-117.46773451566696,2.8999999165534973,3.9667671918869019,4.8000000044703484,3.7739886045455933
886,34.271499991416931,34.217866316437721,-119.58200001716614,-119.50887310504913,0.74000000953674316,6.4295268058776855,3.0999999940395355,3.0317746102809906
270,35.680667996406555,35.441583156585693,-117.51300099492073,-117.98550473619252,5.7300004363059998,7.5611548125743866,3.2999999821186066,3.0878943800926208
1746,34.019999999552965,34.314881861209869,-117.14300000667572,-117.29809403419495,5.899999737739563,3.4947448968887329,3.0999999940395355,3.043392688035965
1179,35.406100034713745,35.20794415473938,-117.79549999535084,-117.9750170558691,12.899999991059303,5.3819060325622559,3.199999988079071,3.1381621062755585
2445,34.804000020027161,34.367162227630615,-116.13100004196167,-116.16719889640808,1.600000262260437,8.5007402300834656,3.4999999701976776,3.0588049292564392
2295,32.759999990463257,33.113476037979126,-118.32100000977516,-118.44226306676865,26.299999952316284,7.3888412117958069,3.2999999821186066,3.0253582298755646
1650,33.150499999523163,33.091388404369354,-116.52950000762939,-116.61386096477509,15.500000026077032,2.61283278465271,3.3999999761581421,3.095822811126709
1509,33.881999999284744,33.866387948393822,-116.692999958992,-116.84034323692322,12.899999991059303,2.8041887283325195,3.5999999642372131,3.1547903716564178
1452,33.983999999240041,33.729248255491257,-116.56200003623962,-116.78313970565796,12.499999925494194,3.326018750667572,3,3.0311106741428375
429,35.807499051094055,35.533408641815186,-117.59366598725319,-117.56825417280197,6.5100002288818359,5.9003305435180664,3.4999999701976776,3.1915523707866669
1213,35.336400032043457,35.259423971176147,-118.55729997158051,-118.8292710185051,16.099999956786633,0.6620827317237854,3.0999999940395355,3.0385006070137024
2224,35.700000047683716,35.438667416572571,-118.08500000089407,-118.05549328401685,2.8999999165534973,3.8186958432197571,3,3.0176282823085785
2235,34.518999993801117,34.305901676416397,-116.29100000858307,-116.48868191242218,5.6000000238418579,5.955963134765625,3.3999999761581421,3.0340027213096619
458,35.887665033340454,35.673846483230591,-117.69400000572205,-117.62117391824722,2.6199996471405029,7.0401075482368469,3.199999988079071,3.1154911816120148
927,33.930500000715256,33.682279467582703,-116.82383298873901,-116.75698184967041,5.9700000286102295,2.5931248068809509,3,3.0250237584114075
78,35.899166941642761,35.759249091148376,-117.70566698908806,-117.49116611480713,4.9399995803833008,7.1156278252601624,3.4999999701976776,3.1019895672798157
2469,35.031000018119812,35.0735844373703,-118.3459999859333,-118.31595340371132,3.1999996304512024,6.8207895755767822,3.8999999910593033,3.1724977791309357
2124,33.120000004768372,32.689403533935547,-116.10300004482269,-116.07311224937439,10.100000202655792,5.8094000816345215,3.199999988079071,3.0865389704704285
32,33.915500000119209,33.48045027256012,-116.72650003433228,-116.76858627796173,16.13000001758337,2.6979732513427734,3.3600000143051147,3.0548056662082672
906,34.338333010673523,34.341681569814682,-117.72416698932648,-117.66677656769753,5.1900002360343933,4.3261349201202393,3.0999999940395355,3.0594644844532013
1127,34.397199988365173,34.004258715547621,-118.97450000047684,-119.07529962062836,18.299999982118607,5.0257220864295959,3,3.0732324421405792
1027,32.503499984741211,33.290420472621918,-116.97016704082489,-119.22848224639893,12.110000029206276,5.9076029062271118,3.4500000178813934,3.1336944401264191
2274,34.638999998569489,34.314506709575653,-116.23099994659424,-116.43050146102905,3.5000002384185791,5.756104588508606,3.2999999821186066,3.043854832649231
380,35.900166034698486,35.441056966781616,-117.67717000842094,-117.69202241301537,3.2499995827674866,6.9081205129623413,3.070000022649765,3.2032899856567383
226,35.958500027656555,35.856292724609375,-117.28250098228455,-117.07223802804947,5.0499996542930603,6.6305923461914062,3.5999999642372131,3.1923565864562988
1776,34.129399999976158,34.092878930270672,-116.98580002784729,-117.01504200696945,6.8999996781349182,2.9717293381690979,3.8999999910593033,3.5067903399467468
1229,33.895400002598763,34.001335769658908,-117.95479999855161,-117.87953402101994,15.599999986588955,4.4791960716247559,3,3.0177395045757294
715,35.891167044639587,34.320036858320236,-117.67550000548363,-117.95116489753127,7.420000433921814,4.8474445939064026,4.0700000077486038,3.9917953312397003
1565,33.964999999850988,34.388572245836258,-118.71299999952316,-118.06029583513737,5.9999996423721313,4.7488296031951904,3.0999999940395355,3.2952522039413452
686,35.893332958221436,34.346702456474304,-117.72383299469948,-117.99770211149007,9.8899997770786285,4.8209059238433838,3.7999999970197678,3.8006688952445984
2374,33.631000012159348,33.590139389038086,-116.81200003623962,-116.75370299816132,18.500000014901161,2.8457915782928467,3.2999999821186066,3.0738577544689178
1562,33.075299978256226,32.954509735107422,-116.38750004768372,-116.73163366317749,9.2000001668930054,4.0629494190216064,3.5999999642372131,3.0824099779129028
305,35.641499042510986,35.480097532272339,-117.553337007761,-117.56058439612389,7.1199998259544373,6.7853075265884399,3.3799999952316284,3.0732758939266205
209,35.945999026298523,35.862324118614197,-117.3756639957428,-117.33048611879349,-0.04999995231628418,6.5740048885345459,3.0900000035762787,3.0644113719463348
2444,32.032999992370605,32.177604675292969,-116.2940000295639,-116.03791487216949,2.6000002026557922,2.8990942239761353,3.199999988079071,3.0487987697124481
1723,34.987999975681305,34.548689723014832,-119.68700003623962,-119.61587357521057,15.599999986588955,4.0897956490516663,3.0999999940395355,3.0720027387142181
2518,34.813000023365021,34.72596287727356,-116.3289999961853,-116.56849408149719,9.4999998807907104,4.444611668586731,3,3.0251507163047791
1106,35.214333057403564,35.215149402618408,-117.28149998188019,-117.41339558362961,3.1700000166893005,4.7748541831970215,4.2499999925494194,3.8478307127952576
1992,32.700000047683716,32.903953790664673,-117.59099999070168,-117.23039162158966,7.9999999701976776,3.5365837812423706,3.0999999940395355,3.0791222155094147
1242,33.963300000876188,34.109244763851166,-118.42410001158714,-118.24856616556644,16.099999956786633,4.6714603900909424,3.199999988079071,3.0335481762886047
1174,35.668599963188171,35.727723479270935,-117.52860000729561,-117.61956855654716,14.400000013411045,4.8810392618179321,3.7999999970197678,3.1489452123641968
1566,33.151000022888184,34.3703852891922,-116.48199999332428,-118.02832632139325,11.499999985098839,4.8358315229415894,3.8999999910593033,3.8912132978439331
1005,33.891999997198582,33.918911941349506,-116.20383298397064,-116.40265512466431,8.9600001275539398,2.7597963809967041,3,3.0471632480621338
1511,33.169000029563904,33.298843741416931,-119.32400000095367,-118.89837491512299,5.9999996423721313,6.388242244720459,3.0999999940395355,3.082425981760025
191,35.523499965667725,35.681226134300232,-117.38050001859665,-117.5656176507473,7.8599998354911804,5.9041464328765869,3.0999999940395355,3.0364214479923248
1535,34.316000014543533,34.0209193341434,-116.84700000286102,-117.00080507993698,1.600000262260437,3.2442677021026611,3.3999999761581421,3.0777826309204102
1110,33.837166994810104,33.551595091819763,-117.04783302545547,-117.07817566394806,13.880000039935112,3.3735081553459167,3.0500000417232513,3.0418958365917206
2497,34.639999985694885,34.406178444623947,-116.26800000667572,-116.40202105045319,3.3000004291534424,4.1767376661300659,3,3.0200967192649841
483,35.881999969482422,35.793896675109863,-117.72983598709106,-117.73405534029007,4.5600003004074097,7.4277716875076294,3.4099999666213989,3.0936038196086884
2423,34.441000014543533,34.139597833156586,-116.25399994850159,-116.44864821434021,5.9999996423721313,5.611424446105957,3.3999999761581421,3.0312423706054688
915,33.482833027839661,33.226277947425842,-116.8026670217514,-116.83215844631195,1.9399997591972351,2.575761079788208,3.2099999785423279,3.0628887712955475
1506,32.486500024795532,32.849783897399902,-118.09000000357628,-117.74062007665634,9.9999998509883881,5.7044917345046997,3.0999999940395355,3.0602446496486664
277,35.554000973701477,35.546513557434082,-117.31066900491714,-117.24606168270111,7.3600003123283386,4.1022330522537231,3.8099999874830246,3.5129753351211548
2408,34.225999996066093,33.894928306341171,-116.7849999666214,-116.77579057216644,8.8000001013278961,3.4181132912635803,4.0999999791383743,3.407434344291687
221,35.944499969482422,35.785907030105591,-117.37733501195908,-117.19399219751358,-0.34999966621398926,6.2112012505531311,3.6999999582767487,3.2120670676231384
1261,35.658699989318848,35.344382524490356,-118.47020000219345,-118.63559639453888,11.700000017881393,3.1842121481895447,3.0999999940395355,3.0540958642959595
571,35.87766695022583,35.734441518783569,-117.7248310148716,-117.66637736558914,2.9499998688697815,6.6995188593864441,3.2999999821186066,3.1397371888160706
411,35.662333965301514,35.776920676231384,-117.47016900777817,-117.94153029099107,5.2699998021125793,6.9201421737670898,3.0399999618530273,3.155418187379837
2404,33.995000000111759,33.680297702550888,-116.71399998664856,-116.79026365280151,13.599999994039536,3.4231460094451904,3.3999999761581421,3.0653424561023712
1398,33.233799993991852,33.348206102848053,-116.105299949646,-116.66407942771912,12.199999988079071,3.649049699306488,3.3999999761581421,3.0920232832431793
1253,34.221100002527237,33.978132106363773,-119.55159997940063,-119.37708854675293,21.900000125169754,4.0417340397834778,3.0999999940395355,3.0850552618503571
585,35.916668057441711,35.37591016292572,-117.75533300638199,-117.71931064128876,9.0600000321865082,5.8881515264511108,3.5200000405311584,3.1101062893867493
2026,34.829999983310699,34.683540344238281,-118.34999999403954,-118.06315476447344,6.6999998688697815,4.7850394248962402,3.0999999940395355,3.0536064505577087
1266,35.753100037574768,34.570532083511353,-119.83599996566772,-119.88610172271729,4.6000000834465027,6.4331513643264771,4.0999999791383743,3.5740236639976501
2535,34.672999978065491,34.462684005498886,-116.33399999141693,-116.6082935333252,6.1000004410743713,5.3866249322891235,3.199999988079071,3.032945841550827
1613,34.164000004529953,34.036810532212257,-117.42699998617172,-117.36286211013794,5.5000001192092896,3.8322651386260986,3.2999999821186066,3.0745308995246887
674,35.871832966804504,34.129638522863388,-117.70133298635483,-117.72998404502869,6.119999885559082,4.7459641098976135,3.5300000309944153,3.7152456343173981
2010,34.116999998688698,34.078795813024044,-117.43999999761581,-117.49964129924774,4.5000001788139343,3.8544049859046936,3.0999999940395355,3.0363004803657532
855,35.406167030334473,35.30043888092041,-118.84500002861023,-119.01100540161133,13.100000023841858,1.0968482494354248,3.4999999701976776,3.1033928990364075
447,35.885666012763977,34.158640742301941,-117.69833400845528,-118.36165642738342,7.0099997520446777,5.5650061368942261,3.1899999976158142,3.0539144575595856
1765,34.091499999165535,34.251760393381119,-117.49349999427795,-117.65691021084785,9.9999998509883881,4.4016900658607483,3.9999999850988388,3.3083601593971252
2460,32.098999977111816,32.319958686828613,-116.39600002765656,-116.19834613800049,2.7000001072883606,5.5180084705352783,3.0999999940395355,3.0431844592094421
222,35.981333017349243,35.894574046134949,-117.38599997758865,-117.17225706577301,-0.44999957084655762,7.3717555403709412,3.6599999964237213,3.2358832955360413
1778,32.389999985694885,32.439655780792236,-116.35699999332428,-116.76057255268097,14.599999990314245,6.4363735914230347,3.199999988079071,3.0857552289962769
2309,35.937000036239624,35.93648362159729,-117.91200000047684,-117.63492205739021,0.99999994039535522,7.0271989703178406,3.6999999582767487,3.2262857258319855
2050,32.416499972343445,32.748273611068726,-117.82179999351501,-118.88079833984375,9.9999998509883881,8.9916171133518219,5.0000000149011612,3.8070286363363266
1606,34.349000006914139,34.129893019795418,-116.8918000459671,-116.98290765285492,9.5999997854232788,3.2910498976707458,3.5999999642372131,3.2052000761032104
1772,32.36300003528595,32.284953236579895,-117.4559999704361,-117.04983872175217,12.299999892711639,7.8318263590335846,3.2999999821186066,3.0711378157138824
45,35.34850001335144,35.204299211502075,-117.86349999904633,-117.92246163636446,3.8899996876716614,5.0470295548439026,3.0600000321865082,3.0217682719230652
2220,33.997999999905005,34.06696455925703,-118.35100001096725,-118.31800925731659,13.299999944865704,4.3834295868873596,3,3.0276806652545929
1665,32.392500042915344,32.481677889823914,-117.65779998898506,-117.41484022140503,4.3000003695487976,5.8379915356636047,3.0999999940395355,3.0516031086444855
961,33.741167008876801,33.545189440250397,-117.48966699838638,-117.35468393564224,10.550000220537186,3.3715528249740601,3.1399999558925629,3.0432806611061096
294,35.872002005577087,35.680211186408997,-117.7131649851799,-117.8861937969923,7.8800001740455627,7.3921206593513489,3.550000011920929,3.0556954443454742
1196,35.518800020217896,35.371854424476624,-116.25769996643066,-116.16978108882904,4.5000001788139343,3.59098881483078,3.199999988079071,3.1129402220249176
988,33.221832990646362,33.079978168010712,-116.75016701221466,-117.00485587120056,11.53999999165535,3.0692070722579956,3,3.0925968289375305
588,35.80066704750061,34.535788178443909,-117.56600001454353,-117.61295264959335,3.0399996042251587,5.7150453329086304,3.3600000143051147,3.1515596508979797
2081,32.083999991416931,32.063329100608826,-116.3860000371933,-116.1726588010788,5.2000004053115845,11.410773620009422,3.199999988079071,3.1156763434410095
257,35.572834014892578,35.502320766448975,-117.36150401830673,-117.19523513317108,1.8200004100799561,5.6124651432037354,3.4899999797344208,3.1404865980148315
1344,33.682200014591217,33.870263621211052,-116.80900001525879,-116.96107733249664,16.299999989569187,3.3185380697250366,3.8999999910593033,3.2146340310573578
1900,32.641999959945679,32.808748364448547,-117.33999997377396,-117.18613076210022,7.9999999701976776,5.2444517612457275,3.7999999970197678,3.219527542591095
926,33.092499017715454,33.062337636947632,-116.5711669921875,-116.92181265354156,2.3900002241134644,3.4111529588699341,3.2099999785423279,3.1952003538608551
2252,34.462000012397766,34.103665798902512,-116.48300004005432,-116.81277871131897,3.8999998569488525,4.2941746115684509,3.0999999940395355,3.1280674338340759
2108,34.395000010728836,34.410543829202652,-118.64999997615814,-118.57201570272446,17.300000041723251,2.8344404697418213,3.199999988079071,3.078553318977356
436,35.379001975059509,35.689735889434814,-117.65083301067352,-117.66208896040916,-0.86000025272369385,6.7063415050506592,3.0500000417232513,3.1022688746452332
1033,33.239000022411346,32.728200674057007,-116.05350005626678,-116.19088864326477,5.1499995589256287,3.4980422258377075,3.6100000441074371,3.1597033739089966
1790,33.564000010490417,33.76791612803936,-118.22699999809265,-118.19279752671719,15.100000002421439,4.5474225282669067,3.0999999940395355,3.0990527272224426
393,35.636500000953674,35.657355189323425,-117.43400001525879,-117.97003070265055,2.7200004458427429,6.1049848794937134,3.070000022649765,3.0466729402542114
425,35.896667957305908,35.69353973865509,-117.72683000564575,-118.13364627957344,3.5799998044967651,7.0187178254127502,3.2199999690055847,3.1028320491313934
534,35.784667015075684,35.615994930267334,-117.60183298587799,-117.27152389287949,4.9999997019767761,6.1414995789527893,3.4400000274181366,3.4571142196655273
30,33.868833005428314,33.44249415397644,-116.19649994373322,-116.44481885433197,8.0900001525878906,3.0084577202796936,3.0999999940395355,3.0890472829341888
1010,34.863833010196686,34.567586719989777,-118.96433299779892,-119.02009451389313,0.18999963998794556,6.4144366979598999,3.4999999701976776,3.0810820162296295
1337,33.73199999332428,33.806088611483574,-118.81599998474121,-118.63989835977554,1.8000000715255737,5.6999427080154419,3.199999988079071,3.0732167959213257
2109,32.733999967575073,32.6611008644104,-116.01999998092651,-116.09832429885864,7.9000000655651093,4.542614221572876,3.199999988079071,3.0531469881534576
1032,34.04016700014472,33.989442565478384,-117.23750001192093,-117.11492609977722,17.710000053048134,3.3725586533546448,3.4899999797344208,3.1024687886238098
2511,34.035999998450279,33.849158510565758,-117.25400000810623,-117.14299035072327,17.199999913573265,3.2439315319061279,3.0999999940395355,3.0251395404338837
1483,34.481299996376038,34.282494276762009,-118.708899974823,-118.71222388744354,17.100000008940697,4.2431491613388062,3.5999999642372131,3.2086434066295624
1307,35.157999992370605,34.860604107379913,-116.83899998664856,-116.9123786687851,1.8000000715255737,0.66090703010559082,3.199999988079071,3.128232479095459
2063,35.751000046730042,35.293175339698792,-118.0230000000447,-118.62839061021805,5.5000001192092896,0.023293197154998779,3,3.0667524039745331
2243,34.172999992966652,34.351167142391205,-118.81300002336502,-118.71576809883118,18.500000014901161,3.3805471658706665,3.4999999701976776,3.1524103581905365
1616,34.163000002503395,33.758026748895645,-119.14100003242493,-118.77301108837128,3.3000004291534424,5.8736327290534973,3.0999999940395355,3.0576218962669373
556,35.8125,34.727437257766724,-117.63783299922943,-117.91364321857691,7.7170000970363617,4.6555835008621216,3.1899999976158142,3.5863743424415588
1647,33.864999994635582,33.991567244753242,-117.77670000493526,-118.02581267803907,9.9999998509883881,4.8710167407989502,3.2999999821186066,3.295699417591095
2024,33.5,33.591908276081085,-116.48300004005432,-116.51623344421387,6.9999995827674866,1.9910234212875366,3.3999999761581421,3.1072497367858887
2260,34.612999975681305,34.454533576965332,-116.27799999713898,-116.31658852100372,5.6000000238418579,5.647239089012146,3.199999988079071,3.0297906696796417
570,35.798832058906555,35.736061096191406,-117.62750199437141,-117.70239293575287,7.7700001001358032,6.2204700708389282,3.4999999701976776,3.142896294593811
352,35.602833032608032,35.737955927848816,-117.46933001279831,-117.47562545537949,4.2699998617172241,6.5115058422088623,3.5999999642372131,3.1890017688274384
91,35.960332989692688,35.768361687660217,-117.4001669883728,-117.46453028917313,1.3300001621246338,6.3583141565322876,3.2099999785423279,3.0459693074226379
2134,34.340200006961823,32.910335540771484,-116.17589998245239,-116.2710622549057,3.8999998569488525,11.643669381737709,4.0999999791383743,3.7090181708335876
1073,33.431500017642975,33.276009082794189,-116.44266700744629,-116.49429798126221,12.310000061988831,3.3495917916297913,5.1900000125169754,4.4458027146756649
2414,35.452999949455261,35.618642330169678,-116.52100002765656,-116.58655595779419,9.3000000715255737,4.6696248650550842,3.5999999642372131,3.1731238961219788
1951,35.032999992370605,33.964782658964396,-119.00800001621246,-118.10250993818045,13.399999961256981,4.7383224964141846,3.0999999940395355,3.0449260175228119
2111,33.01800000667572,32.751488089561462,-116.02199995517731,-116.13413941860199,2.800000011920929,4.1933807730674744,3.0999999940395355,3.0641657710075378
348,35.580333948135376,35.365118861198425,-117.61216700077057,-117.80127219855785,9.60999995470047,5.8013033866882324,3.2999999821186066,3.0716467201709747
1124,32.144600033760071,32.717949867248535,-117.73719999194145,-118.94719207286835,10.700000077486038,4.7089004516601562,3.4999999701976776,3.1437464654445648
1908,35.929999947547913,35.778128862380981,-117.64300000667572,-117.42292660474777,3.7999999523162842,5.8594000339508057,3,3.0871067941188812
1818,33.696999996900558,33.606233984231949,-116.04200005531311,-116.43992948532104,12.400000020861626,3.4170359373092651,3.2999999821186066,3.1162906587123871
1050,33.99100000038743,33.96367234364152,-116.38966703414917,-116.6224228143692,8.6499997973442078,2.772400975227356,3.3999999761581421,3.127941370010376
2409,34.990000009536743,34.667450070381165,-116.84099996089935,-116.78434300422668,3.1999996304512024,5.660855770111084,3,3.0096344947814941
2395,34.287999987602234,34.006916674319655,-116.83599996566772,-116.83191704750061,5.899999737739563,2.859233021736145,3,3.0098902881145477
2097,34.252600014209747,34.274652928113937,-118.75220000743866,-118.65861147642136,13.80000002682209,2.8071838617324829,3.5999999642372131,3.1314433515071869
453,35.55649995803833,35.390280961990356,-117.35616701841354,-117.32881653308868,9.2099998891353607,8.4543456137180328,3.3600000143051147,3.14862459897995
913,33.259167015552521,33.354276239871979,-116.7586669921875,-117.2439141869545,13.519999980926514,2.7619931101799011,3,3.0462318956851959
1950,35.044000029563904,34.821350693702698,-119.01800000667572,-118.72650575637817,10.999999791383743,4.0809524059295654,3.199999988079071,3.0502371490001678
37,34.276167005300522,34.087800361216068,-119.2936669588089,-119.03359293937683,14.560000011697412,5.8068966865539551,3.4199999570846558,3.0878185629844666
974,33.149999976158142,32.792770743370056,-116.48166704177856,-116.73103713989258,11.07000008225441,3.5804039239883423,3,3.0390813946723938
1797,33.733000010251999,34.083401478827,-117.48400002717972,-117.63223341107368,11.499999985098839,4.2603090405464172,3.199999988079071,3.0556865036487579
1411,32.786999940872192,32.828997373580933,-116.14100003242493,-116.39670157432556,5.9999996423721313,2.6043945550918579,3.0999999940395355,3.1548745930194855
39,35.748000025749207,35.696951866149902,-117.59266701340675,-117.43826532363892,8.5199998319149017,6.3350468873977661,3.4999999701976776,3.0695492327213287
1731,35.451300024986267,35.325703620910645,-119.12489998340607,-119.22454595565796,17.100000008940697,1.8790823221206665,3.0999999940395355,3.0671017169952393
169,35.597332954406738,35.644805312156677,-117.37150001525879,-117.40447425842285,5.8800002932548523,6.1500066518783569,3.4799999892711639,3.1069318056106567
2045,34.061000000685453,34.172548919916153,-118.85199999809265,-118.91090267896652,13.499999977648258,3.0029448866844177,3.3999999761581421,3.1029303073883057
1116,34.342166990041733,34.221228688955307,-118.46616700291634,-118.3885438144207,3.2900002598762512,4.7941356897354126,3.4799999892711639,3.075634628534317
1359,33.901000000536442,33.854858532547951,-117.78900000452995,-117.52948662638664,9.4999998807907104,3.8504970073699951,3.3999999761581421,3.0677678883075714
634,35.828335046768188,35.680707097053528,-117.67732998728752,-117.78689132630825,1.5400001406669617,7.1200239658355713,3.4500000178813934,3.1360229551792145
1377,33.663100004196167,33.664814352989197,-119.0407999753952,-118.77615183591843,9.9999998509883881,6.5456485748291016,3.4999999701976776,3.4294023513793945
579,35.832833051681519,35.781041145324707,-117.67649999260902,-117.60639324784279,3.670000433921814,7.3689079284667969,4.1799999922513962,3.5311009883880615
1584,32.220999956130981,32.32120418548584,-116.57099997997284,-116.44723093509674,5.9999996423721313,3.2103368639945984,3,3.0583972334861755
892,33.481333017349243,33.629992127418518,-116.79900002479553,-116.95665979385376,4.0700000524520874,2.8480285406112671,3.4999999701976776,3.1525210440158844
780,35.677502036094666,35.789648413658142,-117.51483199000359,-117.47112953662872,2.8499999642372131,1.3565576076507568,3.3999999761581421,3.1548051238059998
159,35.682332992553711,35.728329539299011,-117.47200000286102,-117.55393403768539,5.7100000977516174,6.1826920509338379,3.0999999940395355,3.0510126650333405
2075,34.810000002384186,34.188980340957642,-116.30999994277954,-116.80586338043213,2.9999998211860657,4.9240243434906006,3.0999999940395355,3.0952996909618378
1558,32.623999953269958,32.584957718849182,-116.14900004863739,-116.61196708679199,2.8999999165534973,3.4801268577575684,3.0999999940395355,3.0999853312969208
61,35.54183304309845,35.372575283050537,-117.45083302259445,-117.41370606422424,5.3400000929832458,5.4601281881332397,3.3999999761581421,3.0537065863609314
849,34.989666998386383,34.771518588066101,-116.45899999141693,-116.5576593875885,1.5699997544288635,5.3731441497802734,3.1500000357627869,3.0563387274742126
1593,33.958000000566244,33.816877827048302,-116.89139997959137,-117.00630283355713,13.900000043213367,3.5373106598854065,3.7999999970197678,3.7238260209560394
2450,34.77700001001358,34.523989260196686,-116.25199997425079,-116.42719995975494,2.6000002026557922,4.9167251586914062,3,3.0346400141716003
1043,33.22333300113678,32.937774658203125,-116.08783304691315,-116.70324563980103,10.999999791383743,4.3451392650604248,3.1500000357627869,3.1349503397941589
1389,35.41349995136261,35.182468056678772,-119.36059999465942,-119.28980994224548,9.4999998807907104,7.1041390299797058,3.3999999761581421,3.0850112736225128
1163,34.822200000286102,34.590487122535706,-116.4206999540329,-116.51684093475342,11.100000143051147,3.2889515161514282,3.4999999701976776,3.1586875319480896
1070,33.443666994571686,34.510186374187469,-116.46599996089935,-117.91865251213312,10.78000009059906,4.6127897500991821,3.199999988079071,3.7003599107265472
53,35.606166958808899,35.646352052688599,-117.41200000047684,-117.19357085227966,4.5100003480911255,6.0540282726287842,3.0999999940395355,3.0441635549068451
2202,34.718999981880188,34.150833249092102,-116.29100000858307,-116.40429747104645,5.6000000238418579,7.2478017210960388,3.2999999821186066,3.0365881025791168
505,35.703999042510986,35.749384760856628,-117.55799901485443,-117.94953962415457,7.0599997043609619,7.0971804857254028,3.9099999815225601,3.6037153601646423
752,35.726832985877991,35.758790254592896,-117.56416299939156,-117.66051051020622,1.5400001406669617,6.547585129737854,3.1700000166893005,3.0758897066116333
1423,33.726999998092651,33.789005517959595,-119.38900005817413,-119.26687622070312,5.9999996423721313,1.3610923290252686,3,3.0427712202072144
1467,34.321799993515015,34.243700966238976,-116.83749997615814,-116.80900919437408,2.8999999165534973,2.5743779540061951,3.199999988079071,3.0789363384246826
1435,33.631999999284744,33.670960813760757,-118.51499998569489,-118.37653014063835,3.099999725818634,5.4097598791122437,3.2999999821186066,3.0627715587615967
2044,35.227800011634827,35.143928527832031,-119.5081000328064,-119.36533391475677,1.0999998450279236,8.8009893894195557,3.4999999701976776,3.1586257517337799
2077,34.368000000715256,34.131354197859764,-118.62199997901917,-118.65172946453094,12.100000083446503,5.473046600818634,3,3.0337568521499634
771,35.747002005577087,35.821026802062988,-117.56816899776459,-117.51000273227692,2.4199998378753662,6.8740448355674744,3.7200000286102295,3.2366357445716858
2378,34.217999994754791,34.072133205831051,-116.932000041008,-116.91710543632507,6.2000003457069397,3.9356321096420288,3.5999999642372131,3.065432220697403
2466,34.656000018119812,34.463843256235123,-116.3400000333786,-116.49691462516785,7.8000001609325409,6.1833858489990234,3.2999999821186066,3.0402764081954956
1085,34.521667003631592,34.302494257688522,-119.07483303546906,-118.93830448389053,19.299999922513962,4.5734462141990662,4.1299999952316284,3.5010391473770142
1837,32.687800049781799,32.567343711853027,-116.02960002422333,-116.37844455242157,13.999999947845936,2.4697387218475342,3.2999999821186066,3.1864625215530396
1226,35.651000022888184,35.276916265487671,-118.44560000300407,-118.62225663661957,7.5,5.3172111511230469,3.0999999940395355,3.0366551578044891
2226,35.713000059127808,35.554693818092346,-118.07800000160933,-118.10882199555635,2.8999999165534973,7.6820249855518341,3,3.0269714891910553
1407,34.007000000216067,34.125196754932404,-116.32299995422363,-116.56124377250671,10.200000107288361,2.8627091646194458,3.199999988079071,3.0813557803630829
1784,33.511999994516373,33.658832401037216,-116.46800005435944,-116.66665613651276,4.9999997019767761,3.7036854028701782,3.2999999821186066,3.0608089864253998
2147,34.280600011348724,33.828090518712997,-116.83309996128082,-117.01631218194962,3.7000000476837158,4.6805888414382935,3.4999999701976776,3.0537175834178925
963,34.702499985694885,34.505578100681305,-116.23183298110962,-116.55716419219971,3.0099999904632568,4.4245049357414246,3,3.1098570227622986
1193,32.996999979019165,33.360182285308838,-117.64599999785423,-118.29836082458496,0,5.3608596324920654,3.199999988079071,3.078948050737381
398,35.595332980155945,35.422938108444214,-117.3759999871254,-117.48377168178558,3.9200001955032349,5.5306962132453918,3.4600000083446503,3.080454558134079
584,35.703999042510986,35.685105800628662,-117.55616798996925,-118.14924642443657,7.1599996089935303,7.5188653171062469,3,3.182681679725647
948,34.852500021457672,34.422072142362595,-116.39716696739197,-116.58520686626434,1.1200001835823059,2.5330835580825806,3.2899999916553497,3.0851885676383972
704,35.902500033378601,34.371115893125534,-117.72216698527336,-118.03018233366311,4.7600001096725464,4.7992587089538574,4.3999999947845936,3.6912420988082886
431,35.781833052635193,35.747034668922424,-117.58916699886322,-118.0357958599925,8.5999998450279236,7.2268125414848328,3.0299999713897705,3.0731313228607178
292,35.728999972343445,35.77289879322052,-117.56749698519707,-117.42600375413895,6.2400001287460327,5.6837689876556396,3.199999988079071,3.043916791677475
1972,34.0489999987185,34.519225060939789,-117.00700002908707,-118.02338452078402,15.400000009685755,1.726202666759491,3.3999999761581421,3.3885433673858643
1490,33.371100008487701,32.892636060714722,-116.36090004444122,-116.83997058868408,14.299999997019768,4.9716997146606445,3.7999999970197678,3.2643274068832397
1857,34.344999998807907,34.184880420565605,-116.75300002098083,-116.96986448764801,2.6000002026557922,2.7110981941223145,3,3.0789172947406769
2,35.769999980926514,35.445366144180298,-117.59516701102257,-117.59862178564072,7.7799998223781586,5.5136042833328247,3.9300000071525574,3.2373439371585846
576,35.902667045593262,35.398502588272095,-117.72766700387001,-117.53017181158066,5.3000003099441528,5.4352954030036926,3.5999999642372131,3.1256113350391388
1846,32.837000012397766,32.957890272140503,-117.66600000858307,-117.42091768980026,5.9999996423721313,4.7413301467895508,3.0999999940395355,3.0740510523319244
339,35.690834045410156,35.699060678482056,-117.53933000564575,-117.82786759734154,6.629999577999115,6.1661356687545776,3.4500000178813934,3.1011045277118683
1502,34.730000019073486,34.337132096290588,-116.77300000190735,-116.98462247848511,3.9999997615814209,2.9125803709030151,3.0999999940395355,3.034965991973877
925,34.00366699998267,33.898288987576962,-117.01950001716614,-116.83037924766541,16.030000001192093,2.6512071490287781,3.0600000321865082,3.0135255753993988
265,35.900333046913147,35.788065075874329,-117.67316401004791,-117.74149876832962,8.0699998140335083,7.0258632302284241,3.1700000166893005,3.0824582576751709
376,35.860999941825867,35.765661120414734,-117.68399798870087,-117.85748986899853,6.7399996519088745,6.8909919261932373,3.5999999642372131,3.1706130802631378
271,35.624668002128601,35.431879758834839,-117.43016797304153,-117.47944122552872,3.7700003385543823,3.8486865162849426,3.1500000357627869,3.22331902384758
696,35.893666982650757,34.342686682939529,-117.72166699171066,-117.99299258645624,9.3899998068809509,4.7992560267448425,3.550000011920929,3.6857222020626068
1670,33.942999999970198,33.934209577739239,-118.783999979496,-118.60378378629684,13.999999947845936,5.4268008470535278,3.0999999940395355,3.0524730384349823
244,35.663334012031555,35.667218685150146,-117.49800097942352,-117.62679198384285,3.3000004291534424,6.2781965732574463,3.0800000131130219,3.049883633852005
1885,32.128000020980835,32.538642644882202,-116.64900004863739,-116.584796667099,11.100000143051147,5.3620737791061401,3.199999988079071,3.1773490905761719
476,35.909832954406738,35.393785715103149,-117.73233300447464,-118.06063604727387,4.1499996185302734,5.995573103427887,4.5,3.3215519785881042
1700,33.539000004529953,33.626357287168503,-116.57799994945526,-117.01740193367004,13.100000023841858,3.0173429846763611,3.0999999940395355,3.1393135786056519
1278,32.915500044822693,32.737048268318176,-116.25969994068146,-116.62206792831421,5.9999996423721313,3.5305836796760559,3.4999999701976776,3.2358962595462799
1325,35.82260000705719,35.902731657028198,-116.78910005092621,-117.02386975288391,9.9999998509883881,4.1094088554382324,3.2999999821186066,3.4784656763076782
2398,32.047999978065491,32.407586097717285,-116.42599999904633,-116.10536217689514,5.9999996423721313,4.989248514175415,3.0999999940395355,3.1188947260379791
1375,35.787299990653992,35.114648222923279,-116.26549994945526,-116.79522061347961,12.800000086426735,4.7285208106040955,3,3.1077010631561279
250,35.88633394241333,35.754324913024902,-117.70149999856949,-118.15102601051331,4.9700000882148743,6.6692179441452026,3.2999999821186066,3.0813364684581757
413,35.634498953819275,35.611411571502686,-117.43183100223541,-117.24201065301895,2.8499999642372131,7.1011242270469666,3.0999999940395355,3.0750386416912079
1752,33.410799980163574,32.975834369659424,-116.43649995326996,-116.86155724525452,10.200000107288361,4.775007963180542,3.4999999701976776,3.4519275426864624
1702,35.92929995059967,35.594804406166077,-116.75950002670288,-116.85147094726562,9.9999998509883881,4.9058997631072998,3.199999988079071,3.1201310455799103
310,35.654999017715454,35.705385684967041,-117.52600100636482,-117.712142765522,9.7599998116493225,5.8336275815963745,3.1899999976158142,3.0548991858959198
893,35.956833004951477,35.809359192848206,-116.73450005054474,-116.75477933883667,-0.34000039100646973,5.7331001758575439,3.5999999642372131,3.1452819406986237
1131,35.870100021362305,35.887568831443787,-117.69049999117851,-117.43046867847443,5.9999996423721313,4.9262014031410217,3,3.0706061124801636
2462,34.579999983310699,34.272042959928513,-116.18099999427795,-116.68539214134216,1.8000000715255737,7.1782806515693665,3,3.0186282098293304
15,32.587499976158142,32.6696857213974,-117.92233300209045,-118.65151196718216,28.950000107288361,6.8593946099281311,3.3999999761581421,3.1381098031997681
721,35.891000032424927,34.323508530855179,-117.73649999499321,-117.96737141534686,9.0999998152256012,4.8253226280212402,5.0000000149011612,3.8202983289957047
2221,33.907999999821186,33.773751676082611,-119.57000005245209,-119.55011653900146,14.499999973922968,1.1749809980392456,3,3.0170043110847473
981,33.461833000183105,33.5347019135952,-118.18366700410843,-118.05571161583066,10.700000077486038,4.9019372463226318,3.6999999582767487,3.1402385830879211
2132,34.34689998626709,34.015094202011824,-116.82550001144409,-116.97907996177673,3.6000001430511475,5.3633174300193787,3.7999999970197678,3.0561186969280243
2032,34.42399999499321,34.377164155244827,-117.68200001120567,-117.38383722305298,7.3000001907348633,3.6694926023483276,3.199999988079071,3.0894059836864471
363,35.873664975166321,35.881540179252625,-117.6623310148716,-117.9549297913909,5.2500003576278687,6.8738016486167908,3.4999999701976776,3.1234785318374634
1436,34.958999991416931,34.654640674591064,-119.08200001716614,-119.02843654155731,3.7000000476837158,5.4333633184432983,3,3.0368767082691193
182,35.664499998092651,35.788998126983643,-117.50400000810623,-117.55890542268753,8.9800000190734863,6.6667914390563965,3.7999999970197678,3.3002691864967346
985,34.040667001157999,34.252486377954483,-117.23883301019669,-117.40363693237305,18.049999997019768,3.871997594833374,3,3.0300010442733765
1960,33.167999982833862,32.677803993225098,-116.04100000858307,-116.97611522674561,1.2999996542930603,4.9015805125236511,3,3.1526470184326172
1264,33.37610000371933,33.212428748607635,-116.33550000190735,-116.91853547096252,15.80000001937151,3.1644013524055481,3.199999988079071,3.0887340009212494
1632,35.726999998092651,35.613731145858765,-117.62200000882149,-117.52919769287109,10.200000107288361,6.1482185125350952,3.7999999970197678,3.2162089347839355
1121,34.137167006731033,33.904491230845451,-116.85800004005432,-116.90561723709106,11.177000105381012,2.900407612323761,4.0100000202655792,3.7297552227973938
187,35.978832006454468,35.890915989875793,-117.67166900634766,-118.16060987114906,1.7899999022483826,8.0717454850673676,3.4999999701976776,3.1082845330238342
619,35.923167943954468,35.445318102836609,-117.71666699647903,-118.16826893389225,1.8999999761581421,6.463032066822052,3.4500000178813934,3.1316298544406891
2278,34.865000009536743,34.777535259723663,-116.40199995040894,-116.63514375686646,4.7999998927116394,5.3594505786895752,3,3.0190969705581665
614,35.899665951728821,34.372446000576019,-117.72683000564575,-118.03356190398335,4.5000001788139343,4.7332361340522766,3.6599999964237213,3.4134160280227661
1547,35.52209997177124,35.484922170639038,-118.37850001454353,-118.10609084367752,4.0999996662139893,6.4465552568435669,3.2999999821186066,3.1843761205673218
994,33.993333000224084,33.979236871004105,-116.80116701126099,-117.04146075248718,16.810000017285347,2.8691777586936951,3.0999999940395355,3.0342191755771637
934,34.946667015552521,34.586061596870422,-116.7413330078125,-116.82095217704773,4.4299998879432678,3.2391804456710815,3.3199999630451202,3.0482787787914276
371,35.727664947509766,35.817925214767456,-117.6086660027504,-117.74086114764214,5.9200000762939453,6.9254887104034424,3.4999999701976776,3.1842182278633118
1380,34.95440000295639,34.551423907279968,-118.57150000333786,-118.54745256900787,10.60000017285347,6.2616652250289917,3.5999999642372131,3.1226583123207092
593,35.876834988594055,35.659075498580933,-117.69066599011421,-117.6883632838726,6.8300002813339233,6.1452975869178772,3.5999999642372131,3.2780508399009705
726,35.769500017166138,35.383586406707764,-117.59933298826218,-117.7224141061306,7.9999999701976776,6.5304547548294067,7.1000000238418579,4.5184436207637191
2508,34.307000011205673,33.996249739779159,-116.75800001621246,-116.91232132911682,2.1999996900558472,3.1620946526527405,3.5999999642372131,3.0521590411663055
687,35.623999953269958,34.372453063726425,-117.48616701364517,-118.00645010918379,10.990000069141388,4.794292151927948,4.2999999895691872,3.7474603950977325
1713,33.962999999523163,33.762369975447655,-117.78900000452995,-117.95090062916279,15.599999986588955,4.5415985584259033,3.0999999940395355,3.0402164161205292
136,35.601166009902954,35.370179414749146,-117.40499901771545,-117.35929638147354,6.3600003719329834,5.8569985628128052,3,3.0613040328025818
628,35.661334991455078,35.191856145858765,-117.4836660027504,-117.98279418423772,4.1699999570846558,5.7098060846328735,3.4799999892711639,3.5630655884742737
334,35.673167943954468,35.253177285194397,-117.52083599567413,-117.49063348770142,6.9999995827674866,4.9049082398414612,3.0999999940395355,3.3423557281494141
2281,33.50900000333786,33.313608765602112,-116.51300001144409,-116.61807203292847,15.100000002421439,3.1851965188980103,3,3.032692551612854
1855,33.745599985122681,33.256399095058441,-116.09280002117157,-116.41435027122498,10.499999821186066,4.0239483118057251,3,3.0935111939907074
1109,33.625499993562698,33.734242677688599,-117.9023329988122,-117.77140781283379,9.4699998199939728,4.1625156998634338,3.3600000143051147,3.0788380801677704
1901,33.520999997854233,33.916988231241703,-116.58500003814697,-116.85978150367737,12.100000083446503,2.6769822835922241,3.199999988079071,3.0635112226009369
1842,34.054999999701977,34.231902301311493,-118.06449999660254,-117.85655570030212,9.9999998509883881,4.5362743735313416,3.3999999761581421,3.0655225217342377
710,35.887500047683716,34.310136556625366,-117.64950001239777,-117.95025968924165,10.860000103712082,4.8150086402893066,4.2999999895691872,3.7608705461025238
1039,33.068333029747009,32.741556406021118,-116.06449997425079,-116.85000109672546,13.729999959468842,4.072532057762146,3.0299999713897705,3.1238115727901459
1349,34.065999999642372,34.008911401964724,-118.39800000190735,-118.38762184977531,1.5000003576278687,4.6004873514175415,3.4999999701976776,3.1460689902305603
1491,32.99179995059967,32.635169506072998,-116.45089995861053,-116.70563912391663,13.499999977648258,5.2372545003890991,3.6999999582767487,3.1780765056610107
2331,35.985000014305115,35.820243716239929,-117.89599999785423,-117.4754958152771,2.7000001072883606,6.6024255752563477,3.6999999582767487,3.6932088732719421
1112,34.072167001664639,34.088511936366558,-116.6710000038147,-116.99191689491272,10.460000038146973,2.8024300932884216,3.3199999630451202,3.0359320342540741
465,35.877334952354431,35.818454384803772,-117.70833599567413,-117.54496648907661,5.9099999070167542,8.054642379283905,3.75,3.3843775391578674
1403,33.716899991035461,33.033318936824799,-116.04069995880127,-116.35413420200348,5.4000002145767212,5.8497843146324158,3.4999999701976776,3.1455090343952179
2512,33.953000001609325,34.024248067289591,-117.28100001811981,-117.25466990470886,20.600000023841858,3.73252272605896,3.2999999821186066,3.562648594379425
1911,32.827000021934509,32.560931205749512,-118.34200000762939,-118.42449101805687,3.1999996304512024,5.3769046068191528,3.0999999940395355,3.0503217279911041
1104,34.187666997313499,34.289116740226746,-117.40799999237061,-117.67680668830872,8.4900002181529999,4.4295823574066162,3.7699999809265137,3.1225971579551697
2000,34.423000007867813,34.217410579323769,-118.66799998283386,-118.3282764852047,14.400000013411045,4.9125140905380249,3.5999999642372131,3.1367028057575226
338,35.827000021934509,35.867059588432312,-117.64433300495148,-117.8019128292799,6.9599997997283936,7.010517418384552,3,3.0539846420288086
1691,35.968700051307678,35.752135872840881,-117.37239998579025,-117.16915756464005,9.9999998509883881,7.1541336178779602,3.9999999850988388,3.433777928352356
2119,34.305000007152557,33.99920520192245,-116.83500003814697,-116.91630744934082,7.3000001907348633,2.8002700209617615,3.199999988079071,3.0789045989513397
1560,32.840999960899353,33.40908807516098,-116.26300001144409,-118.07458417117596,6.5000000596046448,5.4704082012176514,3.0999999940395355,3.0975780487060547
1207,35.824699997901917,34.839338600635529,-119.81780004501343,-119.92627334594727,14.400000013411045,7.4495753645896912,3.199999988079071,3.0758441984653473
2126,33.014999985694885,33.169271886348724,-118.92799997329712,-118.5450502038002,5.9999996423721313,7.5687244534492493,3.2999999821186066,3.0317126512527466
816,35.66466498374939,35.315089464187622,-117.52616900205612,-118.001231776434,1.1999997496604919,7.7861090004444122,3.0999999940395355,3.0351912975311279
1067,33.459333002567291,33.226527750492096,-116.42433297634125,-116.68394327163696,11.200000047683716,2.9122933745384216,3.4999999701976776,3.1235908269882202
274,35.931331992149353,35.791536211967468,-117.7333300113678,-117.85663658380508,7.7099999785423279,8.1784938275814056,3.199999988079071,3.0816833674907684
1755,33.788000002503395,33.302876234054565,-116.10899996757507,-116.51673924922943,0.50000041723251343,3.0428874492645264,3.199999988079071,3.0740291476249695
865,33.819499999284744,33.784230604767799,-119.3038330078125,-119.15728950500488,5.8899995684623718,7.3989272117614746,3.0299999713897705,3.0588276386260986
101,35.782999992370605,35.599536180496216,-117.61599999666214,-117.57068851590157,7.6700001955032349,6.0581427812576294,3.5999999642372131,3.131860077381134
1590,32.063300013542175,32.336480617523193,-117.46619999408722,-117.87406849861145,9.9999998509883881,8.0635200440883636,4.3999999947845936,3.6255611479282379
107,35.68433403968811,35.799305319786072,-117.5453340113163,-117.55455133318901,3.3099997043609619,5.984269380569458,3,3.0906599164009094
2530,34.301999986171722,34.069001369178295,-116.74199998378754,-116.73436677455902,4.0999996662139893,3.436582088470459,3.3999999761581421,3.0204652547836304
1530,32.054000020027161,33.564068466424942,-116.28100001811981,-117.43849432468414,16.099999956786633,6.9571861624717712,3.199999988079071,3.0717535614967346
1405,34.3716000020504,34.081692963838577,-119.8043999671936,-119.40036177635193,18.200000077486038,5.8712911605834961,3,3.0594565272331238
1259,34.143299996852875,33.94398869946599,-117.4472000002861,-117.76981353759766,10.700000077486038,4.8854345083236694,4.2999999895691872,3.7454961240291595
1412,35.178799986839294,34.708551645278931,-119.37450003623962,-119.51382601261139,4.6000000834465027,9.9140998721122742,3,3.0561145842075348
1769,33.341000020503998,33.411660373210907,-116.39999997615814,-116.27577602863312,13.299999944865704,2.7971211075782776,3,3.05251345038414
1255,35.313699960708618,35.086571455001831,-118.49380001425743,-118.58239710330963,13.700000010430813,6.7226994037628174,3.3999999761581421,3.0495203733444214
1546,32.034999966621399,32.879036903381348,-116.34700000286102,-118.10609224438667,13.499999977648258,6.9755414128303528,3.4999999701976776,3.1194046139717102
712,35.83316695690155,34.506409645080566,-117.64516699314117,-117.95061834156513,8.099999874830246,4.7020456194877625,4.1999999955296516,3.8136626332998276
72,35.597167015075684,35.501772999763489,-117.42433297634125,-117.25214523077011,5.4199996590614319,6.0273107886314392,3.4699999988079071,3.0792743861675262
2053,34.888000011444092,34.394997537136078,-119.08700001239777,-119.05763494968414,5.0999996066093445,2.730269730091095,3,3.046013206243515
2501,33.82600000500679,33.752851754426956,-117.70899999141693,-117.91253603994846,3.5000002384185791,4.4907563924789429,3.0999999940395355,3.0163570940494537
481,35.747501015663147,35.812157511711121,-117.5709989964962,-117.47734010219574,3.9899995923042297,5.6764054298400879,3.129999965429306,3.0791572630405426
1718,34.372000008821487,34.346239298582077,-117.66499999165535,-117.62057641148567,7.2000002861022949,4.1963177919387817,3.0999999940395355,3.0543583631515503
1465,32.705000042915344,32.422102332115173,-116.00300002098083,-116.82285261154175,3.9999997615814209,5.2336817979812622,3.0999999940395355,3.1104748249053955
1171,35.015300035476685,34.948510527610779,-116.50520002841949,-117.1725138425827,15.700000002980232,4.8471289873123169,3,3.1475719213485718
2527,34.321000009775162,34.069250784814358,-116.76800000667572,-116.74419140815735,3.7000000476837158,3.0642592906951904,3,3.0130510032176971
1480,33.200100004673004,33.04218202829361,-116.74039995670319,-116.94437181949615,13.200000040233135,3.1471458077430725,3.0999999940395355,3.077375739812851
405,35.880332946777344,35.880202054977417,-117.70833599567413,-118.00125529977959,4.0499997138977051,7.4528208374977112,3.199999988079071,3.1515128016471863
757,35.698333978652954,35.758156776428223,-117.48116302490234,-117.56614911556244,1.2599998712539673,6.7374050617218018,3.3999999761581421,3.2755436897277832
1406,33.209100008010864,32.887480974197388,-119.41589999198914,-119.28286051750183,15,4.9145275354385376,3.7999999970197678,3.3507365584373474
1672,35.980000019073486,35.74697744846344,-117.31400001049042,-117.00442171096802,3.099999725818634,5.4315707087516785,3.199999988079071,3.0523122847080231
2234,34.521000027656555,34.22433166205883,-116.29299998283386,-116.38274550437927,5.6000000238418579,5.2060532569885254,3.0999999940395355,3.0284650325775146
1912,34.289000004529953,34.202443450689316,-116.8289999961853,-117.10967892408371,5.6999999284744263,3.5438212752342224,3.4999999701976776,3.2368773221969604
743,35.760332942008972,35.802993774414062,-117.57499998807907,-117.46473568677902,6.9499996304512024,7.3512858152389526,5.4000000357627869,4.4067318364977837
806,35.727664947509766,34.791883528232574,-117.56416299939156,-117.71638765931129,1.6199997067451477,5.2620166540145874,3.2999999821186066,3.448567807674408
2341,35.799000024795532,35.777104258537292,-118.04500000178814,-117.63197410106659,9.8000000417232513,2.8123050928115845,3,3.0286254286766052
1813,34.270000010728836,34.149088025093079,-118.52100002765656,-118.36662864685059,14.599999990314245,4.4021755456924438,3.199999988079071,3.0840308368206024
1954,35.039000034332275,34.679514348506927,-119.01800000667572,-119.03002834320068,11.200000047683716,7.7550472319126129,3.3999999761581421,3.1896912753582001
2391,34.178000003099442,34.174842745065689,-118.48699998855591,-118.33712157607079,12.800000086426735,4.8449742794036865,3.5999999642372131,3.4922799468040466
148,35.913666963577271,35.813224911689758,-117.4365000128746,-117.50399404764175,0.9799996018409729,7.2981888055801392,3.1199999749660492,3.0404533445835114
2507,33.812999993562698,33.83815723657608,-117.71200001239777,-117.87775024026632,11.100000143051147,4.4953688979148865,3.0999999940395355,3.0355997085571289
1580,34.012000000104308,34.110448829829693,-117.18800002336502,-117.41081547737122,7.3000001907348633,3.499961793422699,3.199999988079071,3.0714071989059448
692,35.898167014122009,34.353094935417175,-117.72633299231529,-118.0064334794879,10.819999873638153,4.8054707050323486,3.6100000441074371,3.7193740904331207
818,35.723332047462463,35.359547972679138,-117.54033699631691,-118.14425168931484,1.2200000882148743,7.7634613215923309,3,3.1753490567207336
1812,32.473999977111816,32.636878609657288,-119.26699995994568,-118.95503443479538,17.000000104308128,7.7876387536525726,3.0999999940395355,3.1266558766365051
1488,35.944200038909912,35.786138534545898,-117.65810000896454,-117.68703284859657,6.2000003457069397,6.1619684100151062,3.2999999821186066,3.1276295185089111
2251,34.540000021457672,34.350561708211899,-118.97100001573563,-119.08438801765442,24.200000166893005,3.3014631271362305,3.2999999821186066,3.0729059278964996
701,35.732499957084656,34.283772081136703,-117.5088329911232,-117.91556043177843,7.0300000905990601,4.8392343521118164,4.0700000077486038,3.8915268927812576
2242,34.361999988555908,34.350458800792694,-118.66100001335144,-118.79243004322052,12.299999892711639,1.6436049342155457,3,3.034740149974823
921,32.397498965263367,32.765657901763916,-117.76049800217152,-119.36988663673401,29.839999973773956,8.4028753638267517,3.129999965429306,3.1485849916934967
905,33.489832997322083,33.29311615228653,-116.8038330078125,-116.94182622432709,2.839999794960022,2.9819244146347046,3.2999999821186066,3.0527906119823456
454,35.648833990097046,35.811151146888733,-117.4544979929924,-117.45521175861359,2.9899996519088745,7.0265418291091919,3.5300000309944153,3.4541569948196411
1532,33.375299990177155,32.824221134185791,-116.42589998245239,-116.82247364521027,13.499999977648258,4.3840330839157104,4.3999999947845936,4.4599183090031147
1849,34.214000001549721,34.142898321151733,-117.50799998641014,-117.75865308940411,5.9999996423721313,4.3076732754707336,3.2999999821186066,3.0471418797969818
1918,34.340000003576279,34.28207665681839,-116.86099994182587,-116.98506283760071,5.5000001192092896,3.0362445116043091,3.199999988079071,3.067826896905899
167,35.988999962806702,35.883362412452698,-117.41100001335144,-117.54236316680908,0.8899998664855957,7.026938796043396,3.4999999701976776,3.088441014289856
730,35.775002002716064,35.755422592163086,-117.60067000985146,-117.86897444725037,2.3800000548362732,6.0670101642608643,3,3.0421988368034363
1628,34.239099994301796,34.407951444387436,-117.37529999017715,-117.6541995704174,10.700000077486038,4.2583063244819641,3.4999999701976776,3.2085071504116058
26,35.681332945823669,35.588282346725464,-117.51533299684525,-117.37779319286346,8.8899998366832733,6.0113900899887085,3.3400000333786011,3.0495249330997467
1387,33.304000020027161,33.010360419750214,-116.40380001068115,-116.77693343162537,5.899999737739563,2.9877626895904541,3.3999999761581421,3.1590642929077148
2305,35.983999967575073,35.887195825576782,-117.87699999660254,-117.65403431653976,3.9999997615814209,0.76418101787567139,3,3.0330316722393036
997,35.622499942779541,35.26849365234375,-118.1494999974966,-118.23937587440014,9.0600000321865082,6.7106428742408752,3.4699999988079071,3.0781034231185913
1176,34.693499982357025,34.341599464416504,-116.24349999427795,-116.84152698516846,4.400000274181366,3.5017803311347961,3,3.0360778570175171
1040,34.151333004236221,33.801876559853554,-116.7071670293808,-116.88984942436218,10.919999778270721,2.8921115398406982,3.8999999910593033,3.5584617555141449
1673,35.99399995803833,35.741799592971802,-117.30900001525879,-117.13973784446716,3.4000003337860107,7.1333572268486023,3.199999988079071,3.0964263081550598
2540,34.308999985456467,33.799584209918976,-116.0809999704361,-116.20425343513489,1.600000262260437,5.6358101963996887,3.199999988079071,3.0284383893013
1945,32.567000031471252,32.735228061676025,-118.11900000274181,-117.97263487242162,9.9999998509883881,7.0105040073394775,3.4999999701976776,3.0618402063846588
41,35.633499979972839,35.547249317169189,-117.43683302402496,-117.36663639545441,5.1199999451637268,5.70015549659729,3.2999999821186066,3.0935070812702179
1971,33.495000004768372,33.36187332868576,-116.52999997138977,-116.87329816818237,12.800000086426735,2.9955625534057617,3.2999999821186066,3.0680485367774963
2416,35.621000051498413,35.194039344787598,-119.56099998950958,-119.57432949542999,5.9999996423721313,7.7895332872867584,3,3.0223331451416016
2365,34.651000022888184,34.51928448677063,-116.28799998760223,-116.5653623342514,12.400000020861626,5.2505707740783691,3.199999988079071,3.0165499448776245
1419,34.684400022029877,34.696973323822021,-116.27610003948212,-116.59928143024445,7.1000003814697266,2.9867327213287354,3.4999999701976776,3.1821787655353546
1295,32.858199954032898,32.543068647384644,-116.20099997520447,-116.42902445793152,12.899999991059303,4.022294282913208,3.7999999970197678,3.2937968373298645
609,35.903499960899353,35.707452774047852,-117.72683000564575,-117.7436241209507,3.6399999260902405,6.7546409368515015,3.550000011920929,3.1544046700000763
1132,35.866999983787537,35.735144138336182,-117.6899000108242,-117.50785139203072,10.700000077486038,6.5800407528877258,3.0999999940395355,3.1035227179527283
28,35.64549994468689,35.425111770629883,-117.47699999809265,-117.60457661747932,8.6100000143051147,3.5056239366531372,3.129999965429306,3.0460879504680634
441,35.892665982246399,35.791066408157349,-117.71466800570488,-117.92811008542776,1.7000001668930054,6.7225885391235352,3.0299999713897705,3.0478641986846924
2178,35.322999954223633,35.276476621627808,-118.6690000295639,-118.94338965415955,2.1999996900558472,3.082922101020813,3,3.0212601721286774
1629,33.632999986410141,33.608683109283447,-116.71899998188019,-117.04651582241058,13.999999947845936,3.1424456834793091,3.4999999701976776,3.1229781210422516
493,35.702998995780945,35.625646471977234,-117.50766798853874,-117.42791241407394,2.4300000071525574,6.5403932332992554,3.3999999761581421,3.1537318825721741
1258,33.820099994540215,33.689407050609589,-117.68560001254082,-117.94809048250318,18.700000047683716,4.8497575521469116,3.7999999970197678,3.1350409090518951
1939,32.567899942398071,32.247907876968384,-118.07959999889135,-117.95385134965181,11.999999955296516,8.3646252751350403,3.9999999850988388,3.3659586310386658
236,35.670665979385376,35.748746156692505,-117.51300099492073,-117.6106826364994,7.420000433921814,6.2460091710090637,3.199999988079071,3.0497698187828064
551,35.902331948280334,35.487213850021362,-117.70883199572563,-117.64059418439865,7.590000182390213,6.0075724124908447,3.0600000321865082,3.091651439666748
520,35.882500052452087,35.687433123588562,-117.74349999427795,-117.92627576738596,3.6000001430511475,6.9280403852462769,4.0999999791383743,3.4002237617969513
1716,32.720800042152405,32.706488847732544,-116.0320999622345,-116.60195755958557,12.100000083446503,3.4624278545379639,3.4999999701976776,3.2326422929763794
1232,33.942099999636412,33.934991620481014,-117.89029999822378,-117.95588618516922,16.400000005960464,4.9816024303436279,4.3999999947845936,3.6822611689567566
1138,33.816300004720688,33.786118254065514,-116.97790002822876,-116.96871769428253,19.100000113248825,3.5145404934883118,3.3999999761581421,3.2424736618995667
720,35.860999941825867,34.348122119903564,-117.67783299088478,-117.99895707902033,6.8200001120567322,4.8354989290237427,4.8000000044703484,3.8850518614053726
1965,34.843999981880188,34.316502749919891,-116.32000005245209,-116.81663334369659,2.6000002026557922,4.7775381803512573,3.7999999970197678,3.5331936478614807
2239,32.093999981880188,32.085247278213501,-117.91099999845028,-116.17695796489716,6.9999995827674866,6.6953372955322266,3.199999988079071,3.2122176289558411
58,35.830000042915344,35.81358003616333,-117.65916699171066,-118.0118947038427,2.8999999165534973,6.5545749664306641,3.2299999594688416,3.0750919282436371
631,35.584833025932312,35.095519661903381,-117.61449998617172,-117.45984554290771,9.6299998462200165,5.7227092981338501,4.8000000044703484,3.9602559506893158
1181,34.502900004386902,34.280713260173798,-118.78490000963211,-118.50985139608383,17.700000107288361,5.358206033706665,3.6999999582767487,3.1557263731956482
2304,36,35.968680620193481,-117.8289999961853,-117.7373034954071,1.7000001668930054,7.762676328420639,3.6999999582767487,3.1808649301528931
592,35.880666971206665,34.904995977878571,-117.71616700291634,-118.15398101508617,2.8999999165534973,6.0374665260314941,3.070000022649765,3.0810069143772125
2206,35.889000058174133,35.797567129135132,-117.2960000038147,-116.68623375892639,3.5000002384185791,8.143342137336731,3.4999999701976776,3.1625626087188721
939,34.016000000759959,33.926478065550327,-116.77983295917511,-116.95422196388245,12.89000004529953,3.3248421549797058,4.4899999997578561,4.0833683609962463
2359,35.98199999332428,35.912738561630249,-117.81700000166893,-117.45471268892288,3.6000001430511475,10.758469551801682,4.0999999791383743,3.1050832271575928
1249,32.953999996185303,32.971264362335205,-116.54799997806549,-117.37741279602051,9.9999998509883881,4.8584514856338501,3.199999988079071,3.1338299810886383
904,33.796333000063896,33.765253096818924,-116.96733295917511,-116.89674711227417,14.140000026673079,2.9801389575004578,3.0999999940395355,3.0713346004486084
1279,32.922099947929382,32.840434670448303,-116.24849998950958,-116.64855134487152,3.8999998569488525,3.073866069316864,3.199999988079071,3.1242181956768036
2004,34.158000007271767,34.094072192907333,-117.42500001192093,-117.50280150771141,10.399999916553497,4.0394300222396851,3.199999988079071,3.0628215372562408
2438,34.712999999523163,34.620601952075958,-116.27499997615814,-116.40727722644806,2.0999997854232788,5.7996931672096252,3.0999999940395355,3.025459349155426
1591,32.990000009536743,32.742385387420654,-116.36099994182587,-116.61003959178925,5.2000004053115845,2.0257043838500977,3.199999988079071,3.1033759117126465
1468,33.17960000038147,33.093269884586334,-116.73689997196198,-117.06305116415024,8.4999999403953552,3.9584335684776306,3.6999999582767487,3.1908302307128906
1914,34.023000000044703,34.210496857762337,-117.55700001120567,-117.60283446311951,10.700000077486038,4.3724888563156128,3.3999999761581421,3.1155755817890167
2522,35.715999960899353,35.736072182655334,-117.96900000050664,-117.96237821131945,8.1999997794628143,5.2047944068908691,3.5999999642372131,3.0676799118518829
706,35.841166973114014,34.408405780792236,-117.65983301401138,-117.95638243854046,11.450000032782555,4.7905415296554565,4.0899999886751175,4.0928635597229004
1022,34.247832998633385,33.918512985110283,-116.83616697788239,-116.86804473400116,-1.0699993371963501,2.8314971923828125,3.0999999940395355,3.038984477519989
745,35.663166046142578,35.560925245285034,-117.50299799442291,-117.73537355661392,6.0900002717971802,6.0283666849136353,3.0999999940395355,3.0353365838527679
1886,33.269500017166138,32.829752445220947,-116.02909994125366,-116.27208685874939,4.400000274181366,4.0216255187988281,3.5999999642372131,3.2130228281021118
1472,34.467999994754791,34.077964060008526,-116.51600003242493,-116.72713780403137,10.60000017285347,2.8131696581840515,3.3999999761581421,3.1038336753845215
513,35.701331973075867,35.829241037368774,-117.50283101201057,-117.57333916425705,1.8000000715255737,7.3169097304344177,3.5999999642372131,3.2560840845108032
81,35.907333016395569,35.828057050704956,-117.70899999141693,-117.53151860833168,2.4000003933906555,6.7245644330978394,5.0000000149011612,4.3469246663153172
2246,32.228000044822693,32.659832000732422,-116.99300003051758,-116.13667917251587,7.8000001609325409,4.4726872444152832,3,3.115123987197876
1308,33.583000004291534,33.78044518828392,-118.37900000810623,-118.27526053786278,0.29999971389770508,4.6095263957977295,3.2999999821186066,3.0555498898029327
914,34.435833007097244,34.301182478666306,-116.89900004863739,-116.8327465057373,2.5000002980232239,1.4777746796607971,3,3.0321571826934814
2334,34.221000000834465,33.6731076836586,-116.79700005054474,-116.78602409362793,6.7999997735023499,4.5462629199028015,3.0999999940395355,3.3904032111167908
1874,34.349999994039536,33.956363063305616,-116.46099996566772,-116.81260240077972,4.400000274181366,3.0348944664001465,3,3.0509155690670013
150,35.616000056266785,35.430891036987305,-117.45583301782608,-117.61437374353409,10.289999842643738,5.7122611999511719,3.2400000393390656,3.0626932382583618
774,35.747002005577087,34.904883503913879,-117.57849898934364,-117.64248657226562,2.1300002932548523,4.0535581111907959,3.0999999940395355,3.0946269929409027
329,35.716832995414734,35.678234696388245,-117.49599999189377,-117.54550474882126,3.1599998474121094,6.5484005212783813,3.2999999821186066,3.0827112793922424
6,35.652500033378601,35.433479070663452,-117.45099997520447,-117.3459358215332,3.1400004029273987,5.2018654346466064,3.8400000035762787,3.1918970346450806
943,33.379666984081268,32.913503408432007,-116.2983330488205,-116.90209448337555,13.949999995529652,4.1208368539810181,4.0999999791383743,3.3034481406211853
1644,35.024999976158142,35.0050950050354,-119.30999994277954,-119.0381453037262,17.800000011920929,3.8741183280944824,3.4999999701976776,3.0846885144710541
734,35.561332941055298,34.536490738391876,-117.61333501338959,-117.66825267672539,3.2800000905990601,4.1697263717651367,3.2099999785423279,3.0574862658977509
909,34.001333000021987,33.74785777926445,-117.01733297109604,-116.98281908035278,15.869999974966049,3.0933058261871338,3.4999999701976776,3.069456160068512
468,35.702167987823486,35.335270762443542,-117.59133198857307,-117.74948239326477,2.879999577999115,9.2271946370601654,3.0999999940395355,3.1670946478843689
181,35.615165948867798,35.44814658164978,-117.60266900062561,-118.0179140213877,7.0300000905990601,5.6281033158302307,3.0199999809265137,3.0460768640041351
164,35.879166960716248,35.799625158309937,-117.69150000810623,-117.58563649654388,7.5199998915195465,5.5306220054626465,3.0500000417232513,3.0731196105480194
451,35.883834958076477,35.643510580062866,-117.69716599583626,-117.49836415052414,3.0899995565414429,6.059567928314209,3.129999965429306,3.6287069320678711
490,35.618332028388977,35.75737476348877,-117.41666400432587,-117.50888559222221,2.7700003981590271,6.938224732875824,4.0999999791383743,3.5440503358840942
1441,32.822800040245056,32.497334003448486,-116.10899996757507,-116.39638829231262,16.400000005960464,5.6791877746582031,4.0999999791383743,3.4823749959468842
1143,32.034999966621399,32.440778017044067,-116.06700003147125,-117.38294208049774,18.200000077486038,4.5378747582435608,3.199999988079071,3.2853217720985413
1311,33.979000000283122,34.044406149536371,-116.76699995994568,-116.99680149555206,17.899999916553497,2.8506168723106384,3.0999999940395355,3.0357255935668945
2439,34.783999979496002,34.756170332431793,-116.25499999523163,-116.46219611167908,6.1000004410743713,5.3955245018005371,3,3.0293992459774017
1111,34.320666998624802,34.138428226113319,-116.85316705703735,-116.8566427230835,3.5100004076957703,2.7769169211387634,3.0099999904632568,3.0315390229225159
2420,33.223999977111816,32.977229356765747,-116.0900000333786,-116.39372682571411,1.2999996542930603,5.8780351281166077,3.3999999761581421,3.0840286016464233
1800,33.051400005817413,33.036322951316833,-117.76039999723434,-117.76195956766605,9.9999998509883881,4.8224294185638428,3.8999999910593033,3.3566992878913879
2410,34.926999986171722,34.941682279109955,-116.37199997901917,-117.04754704236984,4.400000274181366,6.0059407353401184,3.199999988079071,3.0567107498645782
1767,35.050300002098083,34.821367084980011,-119.0061000585556,-119.00420248508453,9.9999998509883881,4.6842008829116821,3.4999999701976776,3.1229042708873749
2506,34.499000012874603,34.436795353889465,-116.29299998283386,-116.28516316413879,0.50000041723251343,5.1330721378326416,3.0999999940395355,3.0339834094047546
1563,32.534999966621399,32.916828751564026,-116.00399994850159,-117.38329553604126,11.200000047683716,8.8381683826446533,3.199999988079071,3.103962242603302
1907,32.88100004196167,32.902679204940796,-116.22099995613098,-117.07693779468536,8.9999999105930328,4.8542529344558716,3.6999999582767487,3.1222217381000519
1786,35.429999947547913,35.043095707893372,-118.30500000715256,-118.23482538759708,9.3000000715255737,5.2708920836448669,3,3.0328322947025299
1848,32.720800042152405,32.471217393875122,-116.04480004310608,-116.26248168945312,15.299999993294477,3.6030685901641846,3.4999999701976776,3.1714383065700531
327,35.659000039100647,35.692713975906372,-117.4663320183754,-117.47121781110764,7.8300002217292786,5.6158366799354553,3.4999999701976776,3.1929531097412109
442,35.792667031288147,35.647791028022766,-117.62283301353455,-117.59756496548653,3.7000000476837158,6.3641399145126343,3.7999999970197678,3.2859118580818176
1642,34.06700000166893,34.033697575330734,-118.875,-118.87509870529175,13.399999961256981,5.4261848330497742,3.0999999940395355,3.0419922173023224
2207,35.894000053405762,35.956898808479309,-117.26899999380112,-116.6802978515625,3.7000000476837158,5.7484263181686401,4.0999999791383743,3.4336663484573364
832,35.641499042510986,34.708639621734619,-117.61000099778175,-117.92098087072372,10.159999877214432,4.794917106628418,3.3999999761581421,3.2260898351669312
1957,33.195999979972839,32.73909854888916,-116.04299998283386,-116.53742027282715,2.9999998211860657,5.4883325099945068,3.6999999582767487,3.2646374702453613
1949,35.044000029563904,34.563106119632721,-119.01999998092651,-118.79271399974823,12.100000083446503,4.7937780618667603,3.6999999582767487,3.1336634159088135
1351,33.809000000357628,33.762947872281075,-117.81010000407696,-117.94880550354719,4.699999988079071,5.0000372529029846,3.2999999821186066,3.5536209940910339
86,35.601501941680908,35.357932448387146,-117.60133400559425,-117.65075653791428,3.3300000429153442,5.9456115961074829,3.0500000417232513,3.0498234629631042
2480,34.791999995708466,34.822088360786438,-116.37600004673004,-116.45744323730469,14.899999997578561,6.3334733247756958,3.5999999642372131,3.0772837400436401
777,35.744333028793335,35.887864589691162,-117.56633299589157,-117.38496500253677,1.9700002670288086,5.4819738864898682,4.1999999955296516,3.9322427809238434
1780,34.46900001168251,34.5777188539505,-116.50800001621246,-116.2404500246048,4.7999998927116394,2.5082364678382874,3.0999999940395355,3.1131708920001984
54,35.949000000953674,34.510378897190094,-119.74383294582367,-119.30112934112549,20.279999971389771,7.0876970887184143,3.0199999809265137,3.0816672742366791
1933,35.047000050544739,34.784961342811584,-119.06500005722046,-119.11737394332886,19.699999988079071,5.1677066087722778,3,3.047820121049881
1287,35.4617999792099,35.133164405822754,-118.2698999941349,-118.76386553049088,1.8000000715255737,8.5321703553199768,3.6999999582767487,3.0967550575733185
1740,35.269000053405762,34.761673748493195,-117.34109997749329,-117.71422424912453,7.1000003814697266,4.8484611511230469,3.6999999582767487,3.4997936189174652
1624,34.712000012397766,34.569686353206635,-116.26499998569489,-116.45447552204132,3.7999999523162842,4.6227192878723145,3.0999999940395355,3.1269124746322632
1245,35.97189998626709,35.638314962387085,-117.30610001087189,-117.31262546777725,8.4999999403953552,4.6408537030220032,3.0999999940395355,3.0945414304733276
113,35.935999989509583,35.850978851318359,-117.69983300566673,-117.36822307109833,2.8299996256828308,7.4941366910934448,3.199999988079071,3.0537866055965424
2381,34.342000007629395,34.097230970859528,-117.04900002479553,-116.92871391773224,11.299999952316284,3.2595652341842651,3.199999988079071,3.0147873759269714
987,33.974500000476837,33.779432281851768,-116.92633295059204,-116.86420917510986,5.9200000762939453,2.8236526250839233,3.0299999713897705,3.0247876346111298
1942,32.470999956130981,32.192420840263367,-118.14399999380112,-118.44861218333244,18.000000044703484,6.8577003479003906,3.6999999582767487,3.1029746532440186
1621,35.251999974250793,35.07886815071106,-118.55500000715256,-118.60475569963455,5.3000003099441528,0.76487749814987183,3.0999999940395355,3.0759070515632629
1009,33.869000002741814,33.711181342601776,-119.37983298301697,-119.16343951225281,6.9300001859664917,8.4613309800624847,3,3.0383601486682892
1198,33.402599990367889,33.573161005973816,-116.43630003929138,-116.9939728975296,15.100000002421439,4.3198344111442566,3.2999999821186066,3.0536123514175415
589,35.750167965888977,35.685454487800598,-117.57800298929214,-117.71758610010147,2.2800001502037048,5.7994168996810913,3.550000011920929,3.1845655739307404
768,35.703333020210266,35.807323098182678,-117.48283302783966,-117.40747261047363,0.99999994039535522,5.2759283781051636,4.0200000107288361,3.7421777844429016
17,35.558333039283752,35.602352380752563,-117.43433302640915,-117.39967548847198,4.7799995541572571,5.1673418283462524,3.129999965429306,3.0657534599304199
1042,34.383500009775162,34.503680825233459,-119.75483298301697,-119.50976157188416,10.269999951124191,6.6010084748268127,3.1199999749660492,3.0446853339672089
2266,32.610000014305115,32.596672892570496,-116.15499997138977,-116.07032382488251,7.5999999046325684,4.3053138256072998,3.0999999940395355,3.0685405433177948
285,35.671165943145752,35.401382684707642,-117.52383399009705,-117.77008706331253,8.9800000190734863,6.662152111530304,3.2999999821186066,3.0603412091732025
428,35.901999950408936,35.853211998939514,-117.65582999587059,-117.33422237634659,7.3100003600120544,6.8307870626449585,3.2899999916553497,3.1324950456619263
1979,34.930000007152557,34.438411384820938,-116.72200000286102,-116.78910732269287,1.1999997496604919,4.1219347715377808,3.2999999821186066,3.1442510783672333
1658,35.41100001335144,35.610727548599243,-117.79000000655651,-118.03113673068583,7.5,0.0071686506271362305,3,3.0486541092395782
669,35.902166962623596,34.829205930233002,-117.7426669895649,-117.65118011832237,8.8099998235702515,4.4434243440628052,3.8999999910593033,3.7486098110675812
31,33.868332996964455,33.625833094120026,-116.19583296775818,-116.6423544883728,8.1999997794628143,2.806364893913269,3.4699999988079071,3.2741185426712036
1341,33.888999998569489,33.986948377452791,-118.56000000238419,-118.56778514385223,11.299999952316284,2.270999550819397,3.2999999821186066,3.0676041841506958
722,35.616667032241821,34.346799194812775,-117.43016701936722,-117.99744857428595,9.3500000238418579,4.8196855187416077,5.1000000089406967,3.7953524887561798
951,33.837500005960464,33.49348521232605,-119.72583305835724,-119.67903184890747,9.869999885559082,10.61481848359108,5.3000000417232513,4.3806839548051357
1820,34.86599999666214,34.535013973712921,-119.24639999866486,-119.11110138893127,17.000000104308128,2.7606618404388428,3.4999999701976776,3.1136958003044128
214,35.9635009765625,35.891540050506592,-117.4820020198822,-117.60738921165466,0.55000036954879761,6.6264742612838745,3.0600000321865082,3.0371806025505066
1845,33.229700028896332,32.713429689407349,-116.00530004501343,-116.52601623535156,6.4000001549720764,4.6542298793792725,3.2999999821186066,3.1852897703647614
1164,33.871700003743172,33.99805465398822,-117.71059998869896,-117.51691830158234,9.9999998509883881,3.9963680505752563,3,3.0436003804206848
326,35.797333002090454,35.821746110916138,-117.62266498804092,-117.48539972305298,6.3899999856948853,2.2938242554664612,3.2999999821186066,3.0775450766086578
560,35.926334023475647,35.825826048851013,-117.6968309879303,-117.5527882874012,2.149999737739563,8.5679537057876587,4.1700000017881393,3.7537714093923569
1383,34.159999996423721,34.271200686693192,-116.42400002479553,-116.84452509880066,8.099999874830246,2.7377021312713623,3.0999999940395355,3.0889718234539032
1086,34.521000027656555,34.3649942278862,-119.07500004768372,-119.01943933963776,19.020000100135803,4.385102391242981,3.3099999725818634,3.0853017568588257
1887,34.111000001430511,34.125611156225204,-117.31599998474121,-117.11367875337601,16.000000052154064,3.2200106978416443,3.2999999821186066,3.1172762811183929
341,35.908833026885986,35.823289513587952,-117.70866400003433,-117.83986873924732,1.7600002884864807,7.0490339398384094,3.199999988079071,3.1679259538650513
147,33.309832990169525,32.892509937286377,-116.25683295726776,-116.90374374389648,11.53999999165535,3.577306866645813,3.1500000357627869,3.1072354316711426
1897,32.067000031471252,32.397100925445557,-116.25199997425079,-116.21935057640076,15.200000004842877,5.2946054935455322,3,3.0901749730110168
2018,34.170000001788139,34.044930018484592,-117.44499999284744,-117.67653518915176,9.5999997854232788,4.0852707624435425,3,3.039999783039093
1107,35.21150004863739,35.181328296661377,-117.27999997138977,-117.39372968673706,2.6100003719329834,4.8287737369537354,3.7800000160932541,3.4629376530647278
848,34.026832999661565,33.984772946685553,-117.56833299994469,-117.71242552995682,11.42999991774559,4.4378042221069336,3,3.0352683663368225
966,34.031667001545429,34.007837106473744,-117.59299999475479,-117.60276919603348,4.0800002217292786,4.1126865148544312,3.0900000035762787,3.0453850328922272
1072,33.442499995231628,34.192248716950417,-116.40499997138977,-117.79899342358112,12.73999996483326,4.8225581645965576,3.75,3.7773438692092896
155,35.649832963943481,35.615526676177979,-117.45983302593231,-117.57456150650978,2.4500003457069397,6.308366060256958,3.6100000441074371,3.1623593866825104
1717,33.680999994277954,33.463171005249023,-116.79499995708466,-116.96829831600189,18.700000047683716,2.8647154569625854,3,3.0633857846260071
1655,33.967999998480082,34.02173469401896,-117.76199999451637,-117.7530126273632,11.999999955296516,4.4785952568054199,3.0999999940395355,3.0530705451965332
1002,34.849833011627197,34.564765751361847,-118.9638329744339,-119.03667867183685,2.1800002455711365,4.9034249782562256,3.1899999976158142,3.0869916379451752
1902,35.963000059127808,34.982598900794983,-119.875,-119.7642468214035,22.000000029802322,4.9295032024383545,3.0999999940395355,3.1174295246601105
2120,32.86899995803833,33.40269148349762,-118.49599999189377,-118.29596316814423,5.9999996423721313,5.6976360082626343,3.199999988079071,3.1015197336673737
2213,33.712999999523163,33.880321338772774,-117.98799999989569,-117.8642098903656,12.899999991059303,4.9216228723526001,4.2999999895691872,4.0748373717069626
2240,34.108000002801418,33.780092239379883,-116.70500004291534,-116.79631435871124,7.4000000953674316,3.190387487411499,3.3999999761581421,3.0671415030956268
2392,34.236000001430511,34.242869228124619,-118.5120000243187,-118.36378034949303,5.6999999284744263,4.9746662378311157,3.9999999850988388,3.9584443867206573
1203,35.140300035476685,34.88167405128479,-118.16580000519753,-118.1127203181386,10.799999982118607,0.43561041355133057,3,3.0198495090007782
1684,35.970000028610229,35.672920346260071,-117.31800001859665,-117.25434368848801,1.3999995589256287,6.3995862007141113,3.0999999940395355,3.1056815385818481
2385,34.224999994039536,33.979621520265937,-116.99100005626678,-116.88789391517639,9.0999998152256012,3.2460424304008484,4.6000000052154064,4.2788265198469162
1437,32.893700003623962,32.76924729347229,-116.24349999427795,-117.06478977203369,16.299999989569187,4.5568853616714478,3.3999999761581421,3.1490482091903687
1652,35.987300038337708,35.734493851661682,-117.28759998083115,-117.30923575162888,3.7999999523162842,6.3326936960220337,3.0999999940395355,3.0752453505992889
2332,35.75,35.426139116287231,-118.34000000357628,-118.15164662897587,1.2999996542930603,2.9747584462165833,3,3.0233815312385559
2039,34.145500004291534,34.161602541804314,-117.41310000419617,-117.5894860625267,6.4000001549720764,4.3263289332389832,3.3999999761581421,3.2714485824108124
2273,34.057000000029802,34.223602473735809,-118.39700001478195,-118.52422058582306,10.799999982118607,2.2712096571922302,3,3.0115651488304138
938,34.01766699925065,34.041340243071318,-116.80033302307129,-117.02668356895447,12.659999951720238,2.9943233728408813,3.199999988079071,3.0332620739936829
2275,33.500999987125397,33.372970283031464,-116.52100002765656,-116.66784191131592,12.60000005364418,3.0985504388809204,3.0999999940395355,3.0189489126205444
346,35.768167018890381,35.773132681846619,-117.57783299684525,-117.51567476987839,10.570000112056732,7.5398384034633636,4.5,4.2034320384263992
2112,34.706799983978271,34.408890843391418,-116.6525000333786,-116.78019535541534,7.5999999046325684,5.407288670539856,3.8999999910593033,3.3644952178001404
2515,34.783999979496002,34.646674752235413,-116.38699996471405,-116.51054525375366,2.2999995946884155,6.0634946823120117,3,3.0143648386001587
1514,33.964000001549721,33.88020071387291,-117.76000000536442,-117.76095356047153,12.299999892711639,4.5591866970062256,3.0999999940395355,3.0452073812484741
385,35.715831995010376,35.67833411693573,-117.55816701054573,-118.02617393247783,5.4600003361701965,6.3632029294967651,3.3199999630451202,3.070258229970932
1645,34.491800010204315,34.180773377418518,-116.21270000934601,-117.03503632545471,10.799999982118607,3.6687487363815308,3.0999999940395355,3.1079289615154266
1688,35.978000044822693,35.7625333070755,-117.30599999427795,-117.17704838514328,1.2999996542930603,6.4833265542984009,3,3.0436273813247681
243,35.863667011260986,35.871083498001099,-117.68467000126839,-118.05743017047644,2.8700003027915955,7.1302378177642822,3.3999999761581421,3.1158490777015686
2057,34.05799999833107,34.022599242627621,-117.25999999046326,-116.91305208206177,12.60000005364418,2.5078225135803223,3,3.0613639354705811
936,33.92416699975729,33.751604840159416,-116.32249999046326,-116.84572327136993,8.7399999797344208,3.8925468921661377,3.7699999809265137,3.3576131165027618
2175,35.195500016212463,35.260517835617065,-118.78149998188019,-118.673031270504,5.6000000238418579,4.2598593235015869,3.3999999761581421,3.1678023934364319
312,35.595500946044922,35.760099768638611,-117.43049597740173,-117.46742725372314,5.6299996376037598,4.6385389566421509,3.5999999642372131,3.2772654891014099
2479,34.716000020503998,34.602720677852631,-116.34700000286102,-116.72713971138,2.7000001072883606,5.8731132745742798,3,3.0210912823677063
1572,32.711400032043457,32.261271119117737,-116.02020001411438,-116.84442031383514,12.899999991059303,7.8449584543704987,3.3999999761581421,3.1012689471244812
1332,34.78600001335144,34.330718666315079,-119.48099994659424,-119.59662115573883,13.299999944865704,8.4597860276699066,3.199999988079071,3.0564756989479065
968,32.857332944869995,33.023820221424103,-118.71183300018311,-118.66936093568802,-0.22999942302703857,5.2649760246276855,3,3.1326826214790344
660,35.886500000953674,34.456690311431885,-117.69383299350739,-118.06562911719084,9.4600000977516174,4.8009690642356873,3.8499999940395355,3.3239167928695679
935,34.114500001072884,34.081826165318489,-116.92366695404053,-117.06642079353333,3.9599999785423279,3.0650496482849121,3.3999999761581421,3.0795300006866455
370,35.963832974433899,35.874203205108643,-117.27700001001358,-117.52324372529984,1.8200004100799561,6.6409492492675781,3.1899999976158142,3.0353028774261475
566,35.868332982063293,35.420737028121948,-117.71299999952316,-117.81985460221767,5.0800001621246338,6.465395987033844,3,3.1911942958831787
2016,34.694999992847443,34.504965841770172,-116.36800003051758,-117.08371329307556,2.8999999165534973,5.1575320959091187,3.0999999940395355,3.1175601482391357
824,35.599833965301514,34.780265748500824,-117.62266498804092,-117.6918360888958,-0.39999961853027344,4.3845927715301514,3.4999999701976776,3.1719115376472473
982,33.159166991710663,33.411394834518433,-118.71783298254013,-118.47995576262474,4.8499998450279236,5.8261781930923462,3.8999999910593033,3.3407984375953674
2401,35.082000017166138,34.771030187606812,-117.06599998474121,-116.88819432258606,1.9999998807907104,5.4942673444747925,3,3.0091352462768555
1517,33.10699999332428,32.922452926635742,-116.42400002479553,-116.90775895118713,9.3999999761581421,2.6411524415016174,3,3.1098193824291229
2177,34.300000011920929,34.426849514245987,-118.57800000905991,-118.90863883495331,2.0999997854232788,0.81258237361907959,3.0999999940395355,3.0197794139385223
1760,34.681999981403351,35.056643962860107,-116.35000002384186,-116.79843437671661,3.5000002384185791,4.18038010597229,3,3.1132653951644897
813,35.666167020797729,34.763734579086304,-117.57233300805092,-117.71655103564262,4.0499997138977051,4.2119067907333374,4.2999999895691872,3.3879645466804504
1430,33.936800003051758,33.810373827815056,-117.08209997415543,-117.34557300806046,8.8000001013278961,4.2358857393264771,3.6999999582767487,3.4276421070098877
778,35.723199963569641,35.818307995796204,-117.45080000162125,-117.56768244504929,9.4499999284744263,5.5486822128295898,3.2999999821186066,3.1259007453918457
1320,33.495000004768372,33.31721967458725,-116.44500005245209,-116.73802530765533,8.4999999403953552,3.335798978805542,3.3999999761581421,3.1282134354114532
2127,33.795000001788139,33.041205942630768,-116.08800005912781,-116.23034584522247,8.5999998450279236,6.8434077501296997,3.199999988079071,3.0336356163024902
1052,34.083167001605034,34.072933740913868,-116.71449995040894,-117.0119908452034,10.689999908208847,2.8667888045310974,3.1199999749660492,3.07769376039505
1870,32.70770001411438,33.055033385753632,-116.04460000991821,-116.95780766010284,9.2000001668930054,4.0799528360366821,4.2999999895691872,3.4944440424442291
1013,34.432332992553711,34.268524408340454,-119.99983298778534,-118.04906387254596,1.7799997329711914,4.6400034427642822,3.0299999713897705,3.0436050295829773
1401,32.771900057792664,32.684564113616943,-116.09930002689362,-117.00021207332611,15.299999993294477,2.9591292142868042,3,3.1259216666221619
1763,34.019999999552965,34.215491652488708,-117.24400001764297,-117.22811317443848,9.5999997854232788,3.287842869758606,3,3.0459231734275818
2099,34.035000000149012,33.485983848571777,-116.39699995517731,-116.59524810314178,11.900000050663948,5.4003632068634033,3.3999999761581421,3.0607382655143738
1809,33.119300007820129,32.492499828338623,-116.02069997787476,-116.11125874519348,3.099999725818634,3.7645715475082397,3.199999988079071,3.2197215557098389
126,33.995833000168204,33.429079949855804,-116.04449999332428,-116.29683256149292,7.8800001740455627,5.5397379398345947,4.1799999922513962,3.7869311571121216
887,33.916166998445988,33.750804647803307,-117.79916700720787,-118.01329370774329,15.459999991580844,4.5381492376327515,3.1399999558925629,3.0554958879947662
2069,33.815999999642372,33.684090256690979,-117.04199999570847,-117.22628307342529,15.100000002421439,3.4560397267341614,3.5999999642372131,3.1080425083637238
1347,35.925600051879883,35.732222557067871,-117.67460000514984,-117.67628374695778,7.2000002861022949,4.3736949563026428,3.4999999701976776,3.0671592950820923
1007,33.876332998275757,33.759150385856628,-116.8093329668045,-116.64216125011444,16.409999951720238,2.5177198648452759,3.2299999594688416,3.0932087302207947
355,35.688500046730042,35.575309872627258,-117.53433200716972,-118.00271407910623,6.5399998426437378,5.9964269399642944,3.2999999821186066,3.0563788712024689
1003,34.001333000021987,33.814696371555328,-116.9025000333786,-116.89088141918182,13.900000043213367,2.912624180316925,3.4999999701976776,3.0850273668766022
682,35.905833005905151,34.26249885559082,-117.65733298659325,-117.88928616046906,9.4999998807907104,4.7936904430389404,3.7400000095367432,3.6434517502784729
827,35.702000021934509,35.607334136962891,-117.53610000014305,-117.4886901974678,9.9999998509883881,7.1187293529510498,3.4999999701976776,3.1329089105129242
1538,33.504999995231628,33.233950853347778,-116.46300005912781,-116.56910121440887,6.9999995827674866,2.9747647047042847,3,3.0750142335891724
984,33.134167015552521,33.037650167942047,-116.65566694736481,-116.91486084461212,2.7299997210502625,3.4896612167358398,3.070000022649765,3.0870096981525421
1233,33.883699998259544,33.769726946949959,-117.96649999916553,-118.0175228510052,19.000000208616257,4.7612982988357544,3.4999999701976776,3.0707562267780304
2149,34.202000007033348,33.968860549852252,-116.86549997329712,-117.08101171255112,2.9999998211860657,4.6509325504302979,4.5,3.7300154864788055
140,35.881832957267761,35.821891188621521,-117.68599998950958,-117.45928770303726,4.1800001263618469,7.6891328394412994,3.6999999582767487,3.1924436688423157
217,35.688832998275757,35.881385445594788,-117.51499998569489,-118.29636657238007,7.1400001645088196,9.5306378602981567,3.8099999874830246,3.3515972793102264
2076,35.120000004768372,34.860091388225555,-118.60699999332428,-118.60056728124619,3.9999997615814209,7.057684063911438,3,3.048319548368454
2358,33.805999994277954,33.803497672080994,-117.75300000607967,-117.94436419382691,2.800000011920929,4.7346854209899902,3.199999988079071,3.1631154119968414
2249,34.224000006914139,34.330583989620209,-118.81400001049042,-118.66513675451279,7.4000000953674316,3.4716314077377319,4.1999999955296516,3.7004038095474243
1754,34.866999983787537,34.898100852966309,-116.34200000762939,-116.44169473648071,4.7999998927116394,2.6534146070480347,3,3.1959880292415619
1499,33.129700005054474,32.753220319747925,-116.43929994106293,-116.82158410549164,13.399999961256981,4.8696237802505493,3.8999999910593033,3.2919158935546875
22,35.566333055496216,35.707395553588867,-117.35266697406769,-117.60131767392159,2.6699995994567871,0.17490237951278687,3.5899999737739563,3.3481321334838867
711,35.899832963943481,34.378336578607559,-117.69549998641014,-118.02221942134202,6.8900004029273987,4.7973847389221191,3.5699999928474426,3.7385546565055847
1157,33.576200008392334,33.486759126186371,-118.27610000967979,-118.12822639942169,17.300000041723251,5.0730586051940918,3.9999999850988388,3.3576715886592865
2526,34.230000004172325,33.83630296587944,-116.43900001049042,-116.65179324150085,6.1000004410743713,2.8394141793251038,3,3.0119529068470001
871,33.520666986703873,33.34102737903595,-116.5723329782486,-116.84522747993469,2.0399996638298035,2.6741856336593628,3.1099999845027924,3.0728035569190979
1507,32.834699988365173,32.708627700805664,-116.02849996089935,-116.67741417884827,13.499999977648258,5.1743566989898682,3.6999999582767487,3.1818084418773651
10,35.716500043869019,35.685428023338318,-117.57383298873901,-117.58191457390785,4.3299999833106995,6.3050776720046997,3.5999999642372131,3.0828571021556854
2447,32.64300000667572,32.187288165092468,-116.08399999141693,-116.09190630912781,6.9999995827674866,5.3637313842773438,3,3.0616426169872284
2396,33.502999991178513,33.576817482709885,-118.20100000500679,-118.0290652718395,5.9999996423721313,3.865322470664978,3.199999988079071,3.016355574131012
1749,35.485100030899048,35.295735597610474,-118.42260000109673,-118.44121301174164,6.6999998688697815,6.3031697273254395,3.6999999582767487,3.1894181370735168
1315,33.645999997854233,33.380039513111115,-116.74000000953674,-116.84700179100037,16.899999976158142,2.7215462923049927,3,3.0412742793560028
754,35.622334003448486,35.645569324493408,-117.57333400845528,-117.59038507938385,6.1900001764297485,6.3358533382415771,3.6500000059604645,3.4825310111045837
626,35.889333009719849,34.440389484167099,-117.71200001239777,-117.97282233461738,3.8600000739097595,4.7385317087173462,4.1999999955296516,3.8789484053850174
2133,34.367000013589859,33.958641227334738,-116.13199996948242,-116.29352307319641,3.3000004291534424,7.691338062286377,3.3999999761581421,3.0557723343372345
1510,34.388000011444092,34.345156818628311,-117.50200000405312,-117.60161131620407,13.900000043213367,4.2080909013748169,3.0999999940395355,3.0631550252437592
129,35.656167030334473,35.616793394088745,-117.51333299279213,-117.36756372451782,9.9799999594688416,6.0825374722480774,3.1399999558925629,3.0395606160163879
843,35.644000053405762,34.610929846763611,-117.56716701388359,-117.98977937176824,4.6399998664855957,4.8442018032073975,4.4899999997578561,3.9162812232971191
323,35.567500948905945,35.507447004318237,-117.35016602277756,-117.49429732561111,1.2099999189376831,6.0091209411621094,3.4899999797344208,3.1397051811218262
1937,34.003000000026077,34.235904291272163,-118.44499999284744,-118.28423094749451,12.60000005364418,4.7354954481124878,3.0999999940395355,3.0592449903488159
1494,34.991999983787537,34.836945295333862,-116.94900000095367,-116.87497496604919,8.1999997794628143,1.1914354562759399,3,3.0896123349666595
1284,32.886399984359741,32.939244747161865,-116.19599997997284,-116.87199103832245,9.3000000715255737,3.7955126166343689,3,3.1412793695926666
2461,35.728999972343445,35.902952790260315,-117.57499998807907,-117.33911991119385,0.80000013113021851,4.5509541034698486,3.4999999701976776,3.4309671521186829
14,34.26800000667572,34.232415154576302,-117.45300000905991,-117.47957772016525,9.960000067949295,3.906514048576355,3,3.0323108732700348
947,35.391999959945679,35.370947360992432,-118.54449999332428,-118.64232325553894,4.7700002789497375,0.14134883880615234,3.6999999582767487,3.257328987121582
215,35.702332019805908,35.751251459121704,-117.509162992239,-117.60996231436729,1.3099998235702515,6.6841256618499756,3.5300000309944153,3.219752311706543
2498,34.317999988794327,33.92969948798418,-116.45299994945526,-116.67375564575195,5.6999999284744263,3.6401760578155518,3.199999988079071,3.0299184322357178
1995,32.753100037574768,32.786607384681702,-116.81180000305176,-117.04264962673187,22.599999904632568,3.4106191992759705,3,3.4233264327049255
1182,32.187100052833557,32.460072636604309,-117.65110000967979,-117.59387829899788,7.9000000655651093,6.0583984851837158,4.0999999791383743,3.3065368831157684
1703,35.907699942588806,35.442141652107239,-116.7311999797821,-116.67006039619446,2.9999998211860657,4.1750603914260864,3,3.1199847757816315
1611,33.209699988365173,33.361181259155273,-119.25409996509552,-119.01185691356659,11.599999889731407,6.5475869178771973,4.3999999947845936,3.6062228679656982
864,33.213333010673523,32.830618619918823,-116.06649994850159,-116.57445406913757,10.629999786615372,4.1861531138420105,3.4999999701976776,3.1071394085884094
516,35.703498959541321,35.606027126312256,-117.50516501069069,-117.85186831653118,4.5299997925758362,6.0049223899841309,3.2999999821186066,3.3956900238990784
597,35.630000948905945,35.793625831604004,-117.43183100223541,-117.30752152204514,3.0700001120567322,6.4087271690368652,3.4999999701976776,3.5159844160079956
195,35.941833972930908,35.833359837532043,-117.69132998585701,-118.24179862439632,2.7899998426437378,8.2948601245880127,3.0399999618530273,3.0521944463253021
1277,32.165599942207336,32.201432824134827,-117.61829999089241,-117.4920499920845,1.2999996542930603,7.7168422937393188,3.2999999821186066,3.1220040321350098
288,35.650665044784546,35.777423143386841,-117.4641649723053,-117.44069647789001,8.7599998712539673,3.9800208806991577,3.4999999701976776,3.1772550344467163
950,34.243332996964455,34.066354587674141,-117.45800000429153,-117.58258697390556,11.639999896287918,4.1676825284957886,3.3999999761581421,3.0754960477352142
2390,34.671999990940094,34.65007746219635,-116.27400004863739,-116.53762459754944,17.800000011920929,5.0930249691009521,3,3.0180429518222809
2034,34.671000003814697,34.287967175245285,-116.35800004005432,-116.51877117156982,2.8999999165534973,2.2740241885185242,3.199999988079071,3.11194708943367
2421,34.954999983310699,34.867317140102386,-116.37100005149841,-116.79148101806641,11.100000143051147,7.6179943978786469,3,3.0137842297554016
1120,34.196999996900558,34.052937477827072,-116.90683305263519,-116.8377730846405,10.109999924898148,2.8201380372047424,3.4699999988079071,3.1327636241912842
1622,32.935999989509583,32.829522371292114,-116.05200004577637,-117.04179662466049,6.3000002503395081,4.4189393520355225,3,3.1137672364711761
549,35.674332022666931,33.911926403641701,-117.46933001279831,-118.01513763330877,6.3799998164176941,4.7784063220024109,3.3999999761581421,3.0973286032676697
156,35.899667024612427,35.814406991004944,-117.71766701340675,-118.09746573865414,8.5600000619888306,6.790425181388855,3.0800000131130219,3.0931568741798401
419,35.899502038955688,35.676229476928711,-117.69000199437141,-117.65199115872383,0.85000008344650269,6.2905454635620117,3.2299999594688416,3.1220496296882629
922,34.298667013645172,34.175938725471497,-116.93416702747345,-117.05042797327042,3.9800003170967102,2.8417932987213135,3.1600000262260437,3.0504623651504517
2185,33.949000000953674,34.176257848739624,-119.18900001049042,-119.23159289360046,0.90000003576278687,3.5367187857627869,3.199999988079071,3.0515761971473694
477,35.881500005722046,34.696417987346649,-117.71733298897743,-117.78422705829144,5.6399998068809509,4.4149214029312134,4.7000000104308128,3.5859271287918091
1657,35.273699998855591,35.07810115814209,-119.42110002040863,-119.66509878635406,1.5000003576278687,7.6324671506881714,3.5999999642372131,3.2246523499488831
1701,32.740599989891052,33.021600604057312,-117.37169998884201,-117.54947924613953,9.9999998509883881,5.2116143703460693,3.199999988079071,3.0842520296573639
1523,35.19379997253418,35.077755570411682,-118.59079998731613,-118.57627767324448,9.8000000417232513,6.6751492023468018,3.7999999970197678,3.2245916426181793
1471,35.35099995136261,35.19359827041626,-118.56099998950958,-118.59485912322998,5.4000002145767212,3.6525839567184448,3.3999999761581421,3.0388243496417999
553,35.575999975204468,35.599873304367065,-117.36216700077057,-117.37331134080887,2.9600000381469727,6.3226515054702759,3.4799999892711639,3.1710009276866913
1202,34.197999998927116,34.022507850080729,-116.93739998340607,-117.08191645145416,10.60000017285347,3.3380153775215149,4.5,3.9276034981012344
390,35.870833992958069,35.809301137924194,-117.71383699774742,-117.95582197606564,6.770000159740448,7.4170553684234619,3.9800000041723251,3.5610644817352295
578,35.904999017715454,34.226335123181343,-117.71883401274681,-117.90591239929199,4.2099997401237488,4.6177339553833008,3.2800000011920929,3.1185504198074341
2346,35.802000045776367,35.73138165473938,-118.04500000178814,-117.59267655014992,9.2000001668930054,2.6676276326179504,3,3.0316319167613983
2357,35.925999999046326,35.85178542137146,-118.33300000429153,-118.09970277547836,5.6000000238418579,10.089714378118515,3.6999999582767487,3.0797713994979858
2298,32.154000043869019,32.124258995056152,-117.33999997377396,-116.03267109394073,7.9000000655651093,6.4376485347747803,3,3.08131143450737
820,35.704833030700684,35.548772215843201,-117.48083299398422,-117.68367052078247,8.4999999403953552,6.6628378629684448,3.4999999701976776,3.0865374505519867
2431,34.880999982357025,34.831196904182434,-116.38699996471405,-116.46972119808197,3.1999996304512024,5.7819011807441711,3.199999988079071,3.0205227434635162
1006,33.881833001971245,33.761079519987106,-116.79883301258087,-116.71764349937439,15.380000006407499,2.5605520606040955,3.3700000047683716,3.0719253122806549
1248,35.305099964141846,34.993879079818726,-118.49180001020432,-118.75217258930206,7.9000000655651093,6.6495734453201294,3.6999999582767487,3.0904396176338196
2098,34.657999992370605,34.506943821907043,-116.29499995708466,-116.30626666545868,4.6000000834465027,7.7788925170898438,3,3.0316329896450043
664,35.639832973480225,34.436941236257553,-117.43633300065994,-117.98152909427881,3.3099997043609619,4.6579724550247192,3.199999988079071,3.4542809128761292
2245,34.254999995231628,34.343529671430588,-118.77499997615814,-118.66789293289185,12.60000005364418,3.0611971020698547,3.5999999642372131,3.1881235241889954
142,33.452832996845245,33.156537175178528,-116.57633304595947,-117.01796638965607,10.799999982118607,3.2585155963897705,3.5899999737739563,3.1850848495960236
2204,34.577000021934509,34.466895580291748,-116.26600003242493,-116.51954734325409,3.3000004291534424,6.2355852127075195,3.0999999940395355,3.0175116956233978
1882,32.121999979019165,32.506226778030396,-116.64300000667572,-117.43526208400726,4.9999997019767761,5.0790300965309143,3.2999999821186066,3.1745359897613525
421,35.648998022079468,35.237444400787354,-117.51783001422882,-117.6576389670372,9.8600001633167267,5.47880619764328,3.1700000166893005,3.0905583500862122
799,35.693832039833069,35.712145447731018,-117.49449902772903,-117.55063384771347,0.97000032663345337,1.0501572489738464,3.2600000202655792,3.0705967247486115
615,35.640166997909546,35.685615420341492,-117.4468309879303,-117.68086770176888,2.3099997639656067,5.9443026781082153,4.2999999895691872,3.6918544471263885
1318,33.782000005245209,33.339824378490448,-116.08120000362396,-116.46992206573486,4.7999998927116394,5.006902813911438,3.4999999701976776,3.1369117498397827
295,35.949664950370789,35.803865075111389,-117.72233599424362,-118.02913378924131,2.0499998331069946,9.1694413125514984,3.1899999976158142,3.0674867033958435
401,35.609164953231812,35.617560148239136,-117.41483300924301,-117.60427305102348,3.020000159740448,6.2720265984535217,3.1600000262260437,3.0674785673618317
88,35.669832944869995,35.216068983078003,-117.47500002384186,-117.37798094749451,3.8499999046325684,5.1689958572387695,3.4999999701976776,3.0775821805000305
2072,34.989000022411346,34.679454326629639,-119.18850004673004,-119.45408773422241,12.100000083446503,7.1504679322242737,4.7000000104308128,3.7169928252696991
2500,34.670000016689301,34.550581276416779,-116.21300005912781,-116.45837044715881,5.9999996423721313,4.8940891027450562,3,3.0281835794448853
131,35.778833031654358,35.83837354183197,-117.6176669895649,-117.27286237478256,8.449999988079071,7.1077868342399597,3.0299999713897705,3.0400182902812958
1623,35.958999991416931,35.712467193603516,-117.33899998664856,-117.0976527929306,2.6000002026557922,6.9853153824806213,3,3.0398944616317749
1612,33.913999997079372,33.875813685357571,-117.05900001525879,-117.01923310756683,13.499999977648258,3.3263897895812988,3.2999999821186066,3.0804115533828735
1721,35.98199999332428,35.809924960136414,-117.31900000572205,-117.76480919122696,3.6000001430511475,0.11483341455459595,3,3.1397110819816589
1402,33.718600004911423,33.843139946460724,-116.04879999160767,-116.71436238288879,11.599999889731407,3.9471817016601562,3.4999999701976776,3.1163645088672638
2080,34.041499998420477,34.285223990678787,-117.74869999289513,-117.51911956071854,16.700000055134296,4.0326833724975586,3.4999999701976776,3.1810133457183838
2196,34.275599986314774,34.059369698166847,-116.86160004138947,-116.88828468322754,7.1000003814697266,3.2661741971969604,3.5999999642372131,3.0634299516677856
1188,34.311300009489059,34.024484006687999,-116.41999995708466,-116.73325419425964,8.9999999105930328,2.4834644794464111,3.7999999970197678,3.1998367309570312
724,35.748000025749207,34.315515279769897,-117.54566699266434,-117.95684817060828,3.8999998569488525,4.8309525847434998,4.9000000208616257,3.8504962027072906
1314,33.958000000566244,34.069080665707588,-118.41800001263618,-118.40023031830788,11.900000050663948,4.9091765284538269,3.0999999940395355,3.0341430008411407
1862,34.367000013589859,34.273064881563187,-116.12300002574921,-116.73464131355286,5.9999996423721313,3.4002900123596191,3.3999999761581421,3.0860333740711212
269,35.862998962402344,35.682287096977234,-117.69400000572205,-118.0770446062088,7.8399999439716339,9.0781322121620178,3.199999988079071,3.0418118834495544
1836,34.215000003576279,34.545149803161621,-119.92799997329712,-119.40907537937164,5.9999996423721313,10.288185775279999,3.0999999940395355,3.0639286637306213
2095,34.166999995708466,34.039861705154181,-117.40700000524521,-117.42900002002716,11.700000017881393,4.2038404941558838,3.2999999821186066,3.0244947373867035
1372,33.061699986457825,32.886494278907776,-116.0485999584198,-116.87843942642212,11.299999952316284,3.7398576736450195,3.2999999821186066,3.1154777705669403
917,34.135000005364418,34.612721800804138,-117.77099999785423,-117.93528931587934,4.440000057220459,0.63790619373321533,3.3899999856948853,3.6957271993160248
1662,35.989300012588501,35.804660320281982,-117.29879999160767,-117.58183789253235,5.7999998331069946,0.57264178991317749,3.0999999940395355,3.1519324779510498
1319,33.454299986362457,33.29831850528717,-116.44060003757477,-116.85758638381958,8.4999999403953552,3.4626996517181396,3.5999999642372131,3.1518176794052124
2167,35.327999949455261,35.31390655040741,-118.6690000295639,-119.004274725914,2.4000003933906555,2.4933090806007385,3.199999988079071,3.0167554020881653
2471,34.666000008583069,34.465523183345795,-116.25800001621246,-116.4350254535675,0.99999994039535522,4.7245466709136963,3.0999999940395355,3.0274884402751923
587,35.872833013534546,35.749780058860779,-117.66083499789238,-117.45730239152908,3.3500003814697266,6.6657525300979614,3.9599999785423279,3.3626235723495483
2407,34.030999999493361,33.791431203484535,-116.46700000762939,-116.53637337684631,17.599999979138374,3.4697753190994263,3.199999988079071,3.0287175178527832
2532,32.044999957084656,33.335992157459259,-116.54299998283386,-116.12911236286163,3.7000000476837158,4.85828697681427,3,3.053180068731308
375,35.896000027656555,35.859591484069824,-117.72666901350021,-118.20695702731609,4.3900001049041748,8.734537661075592,3.2999999821186066,3.1558005809783936
333,35.932834982872009,35.304450511932373,-117.70249900221825,-117.72854059934616,2.3599997162818909,5.7200610637664795,3.4999999701976776,3.0925215482711792
1847,33.244599997997284,32.855740785598755,-116.13359999656677,-116.63638854026794,8.4000000357627869,3.7618982791900635,4.3999999947845936,3.5537474155426025
2388,32.432999968528748,32.267503023147583,-117.88000000268221,-116.78031992912292,8.8000001013278961,6.3433080911636353,3.3999999761581421,3.2047483921051025
1118,34.119167000055313,33.961626410484314,-116.91250002384186,-116.8183650970459,7.2299998998641968,2.7398747205734253,3.3099999725818634,3.1052953004837036
1442,35.388000011444092,35.079836130142212,-117.84000000357628,-117.99610235658474,5.899999737739563,4.0016752481460571,3.2999999821186066,3.0959871411323547
1599,34.014000000432134,34.13840414583683,-117.11599999666214,-117.11439716815948,11.200000047683716,3.1119802594184875,3.199999988079071,3.0325059592723846
910,34.002000000094995,33.879773072898388,-117.01783299446106,-116.9021657705307,16.330000050365925,3.0797079205513,3.6100000441074371,3.1168134212493896
776,35.721168994903564,35.767601490020752,-117.52400198578835,-117.66192749142647,2.2099998593330383,0.19423842430114746,3.199999988079071,3.0602873861789703
2267,34.351999998092651,34.057848822325468,-116.47200000286102,-116.79714679718018,9.3999999761581421,3.7352755665779114,3.3999999761581421,3.0340067446231842
328,35.911834955215454,35.912433743476868,-117.73600000143051,-117.93890111148357,2.0600000023841858,8.3841700851917267,3.4699999988079071,3.1367699503898621
1342,34.170000001788139,34.177856937050819,-117.66699999570847,-117.36639755964279,2.9999998211860657,3.5999885201454163,3,3.0346208810806274
320,35.896167993545532,35.895429968833923,-117.69200098514557,-118.10656821727753,6.5100002288818359,7.9135318100452423,3.2600000202655792,3.1289066970348358
2060,33.424000024795532,33.20335465669632,-116.97200000286102,-117.21069204807281,11.700000017881393,5.2132996916770935,3.3999999761581421,3.1470766067504883
12,35.616832971572876,35.573994398117065,-117.47200000286102,-117.32533329725266,6.7800003290176392,5.9060230851173401,3.4999999701976776,3.0833539366722107
897,33.49066698551178,33.585952520370483,-116.8038330078125,-116.98711252212524,2.4199998378753662,2.8648093342781067,3.0999999940395355,3.1075665056705475
171,35.876000046730042,35.822925448417664,-117.67950001358986,-117.94000043347478,4.5399999618530273,6.3337835669517517,3,3.0512757897377014
260,35.683665990829468,35.591520071029663,-117.54116800427437,-117.72523340582848,4.5799997448921204,6.6951727867126465,3,3.1338467001914978
1921,35.657999992370605,35.276916742324829,-119.18799996376038,-118.93294614553452,25.599999725818634,5.6282830238342285,3,3.0754618048667908
689,35.902500033378601,34.441271364688873,-117.71633300185204,-117.9729346614331,8.4699998795986176,4.7255319356918335,4.0999999791383743,3.8086314350366592
901,33.779332995414734,33.704971194267273,-116.13383305072784,-116.47003316879272,7.8700000047683716,2.4683511257171631,3.199999988079071,3.0652713775634766
258,35.545333981513977,35.427348971366882,-117.38566601276398,-117.40314590930939,-0.040000677108764648,5.6071364879608154,3.2199999690055847,3.1152619421482086
844,35.705167055130005,35.215081930160522,-117.50600001215935,-117.58332565426826,10.709999799728394,5.0353163480758667,6.3999999761581421,4.5599144138395786
2335,35.797999978065491,35.763380646705627,-118.04100000113249,-117.83460406959057,7.1000003814697266,1.3625273108482361,3,3.0216035842895508
138,33.311333000659943,33.03792279958725,-116.25516700744629,-116.82211709022522,11.650000065565109,3.0536144971847534,3.1399999558925629,3.1034630835056305
1573,34.418999999761581,35.818016886711121,-119.98099994659424,-119.13567280769348,6.7999997735023499,11.139129102230072,3,3.0597517490386963
319,35.644665002822876,35.71556544303894,-117.42350000143051,-117.52233016490936,4.1999995708465576,6.5568691492080688,3.2899999916553497,3.0683956146240234
653,35.883499979972839,34.409566640853882,-117.72766700387001,-117.90746243298054,7.5100001692771912,4.5283287763595581,3.5999999642372131,3.1777462363243103
1953,35.044999957084656,34.540378093719482,-119.00699996948242,-118.83374798297882,11.200000047683716,5.9643834829330444,3.8999999910593033,3.2421667277812958
1871,35.934999942779541,35.863001585006714,-117.68099999427795,-117.56621584296227,2.9999998211860657,7.8906315565109253,3.0999999940395355,3.1317375004291534
558,35.556331992149353,34.527868390083313,-117.34316998720169,-116.82879173755646,3.1800001859664917,4.9638140201568604,3.550000011920929,3.3145802021026611
139,35.950667023658752,35.724616169929504,-117.70433300733566,-117.49794626235962,2.9499998688697815,6.3816922903060913,3.3799999952316284,3.097604513168335
112,35.808166980743408,35.687805891036987,-117.6323330104351,-117.38129848241806,8.1599999964237213,6.2902522087097168,3,3.0535093545913696
531,35.922669053077698,35.604506254196167,-117.69249698519707,-117.73424535989761,2.290000319480896,6.3512134552001953,3.3199999630451202,3.1631832718849182
224,35.658668994903564,35.784205317497253,-117.46399700641632,-117.5301485657692,3.2900002598762512,6.5655604004859924,3.199999988079071,3.0727053880691528
723,35.617166996002197,34.324549734592438,-117.42750000953674,-117.96862184628844,8.449999988079071,4.8295462131500244,4.8000000044703484,3.8444413393735886
2353,35.748999953269958,35.5677490234375,-118.01799999922514,-117.68046623468399,5.6000000238418579,7.8042036294937134,3.0999999940395355,3.0655526518821716
2165,34.894999980926514,34.528133869171143,-119.35699999332428,-119.38069653511047,12.999999895691872,2.6432856917381287,3.0999999940395355,3.0160627663135529
1433,33.767000004649162,33.774042248725891,-118.1330000013113,-118.10571799427271,3.9999997615814209,2.3325848579406738,3,3.0345982611179352
325,35.757500052452087,35.747408866882324,-117.59116399288177,-117.75128611922264,2.7700003981590271,6.5428107976913452,3.199999988079071,3.0686178803443909
1323,33.482599973678589,33.154236555099487,-116.45239996910095,-116.87691688537598,10.200000107288361,4.1221582889556885,4.7000000104308128,3.9509280771017075
1997,33.881999999284744,33.882156059145927,-118.45100000500679,-118.30072903633118,11.200000047683716,4.8930341005325317,3.3999999761581421,3.0989434719085693
1458,34.832000017166138,34.698330402374268,-116.37800002098083,-116.58633375167847,3.9999997615814209,2.875087559223175,3.199999988079071,3.1168617010116577
1736,35.371000051498413,35.27286696434021,-118.65299999713898,-118.63047063350677,5.6000000238418579,0.36505132913589478,3.0999999940395355,3.0357599258422852
2417,34.814000010490417,34.506428599357605,-116.26199996471405,-116.43955492973328,4.7999998927116394,5.1829057931900024,3.199999988079071,3.0343004465103149
714,35.902999997138977,34.285138428211212,-117.69116699695587,-117.91747675836086,7.0099997520446777,4.8329669237136841,4.0999999791383743,3.8553552478551865
846,35.050333023071289,34.903039038181305,-118.93599998950958,-118.77241009473801,8.7399999797344208,5.0318321585655212,3.4400000274181366,3.0492930114269257
193,35.888499975204468,35.696987271308899,-117.625,-117.55449309945107,15.039999999571592,6.3416594266891479,3.0999999940395355,3.0595073997974396
1983,34.845000028610229,34.668479204177856,-116.32299995422363,-116.70499539375305,4.8999997973442078,4.023783802986145,3.199999988079071,3.0787658393383026
573,35.841835021972656,35.734729647636414,-117.68382999300957,-117.48997491598129,7.0900002121925354,6.2441003322601318,3.7999999970197678,3.2674115896224976
946,35.043499946594238,34.8822021484375,-119.04233300685883,-118.98731088638306,7.7299998700618744,3.9542502164840698,4.0999999791383743,3.5935968160629272
503,35.754333972930908,35.767219185829163,-117.47816497087479,-117.45537161827087,-0.78000068664550781,6.5850287675857544,3.199999988079071,3.104387104511261
1864,32.706300020217896,32.74759840965271,-116.02409994602203,-116.73944807052612,11.499999985098839,3.6645519733428955,3.7999999970197678,3.236119419336319
2014,34.270999997854233,34.233702927827835,-119.68299996852875,-119.51129984855652,0.19999980926513672,8.7283457815647125,3.4999999701976776,3.1958697438240051
645,35.830832958221436,34.364571034908295,-117.67766600847244,-118.02162390202284,3.4699997305870056,4.7984567284584045,3.8199999779462814,3.685947597026825
3,35.950832962989807,35.662964701652527,-117.36599999666214,-116.8275134563446,2.7399998903274536,5.4530838131904602,3.2999999821186066,3.0413912236690521
1833,34.123999997973442,34.255008816719055,-117.30199998617172,-117.50588378310204,14.100000020116568,4.0609565377235413,3.2999999821186066,3.0606164932250977
467,35.780334949493408,34.409771263599396,-117.60150200128555,-117.27681177854538,16.970000043511391,0.0057211518287658691,3.0999999940395355,3.1663594543933868
1345,33.71000000834465,33.673480778932571,-117.34899997711182,-117.17022377252579,13.399999961256981,3.1985002756118774,3.2999999821186066,3.0867851972579956
5,35.647832989692688,35.376281380653381,-117.45916700363159,-117.1850414276123,4.0499997138977051,5.11442631483078,3.8999999910593033,3.6324264407157898
1246,35.982300043106079,35.717647075653076,-117.27240002155304,-116.93612658977509,3.7000000476837158,7.4981206655502319,3.8999999910593033,3.0944023132324219
919,33.897832997143269,33.697211533784866,-116.21449995040894,-116.32051229476929,7.1799999475479126,2.5984105467796326,3.0299999713897705,3.0658358931541443
547,35.855666995048523,35.431874752044678,-117.67416700720787,-117.80872768163681,5.6600001454353333,8.0937230587005615,3.199999988079071,3.0544631481170654
228,35.672500967979431,35.835714817047119,-117.48983001708984,-117.61180907487869,3.059999942779541,7.1678271889686584,3.5999999642372131,3.4788166880607605
1063,34.202167004346848,34.248650535941124,-116.8313330411911,-116.97121107578278,6.9999995827674866,2.6368904113769531,3.070000022649765,3.0188403725624084
542,35.871333956718445,35.748257160186768,-117.71366900205612,-117.31591606140137,5.0499996542930603,6.1115545034408569,3.4400000274181366,3.1907674670219421
242,35.876499056816101,35.823859214782715,-117.70683300495148,-118.02881986089051,4.4299998879432678,7.8413920104503632,3.7999999970197678,3.3539841771125793
898,35.671200037002563,33.395822286605835,-116.13300001621246,-116.88735008239746,26.100000143051147,3.5361984372138977,3.0999999940395355,3.3182351589202881
2496,34.59799998998642,34.340572327375412,-116.24199998378754,-116.44533109664917,3.099999725818634,4.9093642830848694,3,3.0205394625663757
1160,33.456200003623962,33.429860353469849,-118.08100000023842,-118.39935240149498,8.8000001013278961,5.9284597635269165,3,3.076618105173111
1889,33.689999997615814,33.805893182754517,-116.79499995708466,-116.90123319625854,15.299999993294477,2.8440472483634949,3.199999988079071,3.0787083506584167
2118,34.18299999833107,34.134417071938515,-117.47899997234344,-117.58657270669937,3.3000004291534424,4.361107349395752,3.0999999940395355,3.0345698297023773
1742,35.901999950408936,35.747006297111511,-117.02100002765656,-116.9316109418869,0.70000022649765015,2.0841819047927856,3.0999999940395355,3.0873261988162994
1866,32.723000049591064,32.680991172790527,-116.04200005531311,-116.88723087310791,3.099999725818634,4.0094849467277527,3.0999999940395355,3.1422092020511627
842,35.678500056266785,34.407558530569077,-117.45249998569489,-117.80836360156536,15.760000012814999,4.6538007259368896,3,3.8138869106769562
1373,33.877199999988079,33.871005147695541,-117.78309999406338,-117.84090887010098,13.599999994039536,4.8101717233657837,3.199999988079071,3.3254482448101044
2531,34.674000024795532,34.525703549385071,-116.31299996376038,-116.32200825214386,1.3999995589256287,5.8753341436386108,3.0999999940395355,3.0259350836277008
2222,32.046000003814697,32.498536348342896,-116.31599998474121,-116.09694242477417,3.9999997615814209,3.4646764397621155,3,3.0888749063014984
1526,34.130999997258186,34.099474892020226,-117.44700002670288,-117.33437716960907,7.9000000655651093,3.7889474630355835,3.2999999821186066,3.0611637532711029
1605,32.699900031089783,32.92857038974762,-118.20960000157356,-118.35550275444984,7.9999999701976776,6.8576323986053467,4.3999999947845936,3.1986678242683411
276,35.740165948867798,35.587323665618896,-117.56400299072266,-117.83193072676659,3.0399996042251587,7.1564009785652161,3,3.0705229640007019
661,35.878000020980835,34.401556849479675,-117.70166701078415,-118.03488006442785,4.5799997448921204,4.7380292415618896,4.0999999791383743,3.3891337215900421
1883,34.28999999165535,34.207983046770096,-116.90600001811981,-117.05613392591476,6.2000003457069397,3.0882453918457031,3.3999999761581421,3.2388354241847992
2144,35.332000017166138,35.322140216827393,-118.66100001335144,-118.95437759160995,2.0999997854232788,2.1281325817108154,3,3.0178045928478241
2397,34.861000001430511,34.360437959432602,-119.09800004959106,-119.1510648727417,21.599999964237213,4.4028210639953613,4.3999999947845936,3.8079083561897278
1916,33.793999999761581,33.608817934989929,-116.182000041008,-116.63830351829529,9.700000137090683,2.4788269400596619,3.0999999940395355,3.0539164245128632
314,35.672500967979431,35.733410120010376,-117.52583301067352,-117.87545020878315,7.6600000262260437,6.262555718421936,3.0500000417232513,3.0391448736190796
1466,32.944000005722046,33.509371817111969,-116.14300000667572,-117.24863451719284,20.000000149011612,6.7020750045776367,3.2999999821186066,3.159985363483429
1343,34.328599989414215,34.182363271713257,-118.45370000600815,-118.44018977880478,10.799999982118607,4.2487460374832153,3.8999999910593033,3.3361383676528931
2091,33.694000005722046,33.245848834514618,-116.0349999666214,-116.15714538097382,12.499999925494194,7.3392391204833984,3.0999999940395355,3.0467723608016968
691,35.59850001335144,34.330967247486115,-117.41449999809265,-117.97713376767933,6.6899996995925903,4.8229792714118958,3.7999999970197678,3.8088014423847198
1541,32.126999974250793,32.600221157073975,-117.65189999341965,-117.76928116381168,1.2999996542930603,6.3320070505142212,3.2999999821186066,3.2693742513656616
612,35.715499997138977,35.719702482223511,-117.62733501195908,-117.47224122285843,5.4199996590614319,5.9177219867706299,3.3999999761581421,3.0851973295211792
424,35.928333044052124,35.859790086746216,-117.70500001311302,-118.00929610058665,2.369999885559082,8.3397549390792847,4.5,3.7432495057582855
1577,32.719300031661987,32.379176616668701,-116.04019999504089,-116.47852885723114,11.499999985098839,4.7284841537475586,3.4999999701976776,3.0966141521930695
594,35.887500047683716,35.511401534080505,-117.69699999690056,-117.22643506526947,4.1099998354911804,4.7428464889526367,3.5099999606609344,3.1553303003311157
2516,34.769999980926514,34.629200637340546,-116.40100002288818,-116.55950784683228,7.3000001907348633,5.6102290749549866,3.7999999970197678,3.6817931234836578
2008,34.114000000059605,34.132334008812904,-117.43300002813339,-117.2421515583992,4.5000001788139343,3.1946718692779541,3.2999999821186066,3.0804900527000427
622,35.801998019218445,35.064730882644653,-117.63166800141335,-117.51664099097252,1.4300000667572021,5.4977524280548096,3.6999999582767487,3.201127678155899
1861,32.48199999332428,32.619373559951782,-117.50499999523163,-117.50401204824448,6.9999995827674866,5.0803202390670776,3.0999999940395355,3.1218177080154419
1493,33.771799996495247,33.706971794366837,-118.14309999346733,-118.02709209173918,16.400000005960464,4.7519910335540771,3.6999999582767487,3.1457443535327911
1677,34.142000004649162,33.944335982203484,-116.43400001525879,-116.74437546730042,5.5000001192092896,2.4072682857513428,3.0999999940395355,3.0768064856529236
227,35.944499969482422,35.804583668708801,-117.72116899490356,-118.35050469636917,2.4400001764297485,8.6472505331039429,3.5099999606609344,3.1736630201339722
2321,35.967000007629395,35.964452624320984,-117.84700000286102,-117.71620935201645,2.8999999165534973,7.6285748183727264,3.4999999701976776,3.1746281683444977
1169,34.00359999993816,33.828557163476944,-117.23369997739792,-117.13889306783676,19.299999922513962,3.3382236957550049,3.199999988079071,3.0562870502471924
108,35.735999941825867,35.753568291664124,-117.58050000667572,-117.86667613685131,9.5600000023841858,5.9320056438446045,3.0999999940395355,3.0355274677276611
1756,34.395000010728836,34.431327432394028,-119.65499997138977,-119.34317576885223,13.399999961256981,5.3818845748901367,3.199999988079071,3.05648472905159
66,34.005667000077665,33.544078141450882,-116.76433300971985,-116.85194301605225,13.299999944865704,2.9580867290496826,3.3999999761581421,3.0876682698726654
1417,32.928400039672852,32.934116959571838,-116.36189997196198,-116.70346975326538,16.899999976158142,3.6979204416275024,3,3.1029668748378754
2286,34.275999993085861,34.372071653604507,-117.5,-118.62606060504913,13.700000010430813,0.073643624782562256,3.0999999940395355,3.0422503352165222
24,35.954666972160339,34.36846911907196,-119.93949997425079,-119.86200785636902,7.2199997305870056,7.3612475395202637,3.1700000166893005,3.0899812281131744
1235,33.911700002849102,33.775007098913193,-117.89119999855757,-118.08752142637968,11.799999922513962,4.887218177318573,3.6999999582767487,3.1154169738292694
2096,35.133000016212463,34.706476926803589,-118.93800002336502,-119.33450889587402,14.700000006705523,2.1053534746170044,3.2999999821186066,3.0265375077724457
144,35.893833041191101,35.802308320999146,-117.68450000882149,-117.46485584974289,2.6100003719329834,7.0218998193740845,3.4999999701976776,3.0895808637142181
536,35.895167946815491,35.887864947319031,-117.72666901350021,-117.76229894161224,7.4700003862380981,7.58437380194664,4.2999999895691872,3.4047350585460663
811,35.675166964530945,34.34526863694191,-117.51483199000359,-118.02091284282506,1.7299997806549072,4.5456719398498535,3.2400000393390656,3.0641807019710541
1791,32.70990002155304,32.889018893241882,-117.17640000581741,-117.44467324018478,12.100000083446503,4.4486582279205322,3.199999988079071,3.0759278833866119
1497,35.963000059127808,35.737956762313843,-117.66299998760223,-117.47845453023911,2.9999998211860657,6.8654680252075195,3,3.1096366345882416
85,35.51783299446106,35.261458396911621,-117.41283297538757,-118.07338480651379,8.359999805688858,2.6936084032058716,3.2500000298023224,3.0261249840259552
1254,34.234400004148483,34.013031655922532,-119.55900001525879,-119.57020080089569,14.799999995157123,3.844115138053894,3,3.0526478290557861
2093,33.350000023841858,32.843208193778992,-116.4190000295639,-116.61637282371521,12.400000020861626,5.8993202447891235,3.199999988079071,3.1066253185272217
2073,33.733000010251999,33.775921866297722,-117.50699999928474,-117.56660491228104,7.2000002861022949,4.3581622838973999,3,3.0634951293468475
1878,33.974999999627471,34.002858130261302,-117.07800000905991,-117.02254015207291,14.799999995157123,2.9956716299057007,3.0999999940395355,3.0790813565254211
2412,34.146999999880791,33.733085036277771,-116.46599996089935,-116.59308862686157,16.600000038743019,3.1013238430023193,3.0999999940395355,3.0152930617332458
484,35.671332955360413,35.681392431259155,-117.47200000286102,-117.43943059444427,2.8499999642372131,5.8188557624816895,3.3999999761581421,3.1957209706306458
1654,33.762999996542931,33.434235095977783,-116.01699995994568,-116.81588983535767,1.600000262260437,3.8297465443611145,3,3.0771525800228119
2257,33.89299999922514,33.898377478122711,-117.77599999308586,-117.86602273583412,6.8999996781349182,4.7927758097648621,3.2999999821186066,3.4572678208351135
2426,35.991999983787537,35.928650736808777,-117.86900000274181,-117.50935837626457,2.4000003933906555,6.6689461469650269,3.7999999970197678,3.0981910228729248
738,35.722831964492798,35.721539497375488,-117.52850300073624,-117.82877345383167,3.1400004029273987,6.4605528116226196,3.2600000202655792,3.1513259410858154
1826,34.162699997425079,34.150638684630394,-117.40090000629425,-117.45756077766418,8.1999997794628143,4.0157407522201538,3.8999999910593033,3.414359986782074
2219,32.075999975204468,32.491764783859253,-116.3400000333786,-116.06941246986389,3.1999996304512024,7.4015942215919495,3,3.0739516317844391
2502,34.029999999329448,33.799284517765045,-116.2849999666214,-116.30211114883423,4.3000003695487976,4.8446685075759888,3.3999999761581421,3.033829540014267
1798,33.713499993085861,33.971132554113865,-117.50420001149178,-117.48794668912888,14.599999990314245,3.8456028699874878,3.6999999582767487,3.2126246094703674
362,35.823500037193298,35.809220194816589,-117.66299998760223,-117.59200212359428,6.5100002288818359,7.5761599838733673,4.5,4.064565047621727
749,35.601166009902954,35.425048351287842,-117.60399600863457,-118.03344606235623,4.1999995708465576,5.9653580188751221,3.4999999701976776,3.1398618221282959
2419,35.740000009536743,35.81528627872467,-117.61000001430511,-117.13219618797302,0.90000003576278687,4.1390427947044373,3.5999999642372131,3.0699760615825653
1646,33.895999997854233,34.241228103637695,-117.78599999845028,-117.84041522443295,3.9999997615814209,4.3530920147895813,3.0999999940395355,3.0150684714317322
1026,34.095333002507687,34.091819427907467,-116.4025000333786,-116.98245298862457,8.880000114440918,2.7184814214706421,3,3.0472251176834106
1030,33.219166994094849,32.739413380622864,-116.08249998092651,-116.43983483314514,13.35999995470047,6.0088473558425903,3.5400000214576721,3.1758912205696106
1926,34.247899994254112,34.267291992902756,-117.44110000133514,-117.62813758850098,9.9999998509883881,4.4056016206741333,3.2999999821186066,3.181341290473938
1335,33.613000005483627,33.407883405685425,-116.66400003433228,-119.42029905319214,3.7999999523162842,8.1878945231437683,3.2999999821186066,3.084636926651001
2087,33.379999995231628,33.217714488506317,-116.31700003147125,-116.51348400115967,13.100000023841858,3.871857225894928,3,3.0327039957046509
1724,34.010999999940395,33.981237336993217,-117.21499997377396,-117.30479741096497,10.399999916553497,3.6686056852340698,3,3.0264265537261963
665,35.774166941642761,34.860136806964874,-117.61183300614357,-117.75222484767437,9.8800000548362732,4.8988491296768188,3.4899999797344208,3.2494461536407471
364,35.776833057403564,35.686255812644958,-117.58983600139618,-117.94608402252197,0.99999994039535522,6.2509042024612427,3.2400000393390656,3.0617220997810364
2229,34.524999976158142,33.899931199848652,-116.29100000858307,-116.56818759441376,8.8000001013278961,4.7420436143875122,3,3.0269806981086731
1239,34.123800002038479,34.263492226600647,-118.47510001063347,-118.3091404736042,15.200000004842877,4.633600115776062,4.6000000052154064,3.7477218210697174
77,32.858999967575073,32.711543321609497,-116.18533301353455,-117.17256337404251,6.2799999117851257,4.6068379282951355,3,3.1230326592922211
27,33.49966698884964,33.288285553455353,-116.45816695690155,-116.95416307449341,5.7300004363059998,2.8953400254249573,3.4099999666213989,3.140433132648468
473,35.884667038917542,35.244967103004456,-117.71083301305771,-117.49456185102463,4.6100002527236938,5.3026378154754639,3.5099999606609344,3.1848953068256378
525,35.675498962402344,35.722490549087524,-117.5455020070076,-117.50929579138756,1.0899996757507324,5.5442056059837341,3.4500000178813934,3.1747717559337616
725,35.921666979789734,34.287064015865326,-117.72900000214577,-117.91987033188343,8.1700001657009125,4.836738109588623,4.6400000005960464,3.8776284903287888
55,35.743499994277954,35.797213912010193,-117.59299999475479,-117.32577687501907,5.9400004148483276,6.1679345369338989,3.5899999737739563,3.2043664455413818
638,35.876667022705078,34.827237844467163,-117.72000101208687,-117.97803504392505,3.1099998950958252,5.3617340326309204,3.6400000154972076,3.1459400653839111
302,35.556331992149353,35.322561264038086,-117.38449901342392,-117.3037611246109,7.8000001609325409,3.1989973783493042,3.4099999666213989,3.4174381792545319
718,35.80316698551178,34.356602102518082,-117.6178329885006,-118.01054965239018,11.440000087022781,4.8246064782142639,4.8400000110268593,3.8234637826681137
2201,33.747000008821487,33.108155429363251,-116.02400004863739,-116.28918957710266,8.8000001013278961,5.112653374671936,3,3.0383104383945465
1929,34.328999996185303,34.285905808210373,-116.83200001716614,-116.97970807552338,5.0999996066093445,2.9289829730987549,4.0999999791383743,3.6215162873268127
624,35.891499042510986,34.353069186210632,-117.6880039870739,-117.72227916121483,4.6399998664855957,4.4446831941604614,3.7400000095367432,3.148901492357254
7,35.664000034332275,35.423385381698608,-117.56516700983047,-117.45513719320297,6.8200001120567322,5.207068920135498,3.2299999594688416,3.0701115131378174
1280,33.449000000953674,33.41497391462326,-116.58599996566772,-116.62492895126343,14.400000013411045,2.7537113428115845,3.2999999821186066,3.1168321073055267
803,35.715999960899353,35.799187898635864,-117.56000000238419,-117.34711557626724,1.9200003147125244,6.4633315801620483,4.7000000104308128,4.1797304302453995
1049,35.898000001907349,35.784717917442322,-117.68316701054573,-117.6672035753727,2.5799998641014099,5.3288063406944275,3.3700000047683716,3.137523740530014
336,35.917500019073486,35.863658905029297,-117.72066500782967,-118.11577851325274,2.369999885559082,7.7390702068805695,3.0999999940395355,3.0632526576519012
1596,35.712000012397766,35.848010182380676,-117.48500001430511,-117.41037434339523,9.8999999463558197,5.6785351037979126,3.0999999940395355,3.1119527220726013
47,35.560832977294922,35.5024094581604,-117.43433302640915,-117.20185780525208,4.5000001788139343,4.2328137159347534,3.4999999701976776,3.1567178964614868
2181,35.320000052452087,35.324694871902466,-118.66100001335144,-118.70868468284607,5.6000000238418579,0.83038687705993652,3,3.0156284272670746
106,35.825166940689087,35.791956186294556,-117.63600000739098,-118.19715863466263,6.1900001764297485,7.469329833984375,3.5300000309944153,3.0558112263679504
349,35.873165011405945,35.840747356414795,-117.71383699774742,-117.70554012060165,6.8200001120567322,7.8186875581741333,3.3999999761581421,3.0779238045215607
1079,33.191833019256592,33.340936303138733,-118.03099999949336,-118.24949981272221,17.649999931454659,4.7581788897514343,3.199999988079071,3.0876224935054779
238,35.881332039833069,35.870444059371948,-117.68450200557709,-118.25422859191895,3.8999998569488525,8.4567555785179138,3.1700000166893005,3.172235906124115
213,35.950166940689087,35.893231153488159,-117.70366701483727,-117.9936912083067,3.5199996829032898,8.2534405589103699,4.0999999791383743,3.4725835919380188
1144,34.796500027179718,34.720714211463928,-116.2639000415802,-116.26509201526642,14.400000013411045,3.5155248641967773,3.6999999582767487,3.4912022352218628
2405,35.25600004196167,35.21332311630249,-118.56499999761581,-118.48558196425438,8.099999874830246,4.9707877635955811,3,3.0138303637504578
1817,35.952999949455261,35.777278900146484,-117.29900002479553,-117.43846052885056,3.7999999523162842,6.1564475297927856,3,3.0807263553142548
793,35.608665943145752,34.327454179525375,-117.59033200144768,-118.27593100070953,4.8300004005432129,7.9264667630195618,3.0199999809265137,3.0736236870288849
1096,34.697166979312897,34.380882561206818,-116.23916697502136,-116.37458431720734,2.6100003719329834,4.4574147462844849,4.1100000143051147,3.5902567505836487
1873,33.443000018596649,33.298570215702057,-116.59800004959106,-116.95187449455261,11.100000143051147,2.6860052347183228,3,3.0736908316612244
1867,34.187999993562698,34.267509281635284,-117.56319999694824,-117.66499462723732,3.6000001430511475,4.4352740049362183,3.4999999701976776,3.2115374207496643
2253,33.306999981403351,33.064750671386719,-116.39199995994568,-116.57715082168579,12.499999925494194,5.098978579044342,4.1999999955296516,3.7781397253274918
345,35.665668964385986,35.661677241325378,-117.52383399009705,-117.59124970436096,7.0099997520446777,6.3549971580505371,3.4500000178813934,3.1448776423931122
523,35.883334994316101,33.946423627436161,-117.70549800992012,-117.89678992331028,5.0200000405311584,5.5761873722076416,3.129999965429306,3.1581772863864899
232,35.909999966621399,35.813222885131836,-117.70800000429153,-118.17355524003506,1.9100001454353333,6.3905203342437744,3,3.0490574240684509
644,35.91016697883606,35.355701208114624,-117.73899999260902,-117.5547693669796,10.709999799728394,5.2389577031135559,3.7900000065565109,3.3772450089454651
1975,33.499000012874603,33.387701272964478,-116.57200002670288,-116.72657454013824,12.299999892711639,2.5914081931114197,3.0999999940395355,3.1412712335586548
2306,34.287999987602234,33.915691778063774,-116.98699998855591,-116.96924662590027,11.40000008046627,3.2403901219367981,3,3.014698326587677
1428,34.495999991893768,34.203773707151413,-118.43399998545647,-118.65785473585129,5.0999996066093445,3.860563337802887,3.3999999761581421,3.1324699223041534
533,35.786999940872192,35.652454733848572,-117.61933299899101,-117.22650653123856,3.0099999904632568,6.2087363004684448,3.679999977350235,3.5910764336585999
2294,32.726999998092651,32.652522921562195,-118.39300000667572,-117.81983499228954,31.4000004529953,6.2286579608917236,3.0999999940395355,3.0274404287338257
603,35.867333054542542,34.507749021053314,-117.66349801421165,-117.75261855125427,3.9100000262260437,4.4040906429290771,3.7599999904632568,3.2782900929450989
1489,34.017000000923872,34.015562011860311,-117.22699999809265,-117.03683543205261,16.899999976158142,2.9583567380905151,3.0999999940395355,3.039072722196579
1915,35.121000051498413,34.844718515872955,-117.55599999427795,-117.74877136945724,2.0999997854232788,4.3938660621643066,3.6999999582767487,3.2247914671897888
1426,34.310000002384186,34.364032119512558,-116.97500002384186,-116.90677690505981,5.6999999284744263,2.881113588809967,3.199999988079071,3.0611394345760345
1074,34.179666996002197,34.166768476366997,-117.29316699504852,-117.50404891371727,8.6799998581409454,3.9901989698410034,3.1399999558925629,3.0571386516094208
2151,34.279100000858307,33.973192270845175,-116.84179997444153,-116.9681408405304,4.3000003695487976,5.5582711100578308,3.8999999910593033,3.2259506285190582
60,35.66683304309845,35.715372204780579,-117.44783300161362,-117.63096630573273,9.4499999284744263,6.345820426940918,3,3.045194685459137
2384,34.33500000834465,34.017873467877507,-117.06400001049042,-116.90192151069641,11.799999922513962,3.0067965388298035,3.0999999940395355,3.0093914866447449
92,35.892166972160339,35.642344951629639,-117.67750000953674,-117.79389816522598,2.6799997687339783,6.0309514403343201,3.6999999582767487,3.1426951289176941
666,35.780166983604431,34.533399224281311,-117.62816700339317,-118.19599331915379,5.7399997115135193,5.0747162103652954,3.4999999701976776,3.2284948825836182
1774,35.347000002861023,35.043722629547119,-118.56000000238419,-118.76846158504486,7.1000003814697266,7.0048132538795471,3,3.0301051139831543
2277,34.093999996781349,34.262676328420639,-118.26199999451637,-118.3151113986969,6.8999996781349182,3.0973783135414124,3,3.0153729915618896
280,35.620499014854431,35.432494163513184,-117.43116801977158,-117.55268853902817,2.3099997639656067,5.8042645454406738,3.3300000429153442,3.1303533911705017
1719,34.004999999888241,34.185705170035362,-117.11900001764297,-117.29989421367645,13.100000023841858,3.4356138110160828,3.2999999821186066,3.0618220567703247
1779,32.690000057220459,33.092874109745026,-116.07700002193451,-117.15812569856644,5.899999737739563,4.3898561596870422,3.0999999940395355,3.0964286327362061
359,35.82666802406311,35.865459203720093,-117.66433000564575,-117.55754032731056,3.020000159740448,4.2947709560394287,3.4999999701976776,3.1350629031658173
1804,33.921999998390675,34.014277812093496,-117.7660000026226,-117.89466128498316,0.80000013113021851,4.5865201950073242,3.199999988079071,3.0395582020282745
1543,34.088600002229214,34.11249054223299,-119.04200005531311,-118.9738422036171,10.999999791383743,4.9155950546264648,3.0999999940395355,3.4398997128009796
1397,34.151999995112419,34.205609738826752,-117.44999998807907,-117.73917081952095,13.700000010430813,4.4149535894393921,3.3999999761581421,3.062793105840683
1859,34.171000003814697,34.195722177624702,-116.45299994945526,-116.80954694747925,9.700000137090683,2.4797657132148743,3,3.0857063233852386
847,35.051332950592041,34.974659979343414,-118.93683302402496,-118.87977588176727,7.7299998700618744,0.39485782384872437,3.3500000238418579,3.0409905016422272
1206,35.826200008392334,34.464588135480881,-119.817999958992,-119.62846112251282,11.799999922513962,7.991749495267868,3.0999999940395355,3.1192545890808105
2231,33.872999995946884,33.876246772706509,-117.85600000619888,-117.87595521658659,9.4999998807907104,4.4456058740615845,3.199999988079071,3.027472972869873
760,35.642665982246399,35.786919236183167,-117.52933499217033,-117.55873936414719,0.60999959707260132,0.46927303075790405,3.2999999821186066,3.1006631255149841
110,35.637166976928711,35.72742760181427,-117.47416698932648,-117.46296018362045,1.6500002145767212,5.116831362247467,3.8999999910593033,3.8245368003845215
1775,35.337200045585632,35.271350860595703,-118.5692999958992,-118.83887481689453,5.2000004053115845,1.0570120811462402,3.7999999970197678,3.4126054644584656
42,33.700832009315491,33.803485214710236,-117.43399798870087,-117.01540929079056,9.0900000929832458,2.8950682282447815,3.0399999618530273,3.0275411009788513
1770,33.022000014781952,33.163027286529541,-118.92299997806549,-118.83671241998672,5.9999996423721313,3.7235945463180542,3.199999988079071,3.0276602804660797
125,35.743000030517578,35.796223521232605,-117.55966699123383,-117.44485276937485,2.9899996519088745,6.4686745405197144,3.8999999910593033,3.5337333977222443
204,35.547000050544739,35.565187335014343,-117.37716698646545,-117.50229600071907,4.0700000524520874,5.7276052236557007,3.0999999940395355,3.0760357975959778
1473,34.314000010490417,34.158583536744118,-118.72100001573563,-118.74600356817245,8.7000001966953278,5.7762783765792847,3.2999999821186066,3.0659049153327942
52,33.319666981697083,32.938257098197937,-116.4210000038147,-116.96706640720367,7.2099995613098145,3.7118080258369446,3,3.125967264175415
545,35.920833945274353,35.514315605163574,-117.67849698662758,-117.54738965630531,7.6900000870227814,6.2562158703804016,3.5600000023841858,3.1813323497772217
68,35.671833038330078,35.475237846374512,-117.52333301305771,-117.55310341715813,10.139999985694885,5.8952093124389648,3.2199999690055847,3.0333572030067444
1814,34.91100001335144,34.811465620994568,-116.94700002670288,-116.98016512393951,7.8000001609325409,3.2285213470458984,3.4999999701976776,3.1598054766654968
2009,34.118000000715256,34.016326839104295,-117.43699997663498,-117.33199310302734,4.699999988079071,3.779628574848175,3.5999999642372131,3.2164266407489777
2228,33.184000015258789,32.871935844421387,-116.74500000476837,-116.77177059650421,3.099999725818634,5.0487434864044189,3.4999999701976776,3.4095897674560547
1966,35.511000037193298,34.565817594528198,-119.46599996089935,-119.39707446098328,23.000000417232513,1.5319964289665222,3,3.1715970933437347
1424,35.49399995803833,35.292552351951599,-118.39800000190735,-118.53152430057526,2.800000011920929,3.9116585254669189,3,3.0452607572078705
183,35.593500018119812,35.698195219039917,-117.38066697120667,-117.46890872716904,6.5299996733665466,6.0880404710769653,3.3999999761581421,3.0784428119659424
137,35.873667001724243,35.756862044334412,-117.70966699719429,-117.4580785036087,8.0100001394748688,6.9381245970726013,3.6699999868869781,3.0883476734161377
899,33.485333025455475,33.261049747467041,-116.80483305454254,-116.87160956859589,1.4300000667572021,2.7439561486244202,3.7800000160932541,3.1640365719795227
796,35.671499967575073,35.827503085136414,-117.47883301973343,-117.35942620038986,5.1599997282028198,4.654349684715271,4.5,4.161169745028019
132,35.64549994468689,35.631797790527344,-117.50350001454353,-117.41251236200333,4.8899996280670166,5.286562442779541,3.3500000238418579,3.0731723606586456
80,35.905500054359436,35.764020800590515,-117.70733299851418,-117.39625144004822,4.8999997973442078,6.7391610145568848,3.199999988079071,3.0542418658733368
1586,32.687000036239624,32.355294585227966,-116.00800001621246,-116.27543973922729,13.499999977648258,2.7900722622871399,3.199999988079071,3.078765481710434
2186,33.992999999783933,33.591443926095963,-116.8639999628067,-116.92633020877838,14.299999997019768,2.9796338081359863,3,3.0122491121292114
758,35.722668051719666,35.806680083274841,-117.55300098657608,-117.85912647843361,1.0200002789497375,7.331785261631012,3.5300000309944153,3.3001397252082825
541,35.553666949272156,35.751031517982483,-117.43416702747345,-117.38977652788162,1.7699995636940002,6.3096588850021362,3.0999999940395355,3.3451588153839111
1019,34.423500001430511,34.321991354227066,-119.6438330411911,-119.47290670871735,10.929999947547913,5.1467683911323547,3.1199999749660492,3.0708342790603638
1822,33.832900002598763,33.524178475141525,-116.19550001621246,-116.63545954227448,9.9999998509883881,7.2043615579605103,3.7999999970197678,3.5915558338165283
983,33.135500013828278,32.895029902458191,-116.66016697883606,-116.9071741104126,2.6699995994567871,4.0525862574577332,3.4400000274181366,3.222243458032608
2262,32.353000044822693,32.382914304733276,-118.1059999987483,-117.39108031988144,6.6999998688697815,6.4983290433883667,3.0999999940395355,3.036376565694809
165,35.677999973297119,35.451735377311707,-117.51766699552536,-117.97677344270051,6.4799997210502625,0.67755460739135742,3.5999999642372131,3.8764099180698395
248,35.642166018486023,35.691542506217957,-117.45283502340317,-117.68179515004158,10.949999839067459,6.4393937587738037,3.5600000023841858,3.3067479729652405
1331,32.921000003814697,33.461783170700073,-117.49800002574921,-118.6472949385643,15.400000009685755,7.9072380065917969,3,3.048993319272995
446,35.577666997909546,35.646687746047974,-117.37300097942352,-117.60434359312057,3.5899999737739563,6.6605454683303833,3.9999999850988388,3.6861498355865479
1832,33.074000000953674,32.743077754974365,-116.49899995326996,-116.66160774230957,11.799999922513962,3.2953763008117676,3.2999999821186066,3.2275070250034332
858,32.806167006492615,33.036574482917786,-118.48849999904633,-118.20590509474277,6.0699999332427979,5.9125909209251404,3.2999999821186066,3.0907056033611298
1358,33.827999994158745,33.93762543797493,-118.57099997997284,-118.47032433748245,8.4999999403953552,4.711870551109314,3.3999999761581421,3.0988930463790894
2280,34.048000000417233,33.69439160823822,-116.76999998092651,-116.78257691860199,13.700000010430813,2.8906828165054321,3.0999999940395355,3.0103358924388885
97,35.651167035102844,35.531353950500488,-117.49933302402496,-117.52968117594719,10.399999916553497,7.1861547231674194,3.3199999630451202,3.0467443764209747
1850,32.983000040054321,32.905819654464722,-116.32000005245209,-116.76519227027893,5.899999737739563,4.3306571245193481,3.199999988079071,3.1437621116638184
805,35.597167015075684,35.575555324554443,-117.6001670062542,-117.59118324518204,5.5500000715255737,6.0158354043960571,4.2999999895691872,3.5041785836219788
737,35.771667003631592,35.876222014427185,-117.5706669986248,-117.94417762756348,6.8200001120567322,9.1747882962226868,4.0899999886751175,3.6104775667190552
1989,34.109999999403954,34.331221431493759,-117.30699998140335,-117.44471460580826,14.899999997578561,3.5907751321792603,3.3999999761581421,3.218474417924881
1943,32.552899956703186,32.482186198234558,-118.0379999987781,-117.84390160441399,9.9999998509883881,6.9415757060050964,4.8000000044703484,3.8010293841362
2311,34.287000000476837,34.048165217041969,-116.98800003528595,-116.87873077392578,8.3000001311302185,3.0626598000526428,3,3.0060940682888031
102,35.956166982650757,35.73334801197052,-117.7128329873085,-117.79357878863811,2.7700003981590271,6.2193328142166138,3.1700000166893005,3.0327056050300598
434,35.899832963943481,34.870656549930573,-117.73516699671745,-117.67734023928642,1.7199996113777161,5.0845751166343689,3.199999988079071,3.0724689066410065
74,35.830167055130005,35.721157073974609,-117.65083301067352,-117.606808334589,2.9999998211860657,6.4114022254943848,3.3300000429153442,3.0649659633636475
577,35.649333000183105,35.029774785041809,-117.45783299207687,-117.44755119085312,2.369999885559082,4.8848944902420044,3.8999999910593033,3.3352503776550293
1904,33.787000000476837,33.40942656993866,-116.17799997329712,-116.46332216262817,9.3999999761581421,3.563225269317627,3.5999999642372131,3.1730496883392334
1988,33.687200009822845,33.863049402832985,-118.66180002689362,-118.51523596048355,10.100000202655792,5.0144568085670471,3.199999988079071,3.1940063238143921
1230,33.888599999248981,33.862544313073158,-117.94249999895692,-117.90691580623388,13.599999994039536,4.4518357515335083,3.0999999940395355,3.0274468660354614
918,34.136333003640175,34.128288969397545,-117.7746669948101,-117.72327741980553,5.4600003361701965,4.8062396049499512,4.4100000020116568,3.8791158199310303
1326,33.979199999943376,34.101849474012852,-117.22600001096725,-117.39307230710983,3.3000004291534424,4.170718789100647,3.5999999642372131,3.1831920146942139
2349,35.713000059127808,35.71224570274353,-118.03200000151992,-117.77525933086872,8.4000000357627869,5.3630375862121582,3.9999999850988388,3.4174346923828125
2476,34.458999991416931,33.971674429252744,-116.51499998569489,-116.71484088897705,3.7999999523162842,3.1335541605949402,3.2999999821186066,3.0208508670330048
2276,34.819000005722046,34.658385396003723,-116.35399997234344,-116.5308313369751,2.8999999165534973,4.4188374280929565,3.0999999940395355,3.021041214466095
762,35.774665951728821,35.856547594070435,-117.6169970035553,-117.6344076693058,2.3500004410743713,0.60588151216506958,3.2999999821186066,3.080008327960968
2143,34.307000011205673,34.119034640491009,-116.83299994468689,-116.92922878265381,3.6000001430511475,4.2754054069519043,3,3.0149856805801392
989,35.032832980155945,34.683906197547913,-119.30316698551178,-119.4436149597168,11.480000093579292,5.7409340143203735,3.2299999594688416,3.0704171061515808
388,35.917834997177124,35.911168932914734,-117.71566799283028,-117.9501058831811,2.10999995470047,8.2658372819423676,3.2700000107288361,3.1569857597351074
235,35.822666049003601,35.796567440032959,-117.63933598995209,-117.67997857928276,2.8100001811981201,6.9473567605018616,3.4099999666213989,3.0663692057132721
2325,35.911999940872192,35.896829843521118,-117.8289999961853,-117.4528015255928,1.8999999761581421,9.0286324918270111,3.5999999642372131,3.1950228810310364
267,35.683665990829468,35.443282127380371,-117.53800201416016,-118.03414518758655,9.7500000894069672,7.5149533152580261,3,3.0587953627109528
1329,33.014400005340576,32.81673002243042,-116.30089998245239,-116.51412451267242,17.000000104308128,3.9598542451858521,3.199999988079071,3.1482883393764496
2293,32.675999999046326,33.025290787220001,-118.36700001358986,-118.12571194767952,25.200000107288361,7.8446969389915466,3.9999999850988388,3.4937735795974731
117,35.940333962440491,35.388352632522583,-117.6953350007534,-118.02726924046874,2.5900000333786011,5.8243203163146973,3,3.10772904753685
437,35.834499001502991,35.673305034637451,-117.66549700498581,-117.49488538503647,4.4600003957748413,7.0494291186332703,3.3500000238418579,3.1078013777732849
673,35.912832975387573,34.923670291900635,-117.7123329937458,-117.77715766429901,6.6999998688697815,4.6496075391769409,3.7900000065565109,3.5018259286880493
249,35.901833057403564,35.868565797805786,-117.69016700983047,-117.87293402850628,2.4799999594688416,8.1693778932094574,3.9599999785423279,3.3043917417526245
2157,34.310000002384186,34.068267576396465,-116.84800004959106,-116.87000679969788,5.4000002145767212,4.18587327003479,3.3999999761581421,3.0076583325862885
1574,33.26529997587204,33.21953272819519,-116.71000003814697,-116.89322185516357,2.0999997854232788,3.2579469680786133,3.4999999701976776,3.1302128434181213
2538,34.096000000834465,33.89439433068037,-116.98199999332428,-116.85405373573303,9.4999998807907104,3.1611558794975281,3.4999999701976776,3.055127888917923
94,35.646332979202271,35.207171559333801,-117.45349997282028,-117.24314045906067,3.569999635219574,4.9271786212921143,3.3099999725818634,3.0601005256175995
2449,33.902999997138977,33.596757650375366,-116.64800000190735,-116.79214906692505,4.0999996662139893,3.0254217982292175,3.6999999582767487,3.0904309451580048
33,34.273999989032745,34.110916808247566,-119.29016697406769,-118.99965268373489,11.309999898076057,5.9907621145248413,3.199999988079071,3.0414732098579407
2208,33.236999988555908,32.738402605056763,-116.10800004005432,-116.20175111293793,14.599999990314245,6.8264740705490112,3.7999999970197678,3.5247101783752441
2163,34.410800009965897,34.34367373585701,-116.84479999542236,-118.18147423863411,4.400000274181366,5.0009626150131226,3.9999999850988388,3.5145501494407654
2317,35.98800003528595,35.880534172058105,-117.87100000679493,-117.57468709349632,2.9999998211860657,2.1268093585968018,3,3.0370665192604065
448,35.672999978065491,35.608606815338135,-117.55133101344109,-117.55489757657051,1.1499997973442078,6.8075913190841675,3.3999999761581421,3.2465843260288239
1469,33.981000000610948,33.979557540267706,-118.81400001049042,-118.75181025266647,9.9999998509883881,4.9580007791519165,3.2999999821186066,3.0717008113861084
1795,34.788999974727631,34.771338284015656,-116.28799998760223,-116.27335107326508,2.5000002980232239,5.7782024145126343,3.199999988079071,3.1063177585601807
716,35.901833057403564,34.304516136646271,-117.72733300924301,-117.94247318059206,5.3000003099441528,4.8354515433311462,4.1900000050663948,3.8740492165088654
1999,35.930999994277954,35.292610168457031,-119.97000002861023,-119.5247974395752,28.600000441074371,8.0719596147537231,3.0999999940395355,3.0993894338607788
2489,35.968000054359436,35.837105274200439,-117.89000000059605,-117.6172756254673,2.6000002026557922,6.2232488393783569,3.2999999821186066,3.0382894277572632
0,33.926666997373104,34.040595736354589,-117.87650000303984,-117.9364048242569,8.6599999666213989,4.5764949917793274,3.199999988079071,3.0325963497161865
456,35.686000943183899,35.744071245193481,-117.5531690120697,-117.60256615281105,8.6100000143051147,6.1928147077560425,3.199999988079071,3.1447328925132751
1101,33.66049998998642,33.472153604030609,-116.77366697788239,-116.89673852920532,13.630000054836273,2.9499703645706177,3.2999999821186066,3.0597108900547028
1108,35.212167024612427,35.158846974372864,-117.28083300590515,-117.31996518373489,3.1400004029273987,3.6240425705909729,3.7400000095367432,3.17696812748909
1940,34.003299999982119,34.107691250741482,-116.68669998645782,-116.99854588508606,16.000000052154064,3.0288693308830261,4.1999999955296516,3.533083587884903
82,35.531999945640564,35.446964263916016,-117.37033301591873,-117.28099501132965,8.4699998795986176,5.4716312885284424,3.2299999594688416,3.051747590303421
1481,33.825000002980232,35.24942421913147,-116.98599994182587,-116.8569929599762,12.699999958276749,0.77616602182388306,3.2999999821186066,3.0954349637031555
2035,34.138999998569489,34.256174325942993,-119.182000041008,-119.39154100418091,24.200000166893005,0.38950324058532715,3.0999999940395355,3.0696270167827606
676,35.662500023841858,34.249835729598999,-117.54449999332428,-117.87207742035389,3.1800001859664917,4.8329275846481323,3.8499999940395355,3.8473669588565826
1588,32.021900057792664,32.186816930770874,-117.48220002651215,-116.84448158740997,3.1999996304512024,7.2747248411178589,3.5999999642372131,3.1154020428657532
2155,34.31700000166893,34.034367933869362,-116.85599994659424,-116.85195779800415,2.1999996900558472,4.0459871292114258,3.0999999940395355,3.0110002756118774
1046,33.248833000659943,32.879718661308289,-116.41449999809265,-116.90709364414215,4.9499997496604919,2.6559877395629883,3.3099999725818634,3.0986065864562988
1460,32.876199960708618,34.053699221462011,-116.20729994773865,-118.51985448598862,16.19999997317791,3.8774353265762329,3.0999999940395355,3.0767741203308105
770,35.657166004180908,35.774745941162109,-117.52183499932289,-117.50078245997429,1.6699996590614319,6.3366284966468811,3.3300000429153442,3.1112176179885864
1668,34.097999997437,34.361707746982574,-117.30599999427795,-117.64512237906456,15.100000002421439,4.2034167051315308,3.199999988079071,3.082583874464035
1924,32.082000017166138,32.145206928253174,-116.37600004673004,-116.19170618057251,3.9999997615814209,6.1847591400146484,3.8999999910593033,3.183776468038559
2022,34.726000010967255,34.675464868545532,-116.04799997806549,-116.79109227657318,2.0999997854232788,6.323738694190979,3.199999988079071,3.1371648609638214
517,35.946498990058899,35.656572937965393,-117.72283199429512,-118.26727136969566,1.2200000882148743,7.6487602293491364,3.1199999749660492,3.1593695282936096
822,35.659332036972046,35.63250720500946,-117.53817000985146,-117.42831182479858,8.4699998795986176,5.8273807168006897,3.4600000083446503,3.2073194682598114
404,35.880664944648743,35.849466562271118,-117.70066800713539,-117.83676216006279,2.1300002932548523,8.0348432064056396,3.3999999761581421,3.1052780449390411
384,35.906334042549133,35.865033507347107,-117.73916599154472,-118.1911448687315,2.2300001978874207,8.2858818769454956,3.7200000286102295,3.4229913353919983
2316,35.919000029563904,35.964492678642273,-117.85099999606609,-117.84061802923679,3.4000003337860107,5.7003271579742432,3.8999999910593033,3.4486699104309082
2102,32.50629997253418,32.456099271774292,-117.17659997940063,-116.69612693786621,9.8999999463558197,7.6805944740772247,3.8999999910593033,3.1194242835044861
104,35.666499972343445,35.796659708023071,-117.50583299994469,-117.80821092426777,10.280000120401382,6.2320554256439209,3.6300000250339508,3.2243180572986603
1633,32.715399980545044,32.886656999588013,-117.59340000152588,-117.37570559978485,7.5999999046325684,4.5223519206047058,3.7999999970197678,3.2329074740409851
2424,34.532000005245209,34.411871790885925,-116.31200003623962,-116.45684218406677,1.7000001668930054,5.5069237947463989,3.199999988079071,3.0179668664932251
688,35.71483302116394,34.405319511890411,-117.50516700744629,-118.00420450931415,1.7399999499320984,4.7369331121444702,4.1299999952316284,3.6111833453178406
794,35.709499001502991,35.756866335868835,-117.55666399002075,-117.53093689680099,0.34000039100646973,2.7708569169044495,3.3400000333786011,3.1937558054924011
826,35.748165011405945,34.586236834526062,-117.54183200001717,-118.34321370720863,2.2599998116493225,11.640477776527405,3.0199999809265137,3.0941407978534698
1877,32.737499952316284,32.328829884529114,-116.07410001754761,-116.10068070888519,2.800000011920929,3.5148963332176208,5.4000000357627869,3.3435539603233337
1240,32.885499954223633,32.758474230766296,-116.21539998054504,-116.8467128276825,12.499999925494194,3.9036503434181213,3.3999999761581421,3.1463940739631653
62,33.319333016872406,33.024672091007233,-116.42033302783966,-116.96097838878632,8.359999805688858,2.9937127232551575,3.0999999940395355,3.0884502232074738
1305,34.419999986886978,33.905855275690556,-119.93400001525879,-119.63827192783356,10.60000017285347,8.8581879436969757,3.0999999940395355,3.0731572508811951
852,33.939667001366615,33.510813176631927,-116.67449998855591,-116.80856204032898,17.300000041723251,2.7286675572395325,3.0299999713897705,3.0500449240207672
2327,33.462000012397766,33.239930510520935,-116.41700005531311,-116.75917947292328,14.599999990314245,3.1672239303588867,3,3.0377397537231445
176,35.677999973297119,35.657340407371521,-117.50600001215935,-117.70764100551605,9.1599999368190765,6.5734148025512695,3.6899999678134918,3.3239353895187378
1262,33.488600015640259,33.426424860954285,-116.48210000991821,-116.5401918888092,12.60000005364418,3.4722429513931274,3,3.0731315910816193
223,35.89783501625061,35.860415697097778,-117.70899999141693,-118.08868409693241,9.1099999845027924,7.1416497230529785,3.4999999701976776,3.0952094793319702
145,35.623832941055298,35.419555425643921,-117.57383298873901,-117.55929604172707,7.9399998486042023,6.3313257694244385,3.2299999594688416,3.0510992109775543
1088,34.694333016872406,34.626485466957092,-116.24283301830292,-116.56583166122437,2.3500004410743713,4.4397354125976562,4.0999999791383743,3.3555105328559875
373,34.019501000642776,33.726052552461624,-117.21866601705551,-117.07854372262955,16.099999956786633,3.4392634034156799,3.0199999809265137,3.0662882924079895
1824,32.700799942016602,32.803512215614319,-116.03550004959106,-116.50585961341858,13.499999977648258,2.5614586472511292,3,3.1677648425102234
2137,34.28439998626709,32.885173320770264,-116.83239996433258,-118.70719701051712,4.6000000834465027,4.6307945251464844,3.6999999582767487,4.1428235024213791
1142,33.997900000074878,34.102520115673542,-118.35710000991821,-118.48956513404846,18.200000077486038,3.6439016461372375,3,3.0573962330818176
2432,35.605000019073486,35.736757874488831,-117.61000001430511,-117.38604468107224,3.7000000476837158,6.2065503001213074,3.4999999701976776,3.0612147152423859
2192,34.802999973297119,34.826548635959625,-116.27499997615814,-116.34436118602753,3.7000000476837158,5.646781325340271,3.0999999940395355,3.0363689661026001
1274,34.703000009059906,34.178107246756554,-116.27569997310638,-116.52256643772125,8.4999999403953552,2.1299421787261963,3.5999999642372131,3.1808831691741943
1265,32.417099952697754,32.480073213577271,-116.24360001087189,-116.28871178627014,15.500000026077032,3.4745138883590698,3.4999999701976776,3.438779890537262
2264,34.162000000476837,33.686151504516602,-116.43400001525879,-116.70543146133423,9.5999997854232788,3.2439547777175903,3.2999999821186066,3.0303572416305542
2241,33.013000011444092,32.702205419540405,-116.37300002574921,-116.60076808929443,16.099999956786633,5.884585976600647,3.5999999642372131,3.3656439185142517
9,35.913166999816895,35.759100794792175,-117.70966699719429,-117.6082436144352,3.3400002121925354,6.5174925327301025,3.0500000417232513,3.0450453758239746
449,35.911167025566101,33.707260280847549,-117.7333300113678,-117.94618549570441,5.2799999713897705,5.3689956665039062,3,3.0474461317062378
1838,33.426400005817413,33.350111961364746,-116.58249998092651,-117.12598276138306,9.2000001668930054,3.1359091401100159,3.4999999701976776,3.1423451006412506
708,35.892667055130005,34.346432715654373,-117.69966700673103,-117.99746935581788,8.5699997842311859,4.8160403966903687,4.1999999955296516,3.7739703208208084
255,35.700832009315491,35.695498108863831,-117.49283599853516,-117.74197295308113,8.6400000751018524,6.4239102602005005,3.550000011920929,3.2072104811668396
882,32.770833015441895,33.664024323225021,-118.34633299708366,-118.36804133653641,1.7699995636940002,6.1520889401435852,3.3999999761581421,3.1208544373512268
1617,33.974999999627471,33.941068191081285,-116.96399998664856,-117.07952868938446,14.899999997578561,3.5568737983703613,3.3999999761581421,3.0963350236415863
389,35.899665951728821,35.86543083190918,-117.73466500639915,-118.24769566953182,3.0099999904632568,8.7789286673069,3.8999999910593033,3.3646307587623596
1276,33.723899990320206,33.785388514399529,-117.72020000219345,-117.44709026813507,4.1999995708465576,3.6112788319587708,3.199999988079071,3.0496941804885864
2435,34.71399998664856,34.479834049940109,-116.30900001525879,-116.5210874080658,4.7999998927116394,6.4387965202331543,3.2999999821186066,3.0400586128234863
1581,34.010999999940395,33.803766489028931,-117.18900001049042,-117.01172989606857,7.4000000953674316,3.1745481491088867,3.3999999761581421,3.1870965957641602
908,32.737666964530945,33.33280485868454,-118.30266699194908,-118.50163745880127,12.970000058412552,5.8615735173225403,3.2700000107288361,3.098019003868103
924,33.932333000004292,33.658290952444077,-116.82783305644989,-116.78244352340698,6.1800000071525574,2.6207783818244934,3.0999999940395355,3.029433399438858
751,35.75,35.670332193374634,-117.56416299939156,-117.77607743442059,3.3799999952316284,6.444048285484314,3.6999999582767487,3.326093316078186
1947,35.381999969482422,35.232047080993652,-118.46700000762939,-118.48083791136742,5.9999996423721313,7.334265410900116,3.5999999642372131,3.1009570062160492
460,35.789500951766968,35.308088064193726,-117.6169970035553,-117.42282497882843,8.5400001704692841,5.238606333732605,3,3.2890247404575348
1747,33.204900026321411,32.964004993438721,-116.72669994831085,-117.03964281082153,9.9999998509883881,3.8499534130096436,3.6999999582767487,3.1685517132282257
2005,32.126000046730042,32.164470911026001,-117.61599999666214,-117.34317284822464,6.9999995827674866,8.9153207838535309,3.3999999761581421,3.1346481442451477
1224,32.123499989509583,33.397854208946228,-116.34920001029968,-117.77958364784718,18.000000044703484,6.0642921924591064,3.5999999642372131,3.059246689081192
1168,32.854400038719177,32.948428869247437,-118.62580001354218,-118.77126401662827,15.599999986588955,4.8457914590835571,3.4999999701976776,3.139629453420639
958,33.652833014726639,33.413658559322357,-117.34183299541473,-117.19579339027405,3.710000216960907,3.6389055848121643,3.4999999701976776,3.0828978717327118
501,35.654332995414734,35.640224814414978,-117.33300000429153,-117.56095099449158,6.9099998474121094,6.1009222269058228,3.3999999761581421,3.1503686606884003
1727,33.931999996304512,33.968992900103331,-117.82569999992847,-117.88656209409237,14.100000020116568,4.7882544994354248,3.7999999970197678,3.2140000462532043
739,35.763167023658752,35.786518096923828,-117.58383300900459,-118.25298094749451,7.9099997878074646,7.542872428894043,3.199999988079071,3.0335793793201447
40,35.613335013389587,35.547956228256226,-117.4455029964447,-117.25626635551453,6.4899998903274536,6.374492347240448,3,3.0456028282642365
868,34.110666997730732,34.017335338518023,-117.31616699695587,-117.19434458017349,16.150000020861626,3.3633184432983398,3.3999999761581421,3.0873772501945496
731,35.792500019073486,35.660568475723267,-117.61533400416374,-118.04516656696796,3.3300000429153442,6.1548659205436707,3.4199999570846558,3.0548513531684875
539,35.871497988700867,35.528941631317139,-117.68583700060844,-117.51298454403877,1.6899999976158142,6.3506895303726196,3.7999999970197678,3.2546281814575195
1201,34.274899989366531,34.614046812057495,-117.01050001382828,-117.89522618800402,11.100000143051147,0.67622601985931396,4.9000000208616257,3.323739767074585
1339,33.004000008106232,32.853961110115051,-116.23500001430511,-116.75470983982086,6.2000003457069397,3.5569185018539429,3.5999999642372131,3.1843075454235077
697,35.906833052635193,34.317479521036148,-117.7039999961853,-117.9603764526546,8.8399998843669891,4.7911691665649414,4.0999999791383743,3.6414262354373932
1671,34.39300000667572,34.186089500784874,-118.74400001764297,-118.74762433767319,13.200000040233135,4.8298788070678711,3,3.0533308088779449
2115,32.000100016593933,32.197820663452148,-117.47070002555847,-116.57939767837524,18.59999991953373,7.2873222827911377,3.6999999582767487,3.2377035319805145
2104,33.760000005364418,32.665173768997192,-116.02699995040894,-116.28303837776184,5.6000000238418579,8.5916756093502045,3.0999999940395355,3.0370608866214752
1371,34.061999998986721,34.098844103515148,-116.36600005626678,-116.75670838356018,7.3000001907348633,2.922595739364624,3.199999988079071,3.0832834839820862
1145,33.92339999973774,33.591985493898392,-116.02999997138977,-116.30206561088562,17.500000074505806,3.4370622038841248,3.2999999821186066,3.16889888048172
1031,33.379666984081268,33.618174612522125,-119.24399995803833,-118.65686357021332,9.6599999070167542,6.7453926801681519,3.0299999713897705,3.0489343106746674
372,35.691501975059509,35.574609041213989,-117.51300099492073,-117.81872940063477,1.7299997806549072,6.0333001613616943,3.3999999761581421,3.1693894565105438
667,35.913333058357239,34.405292063951492,-117.70300000905991,-118.07259454578161,7.0400002598762512,4.8386067152023315,3.6500000059604645,3.4433668255805969
1431,34.352999985218048,34.090181760489941,-118.45199999213219,-118.44280183315277,1.5000003576278687,5.2636224031448364,3,3.063444972038269
2214,35.312000036239624,35.153649687767029,-119.44700002670288,-119.34199833869934,14.299999997019768,9.4674199819564819,3.0999999940395355,3.0243336260318756
357,35.669334053993225,35.637531518936157,-117.51166498661041,-117.59167358279228,2.2800001502037048,6.6441571712493896,3.3999999761581421,3.1028116643428802
967,34.315499991178513,34.130074560642242,-116.85066699981689,-116.75046515464783,1.5299999713897705,2.1786439418792725,3.199999988079071,3.0270039439201355
783,35.615501046180725,35.146814107894897,-117.58933299779892,-118.02644566819072,5.429999828338623,6.2462344765663147,3.0800000131130219,3.0603953897953033
735,35.742831945419312,35.818769335746765,-117.56749698519707,-117.68916574120522,2.330000102519989,7.2838979959487915,3.9399999976158142,3.4129477143287659
1353,35.99370002746582,35.721606254577637,-118.37999999523163,-118.5563001036644,4.5000001788139343,8.7557601928710938,3.2999999821186066,3.0572329759597778
1035,34.05799999833107,34.059883691370487,-117.00083297491074,-116.92748725414276,12.760000079870224,2.7527546882629395,3.0999999940395355,3.0709007978439331
970,33.143167018890381,32.893413901329041,-116.47500002384186,-116.99232852458954,10.200000107288361,3.4272399544715881,3,3.12322998046875
470,35.877997994422913,35.860466003417969,-117.71616399288177,-117.53464812040329,2.0899996161460876,6.9438117742538452,3.4099999666213989,3.2126354277133942
655,35.918666958808899,34.257489144802094,-117.71883299946785,-117.84220339357853,3.3199998736381531,4.587700366973877,3.4699999988079071,3.1399534642696381
2393,32.016999959945679,32.515690565109253,-116.04700005054474,-116.10263323783875,19.600000083446503,4.4150447845458984,3.0999999940395355,3.1262771487236023
1909,33.821999996900558,33.977801280096173,-119.42799997329712,-119.34862148761749,6.5000000596046448,5.2541658282279968,3.199999988079071,3.0279126763343811
2369,34.642000019550323,34.774845719337463,-116.28600001335144,-116.40489172935486,12.800000086426735,7.057291567325592,3.2999999821186066,3.054081916809082
1396,32.998999953269958,32.798330903053284,-116.41630005836487,-116.77304434776306,16.099999956786633,3.3289834856987,3.2999999821186066,3.1059892773628235
1536,33.824200004339218,33.874262377619743,-118.45910000801086,-118.45505279302597,14.19999998062849,5.1735502481460571,3.4999999701976776,3.1088284850120544
2042,34.010999999940395,34.395512223243713,-117.24500000476837,-117.19342172145844,13.700000010430813,0.91393947601318359,3,3.0161552131175995
2212,33.920999996364117,33.94720559194684,-117.76899999380112,-117.86692774295807,11.700000017881393,4.1398376226425171,3,3.0120151340961456
1549,33.258000016212463,32.878313779830933,-116.05560004711151,-116.34288489818573,7.3000001907348633,4.0832912921905518,3.3999999761581421,3.1403447091579437
1328,33.242999970912933,33.25764799118042,-116.01960003376007,-117.20967310667038,5.4000002145767212,4.0079641342163086,3.4999999701976776,3.1378337144851685
1256,33.627900004386902,33.92453383654356,-116.74129998683929,-116.7647590637207,18.400000110268593,3.0480372905731201,3,3.0661666989326477
2190,35.949000000953674,35.900693535804749,-117.2950000166893,-117.28828197717667,5.3000003099441528,1.9562432169914246,3.0999999940395355,3.0609407722949982
1425,33.478999972343445,33.335929870605469,-116.4539999961853,-116.74508309364319,14.700000006705523,3.0586320161819458,3.199999988079071,3.09424889087677
1464,33.46069997549057,33.329738199710846,-116.42369997501373,-116.83922183513641,11.799999922513962,3.0751052498817444,3.199999988079071,3.0614645183086395
1555,32.705000042915344,32.215917348861694,-116.00100004673004,-117.01831966638565,0,9.474254697561264,3.2999999821186066,3.0670881271362305
2184,33.859400004148483,33.173120737075806,-116.23599994182587,-116.57174694538116,14.100000020116568,6.6776633262634277,3.4999999701976776,3.0774023830890656
1250,34.069700002670288,34.150739967823029,-118.28450000286102,-118.25082325935364,14.499999973922968,4.5384299755096436,3,3.02809739112854
1699,33.498000025749207,33.463218688964844,-116.51300001144409,-117.09226977825165,13.399999961256981,3.0998271703720093,3,3.0874452888965607
1252,34.052299998700619,34.122355833649635,-117.55050000548363,-117.57002645730972,18.500000014901161,4.2000335454940796,3.0999999940395355,3.047939658164978
2465,34.259999990463257,33.963369354605675,-116.86000001430511,-116.86381912231445,5.4000002145767212,3.2222852110862732,3.6999999582767487,3.0657890439033508
2352,35.796000003814697,35.687344789505005,-118.04300000146031,-117.76114270091057,8.099999874830246,1.7205852270126343,3,3.0254165232181549
1236,33.9391999989748,34.353652447462082,-117.89720000326633,-118.00678894296288,11.499999985098839,4.8206645250320435,3.199999988079071,3.8008231222629547
885,34.407667011022568,34.126667007803917,-116.89183294773102,-116.91533875465393,1.8600001931190491,2.8089362382888794,3.5600000023841858,3.1673471331596375
79,35.885332942008972,35.797510504722595,-117.70199999213219,-117.51454523205757,5.6000000238418579,6.9952118396759033,3.5999999642372131,3.0787902474403381
1172,34.014000000432134,33.809857815504074,-116.31299996376038,-116.33875417709351,17.300000041723251,2.8206878900527954,3.199999988079071,3.0458090007305145
814,35.742666959762573,35.306832075119019,-117.55649998784065,-117.5960730612278,1.4500004053115845,5.6927204132080078,4.0999999791383743,3.6179183721542358
1852,32.989799976348877,32.99826991558075,-116.30299997329712,-116.87069249153137,8.7000001966953278,4.0696638822555542,3.6999999582767487,3.1930623650550842
2029,34.120999999344349,34.034741662442684,-116.40199995040894,-116.59771513938904,8.099999874830246,3.0174154043197632,3.5999999642372131,3.1703823208808899
671,35.716667056083679,34.523799419403076,-117.55149999260902,-117.90703774243593,10.520000159740448,4.6016532182693481,3.6899999678134918,3.7405900061130524
2217,34.128000006079674,34.010257779620588,-117.40799999237061,-117.58156448602676,6.1000004410743713,4.2729288339614868,3.6999999582767487,3.0916251540184021
2481,34.118000000715256,34.003519292920828,-117.47100001573563,-117.6677962243557,14.499999973922968,4.4293275475502014,3.5999999642372131,3.0628783106803894
57,35.841166973114014,35.642386317253113,-117.73666700720787,-118.19438003003597,4.7999998927116394,6.8995910882949829,3.2999999821186066,3.0574623942375183
133,35.672500014305115,35.622599720954895,-117.46649998426437,-117.27789402008057,8.7500001490116119,6.1058539152145386,3.1800000071525574,3.0348999202251434
1140,33.835600003600121,33.843055054545403,-118.25299999117851,-118.30776759982109,19.39999982714653,4.7616085410118103,3.199999988079071,3.0704696774482727
933,32.606832981109619,32.835424900054932,-117.54066699743271,-118.98177683353424,17.800000011920929,6.966090202331543,3.4600000083446503,3.1454510986804962
928,34.010832999832928,34.007666699122638,-117.58466699719429,-117.75266680121422,4.3099996447563171,4.6353650093078613,3.4999999701976776,3.2077420949935913
823,35.66700005531311,35.678915023803711,-117.51000198721886,-117.40244925022125,1.8100002408027649,6.3898086547851562,3.5300000309944153,3.2011705935001373
1432,34.331400007009506,34.136824533343315,-118.43320000171661,-118.50107669830322,8.9000000059604645,4.243004322052002,4.2999999895691872,3.7532531172037125
1392,33.829799994826317,33.962618414312601,-116.11629998683929,-116.44421529769897,4.699999988079071,3.1915318965911865,3.0999999940395355,3.087624192237854
1531,33.392000019550323,33.83181332051754,-116.39499998092651,-116.97622632980347,5.6000000238418579,3.1897652149200439,4.1999999955296516,4.2467860132455826
1214,34.087399996817112,34.110255733132362,-118.50239998102188,-118.32843136787415,9.700000137090683,4.9198329448699951,4.1999999955296516,3.2639389336109161
504,35.67283296585083,34.82842755317688,-117.4743350148201,-117.37037545442581,1.8600001931190491,4.9432119727134705,3.679999977350235,3.1153902411460876
2510,34.771000027656555,34.911840498447418,-116.40799999237061,-116.39326536655426,4.699999988079071,5.9127679467201233,3.8999999910593033,3.1827453374862671
347,35.694831967353821,35.739184379577637,-117.52533000707626,-117.7267484664917,6.3899999856948853,6.4591705799102783,3.1199999749660492,3.0860576927661896
1996,35.322999954223633,35.1849045753479,-118.55699998140335,-118.58287400007248,2.800000011920929,0.036993920803070068,3.199999988079071,3.1375604867935181
386,35.596668004989624,35.734945893287659,-117.38916802406311,-117.54985180497169,2.0899996161460876,6.5518024563789368,3.1099999845027924,3.0789492130279541
1024,34.039666999131441,34.025239767506719,-117.24049997329712,-117.33110839128494,18.229999914765358,3.572787344455719,3.0999999940395355,3.0662325024604797
1958,34.226999998092651,34.293177723884583,-117.44199997186661,-117.59133464097977,8.4000000357627869,4.185299277305603,3.2999999821186066,3.091996818780899
1384,34.142800003290176,34.215744853019714,-117.45120000839233,-117.34329968690872,11.100000143051147,3.7415608763694763,3.9999999850988388,3.3708840608596802
894,35.728667020797729,35.62571394443512,-117.0745000243187,-116.91485488414764,1.679999828338623,5.6735247373580933,3.7300000190734863,3.3620276749134064
828,35.700832009315491,35.517345666885376,-117.5169979929924,-117.59442332386971,2.7700003981590271,5.7498425245285034,3.2899999916553497,3.1637389361858368
2474,34.583000004291534,34.287267953157425,-116.23300004005432,-116.39674818515778,5.5000001192092896,6.0954594612121582,3,3.037096381187439
475,35.875167965888977,35.371950149536133,-117.72200000286102,-118.80433219671249,7.6799999177455902,7.9992279410362244,3.3300000429153442,3.2014921903610229
1683,34.716300010681152,34.352743148803711,-116.45379996299744,-117.03594297170639,9.9999998509883881,4.2418545484542847,5.1000000089406967,4.4452842380851507
2536,34.825999975204468,34.428516983985901,-116.25600004196167,-116.70845687389374,0.39999961853027344,6.1095124483108521,3,3.0449202060699463
2364,35.746999979019165,35.599497199058533,-117.98399999924004,-117.83244782686234,3.6000001430511475,0.622883141040802,3.4999999701976776,3.0256266295909882
2154,34.245199993252754,33.972728572785854,-116.85370004177094,-117.02380210161209,4.6000000834465027,4.9435275793075562,3.4999999701976776,3.053683340549469
2117,34.177000001072884,33.965338036417961,-117.47399997711182,-117.81324963271618,3.9999997615814209,4.5821106433868408,3.3999999761581421,3.0366563200950623
652,35.703667044639587,35.515040516853333,-117.50633299350739,-117.56106263399124,11.109999865293503,5.4751163721084595,3.6999999582767487,3.4294266700744629
172,35.851999998092651,35.846019744873047,-117.67500001192093,-118.10681574046612,8.060000091791153,7.2778916358947754,3.2099999785423279,3.0842525660991669
1474,32.981400012969971,32.936882615089417,-116.33039999008179,-116.73967981338501,11.799999922513962,4.0421408414840698,3.4999999701976776,3.1093461513519287
1149,32.187899947166443,32.713030338287354,-117.70809999108315,-119.57694816589355,13.999999947845936,6.5593618154525757,3,3.0986090898513794
38,34.273999989032745,34.193692684173584,-119.29016697406769,-119.08621513843536,11.410000026226044,6.1124879121780396,3.199999988079071,3.0345490872859955
1554,32.694000005722046,32.724217414855957,-116.03900003433228,-116.57154417037964,4.9999997019767761,4.2228215932846069,3.0999999940395355,3.1449682116508484
2425,34.45100000500679,34.352064162492752,-116.27400004863739,-116.47552168369293,3.099999725818634,4.7792923450469971,3,3.0159231126308441
713,35.860666990280151,34.330185294151306,-117.67083299160004,-117.97588525153697,10.319999903440475,4.832378625869751,4.6099999956786633,3.8619688153266907
90,35.635833024978638,35.442047715187073,-117.43049997091293,-117.43239212036133,7.9999999701976776,5.8231580257415771,3.2999999821186066,3.0485121309757233
166,35.783499956130981,35.754303455352783,-117.61533299088478,-117.72630944848061,3.5899999737739563,7.1350076794624329,4.4700000006705523,4.1282961890101433
1205,35.796000003814697,34.668994247913361,-119.84940004348755,-119.82852935791016,6.5999999642372131,4.9856516718864441,3.4999999701976776,3.1337578296661377
875,35.286332964897156,35.254410982131958,-118.53466701507568,-118.760329246521,6.8599998950958252,7.4093574285507202,3.3999999761581421,3.0571357011795044
444,35.86316704750061,35.505072116851807,-117.70883199572563,-117.28169572353363,7.4399998784065247,5.7264250516891479,3.5099999606609344,3.1345360279083252
2180,35.249500036239624,35.324980616569519,-118.64389997720718,-118.72563552856445,5.7999998331069946,5.8386978507041931,3.5999999642372131,3.0446516275405884
2324,35.953999996185303,35.932668209075928,-117.86499999463558,-117.6478396654129,2.7000001072883606,8.2499313354492188,3.4999999701976776,3.2093102931976318
2473,35.235000014305115,35.251989603042603,-118.55900001525879,-118.95598846673965,3.6000001430511475,2.5844898819923401,3.3999999761581421,3.0185292363166809
1093,35.732332944869995,35.129930257797241,-119.67716705799103,-119.38475441932678,25.969999730587006,5.1104262471199036,3.1099999845027924,3.0948178768157959
1827,34.162499994039536,34.177773714065552,-117.39730000495911,-117.60052120685577,9.2000001668930054,4.4428896903991699,3.8999999910593033,3.2622528970241547
1155,34.607999980449677,34.45563131570816,-118.62459999322891,-118.61272412538528,8.5999998450279236,3.4582945704460144,4.1999999955296516,3.938642755150795
1324,34.004300000146031,33.993753304705024,-117.2432000041008,-116.92862224578857,16.000000052154064,2.7429252862930298,3.3999999761581421,3.0763700902462006
216,35.75333297252655,35.79793906211853,-117.55899998545647,-118.22200877964497,10.559999942779541,8.8207179307937622,3.1199999749660492,3.0676146447658539
510,35.781666040420532,35.240484476089478,-117.59349799156189,-117.06554770469666,8.0199998617172241,4.9479371309280396,3.0600000321865082,3.138523668050766
1680,34.818000018596649,34.437587678432465,-116.41299998760223,-116.71481227874756,4.3000003695487976,3.0169773101806641,3,3.0656955242156982
499,35.895167946815491,35.580023407936096,-117.72283199429512,-118.06398996710777,4.1800001263618469,6.6859173774719238,3.199999988079071,3.1523123681545258
2089,34.430000007152557,34.389713168144226,-119.14300000667572,-119.38615226745605,17.199999913573265,1.265200674533844,3.0999999940395355,3.0286324918270111
1856,33.71110001206398,33.417556047439575,-116.05690002441406,-116.78637623786926,7.8000001609325409,3.8647377490997314,3.9999999850988388,3.4522101581096649
1388,33.79899999499321,33.675388127565384,-116.09399998188019,-116.62283444404602,1.5000003576278687,4.401380717754364,3.0999999940395355,3.1246634423732758
1519,33.390999972820282,34.513039648532867,-116.45099997520447,-117.88744294643402,13.80000002682209,4.5251601934432983,3,3.4137332439422607
2299,32.76800000667572,32.511850595474243,-118.20499999821186,-117.81965965032578,6.9999995827674866,6.1037689447402954,3,3.0435360074043274
1540,32.166000008583069,32.41421365737915,-117.64230000972748,-117.28949928283691,9.9999998509883881,6.8549948930740356,3.5999999642372131,3.6291161477565765
1217,34.258399993181229,33.888203717768192,-116.83379995822906,-117.04080957174301,13.499999977648258,3.2653319835662842,3.0999999940395355,3.2029507756233215
1416,35.688500046730042,35.558748960494995,-117.58340001106262,-117.53549852967262,11.40000008046627,7.4544739723205566,4.0999999791383743,3.3610634207725525
2122,35.79419994354248,35.29296088218689,-118.0544999986887,-117.71162340044975,8.9000000059604645,0.082164108753204346,3.5999999642372131,3.2025604248046875
1676,35.988199949264526,35.753199815750122,-117.26050001382828,-117.26269048452377,9.9999998509883881,6.6867926716804504,3.3999999761581421,3.3186305165290833
1197,32.896900057792664,32.85780930519104,-116.29100000858307,-118.12135418504477,16.299999989569187,4.2444956302642822,3,3.1328474879264832
1542,32.99399995803833,32.648991823196411,-116.35080003738403,-116.50887537002563,12.299999892711639,3.221156895160675,3.4999999701976776,3.1557398736476898
953,35.396499991416931,35.087454557418823,-117.82500000298023,-118.06385666131973,7.6700001955032349,1.3115859031677246,3.0600000321865082,3.089134007692337
750,35.686000943183899,35.675386548042297,-117.48016399145126,-117.70615217089653,9.4900001585483551,6.4135757088661194,3.5999999642372131,3.198137640953064
234,35.98466694355011,35.851774215698242,-117.78066700696945,-117.77605928480625,7.460000216960907,5.9500068426132202,3.2400000393390656,3.0685354471206665
732,35.617499947547913,35.716488599777222,-117.58216899633408,-117.70518770813942,9.9100001156330109,6.761552095413208,3.8400000035762787,3.5604427456855774
2534,34.565999984741211,34.267555803060532,-116.23599994182587,-116.43857061862946,1.2999996542930603,4.9750229716300964,3.199999988079071,3.0175579190254211
1156,34.630299985408783,34.526431441307068,-118.62330001592636,-118.55878049135208,12.60000005364418,5.1035982370376587,3.0999999940395355,3.0461326539516449
2168,35.327000021934509,35.262344360351562,-118.66600000858307,-118.7747146487236,1.5000003576278687,5.3098663687705994,3,3.0134221315383911
1209,35.849799990653992,34.633315145969391,-119.79289996623993,-119.84742856025696,17.700000107288361,6.8169942498207092,3.0999999940395355,3.1089204847812653
1065,33.459833025932312,33.317637920379639,-116.48833298683167,-116.9421638250351,10.810000151395798,2.8036084771156311,3.0399999618530273,3.0359751284122467
1062,34.305166989564896,34.119715340435505,-116.91916704177856,-116.76827883720398,1.3999995589256287,2.4266240000724792,3.0800000131130219,3.0432640314102173
1167,32.866099953651428,32.930746793746948,-118.62279999256134,-118.74533689022064,12.60000005364418,7.8369283676147461,3.6999999582767487,3.4536833167076111
1492,33.986999999731779,33.980441061779857,-117.158999979496,-117.0582469701767,14.599999990314245,2.879931628704071,3.199999988079071,3.031882256269455
2269,33.929999999701977,34.001957475440577,-118.2960000038147,-118.22084122896194,23.599999845027924,4.5395359396934509,3,3.0330869257450104
884,34.028167000040412,33.988539821468294,-117.22949999570847,-117.03564023971558,16.500000022351742,2.9235130548477173,3.199999988079071,3.0548540353775024
143,35.715667009353638,35.624999642372131,-117.49550002813339,-117.43497270345688,4.4100004434585571,6.4431148767471313,3.5099999606609344,3.1117372512817383
2493,35.970000028610229,35.730469226837158,-117.85699999332428,-117.62285783886909,2.9999998211860657,7.4806755781173706,3.4999999701976776,3.0212056338787079
850,34.050500001758337,33.77896149456501,-117.50499999523163,-117.43533772230148,4.620000422000885,3.7602987885475159,3,3.0322526693344116
717,35.887666940689087,34.339234799146652,-117.72016701102257,-117.98720771726221,7.9500000178813934,4.8093867301940918,3.9099999815225601,3.74034583568573
2411,33.920999996364117,33.768888935446739,-116.99300003051758,-116.89666152000427,14.400000013411045,3.0277365446090698,3.0999999940395355,3.0136713981628418
264,35.780665993690491,35.811616539955139,-117.61350300908089,-117.49780839681625,7.7299998700618744,5.762469470500946,3.5999999642372131,3.3446515202522278
75,35.915166974067688,35.767407298088074,-117.68616700172424,-117.51354804635048,7.3500001430511475,6.7697900533676147,3.199999988079071,3.0462168753147125
395,35.884667038917542,34.594231128692627,-117.73116698861122,-118.443339407444,5.2400001883506775,8.4371969103813171,3,3.1280479431152344
2145,34.31700000166893,33.946633312851191,-116.84200000762939,-116.98394215106964,2.2999995946884155,4.5662087202072144,3.2999999821186066,3.0208689272403717
2375,36,35.875232219696045,-117.69900000095367,-117.51574373245239,0.60000032186508179,3.373810350894928,3,3.0345067977905273
396,35.186332941055298,35.555005192756653,-117.34350001811981,-118.03407990187407,-0.59999942779541016,6.2259221076965332,3.0099999904632568,3.1432565152645111
1365,34.209000006318092,34.177984938025475,-117.55500000715256,-117.5017856657505,12.299999892711639,3.9752089977264404,3.0999999940395355,3.068686455488205
2105,34.340000003576279,34.38150492310524,-118.74199998378754,-118.62240952253342,15.599999986588955,3.1174510717391968,3.3999999761581421,3.1066828966140747
1903,35.60699999332428,35.492061376571655,-117.55480000376701,-117.62326800823212,10.300000011920929,5.6412577629089355,4.6000000052154064,3.3740468323230743
595,35.882168054580688,34.836203753948212,-117.70500200986862,-118.07208792120218,2.4400001764297485,6.4101031422615051,3.3999999761581421,3.0689325034618378
1296,35.48199999332428,35.065347075462341,-118.28799998760223,-118.79128938913345,3.5000002384185791,8.5192608833312988,3.0999999940395355,3.0242827534675598
1821,34.851499974727631,34.420249253511429,-119.24210000038147,-119.16348028182983,16.500000022351742,6.5992766618728638,3.6999999582767487,3.1685239970684052
872,32.075166940689087,32.845661163330078,-116.34850001335144,-116.95019340515137,16.460000015795231,4.4894376397132874,3,3.1304180324077606
1548,35.006100058555603,34.549760818481445,-119.25800001621246,-119.34433650970459,9.0999998152256012,6.0912787914276123,3.7999999970197678,3.58326655626297
36,35.830165982246399,35.705926060676575,-117.66332998871803,-117.47824931144714,4.0599998831748962,1.291317343711853,3,3.0476808249950409
2129,33.898000001907349,33.981042118743062,-118.21699999272823,-118.09852669388056,13.999999947845936,3.2351231575012207,3.0999999940395355,3.0199552774429321
2152,34.308999985456467,34.019098654389381,-116.84399998188019,-116.81882429122925,5.3000003099441528,3.6467438936233521,3,3.0076888203620911
977,32.09850001335144,32.37093710899353,-116.61349999904633,-116.59865951538086,12.379999905824661,5.8945164084434509,3.0999999940395355,3.0973713397979736
1571,32.995399951934814,32.663038730621338,-116.33770000934601,-116.79978549480438,8.9000000059604645,4.4417998194694519,4.3999999947845936,3.2006970942020416
1122,33.866200000047684,33.819500282406807,-118.23620000481606,-118.20529042184353,13.700000010430813,4.5915251970291138,3,3.0176222026348114
1892,33.79839999973774,33.980048840865493,-117.13209998607635,-117.02416205406189,16.799999959766865,3.130095899105072,3.7999999970197678,3.3441063165664673
675,35.732666969299316,34.320542305707932,-117.52683299779892,-117.96418406441808,2.6299998164176941,4.7981241345405579,3.6300000250339508,3.6758476495742798
728,35.747166037559509,35.721961975097656,-117.58049800992012,-118.02774921059608,4.8999997973442078,6.8456947803497314,3.6300000250339508,3.3227401077747345
412,35.667667031288147,35.635741233825684,-117.5168299973011,-117.55953639745712,6.9400003552436829,6.3476300239562988,3.2999999821186066,3.1992701590061188
1516,33.477999985218048,33.507120728492737,-116.44200003147125,-116.85924184322357,9.0999998152256012,3.0695360898971558,3,3.0679677128791809
1649,33.245299994945526,32.899280548095703,-116.42410004138947,-116.46167469024658,8.1999997794628143,3.6434635519981384,3.9999999850988388,3.273710310459137
825,35.659999966621399,35.668887376785278,-117.52783200144768,-117.52079045772552,1.1800003051757812,5.7252645492553711,3.9999999850988388,3.504006564617157
616,35.88916802406311,34.309226393699646,-117.7418369948864,-117.51343351602554,6.9200000166893005,1.1514490842819214,3.0999999940395355,3.1125243902206421
114,35.921167016029358,35.843325734138489,-117.70500001311302,-118.33245489001274,1.8999999761581421,8.5313379764556885,3.1700000166893005,3.0714147984981537
417,35.587334036827087,35.670516610145569,-117.42283600568771,-117.48915559053421,5.7999998331069946,4.7645553946495056,3.1700000166893005,3.1018344461917877
1625,33.090900003910065,32.744469165802002,-116.14530003070831,-116.80475687980652,3.6000001430511475,5.3557929396629333,3.6999999582767487,3.1367094218730927
2491,35.983999967575073,35.857410311698914,-117.86100000143051,-117.80968849360943,3.5000002384185791,1.6080442070960999,3.0999999940395355,3.0244055986404419
89,35.919666051864624,35.43958306312561,-117.71099901199341,-117.75507481396198,2.6699995994567871,5.6473571062088013,3.070000022649765,3.0394411683082581
2082,34.691999971866608,34.888265550136566,-116.28999996185303,-116.40325284004211,1.8999999761581421,6.2907850742340088,3.2999999821186066,3.0351465940475464
753,35.703667044639587,35.624791145324707,-117.5084989964962,-117.79727733135223,2.330000102519989,6.0552459955215454,3.199999988079071,3.048839807510376
1630,33.101999998092651,32.700204849243164,-116.22099995613098,-116.20799279212952,7.9999999701976776,3.0083030462265015,3.3999999761581421,3.1810088753700256
11,35.671666979789734,35.559678554534912,-117.52733299136162,-117.47633117437363,9.1099999845027924,5.9833994507789612,3.5600000023841858,3.1443525552749634
284,35.715667963027954,35.643692493438721,-117.56866499781609,-117.47309750318527,6.1000004410743713,6.9060945510864258,3.070000022649765,3.0476246774196625
1066,33.459167003631592,33.460954308509827,-116.42466700077057,-116.67369174957275,11.079999804496765,3.1785634160041809,3,3.043129563331604
1191,33.475600004196167,33.317295670509338,-116.47759997844696,-116.94134950637817,12.60000005364418,3.1929445266723633,3.2999999821186066,3.0756271183490753
1440,33.754999995231628,33.936852589249611,-116.93400001525879,-116.81132531166077,15.200000004842877,2.8096899390220642,3.0999999940395355,3.0641163289546967
2377,34.282000005245209,34.059643637388945,-116.90699994564056,-116.83120083808899,5.2000004053115845,3.1918403506278992,3,3.0097150504589081
2376,34.231000006198883,34.085066169500351,-116.97300004959106,-116.78269481658936,4.9999997019767761,3.5860535502433777,3.0999999940395355,3.0164988934993744
2289,33.647000014781952,33.438616275787354,-116.74199998378754,-116.90059995651245,14.100000020116568,4.0728110074996948,3.3999999761581421,3.0479261577129364
1568,34.351999998092651,33.842959150671959,-116.46300005912781,-116.84629654884338,4.5000001788139343,2.7947285771369934,3.0999999940395355,3.0672785639762878
2172,35.330999970436096,35.211797952651978,-118.6700000166893,-118.79607826471329,2.0999997854232788,3.5518652200698853,3,3.012808084487915
1687,35.971699953079224,35.74799644947052,-117.31470000743866,-117.3803539276123,3.4000003337860107,4.4270637631416321,3.7999999970197678,3.3749232888221741
851,34.100166998803616,34.088414199650288,-116.92799997329712,-116.85152339935303,5.0099998712539673,2.7802661061286926,3,3.0162096619606018
895,35.730332970619202,35.658734083175659,-117.07766699790955,-116.74456083774567,0.83999991416931152,5.5684670805931091,4.1999999955296516,3.8833688199520111
496,35.677665948867798,35.715390801429749,-117.4923329949379,-117.49500262737274,1.3099998235702515,6.8432879447937012,3.0999999940395355,3.1449854671955109
1782,33.169000029563904,32.897282838821411,-116.55400002002716,-116.82398748397827,13.399999961256981,4.4662034511566162,3.199999988079071,3.0832216143608093
335,35.68149995803833,35.722205877304077,-117.49400299787521,-117.56461235880852,1.1499997973442078,6.7523449659347534,3.2199999690055847,3.0722301006317139
515,35.934700012207031,35.375525712966919,-117.79170000553131,-117.7318542599678,4.9999997019767761,5.5567806959152222,3.6999999582767487,3.3079673051834106
1348,32.811900019645691,32.750658631324768,-116.1496000289917,-116.64724802970886,9.8000000417232513,4.7839897871017456,4.0999999791383743,3.5902572870254517
1015,34.313666999340057,34.315154612064362,-119.74233305454254,-119.41326498985291,1.7100003361701965,5.1842629909515381,3.199999988079071,3.0951696038246155
2383,34.243000000715256,34.034770738333464,-116.78299999237061,-116.9588930606842,6.8999996781349182,3.1236442923545837,3.199999988079071,3.0183998644351959
1781,35.432000041007996,35.677807092666626,-118.30000001192093,-118.19939474761486,8.7000001966953278,2.3817971348762512,3,3.0700328350067139
1785,34.397000014781952,34.319771111011505,-119.64900004863739,-119.4939296245575,13.200000040233135,6.1540889739990234,3.3999999761581421,3.1069150865077972
2070,35.095000028610229,34.771009027957916,-119.10800004005432,-119.4585325717926,17.599999979138374,4.1627955436706543,3,3.0512290298938751
356,35.915164947509766,35.904653429985046,-117.73266598582268,-118.08451513200998,2.6299998164176941,8.3182623982429504,3.0999999940395355,3.1520080268383026
2418,35.276000022888184,35.111033082008362,-119.09399998188019,-119.20283627510071,7.5,2.1746671199798584,3.0999999940395355,3.0184964239597321
1312,34.449299991130829,34.211332455277443,-119.29480004310608,-119.25091910362244,17.700000107288361,2.9160824418067932,3.6999999582767487,3.2002632021903992
1635,34.11599999666214,34.080744400620461,-117.32400000095367,-117.13323950767517,17.599999979138374,3.0885118246078491,3.2999999821186066,3.1053415238857269
550,35.577000021934509,35.626193284988403,-117.37316900491714,-117.4043487906456,3.8200002908706665,6.4349520206451416,4.0999999791383743,3.7790548056364059
1227,34.141000002622604,33.957333751022816,-117.45929998159409,-117.34258389472961,6.9999995827674866,3.5931193828582764,3,3.0329259932041168
2261,34.675000011920929,34.463892668485641,-116.2960000038147,-116.45025563240051,5.6000000238418579,5.3803834319114685,3,3.0203222930431366
957,34.04483300074935,33.985971889458597,-117.13999998569489,-117.13742572069168,13.379999957978725,3.4683912992477417,3.3400000333786011,3.0893457233905792
1773,34.039000000804663,34.149820506572723,-117.24299997091293,-116.95203495025635,14.599999990314245,2.7913445234298706,3,3.024956077337265
2141,33.444999992847443,33.185007393360138,-116.43700003623962,-116.74597406387329,13.100000023841858,3.3375012874603271,3.199999988079071,3.0333192944526672
1008,35.397500038146973,35.123678207397461,-117.7128329873085,-117.97165229730308,7.4399998784065247,0.096856355667114258,3.6400000154972076,3.1921745538711548
1092,33.891667000949383,33.691373467445374,-117.11766701936722,-117.07891947031021,13.610000051558018,3.5251951217651367,3.4300000369548798,3.1054681241512299
2255,32.075999975204468,32.070700883865356,-117.42500001192093,-116.08943104743958,11.100000143051147,8.665587455034256,3.3999999761581421,3.0570814311504364
996,34.239666998386383,34.022851962596178,-116.88566696643829,-116.99886584281921,7.6499998569488525,3.045819103717804,3.7999999970197678,3.2498465180397034
1679,34.811999976634979,34.407749474048615,-116.41700005531311,-116.63761377334595,4.3000003695487976,4.20276939868927,3.3999999761581421,3.1372611522674561
153,35.64566695690155,35.558510780334473,-117.44700002670288,-117.59224140644073,4.9200001358985901,3.6568710207939148,3.3999999761581421,3.069504976272583
580,35.890666961669922,35.725823521614075,-117.70749700069427,-118.04902228340507,5.7700002193450928,8.0083161592483521,3.0800000131130219,3.1592456102371216
1470,33.211000025272369,32.661673784255981,-116.21300005912781,-117.20023232698441,16.19999997317791,4.9533301591873169,3.2999999821186066,3.2301669716835022
703,35.656666994094849,34.357234388589859,-117.44650000333786,-118.01176255568862,2.2300001978874207,4.8088985681533813,4.0200000107288361,3.7380851805210114
1212,35.002799987792969,34.758615255355835,-116.92190003395081,-116.76229000091553,10.300000011920929,3.7639895081520081,3.9999999850988388,3.3143420219421387
896,33.484833002090454,33.613092988729477,-116.80366694927216,-116.91400945186615,1.2599998712539673,2.5987476110458374,3.2299999594688416,3.0761042833328247
487,35.570832967758179,35.314388513565063,-117.36199998855591,-117.85030606389046,4.3400001525878906,5.3611600399017334,3,3.0901283919811249
559,35.736333012580872,34.466235190629959,-117.56933298707008,-117.90628305077553,2.7399998903274536,4.6228158473968506,3.7999999970197678,3.1211086213588715
1141,32.057999968528748,32.969900846481323,-116.14300000667572,-117.48582488298416,20.000000149011612,4.7028753161430359,3.5999999642372131,3.1806652843952179
1119,33.271166980266571,33.190488338470459,-116.78966701030731,-116.90513110160828,8.5300000011920929,2.6380795240402222,3.2700000107288361,3.0660856962203979
512,35.935333013534546,35.465733408927917,-117.71516400575638,-118.40234482288361,2.3599997162818909,7.034338116645813,3.199999988079071,3.1876645982265472
633,35.680832028388977,35.270775079727173,-117.49500298500061,-117.73882359266281,2.4199998378753662,5.3680756688117981,3.6999999582767487,3.1923339664936066
2179,35.317000031471252,35.346837639808655,-118.64399999380112,-118.8981739282608,3.099999725818634,2.2271838784217834,3,3.0590261220932007
1664,34.196799993515015,34.116458222270012,-118.56220000982285,-118.47571563720703,18.700000047683716,4.9570333957672119,3.0999999940395355,3.0411745011806488
1012,34.030833000317216,33.988843735307455,-118.98816698789597,-118.79032891988754,11.009999960660934,6.0415077209472656,3.3400000333786011,3.1113792657852173
1931,34.596000015735626,34.042975842952728,-116.35500001907349,-116.94218754768372,2.800000011920929,3.0060750246047974,3,3.106002151966095
1150,33.936200000345707,33.924234129488468,-116.02439999580383,-116.14843833446503,9.8999999463558197,4.9553695321083069,3.3999999761581421,3.2735399007797241
2380,34.377000004053116,33.948121327906847,-117.09700000286102,-116.81813812255859,11.900000050663948,2.8182372450828552,3.0999999940395355,3.007482647895813
116,35.920500040054321,35.865709185600281,-117.70866701006889,-118.10613313317299,2.1399995684623718,7.1586397290229797,3.199999988079071,3.05558180809021
740,35.77183198928833,35.72261643409729,-117.56866499781609,-117.96006911993027,3.75,6.3398498296737671,3.0500000417232513,3.0441352128982544
2337,33.689000010490417,33.397292375564575,-116.81599998474121,-116.79597425460815,15.200000004842877,3.1487435102462769,3.0999999940395355,3.031564325094223
1974,34.061000000685453,33.8318030834198,-117.00499999523163,-117.06453812122345,6.7999997735023499,3.9998352527618408,4.9000000208616257,4.0780965238809586
1081,34.078832998871803,33.952841442078352,-119.29033303260803,-119.13964414596558,19.589999914169312,5.7451629638671875,3.4999999701976776,3.2004987001419067
1810,34.278600007295609,34.32244598865509,-118.65189999341965,-118.46884322166443,9.8999999463558197,3.2278364896774292,3.4999999701976776,3.1311718225479126
830,35.744335055351257,34.709083139896393,-117.54966700077057,-118.13854993879795,1.4900001883506775,5.0556099414825439,3.5899999737739563,3.3224210143089294
119,35.926167011260986,35.802523136138916,-117.70750001072884,-117.93431475758553,3.7799996137619019,8.5210481286048889,4.739999994635582,4.2327633127570152
656,35.857332944869995,34.129837438464165,-117.64783298969269,-117.9755578096956,11.029999852180481,4.7278395295143127,3.7699999809265137,3.1742123365402222
2310,35.934999942779541,35.879191637039185,-117.68299999833107,-117.3101361989975,3.099999725818634,5.7703793048858643,3,3.0530707240104675
2270,33.837999999523163,34.159968227148056,-118.34799998998642,-118.24056336283684,9.8000000417232513,4.6460598707199097,3.6999999582767487,3.2986741662025452
2485,32.097000002861023,33.179792940616608,-117.11599999666214,-116.92761445045471,5.4000002145767212,7.2019699215888977,3.5999999642372131,3.1389731168746948
635,35.869166970252991,33.79918272793293,-117.66100001335144,-117.95593287795782,5.4799997806549072,4.8890367150306702,3.5699999928474426,3.1937305927276611
369,35.901999950408936,35.615582585334778,-117.67133298516273,-117.23332792520523,2.5699996948242188,4.9608457088470459,3.129999965429306,3.0629209578037262
268,35.921664953231812,35.916672706604004,-117.45966297388077,-117.44812595844269,7.1000003814697266,5.8959299325942993,3.5600000023841858,3.2284414172172546
46,35.896999955177307,35.798023343086243,-117.69983300566673,-117.42351591587067,4.440000057220459,6.7762300372123718,3,3.0427361726760864
991,34.505999982357025,34.275441735982895,-118.64216697216034,-118.73173016309738,17.599999979138374,5.5219638347625732,3.4300000369548798,3.0779133439064026
876,33.488833010196686,33.583637565374374,-116.80133295059204,-116.88138508796692,6.1800000071525574,2.5624662637710571,3,3.0611668825149536
773,35.662333011627197,35.578073263168335,-117.52450001239777,-117.56050419807434,2.6100003719329834,3.9789676666259766,3.8199999779462814,3.6657266020774841
1219,33.950100000947714,33.912112697958946,-118.18269999325275,-118.2913726568222,18.099999949336052,4.801349937915802,3.3999999761581421,3.050432413816452
1126,32.996000051498413,32.34694504737854,-117.03799998760223,-116.75832033157349,8.9999999105930328,7.9323475062847137,3.3999999761581421,3.3551324307918549
4,32.923666954040527,32.755659103393555,-119.15816700458527,-118.59831607341766,5.8300003409385681,5.5327713489532471,3.7400000095367432,3.2232498228549957
1595,33.964999999850988,34.115471936762333,-116.87699997425079,-116.93032014369965,10.200000107288361,3.2488954067230225,3.0999999940395355,3.028781533241272
1077,34.171666994690895,34.149119973182678,-117.63116699457169,-117.75723993778229,10.470000207424164,4.5258826017379761,3.4999999701976776,3.0870758593082428
837,35.706333041191101,34.337294042110443,-117.52200001478195,-118.0699762776494,2.6500001549720764,4.8384028673171997,4.3999999947845936,3.6828652024269104
681,35.580667018890381,34.412220597267151,-117.39616698026657,-118.0551882609725,13.220000043511391,4.8541992902755737,3.5200000405311584,3.6308330297470093
1715,33.040000021457672,33.119982600212097,-118.93000000715256,-118.34316223859787,6.9999995827674866,4.0199974179267883,3.199999988079071,3.0801743566989899
2197,34.707000017166138,34.474469751119614,-116.29499995708466,-116.45958364009857,2.2999995946884155,5.2024573087692261,3,3.020457923412323
1148,32.202000021934509,32.93988299369812,-117.63600000739098,-119.21435964107513,19.100000113248825,7.9826858639717102,3,3.1724196374416351
574,35.848667025566101,35.386301517486572,-117.68382999300957,-117.65624889731407,5.4699996113777161,5.8328783512115479,3.3999999761581421,3.1736917197704315
50,35.777667045593262,35.693902969360352,-117.58950001001358,-117.44440579414368,9.3199999630451202,6.5717285871505737,3.9200000166893005,3.2783154845237732
853,34.073666997253895,34.145079761743546,-119.03983294963837,-118.79952025413513,18.46000000834465,5.8060705661773682,3.6999999582767487,3.159121960401535
1982,33.458000004291534,33.246231615543365,-116.62699997425079,-116.74062323570251,7.5,3.0314800143241882,3.199999988079071,3.1639798879623413
1823,32.655900001525879,32.788950443267822,-116.09700000286102,-116.14090836048126,12.699999958276749,2.1289283037185669,4.1999999955296516,3.2154786586761475
833,35.6875,34.667927622795105,-117.5071670114994,-118.0638989508152,1.5400001406669617,4.9436080455780029,4.0999999791383743,3.5333860516548157
1115,34.174999997019768,34.111659467220306,-117.43500000238419,-117.41356033086777,10.60000017285347,4.1230800747871399,3.3899999856948853,3.0906262099742889
1166,33.755999997258186,34.101473920047283,-116.00800001621246,-116.61885452270508,20.000000149011612,3.4675973653793335,3,3.0710746049880981
1906,35.570999979972839,35.499300956726074,-117.5290000140667,-117.36602795124054,9.4999998807907104,5.6392675638198853,3.2999999821186066,3.1156699955463409
971,34.095167003571987,34.040076702833176,-118.6710000038147,-118.50222140550613,15.169999999925494,4.8472344875335693,3.129999965429306,3.024419903755188
399,35.570500016212463,35.605619668960571,-117.52300000190735,-117.45199155807495,10.049999803304672,4.3367725610733032,4.0999999791383743,3.6584526300430298
19,33.929999999701977,33.844100221991539,-117.87416699528694,-117.88928298652172,9.2899999022483826,4.4859552383422852,3,3.0144090056419373
684,35.897667050361633,34.388948887586594,-117.70500001311302,-118.01510635390878,7.4299997091293335,4.7893220186233521,4.0200000107288361,3.7676339596509933
35,34.265500009059906,34.166815146803856,-119.28966701030731,-118.97692704200745,11.419999971985817,6.658073365688324,3.3999999761581421,3.0673409700393677
2402,32.003999948501587,32.38949978351593,-116.31099998950958,-116.0361784696579,5.9999996423721313,3.8394337892532349,3.199999988079071,3.0491761565208435
524,35.89783501625061,35.149360656738281,-117.71633198857307,-117.44884037971497,8.1799998879432678,5.7648825645446777,3.1199999749660492,3.0497810840606689
920,33.487500011920929,33.34348201751709,-116.80616700649261,-116.88239204883575,2.1200001239776611,2.5337138772010803,3.0999999940395355,3.0553177893161774
1841,34.070000000298023,34.163027882575989,-118.95200002193451,-118.71283584833145,15.400000009685755,5.7968795299530029,3.3999999761581421,3.0629250705242157
1890,33.749599993228912,33.990426554344594,-117.49379998445511,-117.33013665676117,0.39999961853027344,3.7954080104827881,3.5999999642372131,3.1352698802947998
537,35.937000036239624,34.096183881163597,-117.65583300590515,-117.74539479613304,-0.10999917984008789,4.8940551280975342,3.199999988079071,3.0833237171173096
1705,32.105999946594238,32.576196312904358,-116.51999998092651,-116.04033827781677,7.9999999701976776,4.7539365291595459,3.199999988079071,3.1368041038513184
2484,34.503000020980835,34.184859663248062,-116.24899995326996,-116.37857735157013,0,5.0885877013206482,3.2999999821186066,3.027961939573288
245,35.791499972343445,35.889084219932556,-117.61599698662758,-117.72745540738106,6.8999996781349182,6.7563191056251526,3.0099999904632568,3.0282287299633026
784,35.676666021347046,35.745947122573853,-117.52749601006508,-117.58499506115913,7.3899999260902405,4.8467177152633667,3,3.0899856090545654
1409,33.632999986410141,33.810090005397797,-119.05599999427795,-118.81714028120041,15.80000001937151,6.3296967744827271,3.3999999761581421,3.0768073797225952
154,35.903167009353638,35.86533510684967,-117.69266700744629,-118.31312537193298,2.7200004458427429,8.8196410238742828,3.3999999761581421,3.0903870463371277
1686,35.986500024795532,35.771518468856812,-117.27249997854233,-117.35319656133652,9.9999998509883881,3.266136646270752,3.6999999582767487,3.2728826701641083
625,35.578667044639587,34.708734214305878,-117.58083298802376,-117.62375593185425,-0.89999914169311523,4.8852449655532837,3.3999999761581421,3.2859560251235962
2436,33.139999985694885,32.80350661277771,-116.30299997329712,-116.57960653305054,13.80000002682209,6.6238877177238464,3.6999999582767487,3.150164008140564
1346,33.019200026988983,32.880301952362061,-116.29980003833771,-116.6176301240921,14.19999998062849,3.8771170377731323,4.1999999955296516,3.3686665892601013
569,35.88633394241333,34.999158024787903,-117.67400398850441,-118.16450947523117,10.999999791383743,5.7044067978858948,3.2800000011920929,3.1081890463829041
1758,35.772500038146973,35.463469266891479,-117.67379999160767,-117.41206389665604,1.1999997496604919,6.2107086181640625,3.199999988079071,3.2592541873455048
1816,32.068099975585938,32.288667559623718,-116.36240005493164,-116.03274571895599,26.000000238418579,7.5900515913963318,3,3.1140645146369934
2065,33.222000002861023,32.845166683197021,-116.08700001239777,-116.4837566614151,6.9999995827674866,3.8455080986022949,3.199999988079071,3.1300116777420044
127,35.957167029380798,35.837260842323303,-117.71366700530052,-117.44600963592529,3.1300002336502075,7.2227203845977783,3.0999999940395355,3.0493887662887573
2521,34.400999993085861,33.985323931090534,-116.41600000858307,-116.5646493434906,3.7000000476837158,4.3449604511260986,3.5999999642372131,3.0439555048942566
2006,33.966499999165535,33.92472879588604,-116.33720004558563,-116.64552545547485,7.5999999046325684,2.4452358484268188,3.5999999642372131,3.505636990070343
980,33.463832974433899,33.16677314043045,-116.47016704082489,-116.50459384918213,7.6199997961521149,2.823045551776886,3.0999999940395355,3.0956749320030212
190,35.686164975166321,35.670767545700073,-117.54133599996567,-118.03147955983877,5.3600004315376282,6.3827097415924072,3.4799999892711639,3.1877471208572388
1139,33.994799999985844,34.024219639599323,-118.34509998559952,-118.427027374506,16.000000052154064,4.9245089292526245,3.5999999642372131,3.2042089104652405
992,35.904332995414734,35.769282937049866,-116.92233300209045,-116.95385563373566,6.1400002241134644,6.6375330090522766,4.1999999955296516,3.5596427321434021
699,35.983500003814697,34.371061056852341,-117.77750000357628,-118.03004305064678,14.840000001713634,4.8019945621490479,3.5999999642372131,3.7050986588001251
606,35.831799983978271,35.2383793592453,-117.78519999980927,-117.92468430101871,1.9800004363059998,5.4583632946014404,3.7999999970197678,3.4155700206756592
180,35.36899995803833,34.988276600837708,-117.84616899490356,-118.37295746803284,1.5500003099441528,6.5345370769500732,3.0800000131130219,3.0698838829994202
301,35.673499941825867,34.866315424442291,-117.48950201272964,-117.62504270672798,2.6100003719329834,3.9793020486831665,3.199999988079071,3.1745041608810425
1060,35.166332960128784,34.968347311019897,-119.33716702461243,-119.28531432151794,22.090000212192535,5.6420302391052246,3.0199999809265137,3.0312078595161438
2394,32.646000027656555,32.650926232337952,-118.19099999964237,-117.70871549844742,5.9999996423721313,8.6860723793506622,3.2999999821186066,3.3812869191169739
2437,34.36599999666214,33.87533100694418,-116.47200000286102,-116.62356686592102,2.7000001072883606,4.2720982432365417,3.0999999940395355,3.0155052244663239
1069,33.432332992553711,33.30963671207428,-116.45383298397064,-116.98692333698273,11.42999991774559,3.2196968793869019,3.1700000166893005,3.0414486229419708
2205,35.972000002861023,35.196202039718628,-117.26399999856949,-116.60291337966919,3.099999725818634,4.3781822919845581,3.6999999582767487,3.0132281184196472
1243,35.957800030708313,35.811430931091309,-117.3008000254631,-117.3006306886673,10.60000017285347,5.2051019668579102,3.199999988079071,3.1618950963020325
16,33.548500001430511,33.687215685844421,-118.31416699290276,-118.38959634304047,10.680000185966492,4.7215408086776733,3.199999988079071,3.1228601932525635
2524,32.578999996185303,32.592446327209473,-118.25600001215935,-117.83118298649788,5.9999996423721313,6.6335391998291016,3.199999988079071,3.0314542651176453
546,35.874331951141357,35.789437890052795,-117.69716599583626,-117.48316025733948,-1.0899996757507324,6.84306800365448,3.4600000083446503,3.2659333348274231
658,35.904500007629395,34.570737838745117,-117.69299998879433,-117.87164352834225,6.4399999380111694,4.6843671798706055,3.9599999785423279,3.3856685757637024
2282,32.924999952316284,32.88643741607666,-117.76999999582767,-117.53604623675346,6.9999995827674866,6.6281837224960327,3.199999988079071,3.0336819291114807
2313,32.70799994468689,32.306233406066895,-116.06599998474121,-116.09203267097473,3.9999997615814209,4.3854743242263794,3.0999999940395355,3.0497241318225861
1504,35.518599987030029,35.594263553619385,-116.74539995193481,-117.11878567934036,14.899999997578561,1.7394465208053589,3,3.0319944620132446
959,33.64733299612999,33.385245323181152,-117.26083302497864,-116.89180469512939,27.339999675750732,10.682140588760376,3.0800000131130219,3.2809252738952637
797,35.691166043281555,35.51923143863678,-117.51216900348663,-117.96731099486351,1.0299995541572571,9.1120822727680206,3.2299999594688416,3.056750625371933
225,35.961333990097046,35.859196066856384,-117.2843319773674,-117.13052809238434,4.1400003433227539,7.0460870862007141,3.550000011920929,3.1235522925853729
2074,32.286999940872192,32.171318173408508,-116.2849999666214,-116.09197425842285,5.5000001192092896,7.48605877161026,3.2999999821186066,3.0587991178035736
1799,32.753399968147278,32.726389288902283,-117.37879997491837,-117.07780587673187,9.9999998509883881,3.2909291982650757,3.8999999910593033,3.2147815525531769
2509,33.699999988079071,33.797778189182281,-117.71200001239777,-117.90145041793585,11.299999952316284,4.6693843603134155,3.9999999850988388,3.2740253806114197
2085,35.631999969482422,35.561358094215393,-117.57499998807907,-117.14117604494095,1.8999999761581421,7.3185360431671143,3.199999988079071,3.0243299603462219
1693,35.74399995803833,35.705715775489807,-118.00999999977648,-117.82276663184166,4.0999996662139893,6.402057409286499,3.2999999821186066,3.1746636629104614
1045,34.327499985694885,34.307448714971542,-119.5,-119.26209402084351,2.3199999332427979,9.0051166713237762,3.2999999821186066,3.0534845888614655
469,35.892166018486023,35.055077910423279,-117.71933001279831,-118.80684858560562,6.9400003552436829,7.0805490016937256,3.2999999821186066,3.150345504283905
954,33.956333000212908,33.668443322181702,-116.31916701793671,-116.30788671970367,8.3099998533725739,2.3873180150985718,3.0900000035762787,3.0358970761299133
2519,32.675999999046326,32.124415874481201,-116.09399998188019,-116.10437738895416,10.899999886751175,6.2489980459213257,3.0999999940395355,3.0647227764129639
639,35.908499956130981,35.779472947120667,-117.67550000548363,-117.32181972265244,2.3400002717971802,6.6155478358268738,4.2999999895691872,3.3340305089950562
2350,35.802999973297119,35.488787174224854,-118.04399999976158,-117.92867624014616,9.5999997854232788,0.15726238489151001,3,3.0246811509132385
1218,33.912699997425079,33.941625729203224,-116.72490000724792,-116.86039209365845,19.200000017881393,2.5565734505653381,3,3.0352097153663635
1158,35.924299955368042,35.904758930206299,-117.21799999475479,-117.16333240270615,0.99999994039535522,2.8848400712013245,3.4999999701976776,3.1127243041992188
1415,33.367699980735779,33.136421382427216,-116.30019998550415,-116.7822527885437,13.299999944865704,3.4866240620613098,3,3.095993846654892
2292,34.635999977588654,34.530244529247284,-116.31400001049042,-116.42226111888885,5.6000000238418579,6.0259053111076355,3.199999988079071,3.0521523356437683
1527,33.390999972820282,33.128108263015747,-116.41700005531311,-116.67309141159058,9.9999998509883881,2.9612097144126892,3.3999999761581421,3.1542348861694336
2475,34.409000009298325,34.035745151340961,-116.27900004386902,-116.44447422027588,20.699999928474426,4.6469074487686157,3.199999988079071,3.0147930979728699
1300,34.904999971389771,34.408517897129059,-119.21099996566772,-119.36362957954407,13.999999947845936,1.9976985454559326,3,3.0232778191566467
2430,34.879000008106232,34.642510414123535,-116.41100001335144,-116.49429273605347,4.0999996662139893,4.8059481382369995,3.0999999940395355,3.0199181735515594
1603,35.953999996185303,35.896866798400879,-117.33399999141693,-117.398413002491,1.8000000715255737,0.35790145397186279,3.0999999940395355,3.0999234616756439
160,35.927167057991028,35.777515649795532,-117.68133300542831,-118.01067668851465,3.1300002336502075,5.8739393949508667,3.0399999618530273,3.0510707795619965
1704,33.931999996304512,33.823883235454559,-116.74199998378754,-117.01906144618988,13.900000043213367,3.4157931804656982,3.3999999761581421,3.1214956641197205
956,33.482500016689301,33.477071046829224,-116.50366699695587,-116.8728723526001,12.590000107884407,3.0335462093353271,3.6999999582767487,3.1723692119121552
2470,34.717000007629395,34.593851804733276,-116.33200001716614,-116.49894559383392,4.1999995708465576,5.5197080969810486,3.3999999761581421,3.0317873954772949
877,33.705000013113022,33.404846429824829,-116.83050000667572,-116.88209366798401,16.779999956488609,2.8506168723106384,3.3999999761581421,3.0968198776245117
1919,35.819000005722046,34.745868980884552,-119.91199994087219,-119.82380831241608,12.400000020861626,6.9438689947128296,3.2999999821186066,3.0994663238525391
1884,33.980000000447035,33.761659204959869,-116.27199995517731,-116.5903537273407,5.2000004053115845,3.3095723390579224,3.199999988079071,3.1013107895851135
2200,32.644999980926514,32.366599798202515,-118.07400000095367,-117.82759155333042,25.200000107288361,8.2986751198768616,3.199999988079071,3.0115488767623901
98,35.806666970252991,35.618287205696106,-117.62933298945427,-117.5352803170681,0.45999974012374878,6.4340651035308838,3.0999999940395355,3.0397544503211975
2400,34.037000000476837,33.922089919447899,-117.27100002765656,-117.08164650201797,7.9999999701976776,3.384844958782196,3.3999999761581421,3.0202244818210602
253,35.921165943145752,35.832617402076721,-117.6884999871254,-117.92145925760269,6.1500003933906555,6.1528587341308594,3,3.0218715369701385
103,35.03516697883606,34.747859418392181,-116.80033302307129,-116.89471960067749,-0.76999962329864502,5.3744423389434814,3.129999965429306,3.0269242823123932
1445,33.004100024700165,33.229010283946991,-116.33399999141693,-117.14826363325119,11.100000143051147,4.6882501244544983,3.5999999642372131,3.1036907136440277
1443,33.030399978160858,33.273760616779327,-118.00400000018999,-117.94445234164596,8.8000001013278961,5.3852096199989319,3.6999999582767487,3.1427538692951202
1648,33.875299997627735,33.852799043059349,-117.80089999735355,-117.93589179962873,1.600000262260437,4.8563522100448608,3.5999999642372131,3.2519927322864532
586,35.745666980743408,35.294031381607056,-117.56649801135063,-118.06502053141594,7.9999999701976776,6.1522132158279419,3.3999999761581421,3.2124803960323334
627,35.91016697883606,35.41529369354248,-117.68483299016953,-117.76676478981972,7.4100002646446228,6.4345210790634155,5.4399999976158142,4.2258611395955086
1696,34.003000000026077,33.759329065680504,-116.91199994087219,-116.99921262264252,17.500000074505806,2.992059588432312,3.199999988079071,3.0669938921928406
2101,33.410000026226044,32.92505943775177,-116.40299999713898,-116.73695349693298,12.499999925494194,4.3691003322601318,3.0999999940395355,3.0409083366394043
2199,33.48199999332428,33.129216134548187,-116.5,-116.67900323867798,14.899999997578561,4.529339075088501,3.0999999940395355,3.0258652567863464
403,35.592334985733032,35.712628245353699,-117.39399701356888,-117.65359130501747,4.0700000524520874,6.4180389046669006,3.3199999630451202,3.1159586012363434
1154,33.322200000286102,32.792614459991455,-116.33369994163513,-116.72429895401001,18.099999949336052,3.8256052136421204,3.3999999761581421,3.1774658560752869
2256,32.001000046730042,32.211981892585754,-117.38200002908707,-116.04696238040924,6.9999995827674866,13.852165415883064,3.3999999761581421,3.0739936530590057
1682,33.866999998688698,33.691527634859085,-119.32400000095367,-119.01366698741913,11.499999985098839,7.8323793411254883,3.4999999701976776,3.088468462228775
2056,33.971000000834465,34.002951858332381,-118.67699998617172,-118.35767707228661,13.399999961256981,4.6265718340873718,3.2999999821186066,3.0976388454437256
2413,35.452000021934509,35.134919285774231,-116.48099994659424,-116.80375933647156,3.6000001430511475,4.6837198734283447,3.5999999642372131,3.0737760365009308
452,35.682999014854431,35.285508751869202,-117.52300301194191,-117.90361996740103,1.1700001358985901,5.3937917947769165,3.0999999940395355,3.1042090058326721
2303,35.980999946594238,35.871145129203796,-117.86499999463558,-117.62676012516022,2.1999996900558472,8.7505339086055756,3,3.0441825091838837
1327,32.060700058937073,32.194710493087769,-117.67039999365807,-117.29249608516693,1.600000262260437,10.00092476606369,3.9999999850988388,3.3171297311782837
2049,32.401999950408936,32.275107502937317,-117.79700000584126,-117.82124637067318,11.999999955296516,6.0045897960662842,3.5999999642372131,3.1482720673084259
880,34.709667026996613,34.385913342237473,-116.28299999237061,-116.55841219425201,1.7399999499320984,3.5137027502059937,3.199999988079071,3.0625661015510559
2472,34.670000016689301,34.460962057113647,-116.35899996757507,-116.42327988147736,2.9999998211860657,5.6630408763885498,3.3999999761581421,3.0440602004528046
623,35.887333035469055,35.72197163105011,-117.71283000707626,-117.46410024166107,3.8999998569488525,6.2598896026611328,3.5799999833106995,3.2428514957427979
2344,33.978000000119209,33.721922606229782,-116.75399994850159,-116.82098948955536,22.400000095367432,3.7821561098098755,3.7999999970197678,3.1586765348911285
1787,35.804399967193604,35.712130904197693,-117.66130000352859,-117.43513256311417,9.9999998509883881,6.9170361757278442,4.0999999791383743,3.4883682131767273
262,35.877833962440491,35.702277183532715,-117.6873320043087,-118.07530115544796,2.6600003242492676,8.3885331451892853,3.1600000262260437,3.2525984644889832
1634,35.042999982833862,34.806322395801544,-119.0349999666214,-119.13949179649353,11.799999922513962,1.2040963768959045,3.199999988079071,3.0888048112392426
1438,33.870000004768372,33.844453379511833,-118.28499999642372,-118.25581705570221,15.100000002421439,4.6762955188751221,3.199999988079071,3.0327551364898682
2198,32.633999943733215,32.446006178855896,-118.07999999821186,-117.50580459833145,6.9999995827674866,8.2446759939193726,3.199999988079071,3.0279298424720764
1969,34.054000001400709,33.990125110372901,-117.02999997138977,-117.10692346096039,12.100000083446503,3.4101212024688721,3.9999999850988388,3.3093854784965515
1802,33.736000001430511,33.991679776459932,-117.47000002861023,-117.75613661110401,1.2999996542930603,4.5249295234680176,3.3999999761581421,3.1234488487243652
640,35.902500033378601,34.97083967924118,-117.68550100922585,-117.85611978173256,3.0399996042251587,5.4288160800933838,4.2999999895691872,3.4102785587310791
2403,35.565999984741211,35.822415351867676,-117.22500002384186,-116.89160680770874,5.6999999284744263,4.3846464157104492,3.3999999761581421,3.0665597319602966
1959,32.516299962997437,32.620135545730591,-116.88020002841949,-117.12107110023499,19.000000208616257,5.7079616189002991,3.7999999970197678,3.2154015898704529
488,35.898167014122009,34.329107344150543,-117.73366698622704,-118.00427291449159,2.8299996256828308,4.549822211265564,3.199999988079071,3.0720046162605286
1843,35.890799999237061,35.748736262321472,-117.68090000748634,-117.9921346642077,9.9999998509883881,6.5205734968185425,3.9999999850988388,3.4934059381484985
1734,33.498000025749207,33.342753827571869,-116.51900005340576,-116.97663855552673,13.100000023841858,3.3600595593452454,3,3.1002315580844879
146,35.584833025932312,35.553979158401489,-117.35683298110962,-116.99632394313812,4.3599995970726013,4.0160787105560303,3.6500000059604645,3.5115224719047546
1534,34.31700000166893,33.941879190504551,-116.84700000286102,-116.99495017528534,1.7000001668930054,3.1949096918106079,3.2999999821186066,3.0727483034133911
1986,35.031000018119812,34.667305827140808,-119.17799997329712,-119.13531291484833,18.099999949336052,4.6577587723731995,3.199999988079071,3.0730100870132446
1369,34.301699995994568,34.364160120487213,-116.84150004386902,-116.85138118267059,9.9999998509883881,2.8928670287132263,3.4999999701976776,3.1632358431816101
2488,34.828999996185303,34.687989473342896,-116.39999997615814,-116.52574348449707,4.8999997973442078,5.0196638703346252,3.199999988079071,3.0261244475841522
659,35.91349995136261,34.38949978351593,-117.72766700387001,-117.78048388659954,6.9599997997283936,4.5813113451004028,3.8599999845027924,3.4767706990242004
1794,32.710000038146973,32.41097617149353,-116.03600001335144,-116.09439945220947,3.1999996304512024,3.3023196458816528,3.5999999642372131,3.2480814456939697
186,35.888499975204468,35.857552886009216,-117.72350299358368,-117.73015746474266,3.6399999260902405,7.7244620025157928,3.2999999821186066,3.0709756314754486
1147,32.103000044822693,33.114163279533386,-116.09599995613098,-118.06985156983137,20.000000149011612,8.5718496143817902,3,3.2091103792190552
608,35.749668002128601,35.369122743606567,-117.55733498930931,-117.9608994461596,4.660000205039978,8.3245445787906647,3.3199999630451202,3.1621710062026978
2191,34.85290002822876,34.511587142944336,-119.08739995956421,-119.01918923854828,21.599999964237213,5.2097851037979126,3.4999999701976776,3.0827057361602783
1930,32.044999957084656,32.40508770942688,-116.40600001811981,-117.75556294620037,15.100000002421439,3.0319422483444214,3,3.2336100339889526
197,35.944167017936707,35.859671592712402,-117.37550002336502,-117.27953463792801,2.8999999165534973,7.3799997568130493,3.7999999970197678,3.3453645408153534
2329,35.975000023841858,35.924066781997681,-117.82600000500679,-117.6942794919014,3.6000001430511475,6.8487507104873657,3.199999988079071,3.2280637621879578
293,35.961333990097046,35.733046770095825,-117.2756649851799,-117.28499364852905,0.4099997878074646,7.4823546409606934,3,3.1008404195308685
766,35.658000946044922,35.772679567337036,-117.52216300368309,-117.38132017850876,1.380000114440918,5.6228399276733398,3.1199999749660492,3.0723329186439514
400,35.679501056671143,35.831886410713196,-117.53183001279831,-117.50371053814888,4.6899998188018799,6.6633045673370361,3.0600000321865082,3.0667667090892792
122,34.990832984447479,34.614848911762238,-116.46099996566772,-116.64563012123108,1.7500001192092896,5.1885956525802612,3.0299999713897705,3.0740992426872253
202,35.557335019111633,35.684462547302246,-117.56883201003075,-117.41648590564728,3.6000001430511475,4.5032063126564026,4.8400000110268593,4.6092487648129463
835,35.730167031288147,34.389416396617889,-117.55866700410843,-118.0517560094595,7.8399999439716339,4.8639392852783203,3.2199999690055847,3.7432419061660767
2296,32.730000019073486,32.789150834083557,-118.38400000333786,-117.95935577526689,9.8999999463558197,7.6402142643928528,4.3999999947845936,3.7456550896167755
1439,32.802500009536743,32.505194664001465,-116.12399995326996,-116.90109872817993,14.100000020116568,5.8751446008682251,3.9999999850988388,3.2109576165676117
1733,32.376999974250793,32.567189693450928,-116.34800004959106,-117.3055567741394,6.9999995827674866,6.1234232783317566,3.3999999761581421,3.1120401620864868
1695,33.083999991416931,32.940226912498474,-116.23099994659424,-116.6719685792923,5.7999998331069946,3.1314414739608765,3.2999999821186066,3.1219052374362946
1707,35.894000053405762,35.777130842208862,-116.75899994373322,-117.13600462675095,3.3000004291534424,0.31982213258743286,3.199999988079071,3.098140150308609
2468,34.683000028133392,34.365066528320312,-116.37899994850159,-116.62744081020355,2.9999998211860657,4.9731910228729248,3.199999988079071,3.0205312371253967
1153,32.976799964904785,32.841675281524658,-116.42830002307892,-116.99982798099518,17.899999916553497,4.0384000539779663,3,3.0813144743442535
1661,32.701200008392334,32.675119161605835,-118.18420000374317,-118.49925145506859,16.000000052154064,4.2951026558876038,4.0999999791383743,3.370887815952301
1759,35.572000026702881,35.682251453399658,-116.97599995136261,-116.95312666893005,5.9999996423721313,3.5021370649337769,3.199999988079071,3.1838218867778778
854,33.52233299612999,33.193172454833984,-116.73099994659424,-116.86918044090271,3.2800000905990601,2.785816490650177,3,3.0527022778987885
1589,32.058599948883057,32.20134973526001,-117.44319999217987,-116.62841176986694,5.0999996066093445,7.0368379354476929,3.5999999642372131,3.1466854512691498
2268,35.906000018119812,35.900200128555298,-117.5959999859333,-117.26525259017944,3.7999999523162842,2.9464021325111389,3,3.0304877758026123
641,35.781834006309509,35.699015498161316,-117.58950001001358,-117.35410130023956,1.5799999237060547,5.4638886451721191,3.5400000214576721,3.1376495361328125
1,35.615499973297119,35.41560435295105,-117.42033302783966,-117.36282575130463,9.7699999809265137,5.0754708051681519,3.1500000357627869,3.0450005829334259
2160,34.340000003576279,33.826823353767395,-116.85300004482269,-117.9989137762459,0.099999904632568359,7.312391996383667,3.0999999940395355,3.0202619433403015
698,35.556666970252991,34.298574298620224,-117.35816699266434,-117.93482423573732,8.7099999189376831,4.8336330056190491,4.4899999997578561,3.8621697127819061
1636,32.843600034713745,33.266234576702118,-118.02710000053048,-118.26167017221451,13.80000002682209,5.8343937993049622,4.0999999791383743,3.4377834498882294
1291,35.472300052642822,35.174674510955811,-118.2766999900341,-118.37312141060829,8.4000000357627869,7.1686837077140808,3.199999988079071,3.0621456205844879
2422,34.097999997437,33.989095438271761,-117.7339999973774,-117.83981616795063,6.7999997735023499,4.5147764682769775,3.0999999940395355,3.032059907913208
1520,33.380900025367737,32.812489032745361,-116.50539994239807,-116.59408938884735,6.9999995827674866,4.5966142416000366,5.5000000298023224,4.6984935253858566
1853,33.706000000238419,33.581975698471069,-116.04499995708466,-117.19849294424057,13.700000010430813,3.2286947965621948,3,3.108037143945694
1136,32.425999999046326,32.293943166732788,-117.3289999961853,-118.05851917713881,2.9999998211860657,4.4549989700317383,3.199999988079071,3.2077433466911316
2455,34.852999985218048,34.557532370090485,-116.40900003910065,-116.55939507484436,4.3000003695487976,4.8359048366546631,3.0999999940395355,3.0185154676437378
1631,33.928000003099442,34.124773964285851,-118.3589999973774,-118.31287008523941,15.899999979883432,4.4146469235420227,3.0999999940395355,3.0529774725437164
1998,33.307699978351593,32.957521080970764,-116.20299994945526,-116.74828147888184,10.399999916553497,4.0966862440109253,3.6999999582767487,3.2567749321460724
663,35.892333030700684,35.149930357933044,-117.72200000286102,-117.83798691630363,7.8700000047683716,5.0752848386764526,3.9800000041723251,3.6413347721099854
683,35.766167044639587,34.310632437467575,-117.58750000596046,-117.95162630826235,1.8200004100799561,4.7856152057647705,3.6300000250339508,3.6140703856945038
1257,34.1283999979496,34.110262028872967,-117.43900001049042,-117.06383365392685,13.299999944865704,2.9647627472877502,3.2999999821186066,3.053467869758606
317,35.913833975791931,35.857908368110657,-117.71167001128197,-118.29462996125221,1.8100002408027649,8.2922400534152985,3.5999999642372131,3.1867424547672272
648,35.901167035102844,35.539404511451721,-117.7495000064373,-117.71129932999611,5.0400003790855408,6.8899020552635193,5.4000000357627869,3.750539168715477
1434,32.018599987030029,32.430562615394592,-116.32659995555878,-116.27671265602112,7.3000001907348633,3.5884174704551697,4.2999999895691872,3.209310382604599
1479,33.858999997377396,33.921261318027973,-118.45800000429153,-118.36413604021072,14.100000020116568,4.6280854940414429,3,3.0937921106815338
709,35.913833022117615,34.339114993810654,-117.72583299875259,-117.98801182024181,7.9999999701976776,4.8123335838317871,4.5,3.7525483220815659
1282,34.052999999374151,33.969900585711002,-117.78749999403954,-117.86109249293804,5.2000004053115845,4.6127629280090332,3.8999999910593033,3.2022069096565247
1768,35.950899958610535,35.759233236312866,-117.72139999270439,-117.55234318971634,4.3000003695487976,5.9345206618309021,3,3.0819157361984253
972,33.147000014781952,32.623946189880371,-116.47816705703735,-116.7812864780426,10.990000069141388,4.9329283833503723,3.5300000309944153,3.2240632474422455
1306,34.408100008964539,34.034484218806028,-119.79719996452332,-119.58337044715881,19.699999988079071,6.7851430177688599,4.9000000208616257,3.9912618845701218
1400,33.899300001561642,33.950676817446947,-119.3889000415802,-119.29856204986572,17.000000104308128,3.9910215139389038,3.4999999701976776,3.1219209730625153
1408,34.012799999676645,33.978882441297174,-117.58259999752045,-117.72085502743721,14.700000006705523,4.556046724319458,3.5999999642372131,3.1088371574878693
2238,35.960000038146973,35.904057145118713,-117.68999999761581,-117.36590963602066,4.400000274181366,2.9049414396286011,3,3.0240862369537354
1496,32.748000025749207,32.702020049095154,-116.05099999904633,-116.64457726478577,4.9999997019767761,3.6081352829933167,3,3.1709247529506683
2038,34.006000000052154,34.018989440053701,-117.58500000834465,-117.5794605910778,4.6000000834465027,4.3794447183609009,3,3.035405695438385
1529,33.392000019550323,32.944253444671631,-116.43499994277954,-116.35565555095673,6.9999995827674866,3.5428297519683838,3.0999999940395355,3.0809607803821564
1663,33.983999999240041,33.971830889582634,-118.46999999880791,-118.41832020878792,7.5,4.6987956762313843,3.2999999821186066,3.0617699325084686
1354,33.87100000679493,33.987434284761548,-116.19700002670288,-116.36076831817627,8.4000000357627869,3.2091397047042847,3.2999999821186066,3.0934081077575684
2478,34.739000022411346,34.785062909126282,-116.2610000371933,-116.23973608016968,18.000000044703484,6.287568211555481,3.6999999582767487,3.2055171132087708
2495,35.756999969482422,35.823177814483643,-117.61599999666214,-117.34770935773849,3.1999996304512024,6.7993533611297607,3,3.0209709405899048
1643,34.003400000045076,34.087882041931152,-118.91109997034073,-118.53531515598297,16.000000052154064,5.5391567945480347,4.2999999895691872,3.4778861403465271
1051,33.913999997079372,33.991893991827965,-118.29766699671745,-118.16517160832882,11.669999957084656,4.8235934972763062,3,3.03141850233078
795,35.682834982872009,35.805078029632568,-117.49183702468872,-117.38914543390274,-0.17000019550323486,3.9855337142944336,3.199999988079071,3.0940462052822113
1597,35.712000012397766,35.804139852523804,-117.48199999332428,-117.46406650543213,9.3000000715255737,1.1090362071990967,3.3999999761581421,3.1248508393764496
1819,32.732900023460388,32.604618787765503,-118.22820000350475,-118.15936022996902,6.7999997735023499,6.7061609029769897,3.3999999761581421,3.1175942122936249
1722,33.680999994277954,33.551374495029449,-116.80799996852875,-116.97449290752411,15.100000002421439,3.0032569169998169,3.199999988079071,3.070008248090744
1183,34.334199994802475,34.393343031406403,-119.53489995002747,-119.4821298122406,8.9999999105930328,7.1193605661392212,3,3.0420670509338379
1059,33.195999979972839,32.925626873970032,-116.68250000476837,-116.96674132347107,11.850000098347664,3.0792376399040222,3.1899999976158142,3.0693751573562622
540,35.869166970252991,35.777244567871094,-117.65316799283028,-117.41449028253555,7.6999998092651367,6.2096661329269409,3.3099999725818634,3.4498364925384521
1678,34.137600004673004,34.35475155711174,-117.38319998979568,-117.69968345761299,7.9000000655651093,4.3216824531555176,3.5999999642372131,3.163195788860321
2446,34.814000010490417,34.676099419593811,-116.41700005531311,-116.50341033935547,3.1999996304512024,5.7796883583068848,3.0999999940395355,3.0198447704315186
1757,34.032999999821186,33.692048102617264,-116.44200003147125,-116.82504677772522,2.800000011920929,3.3176422119140625,3.3999999761581421,3.0648969411849976
1923,35.965399980545044,35.342346549034119,-119.76820003986359,-119.58863735198975,25.300000011920929,8.5672447085380554,3.2999999821186066,3.2878595888614655
95,35.67566704750061,35.191018342971802,-117.53933000564575,-117.43534761667252,6.9699999690055847,4.7097229957580566,3.129999965429306,3.0343713462352753
1020,34.40616700053215,34.34405243396759,-119.64566695690155,-119.65748345851898,14.15999997407198,1.1880898475646973,3.4400000274181366,3.1713673174381256
563,35.7066650390625,35.561077356338501,-117.55016300082207,-118.66242814064026,1.6199997067451477,4.9098873138427734,3.0999999940395355,3.1383599638938904
863,34.048333000391722,33.935554914176464,-117.50416699051857,-117.2618665099144,4.1599997878074646,3.466469943523407,3.0999999940395355,3.0588921904563904
1484,33.368600010871887,33.356711030006409,-116.41390001773834,-116.78261542320251,7.3000001907348633,2.7777761220932007,3.199999988079071,3.0987540185451508
1881,33.945000000298023,33.949600134044886,-116.36800003051758,-116.882972240448,8.8000001013278961,2.7191841602325439,3.4999999701976776,3.1174885332584381
1038,33.001833021640778,33.243159353733063,-118.89983302354813,-118.80493140220642,5.7399997115135193,7.1919411420822144,3.5999999642372131,3.1149914860725403
206,35.889832019805908,35.883809924125671,-117.7245030105114,-118.16334959864616,2.9300004243850708,7.822781503200531,3.2600000202655792,3.0834561288356781
392,35.571998953819275,35.634859085083008,-117.36000102758408,-117.74972423911095,2.2400003671646118,6.0369729995727539,3.0199999809265137,3.0532574057579041
870,33.23233300447464,33.032498002052307,-116.77849996089935,-117.06192445755005,11.389999911189079,3.1209969520568848,3,3.0880313515663147
397,35.877333045005798,35.821635484695435,-117.7165000140667,-117.64996209740639,2.9899996519088745,7.5625607371330261,3.4999999701976776,3.1149808466434479
2440,33.827999994158745,34.027869654819369,-118.37700000405312,-118.46917396783829,7.5,0.53178369998931885,3,3.0087874531745911
1028,32.024832963943481,32.897972106933594,-116.91299998760223,-117.11862182617188,9.60999995470047,4.8035019636154175,3.2299999594688416,3.1634988784790039
1485,32.932700037956238,32.68854284286499,-116.24349999427795,-116.7062292098999,16.19999997317791,5.1896381378173828,3.3999999761581421,3.1524952948093414
960,32.44350004196167,33.041230022907257,-116.01866698265076,-116.3222097158432,0.54000020027160645,2.2568053007125854,3.0500000417232513,3.0692197680473328
1570,33.988199999555945,34.010421867482364,-118.0671000033617,-117.89191760122776,15.400000009685755,4.9277007579803467,4.1999999955296516,3.7058411836624146
1895,33.883900001645088,33.708349347114563,-116.78610002994537,-116.97702026367188,17.899999916553497,3.0983108282089233,3.7999999970197678,3.3185115158557892
2146,34.362100005149841,33.917082898318768,-116.87779998779297,-116.93880200386047,5.899999737739563,3.6128827929496765,3.3999999761581421,3.0404874086380005
804,35.673833012580872,34.478074222803116,-117.48933297395706,-117.62799420952797,9.2299997806549072,4.8131239414215088,3.0999999940395355,3.560232549905777
1751,35.431300044059753,35.167676687240601,-118.40139999985695,-118.17258039116859,9.9999998509883881,5.1691102981567383,4.2999999895691872,3.6627198457717896
502,35.914332985877991,35.836057066917419,-117.71749898791313,-118.10558712482452,2.3500004410743713,7.6582096517086029,3.5999999642372131,3.1938988566398621
779,35.655500054359436,35.32050895690918,-117.53633299469948,-118.26618394255638,7.5999999046325684,10.394760221242905,3,3.1487211585044861
1863,32.705000042915344,32.539192199707031,-116.02699995040894,-116.80939483642578,2.5000002980232239,4.1272509098052979,3.199999988079071,3.1564410030841827
200,35.685165047645569,35.529762029647827,-117.52383399009705,-117.45086908340454,6.5700003504753113,6.1368656158447266,3.0999999940395355,3.0606097877025604
2182,33.333599984645844,33.506094664335251,-118.9718000292778,-118.71712929010391,6.9999995827674866,6.7149138450622559,3.4999999701976776,3.0808677077293396
2088,35.592300057411194,35.616820693016052,-117.53900000452995,-117.30586957931519,5.3000003099441528,6.1761081218719482,3.6999999582767487,3.0772285759449005
2279,34.990000009536743,34.642688751220703,-119.45799994468689,-119.57741141319275,15.100000002421439,2.6787570118904114,3,3.0085225403308868
1796,32.744500041007996,32.925032615661621,-117.3604000210762,-116.98263394832611,9.9999998509883881,3.2486262917518616,3.0999999940395355,3.0861018598079681
378,35.901165008544922,35.859906792640686,-117.6786650121212,-118.12742395699024,2.0600000023841858,7.6515389978885651,3.0299999713897705,3.1466572880744934
2338,35.996999979019165,35.883623003959656,-117.87100000679493,-117.49737668037415,3.1999996304512024,9.3206052482128143,3,3.035084992647171
418,35.862334966659546,35.818470478057861,-117.68483000993729,-118.17964600026608,7.4500000476837158,4.1835612058639526,3.2999999821186066,3.1197043061256409
1698,34.432700008153915,34.225531756877899,-119.01250004768372,-118.96086341142654,25.699999630451202,4.1243353486061096,3.4999999701976776,3.2061837315559387
391,35.780833959579468,35.68786883354187,-117.615837007761,-118.01343165989965,7.3299998044967651,6.0979682207107544,3.070000022649765,3.053318202495575
1522,35.487900018692017,35.2301025390625,-118.44499999284744,-118.65073734521866,3.1999996304512024,8.6769492924213409,3.6999999582767487,3.1534824371337891
1162,35.994099974632263,35.836647391319275,-117.91830000281334,-117.72662037611008,3.4000003337860107,6.6863787174224854,3.0999999940395355,3.1339222490787506
1495,35.035199999809265,34.836843609809875,-119.04530000686646,-118.72191745042801,16.899999976158142,0.62809020280838013,3.6999999582767487,3.1593435108661652
2027,35.388000011444092,34.984589517116547,-118.625,-118.79291838407516,3.6000001430511475,8.7203943729400635,3,3.0555129647254944
1152,34.758499979972839,34.411332219839096,-118.44350001215935,-118.54623717069626,11.999999955296516,5.6419873237609863,3.0999999940395355,3.1415413320064545
1367,33.960999999195337,34.085803829133511,-116.13199996948242,-116.20167088508606,6.8999996781349182,2.8116524219512939,3.199999988079071,3.0938698947429657
64,33.59400001168251,33.399149537086487,-117.26999998092651,-117.23004555702209,13.689999952912331,3.4715187549591064,3.9599999785423279,3.3854856491088867
2062,35.347000002861023,35.396334171295166,-117.19300001859665,-117.60521629452705,5.6000000238418579,5.7616326212882996,3.199999988079071,3.0598989129066467
1180,33.760299995541573,33.373137712478638,-116.11749994754791,-116.39821326732635,16.500000022351742,6.4520224928855896,3.3999999761581421,3.0611599087715149
492,35.677834033966064,35.839924573898315,-117.59700000286102,-117.12199312448502,5.4699996113777161,6.9009572267532349,3.2999999821186066,3.2153093218803406
379,35.570000052452087,34.951003730297089,-117.40666997432709,-118.52334862947464,6.4899998903274536,6.4466965198516846,3,3.0646637678146362
2236,34.845000028610229,34.767014801502228,-116.35199999809265,-116.47566485404968,7.5,6.8611899018287659,3.2999999821186066,3.0334399044513702
763,35.655833959579468,35.636692643165588,-117.52349901199341,-117.627222687006,1.5699997544288635,6.791115403175354,3.3400000333786011,3.1239005327224731
2265,33.47299998998642,33.132226884365082,-116.58899998664856,-116.42706334590912,15.200000004842877,5.5242705345153809,5.2000000029802322,4.434974167495966
791,35.698001980781555,35.862005114555359,-117.48816698789597,-117.47198069095612,8.7700000405311584,6.4692807197570801,3.3999999761581421,3.1408328711986542
1076,34.717000007629395,34.502374053001404,-116.03316700458527,-116.15029788017273,2.7700003981590271,4.1403695940971375,3.3099999725818634,3.0998439788818359
878,34.703999996185303,34.679948508739471,-116.2861670255661,-116.49411511421204,1.5599995851516724,4.8907381296157837,3.9599999785423279,3.3696067929267883
337,35.557335019111633,35.677846670150757,-117.38666498661041,-117.32653135061264,-0.83000063896179199,4.6564239263534546,3.199999988079071,3.216874748468399
2345,34.725000023841858,34.524751782417297,-116.30099999904633,-116.49079942703247,5.0999996066093445,4.488888680934906,3,3.0192281305789948
1016,33.483833014965057,33.34069299697876,-116.80099999904633,-116.92467081546783,3.2699999213218689,2.8258895874023438,3.3700000047683716,3.1616845428943634
1275,34.701799988746643,34.34888955950737,-116.27289998531342,-116.44138813018799,6.7999997735023499,2.2950518131256104,4.2999999895691872,3.4666895270347595
455,35.902667999267578,34.823977291584015,-117.72883599996567,-118.14917275309563,4.2900002002716064,6.8039971590042114,3.0299999713897705,3.0632865428924561
815,35.673832058906555,34.82234114408493,-117.51750200986862,-117.87506636232138,1.5699997544288635,7.3713916540145874,3.2899999916553497,3.9394693225622177
2319,34.222000002861023,34.0090774865821,-117.50900000333786,-117.70120096206665,10.899999886751175,4.6731796860694885,3.7999999970197678,3.2724284827709198
995,34.28600001335144,34.112505331635475,-117.05816698074341,-117.24484306573868,7.6999998092651367,3.2557466626167297,3.2099999785423279,3.0438748598098755
1981,33.281000018119812,32.914924740791321,-116.13950002193451,-116.73979759216309,18.400000110268593,3.9005988836288452,5.2000000029802322,3.3517853021621704
201,35.635334014892578,34.091818742454052,-117.58333599567413,-117.70366862416267,11.25,4.6168452501296997,3.0999999940395355,3.2523815631866455
161,35.856834053993225,35.744659423828125,-117.68599700927734,-117.97411316633224,3.6799997091293335,6.0453611612319946,3.070000022649765,3.0560311675071716
1579,34.014999999664724,33.818677604198456,-117.18400001525879,-117.05893743038177,6.8999996781349182,3.2259285449981689,3.5999999642372131,3.2280207574367523
2457,34.633000016212463,34.672747015953064,-116.36099994182587,-116.5096492767334,7.3000001907348633,8.4332254528999329,3.9999999850988388,3.288999617099762
702,35.86566698551178,34.341571807861328,-117.65266698598862,-117.99143911898136,15.109999997075647,4.8032703995704651,4.0100000202655792,3.7057929933071136
1500,33.106100022792816,32.884051203727722,-116.49580001831055,-116.81662797927856,13.900000043213367,4.0346217155456543,3,3.086180180311203
1129,35.728500008583069,35.655074834823608,-117.5649000108242,-117.37589508295059,4.699999988079071,6.6914409399032593,3.2999999821186066,3.1357525885105133
1021,33.373499989509583,33.192022919654846,-116.28483295440674,-116.70270133018494,13.640000000596046,5.0074732303619385,3.0099999904632568,3.0359578728675842
1585,32.240200042724609,34.153482750058174,-116.55390000343323,-117.518684476614,9.2000001668930054,3.6267024278640747,3.5999999642372131,3.2585831880569458
1955,35.120599985122681,34.428602993488312,-118.98309999704361,-119.17508065700531,10.999999791383743,4.7018516063690186,4.8000000044703484,3.7616725265979767
2254,33.263999998569489,32.980523347854614,-116.14199995994568,-116.3419326543808,5.5000001192092896,4.8186019062995911,3,3.0488936305046082
34,34.278833001852036,34.41834282875061,-119.28750002384186,-119.29732370376587,11.509999930858612,7.8480103611946106,3.5999999642372131,3.1220188736915588
775,35.671165943145752,35.867261052131653,-117.47166401147842,-117.37172257900238,7.1099996566772461,0.72580575942993164,3.4999999701976776,3.2810171842575073
1478,34.335999995470047,34.301914125680923,-116.4559999704361,-116.28420293331146,3.1999996304512024,2.3731657862663269,3,3.1051143407821655
1390,33.447099983692169,33.220233201980591,-116.4695999622345,-116.68854951858521,10.60000017285347,3.0914551019668579,3.4999999701976776,3.1419015526771545
2139,34.283699989318848,33.92864178866148,-116.83790004253387,-116.97822117805481,2.7000001072883606,4.4509050250053406,3.9999999850988388,3.9937461465597153
1363,33.931599996984005,34.058700148016214,-118.40599998831749,-118.33413147926331,13.200000040233135,4.7090005874633789,3.6999999582767487,3.1995946168899536
2041,34.349400013685226,34.010844452306628,-119.46319997310638,-119.25057947635651,3.6000001430511475,7.5649309158325195,3.9999999850988388,3.5363700985908508
241,35.724498987197876,35.706003308296204,-117.53016701340675,-118.03786509856582,8.6599999666213989,6.3059869408607483,3.2299999594688416,3.0880439579486847
2061,34.050000000745058,33.817642077803612,-117.25999999046326,-117.51653310656548,12.400000020861626,4.2448961734771729,3.2999999821186066,3.0855302810668945
2370,35.087000012397766,34.931689202785492,-117.52000001072884,-117.27080023288727,2.1999996900558472,5.3843182325363159,3.199999988079071,3.1084386706352234
600,35.877333045005798,35.122942686080933,-117.704499989748,-117.45252704620361,10.990000069141388,6.7349857091903687,3,3.0755985975265503
2443,34.605000019073486,34.467042565345764,-119.067999958992,-119.57740259170532,11.599999889731407,0.26852220296859741,3,3.0089496374130249
1297,35.478000044822693,35.292378187179565,-118.30500000715256,-118.23267775774002,0.70000022649765015,6.4336824417114258,4.1999999955296516,3.529161661863327
2215,34.166999995708466,33.990632483735681,-117.43599998950958,-117.68243888020515,7.3000001907348633,4.2184567451477051,3,3.0084029138088226
2068,34.057000000029802,34.036553602665663,-117.25800001621246,-117.25058037042618,10.60000017285347,3.3882218599319458,3.0999999940395355,3.0512086451053619
646,35.557167053222656,34.412900418043137,-117.38516700267792,-117.96749245375395,3.5100004076957703,4.7129952907562256,3.7800000160932541,3.6356093287467957
1528,35.202999949455261,34.698559641838074,-118.60299998521805,-118.79095494747162,6.3000002503395081,6.0907807946205139,3.4999999701976776,3.066005140542984
1267,33.006399989128113,33.033068418502808,-116.4342999458313,-116.93362236022949,14.599999990314245,4.3812096118927002,3,3.083957701921463
1899,32.654000043869019,32.783394813537598,-117.34600001573563,-116.95970630645752,5.9999996423721313,4.558519721031189,3.2999999821186066,3.0900728702545166
562,35.912166953086853,35.792679786682129,-117.71200001239777,-117.57661008834839,2.0999997854232788,7.3285996913909912,3.3899999856948853,3.4096156060695648
189,35.934165954589844,35.87590229511261,-117.69750198721886,-118.14197772741318,1.4800000190734863,7.8142337501049042,3.2199999690055847,3.1778878569602966
1806,34.617999970912933,34.210246056318283,-116.28100001811981,-116.43768668174744,12.899999991059303,3.2294851541519165,3.2999999821186066,3.2209596633911133
975,33.147832989692688,32.769664645195007,-116.47916698455811,-116.80537986755371,11.13999992609024,4.0904241800308228,3.9599999785423279,3.4279772043228149
2047,32.302999973297119,32.489478945732117,-117.87900000065565,-117.60702285170555,11.200000047683716,6.0214698314666748,3,3.0897453725337982
1082,34.363667011260986,34.189988225698471,-118.64933300018311,-118.7432102560997,10.289999842643738,5.9634947776794434,3.0999999940395355,3.0511791408061981
474,35.89033305644989,35.703276872634888,-117.72499999403954,-117.60977956652641,3.7799996137619019,6.445612907409668,3.5699999928474426,3.2933070659637451
747,35.703999042510986,35.717215299606323,-117.50250199437141,-117.87791109085083,7.2699996829032898,6.7317572236061096,3.5999999642372131,3.1184535026550293
2302,35.980000019073486,35.93835186958313,-117.85699999332428,-117.62654966115952,2.7000001072883606,6.3974073529243469,3.6999999582767487,3.2186162173748016
21,34.875167012214661,34.647131383419037,-117.39050000905991,-117.63920164108276,2.4000003933906555,4.2719766497612,3.4999999701976776,3.247134804725647
459,35.570498943328857,35.241865992546082,-117.51983600854874,-117.66659709811211,8.9000000059604645,5.775471031665802,3.5200000405311584,3.1641798913478851
1184,33.788599997758865,33.917418278753757,-116.96739995479584,-117.0736363530159,16.899999976158142,3.4310173988342285,3.5999999642372131,3.1785818338394165
2326,35.91100001335144,35.426572322845459,-117.8830000013113,-117.57650139927864,0.70000022649765015,4.2576366662979126,5.2000000029802322,4.2986509948968887
955,33.177833020687103,32.975301861763,-116.02916705608368,-116.90228939056396,8.9000000059604645,3.1046712398529053,3.5600000023841858,3.1402024626731873
1215,33.569700002670288,33.93152529746294,-118.37000000476837,-118.24144884943962,18.200000077486038,4.3942487239837646,3.7999999970197678,3.2012999653816223
2441,34.819000005722046,34.957327246665955,-116.22000002861023,-116.42910838127136,5.9999996423721313,7.7370008826255798,3.2999999821186066,3.0543536245822906
1515,34.479000002145767,34.353328883647919,-116.26699995994568,-116.53685927391052,8.3000001311302185,4.3585717678070068,3.0999999940395355,3.0675226449966431
2399,34.384999990463257,34.313978791236877,-119.02100002765656,-119.23579263687134,7.8000001609325409,2.5850647687911987,3.0999999940395355,3.0173048079013824
769,35.771832942962646,35.837377071380615,-117.6178329885006,-117.66813281178474,2.5900000333786011,1.1143568158149719,4.2999999895691872,3.4563521146774292
1685,35.983100056648254,35.712697744369507,-117.29019999504089,-117.2680931687355,9.9999998509883881,6.3798138499259949,4.9000000208616257,3.4268152713775635
130,35.607833027839661,35.57255232334137,-117.47566699981689,-117.38557589054108,8.4800000488758087,5.6073993444442749,3.199999988079071,3.0547613203525543
2135,34.698000013828278,34.639797687530518,-116.30299997329712,-116.65602040290833,5.6000000238418579,8.4734782576560974,3,3.0244331359863281
1482,32.983000040054321,32.8829665184021,-116.34700000286102,-116.71859180927277,14.299999997019768,4.3206346035003662,3.7999999970197678,3.1443149149417877
330,35.74683403968811,35.750958800315857,-117.5461660027504,-117.676324903965,8.4999999403953552,6.8213188648223877,3.4999999701976776,3.189917653799057
1238,33.930699996650219,33.810424864292145,-117.94559999927878,-117.99283830542117,16.799999959766865,4.8303276300430298,3.6999999582767487,3.1081131398677826
466,35.951167941093445,35.796789407730103,-117.70483401417732,-117.8848535567522,1.9200003147125244,8.7705405056476593,3.0999999940395355,3.1087148487567902
2169,34.052000001072884,33.917978420853615,-117.2509999871254,-117.36614400148392,15.200000004842877,3.7528771162033081,3,3.018530935049057
1638,33.929499998688698,34.002611307892948,-118.30790001153946,-118.3759945333004,10.60000017285347,4.9123620986938477,3.7999999970197678,3.4132157564163208
1095,35.460667014122009,34.947825729846954,-119.97566699981689,-119.81974351406097,8.1499998271465302,6.0608839988708496,3.5099999606609344,3.1759518384933472
1130,35.473099946975708,35.414884924888611,-118.42519998550415,-118.54073643684387,9.0999998152256012,0.093129873275756836,3.199999988079071,3.0520218014717102
1294,32.888499975204468,33.516888976097107,-116.23450005054474,-117.10244637727737,11.200000047683716,3.6742347478866577,3.6999999582767487,3.1056886911392212
860,32.822832942008972,32.702936410903931,-118.48283299803734,-118.36299061775208,8.3800001442432404,9.5616808533668518,4.2999999895691872,3.5730924010276794
