event_id,true_latitude_deg,predicted_latitude_deg,true_longitude_deg,predicted_longitude_deg,true_depth_km,predicted_depth_km,true_magnitude,predicted_magnitude
2312,35.991999983787537,35.891571760177612,-117.87799999862909,-117.76829090714455,4.0999996662139893,8.0714915692806244,3.0999999940395355,3.0835828185081482
2058,33.555999994277954,33.748688787221909,-118.36700001358986,-118.12817381322384,15.500000026077032,1.75731360912323,3.199999988079071,3.0526894927024841
194,35.917168021202087,35.781906127929688,-117.67633101344109,-117.62297615408897,1.0299995541572571,8.8074879348278046,3.0900000035762787,3.0669466853141785
1393,33.691000014543533,33.722870826721191,-119.1360000371933,-118.90335613489151,11.40000008046627,5.0519093871116638,3.0999999940395355,3.0386923849582672
764,35.640166997909546,35.566047668457031,-117.54616698622704,-117.42299312353134,11.299999952316284,5.0529545545578003,3.9999999850988388,3.5736862421035767
170,35.792333006858826,35.80684757232666,-117.6245000064373,-117.45598584413528,3.0700001120567322,8.1047040224075317,3.550000011920929,3.1485530734062195
1660,32.702000021934509,32.589017152786255,-118.20450000464916,-118.10649534314871,9.9999998509883881,7.612268328666687,3.0999999940395355,3.0233540832996368
2389,33.880999997258186,33.875216223299503,-117.75900000333786,-117.82109713554382,4.8999997973442078,4.0758588910102844,3,3.0542012751102448
990,33.97533299960196,33.521565437316895,-116.27600002288818,-116.40326726436615,3.9100000262260437,6.9930052757263184,3.2600000202655792,3.0259320437908173
1134,33.316299974918365,32.677412271499634,-116.29729998111725,-116.60854077339172,18.400000110268593,4.5674335956573486,3.6999999582767487,3.1385592520236969
1936,34.007000000216067,34.011024363338947,-118.43999999761581,-118.25011250376701,12.800000086426735,3.7026196718215942,3,3.0260747373104095
1476,33.564999997615814,33.537710785865784,-118.31499999761581,-118.1987642198801,2.9999998211860657,4.3571609258651733,3.0999999940395355,3.0233659744262695
1451,33.91499999910593,33.972848758101463,-118.27399998903275,-118.26796239614487,25.000000298023224,3.2345223426818848,3.4999999701976776,3.0282502770423889
1525,32.016199946403503,32.242453575134277,-117.18129998445511,-117.8758490383625,6.5000000596046448,7.7761490643024445,3.6999999582767487,3.0804012715816498
2233,33.706000000238419,33.741146326065063,-119.47899997234344,-119.19065046310425,11.999999955296516,6.5991407632827759,4.8000000044703484,3.8773753345012665
251,35.893833041191101,35.2203688621521,-117.72716701030731,-117.51166218519211,7.6600000262260437,5.0763577222824097,3.2500000298023224,3.022296130657196
1001,33.874166995286942,34.098394259810448,-117.11133301258087,-117.92427459359169,11.999999955296516,7.0415022969245911,3.2500000298023224,3.0379098951816559
1194,32.900099992752075,32.394891142845154,-116.28100001811981,-116.52094435691833,8.7000001966953278,2.1246993541717529,3.3999999761581421,3.0726107060909271
952,33.492500007152557,33.343966007232666,-116.80449998378754,-116.83409917354584,2.9100000858306885,4.9217891693115234,3.3700000047683716,3.134699821472168
321,35.645668029785156,35.617259383201599,-117.48133099079132,-117.36763018369675,3.3599996566772461,6.7361855506896973,3.2999999821186066,3.1019530892372131
1075,34.717832982540131,34.167312145233154,-116.0353330373764,-116.15454602241516,2.980000376701355,7.7530655264854431,3.199999988079071,3.0285680294036865
2514,34.810000002384186,34.014420855790377,-116.39100003242493,-116.66509938240051,3.4000003337860107,8.9254447817802429,3.2999999821186066,3.023234099149704
134,35.912832975387573,35.932526111602783,-117.73449999094009,-117.36356908082962,2.7299997210502625,8.4098553657531738,3.3999999761581421,3.0442671775817871
2503,34.101999998092651,33.831249117851257,-117.45800000429153,-117.58163765072823,4.9999997019767761,4.6368402242660522,3.0999999940395355,3.0266505181789398
2051,32.379999995231628,32.258378267288208,-117.83599999547005,-117.50065720081329,15.200000004842877,8.8116918504238129,3.0999999940395355,3.976534903049469
940,32.783833026885986,32.797323346138,-118.4446670114994,-118.3794270157814,7.7299998700618744,5.824209451675415,3.2999999821186066,3.0405532121658325
1444,35.922999978065491,35.848543167114258,-117.74000000953674,-117.62431535124779,4.5000001788139343,2.1479701995849609,3.199999988079071,3.0298142731189728
654,35.902667045593262,34.251065939664841,-117.7426669895649,-117.88883369415998,8.4699998795986176,4.4088023900985718,3.5999999642372131,3.1062059104442596
1289,33.399900019168854,33.245284199714661,-117.09740000963211,-116.88836109638214,10.899999886751175,4.4813793897628784,3.5999999642372131,3.1125628352165222
2541,34.834999978542328,34.567890763282776,-116.28799998760223,-116.32759237289429,6.5000000596046448,8.2016649842262268,3.0999999940395355,3.034644216299057
1099,35.404999971389771,35.400912046432495,-117.81016699969769,-117.70335698127747,6.6499999165534973,6.3795304298400879,3.3400000333786011,3.0189201235771179
1241,34.5939000248909,34.301346838474274,-118.62070000171661,-118.52644860744476,11.200000047683716,4.9722826480865479,3.9999999850988388,3.2087002694606781
2011,32.072000026702881,32.280927419662476,-116.38499999046326,-116.6095871925354,5.9999996423721313,6.2408226728439331,3.0999999940395355,3.0361035168170929
56,35.747666954994202,35.750044703483582,-117.55666700005531,-117.59172463417053,7.420000433921814,6.7503547668457031,3.0999999940395355,3.0893555581569672
485,35.796300053596497,35.578105926513672,-117.6351999938488,-117.38737738132477,6.5700003504753113,7.7083159983158112,3,3.0660183727741241
324,35.805832028388977,35.81180214881897,-117.59166699647903,-117.45852798223495,9.8399998247623444,7.842307984828949,4.1999999955296516,3.6866242289543152
1968,34.705999970436096,33.716256707906723,-116.05999994277954,-116.19216978549957,3.6000001430511475,11.24818816781044,3.0999999940395355,3.0198593437671661
2415,34.51800000667572,34.267543971538544,-118.93999999761581,-118.97725945711136,19.500000178813934,5.314745306968689,3.6999999582767487,3.0998372733592987
44,33.228166997432709,32.67225193977356,-116.74333298206329,-116.75472259521484,10.209999829530716,5.0069314241409302,3.5999999642372131,3.1409549117088318
1729,34.996999979019165,34.835562944412231,-116.94500005245209,-116.87956881523132,5.9999996423721313,5.2589750289916992,3.0999999940395355,3.0547336935997009
1524,33.964000001549721,33.867503181099892,-117.75900000333786,-117.85890655219555,11.599999889731407,4.7712171077728271,3.0999999940395355,3.0379149913787842
2513,35.652999997138977,35.700462102890015,-117.65700000524521,-117.74952563643456,2.5000002980232239,6.2009882926940918,3,3.0701733827590942
1793,33.762099996209145,33.748792797327042,-117.46539998054504,-117.57884049415588,9.8000000417232513,4.3416568636894226,4.6000000052154064,3.2464384138584137
2351,35.72599995136261,35.782322406768799,-118.01899999938905,-117.92766273021698,4.1999995708465576,5.748562216758728,3.9999999850988388,3.4832830131053925
2086,34.17059999704361,33.786113202571869,-117.28659999370575,-117.62299317121506,17.100000008940697,4.5035344362258911,3.3999999761581421,3.0402887463569641
2248,34.210999995470047,34.240398645401001,-118.77999997138977,-118.73289221525192,14.499999973922968,4.2995819449424744,3.8999999910593033,3.1585228443145752
1449,33.689999997615814,33.416290163993835,-116.74000000953674,-116.72107243537903,18.099999949336052,4.8755174875259399,3.5999999642372131,3.0797363519668579
457,35.897999048233032,35.445167303085327,-117.72683000564575,-117.60817018151283,4.0400004386901855,7.4731618165969849,3.1899999976158142,3.0704415142536163
410,35.883334994316101,35.457816362380981,-117.7243350148201,-117.79770061373711,3.7799996137619019,7.8246501088142395,3.2999999821186066,3.0352569222450256
2036,32.047999978065491,32.052035093307495,-117.48000001907349,-117.91158629953861,8.4000000357627869,6.538081169128418,3.3999999761581421,3.0502369701862335
1288,35.483000040054321,35.63054633140564,-118.20790000259876,-118.40995293855667,0.60000032186508179,3.2780250906944275,4.0999999791383743,3.6950182020664215
471,35.806331992149353,35.680094003677368,-117.62750199437141,-117.62839275598526,2.800000011920929,7.4028226733207703,3.3400000333786011,3.0719616115093231
1175,33.152899980545044,33.022026777267456,-118.28589999675751,-118.3681066930294,11.700000017881393,4.0275585651397705,3.199999988079071,3.0311805903911591
1737,33.668000012636185,33.222363233566284,-116.72399997711182,-117.06704092025757,14.700000006705523,5.3465142846107483,3.0999999940395355,3.0536127984523773
1247,35.962000012397766,35.800966143608093,-117.30250000953674,-117.03007787466049,10.399999916553497,7.4795079231262207,3.3999999761581421,3.0336882770061493
1023,34.041000001132488,33.924434453248978,-117.2416689991951,-117.30669128894806,18.210000023245811,4.2213249206542969,3.2800000011920929,3.0255747735500336
2092,32.167999982833862,32.0709068775177,-117.66699999570847,-117.14387577772141,7.9999999701976776,8.5705925524234772,3,3.0315244495868683
239,35.765498995780945,35.672966480255127,-117.55783098936081,-117.43935269117355,8.3300001919269562,7.3697108030319214,3.2999999821186066,3.050088107585907
1273,34.717299997806549,34.07355522364378,-116.15349996089935,-117.41925841569901,0.99999994039535522,4.9086391925811768,3.2999999821186066,3.0630271732807159
1068,33.457832992076874,33.038227379322052,-116.46433305740356,-116.41288912296295,11.86999998986721,3.7758725881576538,3.0999999940395355,3.037158340215683
1875,34.574999988079071,34.368324279785156,-116.54200005531311,-116.57974219322205,4.7999998927116394,5.2636903524398804,3.0999999940395355,3.0582765340805054
430,35.759997963905334,35.456732511520386,-117.58149701356888,-117.56557947397232,7.7400000393390656,6.8138641119003296,3.6999999582767487,3.1199519634246826
1170,34.28659999370575,34.143865421414375,-117.03359997272491,-117.22316515445709,16.400000005960464,4.1135421395301819,3.0999999940395355,3.0230410695075989
1720,33.861000001430511,33.729991674423218,-119.36899995803833,-119.02841234207153,5.9999996423721313,5.783827006816864,3.3999999761581421,3.0474463105201721
1967,34.703999996185303,34.229383826255798,-116.06200003623962,-116.25233578681946,3.5000002384185791,8.096044510602951,3.0999999940395355,3.0255509912967682
289,35.917667031288147,35.180754661560059,-117.29799997806549,-118.07714074850082,12.930000051856041,8.4052500128746033,3.0199999809265137,3.1656865775585175
218,35.821334958076477,35.664000868797302,-117.64250200986862,-117.67421677708626,7.0900002121925354,8.7482106685638428,3.1399999558925629,3.0483227670192719
43,35.547500014305115,35.482676386833191,-117.52966699004173,-117.41446661949158,4.2500004172325134,6.1713248491287231,3.5099999606609344,3.0721889734268188
1669,34.035599999129772,34.017852487042546,-117.32929998636246,-117.53022244572639,12.499999925494194,4.4836610555648804,4.3999999947845936,4.0802582502365112
2354,35.799000024795532,35.710787296295166,-118.04500000178814,-117.80997180938721,7.9999999701976776,1.8663784861564636,3,3.0330759286880493
2232,33.666999995708466,33.684002101421356,-119.32599997520447,-119.14524960517883,6.9999995827674866,6.9776013493537903,3.199999988079071,3.0550028085708618
2523,35.726999998092651,35.716657519340515,-118,-117.88676889240742,6.8999996781349182,2.9058784246444702,3.3999999761581421,3.0353302359580994
2211,34.054000001400709,33.550678461790085,-116.32000005245209,-116.65925526618958,10.499999821186066,7.0916068553924561,3.2999999821186066,3.0926490426063538
1366,34.056699998676777,33.671354353427887,-116.41840004920959,-116.62903881072998,13.599999994039536,5.2810943126678467,3.4999999701976776,3.3625368475914001
212,35.552332997322083,34.601000785827637,-117.32433301210403,-117.42707681655884,4.7799995541572571,5.5022352933883667,3.0199999809265137,3.0921801924705505
1533,33.872899994254112,33.926010251045227,-118.43110001087189,-118.24863183498383,16.299999989569187,4.5322108268737793,3.6999999582767487,3.0856678783893585
2138,34.300599992275238,33.987932276912034,-116.85860002040863,-117.19137728214264,3.3000004291534424,5.2004653215408325,3.5999999642372131,3.0665602684020996
1762,33.627000004053116,33.677288234233856,-117.90600000321865,-117.87467506527901,11.299999952316284,4.7078168392181396,3,3.0424294173717499
759,35.682335019111633,35.758574485778809,-117.5,-117.28392827510834,0.59000015258789062,5.0359600782394409,3.0999999940395355,3.0603598058223724
1567,32.228999972343445,32.32472038269043,-116.58899998664856,-117.59401947259903,5.9999996423721313,7.2837558388710022,3.2999999821186066,3.0489833950996399
1792,32.057999968528748,32.568684697151184,-116.18499994277954,-116.95754480361938,5.5000001192092896,5.0156968832015991,3.0999999940395355,3.0185014307498932
2244,34.368000000715256,34.147335380315781,-118.66100001335144,-118.6250838637352,13.100000023841858,3.5570186376571655,3.0999999940395355,3.0276405215263367
1374,34.964399993419647,34.782975971698761,-116.70539999008179,-116.74520885944366,12.100000083446503,5.0771623849868774,3.0999999940395355,3.0227150917053223
1113,33.02649998664856,32.537904977798462,-116.43383300304413,-116.64612221717834,6.8900004029273987,2.538350522518158,3.2899999916553497,3.066238671541214
2176,33.895000003278255,33.746816396713257,-118.55099999904633,-118.52342218160629,13.499999977648258,4.4211199879646301,3,3.0455167293548584
1084,35.332499980926514,35.392109870910645,-118.55216699838638,-118.55515813827515,8.060000091791153,5.9245356917381287,3.1099999845027924,3.0534777939319611
979,33.462000012397766,33.124706506729126,-116.46666705608368,-116.85687112808228,7.4399998784065247,3.839072585105896,3.6999999582767487,3.1048859059810638
1321,32.554000020027161,33.46829617023468,-116.76800000667572,-118.54110723733902,4.9999997019767761,5.2748554944992065,3.3999999761581421,3.0423484146595001
1151,33.303799986839294,32.699187517166138,-116.28740000724792,-116.43483889102936,18.799999952316284,3.9766412973403931,3.0999999940395355,3.0672727525234222
1091,34.302666991949081,34.06934742629528,-116.86333298683167,-117.03928315639496,3.1400004029273987,4.4023507833480835,3.8700000196695328,3.569427877664566
976,34.845166981220245,34.700142741203308,-118.90383297204971,-119.06265103816986,9.4799999892711639,2.0150730013847351,3.1099999845027924,3.0329810678958893
798,35.652667999267578,35.634750962257385,-117.53933000564575,-117.37750595808029,1.6500002145767212,6.0991537570953369,3,3.0716163218021393
1272,35.668400049209595,35.623468399047852,-118.46039998531342,-118.68925088644028,10.499999821186066,5.8386754989624023,3.4999999701976776,3.0616372525691986
422,35.796664953231812,35.713763833045959,-117.6256639957428,-117.68934655189514,2.6299998164176941,8.4668371081352234,3.0999999940395355,3.047170490026474
2083,34.019999999552965,33.596580266952515,-117.22299998998642,-117.42673587799072,15.100000002421439,4.6561449766159058,3,3.0268245041370392
867,35.391000032424927,35.512452483177185,-118.54483300447464,-118.81347507238388,3.970000147819519,4.6244269609451294,3.2999999821186066,3.0935056507587433
296,35.676334023475647,35.731927633285522,-117.54733300209045,-117.28401231765747,3.9499998092651367,5.8757525682449341,3.0900000035762787,3.0625818371772766
1057,33.167666971683502,32.886853218078613,-116.42066705226898,-116.47874712944031,13.760000020265579,1.7866158485412598,3.3899999856948853,3.0571539402008057
368,35.894665002822876,35.613725185394287,-117.68116798996925,-117.76940967142582,2.0399996638298035,7.639315277338028,3,3.0530592799186707
2285,34.041000001132488,34.004810562357306,-118.49200001358986,-119.09257900714874,4.8999997973442078,0,4.1999999955296516,3.1151538491249084
282,35.659000039100647,35.471129417419434,-117.48616802692413,-117.41512447595596,3.710000216960907,5.3772810101509094,3.1800000071525574,3.0896935164928436
1298,33.94200000166893,33.718441694974899,-116.73599994182587,-116.81959772109985,18.299999982118607,3.060632050037384,3.0999999940395355,3.0906271934509277
1133,35.851799964904785,35.587620735168457,-117.69190001487732,-117.8165066242218,11.900000050663948,7.045406699180603,3,3.03797847032547
1190,35.165199995040894,35.221840858459473,-118.65939998626709,-119.089395403862,8.5999998450279236,1.4654266834259033,3.199999988079071,3.1239863634109497
318,35.656666040420532,35.64817488193512,-117.58466300368309,-117.61603826284409,7.8300002217292786,4.4549256563186646,3.199999988079071,3.0563044846057892
1336,33.031199991703033,32.558404445648193,-116.22580003738403,-116.40963673591614,10.499999821186066,4.6055316925048828,3.8999999910593033,3.2453209161758423
1807,32.693099975585938,32.487980842590332,-117.4375,-117.11940830945969,9.9999998509883881,6.3419097661972046,3.5999999642372131,3.0516419112682343
993,33.957832999527454,33.438182950019836,-116.67050004005432,-116.76373374462128,15.969999991357327,4.968833327293396,3.199999988079071,3.042792946100235
568,35.78049898147583,35.30517566204071,-117.58916500210762,-117.22109109163284,5.1499995589256287,6.0567614436149597,3.6999999582767487,3.142280638217926
787,35.700832009315491,35.91315770149231,-117.47766900062561,-117.23011815547943,0.039999783039093018,6.417706310749054,3.0900000035762787,3.08582603931427
736,35.750831961631775,35.72864842414856,-117.5633319914341,-117.51423937082291,6.8999996781349182,3.3731317520141602,3.8999999910593033,3.3893127143383026
2301,35.922999978065491,35.89081871509552,-117.85199999809265,-117.75924333930016,0,8.852638453245163,3.7999999970197678,3.1522157192230225
2483,34.43299999833107,33.272541582584381,-116.26999998092651,-116.37756252288818,2.7000001072883606,9.2859457433223724,3.199999988079071,3.0233968198299408
668,35.902832984924316,34.715007305145264,-117.72083300352097,-117.54708853363991,8.2400000095367432,3.9709407091140747,3.2400000393390656,3.091931015253067
93,35.895166993141174,35.967846632003784,-117.67683300375938,-117.38952082395554,3.9999997615814209,7.8062300384044647,3.5999999642372131,3.0879887044429779
2477,35.963000059127808,35.836654305458069,-117.79000000655651,-117.85237231850624,2.7000001072883606,7.4541968107223511,3.199999988079071,3.0647010505199432
1378,34.931999981403351,34.868838131427765,-116.71930003166199,-116.67729115486145,9.3000000715255737,5.237407386302948,3.7999999970197678,3.2215538620948792
196,35.631500005722046,35.588789820671082,-117.43083202838898,-117.3554750084877,3.9999997615814209,6.6479337215423584,3.0999999940395355,3.0337959229946136
2505,35.654999971389771,35.69611644744873,-117.60299998521805,-117.61002060770988,1.3999995589256287,2.226945161819458,3,3.0532508790493011
1835,34.287999987602234,34.314025461673737,-118.47499999403954,-118.48740947246552,12.899999991059303,4.1145971417427063,3.0999999940395355,3.0530743002891541
1334,35.476699948310852,35.359068751335144,-118.28049999475479,-118.36116608977318,5.0999996066093445,7.7522076666355133,3.5999999642372131,3.0970786213874817
254,35.727833032608032,35.718048810958862,-117.54816401004791,-117.4676069021225,9.1099999845027924,7.6831823587417603,3.4699999988079071,3.0736312866210938
2314,35.988999962806702,35.879951357841492,-117.87199999392033,-117.68655985593796,3.1999996304512024,8.1582306325435638,3.3999999761581421,3.073018491268158
1498,33.005999982357025,32.440540790557861,-116.48599994182587,-116.38405334949493,6.9999995827674866,1.8453741073608398,3.0999999940395355,3.0409314930438995
2382,34.217999994754791,33.90774866938591,-116.90400004386902,-117.16683375835419,8.099999874830246,4.7625893354415894,4.1999999955296516,3.2676650583744049
168,35.658668994903564,35.427222609519958,-117.47366297245026,-117.52934017777443,4.1400003433227539,6.5872907638549805,3.0800000131130219,3.0254579186439514
2066,33.513000011444092,33.167928636074066,-116.57500004768372,-116.66263771057129,14.599999990314245,5.126645565032959,3.0999999940395355,3.0931732356548309
1340,34.33899998664856,34.154500633478165,-118.4839999973774,-118.55277389287949,1.0999998450279236,3.1877195835113525,3.199999988079071,3.0459703803062439
1656,35.968400001525879,35.888934016227722,-117.28409999608994,-117.05151551961899,0,8.1577187776565552,3.5999999642372131,3.0683653950691223
173,35.632166981697083,35.464327335357666,-117.43033301830292,-117.31495225429535,4.8200002312660217,6.4740407466888428,3.7999999970197678,3.3410397469997406
2054,33.648999989032745,33.377457201480865,-116.73500001430511,-116.80254697799683,12.60000005364418,3.4181839227676392,3.0999999940395355,3.0430085957050323
1146,35.267600059509277,35.341530561447144,-118.5673999786377,-118.70967721939087,14.700000006705523,5.0420325994491577,3.199999988079071,3.1960111856460571
1128,33.13400000333786,32.455479025840759,-117.28799998760223,-116.79197716712952,20.000000149011612,3.5556551814079285,3.4999999701976776,3.031094491481781
611,35.888332009315491,35.041049480438232,-117.72683000564575,-117.74133938550949,5.0099998712539673,6.8411698937416077,3.0999999940395355,3.0622230470180511
602,35.925166964530945,34.307700037956238,-117.72866699099541,-117.96481640636921,-0.27999937534332275,4.7313809394836426,3.0199999809265137,3.1443988680839539
1653,33.244700014591217,32.841369867324829,-116.43550002574921,-116.41702878475189,9.0999998152256012,2.9025015234947205,3.3999999761581421,3.0780293047428131
705,35.869500041007996,34.094850949943066,-117.69066700339317,-117.79727299511433,2.6600003242492676,4.3588060140609741,4.1999999955296516,3.436738908290863
1610,33.175899982452393,32.967059373855591,-119.26670002937317,-118.79693239927292,15.299999993294477,7.7908430993556976,3.4999999701976776,3.0905732810497284
2003,35.115000009536743,34.907720565795898,-116.99699997901917,-117.12128794193268,4.3000003695487976,5.586305558681488,3,3.0194830298423767
817,35.637501001358032,35.817469596862793,-117.61433398723602,-117.399169921875,5.9700000286102295,5.8366388082504272,3.2999999821186066,3.105755478143692
433,35.886167049407959,35.653790950775146,-117.73100000619888,-117.45783412456512,5.130000114440918,6.3797780871391296,3.5999999642372131,3.107673704624176
819,35.610000014305115,35.920942544937134,-117.60199999809265,-117.34485751390457,1.8000000715255737,6.603291928768158,3.199999988079071,3.0681957900524139
755,35.77000105381012,35.822962522506714,-117.61250299215317,-117.55444183945656,2.3400002717971802,4.8110604286193848,3.4500000178813934,3.0800185203552246
1475,33.67969998717308,33.425041496753693,-116.83399999141693,-116.8609653711319,16.799999959766865,4.7349250316619873,3.6999999582767487,3.283658355474472
599,35.871665954589844,35.205232620239258,-117.66533699631691,-117.87507573515177,4.2500004172325134,6.1029893159866333,3.0999999940395355,3.0466724038124084
2328,35.993000030517578,35.887598752975464,-117.85999999940395,-118.19208896160126,5.3000003099441528,6.4082837104797363,3.3999999761581421,3.1725274622440338
807,35.676498055458069,35.917640447616577,-117.5,-117.30397021770477,0.91000020503997803,5.2668625116348267,3.6999999582767487,3.1954822540283203
175,35.945332050323486,35.742928147315979,-117.70349898934364,-117.87203320860863,2.1999996900558472,9.0660823881626129,3.0800000131130219,3.055097758769989
613,35.879166007041931,34.324976742267609,-117.68949899077415,-117.69775265455246,1.4699998497962952,4.5408743619918823,3.5999999642372131,3.1122542023658752
2433,34.816999971866608,34.191269546747208,-116.32799994945526,-116.3373646736145,7.1000003814697266,9.208054393529892,3,3.0487264394760132
1544,35.965999960899353,35.93224561214447,-117.32480001449585,-117.19562464952469,9.9999998509883881,6.7553329467773438,3.4999999701976776,3.0348182022571564
942,32.787166953086853,32.889459133148193,-118.43900001049042,-118.37311670184135,8.4199999272823334,6.4138162136077881,3.8999999910593033,3.155298113822937
1739,32.512899994850159,32.507741332054138,-117.86710000038147,-117.80511505901814,1.8999999761581421,5.2732202410697937,3.3999999761581421,3.0925364792346954
246,35.942000985145569,35.693273067474365,-117.72316700220108,-117.78477086126804,2.4799999594688416,9.3376229703426361,3.0299999713897705,3.0463243424892426
1317,34.712000012397766,34.543818235397339,-116.28699994087219,-116.33101201057434,1.7000001668930054,6.1337032914161682,3.199999988079071,3.0396004021167755
1505,34.224999994039536,34.15623514354229,-119.51699995994568,-119.49363923072815,11.799999922513962,1.3626301288604736,3,3.0321384966373444
1355,34.254999995231628,34.065376378595829,-117.07300001382828,-117.35962522029877,3.6000001430511475,4.4705826044082642,3.0999999940395355,3.0705174207687378
610,35.626000046730042,35.232271432876587,-117.57583600282669,-117.70511820912361,5.0499996542930603,6.8933862447738647,3.2999999821186066,3.0528800189495087
211,35.538334012031555,35.524510383605957,-117.38616901636124,-117.3177478313446,4.1999995708465576,6.7343232035636902,3.2899999916553497,3.1637737154960632
1894,33.184000015258789,32.515274882316589,-116.02470004558563,-116.32419884204865,9.9999998509883881,4.8887050151824951,3.3999999761581421,3.5204653143882751
998,32.893666982650757,32.430943846702576,-116.26833295822144,-117.03700637817383,10.049999803304672,2.5573629140853882,3,3.0486900508403778
1604,32.652999997138977,32.54661750793457,-118.25,-118.43860128521919,15,6.0290533304214478,3.2999999821186066,3.0627617239952087
1844,34.773999989032745,34.556125164031982,-117.22399997711182,-117.40155464410782,4.8999997973442078,4.3782493472099304,3,3.0409113764762878
861,33.955667000263929,33.484696805477142,-116.82333302497864,-116.94674074649811,15.599999986588955,3.968735933303833,3.199999988079071,3.0497628450393677
1208,35.825500011444092,35.084785938262939,-119.81180000305176,-119.64138269424438,17.39999994635582,8.4868660569190979,3.3999999761581421,3.067881166934967
2537,34.77700001001358,34.538945019245148,-116.30900001525879,-116.45787441730499,1.9999998807907104,8.7818616628646851,3,3.0363571643829346
178,35.911833047866821,35.617545366287231,-117.69783300161362,-117.82429806888103,3.8399997353553772,8.7000887095928192,3,3.0351270139217377
111,35.533833026885986,35.792714238166809,-117.36699998378754,-117.00743395090103,8.9499999582767487,7.2856852412223816,3.5600000023841858,3.0813242197036743
1990,33.6216000020504,34.838542759418488,-119.99720001220703,-119.77403604984283,5.9999996423721313,14.43700784817338,3.9999999850988388,3.1314582824707031
1980,32.587399959564209,32.38289999961853,-117.60760000348091,-117.18838536739349,4.5000001788139343,6.3980430364608765,3.4999999701976776,3.4593089818954468
461,35.854168057441711,35.556890249252319,-117.6798329949379,-117.52888742089272,8.5400001704692841,6.4901643991470337,3.199999988079071,3.0851949155330658
2539,34.560000002384186,33.626991927623749,-116.02600002288818,-116.24901401996613,2.9999998211860657,9.8498967289924622,3,3.0222344398498535
2318,35.952000021934509,35.86564838886261,-117.86300000548363,-117.43177527189255,3.8999998569488525,7.0313894748687744,3.7999999970197678,3.2831642925739288
1100,35.405666947364807,35.450813174247742,-117.80983300507069,-117.73906168341637,6.8800002336502075,6.4980679750442505,3.7999999970197678,3.04652139544487
1598,32.166900038719177,32.165045738220215,-116.65170001983643,-117.70443958044052,16.299999989569187,6.7765384912490845,3.8999999910593033,3.1031986176967621
1788,34.353100001811981,34.406504809856415,-117.65040001273155,-117.92656408250332,2.5000002980232239,4.7642433643341064,4.0999999791383743,3.8119183927774429
617,35.899999976158142,35.608490705490112,-117.73766699433327,-117.38715571165085,1.8999999761581421,6.8773815035820007,5.0000000149011612,3.7007607221603394
596,35.699000954627991,35.345742106437683,-117.57399800419807,-117.48621356487274,2.0600000023841858,5.1862755417823792,3.8800000101327896,3.1903685331344604
605,35.890835046768188,35.422309160232544,-117.74400299787521,-117.47003906965256,4.479999840259552,7.226199209690094,3.5999999642372131,3.7038105726242065
1880,32.717000007629395,32.443637609481812,-116.04200005531311,-116.83524918556213,2.9999998211860657,4.9633508920669556,3.199999988079071,3.0819433629512787
554,35.687667965888977,35.092926740646362,-117.31700098514557,-117.44345474243164,-0.98000049591064453,6.1691299080848694,3.1899999976158142,3.0906249582767487
873,33.225832998752594,33.09429544210434,-116.74733304977417,-116.97165751457214,10.230000168085098,4.8492443561553955,3.2600000202655792,3.043736457824707
1018,35.567832946777344,35.557943344116211,-118.33116701245308,-118.38961288332939,2.7600002288818359,7.3793873190879822,3.0999999940395355,3.0613565146923065
1192,35.837700009346008,35.102073907852173,-119.81649994850159,-119.75005292892456,11.100000143051147,3.3461648225784302,3.0999999940395355,3.0566805303096771
834,35.678300023078918,34.841006338596344,-117.54879999160767,-117.75636880099773,5.1499995589256287,4.6451470255851746,3.5999999642372131,3.0965806245803833
508,35.702666997909546,35.724792122840881,-117.55783098936081,-117.56036972999573,3.710000216960907,7.3349565267562866,3.199999988079071,3.0511026978492737
188,35.975834012031555,35.756352066993713,-117.67216500639915,-117.74847885966301,2.0100000500679016,9.9455992877483368,3.0800000131130219,3.052312821149826
1056,33.980333000421524,33.676569133996964,-116.71783304214478,-117.11108565330505,11.530000045895576,4.3781358003616333,3.3199999630451202,3.0403301417827606
1735,34.008899999782443,33.954242274165154,-117.25859999656677,-117.41720855236053,10.999999791383743,4.2494577169418335,3.5999999642372131,3.1990851759910583
869,33.86599999666214,33.90273966640234,-117.72766700387001,-117.67361962795258,4.7499999403953552,4.4750744104385376,3.6100000441074371,3.051003098487854
438,35.924998998641968,35.652190566062927,-117.70200398564339,-117.59319669008255,1.380000114440918,7.0308664441108704,3.199999988079071,3.0579383075237274
2342,33.678000003099442,33.402346730232239,-116.75999999046326,-116.9208779335022,16.400000005960464,2.5888136029243469,3.0999999940395355,3.0998952090740204
2456,35.601999998092651,35.869211673736572,-116.15699994564056,-116.51721084117889,5.9999996423721313,7.5996378064155579,3.0999999940395355,3.0417167544364929
1047,34.007499999832362,33.795574486255646,-117.25216698646545,-117.13459521532059,14.110000021755695,4.4148069620132446,3.7400000095367432,3.2192664742469788
693,35.890166997909546,33.988917658105493,-117.7121669948101,-117.90322607755661,6.2900000810623169,4.4650635123252869,3.8599999845027924,3.211216539144516
259,35.674167990684509,35.878890872001648,-117.48449701070786,-117.21798568964005,2.10999995470047,6.0142743587493896,3.4999999701976776,3.1026415228843689
2230,34.266999989748001,33.880060061812401,-116.77400004863739,-117.00147426128387,2.9999998211860657,5.6921571493148804,3.3999999761581421,3.0693929493427277
463,35.672333002090454,35.104672789573669,-117.54266399145126,-117.62370350956917,4.0999996662139893,5.9010744094848633,3.0900000035762787,3.0670658648014069
1333,34.00800000037998,33.834951192140579,-117.12999999523163,-117.20765346288681,13.900000043213367,4.3211826682090759,3,3.0427240133285522
1913,33.793999999761581,33.776881963014603,-119.39300000667572,-119.23531246185303,5.9999996423721313,5.1930722594261169,3.0999999940395355,3.0289644598960876
1459,35.348999977111816,35.376184701919556,-118.56400001049042,-118.63854771852493,6.4000001549720764,4.758695662021637,3,3.0548354387283325
1399,33.250800013542175,32.556030035018921,-116.08850002288818,-116.59032583236694,13.599999994039536,4.4516873359680176,3.4999999701976776,3.1030912399291992
233,35.665500044822693,35.635126352310181,-117.52383300662041,-117.50423291325569,9.2899999022483826,7.5519391894340515,4.1700000017881393,3.887632817029953
2263,34.153999999165535,33.240458309650421,-116.43400001525879,-116.57767844200134,5.4000002145767212,7.3426607251167297,3,3.0519440174102783
2142,34.312000006437302,33.838081255555153,-116.85199999809265,-117.30758208036423,6.2000003457069397,5.2631494402885437,3.2999999821186066,3.0318903923034668
1195,32.41100001335144,32.159083127975464,-117.70500001311302,-117.2525726556778,16.799999959766865,7.738153338432312,3.0999999940395355,3.0255334675312042
1025,33.037500023841858,32.444350719451904,-116.44666695594788,-116.60388159751892,5.7300004363059998,1.4075848460197449,3.1800000071525574,3.0430212914943695
51,35.978500008583069,35.828756332397461,-117.3299999833107,-117.23136085271835,2.8299996256828308,7.8644406795501709,3,3.0189150273799896
522,35.65283203125,35.47513473033905,-117.53666698932648,-117.51013365387917,7.9899998009204865,6.6916152834892273,3.4500000178813934,3.062677413225174
464,35.728168964385986,35.171121597290039,-117.59866300225258,-117.43044406175613,7.6700001955032349,5.993533730506897,3.199999988079071,3.0529394745826721
1537,33.251999974250793,32.742311716079712,-116.04900002479553,-116.30940914154053,5.4000002145767212,4.6243143081665039,3.0999999940395355,3.0363749563694
965,33.114166975021362,32.50176477432251,-116.07383298873901,-116.24730110168457,11.530000045895576,3.6790448427200317,3.5899999737739563,3.1324321031570435
1041,33.970499999821186,33.856163859367371,-118.90866702795029,-118.6550520658493,14.80999999679625,5.5261838436126709,3.2899999916553497,3.0701781213283539
1561,33.044000029563904,32.519771814346313,-116.4099999666214,-116.74708795547485,14.700000006705523,5.3477632999420166,3.199999988079071,3.0361196100711823
1910,33.803000003099442,34.075987875461578,-119.39900004863739,-119.20310509204865,10.300000011920929,5.7678312063217163,3.0999999940395355,3.0318533778190613
1270,34.195299997925758,33.973525013774633,-117.0149000287056,-117.2053689956665,11.900000050663948,4.181179404258728,3,3.0704790651798248
96,35.895166993141174,35.907835006713867,-117.6786670088768,-117.44626808166504,4.1200000047683716,8.2068340480327606,3,3.0368709862232208
2128,32.879999995231628,32.386195063591003,-117.58199998736382,-117.30178248882294,15.100000002421439,6.2862002849578857,3,3.0400731861591339
1993,35.089800000190735,35.299701690673828,-119.08650004863739,-119.30398595333099,10.799999982118607,6.5950968861579895,5.2000000029802322,4.5392789421603084
2330,35.953999996185303,35.777214050292969,-117.79399999976158,-118.10328034311533,3.7000000476837158,2.4813365936279297,3.7999999970197678,3.3372011482715607
862,33.840167000889778,33.612935274839401,-117.09683299064636,-117.12676781415939,10.840000212192535,4.3611985445022583,3.0999999940395355,3.04071906208992
1455,33.273000001907349,32.515254974365234,-116.62399995326996,-117.00174325704575,14.299999997019768,4.4501799345016479,3.5999999642372131,3.0598365962505341
2347,35.797999978065491,35.741048455238342,-118.04500000178814,-117.82767432928085,7.8000001609325409,6.2377631664276123,3.0999999940395355,3.0873190462589264
929,34.802833020687103,34.40248966217041,-116.27883303165436,-116.72323632240295,3.1400004029273987,6.9240653514862061,3.5999999642372131,3.0498138964176178
1034,34.038832999765873,34.037468958646059,-117.23866701126099,-117.30133610963821,17.639999985694885,4.0654098987579346,3.6100000441074371,3.0956388115882874
1385,33.694000005722046,33.504878371953964,-116.85769999027252,-116.87382936477661,7.5,4.6992158889770508,3.199999988079071,3.0780854523181915
1368,33.86599999666214,33.805627152323723,-119.30999994277954,-119.10137677192688,0.099999904632568359,7.20782071352005,3.199999988079071,3.0675956904888153
1876,32.735999941825867,32.194123506546021,-116.04200005531311,-116.66920793056488,1.9999998807907104,6.5052294731140137,3.6999999582767487,3.0506000518798828
1552,34.402999997138977,33.985717226751149,-119.307000041008,-118.9480584859848,13.200000040233135,6.5009397268295288,3,3.0628703534603119
2161,34.308400005102158,33.582239717245102,-116.84230005741119,-118.6280003786087,13.200000040233135,5.1116028428077698,3.6999999582767487,3.0234898030757904
727,35.725332975387573,35.664126038551331,-117.55349999666214,-117.6453991830349,0.87999969720840454,8.0353184044361115,4.9000000208616257,4.5131295248866081
1726,33.892899997532368,33.830095872282982,-117.77750000357628,-117.89423471689224,10.100000202655792,4.4059976935386658,3.5999999642372131,3.2334809303283691
1709,34.059000000357628,33.792952209711075,-116.98010003566742,-116.97049641609192,6.4000001549720764,4.3092387914657593,3.9999999850988388,3.6162654161453247
1935,35.032999992370605,34.798084616661072,-116.95799994468689,-116.98206853866577,3.8999998569488525,6.443215012550354,3.4999999701976776,3.1079616844654083
420,35.674499988555908,35.635943651199341,-117.48799902200699,-117.40778225660324,1.3099998235702515,6.4737439155578613,3.6500000059604645,3.110437273979187
2071,35.054999947547913,34.93231987953186,-119.10699999332428,-119.11846709251404,14.299999997019768,4.6619921922683716,3.3999999761581421,3.0479814112186432
1382,33.244599997997284,32.812343120574951,-116.45980000495911,-116.4475189447403,4.3000003695487976,3.0985933542251587,3.5999999642372131,3.1168606281280518
1036,35.202999949455261,35.233889222145081,-117.28083300590515,-117.26188582181931,1.6199997067451477,5.7520276308059692,3.3899999856948853,3.0514406561851501
498,35.639000058174133,35.39787745475769,-117.4913330078125,-117.51582673192024,3.1400004029273987,5.5703634023666382,4.6000000052154064,4.2187313809990883
1228,34.047499999403954,33.999335214495659,-118.94630002975464,-118.7192884683609,17.39999994635582,4.8273879289627075,3.0999999940395355,3.0612474381923676
1123,32.235999941825867,32.829741716384888,-116.02999997138977,-117.83172202110291,9.9999998509883881,5.6339603662490845,3.4999999701976776,3.0388477742671967
1639,33.934000000357628,33.838999822735786,-118.3459999859333,-118.35782822966576,14.899999997578561,2.7020412683486938,3.0999999940395355,3.0196742713451385
1934,33.527999997138977,33.167804181575775,-116.68499994277954,-116.81726837158203,12.899999991059303,5.2979403734207153,3.2999999821186066,3.0884896516799927
1225,33.196699976921082,32.60764217376709,-116.08350002765656,-116.335862159729,4.3000003695487976,6.0568857192993164,3.0999999940395355,3.0557279884815216
210,35.945168018341064,35.734354376792908,-117.70050099492073,-117.75338196754456,2.8200003504753113,9.1459138691425323,3.6400000154972076,3.1139637529850006
650,35.657333016395569,35.375289559364319,-117.44999998807907,-117.58056002855301,2.1200001239776611,5.0642502307891846,3.8999999910593033,3.4884972274303436
1448,32.984300017356873,32.497305631637573,-116.27160000801086,-116.45902395248413,15,3.3329647779464722,3.6999999582767487,3.0534982681274414
2372,33.69200000166893,33.312417209148407,-116.76499998569489,-116.86039161682129,18.099999949336052,2.7587360143661499,3.0999999940395355,3.0738175213336945
532,35.731500029563904,34.803572356700897,-117.56733301281929,-117.57950523495674,8.2899999618530273,5.1001542806625366,3.0500000417232513,3.0472962856292725
1503,35.761700034141541,35.731242656707764,-116.91369998455048,-117.14937573671341,7.4000000953674316,6.6374319791793823,3.4999999701976776,3.0434366762638092
1619,32.707599997520447,32.596969962120056,-118.21549999713898,-118.00962457805872,12.299999892711639,5.8612632751464844,3.5999999642372131,3.1591173112392426
1508,33.508300006389618,33.458172142505646,-119.00929999351501,-118.7655878663063,8.5999998450279236,6.5184035897254944,3.8999999910593033,3.104776918888092
1712,32.559000015258789,32.473041653633118,-118.70099997520447,-118.80205708742142,15,6.9743049144744873,3,3.0247539281845093
1268,33.017099976539612,32.456557154655457,-116.4407000541687,-116.60253202915192,11.799999922513962,2.3769271373748779,3.0999999940395355,3.0800739526748657
1948,35.039999961853027,34.806138575077057,-119.01800000667572,-119.14712381362915,10.999999791383743,5.7285833358764648,3.4999999701976776,3.083882600069046
761,35.628666043281555,35.855456709861755,-117.5633319914341,-117.2498015165329,3.9499998092651367,5.3485089540481567,3.2999999821186066,3.0735695958137512
632,35.909167051315308,35.025610685348511,-117.68933299183846,-117.63624981045723,8.3899998664855957,5.7035619020462036,3.6300000250339508,3.9822793900966644
2486,34.041000001132488,33.424375832080841,-116.32200002670288,-116.77829098701477,5.6999999284744263,6.810033917427063,3.5999999642372131,3.1363479495048523
2463,34.598999977111816,33.895668022334576,-116.22500002384186,-116.21466255187988,0,9.2245852947235107,3.0999999940395355,3.0111863315105438
809,35.675832986831665,35.30831503868103,-117.48533302545547,-117.4796057343483,8.5300000011920929,5.653722882270813,4.3399999961256981,4.145318940281868
1330,34.783999979496002,34.571387469768524,-118.62900000810623,-118.578040599823,4.7999998927116394,5.6323698163032532,3,3.0454234778881073
1260,33.973600000143051,33.933559231460094,-118.45570001006126,-118.42449903488159,16.600000038743019,2.8360828757286072,3,3.0418092012405396
298,35.607833981513977,35.542302131652832,-117.38749700784683,-117.27861893177032,2.330000102519989,5.8094152808189392,3,3.1071789264678955
2195,33.480000019073486,33.234408795833588,-116.51020002365112,-116.77685952186584,18.400000110268593,1.7086726427078247,3.7999999970197678,3.2084286510944366
521,35.740501046180725,35.525616407394409,-117.56516999006271,-117.47598189115524,2.0999997854232788,7.8727443516254425,3.199999988079071,3.1017500460147858
937,33.495832979679108,33.368782579898834,-116.80833303928375,-116.9724258184433,2.6199996471405029,4.920228123664856,3.4500000178813934,3.0842214524745941
856,32.83916699886322,32.646454334259033,-118.4753330051899,-117.88056061416864,7.5600001215934753,6.6777026653289795,3.4999999701976776,3.0389116108417511
1896,33.25,32.483254671096802,-116.12300002574921,-116.64109396934509,8.8000001013278961,2.6711708307266235,3,3.0618765950202942
1888,33.249000012874603,32.345569133758545,-116.12800002098083,-116.29101049900055,3.099999725818634,3.0353629589080811,3,3.0510165989398956
1285,35.760900020599365,35.645719766616821,-117.59409999847412,-117.59658694267273,12.199999988079071,7.836567610502243,3,3.037837028503418
237,35.871497988700867,35.878751873970032,-117.68416601419449,-117.88748729228973,2.7399998903274536,9.9406743049621582,3.5600000023841858,3.0766314268112183
109,35.99733304977417,35.954478740692139,-117.40883302688599,-117.32062739133835,-0.39999961853027344,8.4793590009212494,3.4999999701976776,3.0638469457626343
1777,32.654700040817261,32.256774425506592,-116.16509997844696,-116.48924136161804,9.9999998509883881,5.9158381819725037,3.8999999910593033,3.2035396993160248
1486,34.030999999493361,33.866220042109489,-118.93699997663498,-118.75849729776382,2.9999998211860657,4.0824669599533081,3.2999999821186066,3.0957643389701843
387,35.447167038917542,35.438305258750916,-117.32700002193451,-117.23969823122025,3.9999997615814209,5.4155221581459045,3.5400000214576721,3.0938650667667389
252,35.901669025421143,35.777682542800903,-117.71816998720169,-117.80562415719032,2.2999995946884155,8.4921321272850037,3.0999999940395355,3.0537461042404175
1404,34.002000000094995,33.583475679159164,-116.33700001239777,-116.67535138130188,4.8999997973442078,4.6401017904281616,3,3.0478096604347229
1578,34.019999999552965,33.764807760715485,-117.18099999427795,-117.19721055030823,7.8000001609325409,4.3109750747680664,3,3.0242072939872742
1925,34.239999994635582,33.996885436354205,-117.45200002193451,-116.87717890739441,13.200000040233135,5.1913189888000488,3,3.0354392230510712
620,35.832831978797913,35.368635535240173,-117.66816699504852,-117.57466623187065,1.5400001406669617,6.8067902326583862,3.4799999892711639,3.1236539483070374
1651,33.25,32.592750310897827,-116.43400001525879,-116.82331013679504,3.7999999523162842,2.3355942964553833,3,3.0327557623386383
695,35.659667015075684,34.045327946543694,-117.48533302545547,-117.89558958262205,5.2000004053115845,4.5769098401069641,3.7999999970197678,3.3514267802238464
2170,33.745000004768372,32.780393600463867,-116.02100002765656,-116.42049670219421,10.999999791383743,7.1564206480979919,3.199999988079071,3.0744559764862061
670,35.613667011260986,34.894320785999298,-117.43300002813339,-117.69461399316788,9.8000000417232513,4.6582907438278198,3.8400000035762787,3.1688462197780609
1620,35.401999950408936,35.412781238555908,-117.43300002813339,-117.59481608867645,0.60000032186508179,2.832450270652771,3.3999999761581421,3.0854576826095581
678,35.613999962806702,34.353886306285858,-117.4453330039978,-117.76212382316589,5.899999737739563,5.4179263114929199,3.3899999856948853,3.4591315984725952
2052,34.294999986886978,33.931828066706657,-116.87699997425079,-117.03212130069733,5.6000000238418579,4.6863985061645508,3.0999999940395355,3.0430481135845184
367,35.628833055496216,35.674331545829773,-117.45883297920227,-117.41836112737656,2.6799997687339783,7.4336814880371094,3.0299999713897705,3.0635981261730194
2002,34.801999986171722,34.555755198001862,-116.25800001621246,-116.37775278091431,7.3000001907348633,7.272942066192627,3.3999999761581421,3.0269221365451813
1828,34.204600006341934,34.147461593151093,-118.57639998197556,-118.43537911772728,17.899999916553497,1.786293089389801,3,3.0211329460144043
618,35.707499980926514,34.740328133106232,-117.51116698980331,-117.60390365123749,2.2499996423721313,6.6925603151321411,3.2999999821186066,3.6293191909790039
528,35.670501947402954,34.781115651130676,-117.49299597740173,-117.62043818831444,1.3499996066093445,4.3590044975280762,3.5999999642372131,3.0916264057159424
907,32.734833002090454,32.394241809844971,-118.30083298683167,-118.3954284787178,10.449999868869781,5.4056078195571899,3,3.0268154740333557
1011,33.582500010728836,33.176007270812988,-116.63766694068909,-116.62249255180359,14.259999990463257,2.0949098467826843,3.199999988079071,3.0365468859672546
1927,35.126999974250793,34.881551444530487,-117.55700001120567,-117.76347920298576,0,5.3569650650024414,3.6999999582767487,3.1631089746952057
2225,35.654000043869019,35.746594309806824,-118.02800000086427,-118.06577029824257,7.5999999046325684,6.8844509124755859,3,3.1178277432918549
2528,34.583999991416931,33.353153884410858,-116.26199996471405,-116.5501697063446,0.60000032186508179,10.477905124425888,3,3.0374785959720612
1744,35.884500026702881,35.636821746826172,-116.97909998893738,-117.01328241825104,9.9999998509883881,5.7995492219924927,3.3999999761581421,3.0319988429546356
1187,33.919100001454353,33.693819046020508,-118.76340001821518,-118.4804413318634,14.899999997578561,3.8063174486160278,3.2999999821186066,3.0955873131752014
1421,32.907699942588806,32.515029907226562,-116.40139997005463,-116.8562753200531,23.100000321865082,2.6871049404144287,3.0999999940395355,3.0770536959171295
100,35.619500041007996,35.762847423553467,-117.45033299922943,-117.18038201332092,3.0899995565414429,6.0659176111221313,3.3400000333786011,3.0509541034698486
999,34.969833016395569,34.825535595417023,-117.42716699838638,-117.54773017764091,1.8399998545646667,5.1578539609909058,3.4300000369548798,3.1229232251644135
261,35.956001043319702,35.614660859107971,-117.67783400416374,-117.66510912775993,0.76000034809112549,7.254970371723175,3.6999999582767487,3.1400627195835114
748,35.692664980888367,35.711405277252197,-117.4909970164299,-117.48316425085068,7.0400002598762512,4.9835944175720215,3.0900000035762787,3.0780048072338104
1811,34.246900007128716,34.230129480361938,-118.65759998559952,-118.51901960372925,8.099999874830246,2.8874284029006958,4.5,4.0615283399820328
2012,33.869000002741814,33.670077800750732,-118.73299998044968,-118.69441914558411,0,4.5133423805236816,3.5999999642372131,3.0966866612434387
179,35.672000050544739,35.606361389160156,-117.41250002384186,-117.33383452892303,8.5400001704692841,6.6070479154586792,3.7999999970197678,3.1913943886756897
1748,35.480000019073486,35.489181756973267,-118.43000000715256,-118.57324439287186,9.5999997854232788,4.2772829532623291,3.2999999821186066,3.056134432554245
782,35.669167041778564,35.823681473731995,-117.51883700489998,-117.44923955202103,2.0399996638298035,6.1999154090881348,3.4199999570846558,3.1245028674602509
1304,33.685999989509583,33.626255363225937,-119.12999999523163,-118.97267359495163,10.700000077486038,5.1091611385345459,3.0999999940395355,3.0423601269721985
2013,34.150000005960464,33.894092254340649,-116.98199999332428,-117.01476103067398,11.499999985098839,4.2214635014533997,3.6999999582767487,3.1223815083503723
1185,33.664600014686584,33.860667198896408,-118.27169999480247,-118.3087620139122,10.700000077486038,2.8773486614227295,3.2999999821186066,3.0444111227989197
2291,34.043999999761581,33.699059575796127,-117.25,-117.35389000177383,15.700000002980232,4.5983585715293884,3,3.0490306913852692
291,35.545833945274353,35.409826159477234,-117.37850201129913,-117.29926186800003,2.0200002193450928,5.361143946647644,3.3999999761581421,3.2471176385879517
141,35.651999950408936,35.81777036190033,-117.49183297157288,-117.2202033996582,8.7200000882148743,7.3134666681289673,3.4699999988079071,3.0609046518802643
1098,34.691999971866608,34.500229775905609,-116.23683297634125,-116.37740850448608,2.369999885559082,6.5339139103889465,3.6500000059604645,3.1151313185691833
1055,35.989667057991028,35.811862707138062,-117.9213330000639,-117.95732671394944,4.2500004172325134,6.8739017844200134,3.0800000131130219,3.0391657054424286
1513,33.970799999311566,33.40465784072876,-116.4186999797821,-116.51355004310608,10.899999886751175,5.6277143955230713,4.0999999791383743,3.4794273376464844
1370,33.38239997625351,32.993040204048157,-116.26699995994568,-116.22502362728119,12.499999925494194,2.8109300136566162,3.3999999761581421,3.0649638175964355
930,34.941999971866608,34.667425692081451,-116.65866696834564,-116.51292979717255,8.1799998879432678,5.0498628616333008,3.0999999940395355,3.0224915742874146
1879,33.175999999046326,32.361748814582825,-116.04299998283386,-116.14315950870514,12.899999991059303,2.7303439378738403,3.5999999642372131,3.0977411270141602
1177,35.898599982261658,35.70550799369812,-117.98849999997765,-118.2832718193531,12.800000086426735,4.6159690618515015,3.199999988079071,3.0607063472270966
840,35.621500015258789,34.372085869312286,-117.57820001244545,-117.92020488530397,9.700000137090683,4.335637092590332,3.4999999701976776,3.3570272326469421
354,35.791668057441711,35.699825167655945,-117.59349799156189,-117.46246427297592,6.9800001382827759,6.0715842247009277,3.5999999642372131,3.3218994140625
1244,33.919699996709824,33.450652241706848,-116.35199999809265,-116.32303094863892,14.19999998062849,3.4339052438735962,3,3.0415797829627991
1808,35.258000016212463,35.287211179733276,-118.58700001239777,-118.91970777511597,5.6999999284744263,1.0771241784095764,3,3.0729659199714661
247,35.945667028427124,35.766387343406677,-117.68266299366951,-117.62502726912498,3.4099996089935303,9.2076306045055389,3.0299999713897705,3.0451361238956451
2059,33.940999999642372,33.899573266506195,-116.9889999628067,-117.1890515089035,8.9999999105930328,3.991299569606781,3.3999999761581421,3.0577337443828583
986,34.086667001247406,34.059895556420088,-118.47566699981689,-118.24961458146572,10.479999929666519,3.1604361534118652,3.6100000441074371,3.085526168346405
1706,33.671000003814697,33.480744421482086,-116.71399998664856,-117.03827852010727,16.500000022351742,4.7514519095420837,3,3.0183596312999725
1078,34.364167004823685,34.187148526310921,-118.6446670293808,-118.46149244904518,10.769999921321869,5.509827733039856,3.0800000131130219,3.0263977646827698
2164,34.270500004291534,33.928308978676796,-116.90629994869232,-117.0820769071579,1.1999997496604919,6.5044677257537842,5.2000000029802322,4.3726727887988091
2458,35.743000030517578,35.87143874168396,-117.61199998855591,-117.76390489935875,2.7000001072883606,4.8138400912284851,3.0999999940395355,3.0663445293903351
29,35.605167031288147,35.856730341911316,-117.40750002861023,-117.05301803350449,9.0900000929832458,8.0385272204875946,3.9200000166893005,3.4781919121742249
786,35.708832025527954,35.917437314987183,-117.47716498374939,-117.35379254817963,0.19999980926513672,6.0480058193206787,3.3999999761581421,3.1516271531581879
544,35.883499026298523,34.841718137264252,-117.72183200716972,-117.86870785057545,4.6700003743171692,6.7520749568939209,3.199999988079071,3.0278533101081848
1125,34.080399997532368,33.946528885513544,-117.44800001382828,-117.37267047166824,11.40000008046627,4.4394448399543762,3.8999999910593033,3.6152707636356354
1738,34.021999999880791,33.898198783397675,-117.14300000667572,-117.43602532148361,5.899999737739563,4.2332115769386292,3.199999988079071,3.0815309286117554
582,35.662166953086853,34.911511480808258,-117.42533302307129,-117.69898223876953,3.5100004076957703,6.6363599896430969,3.2999999821186066,3.0558841824531555
1223,35.430899977684021,35.51463794708252,-118.4995000064373,-118.78718203306198,2.0999997854232788,5.4049926996231079,4.0999999791383743,3.6728857755661011
1872,33.276099979877472,32.579587936401367,-116.05920004844666,-116.2652645111084,7.2000002861022949,4.1231784224510193,3.8999999910593033,3.1808480322360992
507,35.804165005683899,35.267353296279907,-117.62816599011421,-117.59780326485634,1.9299995899200439,6.4968162775039673,3.0999999940395355,3.0443509519100189
509,35.601832985877991,35.561506390571594,-117.39550000429153,-117.12973618507385,7.3899999260902405,6.6797572374343872,3.0800000131130219,3.0551548898220062
480,35.799998998641968,35.376777648925781,-117.63150000572205,-117.6595162153244,3.2099997997283936,6.645348072052002,3.5999999642372131,3.0370676815509796
1364,34.089000001549721,33.690488815307617,-116.39199995994568,-116.67433106899261,10.799999982118607,4.9090397357940674,3.0999999940395355,3.054701954126358
581,35.708500027656555,35.180464029312134,-117.36816400289536,-117.73655334115028,1.3099998235702515,5.793607234954834,3.3999999761581421,3.0460825860500336
707,35.910666942596436,34.438703596591949,-117.73166701197624,-117.94728272035718,8.1599999964237213,4.649413526058197,4.0899999886751175,3.3830614686012268
332,35.759498953819275,35.434513807296753,-117.57250198721886,-117.50261035561562,6.2500002980232239,4.6246397495269775,3.1199999749660492,3.0366018712520599
1920,34.24099999666214,34.143417835235596,-119.80999994277954,-119.71010589599609,7.9000000655651093,7.6943282783031464,3.199999988079071,3.0722776651382446
1829,34.021999999880791,34.044173579663038,-119.29200005531311,-119.1363240480423,0.099999904632568359,5.1179784536361694,3,3.0425241887569427
486,35.666668057441711,35.231003999710083,-117.30200201272964,-118.34686920046806,-0.8199995756149292,8.8466861844062805,3,3.0442130863666534
1427,34.519999980926514,34.210212096571922,-118.79900002479553,-118.82753413915634,16.600000038743019,6.5126752853393555,3,3.0544742345809937
1860,32.77400004863739,32.442821025848389,-116.10899996757507,-116.84951543807983,6.9999995827674866,4.6383905410766602,3,3.0622705221176147
2355,34.196999996900558,34.048822641372681,-117.44300001859665,-117.70936954021454,10.100000202655792,4.5165932178497314,3.7999999970197678,3.1125791966915131
353,35.597668051719666,35.439629554748535,-117.40466302633286,-117.34085148572922,6.0900002717971802,6.3710331916809082,3.199999988079071,3.074773371219635
2106,33.316999971866608,32.484462976455688,-116.36000001430511,-116.31246817111969,14.599999990314245,1.497935950756073,3.0999999940395355,3.162790060043335
208,35.868332028388977,35.744731307029724,-117.70616900920868,-117.76582388579845,3.9100000262260437,8.9778412878513336,3.0500000417232513,3.0686085820198059
1293,32.893599987030029,32.454707980155945,-116.21370005607605,-116.46402311325073,13.200000040233135,2.5265103578567505,3.0999999940395355,3.1129835844039917
414,35.816334009170532,35.571025967597961,-117.6336669921875,-117.49077159166336,6.3799998164176941,7.5523553788661957,3.0299999713897705,3.0286408960819244
1386,33.509499996900558,33.550214290618896,-117.73359999060631,-117.75447414815426,1.600000262260437,4.5442914962768555,3.2999999821186066,3.2505185008049011
1379,34.947899997234344,34.775133550167084,-116.71560001373291,-116.73512482643127,13.700000010430813,4.5574173331260681,3.199999988079071,3.0347916483879089
2166,34.89300000667572,34.694953083992004,-119.36199998855591,-119.38206362724304,11.900000050663948,3.3767643570899963,3.3999999761581421,3.0394989252090454
530,35.6875,35.505713105201721,-117.48199999332428,-117.69939237833023,8.410000205039978,7.5360511243343353,3.3999999761581421,3.0854671597480774
1251,35.01639997959137,34.917780578136444,-119.10749995708466,-119.09403491020203,16.299999989569187,5.5256643891334534,3.5999999642372131,3.1721059083938599
1083,33.676499992609024,33.733637511730194,-118.05350000038743,-118.16538533568382,15,3.2380244135856628,3.1899999976158142,3.0979467630386353
2001,33.305999994277954,33.17948842048645,-116.85199999809265,-116.86565518379211,13.200000040233135,2.1692946553230286,3.6999999582767487,3.157187819480896
1761,35.48199999332428,35.308684349060059,-119.33700001239777,-119.04795110225677,30.099999904632568,3.2441416382789612,3,3.0478320121765137
1681,35.976999998092651,35.800255537033081,-117.30900001525879,-117.25710833072662,1.1999997496604919,8.3137710392475128,3.2999999821186066,3.0330938994884491
445,35.924834966659546,34.293093055486679,-117.70266699790955,-117.65624564886093,1.1200001835823059,4.605594277381897,3.4999999701976776,3.1371429562568665
199,35.750831961631775,35.686799287796021,-117.56833699345589,-117.51290395855904,4.4699996709823608,7.4551686644554138,3.199999988079071,3.0620010495185852
229,35.6163330078125,35.506951570510864,-117.43833202123642,-117.45860755443573,7.6499998569488525,6.1377453804016113,3.2600000202655792,3.0613741278648376
1582,34.007000000216067,33.918612003326416,-117.19099998474121,-117.0921316742897,8.099999874830246,4.3555882573127747,3.2999999821186066,3.0630145668983459
527,35.686000943183899,35.725352764129639,-117.48149901628494,-117.29048442840576,6.8300002813339233,6.8595680594444275,3.1800000071525574,3.045493483543396
1029,33.47316700220108,32.696704983711243,-116.4650000333786,-116.79879927635193,7.5300000607967377,3.2430025935173035,3,3.0590386390686035
1564,33.15200001001358,32.886471748352051,-116.4559999704361,-117.15713828802109,9.700000137090683,5.2380591630935669,3.4999999701976776,3.0315945446491241
1557,32.723000049591064,32.121975898742676,-116.04799997806549,-116.9441727399826,3.1999996304512024,2.5937256217002869,3.0999999940395355,3.0623945295810699
2123,33.699200004339218,33.63444721698761,-116.06700003147125,-116.76922810077667,8.1999997794628143,4.0434238314628601,3.8999999910593033,3.484222948551178
315,35.868332028388977,35.424262523651123,-117.69883000850677,-117.96748071536422,3.1999996304512024,7.7578555047512054,3.2999999821186066,3.041382908821106
1391,33.840000003576279,33.349110424518585,-116.15880000591278,-116.43424952030182,0.70000022649765015,6.0402238368988037,3.4999999701976776,3.0578495264053345
2189,34.382999986410141,33.712079405784607,-116.4650000333786,-116.39421272277832,3.099999725818634,7.8188721835613251,3.3999999761581421,3.0236689746379852
973,33.150166988372803,32.780299305915833,-116.47950005531311,-116.51329743862152,11.379999965429306,3.9132982492446899,3.5699999928474426,3.2459811866283417
69,35.516332983970642,35.694695591926575,-117.41466701030731,-117.15669882297516,8.1700001657009125,6.4190518856048584,3.0999999940395355,3.0295312106609344
1299,33.005999982357025,32.680176973342896,-116.98500001430511,-117.43895727396011,9.9999998509883881,4.2026567459106445,3.4999999701976776,3.0415543019771576
1114,33.791999995708466,33.243593692779541,-116.10333299636841,-116.50826621055603,6.6200003027915955,7.3960554599761963,3.0099999904632568,3.0403129756450653
1303,34.00899999961257,33.834692493081093,-117.17199999094009,-117.21784961223602,4.400000274181366,4.2084252834320068,3,3.0466727614402771
1964,34.847000002861023,34.402567505836487,-116.31299996376038,-116.30687761306763,2.4000003933906555,8.0325378477573395,3.4999999701976776,3.0432137846946716
902,35.391332983970642,35.55723774433136,-118.54433298110962,-118.82934147119522,4.6399998664855957,0.82829564809799194,3.0999999940395355,3.088131308555603
435,35.896499991416931,35.814414262771606,-117.73416900634766,-117.8650409579277,1.7600002884864807,3.5975092649459839,4.0999999791383743,3.3777431845664978
1080,34.674499988555908,34.657198250293732,-117.48049998283386,-117.70958799123764,7.3299998044967651,4.6411317586898804,3.199999988079071,3.0500814914703369
1014,34.227166995406151,33.844429582357407,-116.74300003051758,-116.84296417236328,0.5699998140335083,4.8846441507339478,3.5799999833106995,3.0689445734024048
231,35.671332955360413,35.857227325439453,-117.45649999380112,-118.09449821710587,5.0800001621246338,9.9712461233139038,3.1399999558925629,3.058813065290451
482,35.874168038368225,35.419349670410156,-117.72366300225258,-117.5832496881485,6.6899996995925903,6.5376591682434082,3.0999999940395355,3.0447984337806702
2156,34.312999993562698,33.894159950315952,-116.85099995136261,-116.9068546295166,5.7999998331069946,5.5723240971565247,3.199999988079071,3.0272195935249329
2223,35.715000033378601,35.604451894760132,-118.06800000369549,-118.03084777481854,3.1999996304512024,6.3488906621932983,3.3999999761581421,3.0475736260414124
741,35.749832987785339,34.571063637733459,-117.56949999928474,-118.07643742859364,4.2800000309944153,5.2587684988975525,3,3.0411201417446136
407,35.845832943916321,35.478508472442627,-117.66366600990295,-117.37211000919342,8.1499998271465302,6.526903510093689,3.199999988079071,3.0381050705909729
2258,34.086000002920628,33.462763071060181,-116.67499995231628,-116.99425089359283,9.3000000715255737,5.5723553895950317,3.6999999582767487,3.1134470701217651
1102,33.958500001579523,33.731216102838516,-116.88833296298981,-117.06502032279968,16.669999994337559,4.6110892295837402,4.3900000043213367,4.2653660550713539
621,35.872666954994202,35.406765460968018,-117.67466700077057,-117.26149088144302,8.6700001358985901,6.3759666681289673,3.2600000202655792,3.1103808581829071
443,35.8211669921875,35.801044583320618,-117.63049998879433,-117.98342442512512,11.239999830722809,9.4935813546180725,3.1899999976158142,3.0477426052093506
2159,34.312000006437302,33.877570606768131,-116.85000002384186,-116.97327470779419,4.7999998927116394,6.1903586983680725,3.199999988079071,3.0954079627990723
2360,33.355000019073486,32.708083748817444,-116.21700000762939,-116.65596079826355,9.2000001668930054,1.8560698628425598,3.4999999701976776,3.1145251393318176
279,35.743831992149353,35.719638109207153,-117.56466698646545,-117.33138298988342,7.0400002598762512,7.3900634050369263,3.0399999618530273,3.0685597658157349
2442,34.039000000804663,33.645145207643509,-116.9559999704361,-117.1440212726593,14.799999995157123,4.6630418300628662,3.199999988079071,3.0453797578811646
440,35.646332025527954,35.563259243965149,-117.46516400575638,-117.4934646487236,-0.19999980926513672,6.5996325016021729,3.679999977350235,3.3379072844982147
2021,35.032999992370605,35.086987018585205,-116.91199994087219,-116.79541277885437,4.7999998927116394,5.5656766891479492,3.6999999582767487,3.1169045269489288
479,35.615501046180725,35.368112802505493,-117.58466300368309,-117.66471001505852,9.9100001156330109,7.8016461431980133,3.4999999701976776,3.1814927458763123
1204,35.398100018501282,35.47175669670105,-118.51630002260208,-118.62006402015686,11.900000050663948,3.2751721143722534,3.8999999910593033,3.1585306227207184
322,35.91700005531311,35.802645921707153,-117.70933499932289,-117.82965749502182,1.419999897480011,5.7853889465332031,3.2199999690055847,3.0842766165733337
2174,35.148900032043457,35.554625034332275,-118.76639997959137,-118.93845283985138,5.6000000238418579,4.0332797169685364,4.3999999947845936,3.2451880574226379
1556,32.662999987602234,32.239913821220398,-116.00999999046326,-116.71300554275513,13.200000040233135,4.6467697620391846,3.199999988079071,3.0628178715705872
478,35.898000001907349,35.819759607315063,-117.72716701030731,-117.75472483038902,3.9499998092651367,8.1698897480964661,4.9000000208616257,3.8145056068897247
651,35.680500030517578,35.432461261749268,-117.47033298015594,-117.51956588029861,6.849999725818634,5.9024208784103394,4.260000005364418,3.2869877815246582
836,35.726667046546936,34.062951780855656,-117.52883300185204,-117.91323871910572,1.9700002670288086,4.5981591939926147,3.2999999821186066,3.1419567167758942
1362,35.53600001335144,35.603900074958801,-118.4040000140667,-118.19909465312958,1.2999996542930603,7.5521077215671539,3.0999999940395355,3.0341367423534393
408,35.901669025421143,35.695082664489746,-117.73583200573921,-117.41885775327682,2.3400002717971802,7.0860680937767029,3.4600000083446503,3.046899139881134
2297,32.488999962806702,32.169355392456055,-116.29799997806549,-116.83224987983704,9.8999999463558197,3.8091552257537842,3.3999999761581421,3.067661851644516
2366,33.314999997615814,32.818409562110901,-116.41499996185303,-116.68919992446899,13.999999947845936,1.263386607170105,3.0999999940395355,3.1048030257225037
2033,32.287999987602234,32.261098623275757,-116.64100003242493,-116.76825928688049,14.700000006705523,2.2882792353630066,3.0999999940395355,3.0335564911365509
1803,32.71780002117157,32.561785459518433,-117.40700000524521,-117.03281396627426,9.9999998509883881,6.5535718202590942,3.8999999910593033,3.1215586066246033
829,35.690834045410156,35.631774663925171,-117.53916901350021,-117.33447581529617,0.1600000262260437,5.9695333242416382,3.3999999761581421,3.0662208795547485
1071,33.449333012104034,34.508030295372009,-116.45050001144409,-118.10915313661098,11.909999996423721,4.0006041526794434,3.199999988079071,3.941924661397934
1338,34.368000000715256,34.195212915539742,-117.17900002002716,-117.3886182308197,7.5999999046325684,3.9311295747756958,3.3999999761581421,3.0771061778068542
2386,34.671999990940094,34.575272858142853,-116.26699995994568,-116.4503082036972,5.6000000238418579,8.0449855327606201,3,3.0265137255191803
2320,35.950000047683716,35.879339456558228,-117.87000000476837,-117.74836379289627,1.9999998807907104,8.1620308756828308,3.199999988079071,3.0699475407600403
149,35.785333037376404,35.890470504760742,-117.62533301115036,-117.2713760137558,6.1500003933906555,7.8234247863292694,3.8099999874830246,3.1355749368667603
1231,33.890799999237061,33.799318492412567,-117.95800000056624,-117.95182237029076,14.299999997019768,4.4050204753875732,3.3999999761581421,3.0266275405883789
802,35.708667039871216,35.349695086479187,-117.5541670024395,-117.52033463120461,1.1599999666213989,5.0831151008605957,4.2100000083446503,4.2647330760955811
978,33.931332997977734,33.974140401929617,-118.30199998617172,-118.27656623721123,11.940000057220459,2.9799467325210571,3.0999999940395355,3.0160169005393982
1089,34.694666981697083,34.414919406175613,-116.23683297634125,-116.15513062477112,2.4599996209144592,6.4766478538513184,3.4799999892711639,3.0437586307525635
495,35.922669053077698,35.698618054389954,-117.71150198578835,-117.58085164427757,1.8399998545646667,7.250194251537323,3.1199999749660492,3.0809109807014465
450,35.61083197593689,35.331812977790833,-117.38116502761841,-117.44155812263489,-0.83000063896179199,6.0303622484207153,3.7999999970197678,3.1547309160232544
657,35.897166967391968,34.160192459821701,-117.73050001263618,-117.75865870714188,9.8399998247623444,4.296269416809082,3.2899999916553497,3.0621723532676697
1422,34.720000028610229,34.525772273540497,-116.02799999713898,-116.25397670269012,7.5999999046325684,8.6317858099937439,3.3999999761581421,3.099835216999054
637,35.578333020210266,34.850083351135254,-117.37416702508926,-117.69554248452187,6.3500002026557922,5.8817732334136963,3.9999999850988388,3.4745001196861267
163,35.621166944503784,35.68828010559082,-117.43449997901917,-117.31952953338623,7.720000147819519,6.6770178079605103,3.2999999821186066,3.0605523884296417
402,35.686000943183899,35.572475552558899,-117.5456700026989,-117.74366331100464,2.9300004243850708,7.6550236344337463,3.2999999821186066,3.0860969424247742
2162,34.272300004959106,33.964098360389471,-116.87039995193481,-117.34803974628448,4.400000274181366,5.4190850257873535,4.2999999895691872,3.1202719509601593
1830,33.365000009536743,32.797142267227173,-116.38699996471405,-116.62125015258789,9.3999999761581421,3.4818094968795776,3,3.0710166692733765
1766,34.3091000020504,33.953159838914871,-116.8507000207901,-117.04997134208679,12.999999895691872,4.3131154775619507,3.6999999582767487,3.1722543239593506
2037,32.713000059127808,32.41863226890564,-116.04499995708466,-116.83646559715271,3.5000002384185791,5.3389585018157959,3.2999999821186066,3.0298570096492767
879,34.707499980926514,34.385464817285538,-116.2861670255661,-116.47460508346558,2.1999996900558472,7.5960592925548553,3.4600000083446503,3.0175621211528778
866,33.314999997615814,32.953238725662231,-116.41983294487,-116.34517967700958,8.2099999487400055,1.9231197237968445,3.3099999725818634,3.0407678782939911
2153,34.268599987030029,33.890529938042164,-116.84710001945496,-117.17496502399445,4.1999995708465576,4.9985978007316589,4.0999999791383743,3.2887011766433716
1641,34.428799986839294,34.233782351016998,-119.16279995441437,-119.14221262931824,8.3000001311302185,1.3464787602424622,4.0999999791383743,3.2313430309295654
49,33.891332998871803,33.91345276683569,-118.21850000321865,-118.26338189840317,23.630000352859497,3.8482296466827393,3.5400000214576721,3.0407456159591675
67,35.702999949455261,35.836948037147522,-117.58866700530052,-117.21602237224579,7.1000003814697266,7.9455086588859558,3.4699999988079071,3.2021715044975281
1512,33.373000025749207,33.052722930908203,-116.41299998760223,-116.58626842498779,9.8000000417232513,4.8863893747329712,3.3999999761581421,3.032654196023941
1414,32.907400012016296,32.382346510887146,-116.31270003318787,-116.29103982448578,17.199999913573265,1.2422186136245728,3,3.0784844756126404
881,32.799000024795532,32.520389318466187,-118.33666700124741,-118.22798551619053,8.7099999189376831,6.194690465927124,3,3.0347859263420105
48,33.892667002975941,33.389336407184601,-116.630499958992,-116.75191020965576,14.930000002495944,4.8788970708847046,3.0399999618530273,3.0384388267993927
765,35.773499011993408,35.556454539299011,-117.61499801278114,-117.53907090425491,0.22000014781951904,8.7162593007087708,3.2099999785423279,3.4541058540344238
841,35.742166996002197,34.382342487573624,-117.55316698551178,-117.75508154928684,4.1499996185302734,4.1084271669387817,4.0999999791383743,3.3522349298000336
839,35.684200048446655,34.416934251785278,-117.49949997663498,-117.74281418323517,10.200000107288361,4.267023503780365,3.6999999582767487,3.462886244058609
1061,35.611667037010193,35.805729866027832,-116.29866695404053,-116.43011498451233,3.099999725818634,5.181153416633606,3,3.0181958377361298
124,35.626167058944702,35.793289422988892,-117.42816698551178,-117.02965050935745,5.1499995589256287,8.2755482196807861,4.0999999791383743,3.6669997572898865
647,35.902500033378601,34.259054780006409,-117.68999999761581,-117.7941398024559,0.50000041723251343,4.348980188369751,4.1999999955296516,3.7983040809631348
1961,32.588000059127808,32.517552375793457,-118.10999999940395,-118.09630961716175,18.000000044703484,6.6077542304992676,3.5999999642372131,3.1910033226013184
1186,34.333299994468689,34.003417652565986,-116.82910001277924,-117.01732432842255,7.9000000655651093,4.3943595886230469,3.6999999582767487,3.0592491924762726
1090,34.609833002090454,34.50051349401474,-116.62883305549622,-116.7159423828125,6.6999998688697815,4.9336659908294678,4.3100000023841858,4.2077848389744759
2434,32.27400004863739,32.034716844558716,-117.733000010252,-117.41543638706207,5.9999996423721313,9.8046930134296417,3,3.0524480044841766
25,32.94350004196167,32.681364297866821,-117.54899999499321,-117.42105454206467,15.109999997075647,6.2289261817932129,3.199999988079071,3.0357209444046021
2428,33.964999999850988,33.91766856610775,-118.4370000064373,-118.39917314052582,9.0999998152256012,1.8109846115112305,3.2999999821186066,3.0653507709503174
572,35.669998049736023,34.585429668426514,-117.51633501052856,-117.5560839176178,1.6899999976158142,5.0527310371398926,3.0600000321865082,3.0354945659637451
821,35.672333002090454,35.643343329429626,-117.56099998950958,-117.36568510532379,6.9099998474121094,5.7379773259162903,3.3999999761581421,3.1035281717777252
1987,33.79899999499321,33.733396828174591,-118.62999999523163,-118.54804229736328,4.3000003695487976,3.8324850797653198,3.2999999821186066,3.0285972654819489
1627,34.141000002622604,34.198326006531715,-117.4879999756813,-117.56634646654129,3.8999998569488525,4.2398598790168762,3.2999999821186066,3.080087274312973
2194,34.735499978065491,34.494817018508911,-116.29180002212524,-116.30817854404449,4.6000000834465027,9.6370884776115417,3.9999999850988388,3.7646993547677994
1550,35.955899953842163,35.827319383621216,-117.30930000543594,-117.04814565181732,6.6999998688697815,7.5763271749019623,3.6999999582767487,3.129064679145813
518,35.903998970985413,35.283069610595703,-117.75316600501537,-117.75730563700199,5.2400001883506775,6.8668940663337708,3.2400000393390656,3.0317234694957733
2448,34.856000006198883,34.624250769615173,-116.4539999961853,-116.61196374893188,4.8999997973442078,8.0198965966701508,3.7999999970197678,3.1184020042419434
1178,33.79389999806881,33.545237928628922,-116.96249997615814,-117.02447384595871,18.000000044703484,4.5684966444969177,3,3.0381525456905365
361,35.820332050323486,35.733749508857727,-117.65866899490356,-117.62936505675316,5.8399996161460876,7.8381291031837463,3.5999999642372131,3.1459507942199707
1615,34.112999998033047,33.833106085658073,-116.91400003433228,-117.16073346138,9.8000000417232513,4.4868171215057373,3.199999988079071,3.0593731105327606
1825,32.690099954605103,32.172438859939575,-116.03090000152588,-116.36441469192505,11.799999922513962,4.690977931022644,3.2999999821186066,3.041360467672348
1199,33.491199970245361,33.058959066867828,-116.50890004634857,-116.40532541275024,18.099999949336052,2.6655283570289612,3,3.0429553985595703
1891,35.519999980926514,35.611185312271118,-116.42599999904633,-116.47365045547485,5.9999996423721313,5.726381242275238,3.3999999761581421,3.0639885663986206
1689,35.978000044822693,35.758680105209351,-117.31300002336502,-117.36740851402283,1.9999998807907104,7.8837056457996368,3.0999999940395355,3.0495244860649109
2482,34.89300000667572,34.325176060199738,-116.37199997901917,-116.39107251167297,5.0999996066093445,9.6054115891456604,3.0999999940395355,3.0297131538391113
1984,34.802999973297119,34.377477496862411,-116.27799999713898,-116.51538360118866,6.4000001549720764,7.6014094054698944,3.199999988079071,3.0336948037147522
1614,33.263899981975555,32.472821474075317,-116.01979994773865,-116.32636833190918,8.8000001013278961,4.8902490735054016,3.5999999642372131,3.0665772557258606
1105,34.190999999642372,34.240853980183601,-117.41316699981689,-117.63630378246307,6.9800001382827759,4.3688321113586426,4.3999999947845936,3.8260252922773361
2218,34.103000000119209,33.440436184406281,-116.65100002288818,-116.87326538562775,9.9999998509883881,4.9158346652984619,3.2999999821186066,3.0472974479198456
941,32.798333048820496,32.831810474395752,-118.44549998641014,-118.40596276521683,7.7400000393390656,6.4634907245635986,3.3899999856948853,3.0582591891288757
2114,32.669000029563904,32.572309970855713,-118.18099999427795,-117.86186270415783,5.9999996423721313,8.670734167098999,3.199999988079071,3.04621821641922
729,35.724833965301514,35.663828611373901,-117.55516800284386,-117.54080504179001,2.10999995470047,7.2029238939285278,3.4999999701976776,3.1161743402481079
1991,34.893999993801117,34.805921733379364,-119.08700001239777,-119.17267394065857,11.299999952316284,3.3527058362960815,3.5999999642372131,3.0814672708511353
240,35.642501950263977,35.576391220092773,-117.48316997289658,-117.43823426961899,3.2199999690055847,6.642717719078064,3.2400000393390656,3.0922560095787048
1545,32.784999966621399,32.272044658660889,-116.12699997425079,-116.56325793266296,8.8000001013278961,3.2689511775970459,3,3.0674210786819458
2116,32.668799996376038,32.274469971656799,-116.14859998226166,-116.58509016036987,12.60000005364418,3.1450402736663818,3.5999999642372131,3.0883907675743103
70,33.648999989032745,33.479190289974213,-117.33350002765656,-117.27095866203308,5.7300004363059998,4.4447600841522217,3.199999988079071,3.0697855353355408
2019,34.390100002288818,34.099728949368,-116.76440000534058,-117.02937376499176,3.099999725818634,4.7534036636352539,4.0999999791383743,3.5923150777816772
2079,33.972999999299645,34.052588667720556,-117.81499999761581,-117.71668303012848,16.299999989569187,4.2144691944122314,3.199999988079071,3.0562187433242798
1666,35.980000019073486,35.774777412414551,-117.30000001192093,-117.3159646987915,5.9999996423721313,7.092040479183197,3.3999999761581421,3.045226514339447
73,35.915333032608032,35.846782684326172,-117.25733298063278,-117.08122503757477,4.4600003957748413,6.9018208980560303,3,3.0157276690006256
1200,34.271600008010864,34.080648772418499,-117.0281999707222,-117.18270361423492,17.100000008940697,4.3104457855224609,3.0999999940395355,3.0186498463153839
350,35.747334003448486,35.730868935585022,-117.59100300073624,-117.56579983234406,6.5100002288818359,4.1654008626937866,3.8999999910593033,3.3700292408466339
2322,35.998000025749207,35.857079267501831,-117.87100000679493,-118.44734874367714,5.3000003099441528,6.5769025683403015,3.2999999821186066,3.1000438034534454
767,35.691002011299133,35.754048109054565,-117.50966599583626,-117.32664656639099,3.6799997091293335,5.1499092578887939,4.1999999955296516,3.6330227851867676
1710,33.954999998211861,33.979268742725253,-118.38499999046326,-118.30337247252464,13.399999961256981,3.1106722354888916,3,3.0223856270313263
2158,34.295399993658066,33.935932986438274,-116.87199997901917,-117.12194466590881,5.6000000238418579,5.8833780884742737,4.5,3.1031406819820404
1898,34.043000001460314,33.782048434019089,-117.02799999713898,-117.24529594182968,12.199999988079071,4.3591457605361938,3.199999988079071,3.0542341768741608
1551,35.50600004196167,35.480094432830811,-118.28200000524521,-118.35275623202324,5.5000001192092896,1.7917352914810181,3,3.0669172704219818
76,35.904500007629395,35.99008846282959,-117.70483300089836,-117.31856620311737,4.9499997496604919,8.8561132550239563,4.3200000040233135,3.6894694268703461
432,35.787997961044312,35.528379440307617,-117.62783101201057,-117.49159562587738,7.3899999260902405,6.1491519212722778,3.2999999821186066,3.0950982570648193
1048,35.897667050361633,35.774621367454529,-117.68399998545647,-117.5814500451088,2.409999668598175,7.0638817548751831,3.0399999618530273,3.0832972526550293
1994,34.875,34.661190271377563,-119.22500002384186,-119.33075618743896,13.499999977648258,1.0786879062652588,3.0999999940395355,3.0609568655490875
157,35.895166993141174,35.767457485198975,-117.71900001168251,-117.80325497686863,8.1700001657009125,8.419005274772644,3.3099999725818634,3.0393474698066711
2030,35.088000059127808,34.912611901760101,-117.516999989748,-117.61330837011337,5.6000000238418579,4.9523735046386719,3.6999999582767487,3.156854510307312
790,35.699167013168335,35.659498333930969,-117.51249998807907,-117.36544269323349,5.7499998807907104,5.4090526700019836,4.1999999955296516,3.8226239383220673
2078,35.633999943733215,35.733506679534912,-117.58000001311302,-117.43584132194519,1.5000003576278687,6.90399169921875,3.199999988079071,3.055976003408432
135,35.76783299446106,35.855445504188538,-117.58883300423622,-117.25269764661789,5.0200000405311584,7.6456063985824585,3.3099999725818634,3.0534084141254425
2125,32.333999991416931,32.20539116859436,-117.86200000345707,-117.23018497228622,5.9999996423721313,9.8524068295955658,3.199999988079071,3.0438502728939056
1413,33.970000000670552,33.774540096521378,-117.22600001096725,-117.32560294866562,11.999999955296516,4.1551762819290161,3.0999999940395355,3.0466504991054535
564,35.927834033966064,35.496572375297546,-117.70300298929214,-117.92373216897249,2.1399995684623718,7.2038903832435608,3,3.0445715188980103
2017,33.854000002145767,33.767724379897118,-117.77699999511242,-117.78233177959919,9.3000000715255737,4.5517212152481079,3,3.0234880149364471
2187,33.780000001192093,32.668239951133728,-116.12000000476837,-116.39365410804749,2.7000001072883606,6.0470867156982422,3.0999999940395355,3.0550729930400848
2272,32.111999988555908,32.368494749069214,-117.33499997854233,-116.67260384559631,12.999999895691872,7.2344246506690979,3.0999999940395355,3.1317901611328125
2025,34.453999996185303,34.267180293798447,-119.11699998378754,-118.99231219291687,26.900000274181366,6.5274274349212646,3.2999999821186066,3.0481092631816864
567,35.867499947547913,34.957117557525635,-117.72416698932648,-117.48308569192886,9.6599999070167542,5.9080427885055542,3.4999999701976776,3.0736038386821747
1447,34.510999977588654,34.348291426897049,-119.0789999961853,-119.20142126083374,2.9999998211860657,4.5374760031700134,3.3999999761581421,3.0500226616859436
1103,34.187999993562698,34.120836891233921,-117.41000002622604,-117.44735378026962,7.3000001907348633,4.1433969140052795,3.0199999809265137,3.0870665609836578
123,35.889333009719849,35.929531574249268,-117.71416699886322,-117.4967594742775,8.2500001788139343,9.0068154036998749,3.6999999582767487,3.0453611612319946
1097,34.691332995891571,34.569832980632782,-116.23666703701019,-116.54545593261719,1.3900002837181091,6.0548052191734314,3.1600000262260437,3.0296232104301453
601,35.709998965263367,34.485821664333344,-117.55066698789597,-117.66936603188515,2.6100003719329834,5.2725684642791748,3.199999988079071,3.0658533275127411
406,35.693164944648743,35.637285590171814,-117.5540010035038,-117.49603044986725,8.2899999618530273,6.8040096759796143,3.3999999761581421,3.0588790476322174
742,35.746665954589844,34.199128657579422,-117.59332999587059,-117.75191093981266,6.4899998903274536,4.1525226831436157,3.4400000274181366,3.074968010187149
2517,34.783999979496002,33.633734554052353,-116.24500000476837,-116.48044955730438,5.0999996066093445,11.238520592451096,3.0999999940395355,3.02885502576828
719,35.56850004196167,34.252272397279739,-117.5164999961853,-117.80028645694256,10.819999873638153,4.5228481292724609,4.5,3.9608989208936691
497,35.039832949638367,35.141565799713135,-118.08500000089407,-118.63352864980698,8.9800000190734863,9.1375498473644257,3.5300000309944153,3.0482024252414703
1064,34.072333000600338,33.457888185977936,-116.37849998474121,-116.45224595069885,2.4300000071525574,6.5101933479309082,3.5300000309944153,3.0926465392112732
342,35.616665005683899,35.690014362335205,-117.4384999871254,-117.27802902460098,2.980000376701355,4.1489392518997192,3.3999999761581421,3.2655812501907349
1789,33.71000000834465,33.530581414699554,-116.83899998664856,-116.93020701408386,17.199999913573265,4.8179787397384644,3.0999999940395355,3.0335924327373505
299,35.665001034736633,35.882595777511597,-117.50333398580551,-117.30339312553406,7.2900000214576721,6.5195810794830322,3.1099999845027924,3.1025260984897614
2504,34.813000023365021,34.184884548187256,-116.41499996185303,-116.73972082138062,5.6000000238418579,8.8225319981575012,3,3.0265071094036102
649,35.901999950408936,34.613801658153534,-117.74366700649261,-117.75802426040173,8.4600001573562622,4.6413570642471313,3.5699999928474426,3.3645316064357758
1601,35.754999995231628,35.271375894546509,-119.00699996948242,-118.78395533561707,19.000000208616257,7.3475271463394165,3,3.0359537601470947
679,35.978999972343445,34.362171471118927,-117.7576670050621,-117.7752428650856,6.5200003981590271,5.2899831533432007,3.6699999868869781,3.6055911183357239
1211,34.300799995660782,34.201387375593185,-117.4961000084877,-117.57333374023438,15.400000009685755,4.2264890670776367,3.4999999701976776,3.0875826179981232
220,35.711333990097046,35.486748695373535,-117.36966699361801,-117.48188865184784,6.4000001549720764,5.4719388484954834,3.5300000309944153,3.1710131764411926
2499,33.99599999981001,33.97404907271266,-118.76300001144409,-118.6170666217804,13.999999947845936,4.2752829194068909,3.3999999761581421,3.0739859640598297
1922,33.216000020503998,32.412207722663879,-116.09200000762939,-116.78358173370361,6.9999995827674866,3.5481789708137512,3,3.0873435437679291
1054,34.41949999332428,34.182178556919098,-116.54949998855591,-116.8397388458252,8.060000091791153,4.790596067905426,3.4300000369548798,3.0563551783561707
84,35.715000033378601,35.879949569702148,-117.57383298873901,-117.18240165710449,4.8700001835823059,7.8058934211730957,3.4199999570846558,3.0554544925689697
1394,34.006000000052154,33.950845651328564,-118.8309999704361,-118.67611920833588,12.199999988079071,3.8873273134231567,3,3.043353259563446
266,35.897166967391968,35.825572371482849,-117.68699699640274,-117.62996032834053,1.8999999761581421,8.0639992654323578,3.0099999904632568,3.0422279834747314
565,35.921833038330078,35.129133939743042,-117.71450001001358,-117.78911083936691,2.4199998378753662,6.3430863618850708,3.3999999761581421,3.0386992692947388
290,35.892166972160339,35.402482271194458,-117.6001670062542,-117.31618809700012,24.530000388622284,5.3455084562301636,3.3199999630451202,3.2003630697727203
1730,34.115000002086163,33.889890305697918,-116.90499997138977,-117.21226161718369,5.6000000238418579,4.740484356880188,3,3.0603201985359192
643,35.903499960899353,35.616157174110413,-117.70016700029373,-117.73165708780289,8.2599999010562897,8.5684043169021606,4.9000000208616257,3.8032151162624359
416,35.617668032646179,35.535004615783691,-117.47883599996567,-117.52569511532784,7.3600003123283386,6.1922156810760498,3.5999999642372131,3.4950361847877502
472,35.868831992149353,35.41413688659668,-117.70500200986862,-118.24204443395138,4.3199998140335083,9.1466479003429413,3.2400000393390656,3.0325058698654175
1454,34.223800003528595,34.028605194762349,-117.02490001916885,-117.26918667554855,8.4000000357627869,4.0976214408874512,3.199999988079071,3.1961683630943298
2084,34.168999999761581,33.94801826402545,-117.23900002241135,-117.76980850100517,6.9999995827674866,7.3038902878761292,3.0999999940395355,3.0619577765464783
2459,34.712999999523163,34.165327772498131,-116.36500000953674,-116.30548238754272,2.7000001072883606,8.7535277009010315,3,3.0294357240200043
857,34.047499999403954,34.072037301957607,-117.50549998879433,-117.5545334815979,4.620000422000885,4.228338897228241,3.199999988079071,3.0386029779911041
845,35.707000017166138,35.781686663627625,-117.50583299994469,-117.33195477724075,10.280000120401382,5.6813657283782959,3.9800000041723251,4.0094087272882462
2533,34.456999987363815,33.669407308101654,-116.16600000858307,-116.28823792934418,1.1999997496604919,9.7895979881286621,3.2999999821186066,3.0418899357318878
1161,34.029500000178814,33.611971467733383,-116.97819995880127,-116.93454825878143,19.799999892711639,4.6982896327972412,3,3.0311540365219116
278,35.668835043907166,35.708682775497437,-117.50216698646545,-117.28738802671432,0.8899998664855957,6.490931510925293,3.4999999701976776,3.1242107748985291
2171,32.044000029563904,32.070123076438904,-117.57699999213219,-117.14550858736038,8.9999999105930328,7.1187910437583923,3.0999999940395355,3.069258838891983
932,33.640832990407944,33.28948175907135,-116.73083305358887,-116.83453679084778,13.499999977648258,2.9501795768737793,3,3.0387285947799683
1446,32.036999940872192,32.313727378845215,-116.68110001087189,-116.46656322479248,4.9999997019767761,6.1103242635726929,3.0999999940395355,3.0476558804512024
18,35.696666955947876,35.759183049201965,-117.61166700720787,-117.3829265832901,8.1700001657009125,6.8106731772422791,4.0999999791383743,3.3458552062511444
1271,34.709699988365173,34.677634000778198,-116.27180004119873,-116.25907206535339,10.999999791383743,6.083412766456604,3.199999988079071,3.0499962866306305
1487,33.144699990749359,32.520612716674805,-116.45910000801086,-116.59482443332672,14.700000006705523,5.3117412328720093,3.8999999910593033,3.1220519542694092
680,35.652166962623596,34.574444770812988,-117.46683299541473,-117.76197186112404,1.9700002670288086,5.1044368743896484,4.0899999886751175,3.248778909444809
1429,33.632999986410141,33.799925714731216,-117.85490000247955,-117.75232575833797,10.799999982118607,4.2808172106742859,3.4999999701976776,3.07979616522789
1117,34.061167001724243,33.830212831497192,-118.76333302259445,-118.46985301375389,9.4999998807907104,4.2061078548431396,3.3899999856948853,3.0997650325298309
1609,33.398000001907349,33.099135279655457,-116.63230001926422,-116.7891286611557,7.8000001609325409,4.2754518985748291,3.5999999642372131,3.0923704504966736
2140,34.314000010490417,33.694880276918411,-116.85099995136261,-116.99621486663818,5.2000004053115845,5.4482048749923706,3,3.0258519351482391
1732,32.669399976730347,32.411940455436707,-116.01189994812012,-116.37017154693604,13.499999977648258,2.2850686311721802,3.199999988079071,3.0729742348194122
219,35.945999026298523,35.648859977722168,-117.37983697652817,-117.49508827924728,0.13999968767166138,6.4886686205863953,3.5200000405311584,3.0600201487541199
1970,35.180999994277954,35.096893548965454,-118.625,-118.71991169452667,6.8999996781349182,6.5367195010185242,3.0999999940395355,3.0671203136444092
2150,34.319999992847443,33.920871920883656,-116.85099995136261,-117.02293002605438,3.4000003337860107,5.1407450437545776,3.0999999940395355,3.045364111661911
303,35.828498959541321,35.90914249420166,-117.67133298516273,-117.34769022464752,3.9999997615814209,6.3032591342926025,4.0999999791383743,3.4061155915260315
2340,34.569000005722046,33.953691817820072,-116.23099994659424,-116.25051307678223,6.9999995827674866,9.8523929715156555,3.0999999940395355,3.0239301323890686
662,35.758000016212463,34.881784915924072,-117.56133300065994,-117.72163966298103,7.5699998438358307,5.1495087146759033,3.2999999821186066,3.0728022158145905
1708,35.059900045394897,34.830648839473724,-119.14400005340576,-119.20282936096191,16.799999959766865,0.58121681213378906,3.0999999940395355,3.0734582841396332
801,35.709998965263367,35.777786254882812,-117.55616798996925,-117.46404051780701,0.099999904632568359,6.3193076848983765,3.2099999785423279,3.1186314225196838
344,35.753334045410156,35.700783371925354,-117.57199901342392,-117.39696192741394,4.1599997878074646,7.5452511012554169,3,3.0507412254810333
1221,34.141499996185303,34.025896644219756,-117.45450001955032,-117.5144961476326,7.5999999046325684,4.1799420118331909,3,3.0247123539447784
2387,33.805000007152557,32.88375997543335,-116.15900003910065,-116.69223380088806,13.900000043213367,7.8840735554695129,3.3999999761581421,3.4104430675506592
1854,32.715399980545044,32.209481000900269,-116.03439998626709,-116.76410925388336,12.60000005364418,5.8790230751037598,3.0999999940395355,3.0693891942501068
1357,35.936900019645691,35.898637533187866,-117.65320000052452,-117.42699164152145,1.600000262260437,8.7311938405036926,3.4999999701976776,3.0830273330211639
2203,34.708999991416931,34.589416742324829,-116.29799997806549,-116.28397917747498,2.9999998211860657,9.3757380545139313,3.3999999761581421,3.0348554849624634
2343,33.997999999905005,33.569480031728745,-116.56099998950958,-117.0063408613205,11.900000050663948,4.6326130628585815,3.0999999940395355,3.0648740530014038
1087,35.542333006858826,35.461279630661011,-119.37283301353455,-119.22190678119659,22.14000016450882,4.6397137641906738,4.8700000047683716,3.9827817678451538
808,34.180167004466057,34.97154688835144,-116.73516702651978,-117.69724196195602,-0.040000677108764648,4.6440768241882324,3.2700000107288361,3.6444450616836548
1135,33.877499997615814,33.5016910135746,-116.1574000120163,-116.28770768642426,10.899999886751175,7.9682256281375885,3.4999999701976776,3.2555220723152161
192,35.691501975059509,35.660813689231873,-117.53516399860382,-117.6102274954319,6.3299998641014099,7.6656939089298248,3.2700000107288361,3.0770904421806335
174,35.868499994277954,35.64647102355957,-117.70566600561142,-117.82380433380604,6.6899996995925903,7.8295518457889557,3,3.0339047312736511
810,35.718999981880188,35.901689052581787,-117.55866700410843,-117.47253465652466,2.0600000023841858,7.0792186260223389,3.0999999940395355,3.0642452538013458
2323,35.945000052452087,35.903407096862793,-117.89899999648333,-117.65451273322105,0.39999961853027344,5.6472006440162659,4.6000000052154064,3.9906279444694519
1815,34.855000019073486,34.622547328472137,-119.66989994049072,-119.42073833942413,8.9000000059604645,7.8976365923881531,3.6999999582767487,3.1709626615047455
1962,33.627000004053116,33.524754494428635,-118.53799998760223,-118.45907974243164,2.2999995946884155,5.5308884382247925,3,3.0145508944988251
1281,33.328299999237061,32.907022714614868,-116.39310002326965,-116.36354374885559,14.19999998062849,3.0801603198051453,3.7999999970197678,3.1627948880195618
128,35.698500037193298,35.879226922988892,-117.54316699504852,-117.20178550481796,10.059999972581863,7.1802565455436707,3,3.030990868806839
340,35.780166983604431,35.633733987808228,-117.6419979929924,-117.68936195969582,8.2400000095367432,5.9482884407043457,3.3999999761581421,3.1196673810482025
2356,35.965999960899353,35.880706310272217,-117.87100000679493,-117.82603622972965,4.7999998927116394,7.7734784781932831,3.0999999940395355,3.131807953119278
1985,35,34.886867046356201,-119.13460004329681,-119.36662364006042,9.9999998509883881,0.72961896657943726,3.6999999582767487,3.2493948340415955
2055,33.761000007390976,33.697651654481888,-118.97500002384186,-118.64368277788162,5.9999996423721313,4.0274244546890259,3.199999988079071,3.0788305699825287
307,35.947834014892578,35.708195924758911,-117.69183400273323,-117.79337845742702,1.419999897480011,8.293675035238266,3.7900000065565109,3.1901417970657349
383,35.651501059532166,35.677101016044617,-117.46450001001358,-117.37331074476242,3.9499998092651367,7.2800445556640625,3.8999999910593033,3.2855511009693146
1521,32.883900046348572,32.400443077087402,-116.21949994564056,-116.41766893863678,14.599999990314245,2.0312574505805969,3.4999999701976776,3.0496609210968018
2348,35.794000029563904,35.781308889389038,-118.0489999987185,-117.98030627146363,9.0999998152256012,1.2840574979782104,3.0999999940395355,3.0475106835365295
789,35.699501037597656,35.918499708175659,-117.48383301496506,-117.30837416648865,1.0299995541572571,6.8139392137527466,3.0600000321865082,3.085314005613327
177,35.671664953231812,35.55688488483429,-117.52583301067352,-117.53947499394417,6.3799998164176941,6.8380540609359741,3.199999988079071,3.0529427826404572
426,35.602664947509766,35.096545457839966,-117.39450097084045,-117.55082347989082,7.0800000429153442,5.7640278339385986,3.199999988079071,3.0563905835151672
2210,33.404999971389771,33.413364350795746,-116.7059999704361,-117.00796902179718,16.000000052154064,2.9951834678649902,3.6999999582767487,3.2004821598529816
1905,34.580999970436096,34.222961947321892,-116.2610000371933,-116.18277275562286,2.800000011920929,6.3883441686630249,3.0999999940395355,3.0353794991970062
781,35.632168054580688,35.801622033119202,-117.60716998577118,-117.24175447225571,8.9999999105930328,6.2418347597122192,3.2999999821186066,3.1035524904727936
1352,35.843999981880188,35.851324200630188,-117.77799999713898,-117.69568791985512,9.3999999761581421,8.2408806681632996,3.2999999821186066,3.0429965257644653
184,35.765498995780945,35.608027577400208,-117.58249700069427,-117.46420258283615,6.3299998641014099,8.1344528496265411,3.0299999713897705,3.0480890572071075
1058,34.53566700220108,34.38935798406601,-119.96449995040894,-119.55757367610931,4.6299996972084045,1.6223743557929993,3.0500000417232513,3.0649946630001068
2048,35.965999960899353,35.82713794708252,-117.98200000077486,-117.74752479791641,4.6000000834465027,2.9063460230827332,3.0999999940395355,3.070845365524292
1690,35.970000028610229,35.745124459266663,-117.31999999284744,-117.43569034337997,3.099999725818634,7.9106788337230682,3.0999999940395355,3.0395820736885071
700,35.902832984924316,34.86730968952179,-117.71149998903275,-117.82404036819935,3.1800001859664917,4.9336159229278564,4.5100000002421439,3.3977331519126892
1587,33.788800001144409,33.872598424553871,-117.28890001773834,-117.1023736000061,11.999999955296516,4.401896595954895,3.6999999582767487,3.615009605884552
1501,35.84309995174408,35.774051070213318,-117.66260001063347,-117.65751934051514,3.6000001430511475,5.3306499123573303,3.8999999910593033,3.11089888215065
2028,35.345700025558472,35.45849335193634,-118.64300000667572,-118.60751402378082,3.5000002384185791,7.2250118851661682,5.0000000149011612,4.3188100531697273
489,35.550999999046326,35.320103406906128,-117.38599997758865,-117.35830342769623,4.699999988079071,5.7031184434890747,3.9599999785423279,3.5933192074298859
756,35.707332968711853,35.659566521644592,-117.47533398866653,-117.48220294713974,6.1099997162818909,7.2823682427406311,3.199999988079071,3.0490195155143738
2094,33.902999997138977,33.587002158164978,-116.89999997615814,-117.16098862886429,13.999999947845936,4.4873714447021484,3.2999999821186066,3.0665228068828583
2287,33.376999974250793,33.058823525905609,-116.4190000295639,-116.77316522598267,11.200000047683716,2.7773755788803101,3.0999999940395355,3.1141358613967896
859,32.837666988372803,32.855824708938599,-118.50316697359085,-118.41699722409248,8.4000000357627869,6.4587235450744629,4.2999999895691872,3.3753517270088196
2451,33.953000001609325,33.477988958358765,-117,-117.1930775642395,17.700000107288361,4.7866415977478027,3,3.0482625961303711
2288,33.232999980449677,32.735118269920349,-116.37800002098083,-116.73404550552368,9.5999997854232788,3.3048748970031738,3.4999999701976776,3.228973388671875
1963,33.695800006389618,33.724835723638535,-119.69270002841949,-119.41001212596893,5.9999996423721313,7.7385386824607849,4.1999999955296516,3.3434813618659973
118,35.934999942779541,35.669274926185608,-117.6956669986248,-118.15258215367794,2.7000001072883606,8.7883378565311432,3.4999999701976776,3.0489454865455627
2023,34.34400001168251,33.970515167340636,-116.91700005531311,-117.02216422557831,5.0999996066093445,4.2276263236999512,3.7999999970197678,3.1382381021976471
281,35.679000973701477,35.758467435836792,-117.51216900348663,-117.37096446752548,1.9100001454353333,6.7911601066589355,3.8300000131130219,3.373009979724884
2216,34.552999973297119,33.89957020431757,-116.47000002861023,-116.41822624206543,2.9999998211860657,8.7644223868846893,3.6999999582767487,3.0793277621269226
746,35.647999048233032,35.578280210494995,-117.5453340113163,-117.62601229548454,3.7600001692771912,7.0630556344985962,3.4999999701976776,3.2238278388977051
2103,33.186999976634979,32.557062149047852,-116.17200005054474,-116.35157537460327,3.9999997615814209,2.5246819853782654,3,3.0859069526195526
1165,33.958999998867512,33.69243723154068,-116.63170003890991,-116.9966721534729,19.200000017881393,4.4832712411880493,3.5999999642372131,3.0790251195430756
1851,32.983999967575073,32.904464721679688,-116.307000041008,-117.4383938908577,4.8999997973442078,4.79270339012146,3.0999999940395355,3.0582024157047272
2308,35.980999946594238,35.68450927734375,-117.86900000274181,-117.90426176041365,2.9999998211860657,7.5535860657691956,3.199999988079071,3.0906741321086884
366,35.634335041046143,35.576812744140625,-117.45133197307587,-117.67787998914719,3.099999725818634,7.8773045539855957,3.0999999940395355,3.0644360482692719
1395,33.304000020027161,33.087711155414581,-116.87899994850159,-116.78390645980835,15.100000002421439,3.3382397890090942,3.2999999821186066,3.1221960783004761
555,35.885501980781555,35.414822816848755,-117.71050301194191,-117.74928459525108,2.839999794960022,6.3811308145523071,3.6999999582767487,3.0366142094135284
1674,35.97599995136261,35.8760085105896,-117.32400000095367,-117.14905536174774,1.8999999761581421,8.5515908896923065,3.3999999761581421,3.0393582880496979
1839,34.131999999284744,34.234273582696915,-117.47500002384186,-117.6061133146286,5.6999999284744263,4.0399163961410522,3,3.0676104426383972
838,35.725833058357239,34.714237093925476,-117.57183301448822,-117.63703066110611,6.8200001120567322,4.9592310190200806,3.9999999850988388,3.8619517832994461
1322,33.513000011444092,32.969639658927917,-116.47500002384186,-116.64109921455383,11.799999922513962,5.128975510597229,3.2999999821186066,3.0757686495780945
203,35.638332962989807,35.451682329177856,-117.58533298969269,-117.51844587922096,9.9499998986721039,7.2272846102714539,4.9000000208616257,4.6734536178410053
1741,34,33.810840025544167,-116.85699999332428,-117.30113106966019,14.299999997019768,4.3080621957778931,3,3.0448450148105621
120,35.964499950408936,35.969594597816467,-117.68933299183846,-117.32559859752655,4.4900000095367432,8.0726207792758942,3.2500000298023224,3.0294045209884644
283,35.558997988700867,35.300582647323608,-117.39399701356888,-117.35563105344772,2.0600000023841858,6.0235601663589478,3,3.0924161374568939
575,35.890498995780945,34.893060445785522,-117.72966799139977,-117.55153369903564,2.4799999594688416,5.6806343793869019,3,3.0445411205291748
2487,32.105000019073486,32.410669326782227,-117.12000000476837,-117.40461266040802,5.3000003099441528,5.2226480841636658,3.2999999821186066,3.0512292087078094
1569,32.037899971008301,32.140774369239807,-117.53650000691414,-118.28206405043602,6.3000002503395081,8.3340159058570862,3.4999999701976776,3.0467394590377808
275,35.671501040458679,35.705816030502319,-117.49483501911163,-117.25601190328598,1.7299997806549072,6.0969668626785278,3,3.08797287940979
1711,34.848999977111816,34.792078077793121,-116.682000041008,-116.85215592384338,7.9999999701976776,5.3794920444488525,3.0999999940395355,3.051994264125824
2131,33.268999993801117,33.267508029937744,-117.89500000327826,-117.7972976565361,9.9999998509883881,4.8665285110473633,3.0999999940395355,3.0551930665969849
360,35.682999014854431,35.674459218978882,-117.52417001128197,-117.43445914983749,8.4300000965595245,6.6105329990386963,3,3.0549834072589874
1659,35.417500019073486,35.579146862030029,-117.75890000164509,-117.72090756893158,10.499999821186066,5.4419213533401489,3.7999999970197678,3.6848874092102051
812,35.601333022117615,35.52820360660553,-117.59700000286102,-117.4616973400116,2.8100001811981201,6.2130635976791382,4.5899999979883432,3.9927278906106949
2064,32.080000042915344,32.730527400970459,-116.40199995040894,-116.96048152446747,10.799999982118607,4.5609721541404724,3,3.0609907507896423
629,35.825500965118408,35.281661033630371,-117.67150101065636,-117.85729260742664,6.4199995994567871,6.9372797012329102,3.5400000214576721,3.0504516363143921
1592,33.895599998533726,33.790292918682098,-117.06169998645782,-117.07006162405014,3.4000003337860107,4.3771147727966309,3.4999999701976776,3.7514099478721619
1764,34.136000007390976,34.021570166572928,-117.466000020504,-117.61071544885635,4.6000000834465027,4.3050196766853333,3.3999999761581421,3.1603138446807861
286,35.624668002128601,35.537137866020203,-117.43599700927734,-117.2716720700264,7.1400001645088196,6.1197137832641602,3.5999999642372131,3.1086675524711609
903,35.48816704750061,35.514135241508484,-118.30300000309944,-118.20407588779926,1.9399997591972351,6.8926915526390076,3.0199999809265137,3.0481550395488739
1094,35.464333057403564,34.861711502075195,-119.97333300113678,-119.91358292102814,7.6400001347064972,0.85290312767028809,3.5400000214576721,3.1097877323627472
944,33.976999999955297,33.856095433235168,-117.21549999713898,-117.28251570463181,14.179999977350235,4.2613506317138672,3.199999988079071,3.0339353978633881
423,35.607334017753601,33.77471299469471,-117.44983702898026,-117.86917647719383,10.129999816417694,4.7645097970962524,3.0999999940395355,3.1123391389846802
1865,32.715999960899353,32.361156463623047,-116.0440000295639,-116.97246992588043,2.7000001072883606,4.3611395359039307,3.0999999940395355,3.071759819984436
1694,33.848000004887581,33.955060090869665,-117.7039999961853,-117.7383788228035,10.100000202655792,4.525102972984314,3.0999999940395355,3.0474888682365417
1637,33.376999974250793,32.875398635864258,-116.40299999713898,-116.36364316940308,13.399999961256981,2.2361433506011963,3.199999988079071,3.0360003411769867
890,33.49966698884964,33.339723169803619,-116.80783295631409,-116.65696752071381,2.5699996948242188,3.7848579883575439,3.0999999940395355,3.0219332277774811
65,35.581500053405762,35.7055504322052,-117.41333299875259,-117.17540043592453,5.5700004100799561,8.1238974630832672,3.5899999737739563,3.1131120622158051
1697,33.472800016403198,33.364980578422546,-116.88779997825623,-116.89435005187988,4.6000000834465027,4.9098873138427734,3.7999999970197678,3.1573061943054199
2464,32.605000019073486,32.171379327774048,-116.11500000953674,-116.70973134040833,14.100000020116568,2.4639567732810974,3,3.1271990239620209
916,33.487833023071289,33.124500155448914,-116.80649995803833,-116.83504581451416,2.2800001502037048,2.728613018989563,3.0999999940395355,3.0430087745189667
1840,32.732200026512146,32.229729175567627,-116.05939996242523,-116.415855884552,6.5999999642372131,6.4262768626213074,4.2999999895691872,3.3699572682380676
230,35.95750105381012,35.93037486076355,-117.28483599424362,-117.08970326185226,4.5100003480911255,8.1967350840568542,3,3.0266180634498596
2113,33.232999980449677,32.677780628204346,-116.39800000190735,-116.75240683555603,5.9999996423721313,1.1559319496154785,3,3.1082442998886108
1220,35.45389997959137,35.324008822441101,-118.35550001263618,-118.40517085790634,10.799999982118607,6.4157956838607788,3.5999999642372131,3.0694823563098907
1222,35.466199994087219,35.632200479507446,-118.52179998159409,-118.82484769821167,3.6000001430511475,2.0032882690429688,3.2999999821186066,3.0780709683895111
945,33.920999996364117,33.267822563648224,-116.32166695594788,-116.61082577705383,8.2500001788139343,5.6025400757789612,3.8700000196695328,3.3875100910663605
1360,33.850899994373322,33.93258748203516,-117.78309999406338,-117.83708411455154,5.899999737739563,4.7257786989212036,4.2999999895691872,3.7427024245262146
772,35.601166963577271,35.563206195831299,-117.61066699028015,-117.48040014505386,4.7499999403953552,5.283333957195282,4.0399999916553497,3.8505349606275558
2525,34.86599999666214,34.809738218784332,-116.317999958992,-116.33738148212433,8.8000001013278961,8.6625699698925018,3.4999999701976776,3.0614050626754761
2315,35.991999983787537,35.793549299240112,-117.87399999797344,-117.99951967597008,3.8999998569488525,7.4641960859298706,3,3.0639229416847229
374,35.810500979423523,35.774347901344299,-117.63733699917793,-117.54701605439186,6.6399997472763062,7.3856297135353088,3.0600000321865082,3.0537264347076416
2173,35.315000057220459,35.491662263870239,-118.65100002288818,-118.97027391195297,4.1999995708465576,3.5300937294960022,3,3.029094010591507
1575,33.421000003814697,33.435068130493164,-119.14699995517731,-118.82064712047577,11.700000017881393,6.4435726404190063,3.199999988079071,3.0344254374504089
2492,35.91100001335144,35.634797334671021,-117.83799999952316,-118.58914232254028,2.9999998211860657,7.471252977848053,3.199999988079071,3.0571340918540955
297,35.871497988700867,35.90989363193512,-117.72283199429512,-117.45400458574295,6.2699997425079346,7.6596879959106445,3.0999999940395355,3.0779820084571838
598,35.776332974433899,35.465372323989868,-117.59299999475479,-117.82270281016827,9.3999999761581421,7.6864206790924072,3.1399999558925629,3.0908679664134979
2379,34.141000002622604,33.883362248539925,-116.89400005340576,-117.25919169187546,6.2000003457069397,4.8603218793869019,3.4999999701976776,3.067350447177887
99,35.847167015075684,35.903252840042114,-117.67550000548363,-117.54347249865532,4.9800002574920654,7.1964097023010254,3.2999999821186066,3.0320956707000732
874,33.89299999922514,34.00603784294799,-118.08833300322294,-118.13595876097679,12.060000076889992,2.6151779294013977,3.1399999558925629,3.0352673828601837
1292,35.962399959564209,35.91267716884613,-117.74300000071526,-117.56222167611122,3.6000001430511475,9.503260999917984,4.0999999791383743,3.0746579468250275
2043,33.277999997138977,32.972002387046814,-116.18299996852875,-116.68264591693878,1.0999998450279236,3.1833833456039429,3,3.1298617422580719
529,35.562000036239624,35.177556037902832,-117.39450097084045,-117.5692692399025,1.340000331401825,5.7361748814582825,3.7999999970197678,3.3082761168479919
1917,34.421000003814697,34.279306650161743,-119.05999994277954,-119.03731632232666,14.899999997578561,4.7948884963989258,3.0999999940395355,3.044836699962616
1302,33.625,33.333491563796997,-116.69599997997284,-116.82763350009918,15.599999986588955,3.3062070608139038,3.199999988079071,3.0545953810214996
1356,34.428999990224838,34.266388416290283,-119.10000002384186,-118.9943020939827,14.599999990314245,6.4991962909698486,3,3.0749746263027191
636,35.555333018302917,35.193243503570557,-117.52366700768471,-117.84213528037071,5.5799996852874756,6.5722033381462097,5.010000005364418,4.0244582444429398
2227,34.477999985218048,34.516922831535339,-116.29799997806549,-116.74619090557098,5.6000000238418579,7.3553887009620667,4.1999999955296516,3.3584935069084167
185,35.657001972198486,35.663208961486816,-117.48766297101974,-117.37225937843323,-0.27999937534332275,7.7190126478672028,3,3.0426349639892578
2007,34.138600006699562,34.101005978882313,-117.39020001888275,-117.55049157142639,4.1999995708465576,4.5661863684654236,4.0999999791383743,3.8767777383327484
1004,33.676167011260986,33.293429374694824,-116.76066696643829,-116.80750441551208,15.919999983161688,3.1495276093482971,3.1800000071525574,3.0378491878509521
1618,34.991999983787537,35.049782156944275,-116.94900000095367,-116.72629427909851,9.0999998152256012,5.40668785572052,3,3.047715961933136
2100,34.273200005292892,33.420900940895081,-116.3992999792099,-116.76916062831879,1.7000001668930054,7.8785902261734009,3.4999999701976776,3.0706938207149506
1834,34.717000007629395,34.382033407688141,-116.29700005054474,-116.12585628032684,5.3000003099441528,5.4862439632415771,3,3.0331683754920959
511,35.730499982833862,34.859118103981018,-117.58233299851418,-117.52731794118881,8.2400000095367432,5.9704264998435974,3.4400000274181366,3.0546054840087891
1783,34.231000006198883,33.797075152397156,-116.71000003814697,-116.65958476066589,3.099999725818634,4.2998993396759033,3.0999999940395355,3.0638286173343658
1216,34.255699992179871,33.864183664321899,-116.82000005245209,-116.97601270675659,13.200000040233135,4.2373886704444885,3.7999999970197678,3.0801948308944702
1976,33.572899997234344,33.397325456142426,-116.51919996738434,-116.93485105037689,15.299999993294477,4.6673458814620972,5.2000000029802322,4.9850380271673203
2110,33.389999985694885,33.598106920719147,-118.66500002145767,-118.52855896949768,2.800000011920929,4.5933374762535095,3,3.0499563217163086
607,35.876335024833679,34.717458844184875,-117.73433700203896,-117.87525890022516,4.7700002789497375,5.4921698570251465,3.5899999737739563,3.0831806659698486
1743,35.912999987602234,35.685914993286133,-117,-116.88153004646301,0.50000041723251343,6.0706812143325806,3.0999999940395355,3.0310444235801697
2429,34.912999987602234,34.813792824745178,-116.41100001335144,-116.40987110137939,2.5000002980232239,7.8940978646278381,3.6999999582767487,3.0899845361709595
151,35.752500057220459,35.639827013015747,-117.57749998569489,-117.51523244380951,6.6800004243850708,7.7302506566047668,3.3400000333786011,3.0624004304409027
1607,35.550999999046326,35.615465879440308,-117.28299999237061,-117.2805712223053,3.8999998569488525,5.118863582611084,3,3.0638557970523834
1932,32.976999998092651,32.50653862953186,-116.31700003147125,-116.66011142730713,12.999999895691872,5.2247500419616699,3.3999999761581421,3.104744017124176
1956,35.034000039100647,34.679732620716095,-119.00800001621246,-118.77919173240662,11.200000047683716,5.3708857297897339,3.3999999761581421,3.8717581629753113
1938,32.462000012397766,32.35707151889801,-118.18199999630451,-118.59446960687637,11.999999955296516,7.4717804789543152,3.2999999821186066,3.0330777168273926
2307,35.983999967575073,35.622608542442322,-117.86100000143051,-117.67658600211143,1.8999999761581421,7.3209428787231445,3.2999999821186066,3.0893226563930511
23,35.610499978065491,35.542802929878235,-117.58583301305771,-117.6289909183979,6.4899998903274536,7.829010933637619,3.0600000321865082,3.0282863080501556
158,35.896499991416931,35.746747016906738,-117.71866700053215,-117.69958892464638,8.2200001180171967,8.5938455164432526,3,3.0333342254161835
1559,33.269999980926514,32.464524745941162,-116.13699996471405,-117.86944717168808,9.3000000715255737,4.9344456195831299,3,3.0581366121768951
331,35.930667042732239,35.513848304748535,-117.70216700434685,-117.75618873536587,3.0499997735023499,6.4506465196609497,3.0500000417232513,3.0241307616233826
1037,34.130500003695488,33.975216077640653,-117.0460000038147,-117.15654653310776,9.6700000762939453,4.0120983123779297,3.4400000274181366,3.0430232584476471
2427,33.960999999195337,33.565235406160355,-116.8289999961853,-116.95459151268005,19.600000083446503,3.9694118499755859,3.0999999940395355,3.0532685816287994
1771,35.937399983406067,35.865629315376282,-117.72220000624657,-117.50086522102356,6.6999998688697815,9.9714025855064392,3.5999999642372131,3.0935620665550232
2040,32.585000038146973,32.350601434707642,-116.16799998283386,-116.53998231887817,1.9999998807907104,4.7194969654083252,3.4999999701976776,3.0726278722286224
2490,35.967000007629395,35.901298999786377,-117.85099999606609,-117.96186997741461,1.8000000715255737,6.6319173574447632,3.0999999940395355,3.0446553826332092
1750,35.485000014305115,35.519239783287048,-118.44569998979568,-118.63208395242691,9.9999998509883881,2.9251223802566528,3.4999999701976776,3.0770442187786102
642,35.841999053955078,34.102312564849854,-117.66049998998642,-118.06498032063246,3.6100003123283386,4.7943279147148132,3.4600000083446503,3.1351034939289093
1283,34.020600000396371,34.085137233138084,-117.78560000658035,-117.78128424286842,3.7999999523162842,4.3515497446060181,3.7999999970197678,3.106787234544754
311,35.654167056083679,35.629021644592285,-117.47266399860382,-117.36706376075745,2.9499998688697815,6.1236771941184998,3.2500000298023224,3.0608070194721222
351,35.803001046180725,35.778150200843811,-117.6334989964962,-117.6034936606884,2.6399999856948853,4.7459927201271057,3.3999999761581421,3.0939123630523682
548,35.637001037597656,34.498213052749634,-117.43699699640274,-117.83494079113007,11.13999992609024,6.5148603916168213,3.0600000321865082,3.0331071317195892
2494,35.965999960899353,35.940719246864319,-117.88400000333786,-118.10228078812361,0,5.7159161567687988,3.7999999970197678,3.2959672808647156
1376,33.174199998378754,33.302819848060608,-118.82300001382828,-118.59542912244797,16.899999976158142,2.0347774028778076,3.4999999701976776,3.0564147233963013
2454,34.773999989032745,34.093071557581425,-116.35699999332428,-116.43392443656921,5.6999999284744263,9.9964651465415955,4.1999999955296516,3.6592159867286682
306,35.683833956718445,35.760142207145691,-117.53099799156189,-117.2621653676033,1.1499997973442078,6.2504321336746216,3.2600000202655792,3.1278965771198273
287,35.906666040420532,35.805183291435242,-117.70833599567413,-117.51633328199387,4.5899999141693115,7.5833804905414581,3.199999988079071,3.0754648447036743
694,35.888332962989807,34.274283915758133,-117.69783300161362,-117.73357239365578,8.9300000667572021,3.964841365814209,4.1999999955296516,3.1887124478816986
1410,33.225600004196167,32.851807236671448,-116.27339994907379,-116.3362420797348,5.3000003099441528,3.7593939900398254,3.8999999910593033,3.2582294046878815
630,35.926334023475647,34.663297116756439,-117.72567000985146,-117.88470301032066,8.789999932050705,5.8448481559753418,3.3999999761581421,3.1323713958263397
2067,34.30799999833107,34.171270191669464,-116.932000041008,-117.18145602941513,10.100000202655792,4.7790125012397766,3.4999999701976776,3.0649409294128418
1869,32.725299954414368,32.273732662200928,-116.03480005264282,-116.64286518096924,12.699999958276749,2.3717880249023438,3.5999999642372131,3.097055196762085
1301,33.249000012874603,32.617215394973755,-116.00499999523163,-116.2936794757843,1.8000000715255737,4.2849245667457581,3.0999999940395355,3.0427315235137939
1553,34.208000004291534,34.12372000515461,-117.53499999642372,-117.54498085379601,8.5999998450279236,4.147871732711792,3,3.0509428381919861
1310,33.652700006961823,33.799968525767326,-118.36629998683929,-118.37703269720078,7.3000001907348633,3.447493314743042,3.7999999970197678,3.1525046825408936
888,33.121167004108429,32.432401776313782,-116.0593329668045,-116.32978844642639,3.7000000476837158,3.1100553274154663,3.0399999618530273,3.0881149470806122
1640,33.928000003099442,33.919862493872643,-118.34610000252724,-118.34419873356819,8.9000000059604645,3.3618003129959106,5.0000000149011612,4.6292805634438992
2020,34.748399972915649,34.396357536315918,-116.03069996833801,-116.10139203071594,2.2999995946884155,8.5398101806640625,3.6999999582767487,3.0851649641990662
1420,34.681400001049042,34.563169240951538,-116.28340005874634,-116.38332438468933,7.4000000953674316,6.6599848866462708,3.9999999850988388,3.4461290538311005
1518,33.458000004291534,32.942408084869385,-116.47599995136261,-116.71892178058624,12.899999991059303,5.7462286949157715,3.2999999821186066,3.0590381026268005
1456,33.522199988365173,33.4827561378479,-119.09829998016357,-118.95774209499359,16.099999956786633,4.7494500875473022,3.6999999582767487,3.136189341545105
1189,35.975800037384033,35.25394868850708,-116.09660005569458,-116.665776014328,5.5000001192092896,6.4415788650512695,3.0999999940395355,3.0313459038734436
13,35.675832986831665,35.801016330718994,-117.52366700768471,-117.3221880197525,9.5100000500679016,6.9458216428756714,3.5099999606609344,3.2677398920059204
1462,35.980000019073486,35.835330128669739,-117.66699999570847,-117.37672573328018,8.1999997794628143,7.9070667922496796,3.199999988079071,3.0457480251789093
1453,34.218999996781349,33.794964656233788,-116.75399994850159,-116.77063965797424,2.9999998211860657,3.4568542242050171,3.0999999940395355,3.0411452651023865
514,35.906666994094849,35.115601301193237,-117.68466699123383,-117.83295102417469,1.9399997591972351,7.7107304334640503,3,3.0467097759246826
409,35.651165008544922,34.988990604877472,-117.5626679956913,-117.62851825356483,3.6000001430511475,5.7396447658538818,3.0800000131130219,3.0494111180305481
1053,33.267000019550323,32.585947275161743,-116.11466705799103,-116.44093489646912,3.0899995565414429,3.1699445843696594,3.129999965429306,3.0264962911605835
313,35.887665033340454,35.653540372848511,-117.73116299510002,-117.82012850046158,4.5000001788139343,8.1061550974845886,3.2800000011920929,3.0405701994895935
1928,33.611000001430511,33.567903161048889,-117.26999998092651,-117.15537071228027,13.80000002682209,4.3729430437088013,3.2999999821186066,3.0601392388343811
1977,32.527999997138977,32.285775661468506,-117.5789999961853,-117.22902345657349,11.999999955296516,3.3065316081047058,3.199999988079071,3.0392914116382599
1583,34.007000000216067,33.858096793293953,-117.19199997186661,-117.15026569366455,7.8000001609325409,4.4541871547698975,3.0999999940395355,3.0382044911384583
912,34.101667001843452,34.006199652794749,-117.31000000238419,-117.44094425439835,15.889999978244305,4.261472225189209,3.4300000369548798,3.046064168214798
1316,35.491000056266785,35.667703151702881,-118.39399999380112,-118.29361540079117,9.3999999761581421,2.1468955278396606,3.0999999940395355,3.0603007972240448
382,35.697666049003601,35.223680734634399,-117.48249799013138,-117.6591784954071,3.6199995875358582,6.1243182420730591,3.1899999976158142,3.0632417500019073
1137,35.026100039482117,35.035927414894104,-119.06200003623962,-119.18489694595337,17.899999916553497,1.0158088803291321,3.4999999701976776,3.1845667362213135
1675,35.978000044822693,35.779787063598633,-117.32200002670288,-117.2761235833168,1.600000262260437,7.7363964915275574,3.199999988079071,3.03074911236763
1313,33.981000000610948,33.872212126851082,-118.78200000524521,-118.53737854957581,12.999999895691872,4.4584831595420837,3.0999999940395355,3.0498358011245728
1594,33.965999998152256,33.749030560255051,-116.87699997425079,-117.12837970256805,10.799999982118607,4.2827850580215454,3.199999988079071,3.0598016381263733
2271,33.28600001335144,33.470929026603699,-118.68199998140335,-118.64374983310699,5.6000000238418579,5.767706036567688,3.0999999940395355,3.0374635756015778
1290,35.470800042152405,35.529863834381104,-118.28139999508858,-118.25831788778305,3.7000000476837158,5.5378952622413635,3.0999999940395355,3.0328415036201477
263,35.662498950958252,35.5915367603302,-117.54516598582268,-117.35153496265411,7.9800000786781311,6.4156579971313477,3.1099999845027924,3.1074433922767639
949,34.13816699385643,34.047508377581835,-117.42383301258087,-117.59218177199364,4.0499997138977051,3.8760995864868164,3.0099999904632568,3.0408303737640381
2188,34.805000007152557,33.952456850558519,-116.26999998092651,-116.29055571556091,6.3000002503395081,10.132513046264648,3,3.0471571683883667
2529,34.861999988555908,34.765219271183014,-116.36000001430511,-116.60245990753174,6.6999998688697815,8.4098652005195618,3,3.0590403378009796
415,35.86316704750061,35.64440131187439,-117.70300298929214,-117.69228425621986,6.990000307559967,7.6596102118492126,3.5400000214576721,3.1413331031799316
2046,33.710999995470047,32.589910745620728,-116.05299997329712,-116.25878238677979,12.899999991059303,8.2206505537033081,3,3.0209191739559174
358,35.647498965263367,35.585280179977417,-117.45066797733307,-117.35159438848495,9.8399998247623444,6.5748113393783569,3.0500000417232513,3.0510154366493225
1210,35.019899964332581,35.000158190727234,-119.32710003852844,-119.74986028671265,7.8000001609325409,2.8915053606033325,3.2999999821186066,3.1074064671993256
900,33.483500003814697,33.109894752502441,-116.80216705799103,-116.85878813266754,2.0499998331069946,5.4218977689743042,3.6999999582767487,3.0705972611904144
8,35.907166957855225,35.803424596786499,-117.70550000667572,-117.57535687088966,2.9399996995925903,6.8260663747787476,3.0999999940395355,3.0409027934074402
1978,33.498000025749207,33.034776031970978,-116.52300000190735,-116.44011652469635,14.400000013411045,1.5044885873794556,3.0999999940395355,3.0434938073158264
316,35.820332050323486,35.657421231269836,-117.6618350148201,-117.80746623873711,3.8399997353553772,8.3291454613208771,3.4500000178813934,3.0590265691280365
304,35.545833945274353,35.518887400627136,-117.40966802835464,-117.21904283761978,2.3099997639656067,5.8654019236564636,3,3.0913092792034149
427,35.853667974472046,35.537299633026123,-117.67150101065636,-117.82327698171139,7.7799998223781586,7.8962677717208862,3.0999999940395355,3.0458900928497314
105,35.927000045776367,35.730442643165588,-117.69316700100899,-117.8740359544754,4.1300001740455627,8.3999772369861603,3.129999965429306,3.1379483342170715
1539,32.258999943733215,32.472928285598755,-116.6360000371933,-116.35362577438354,7.9999999701976776,5.6017434597015381,3,3.044419527053833
121,35.60699999332428,35.765784382820129,-117.60400000214577,-117.40590554475784,3.9899995923042297,8.0172076821327209,3.75,3.4000217914581299
1477,35.080000042915344,34.765637218952179,-118.99889999628067,-118.96787011623383,14.499999973922968,6.2861502170562744,3.199999988079071,3.1135437190532684
1602,32.897699952125549,32.583550214767456,-117.87550000101328,-117.44963842630386,2.8999999165534973,6.1965841054916382,3.5999999642372131,3.08136186003685
889,32.641332983970642,32.732909917831421,-118.04983299970627,-118.15538367629051,5.8399996161460876,5.6496557593345642,3.1500000357627869,3.0553776919841766
1361,33.81530000269413,33.988538539968431,-117.83290000259876,-117.82670021057129,1.2999996542930603,4.4990336894989014,4.0999999791383743,3.8395112603902817
1831,32.692000031471252,32.37418270111084,-116.01139998435974,-116.44076001644135,16.000000052154064,3.7387543916702271,3.2999999821186066,3.0334078073501587
1269,32.678099989891052,32.749374151229858,-118.24819999933243,-118.0404985845089,18.200000077486038,6.0128366947174072,3.0999999940395355,3.0472420156002045
115,35.645833015441895,35.676340579986572,-117.45300000905991,-117.35604190826416,9.9799999594688416,6.5302294492721558,3.0999999940395355,3.0393114387989044
1457,35.144000053405762,34.916793406009674,-116.86300003528595,-116.72864472866058,2.6000002026557922,5.1008927822113037,3.2999999821186066,3.0502042472362518
744,35.604168057441711,35.488805294036865,-117.59266701340675,-117.72853410243988,1.9700002670288086,7.4049970507621765,3.5400000214576721,3.5817897319793701
1381,33.476000010967255,33.00653350353241,-116.48699998855591,-116.65403628349304,15.500000026077032,5.9022125601768494,3.3999999761581421,3.0516509413719177
1608,35.541399955749512,35.758849263191223,-117.25919997692108,-117.20854467153549,9.9999998509883881,6.7506471276283264,5.1000000089406967,3.7849674671888351
2373,34.479000002145767,34.103696756064892,-116.19400000572205,-116.24862122535706,5.6000000238418579,8.5205273330211639,3,3.0278799533843994
969,33.498667001724243,33.1356161236763,-116.80066704750061,-116.84332239627838,5.2900001406669617,2.2565066814422607,3.4799999892711639,3.0540788769721985
1286,33.279399991035461,32.940552115440369,-116.39520001411438,-116.6607449054718,11.999999955296516,3.2597494125366211,3.0999999940395355,3.0457651019096375
672,35.648332953453064,34.522033751010895,-117.46733301877975,-117.56342139840126,4.2099997401237488,4.7494849562644958,3.5999999642372131,3.0865773260593414
2339,34.225999996066093,34.076040282845497,-117.46399998664856,-117.69040927290916,14.799999995157123,4.2232561111450195,3.199999988079071,3.0500065684318542
2453,34.843999981880188,33.908738791942596,-116.33599996566772,-116.77007699012756,4.699999988079071,9.7529344260692596,3.6999999582767487,3.0944423675537109
1692,35.9617999792099,35.909106135368347,-117.33880001306534,-116.98275756835938,9.9999998509883881,9.0020343661308289,4.0999999791383743,3.3128984570503235
309,35.814998984336853,35.689009308815002,-117.59783199429512,-117.46977281570435,7.539999783039093,5.0210309028625488,3.2500000298023224,3.0344381332397461
591,35.916831970214844,35.644032955169678,-117.75316600501537,-117.466193318367,3.0800002813339233,6.6351950168609619,3.199999988079071,3.0223168730735779
462,35.898334980010986,35.606121301651001,-117.72866800427437,-117.63121122121811,2.6699995994567871,6.5757849812507629,3.4300000369548798,3.0397742092609406
1017,34.026333000510931,33.885809779167175,-118.51933300495148,-118.30125778913498,9.5600000023841858,3.5754472017288208,3.0600000321865082,3.076155960559845
1000,34.414499998092651,34.311751544475555,-117.6791670024395,-117.72315481305122,3.7799996137619019,4.2114400863647461,3,3.0452153384685516
1714,35.198300004005432,35.060441255569458,-119.41159999370575,-119.47243368625641,13.80000002682209,0.49387514591217041,3.2999999821186066,3.0342253446578979
962,33.74099999666214,33.803207322955132,-117.4911670088768,-117.4603163599968,11.150000095367432,4.3794983625411987,3.9700000137090683,3.3143592774868011
552,35.622833013534546,34.759086191654205,-117.42066699266434,-117.6477532684803,6.7100000381469727,4.5756492018699646,3.3999999761581421,3.0656651258468628
87,35.671833038330078,35.779111504554749,-117.46933299303055,-117.27220398187637,9.179999828338623,6.7425084114074707,3.6999999582767487,3.1446672677993774
690,35.89033305644989,34.562603354454041,-117.73033300042152,-117.84013675153255,6.1500003933906555,4.9459630250930786,4.5,3.3396586775779724
1745,33.425100028514862,32.965812683105469,-116.41480004787445,-116.8224151134491,9.700000137090683,5.1566711068153381,4.9000000208616257,3.2959172129631042
2300,35.730999946594238,35.759068131446838,-118.48199999332428,-118.44608303904533,4.8999997973442078,3.5309135913848877,3.199999988079071,3.037399023771286
2452,34.800000011920929,33.731912970542908,-116.33000004291534,-116.46107363700867,4.6000000834465027,10.636888593435287,3.0999999940395355,3.0438874661922455
1667,34.303299993276596,33.9601378031075,-116.90670001506805,-117.05780220031738,7.5,4.3405830860137939,3.5999999642372131,3.1142918765544891
2406,34.05799999833107,33.802311614155769,-117.25999999046326,-117.29931408166885,11.200000047683716,4.5771878957748413,3,3.0819567739963531
800,35.786700010299683,35.880089163780212,-117.54780000448227,-117.25482887029648,4.9999997019767761,5.9997081756591797,3,3.0628345012664795
2090,33.8175999969244,32.747080564498901,-116.19539999961853,-116.31354117393494,5.6000000238418579,4.1780635714530945,3.3999999761581421,3.0642094910144806
300,35.830165982246399,35.838842988014221,-117.66483300924301,-117.37685787677765,4.2800000309944153,6.9791883230209351,3.0099999904632568,3.0750427544116974
1858,32.802000045776367,32.277660250663757,-117.71500000357628,-117.33905446529388,6.9999995827674866,7.0755422115325928,3.0999999940395355,3.0179877877235413
543,35.707667946815491,34.848799288272858,-117.50700399279594,-117.37524801492691,4.4699996709823608,5.0409641861915588,3.0099999904632568,3.0688601732254028
2237,35.422000050544739,35.845743060112,-116.4539999961853,-116.50528407096863,6.7999997735023499,8.0361472070217133,3.199999988079071,3.0514614880084991
2247,34.250999987125397,34.114112138748169,-118.7940000295639,-118.69625228643417,5.7999998331069946,3.9256918430328369,3.3999999761581421,3.1995812952518463
494,35.60716700553894,35.132237911224365,-117.41750001907349,-117.56985825300217,4.2300000786781311,5.8857089281082153,3.199999988079071,3.0352291166782379
365,35.700332999229431,35.726614475250244,-117.5093309879303,-117.40667080879211,6.849999725818634,7.2512930631637573,3.7100000381469727,3.3254543244838715
2290,34.595000028610229,34.13042639195919,-116.27100002765656,-116.28402125835419,5.6000000238418579,10.031737089157104,3.0999999940395355,3.0284712016582489
1600,35.973999977111816,35.982720732688904,-117.40499997138977,-117.15367513895035,2.8999999165534973,8.1999975442886353,3.5999999642372131,3.0557975471019745
273,35.929000020027161,35.761224985122681,-117.31133300065994,-117.22277444601059,6.0499995946884155,7.0924928784370422,3.199999988079071,3.0624375343322754
788,35.640334963798523,35.678356528282166,-117.59966999292374,-117.51547884941101,9.9199998378753662,5.9539192914962769,3.3999999761581421,3.1295729577541351
71,35.871999979019165,35.923476696014404,-117.58100000023842,-117.23349905014038,8.9499999582767487,7.907077968120575,3.0600000321865082,3.0201012790203094
2333,34.257999986410141,33.950094599276781,-116.75999999046326,-116.69256997108459,4.0999996662139893,5.4010587930679321,3,3.0215113162994385
1868,32.718000054359436,32.277688980102539,-116.04900002479553,-116.6606959104538,2.8999999165534973,2.2359001636505127,3.3999999761581421,3.0603241324424744
63,33.546332985162735,33.676418215036392,-118.1716669946909,-118.20730844140053,11.709999963641167,5.3917515277862549,3.5300000309944153,3.0939458012580872
394,35.960834980010986,35.667084574699402,-117.27300298213959,-117.38532942533493,2.8700003027915955,7.4749195575714111,3.2700000107288361,3.0413458049297333
1626,32.098000049591064,32.641554594039917,-117.52399998903275,-118.05845957621932,12.100000083446503,4.6271181106567383,3,3.0645981431007385
343,35.64549994468689,35.652976989746094,-117.4541699886322,-117.3668400645256,2.6899999380111694,6.9178265333175659,3.199999988079071,3.0460833013057709
1418,32.866199970245361,32.503583908081055,-116.21599996089935,-117.54212063550949,18.799999952316284,5.5583596229553223,3.5999999642372131,3.0574552416801453
1801,32.757500052452087,32.227245569229126,-117.36129999160767,-116.97918486595154,8.7000001966953278,5.3925812244415283,3.0999999940395355,3.0279445052146912
500,35.631168007850647,35.425963401794434,-117.40716600418091,-117.42406839132309,2.5199997425079346,5.5692726373672485,3.5099999606609344,3.1037984490394592
1725,33.913000002503395,33.760425686836243,-117.79000000655651,-117.92642696946859,17.300000041723251,4.7894954681396484,3,3.0528793036937714
1173,34.026799999177456,33.598663955926895,-116.65240001678467,-116.96732831001282,16.299999989569187,3.2487183809280396,3.0999999940395355,3.0363082587718964
677,35.902832984924316,34.728140950202942,-117.73383298516273,-117.96498320624232,7.2699996829032898,5.0998896360397339,4.6000000052154064,3.3087742924690247
2250,34.354000002145767,34.326448500156403,-118.65100002288818,-118.8908788561821,12.999999895691872,5.7765939831733704,3.0999999940395355,3.6416866779327393
1944,35.730999946594238,34.966049373149872,-116.24500000476837,-116.39938044548035,4.400000274181366,5.1596993207931519,3.199999988079071,3.0353665351867676
2130,34.310000002384186,33.942077700048685,-116.85099995136261,-116.96367120742798,5.7999998331069946,5.3052449226379395,3.2999999821186066,3.0282057523727417
1576,33.019900023937225,32.703710556030273,-116.33210003376007,-116.65807509422302,3.1999996304512024,2.370867133140564,3.9999999850988388,3.201165497303009
272,35.623332977294922,35.888095498085022,-117.58349999785423,-117.7434201836586,11.059999912977219,9.1225719451904297,3.0999999940395355,3.0803207159042358
1463,33.021399974822998,32.392636775970459,-116.25520002841949,-116.38869535923004,14.599999990314245,5.5517953634262085,3.5999999642372131,3.1153501868247986
205,35.698166012763977,35.678249835968018,-117.5256649851799,-117.4060497879982,7.9699999094009399,6.7316222190856934,3.1500000357627869,3.0507543683052063
733,35.69933295249939,35.72363018989563,-117.4830020070076,-117.38359177112579,1.2099999189376831,6.8814736604690552,3,3.0545798242092133
152,35.370833039283752,35.114662647247314,-117.84233300387859,-118.06279931217432,2.8299996256828308,7.1270719170570374,3.2400000393390656,3.1065040826797485
1753,34.832300007343292,34.55576628446579,-116.33630001544952,-116.23369538784027,9.9999998509883881,5.1766222715377808,3,3.3142266869544983
557,35.911167025566101,35.678673267364502,-117.73883301019669,-117.73760896921158,5.1400002837181091,7.0951384305953979,4.6000000052154064,3.5490218102931976
377,35.891834020614624,35.787912011146545,-117.72316700220108,-117.74083641171455,3.8700002431869507,6.4198556542396545,3.3400000333786011,3.089720606803894
1461,34.056000001728535,34.078293405473232,-117.85439999401569,-117.91649172455072,13.100000023841858,2.287943959236145,3,3.0325723886489868
535,35.800835013389587,35.744777679443359,-117.6334989964962,-117.53043410181999,6.550000011920929,7.7251768112182617,3.8999999910593033,3.3928759396076202
1234,33.917700000107288,33.835734322667122,-117.89169999957085,-117.93543941527605,17.899999916553497,4.18620765209198,3.0999999940395355,3.0254620313644409
1044,32.830000042915344,32.422675132751465,-116.12849998474121,-116.36026215553284,10.36999985575676,3.0843821167945862,3.7999999970197678,3.1161390244960785
1973,34.052999999374151,34.503954768180847,-117.02200001478195,-117.93127992004156,16.799999959766865,4.673159122467041,3.4999999701976776,4.0168943703174591
198,35.665832996368408,35.588802814483643,-117.48116302490234,-117.35868138074875,5.85999995470047,6.5013143420219421,3,3.0510518252849579
561,35.606335043907166,35.459131360054016,-117.39983397722244,-117.46863585710526,4.5699995756149292,5.7969152927398682,3.5999999642372131,3.1322636604309082
685,35.72599995136261,34.578089654445648,-117.56133300065994,-117.79263988137245,11.089999973773956,4.6431371569633484,4.0100000202655792,3.4812541902065277
2336,33.973999999463558,33.703767776489258,-117.22600001096725,-117.33656394481659,13.700000010430813,4.7062048316001892,3,3.0560925900936127
590,35.715167999267578,35.634454131126404,-117.56666600704193,-117.32288837432861,6.6200003027915955,7.1102017164230347,3.7999999970197678,3.1736640930175781
519,35.888167977333069,35.073455452919006,-117.73266598582268,-117.59623581171036,5.7600000500679016,4.827309250831604,3.6999999582767487,3.0584023296833038
308,35.775333046913147,35.762877106666565,-117.60116600990295,-117.54550510644913,7.8700000047683716,3.910183310508728,3.4999999701976776,3.0837738811969757
604,35.874668002128601,35.655430793762207,-117.69883000850677,-117.52339938282967,1.9499999284744263,7.5752381980419159,4.3599999994039536,3.655828982591629
2183,35.315000057220459,35.352577924728394,-118.65600001811981,-118.96486061811447,2.4000003933906555,2.6788169145584106,3.0999999940395355,3.0420315563678741
931,34.94083297252655,34.650004684925079,-116.66016697883606,-116.62778401374817,9.4400002062320709,4.9051326513290405,3.129999965429306,3.0234141647815704
59,35.938832998275757,35.839547872543335,-117.31983298063278,-117.46441245079041,3.1300002336502075,8.1842699646949768,3.2700000107288361,3.0769270062446594
583,35.718999981880188,35.107281684875488,-117.6786670088768,-117.62344881892204,3.7000000476837158,6.6052088141441345,3.2999999821186066,3.0496686995029449
911,35.777166962623596,35.780462741851807,-118.24449999630451,-118.30227592587471,8.8699999451637268,6.8019497394561768,3.199999988079071,3.0311036109924316
207,35.944000005722046,35.840674877166748,-117.37999999523163,-117.18150448799133,1.2900003790855408,8.0226172506809235,3.9399999976158142,3.2631999850273132
491,35.863332986831665,34.719481229782104,-117.67283299565315,-118.2278033643961,2.7399998903274536,7.0960512757301331,3.2999999821186066,3.2111923098564148
923,33.477167010307312,33.120667934417725,-116.80333304405212,-116.72517681121826,1.8899998068809509,5.9704890847206116,4.4299999997019768,3.8442733436822891
785,35.689666986465454,35.838736891746521,-117.48533600568771,-117.21938908100128,7.0800000429153442,4.8689085245132446,3.5600000023841858,3.0999999046325684
964,34.816833019256592,34.79392796754837,-116.07333302497864,-116.47308659553528,3.75,7.9359282553195953,4.0999999791383743,3.5335525274276733
2467,34.662000000476837,34.078378088772297,-116.25399994850159,-116.26828384399414,3.3000004291534424,9.3626390397548676,3,3.032550573348999
792,35.662333011627197,35.622915267944336,-117.52399998903275,-117.41894507408142,1.4900001883506775,6.3215929269790649,4.1599999889731407,4.0118896812200546
831,35.63916802406311,35.670609474182129,-117.61866798996925,-117.73223498463631,7.6100000739097595,6.5911379456520081,3.3799999952316284,3.1948737502098083
162,35.623167037963867,35.635004758834839,-117.4748330116272,-117.45671290159225,8.2099999487400055,7.0701697468757629,3.0999999940395355,3.0565979182720184
2136,34.32600000500679,33.785108581185341,-116.86199998855591,-116.9567859172821,1.8999999761581421,5.666382908821106,3,3.0360792875289917
526,35.860000967979431,35.393756866455078,-117.71083098649979,-117.72974848747253,8.2599999010562897,7.1090689301490784,3.3300000429153442,3.0768571794033051
891,34.407667011022568,34.125122427940369,-116.89199995994568,-117.01313602924347,1.5599995851516724,4.3832266330718994,3.4099999666213989,3.0172823667526245
1159,34.025900000706315,34.026777321472764,-117.22060000896454,-117.33084183931351,19.100000113248825,4.1261717677116394,3,3.0230238139629364
256,35.892166018486023,35.720989942550659,-117.70933499932289,-117.84581020474434,7.0199999213218689,7.6694963872432709,3.4600000083446503,3.0373257994651794
506,35.885334014892578,35.236048698425293,-117.73016399145126,-117.75857345759869,4.4600003957748413,6.5212655067443848,3.8999999910593033,3.0549854636192322
2015,32.218600034713745,32.125320553779602,-116.09650003910065,-117.12375724315643,14.299999997019768,6.1382022500038147,3.5999999642372131,3.0378963053226471
2148,34.307000011205673,33.718311250209808,-116.84599995613098,-117.01954787969589,5.0999996066093445,5.2235430479049683,3,3.0297641158103943
2259,34.409999996423721,33.651223033666611,-116.4650000333786,-116.65168261528015,8.7000001966953278,8.0250410735607147,3.3999999761581421,3.0528243184089661
2193,33.530000001192093,33.381881415843964,-116.94000005722046,-116.97951948642731,6.1000004410743713,1.9080644845962524,3.0999999940395355,3.0252720415592194
1309,34.857999980449677,34.582272350788116,-119.2389999628067,-119.10878944396973,12.699999958276749,6.2149447202682495,3.199999988079071,3.1238480508327484
1946,32.003999948501587,32.494667649269104,-116.27600002288818,-117.31318956613541,7.9999999701976776,7.5938978791236877,3,3.0187828838825226
1728,33.826900005340576,33.942589711397886,-117.87299999594688,-117.95326258987188,16.19999997317791,4.1073918342590332,5.5000000298023224,5.2223138809204102
20,35.713500022888184,35.85136079788208,-117.56866699457169,-117.55917775630951,8.2599999010562897,8.8163602352142334,3.6999999582767487,3.2354475259780884
1450,33.622999995946884,33.581777006387711,-119.04299998283386,-118.86923140287399,10.700000077486038,4.4190296530723572,3.5999999642372131,3.0625520646572113
439,35.686668038368225,35.490298986434937,-117.54149600863457,-117.39677482843399,1.5000003576278687,6.7007303237915039,3,3.0384790599346161
1893,33.249000012874603,32.634873390197754,-116.02799999713898,-116.27582859992981,3.7000000476837158,4.7909688949584961,3.3999999761581421,3.0560232996940613
381,35.628502011299133,35.610453605651855,-117.58216899633408,-117.44414269924164,9.1500002145767212,6.3763189315795898,3.2800000011920929,3.0713116228580475
1952,35.034999966621399,34.844830751419067,-119,-119.26076054573059,11.100000143051147,1.7109274864196777,3.199999988079071,3.0334394574165344
2283,33.923000000417233,33.928176276385784,-117.77400000393391,-117.96092643216252,11.799999922513962,4.9277660250663757,3.0999999940395355,3.0621200501918793
538,35.892501950263977,34.630639016628265,-117.72316700220108,-117.72627055644989,4.3500003218650818,4.7451049089431763,3.4999999701976776,3.0669059157371521
2031,35.600000023841858,35.516541719436646,-117.03500002622604,-117.37452876567841,5.6000000238418579,5.0044369697570801,3.199999988079071,3.0408675670623779
1941,33.997800000011921,33.666362166404724,-116.72370004653931,-116.95275318622589,8.4999999403953552,4.6165949106216431,3.8999999910593033,3.4230916500091553
83,34.012667000293732,33.505800396203995,-116.75183296203613,-116.83628392219543,17.330000102519989,5.1881986856460571,3.199999988079071,3.0707052648067474
2121,35.20799994468689,35.301698923110962,-118.1169999986887,-118.18729025125504,4.9999997019767761,6.2744969129562378,3,3.0298906266689301
1237,33.884499996900558,33.919281482696533,-117.92279999703169,-117.87818489968777,13.499999977648258,4.4153648614883423,5.1000000089406967,4.7792786657810211
1350,34.068000003695488,33.942779067903757,-118.3910000026226,-118.44150432944298,2.4000003933906555,2.7383047342300415,3.2999999821186066,3.0311797857284546
883,35.365000009536743,35.284027338027954,-117.87083299458027,-117.81556418538094,2.6500001549720764,6.3147112727165222,3.1700000166893005,3.0331654250621796
1263,33.682099997997284,33.501971900463104,-116.74609994888306,-116.85627722740173,20.799999833106995,4.6361732482910156,3.4999999701976776,3.2022019028663635
2107,34.288800001144409,34.129130929708481,-118.77920001745224,-118.70358246564865,17.899999916553497,4.1004467010498047,3.3999999761581421,3.1405026018619537
1805,33.422699987888336,33.740566670894623,-117.73489999771118,-117.58556127548218,2.8999999165534973,4.4971704483032227,4.8000000044703484,3.9795083105564117
886,34.271499991416931,34.120610311627388,-119.58200001716614,-119.33001685142517,0.74000000953674316,6.7052739858627319,3.0999999940395355,3.0387921631336212
270,35.680667996406555,35.722008109092712,-117.51300099492073,-117.285908639431,5.7300004363059998,6.15883469581604,3.2999999821186066,3.092810332775116
1746,34.019999999552965,33.8686263859272,-117.14300000667572,-117.17285215854645,5.899999737739563,4.2155671119689941,3.0999999940395355,3.0304272472858429
1179,35.406100034713745,35.416857719421387,-117.79549999535084,-117.92939899861813,12.899999991059303,7.6926411688327789,3.199999988079071,3.1008997857570648
2445,34.804000020027161,33.586726754903793,-116.13100004196167,-116.31243848800659,1.600000262260437,11.283179596066475,3.4999999701976776,3.0289062559604645
2295,32.759999990463257,32.884102344512939,-118.32100000977516,-118.32476994395256,26.299999952316284,6.9844785332679749,3.2999999821186066,3.0642449855804443
1650,33.150499999523163,32.856666326522827,-116.52950000762939,-116.76469504833221,15.500000026077032,2.4704146385192871,3.3999999761581421,3.0639654099941254
1509,33.881999999284744,33.68688902258873,-116.692999958992,-116.98319792747498,12.899999991059303,4.5196938514709473,3.5999999642372131,3.1102864444255829
1452,33.983999999240041,33.57414984703064,-116.56200003623962,-116.58905625343323,12.499999925494194,5.41780024766922,3,3.0416908264160156
429,35.807499051094055,35.589790105819702,-117.59366598725319,-117.56776711344719,6.5100002288818359,6.3585367798805237,3.4999999701976776,3.0367080867290497
1213,35.336400032043457,35.396021842956543,-118.55729997158051,-118.72707408666611,16.099999956786633,2.4758899211883545,3.0999999940395355,3.0973337888717651
2224,35.700000047683716,35.733576893806458,-118.08500000089407,-117.79998159408569,2.8999999165534973,6.4986151456832886,3,3.0494606494903564
2235,34.518999993801117,33.891441233456135,-116.29100000858307,-116.55424427986145,5.6000000238418579,8.8431085646152496,3.3999999761581421,3.0670368075370789
458,35.887665033340454,35.472454786300659,-117.69400000572205,-117.59179684519768,2.6199996471405029,6.8908560276031494,3.199999988079071,3.07762411236763
927,33.930500000715256,33.488909065723419,-116.82383298873901,-116.84689772129059,5.9700000286102295,4.8323285579681396,3,3.0461840629577637
78,35.899166941642761,35.940943717956543,-117.70566698908806,-117.45791745185852,4.9399995803833008,8.9680798351764679,3.4999999701976776,3.073093593120575
2469,35.031000018119812,34.901593029499054,-118.3459999859333,-118.49118003249168,3.1999996304512024,5.378214418888092,3.8999999910593033,3.1441853642463684
2124,33.120000004768372,32.567174434661865,-116.10300004482269,-116.34471583366394,10.100000202655792,2.8234881162643433,3.199999988079071,3.1030243635177612
32,33.915500000119209,33.43109530210495,-116.72650003433228,-116.78424096107483,16.13000001758337,5.2173060178756714,3.3600000143051147,3.0632162690162659
906,34.338333010673523,34.206108674407005,-117.72416698932648,-117.70261389017105,5.1900002360343933,4.1068053245544434,3.0999999940395355,3.0235885083675385
1127,34.397199988365173,34.320068895816803,-118.97450000047684,-118.89782106876373,18.299999982118607,6.7634180188179016,3,3.0406580865383148
1027,32.503499984741211,32.260403394699097,-116.97016704082489,-116.80925798416138,12.110000029206276,3.9798134565353394,3.4500000178813934,3.0448200702667236
2274,34.638999998569489,33.319129109382629,-116.23099994659424,-116.57162070274353,3.5000002384185791,11.565206050872803,3.2999999821186066,3.0403282642364502
380,35.900166034698486,35.639582872390747,-117.67717000842094,-117.70498916506767,3.2499995827674866,5.2745175361633301,3.070000022649765,3.0386309623718262
226,35.958500027656555,35.94413948059082,-117.28250098228455,-117.00154083967209,5.0499996542930603,8.5792265832424164,3.5999999642372131,3.1323460936546326
1776,34.129399999976158,33.929656222462654,-116.98580002784729,-117.08068490028381,6.8999996781349182,4.1358518600463867,3.8999999910593033,3.2928836345672607
1229,33.895400002598763,33.824178040027618,-117.95479999855161,-117.9340670183301,15.599999986588955,4.5273542404174805,3,3.0369222164154053
715,35.891167044639587,34.246293619275093,-117.67550000548363,-118.08164487034082,7.420000433921814,5.029333233833313,4.0700000077486038,3.9417703002691269
1565,33.964999999850988,33.560757368803024,-118.71299999952316,-117.98926515784115,5.9999996423721313,4.8567885160446167,3.0999999940395355,3.1692600846290588
686,35.893332958221436,34.610140204429626,-117.72383299469948,-117.73972076177597,9.8899997770786285,4.5977881550788879,3.7999999970197678,3.5397555828094482
2374,33.631000012159348,33.440389394760132,-116.81200003623962,-117.02912706136703,18.500000014901161,3.4620022773742676,3.2999999821186066,3.1085149347782135
1562,33.075299978256226,32.506046652793884,-116.38750004768372,-116.68863034248352,9.2000001668930054,5.2629142999649048,3.5999999642372131,3.0621544718742371
305,35.641499042510986,35.636379599571228,-117.553337007761,-117.45119261741638,7.1199998259544373,6.9348227977752686,3.3799999952316284,3.1120820045471191
209,35.945999026298523,35.906536459922791,-117.3756639957428,-117.3842488527298,-0.04999995231628418,8.3248615264892578,3.0900000035762787,3.0495742857456207
2444,32.032999992370605,32.195821523666382,-116.2940000295639,-116.38979196548462,2.6000002026557922,3.4163099527359009,3.199999988079071,3.1505235135555267
1723,34.987999975681305,34.979100167751312,-119.68700003623962,-119.64389991760254,15.599999986588955,1.1350241303443909,3.0999999940395355,3.0454244613647461
2518,34.813000023365021,34.839119553565979,-116.3289999961853,-116.4531569480896,9.4999998807907104,8.7006841599941254,3,3.0314076840877533
1106,35.214333057403564,35.133018732070923,-117.28149998188019,-117.50145399570465,3.1700000166893005,4.6197295188903809,4.2499999925494194,4.277836985886097
1992,32.700000047683716,32.462555527687073,-117.59099999070168,-117.47558230161667,7.9999999701976776,4.1809326410293579,3.0999999940395355,3.039926290512085
1242,33.963300000876188,33.869901612401009,-118.42410001158714,-118.55602741241455,16.099999956786633,2.779507040977478,3.199999988079071,3.0460237562656403
1174,35.668599963188171,35.7484450340271,-117.52860000729561,-117.44522869586945,14.400000013411045,6.0786634683609009,3.7999999970197678,3.1484379172325134
1566,33.151000022888184,33.608069986104965,-116.48199999332428,-117.67993858456612,11.499999985098839,4.4981253147125244,3.8999999910593033,3.0855972468852997
1005,33.891999997198582,33.512940675020218,-116.20383298397064,-116.35872089862823,8.9600001275539398,5.234144926071167,3,3.032941460609436
1511,33.169000029563904,33.064669013023376,-119.32400000095367,-118.87190997600555,5.9999996423721313,6.8550297617912292,3.0999999940395355,3.056582897901535
191,35.523499965667725,35.636905431747437,-117.38050001859665,-117.16910815238953,7.8599998354911804,6.0451385378837585,3.0999999940395355,3.0546239018440247
1535,34.316000014543533,34.195637419819832,-116.84700000286102,-117.02020919322968,1.600000262260437,4.7061198949813843,3.3999999761581421,3.039509654045105
1110,33.837166994810104,33.619100660085678,-117.04783302545547,-117.15360856056213,13.880000039935112,4.5806506276130676,3.0500000417232513,3.0602879226207733
2497,34.639999985694885,33.726927012205124,-116.26800000667572,-116.21796321868896,3.3000004291534424,9.1947099566459656,3,3.0310507714748383
483,35.881999969482422,35.665990471839905,-117.72983598709106,-117.58900511264801,4.5600003004074097,8.1879007816314697,3.4099999666213989,3.0579449236392975
2423,34.441000014543533,33.795244798064232,-116.25399994850159,-116.4401547908783,5.9999996423721313,8.6513726413249969,3.3999999761581421,3.0473071932792664
915,33.482833027839661,33.094167649745941,-116.8026670217514,-116.77197504043579,1.9399997591972351,2.7515736222267151,3.2099999785423279,3.0544489324092865
1506,32.486500024795532,32.264966726303101,-118.09000000357628,-118.0062634665519,9.9999998509883881,8.2241123914718628,3.0999999940395355,3.022606372833252
277,35.554000973701477,35.4381023645401,-117.31066900491714,-117.23322004079819,7.3600003123283386,5.2386581897735596,3.8099999874830246,3.8632712513208389
2408,34.225999996066093,33.824784964323044,-116.7849999666214,-116.85395789146423,8.8000001013278961,5.7608985900878906,4.0999999791383743,3.4900551438331604
221,35.944499969482422,35.867548584938049,-117.37733501195908,-117.19097661972046,-0.34999966621398926,8.4949891269207001,3.6999999582767487,3.2851506471633911
1261,35.658699989318848,35.681140184402466,-118.47020000219345,-118.17699871957302,11.700000017881393,6.7130085825920105,3.0999999940395355,3.0300897359848022
571,35.87766695022583,35.215142250061035,-117.7248310148716,-117.71762353181839,2.9499998688697815,5.7742559909820557,3.2999999821186066,3.0673620700836182
411,35.662333965301514,35.107409000396729,-117.47016900777817,-117.66813412308693,5.2699998021125793,6.0635107755661011,3.0399999618530273,3.0682060718536377
2404,33.995000000111759,33.510180562734604,-116.71399998664856,-116.99675917625427,13.599999994039536,4.5014789700508118,3.3999999761581421,3.1807124018669128
1398,33.233799993991852,32.709464430809021,-116.105299949646,-116.81059980392456,12.199999988079071,4.9775433540344238,3.3999999761581421,3.0655536353588104
1253,34.221100002527237,34.197678551077843,-119.55159997940063,-119.29861330986023,21.900000125169754,7.3329037427902222,3.0999999940395355,3.0599023103713989
585,35.916668057441711,35.328243851661682,-117.75533300638199,-117.56263795495033,9.0600000321865082,6.3595050573348999,3.5200000405311584,3.0311451852321625
2026,34.829999983310699,34.413807511329651,-118.34999999403954,-118.52114450931549,6.6999998688697815,5.0994729995727539,3.0999999940395355,3.0265402793884277
1266,35.753100037574768,35.210996031761169,-119.83599996566772,-119.59799432754517,4.6000000834465027,8.5131624341011047,4.0999999791383743,3.4095198512077332
2535,34.672999978065491,33.663093715906143,-116.33399999141693,-116.37985014915466,6.1000004410743713,7.9627038538455963,3.199999988079071,3.028014600276947
1613,34.164000004529953,34.135771214962006,-117.42699998617172,-117.39225631952286,5.5000001192092896,3.996867835521698,3.2999999821186066,3.0741323232650757
674,35.871832966804504,34.355525761842728,-117.70133298635483,-117.7450884282589,6.119999885559082,4.1328245401382446,3.5300000309944153,3.0567111074924469
2010,34.116999998688698,33.959406170994043,-117.43999999761581,-117.38113337755203,4.5000001788139343,4.1154992580413818,3.0999999940395355,3.0283169746398926
855,35.406167030334473,35.633663535118103,-118.84500002861023,-119.26307249069214,13.100000023841858,2.3507648706436157,3.4999999701976776,3.1194649636745453
447,35.885666012763977,34.67157369852066,-117.69833400845528,-118.16751034557819,7.0099997520446777,6.9332608580589294,3.1899999976158142,3.026757538318634
1765,34.091499999165535,34.098722048103809,-117.49349999427795,-117.61869797110558,9.9999998509883881,4.3572664260864258,3.9999999850988388,3.6150995492935181
2460,32.098999977111816,32.260789155960083,-116.39600002765656,-116.98966956138611,2.7000001072883606,2.806524932384491,3.0999999940395355,3.0513280928134918
222,35.981333017349243,35.862245082855225,-117.38599997758865,-117.21039193868637,-0.44999957084655762,8.6334595084190369,3.6599999964237213,3.3115900754928589
1778,32.389999985694885,32.495992422103882,-116.35699999332428,-116.58208870887756,14.599999990314245,4.1424447298049927,3.199999988079071,3.0413618981838226
2309,35.937000036239624,35.864746332168579,-117.91200000047684,-118.05000845715404,0.99999994039535522,7.2578895092010498,3.6999999582767487,3.2821324467658997
2050,32.416499972343445,32.215025544166565,-117.82179999351501,-117.49965584278107,9.9999998509883881,8.7986478209495544,5.0000000149011612,4.0727573186159134
1606,34.349000006914139,33.982951786369085,-116.8918000459671,-117.07828187942505,9.5999997854232788,4.31571364402771,3.5999999642372131,3.1786307394504547
1772,32.36300003528595,32.27617359161377,-117.4559999704361,-117.36973977088928,12.299999892711639,5.3132128715515137,3.2999999821186066,3.0689501166343689
45,35.34850001335144,35.358440160751343,-117.86349999904633,-117.86890108883381,3.8899996876716614,6.8332761526107788,3.0600000321865082,3.0308591723442078
2220,33.997999999905005,33.987244481220841,-118.35100001096725,-118.43969044089317,13.299999944865704,0.92631518840789795,3,3.0565198659896851
1665,32.392500042915344,32.440449476242065,-117.65779998898506,-117.72528496384621,4.3000003695487976,6.5778511762619019,3.0999999940395355,3.0221882164478302
961,33.741167008876801,33.818894654512405,-117.48966699838638,-117.5746862590313,10.550000220537186,4.268738329410553,3.1399999558925629,3.0325470864772797
294,35.872002005577087,35.842454671859741,-117.7131649851799,-117.55165353417397,7.8800001740455627,6.8038192391395569,3.550000011920929,3.0879809260368347
1196,35.518800020217896,35.50897490978241,-116.25769996643066,-116.52224016189575,4.5000001788139343,6.2481397390365601,3.199999988079071,3.0208644568920135
988,33.221832990646362,32.830285787582397,-116.75016701221466,-116.82288813591003,11.53999999165535,2.6620101928710938,3,3.0306889414787292
588,35.80066704750061,35.109082698822021,-117.56600001454353,-117.60249996185303,3.0399996042251587,5.7703542709350586,3.3600000143051147,3.0327389538288116
2081,32.083999991416931,32.465218186378479,-116.3860000371933,-117.23876458406448,5.2000004053115845,5.909770131111145,3.199999988079071,3.066638857126236
257,35.572834014892578,35.631518721580505,-117.36150401830673,-117.2200174331665,1.8200004100799561,6.2798309326171875,3.4899999797344208,3.1715676784515381
1344,33.682200014591217,33.513715624809265,-116.80900001525879,-116.95541381835938,16.299999989569187,3.9892637729644775,3.8999999910593033,3.2427050471305847
1900,32.641999959945679,32.364897608757019,-117.33999997377396,-117.11924046278,7.9999999701976776,7.966877818107605,3.7999999970197678,3.1428641974925995
926,33.092499017715454,32.538557291030884,-116.5711669921875,-116.93777990341187,2.3900002241134644,5.1111209392547607,3.2099999785423279,3.1779229044914246
2252,34.462000012397766,33.954122636467218,-116.48300004005432,-116.53484928607941,3.8999998569488525,6.2020960450172424,3.0999999940395355,3.0269363522529602
2108,34.395000010728836,34.219497829675674,-118.64999997615814,-118.74669051170349,17.300000041723251,0.66796034574508667,3.199999988079071,3.0854551792144775
436,35.379001975059509,35.18635892868042,-117.65083301067352,-117.49748951196671,-0.86000025272369385,6.4211028814315796,3.0500000417232513,3.0776640772819519
1033,33.239000022411346,32.655658483505249,-116.05350005626678,-116.36513710021973,5.1499995589256287,3.67717444896698,3.6100000441074371,3.1167351007461548
1790,33.564000010490417,33.723296076059341,-118.22699999809265,-118.21391539275646,15.100000002421439,4.1783854365348816,3.0999999940395355,3.0544566214084625
393,35.636500000953674,35.747409343719482,-117.43400001525879,-117.41188448667526,2.7200004458427429,7.9221653938293457,3.070000022649765,3.0416579246520996
425,35.896667957305908,35.623265981674194,-117.72683000564575,-117.70625519752502,3.5799998044967651,4.6507090330123901,3.2199999690055847,3.0400934815406799
534,35.784667015075684,35.674150705337524,-117.60183298587799,-117.46505975723267,4.9999997019767761,8.2710273563861847,3.4400000274181366,3.0827517807483673
30,33.868833005428314,33.197324872016907,-116.19649994373322,-116.38843858242035,8.0900001525878906,5.6009477376937866,3.0999999940395355,3.0665295124053955
1010,34.863833010196686,34.752536535263062,-118.96433299779892,-119.20513319969177,0.18999963998794556,1.9158554077148438,3.4999999701976776,3.1285891234874725
1337,33.73199999332428,33.745619624853134,-118.81599998474121,-118.65088105201721,1.8000000715255737,4.1643860936164856,3.199999988079071,3.0419129133224487
2109,32.733999967575073,32.360276937484741,-116.01999998092651,-116.59557974338531,7.9000000655651093,2.7577221393585205,3.199999988079071,3.0668750703334808
1032,34.04016700014472,33.967909168452024,-117.23750001192093,-117.25315189361572,17.710000053048134,3.9907246828079224,3.4899999797344208,3.0334417819976807
2511,34.035999998450279,33.787649586796761,-117.25400000810623,-117.40689843893051,17.199999913573265,4.7227683663368225,3.0999999940395355,3.0562237501144409
1483,34.481299996376038,34.199654087424278,-118.708899974823,-118.61340606212616,17.100000008940697,5.2750977873802185,3.5999999642372131,3.2349886000156403
1307,35.157999992370605,35.084248900413513,-116.83899998664856,-116.90067267417908,1.8000000715255737,4.9761682748794556,3.199999988079071,3.0497084856033325
2063,35.751000046730042,35.502818822860718,-118.0230000000447,-117.60124945640564,5.5000001192092896,7.6370948553085327,3,3.0241865515708923
2243,34.172999992966652,34.208867341279984,-118.81300002336502,-118.72120803594589,18.500000014901161,4.2403972148895264,3.4999999701976776,3.0554414391517639
1616,34.163000002503395,34.054016921669245,-119.14100003242493,-119.00478994846344,3.3000004291534424,7.318718433380127,3.0999999940395355,3.0271753370761871
556,35.8125,34.628707230091095,-117.63783299922943,-117.74754270911217,7.7170000970363617,4.4924569129943848,3.1899999976158142,3.3002126812934875
1647,33.864999994635582,34.132817924022675,-117.77670000493526,-117.8707403242588,9.9999998509883881,4.4175785779953003,3.2999999821186066,3.1601889431476593
2024,33.5,33.417804360389709,-116.48300004005432,-116.50088906288147,6.9999995827674866,1.0300290584564209,3.3999999761581421,3.0792791247367859
2260,34.612999975681305,33.935895428061485,-116.27799999713898,-116.29510807991028,5.6000000238418579,10.058201104402542,3.199999988079071,3.0376557111740112
570,35.798832058906555,35.373067140579224,-117.62750199437141,-117.49605876207352,7.7700001001358032,6.4022469520568848,3.4999999701976776,3.0338530540466309
352,35.602833032608032,35.68211841583252,-117.46933001279831,-117.27811545133591,4.2699998617172241,6.7010682821273804,3.5999999642372131,3.1838749051094055
91,35.960332989692688,35.87496554851532,-117.4001669883728,-117.21846216917038,1.3300001621246338,7.8401429951190948,3.2099999785423279,3.0403507053852081
2134,34.340200006961823,33.046827018260956,-116.17589998245239,-116.40405225753784,3.8999998569488525,10.242997258901596,4.0999999791383743,3.7025338411331177
1073,33.431500017642975,33.060529708862305,-116.44266700744629,-116.59198594093323,12.310000061988831,5.7927748560905457,5.1900000125169754,4.8719298765063286
2414,35.452999949455261,35.760081648826599,-116.52100002765656,-117.03756093978882,9.3000000715255737,7.2091108560562134,3.5999999642372131,3.0585804283618927
1951,35.032999992370605,34.345325082540512,-119.00800001621246,-118.89607608318329,13.399999961256981,7.1408048272132874,3.0999999940395355,3.0384309589862823
2111,33.01800000667572,32.221686720848083,-116.02199995517731,-116.38117575645447,2.800000011920929,1.4705157279968262,3.0999999940395355,3.1995719969272614
348,35.580333948135376,35.382225036621094,-117.61216700077057,-117.71158996224403,9.60999995470047,6.7719143629074097,3.2999999821186066,3.1196382343769073
1124,32.144600033760071,32.177361011505127,-117.73719999194145,-117.45552337169647,10.700000077486038,7.9994930326938629,3.4999999701976776,3.0725379288196564
1908,35.929999947547913,35.790865421295166,-117.64300000667572,-117.31266731023788,3.7999999523162842,8.1636549532413483,3,3.0490383803844452
1818,33.696999996900558,33.250006079673767,-116.04200005531311,-116.24660706520081,12.400000020861626,7.2283110022544861,3.2999999821186066,3.0534090399742126
1050,33.99100000038743,33.576593965291977,-116.38966703414917,-116.71347320079803,8.6499997973442078,6.0170638561248779,3.3999999761581421,3.0938591659069061
2409,34.990000009536743,34.9561807513237,-116.84099996089935,-116.65035498142242,3.1999996304512024,6.9859206676483154,3,3.0449337065219879
2395,34.287999987602234,33.912273958325386,-116.83599996566772,-117.18457019329071,5.899999737739563,5.1885169744491577,3,3.0223809778690338
2097,34.252600014209747,34.020511697977781,-118.75220000743866,-118.77446794509888,13.80000002682209,0.22110074758529663,3.5999999642372131,3.1008973717689514
453,35.55649995803833,35.115775346755981,-117.35616701841354,-117.37213104963303,9.2099998891353607,6.3530552387237549,3.3600000143051147,3.1002237796783447
913,33.259167015552521,32.875291347503662,-116.7586669921875,-116.60782361030579,13.519999980926514,1.3897454738616943,3,3.0293075144290924
1950,35.044000029563904,34.949892103672028,-119.01800000667572,-119.18596506118774,10.999999791383743,1.6606834530830383,3.199999988079071,3.0341008007526398
37,34.276167005300522,34.166056632995605,-119.2936669588089,-119.08049714565277,14.560000011697412,6.5772557258605957,3.4199999570846558,3.055355966091156
974,33.149999976158142,32.622157573699951,-116.48166704177856,-116.75382018089294,11.07000008225441,4.0819215774536133,3,3.0756924748420715
1797,33.733000010251999,33.685557514429092,-117.48400002717972,-117.3725528717041,11.499999985098839,4.4219908118247986,3.199999988079071,3.0350677371025085
1411,32.786999940872192,32.4493408203125,-116.14100003242493,-116.43056631088257,5.9999996423721313,4.047553539276123,3.0999999940395355,3.1106763482093811
39,35.748000025749207,35.83733057975769,-117.59266701340675,-117.22182983160019,8.5199998319149017,7.7715043723583221,3.4999999701976776,3.0582866370677948
1731,35.451300024986267,35.097111225128174,-119.12489998340607,-119.40971565246582,17.100000008940697,0.092109739780426025,3.0999999940395355,3.0960329174995422
169,35.597332954406738,35.577186107635498,-117.37150001525879,-117.1897149682045,5.8800002932548523,6.3617634773254395,3.4799999892711639,3.1511678695678711
2045,34.061000000685453,33.894575484097004,-118.85199999809265,-118.69091689586639,13.499999977648258,5.1307386159896851,3.3999999761581421,3.0528233349323273
1116,34.342166990041733,34.187901139259338,-118.46616700291634,-118.30389139056206,3.2900002598762512,4.3212246894836426,3.4799999892711639,3.0950223505496979
1359,33.901000000536442,33.925822801887989,-117.78900000452995,-117.823082908988,9.4999998807907104,4.4053494930267334,3.3999999761581421,3.0605429112911224
634,35.828335046768188,35.054667472839355,-117.67732998728752,-117.95186935737729,1.5400001406669617,5.8458530902862549,3.4500000178813934,3.1103168427944183
1377,33.663100004196167,33.573434770107269,-119.0407999753952,-118.68113934993744,9.9999998509883881,5.9491878747940063,3.4999999701976776,3.259301483631134
579,35.832833051681519,35.752735257148743,-117.67649999260902,-117.67129290103912,3.670000433921814,8.7003739178180695,4.1799999922513962,3.5464510917663574
1584,32.220999956130981,32.327695369720459,-116.57099997997284,-117.32673609256744,5.9999996423721313,4.8292887210845947,3,3.0705814361572266
892,33.481333017349243,33.382478952407837,-116.79900002479553,-116.9080011844635,4.0700000524520874,4.9203372001647949,3.4999999701976776,3.0689131021499634
780,35.677502036094666,35.840772867202759,-117.51483199000359,-117.37899827957153,2.8499999642372131,6.1163395643234253,3.3999999761581421,3.1308539807796478
159,35.682332992553711,35.558723092079163,-117.47200000286102,-117.40863794088364,5.7100000977516174,6.3347285985946655,3.0999999940395355,3.0476692020893097
2075,34.810000002384186,34.480070173740387,-116.30999994277954,-116.24970638751984,2.9999998211860657,8.8824650645256042,3.0999999940395355,3.0380833446979523
1558,32.623999953269958,32.169018745422363,-116.14900004863739,-116.99015665054321,2.8999999165534973,3.4563061594963074,3.0999999940395355,3.0794196724891663
61,35.54183304309845,35.781225681304932,-117.45083302259445,-117.15362387895584,5.3400000929832458,7.1928262710571289,3.3999999761581421,3.0606928467750549
849,34.989666998386383,34.891421794891357,-116.45899999141693,-116.38083696365356,1.5699997544288635,4.8947435617446899,3.1500000357627869,3.0264517664909363
1593,33.958000000566244,33.70823809504509,-116.89139997959137,-116.90460324287415,13.900000043213367,4.4057276844978333,3.7999999970197678,3.6992071866989136
2450,34.77700001001358,33.805592849850655,-116.25199997425079,-116.4058598279953,2.6000002026557922,9.7879211604595184,3,3.0560202598571777
1043,33.22333300113678,32.569118618965149,-116.08783304691315,-116.40066564083099,10.999999791383743,3.505445122718811,3.1500000357627869,3.052151083946228
1389,35.41349995136261,35.224044799804688,-119.36059999465942,-119.18308579921722,9.4999998807907104,3.7382689118385315,3.3999999761581421,3.0810482203960419
1163,34.822200000286102,34.553373634815216,-116.4206999540329,-116.71163535118103,11.100000143051147,5.8751419186592102,3.4999999701976776,3.083299309015274
1070,33.443666994571686,34.489892452955246,-116.46599996089935,-118.12377913296223,10.78000009059906,4.545917809009552,3.199999988079071,3.7445095181465149
53,35.606166958808899,35.884049773216248,-117.41200000047684,-117.08999389410019,4.5100003480911255,5.6921499967575073,3.0999999940395355,3.019480973482132
2202,34.718999981880188,33.973931806162,-116.29100000858307,-116.29657828807831,5.6000000238418579,8.8770568370819092,3.2999999821186066,3.023046612739563
505,35.703999042510986,35.615118622779846,-117.55799901485443,-117.62816229462624,7.0599997043609619,7.0631155371665955,3.9099999815225601,3.6338665187358856
752,35.726832985877991,35.69772469997406,-117.56416299939156,-117.61837035417557,1.5400001406669617,7.4272522330284119,3.1700000166893005,3.060417115688324
1423,33.726999998092651,33.802271634340286,-119.38900005817413,-119.01366746425629,5.9999996423721313,5.7370224595069885,3,3.0538608133792877
1467,34.321799993515015,34.144440814852715,-116.83749997615814,-116.89409422874451,2.8999999165534973,5.1438421010971069,3.199999988079071,3.0193178057670593
1435,33.631999999284744,33.608958691358566,-118.51499998569489,-118.34804305434227,3.099999725818634,5.1318705081939697,3.2999999821186066,3.0610983967781067
2044,35.227800011634827,35.135071635246277,-119.5081000328064,-119.44852423667908,1.0999998450279236,2.5968047976493835,3.4999999701976776,3.0696050226688385
2077,34.368000000715256,34.187227845191956,-118.62199997901917,-118.51260012388229,12.100000083446503,4.2667222023010254,3,3.0401266515254974
771,35.747002005577087,35.957821249961853,-117.56816899776459,-117.36044293642044,2.4199998378753662,6.3898032903671265,3.7200000286102295,3.1375956237316132
2378,34.217999994754791,33.777413219213486,-116.932000041008,-117.13995790481567,6.2000003457069397,4.9585640430450439,3.5999999642372131,3.0568173229694366
2466,34.656000018119812,34.105431325733662,-116.3400000333786,-116.57859742641449,7.8000001609325409,9.0082892775535583,3.2999999821186066,3.0370432734489441
1085,34.521667003631592,34.473971217870712,-119.07483303546906,-118.93590080738068,19.299999922513962,5.0356864929199219,4.1299999952316284,3.2274938821792603
1837,32.687800049781799,32.368183016777039,-116.02960002422333,-116.44970178604126,13.999999947845936,4.289395809173584,3.2999999821186066,3.0283842980861664
1226,35.651000022888184,35.736578226089478,-118.44560000300407,-118.37553104758263,7.5,7.7700470387935638,3.0999999940395355,3.0524022281169891
2226,35.713000059127808,35.737193822860718,-118.07800000160933,-117.98734765220433,2.8999999165534973,9.3384164571762085,3,3.0679305195808411
1407,34.007000000216067,33.600540459156036,-116.32299995422363,-116.50368356704712,10.200000107288361,6.2308251857757568,3.199999988079071,3.0664118528366089
1784,33.511999994516373,33.147877335548401,-116.46800005435944,-116.77555871009827,4.9999997019767761,4.381529688835144,3.2999999821186066,3.0647584497928619
2147,34.280600011348724,33.9386474378407,-116.83309996128082,-117.21773678064346,3.7000000476837158,5.2852723002433777,3.4999999701976776,3.0537294745445251
963,34.702499985694885,34.544705331325531,-116.23183298110962,-116.47328472137451,3.0099999904632568,7.4213147163391113,3,3.0206715166568756
1193,32.996999979019165,32.649256944656372,-117.64599999785423,-117.50364634394646,0,7.1835172176361084,3.199999988079071,3.0408356487751007
398,35.595332980155945,35.331677436828613,-117.3759999871254,-117.4275985956192,3.9200001955032349,5.8196479082107544,3.4600000083446503,3.0798211097717285
584,35.703999042510986,35.565804719924927,-117.55616798996925,-117.49988371133804,7.1599996089935303,7.4242794513702393,3,3.0325406491756439
948,34.852500021457672,34.522223472595215,-116.39716696739197,-116.418785572052,1.1200001835823059,5.6472480297088623,3.2899999916553497,3.077864795923233
704,35.902500033378601,34.456310510635376,-117.72216698527336,-117.96876621060073,4.7600001096725464,4.5606958866119385,4.3999999947845936,3.226402223110199
431,35.781833052635193,35.360749959945679,-117.58916699886322,-117.67028132081032,8.5999998450279236,7.3253694176673889,3.0299999713897705,3.0384667217731476
292,35.728999972343445,35.887294769287109,-117.56749698519707,-117.28729093074799,6.2400001287460327,7.1538171172142029,3.199999988079071,3.1037997007369995
1972,34.0489999987185,34.433101236820221,-117.00700002908707,-117.83534449338913,15.400000009685755,4.6296018362045288,3.3999999761581421,3.6751973032951355
1490,33.371100008487701,32.772783756256104,-116.36090004444122,-116.62745666503906,14.299999997019768,4.5829814672470093,3.7999999970197678,3.1038504838943481
1857,34.344999998807907,34.099223449826241,-116.75300002098083,-116.81774020195007,2.6000002026557922,4.7089174389839172,3,3.0387119650840759
2,35.769999980926514,35.819056630134583,-117.59516701102257,-117.33710360527039,7.7799998223781586,6.6688388586044312,3.9300000071525574,3.2240288257598877
576,35.902667045593262,35.183179140090942,-117.72766700387001,-117.69500255584717,5.3000003099441528,6.2914207577705383,3.5999999642372131,3.040204793214798
1846,32.837000012397766,32.823800325393677,-117.66600000858307,-117.7411867082119,5.9999996423721313,6.28917396068573,3.0999999940395355,3.0350819528102875
339,35.690834045410156,35.541096091270447,-117.53933000564575,-117.62540480494499,6.629999577999115,6.730799674987793,3.4500000178813934,3.0851673781871796
1502,34.730000019073486,34.760725557804108,-116.77300000190735,-116.62880170345306,3.9999997615814209,4.1145390272140503,3.0999999940395355,3.0322234332561493
925,34.00366699998267,33.66163581609726,-117.01950001716614,-117.09102767705917,16.030000001192093,4.3503767251968384,3.0600000321865082,3.0434592068195343
265,35.900333046913147,35.893857836723328,-117.67316401004791,-117.46940988302231,8.0699998140335083,7.7677828073501587,3.1700000166893005,3.1160783171653748
376,35.860999941825867,35.740467548370361,-117.68399798870087,-117.76051111519337,6.7399996519088745,7.8492294251918793,3.5999999642372131,3.0761270821094513
271,35.624668002128601,35.451557874679565,-117.43016797304153,-117.3083062171936,3.7700003385543823,5.4239416122436523,3.1500000357627869,3.0940024852752686
696,35.893666982650757,34.160507246851921,-117.72166699171066,-117.86839553713799,9.3899998068809509,4.5937532186508179,3.550000011920929,3.4601617455482483
1670,33.942999999970198,33.806992754340172,-118.783999979496,-118.56807094812393,13.999999947845936,3.6307042837142944,3.0999999940395355,3.0487723052501678
244,35.663334012031555,35.671754240989685,-117.49800097942352,-117.52901121973991,3.3000004291534424,7.5836719572544098,3.0800000131130219,3.0467776358127594
1885,32.128000020980835,32.247498869895935,-116.64900004863739,-117.56940287351608,11.100000143051147,5.4163473844528198,3.199999988079071,3.0797234773635864
476,35.909832954406738,35.486200213432312,-117.73233300447464,-117.93706870079041,4.1499996185302734,7.3444291949272156,4.5,3.6646881401538849
1700,33.539000004529953,32.923226714134216,-116.57799994945526,-116.75235748291016,13.100000023841858,2.913515567779541,3.0999999940395355,3.0250128507614136
1278,32.915500044822693,32.440001010894775,-116.25969994068146,-116.4598423242569,5.9999996423721313,2.9860246181488037,3.4999999701976776,3.1166834235191345
1325,35.82260000705719,35.959796786308289,-116.78910005092621,-116.63257145881653,9.9999998509883881,6.3778683543205261,3.2999999821186066,3.5170769691467285
2398,32.047999978065491,32.252789497375488,-116.42599999904633,-117.20447266101837,5.9999996423721313,6.4083507657051086,3.0999999940395355,3.0490649342536926
1375,35.787299990653992,35.29489541053772,-116.26549994945526,-116.43762040138245,12.800000086426735,5.9377017617225647,3,3.0434581339359283
250,35.88633394241333,35.721700429916382,-117.70149999856949,-117.81092903017998,4.9700000882148743,8.553042858839035,3.2999999821186066,3.0564378798007965
413,35.634498953819275,35.455783843994141,-117.43183100223541,-117.58787086606026,2.8499999642372131,6.551206111907959,3.0999999940395355,3.0563549995422363
1752,33.410799980163574,33.072759628295898,-116.43649995326996,-116.65021347999573,10.200000107288361,3.7055611610412598,3.4999999701976776,3.4329115748405457
1702,35.92929995059967,35.569386720657349,-116.75950002670288,-116.87101411819458,9.9999998509883881,6.4219969511032104,3.199999988079071,3.033802717924118
310,35.654999017715454,35.603265047073364,-117.52600100636482,-117.57005205750465,9.7599998116493225,6.1302906274795532,3.1899999976158142,3.0777815580368042
893,35.956833004951477,35.711008310317993,-116.73450005054474,-116.86960864067078,-0.34000039100646973,6.7974445223808289,3.5999999642372131,3.0465638637542725
1131,35.870100021362305,35.855149745941162,-117.69049999117851,-117.52011162042618,5.9999996423721313,8.0528689920902252,3,3.1321206092834473
2462,34.579999983310699,33.471710562705994,-116.18099999427795,-116.24248421192169,1.8000000715255737,9.9511948227882385,3,3.0205870270729065
15,32.587499976158142,32.115647196769714,-117.92233300209045,-117.55429261922836,28.950000107288361,7.6010061800479889,3.3999999761581421,3.0388142466545105
721,35.891000032424927,34.473568767309189,-117.73649999499321,-117.99562644166872,9.0999998152256012,4.5177751779556274,5.0000000149011612,3.9181086122989655
2221,33.907999999821186,33.82758504152298,-119.57000005245209,-119.47033905982971,14.499999973922968,7.1839079260826111,3,3.0560587048530579
981,33.461833000183105,33.449355602264404,-118.18366700410843,-118.18163758516312,10.700000077486038,5.1692962646484375,3.6999999582767487,3.0632429122924805
2132,34.34689998626709,33.966285485774279,-116.82550001144409,-117.15348488092422,3.6000001430511475,5.3919008374214172,3.7999999970197678,3.0669592022895813
2032,34.42399999499321,34.260335385799408,-117.68200001120567,-117.72619381546974,7.3000001907348633,4.2343488335609436,3.199999988079071,3.0308929681777954
363,35.873664975166321,35.72214674949646,-117.6623310148716,-117.64880087971687,5.2500003576278687,3.783925473690033,3.4999999701976776,3.0766402781009674
1436,34.958999991416931,34.954199194908142,-119.08200001716614,-119.2870671749115,3.7000000476837158,6.4451310038566589,3,3.0471478700637817
182,35.664499998092651,35.646052360534668,-117.50400000810623,-117.43974852561951,8.9800000190734863,7.0988273620605469,3.7999999970197678,3.2073673009872437
985,34.040667001157999,34.021395232528448,-117.23883301019669,-117.29240363836288,18.049999997019768,4.0936177968978882,3,3.0314559638500214
1960,33.167999982833862,32.524362087249756,-116.04100000858307,-116.45694231987,1.2999996542930603,4.3382048606872559,3,3.0494665503501892
1264,33.37610000371933,33.029883086681366,-116.33550000190735,-116.41303288936615,15.80000001937151,4.7179314494132996,3.199999988079071,3.0344520807266235
1632,35.726999998092651,35.742887616157532,-117.62200000882149,-117.45471560955048,10.200000107288361,7.5745533406734467,3.7999999970197678,3.1704588532447815
1121,34.137167006731033,33.769023597240448,-116.85800004005432,-116.98827254772186,11.177000105381012,4.5147961378097534,4.0100000202655792,3.8181260973215103
187,35.978832006454468,35.829808831214905,-117.67166900634766,-117.69407814741135,1.7899999022483826,10.346803665161133,3.4999999701976776,3.0936572849750519
619,35.923167943954468,35.34726357460022,-117.71666699647903,-117.98477981518954,1.8999999761581421,7.0678755640983582,3.4500000178813934,3.0461533963680267
2278,34.865000009536743,35.007359027862549,-116.40199995040894,-117.06791871786118,4.7999998927116394,9.2349989712238312,3,3.0594715476036072
614,35.899665951728821,34.334265351295471,-117.72683000564575,-117.96987929753959,4.5000001788139343,4.8217767477035522,3.6599999964237213,3.5266218781471252
1547,35.52209997177124,35.291926622390747,-118.37850001454353,-118.46182987093925,4.0999996662139893,5.1693704724311829,3.2999999821186066,3.228882372379303
994,33.993333000224084,33.565493255853653,-116.80116701126099,-116.75658082962036,16.810000017285347,5.0344589352607727,3.0999999940395355,3.022504448890686
934,34.946667015552521,34.667092025279999,-116.7413330078125,-116.71028709411621,4.4299998879432678,4.4785729050636292,3.3199999630451202,3.0420217216014862
371,35.727664947509766,35.666552424430847,-117.6086660027504,-117.65712761878967,5.9200000762939453,7.5744585692882538,3.4999999701976776,3.1069782972335815
1380,34.95440000295639,34.737165510654449,-118.57150000333786,-118.42235839366913,10.60000017285347,5.1137638092041016,3.5999999642372131,3.1279337704181671
593,35.876834988594055,35.119860649108887,-117.69066599011421,-117.82720030844212,6.8300002813339233,6.0170361399650574,3.5999999642372131,3.0608260631561279
726,35.769500017166138,35.992313504219055,-117.59933298826218,-117.54810681939125,7.9999999701976776,8.2115547358989716,7.1000000238418579,4.9492359012365341
2508,34.307000011205673,33.877954334020615,-116.75800001621246,-117.26070368289948,2.1999996900558472,5.2648812532424927,3.5999999642372131,3.0502260625362396
687,35.623999953269958,34.420228451490402,-117.48616701364517,-117.91302713751793,10.990000069141388,5.5267265439033508,4.2999999895691872,3.511347234249115
1713,33.962999999523163,34.016480341553688,-117.78900000452995,-117.86062780022621,15.599999986588955,3.8624560832977295,3.0999999940395355,3.0647132098674774
136,35.601166009902954,35.781562328338623,-117.40499901771545,-117.12067878246307,6.3600003719329834,6.9151675701141357,3,3.0267551243305206
628,35.661334991455078,34.734387397766113,-117.4836660027504,-118.06762181967497,4.1699999570846558,6.9067990779876709,3.4799999892711639,3.802008256316185
334,35.673167943954468,35.356084227561951,-117.52083599567413,-117.78012129664421,6.9999995827674866,7.2653961181640625,3.0999999940395355,3.1209432184696198
2281,33.50900000333786,32.759821176528931,-116.51300001144409,-116.7872633934021,15.100000002421439,2.6064670085906982,3,3.0848033130168915
1855,33.745599985122681,32.798135757446289,-116.09280002117157,-116.64740717411041,10.499999821186066,7.2860187292098999,3,3.0318294167518616
1109,33.625499993562698,33.727353155612946,-117.9023329988122,-117.95236267521977,9.4699998199939728,4.9150380492210388,3.3600000143051147,3.0668932199478149
1901,33.520999997854233,33.210143983364105,-116.58500003814697,-116.89680981636047,12.100000083446503,5.3622248768806458,3.199999988079071,3.0462731122970581
1842,34.054999999701977,34.198997646570206,-118.06449999660254,-118.01888658665121,9.9999998509883881,4.8342114686965942,3.3999999761581421,3.0864048600196838
710,35.887500047683716,34.248280823230743,-117.64950001239777,-117.81165188550949,10.860000103712082,4.3999367952346802,4.2999999895691872,3.7031421661376953
1039,33.068333029747009,32.418830394744873,-116.06449997425079,-116.3313946723938,13.729999959468842,1.9337493181228638,3.0299999713897705,3.0490415990352631
1349,34.065999999642372,33.962259542196989,-118.39800000190735,-118.37667319178581,1.5000003576278687,2.6367446780204773,3.4999999701976776,3.0549394190311432
1491,32.99179995059967,32.439841508865356,-116.45089995861053,-116.37605309486389,13.499999977648258,3.0401426553726196,3.6999999582767487,3.1572751700878143
2331,35.985000014305115,35.904186487197876,-117.89599999785423,-118.61781865358353,2.7000001072883606,6.5682989358901978,3.6999999582767487,3.4332873523235321
1112,34.072167001664639,33.476735591888428,-116.6710000038147,-116.65222227573395,10.460000038146973,5.5202847719192505,3.3199999630451202,3.0290317833423615
465,35.877334952354431,35.690369606018066,-117.70833599567413,-117.82537439465523,5.9099999070167542,8.584187775850296,3.75,3.184054970741272
1403,33.716899991035461,33.072861313819885,-116.04069995880127,-116.47823369503021,5.4000002145767212,7.4138724803924561,3.4999999701976776,3.0705055296421051
2512,33.953000001609325,33.886097505688667,-117.28100001811981,-117.51618760824203,20.600000023841858,4.775632917881012,3.2999999821186066,3.5134729743003845
1911,32.827000021934509,32.556129217147827,-118.34200000762939,-118.39579945802689,3.1999996304512024,6.1836281418800354,3.0999999940395355,3.0448896288871765
1104,34.187666997313499,34.175020024180412,-117.40799999237061,-117.67893815040588,8.4900002181529999,4.3381959199905396,3.7699999809265137,3.1949772834777832
2000,34.423000007867813,34.158488839864731,-118.66799998283386,-118.65607631206512,14.400000013411045,6.0505110025405884,3.5999999642372131,3.0351701080799103
338,35.827000021934509,35.899412155151367,-117.64433300495148,-117.58732390403748,6.9599997997283936,7.4962744116783142,3,3.0748271942138672
1691,35.968700051307678,35.869098901748657,-117.37239998579025,-117.05099070072174,9.9999998509883881,8.7686195969581604,3.9999999850988388,3.2497190237045288
2119,34.305000007152557,33.957669842988253,-116.83500003814697,-117.06464010477066,7.3000001907348633,4.3471580743789673,3.199999988079071,3.0394300818443298
1560,32.840999960899353,32.415451288223267,-116.26300001144409,-117.65598997473717,6.5000000596046448,7.9390530288219452,3.0999999940395355,3.0449136793613434
1207,35.824699997901917,35.149178504943848,-119.81780004501343,-119.68592476844788,14.400000013411045,8.0746056139469147,3.199999988079071,3.0422919094562531
2126,33.014999985694885,33.236452639102936,-118.92799997329712,-118.50276750326157,5.9999996423721313,1.9762220978736877,3.2999999821186066,3.0399858355522156
816,35.66466498374939,35.673244595527649,-117.52616900205612,-117.38844233751297,1.1999997496604919,6.303781270980835,3.0999999940395355,3.0958326458930969
1067,33.459333002567291,32.996052384376526,-116.42433297634125,-116.38111066818237,11.200000047683716,5.1062124967575073,3.4999999701976776,3.0966379344463348
274,35.931331992149353,35.75575590133667,-117.7333300113678,-117.52885466814041,7.7099999785423279,7.540925145149231,3.199999988079071,3.0388829112052917
1755,33.788000002503395,33.361276566982269,-116.10899996757507,-116.22951829433441,0.50000041723251343,5.2001345157623291,3.199999988079071,3.0223310887813568
865,33.819499999284744,33.725451618432999,-119.3038330078125,-119.05638349056244,5.8899995684623718,4.4283369183540344,3.0299999713897705,3.0409280955791473
101,35.782999992370605,35.791417360305786,-117.61599999666214,-117.43368697166443,7.6700001955032349,7.041536271572113,3.5999999642372131,3.1161453723907471
1590,32.063300013542175,32.218759298324585,-117.46619999408722,-117.98735426086932,9.9999998509883881,9.8608843982219696,4.3999999947845936,3.8165111839771271
107,35.68433403968811,35.698622584342957,-117.5453340113163,-117.56054681539536,3.3099997043609619,7.109127938747406,3,3.1386074423789978
2530,34.301999986171722,33.847675994038582,-116.74199998378754,-117.04305899143219,4.0999996662139893,5.6405219435691833,3.3999999761581421,3.0633761286735535
1530,32.054000020027161,32.500565052032471,-116.28100001811981,-117.71213439106941,16.099999956786633,1.9670695066452026,3.199999988079071,3.0911677479743958
1405,34.3716000020504,34.209191620349884,-119.8043999671936,-119.40993690490723,18.200000077486038,8.1604278087615967,3,3.0819614231586456
1259,34.143299996852875,34.095383442938328,-117.4472000002861,-117.47500169277191,10.700000077486038,4.1123208403587341,4.2999999895691872,3.7048231065273285
1412,35.178799986839294,34.933130204677582,-119.37450003623962,-119.16008424758911,4.6000000834465027,8.2653661072254181,3,3.0617002844810486
1769,33.341000020503998,32.882736325263977,-116.39999997615814,-116.4266699552536,13.299999944865704,2.9066365957260132,3,3.0274905860424042
1255,35.313699960708618,35.309064149856567,-118.49380001425743,-118.60198134183884,13.700000010430813,6.136339008808136,3.3999999761581421,3.1078653931617737
1546,32.034999966621399,32.640407562255859,-116.34700000286102,-117.03793781995773,13.499999977648258,6.1525636911392212,3.4999999701976776,3.023458331823349
712,35.83316695690155,34.198741927742958,-117.64516699314117,-117.84967105090618,8.099999874830246,4.6114414930343628,4.1999999955296516,3.7062510251998901
72,35.597167015075684,35.798426270484924,-117.42433297634125,-117.09915226697922,5.4199996590614319,6.6091901063919067,3.4699999988079071,3.0753096342086792
2053,34.888000011444092,34.732496082782745,-119.08700001239777,-119.29546415805817,5.0999996066093445,0.18093645572662354,3,3.0608755946159363
2501,33.82600000500679,33.840832844376564,-117.70899999141693,-117.77457411587238,3.5000002384185791,1.9233253598213196,3.0999999940395355,3.0351490080356598
481,35.747501015663147,35.399304151535034,-117.5709989964962,-117.59702682495117,3.9899995923042297,6.977308988571167,3.129999965429306,3.0656246244907379
1718,34.372000008821487,34.337059825658798,-117.66499999165535,-117.73790812492371,7.2000002861022949,4.3542623519897461,3.0999999940395355,3.0369202494621277
1465,32.705000042915344,32.281217336654663,-116.00300002098083,-116.84149992465973,3.9999997615814209,3.4248670935630798,3.0999999940395355,3.0289847552776337
1171,35.015300035476685,34.964775085449219,-116.50520002841949,-116.78941345214844,15.700000002980232,5.2299883961677551,3,3.0502637922763824
2527,34.321000009775162,33.884559772908688,-116.76800000667572,-116.73790454864502,3.7000000476837158,5.9823256731033325,3,3.034375011920929
1480,33.200100004673004,32.918776154518127,-116.74039995670319,-116.82599055767059,13.200000040233135,3.6082756519317627,3.0999999940395355,3.0670018494129181
405,35.880332946777344,35.749927520751953,-117.70833599567413,-117.74831560254097,4.0499997138977051,8.7042255699634552,3.199999988079071,3.0547477304935455
757,35.698333978652954,35.759933590888977,-117.48116302490234,-117.35365277528763,1.2599998712539673,7.5748457014560699,3.3999999761581421,3.2195364832878113
1406,33.209100008010864,33.238820552825928,-119.41589999198914,-119.13599419593811,15,5.1571521162986755,3.7999999970197678,3.10521599650383
1672,35.980000019073486,35.957900762557983,-117.31400001049042,-117.08869081735611,3.099999725818634,7.450346052646637,3.199999988079071,3.0481256246566772
2234,34.521000027656555,33.767001584172249,-116.29299998283386,-116.29352283477783,5.6000000238418579,9.6231937408447266,3.0999999940395355,3.0199025273323059
1912,34.289000004529953,33.927467904984951,-116.8289999961853,-117.08730280399323,5.6999999284744263,4.3747776746749878,3.4999999701976776,3.127588301897049
743,35.760332942008972,35.45842456817627,-117.57499998807907,-117.66841834783554,6.9499996304512024,7.2120532393455505,5.4000000357627869,4.5984120927751064
806,35.727664947509766,34.75285416841507,-117.56416299939156,-117.99911365663866,1.6199997067451477,5.5707871913909912,3.2999999821186066,3.3866851329803467
2341,35.799000024795532,35.713707447052002,-118.04500000178814,-117.77697375416756,9.8000000417232513,4.7275847196578979,3,3.0616334974765778
1813,34.270000010728836,34.12037143856287,-118.52100002765656,-118.42381823062897,14.599999990314245,2.0920711755752563,3.199999988079071,3.032472163438797
1954,35.039000034332275,34.793249309062958,-119.01800000667572,-119.22558677196503,11.200000047683716,3.8636013865470886,3.3999999761581421,3.0799538791179657
2391,34.178000003099442,34.088018998503685,-118.48699998855591,-118.41956010460854,12.800000086426735,3.6704868078231812,3.5999999642372131,3.342311292886734
148,35.913666963577271,35.852644562721252,-117.4365000128746,-117.21813815832138,0.9799996018409729,7.7842828631401062,3.1199999749660492,3.0264476537704468
2507,33.812999993562698,33.768947288393974,-117.71200001239777,-117.91641134023666,11.100000143051147,4.8497110605239868,3.0999999940395355,3.0781787037849426
1580,34.012000000104308,34.021960761398077,-117.18800002336502,-117.43708193302155,7.3000001907348633,4.2635580897331238,3.199999988079071,3.0499363839626312
692,35.898167014122009,34.366540879011154,-117.72633299231529,-117.96647712960839,10.819999873638153,4.587782621383667,3.6100000441074371,3.1901057660579681
818,35.723332047462463,35.259734392166138,-117.54033699631691,-117.21145451068878,1.2200000882148743,5.6526625156402588,3,3.096031129360199
1812,32.473999977111816,32.41556704044342,-119.26699995994568,-119.09644210338593,17.000000104308128,10.154688209295273,3.0999999940395355,3.0623500049114227
1488,35.944200038909912,35.878205418586731,-117.65810000896454,-117.53570196032524,6.2000003457069397,7.6130113005638123,3.2999999821186066,3.051103413105011
2251,34.540000021457672,34.256169676780701,-118.97100001573563,-118.94113475084305,24.200000166893005,3.0813834071159363,3.2999999821186066,3.057529628276825
701,35.732499957084656,34.712717056274414,-117.5088329911232,-117.86932179331779,7.0300000905990601,4.8523038625717163,4.0700000077486038,3.3771556913852692
2242,34.361999988555908,34.215379595756531,-118.66100001335144,-118.62537121772766,12.299999892711639,4.3951284885406494,3,3.0219828486442566
921,32.397498965263367,32.125960469245911,-117.76049800217152,-118.10323989391327,29.839999973773956,5.7897287607192993,3.129999965429306,3.0442788898944855
905,33.489832997322083,33.384182333946228,-116.8038330078125,-116.9024373292923,2.839999794960022,4.7659957408905029,3.2999999821186066,3.0643215179443359
454,35.648833990097046,35.717034935951233,-117.4544979929924,-117.20973348617554,2.9899996519088745,6.3892132043838501,3.5300000309944153,3.1251643002033234
1532,33.375299990177155,32.815099120140076,-116.42589998245239,-116.41469812393188,13.499999977648258,3.2405734062194824,4.3999999947845936,4.0254485160112381
1849,34.214000001549721,34.191614553332329,-117.50799998641014,-117.54598045349121,5.9999996423721313,4.0496492385864258,3.2999999821186066,3.0314263701438904
1918,34.340000003576279,33.983895739540458,-116.86099994182587,-117.05799812078476,5.5000001192092896,4.2756825685501099,3.199999988079071,3.0288218557834625
167,35.988999962806702,35.855867862701416,-117.41100001335144,-117.39779323339462,0.8899998664855957,9.1415311396121979,3.4999999701976776,3.0536418557167053
730,35.775002002716064,35.843332886695862,-117.60067000985146,-117.57404306530952,2.3800000548362732,7.8244011104106903,3,3.030075877904892
1628,34.239099994301796,34.231326162815094,-117.37529999017715,-117.55162838101387,10.700000077486038,4.16148841381073,3.4999999701976776,3.1678826808929443
26,35.681332945823669,35.843006253242493,-117.51533299684525,-117.16576838493347,8.8899998366832733,6.8023663759231567,3.3400000333786011,3.0438037812709808
1387,33.304000020027161,32.800310134887695,-116.40380001068115,-116.41715717315674,5.899999737739563,2.9865440726280212,3.3999999761581421,3.0786068737506866
2305,35.983999967575073,35.847114086151123,-117.87699999660254,-117.89541994780302,3.9999997615814209,7.2238487005233765,3,3.0624922513961792
997,35.622499942779541,35.591744184494019,-118.1494999974966,-118.27883210778236,9.0600000321865082,8.2219791412353516,3.4699999988079071,3.0683996379375458
1176,34.693499982357025,34.264554619789124,-116.24349999427795,-116.19272911548615,4.400000274181366,7.3869770765304565,3,3.02244633436203
1040,34.151333004236221,33.881270624697208,-116.7071670293808,-116.83518147468567,10.919999778270721,4.3372267484664917,3.8999999910593033,3.3686404824256897
1673,35.99399995803833,35.778276920318604,-117.30900001525879,-117.35720103979111,3.4000003337860107,7.4226763844490051,3.199999988079071,3.0416116118431091
2540,34.308999985456467,33.563226312398911,-116.0809999704361,-116.25934183597565,1.600000262260437,9.9379563331604004,3.199999988079071,3.055293470621109
1945,32.567000031471252,32.323733925819397,-118.11900000274181,-117.86664602160454,9.9999998509883881,8.5052101314067841,3.4999999701976776,3.0602349936962128
41,35.633499979972839,35.822159886360168,-117.43683302402496,-117.12664645910263,5.1199999451637268,6.8334156274795532,3.2999999821186066,3.0454234778881073
1971,33.495000004768372,33.323190033435822,-116.52999997138977,-116.68864321708679,12.800000086426735,3.5031777620315552,3.2999999821186066,3.0775929093360901
2416,35.621000051498413,35.542914390563965,-119.56099998950958,-119.52351546287537,5.9999996423721313,1.6655239462852478,3,3.0706597566604614
2365,34.651000022888184,34.213268220424652,-116.28799998760223,-116.25931310653687,12.400000020861626,10.30750036239624,3.199999988079071,3.0248934924602509
1419,34.684400022029877,34.526584267616272,-116.27610003948212,-116.39688777923584,7.1000003814697266,5.8925557136535645,3.4999999701976776,3.1077842116355896
1295,32.858199954032898,32.39520263671875,-116.20099997520447,-116.4768773317337,12.899999991059303,5.469517707824707,3.7999999970197678,3.3906762599945068
609,35.903499960899353,35.360650539398193,-117.72683000564575,-117.67950433492661,3.6399999260902405,7.2429978847503662,3.550000011920929,3.040294736623764
1132,35.866999983787537,35.882803678512573,-117.6899000108242,-117.45046174526215,10.700000077486038,7.663063108921051,3.0999999940395355,3.0299018919467926
28,35.64549994468689,35.780801653862,-117.47699999809265,-117.15195399522781,8.6100000143051147,6.6421401500701904,3.129999965429306,3.0178174674510956
441,35.892665982246399,35.55409049987793,-117.71466800570488,-117.8642356544733,1.7000001668930054,8.6031393706798553,3.0299999713897705,3.035746693611145
2178,35.322999954223633,35.34674334526062,-118.6690000295639,-118.87284332513809,2.1999996900558472,1.5854769945144653,3,3.0543699860572815
1629,33.632999986410141,33.398869454860687,-116.71899998188019,-116.81813061237335,13.999999947845936,4.9724882841110229,3.4999999701976776,3.1162122488021851
493,35.702998995780945,35.258854150772095,-117.50766798853874,-117.61671671271324,2.4300000071525574,5.8306798338890076,3.3999999761581421,3.0713471174240112
1258,33.820099994540215,33.74592450261116,-117.68560001254082,-117.7514633089304,18.700000047683716,4.5929431915283203,3.7999999970197678,3.1412942111492157
1939,32.567899942398071,32.277894973754883,-118.07959999889135,-118.28569948673248,11.999999955296516,7.3771056532859802,3.9999999850988388,3.443463921546936
236,35.670665979385376,35.635129928588867,-117.51300099492073,-117.54214164614677,7.420000433921814,7.5894986093044281,3.199999988079071,3.0467441976070404
551,35.902331948280334,35.177186012268066,-117.70883199572563,-117.88785747438669,7.590000182390213,7.7072896063327789,3.0600000321865082,3.0317203402519226
520,35.882500052452087,35.350276827812195,-117.74349999427795,-117.90266987681389,3.6000001430511475,7.6718531548976898,4.0999999791383743,3.1202692687511444
1716,32.720800042152405,32.289135098457336,-116.0320999622345,-116.67509353160858,12.100000083446503,2.0650863647460938,3.4999999701976776,3.0970247983932495
1232,33.942099999636412,34.032983418554068,-117.89029999822378,-117.8381689041853,16.400000005960464,4.5913267135620117,4.3999999947845936,3.9956160485744476
1138,33.816300004720688,33.579499840736389,-116.97790002822876,-117.09085547924042,19.100000113248825,4.4607540965080261,3.3999999761581421,3.0973224341869354
720,35.860999941825867,34.161265850067139,-117.67783299088478,-117.83756129443645,6.8200001120567322,4.6995770931243896,4.8000000044703484,3.9413554966449738
1965,34.843999981880188,34.479458004236221,-116.32000005245209,-116.86596429347992,2.6000002026557922,8.2018227875232697,3.7999999970197678,3.1445580124855042
2239,32.093999981880188,32.492127180099487,-117.91099999845028,-117.86548164486885,6.9999995827674866,8.1905002892017365,3.199999988079071,3.1839655637741089
58,35.830000042915344,35.743507266044617,-117.65916699171066,-117.93254955112934,2.8999999165534973,5.5255070328712463,3.2299999594688416,3.0809207260608673
631,35.584833025932312,34.984608054161072,-117.61449998617172,-117.62357923388481,9.6299998462200165,6.0163843631744385,4.8000000044703484,3.9924622625112534
1181,34.502900004386902,34.326550424098969,-118.78490000963211,-118.63669627904892,17.700000107288361,5.4066556692123413,3.6999999582767487,3.1929762661457062
2304,36,35.894619941711426,-117.8289999961853,-117.66845116019249,1.7000001668930054,8.3312965929508209,3.6999999582767487,3.1434703767299652
592,35.880666971206665,34.717694938182831,-117.71616700291634,-117.54545903205872,2.8999999165534973,5.1692551374435425,3.070000022649765,3.0455245077610016
2206,35.889000058174133,35.840974926948547,-117.2960000038147,-117.62640056014061,3.5000002384185791,8.6647859215736389,3.4999999701976776,3.1613205671310425
939,34.016000000759959,33.627835988998413,-116.77983295917511,-116.96088659763336,12.89000004529953,5.0477224588394165,4.4899999997578561,4.6523762159049511
2359,35.98199999332428,35.899810910224915,-117.81700000166893,-117.4051958322525,3.6000001430511475,8.1837978959083557,4.0999999791383743,3.1753331422805786
1249,32.953999996185303,32.542351722717285,-116.54799997806549,-117.18730396032333,9.9999998509883881,4.5968878269195557,3.199999988079071,3.0465594828128815
904,33.796333000063896,33.651590079069138,-116.96733295917511,-117.05856883525848,14.140000026673079,4.2966502904891968,3.0999999940395355,3.0545820593833923
1279,32.922099947929382,32.447876930236816,-116.24849998950958,-116.34690952301025,3.8999998569488525,3.5541558265686035,3.199999988079071,3.1142319738864899
2004,34.158000007271767,34.13157232105732,-117.42500001192093,-117.48758786916733,10.399999916553497,2.9880595207214355,3.199999988079071,3.0228345394134521
2438,34.712999999523163,34.093030974268913,-116.27499997615814,-116.20737838745117,2.0999997854232788,9.782937616109848,3.0999999940395355,3.0207552909851074
1591,32.990000009536743,32.673398971557617,-116.36099994182587,-116.37814354896545,5.2000004053115845,3.0738982558250427,3.199999988079071,3.0409369468688965
1468,33.17960000038147,33.035838901996613,-116.73689997196198,-116.69980955123901,8.4999999403953552,4.9680089950561523,3.6999999582767487,3.0882758796215057
1914,34.023000000044703,33.990699030458927,-117.55700001120567,-117.66111156344414,10.700000077486038,4.5503756403923035,3.3999999761581421,3.1246034502983093
2522,35.715999960899353,35.746412038803101,-117.96900000050664,-117.76158536970615,8.1999997794628143,6.4024221897125244,3.5999999642372131,3.0867126882076263
706,35.841166973114014,34.09734158962965,-117.65983301401138,-117.79774364829063,11.450000032782555,4.3977642059326172,4.0899999886751175,3.4784172177314758
1022,34.247832998633385,34.034766972064972,-116.83616697788239,-117.05791854858398,-1.0699993371963501,4.7986230254173279,3.0999999940395355,3.0202543437480927
745,35.663166046142578,35.56638503074646,-117.50299799442291,-117.43370431661606,6.0900002717971802,6.0467514395713806,3.0999999940395355,3.0548942685127258
1886,33.269500017166138,32.513909816741943,-116.02909994125366,-116.43917894363403,4.400000274181366,5.1882576942443848,3.5999999642372131,3.0916472375392914
1472,34.467999994754791,34.084066405892372,-116.51600003242493,-116.76890826225281,10.60000017285347,4.6376502513885498,3.3999999761581421,3.0441180467605591
513,35.701331973075867,35.699147939682007,-117.50283101201057,-117.46200984716415,1.8000000715255737,8.5290169715881348,3.5999999642372131,3.1125167012214661
81,35.907333016395569,35.985088229179382,-117.70899999141693,-117.4106405377388,2.4000003933906555,9.5634077489376068,5.0000000149011612,4.1997331380844116
2246,32.228000044822693,32.463486194610596,-116.99300003051758,-116.98450887203217,7.8000001609325409,4.9843472242355347,3,3.0549028515815735
1308,33.583000004291534,33.613287389278412,-118.37900000810623,-118.2090372890234,0.29999971389770508,4.5153540372848511,3.2999999821186066,3.0639364421367645
914,34.435833007097244,34.139206379652023,-116.89900004863739,-117.05108737945557,2.5000002980232239,4.247581958770752,3,3.0214863717556
2334,34.221000000834465,33.618192464113235,-116.79700005054474,-116.88131952285767,6.7999997735023499,6.455492377281189,3.0999999940395355,3.33993861079216
1874,34.349999994039536,33.884392574429512,-116.46099996566772,-116.6110954284668,4.400000274181366,6.080109179019928,3,3.0338285565376282
150,35.616000056266785,35.608037352561951,-117.45583301782608,-117.36602556705475,10.289999842643738,6.6542539000511169,3.2400000393390656,3.0689788162708282
774,35.747002005577087,35.253007650375366,-117.57849898934364,-117.32668364048004,2.1300002932548523,4.9531674385070801,3.0999999940395355,3.0776392221450806
329,35.716832995414734,35.728381395339966,-117.49599999189377,-117.40758115053177,3.1599998474121094,7.3845228552818298,3.2999999821186066,3.0596373975276947
6,35.652500033378601,35.661317110061646,-117.45099997520447,-117.2829093337059,3.1400004029273987,5.9411859512329102,3.8400000035762787,3.2240565419197083
943,33.379666984081268,32.965645551681519,-116.2983330488205,-116.63121056556702,13.949999995529652,3.9587536454200745,4.0999999791383743,3.3203124403953552
1644,35.024999976158142,34.776319921016693,-119.30999994277954,-119.2929413318634,17.800000011920929,0.77814370393753052,3.4999999701976776,3.053388923406601
734,35.561332941055298,34.522406041622162,-117.61333501338959,-117.80264419317245,3.2800000905990601,4.7083353996276855,3.2099999785423279,3.0718334913253784
909,34.001333000021987,33.659587770700455,-117.01733297109604,-117.0915949344635,15.869999974966049,4.3220043182373047,3.4999999701976776,3.0661042928695679
468,35.702167987823486,35.142661333084106,-117.59133198857307,-117.86340862512589,2.879999577999115,7.1172809600830078,3.0999999940395355,3.0637781023979187
181,35.615165948867798,35.460169315338135,-117.60266900062561,-117.77924437820911,7.0300000905990601,7.5841498374938965,3.0199999809265137,3.0575531423091888
164,35.879166960716248,35.778535723686218,-117.69150000810623,-117.45484399795532,7.5199998915195465,8.134274035692215,3.0500000417232513,3.0402416288852692
451,35.883834958076477,35.193023800849915,-117.69716599583626,-117.60258764028549,3.0899995565414429,6.3751789927482605,3.129999965429306,3.1081455945968628
490,35.618332028388977,35.326229572296143,-117.41666400432587,-117.3959613442421,2.7700003981590271,5.9642824530601501,4.0999999791383743,3.2578041851520538
1441,32.822800040245056,32.445437073707581,-116.10899996757507,-116.29449701309204,16.400000005960464,4.3635910749435425,4.0999999791383743,3.3836579024791718
1143,32.034999966621399,32.715791702270508,-116.06700003147125,-116.85427522659302,18.200000077486038,5.1109769940376282,3.199999988079071,3.0639037191867828
1311,33.979000000283122,33.651062101125717,-116.76699995994568,-116.96298849582672,17.899999916553497,4.6467143297195435,3.0999999940395355,3.05572110414505
2439,34.783999979496002,34.031651806086302,-116.25499999523163,-116.18481063842773,6.1000004410743713,9.7090351581573486,3,3.0273047983646393
1111,34.320666998624802,34.172800168395042,-116.85316705703735,-116.93921327590942,3.5100004076957703,4.6447062492370605,3.0099999904632568,3.0123040974140167
2420,33.223999977111816,32.681499004364014,-116.0900000333786,-116.68664765357971,1.2999996542930603,2.3206177353858948,3.3999999761581421,3.1645062267780304
1800,33.051400005817413,32.706058025360107,-117.76039999723434,-117.75372940301895,9.9999998509883881,6.9753482937812805,3.8999999910593033,3.4120506048202515
2410,34.926999986171722,35.793969869613647,-116.37199997901917,-117.60918021202087,4.400000274181366,8.7626391649246216,3.199999988079071,3.0000002682209015
1767,35.050300002098083,34.992198288440704,-119.0061000585556,-118.9674180150032,9.9999998509883881,4.5029819011688232,3.4999999701976776,3.1226026117801666
2506,34.499000012874603,32.976140379905701,-116.29299998283386,-116.68746328353882,0.50000041723251343,9.8148617148399353,3.0999999940395355,3.0214932560920715
1563,32.534999966621399,32.29927396774292,-116.00399994850159,-117.04453909397125,11.200000047683716,7.850768119096756,3.199999988079071,3.0916805863380432
1907,32.88100004196167,32.397471904754639,-116.22099995613098,-116.67259836196899,8.9999999105930328,2.0889624953269958,3.6999999582767487,3.1152479946613312
1786,35.429999947547913,35.521915197372437,-118.30500000715256,-118.46850490570068,9.3000000715255737,6.9646623730659485,3,3.0364974439144135
1848,32.720800042152405,32.308261871337891,-116.04480004310608,-116.55928158760071,15.299999993294477,4.8860639333724976,3.4999999701976776,3.0804590284824371
327,35.659000039100647,35.577829003334045,-117.4663320183754,-117.37284249067307,7.8300002217292786,6.8826010823249817,3.4999999701976776,3.1770732700824738
442,35.792667031288147,35.572585940361023,-117.62283301353455,-117.47318232059479,3.7000000476837158,6.5106090903282166,3.7999999970197678,3.1522657871246338
1642,34.06700000166893,33.964629866182804,-118.875,-118.6549037694931,13.399999961256981,3.5676920413970947,3.0999999940395355,3.0303950607776642
2207,35.894000053405762,35.917620420455933,-117.26899999380112,-117.03540796041489,3.7000000476837158,8.7630003690719604,4.0999999791383743,3.1993257701396942
832,35.641499042510986,34.708937466144562,-117.61000099778175,-118.12789300084114,10.159999877214432,4.9100625514984131,3.3999999761581421,3.042437732219696
1957,33.195999979972839,32.521072745323181,-116.04299998283386,-116.29030275344849,2.9999998211860657,3.4271371364593506,3.6999999582767487,3.22254279255867
1949,35.044000029563904,34.833914995193481,-119.01999998092651,-119.25149369239807,12.100000083446503,3.795602023601532,3.6999999582767487,3.1139446198940277
1351,33.809000000357628,34.091878600418568,-117.81010000407696,-117.77285444736481,4.699999988079071,2.9544782638549805,3.2999999821186066,3.2529822885990143
86,35.601501941680908,35.740457773208618,-117.60133400559425,-117.45701241493225,3.3300000429153442,5.8949214220046997,3.0500000417232513,3.0366390645503998
2480,34.791999995708466,34.604848682880402,-116.37600004673004,-116.56359446048737,14.899999997578561,8.626510351896286,3.5999999642372131,3.0734567642211914
777,35.744333028793335,35.905041098594666,-117.56633299589157,-117.41818934679031,1.9700002670288086,6.1978787183761597,4.1999999955296516,3.8507990688085556
1780,34.46900001168251,34.031297944486141,-116.50800001621246,-116.32107150554657,4.7999998927116394,4.4243323802947998,3.0999999940395355,3.0286275744438171
54,35.949000000953674,35.058034062385559,-119.74383294582367,-119.32252311706543,20.279999971389771,6.5262642502784729,3.0199999809265137,3.0475214123725891
1933,35.047000050544739,35.102885484695435,-119.06500005722046,-119.37385070323944,19.699999988079071,0.49818187952041626,3,3.0313250720500946
1287,35.4617999792099,35.422116994857788,-118.2698999941349,-118.39665147662163,1.8000000715255737,7.5923310220241547,3.6999999582767487,3.0952658951282501
1740,35.269000053405762,35.189815521240234,-117.34109997749329,-117.44722157716751,7.1000003814697266,5.2578645944595337,3.6999999582767487,3.3088579773902893
1624,34.712000012397766,34.576154112815857,-116.26499998569489,-116.34068012237549,3.7999999523162842,7.2207605838775635,3.0999999940395355,3.0277599692344666
1245,35.97189998626709,35.24604058265686,-117.30610001087189,-117.28408294916153,8.4999999403953552,6.0539746284484863,3.0999999940395355,3.0248523652553558
113,35.935999989509583,35.928585410118103,-117.69983300566673,-117.29091799259186,2.8299996256828308,5.0995337963104248,3.199999988079071,3.0362480878829956
2381,34.342000007629395,33.912879809737206,-117.04900002479553,-117.21582508087158,11.299999952316284,4.5045214891433716,3.199999988079071,3.0280763804912567
987,33.974500000476837,33.584687858819962,-116.92633295059204,-116.89528656005859,5.9200000762939453,3.3946681022644043,3.0299999713897705,3.023808628320694
1942,32.470999956130981,32.332026362419128,-118.14399999380112,-118.51399946212769,18.000000044703484,8.1887863576412201,3.6999999582767487,3.041443794965744
1621,35.251999974250793,35.486019372940063,-118.55500000715256,-118.61598819494247,5.3000003099441528,5.7367274165153503,3.0999999940395355,3.0431798100471497
1009,33.869000002741814,33.844647392630577,-119.37983298301697,-119.15353059768677,6.9300001859664917,5.725824236869812,3,3.0435601472854614
1198,33.402599990367889,33.032017171382904,-116.43630003929138,-116.44580864906311,15.100000002421439,3.5777252912521362,3.2999999821186066,3.0716318786144257
589,35.750167965888977,35.093735933303833,-117.57800298929214,-117.54152724146843,2.2800001502037048,5.5451130867004395,3.550000011920929,3.1169561147689819
768,35.703333020210266,35.747047901153564,-117.48283302783966,-117.33081793785095,0.99999994039535522,6.2988263368606567,4.0200000107288361,3.7120951116085052
17,35.558333039283752,35.460323333740234,-117.43433302640915,-117.36283934116364,4.7799995541572571,5.8291724324226379,3.129999965429306,3.0551696419715881
1042,34.383500009775162,34.295071929693222,-119.75483298301697,-119.4470329284668,10.269999951124191,5.7818010449409485,3.1199999749660492,3.0517528653144836
2266,32.610000014305115,32.321576952934265,-116.15499997138977,-116.41152095794678,7.5999999046325684,1.6678959131240845,3.0999999940395355,3.0696383714675903
285,35.671165943145752,35.679051518440247,-117.52383399009705,-117.2972794175148,8.9800000190734863,6.2888753414154053,3.2999999821186066,3.0899001359939575
428,35.901999950408936,35.666628122329712,-117.65582999587059,-117.53669056296349,7.3100003600120544,6.3656240701675415,3.2899999916553497,3.0201685130596161
1979,34.930000007152557,34.902536273002625,-116.72200000286102,-116.75361764431,1.1999997496604919,6.0475382208824158,3.2999999821186066,3.0623277425765991
1658,35.41100001335144,35.513448357582092,-117.79000000655651,-117.59957641363144,7.5,5.5527216196060181,3,3.0316351354122162
669,35.902166962623596,34.48046800494194,-117.7426669895649,-117.69892063736916,8.8099998235702515,4.1373717784881592,3.8999999910593033,3.1488368511199951
31,33.868332996964455,33.223694860935211,-116.19583296775818,-116.34971022605896,8.1999997794628143,6.8777507543563843,3.4699999988079071,3.2362644374370575
1341,33.888999998569489,33.911587260663509,-118.56000000238419,-118.48852497339249,11.299999952316284,2.5942718982696533,3.2999999821186066,3.0479108691215515
722,35.616667032241821,34.190138965845108,-117.43016701936722,-118.04586672782898,9.3500000238418579,4.7738242149353027,5.1000000089406967,4.0272624045610428
951,33.837500005960464,33.687514334917068,-119.72583305835724,-119.29056429862976,9.869999885559082,7.0725783705711365,5.3000000417232513,4.620810616761446
1820,34.86599999666214,34.730097055435181,-119.24639999866486,-119.32388782501221,17.000000104308128,2.0640707015991211,3.4999999701976776,3.0821936130523682
214,35.9635009765625,35.818299531936646,-117.4820020198822,-117.36946421861649,0.55000036954879761,8.7643235921859741,3.0600000321865082,3.0313788950443268
1845,33.229700028896332,32.691126108169556,-116.00530004501343,-116.57068610191345,6.4000001549720764,4.0788352489471436,3.2999999821186066,3.1063342988491058
1164,33.871700003743172,33.967452939599752,-117.71059998869896,-117.78100085258484,9.9999998509883881,4.6688657999038696,3,3.0386328399181366
326,35.797333002090454,35.71519672870636,-117.62266498804092,-117.66901814937592,6.3899999856948853,3.8104256987571716,3.2999999821186066,3.1009942889213562
560,35.926334023475647,35.600799560546875,-117.6968309879303,-117.57729130983353,2.149999737739563,8.3637633919715881,4.1700000017881393,3.6200902462005615
1383,34.159999996423721,33.672419995069504,-116.42400002479553,-116.81202328205109,8.099999874830246,5.0582170486450195,3.0999999940395355,3.0569740533828735
1086,34.521000027656555,34.232046276330948,-119.07500004768372,-118.92007595300674,19.020000100135803,5.3929924964904785,3.3099999725818634,3.0461215674877167
1887,34.111000001430511,33.969436893239617,-117.31599998474121,-117.43363970518112,16.000000052154064,4.1720151901245117,3.2999999821186066,3.0590011775493622
341,35.908833026885986,35.77005922794342,-117.70866400003433,-117.52023985981941,1.7600002884864807,4.9722790718078613,3.199999988079071,3.0491820573806763
147,33.309832990169525,32.545030117034912,-116.25683295726776,-116.43490993976593,11.53999999165535,3.3142572641372681,3.1500000357627869,3.037007600069046
1897,32.067000031471252,32.318536281585693,-116.25199997425079,-116.70253622531891,15.200000004842877,6.331595778465271,3,3.0303896963596344
2018,34.170000001788139,34.016224244609475,-117.44499999284744,-117.44081330299377,9.5999997854232788,4.2546290159225464,3,3.0343848466873169
1107,35.21150004863739,35.175246715545654,-117.27999997138977,-117.42134082317352,2.6100003719329834,4.5914348959922791,3.7800000160932541,3.7431305050849915
848,34.026832999661565,33.986608034931123,-117.56833299994469,-117.5692390203476,11.42999991774559,4.2990320920944214,3,3.0708562731742859
966,34.031667001545429,34.002130001084879,-117.59299999475479,-117.55126759409904,4.0800002217292786,4.2948809266090393,3.0900000035762787,3.0366455018520355
1072,33.442499995231628,34.345670759677887,-116.40499997138977,-117.87958600372076,12.73999996483326,4.4232076406478882,3.75,3.9486081451177597
155,35.649832963943481,35.564332962036133,-117.45983302593231,-117.3065927028656,2.4500003457069397,6.6339871287345886,3.6100000441074371,3.1472090184688568
1717,33.680999994277954,33.178025662899017,-116.79499995708466,-116.80558347702026,18.700000047683716,4.2885392904281616,3,3.0306042730808258
1655,33.967999998480082,33.873892322182655,-117.76199999451637,-117.67835131287575,11.999999955296516,3.766595721244812,3.0999999940395355,3.0457743108272552
1002,34.849833011627197,34.564048528671265,-118.9638329744339,-119.04746961593628,2.1800002455711365,5.520520806312561,3.1899999976158142,3.0663154721260071
1902,35.963000059127808,35.567697644233704,-119.875,-119.12275195121765,22.000000029802322,8.2025653123855591,3.0999999940395355,3.0393482744693756
2120,32.86899995803833,33.276928186416626,-118.49599999189377,-118.51725816726685,5.9999996423721313,5.7478630542755127,3.199999988079071,3.0265071094036102
2213,33.712999999523163,33.976133823394775,-117.98799999989569,-118.01434473693371,12.899999991059303,4.1433405876159668,4.2999999895691872,3.9798590987920761
2240,34.108000002801418,33.796667009592056,-116.70500004291534,-117.13526213169098,7.4000000953674316,5.2132326364517212,3.3999999761581421,3.1396440267562866
2392,34.236000001430511,34.065022699534893,-118.5120000243187,-118.49094271659851,5.6999999284744263,3.9667797088623047,3.9999999850988388,3.7253183126449585
1203,35.140300035476685,35.040234088897705,-118.16580000519753,-118.10051281005144,10.799999982118607,2.5409585237503052,3,3.0440873801708221
1684,35.970000028610229,35.66816520690918,-117.31800001859665,-117.33545339107513,1.3999995589256287,7.5594685971736908,3.0999999940395355,3.0278491079807281
2385,34.224999994039536,34.025045344606042,-116.99100005626678,-117.18002647161484,9.0999998152256012,5.2021890878677368,4.6000000052154064,4.3136467114090919
1437,32.893700003623962,32.656645655632019,-116.24349999427795,-117.33820760250092,16.299999989569187,4.5193040370941162,3.3999999761581421,3.0771222710609436
1652,35.987300038337708,35.652453899383545,-117.28759998083115,-117.49195802211761,3.7999999523162842,8.2079695165157318,3.0999999940395355,3.0271008610725403
2332,35.75,35.702844142913818,-118.34000000357628,-118.35494884848595,1.2999996542930603,6.4938452839851379,3,3.0300154387950897
2039,34.145500004291534,34.135836958885193,-117.41310000419617,-117.50642561912537,6.4000001549720764,4.1123342514038086,3.3999999761581421,3.1926294565200806
2273,34.057000000029802,34.062522605061531,-118.39700001478195,-118.42639169096947,10.799999982118607,4.2703521251678467,3,3.0407597422599792
938,34.01766699925065,33.821129769086838,-116.80033302307129,-117.38839960098267,12.659999951720238,4.3642133474349976,3.199999988079071,3.063616007566452
2275,33.500999987125397,32.823770523071289,-116.52100002765656,-116.80162811279297,12.60000005364418,2.6222366094589233,3.0999999940395355,3.0780909061431885
346,35.768167018890381,35.78557550907135,-117.57783299684525,-117.57341733574867,10.570000112056732,5.7406264543533325,4.5,4.0557878315448761
2112,34.706799983978271,34.304731279611588,-116.6525000333786,-116.64013385772705,7.5999999046325684,7.2837898135185242,3.8999999910593033,3.4882130026817322
2515,34.783999979496002,34.456651985645294,-116.38699996471405,-116.6936821937561,2.2999995946884155,8.9129519462585449,3,3.0376021564006805
1514,33.964000001549721,33.945253968238831,-117.76000000536442,-117.77960653603077,12.299999892711639,4.5134255290031433,3.0999999940395355,3.066717267036438
385,35.715831995010376,35.706994891166687,-117.55816701054573,-117.42949688434601,5.4600003361701965,7.1638959646224976,3.3199999630451202,3.0616297423839569
1645,34.491800010204315,34.347969025373459,-116.21270000934601,-116.47099995613098,10.799999982118607,5.2948039770126343,3.0999999940395355,3.0232142508029938
1688,35.978000044822693,35.755352735519409,-117.30599999427795,-117.29214072227478,1.2999996542930603,7.8705301880836487,3,3.0431535243988037
243,35.863667011260986,35.768337726593018,-117.68467000126839,-117.75304391980171,2.8700003027915955,9.4251371920108795,3.3999999761581421,3.0788878798484802
2057,34.05799999833107,34.090171501040459,-117.25999999046326,-117.23411613702774,12.60000005364418,4.1793152689933777,3,3.0252741873264313
936,33.92416699975729,33.389436721801758,-116.32249999046326,-116.52296841144562,8.7399999797344208,4.8773235082626343,3.7699999809265137,3.6088424921035767
2175,35.195500016212463,35.504841804504395,-118.78149998188019,-118.89381265640259,5.6000000238418579,0.99147140979766846,3.3999999761581421,3.0884619355201721
312,35.595500946044922,35.576584219932556,-117.43049597740173,-117.29713696241379,5.6299996376037598,6.1904186010360718,3.5999999642372131,3.2036076486110687
2479,34.716000020503998,33.63505956530571,-116.34700000286102,-116.4356734752655,2.7000001072883606,8.4429667890071869,3,3.0327423512935638
1572,32.711400032043457,32.185026884078979,-116.02020001411438,-117.52104488015175,12.899999991059303,6.2997338175773621,3.3999999761581421,3.0876013934612274
1332,34.78600001335144,34.652001440525055,-119.48099994659424,-119.46808302402496,13.299999944865704,0.83277583122253418,3.199999988079071,3.0697007775306702
968,32.857332944869995,33.047133028507233,-118.71183300018311,-118.62162631750107,-0.22999942302703857,5.4845783114433289,3,3.0391229689121246
660,35.886500000953674,34.72679740190506,-117.69383299350739,-117.70790508389473,9.4600000977516174,4.5226460695266724,3.8499999940395355,3.0671518743038177
935,34.114500001072884,33.8220274746418,-116.92366695404053,-117.08806520700455,3.9599999785423279,4.3197029829025269,3.3999999761581421,3.0785518884658813
370,35.963832974433899,35.768108487129211,-117.27700001001358,-117.52709817886353,1.8200004100799561,6.9645068049430847,3.1899999976158142,3.0298391282558441
566,35.868332982063293,35.392159342765808,-117.71299999952316,-117.24636858701706,5.0800001621246338,6.0417509078979492,3,3.0324499011039734
2016,34.694999992847443,34.783369481563568,-116.36800003051758,-116.56194090843201,2.8999999165534973,8.1134131550788879,3.0999999940395355,3.0241175293922424
824,35.599833965301514,34.914842486381531,-117.62266498804092,-117.42131114006042,-0.39999961853027344,4.5418882369995117,3.4999999701976776,3.1575117409229279
982,33.159166991710663,33.055341958999634,-118.71783298254013,-118.44702643156052,4.8499998450279236,5.8615413308143616,3.8999999910593033,3.1312756240367889
2401,35.082000017166138,34.958457171916962,-117.06599998474121,-116.93353927135468,1.9999998807907104,5.8578711748123169,3,3.0334818363189697
1517,33.10699999332428,32.648376941680908,-116.42400002479553,-116.55456757545471,9.3999999761581421,3.237994909286499,3,3.0682618618011475
2177,34.300000011920929,34.109945885837078,-118.57800000905991,-118.7094064950943,2.0999997854232788,1.8268686532974243,3.0999999940395355,3.0464573800563812
1760,34.681999981403351,34.446819186210632,-116.35000002384186,-116.31722354888916,3.5000002384185791,6.4141184091567993,3,3.0407752990722656
813,35.666167020797729,34.732914686203003,-117.57233300805092,-117.86456443369389,4.0499997138977051,4.1919064521789551,4.2999999895691872,3.2606438398361206
1430,33.936800003051758,33.698016971349716,-117.08209997415543,-117.04060101509094,8.8000001013278961,4.1615438461303711,3.6999999582767487,3.5192562639713287
778,35.723199963569641,35.904831886291504,-117.45080000162125,-117.48179018497467,9.4499999284744263,6.8951091170310974,3.2999999821186066,3.1405819952487946
1320,33.495000004768372,33.152700543403625,-116.44500005245209,-116.71296405792236,8.4999999403953552,4.795091450214386,3.3999999761581421,3.0843702256679535
2127,33.795000001788139,32.939417004585266,-116.08800005912781,-116.39350640773773,8.5999998450279236,7.2213515639305115,3.199999988079071,3.092240184545517
1052,34.083167001605034,33.837738946080208,-116.71449995040894,-117.04133498668671,10.689999908208847,4.4044035673141479,3.1199999749660492,3.0391071438789368
1870,32.70770001411438,32.229162096977234,-116.04460000991821,-116.55152809619904,9.2000001668930054,4.0022850036621094,4.2999999895691872,3.8382038623094559
1013,34.432332992553711,34.035813644528389,-119.99983298778534,-118.08990776538849,1.7799997329711914,4.7658750414848328,3.0299999713897705,3.0592685043811798
1401,32.771900057792664,32.159751892089844,-116.09930002689362,-116.60206115245819,15.299999993294477,3.7040573358535767,3,3.0964697599411011
1763,34.019999999552965,33.894738122820854,-117.24400001764297,-117.35735177993774,9.5999997854232788,4.2209422588348389,3,3.0307173728942871
2099,34.035000000149012,33.348671555519104,-116.39699995517731,-116.73117876052856,11.900000050663948,7.1612146496772766,3.3999999761581421,3.1181167960166931
1809,33.119300007820129,32.289526224136353,-116.02069997787476,-116.53744792938232,3.099999725818634,4.2685326933860779,3.199999988079071,3.103983610868454
126,33.995833000168204,33.485524773597717,-116.04449999332428,-116.21773874759674,7.8800001740455627,8.3585648238658905,4.1799999922513962,3.7562671601772308
887,33.916166998445988,33.838130280375481,-117.79916700720787,-117.79514272511005,15.459999991580844,4.6273219585418701,3.1399999558925629,3.0437824130058289
2069,33.815999999642372,33.570704877376556,-117.04199999570847,-117.02775919437408,15.100000002421439,4.4484749436378479,3.5999999642372131,3.0716776549816132
1347,35.925600051879883,35.876946210861206,-117.67460000514984,-117.56062522530556,7.2000002861022949,9.8200294375419617,3.4999999701976776,3.0542764663696289
1007,33.876332998275757,33.714741796255112,-116.8093329668045,-116.99424171447754,16.409999951720238,4.2179453372955322,3.2299999594688416,3.0429633557796478
355,35.688500046730042,35.700868487358093,-117.53433200716972,-117.46864056587219,6.5399998426437378,7.1296584606170654,3.2999999821186066,3.0594856739044189
1003,34.001333000021987,33.729930818080902,-116.9025000333786,-116.96954095363617,13.900000043213367,4.3566584587097168,3.4999999701976776,3.1442861258983612
682,35.905833005905151,34.363160192966461,-117.65733298659325,-117.7415514588356,9.4999998807907104,4.7007644176483154,3.7400000095367432,3.6087491512298584
827,35.702000021934509,35.875851273536682,-117.53610000014305,-117.20616281032562,9.9999998509883881,6.3020306825637817,3.4999999701976776,3.1133445203304291
1538,33.504999995231628,33.175410628318787,-116.46300005912781,-116.62519478797913,6.9999995827674866,4.5811343193054199,3,3.0727576911449432
984,33.134167015552521,32.934469938278198,-116.65566694736481,-116.81066179275513,2.7299997210502625,5.7722121477127075,3.070000022649765,3.0487584471702576
1233,33.883699998259544,33.879668772220612,-117.96649999916553,-117.93082645535469,19.000000208616257,4.4157850742340088,3.4999999701976776,3.0420054495334625
2149,34.202000007033348,33.980199923738837,-116.86549997329712,-117.0863071680069,2.9999998211860657,5.7978969812393188,4.5,3.59754279255867
140,35.881832957267761,35.938013672828674,-117.68599998950958,-117.37432140111923,4.1800001263618469,8.7223085761070251,3.6999999582767487,3.1642069816589355
217,35.688832998275757,35.884754180908203,-117.51499998569489,-117.95229877158999,7.1400001645088196,10.54700955748558,3.8099999874830246,3.1033435463905334
2076,35.120000004768372,34.55495947599411,-118.60699999332428,-118.64529091119766,3.9999997615814209,6.2224200367927551,3,3.0406131148338318
2358,33.805999994277954,33.963818058371544,-117.75300000607967,-117.74827679991722,2.800000011920929,3.3812731504440308,3.199999988079071,3.1445899307727814
2249,34.224000006914139,34.20526060461998,-118.81400001049042,-118.73527836799622,7.4000000953674316,3.6074745655059814,4.1999999955296516,3.5241175889968872
1754,34.866999983787537,34.546934127807617,-116.34200000762939,-116.27790892124176,4.7999998927116394,4.1499048471450806,3,3.0394184589385986
1499,33.129700005054474,32.659269690513611,-116.43929994106293,-116.635174036026,13.399999961256981,4.4477123022079468,3.8999999910593033,3.2402586936950684
22,35.566333055496216,35.348909497261047,-117.35266697406769,-117.45672911405563,2.6699995994567871,6.8558245897293091,3.5899999737739563,3.1768223941326141
711,35.899832963943481,34.197122603654861,-117.69549998641014,-117.85629960894585,6.8900004029273987,4.5039600133895874,3.5699999928474426,3.7449876666069031
1157,33.576200008392334,33.648524165153503,-118.27610000967979,-118.15758782625198,17.300000041723251,5.2660417556762695,3.9999999850988388,3.2369956970214844
2526,34.230000004172325,33.710016489028931,-116.43900001049042,-116.64067673683167,6.1000004410743713,7.0001256465911865,3,3.0360945761203766
871,33.520666986703873,32.995354413986206,-116.5723329782486,-116.70771956443787,2.0399996638298035,2.8721076250076294,3.1099999845027924,3.0687164068222046
1507,32.834699988365173,32.328385829925537,-116.02849996089935,-116.32322418689728,13.499999977648258,1.8677642941474915,3.6999999582767487,3.064972311258316
10,35.716500043869019,35.804640412330627,-117.57383298873901,-117.33812892436981,4.3299999833106995,7.0498904585838318,3.5999999642372131,3.0931056439876556
2447,32.64300000667572,32.457494497299194,-116.08399999141693,-116.5220445394516,6.9999995827674866,1.9378244876861572,3,3.0827946066856384
2396,33.502999991178513,33.656384378671646,-118.20100000500679,-118.12961387634277,5.9999996423721313,1.6627997159957886,3.199999988079071,3.0427511930465698
1749,35.485100030899048,35.59877347946167,-118.42260000109673,-118.58110111951828,6.6999998688697815,1.8799629807472229,3.6999999582767487,3.1592696607112885
1315,33.645999997854233,33.222964882850647,-116.74000000953674,-116.8345160484314,16.899999976158142,4.962725043296814,3,3.0492802262306213
754,35.622334003448486,35.416993618011475,-117.57333400845528,-117.72165235877037,6.1900001764297485,6.9476518034934998,3.6500000059604645,3.5983843803405762
626,35.889333009719849,34.409737050533295,-117.71200001239777,-117.97372988425195,3.8600000739097595,4.5428690314292908,4.1999999955296516,3.7190087735652924
2133,34.367000013589859,33.412830531597137,-116.13199996948242,-116.24816823005676,3.3000004291534424,9.7322769463062286,3.3999999761581421,3.0530450642108917
1510,34.388000011444092,34.304146558046341,-117.50200000405312,-117.52063176035881,13.900000043213367,4.1589698195457458,3.0999999940395355,3.029682844877243
129,35.656167030334473,35.776224255561829,-117.51333299279213,-117.1634493470192,9.9799999594688416,7.1131199598312378,3.1399999558925629,3.0261680781841278
843,35.644000053405762,34.39057058095932,-117.56716701388359,-117.99039407726377,4.6399998664855957,4.7060090303421021,4.4899999997578561,3.9639582484960556
323,35.567500948905945,35.497794151306152,-117.35016602277756,-117.24443823099136,1.2099999189376831,6.310155987739563,3.4899999797344208,3.1263465285301208
1937,34.003000000026077,34.004323401488364,-118.44499999284744,-118.30026596784592,12.60000005364418,3.484961986541748,3.0999999940395355,3.032892107963562
1494,34.991999983787537,34.73968118429184,-116.94900000095367,-116.89167749881744,8.1999997794628143,4.8660466074943542,3,3.0422172546386719
1284,32.886399984359741,32.42254102230072,-116.19599997997284,-116.64495587348938,9.3000000715255737,3.3286044001579285,3,3.1159813106060028
2461,35.728999972343445,35.871812224388123,-117.57499998807907,-117.41318053007126,0.80000013113021851,6.7983806133270264,3.4999999701976776,3.2773256599903107
14,34.26800000667572,34.118459396064281,-117.45300000905991,-117.48101472854614,9.960000067949295,4.0034258365631104,3,3.0272013545036316
947,35.391999959945679,35.60953950881958,-118.54449999332428,-118.76310431957245,4.7700002789497375,1.1160653829574585,3.6999999582767487,3.2183437049388885
215,35.702332019805908,35.718391060829163,-117.509162992239,-117.4188637137413,1.3099998235702515,7.2901752591133118,3.5300000309944153,3.1196543276309967
2498,34.317999988794327,33.68657922744751,-116.45299994945526,-116.59170985221863,5.6999999284744263,7.4657115340232849,3.199999988079071,3.0335547924041748
1995,32.753100037574768,32.512103319168091,-116.81180000305176,-116.84370827674866,22.599999904632568,3.9651694893836975,3,3.3521640300750732
1182,32.187100052833557,32.058879852294922,-117.65110000967979,-117.60902148485184,7.9000000655651093,9.0792220830917358,4.0999999791383743,3.3084993660449982
1703,35.907699942588806,35.535234808921814,-116.7311999797821,-116.85919761657715,2.9999998211860657,6.2862923741340637,3,3.0324152112007141
1611,33.209699988365173,33.084762454032898,-119.25409996509552,-118.89623886346817,11.599999889731407,7.6098825037479401,4.3999999947845936,3.4731467664241791
864,33.213333010673523,32.408105134963989,-116.06649994850159,-116.51460409164429,10.629999786615372,4.071209728717804,3.4999999701976776,3.0611244142055511
516,35.703498959541321,35.318503499031067,-117.50516501069069,-117.68501219153404,4.5299997925758362,7.1759086847305298,3.2999999821186066,3.1134466230869293
597,35.630000948905945,35.370867013931274,-117.43183100223541,-117.51896417140961,3.0700001120567322,6.893613338470459,3.4999999701976776,3.1781503558158875
195,35.941833972930908,35.774594664573669,-117.69132998585701,-117.85245287418365,2.7899998426437378,10.267392843961716,3.0399999618530273,3.0575141608715057
1277,32.165599942207336,32.182412981987,-117.61829999089241,-117.9502633176744,1.2999996542930603,8.7600038945674896,3.2999999821186066,3.0809036493301392
288,35.650665044784546,35.681904554367065,-117.4641649723053,-117.33232218027115,8.7599998712539673,6.5753853321075439,3.4999999701976776,3.200791597366333
950,34.243332996964455,34.124949023127556,-117.45800000429153,-117.5503605902195,11.639999896287918,3.5882216691970825,3.3999999761581421,3.0537154376506805
2390,34.671999990940094,34.345796287059784,-116.27400004863739,-116.36154496669769,17.800000011920929,9.9261894822120667,3,3.0309918522834778
2034,34.671000003814697,34.642765879631042,-116.35800004005432,-116.48694062232971,2.8999999165534973,6.9064325094223022,3.199999988079071,3.0590957701206207
2421,34.954999983310699,34.355761379003525,-116.37100005149841,-116.83445286750793,11.100000143051147,8.8092269003391266,3,3.0219630897045135
1120,34.196999996900558,33.889685899019241,-116.90683305263519,-116.9755961894989,10.109999924898148,4.2098110914230347,3.4699999988079071,3.0396662950515747
1622,32.935999989509583,32.355329751968384,-116.05200004577637,-116.42166471481323,6.3000002503395081,2.033727765083313,3,3.0552417039871216
549,35.674332022666931,34.046945039182901,-117.46933001279831,-117.87238952517509,6.3799998164176941,4.4443193078041077,3.3999999761581421,3.0785817503929138
156,35.899667024612427,35.770840883255005,-117.71766701340675,-117.97482625022531,8.5600000619888306,8.2356195151805878,3.0800000131130219,3.034768134355545
419,35.899502038955688,35.683583974838257,-117.69000199437141,-117.60117423534393,0.85000008344650269,8.1793007254600525,3.2299999594688416,3.0785929262638092
922,34.298667013645172,34.028839243575931,-116.93416702747345,-117.17258697748184,3.9800003170967102,3.9432871341705322,3.1600000262260437,3.0241917371749878
2185,33.949000000953674,33.932741828262806,-119.18900001049042,-118.8965522646904,0.90000003576278687,4.7141137719154358,3.199999988079071,3.0439050793647766
477,35.881500005722046,34.630832314491272,-117.71733298897743,-118.01957301981747,5.6399998068809509,4.9851930141448975,4.7000000104308128,3.6385521590709686
1657,35.273699998855591,35.500381946563721,-119.42110002040863,-119.68936729431152,1.5000003576278687,0.035373866558074951,3.5999999642372131,3.1613194048404694
1701,32.740599989891052,32.495203733444214,-117.37169998884201,-117.18094950914383,9.9999998509883881,5.2275127172470093,3.199999988079071,3.0428859293460846
1523,35.19379997253418,35.110034704208374,-118.59079998731613,-118.60074293613434,9.8000000417232513,5.0158149003982544,3.7999999970197678,3.2182838916778564
1471,35.35099995136261,35.330220222473145,-118.56099998950958,-118.63476377725601,5.4000002145767212,6.1056822538375854,3.3999999761581421,3.081032395362854
553,35.575999975204468,35.283615589141846,-117.36216700077057,-117.49776542186737,2.9600000381469727,4.9109244346618652,3.4799999892711639,3.0849089026451111
1202,34.197999998927116,34.03852941095829,-116.93739998340607,-117.21891963481903,10.60000017285347,4.3531867861747742,4.5,4.1527521461248398
390,35.870833992958069,35.76854407787323,-117.71383699774742,-117.81763599812984,6.770000159740448,5.0019174814224243,3.9800000041723251,3.5867363512516022
578,35.904999017715454,34.146003797650337,-117.71883401274681,-117.77146808803082,4.2099997401237488,4.5368081331253052,3.2800000011920929,3.2285043597221375
2346,35.802000045776367,35.743260145187378,-118.04500000178814,-117.73083463311195,9.2000001668930054,1.8994081020355225,3,3.0573935508728027
2357,35.925999999046326,35.833103656768799,-118.33300000429153,-118.32874903082848,5.6000000238418579,1.5937319397926331,3.6999999582767487,3.1295313835144043
2298,32.154000043869019,32.092936396598816,-117.33999997377396,-116.42111563682556,7.9000000655651093,4.6852540969848633,3,3.2362975180149078
820,35.704833030700684,35.806474924087524,-117.48083299398422,-117.34496772289276,8.4999999403953552,6.0671558976173401,3.4999999701976776,3.1233942210674286
2431,34.880999982357025,34.532255351543427,-116.38699996471405,-116.26647067070007,3.1999996304512024,8.5829503834247589,3.199999988079071,3.0245427489280701
1006,33.881833001971245,33.700431048870087,-116.79883301258087,-117.01899874210358,15.380000006407499,4.2014408111572266,3.3700000047683716,3.0399035811424255
1248,35.305099964141846,35.18748152256012,-118.49180001020432,-118.48133492469788,7.9000000655651093,6.3829565048217773,3.6999999582767487,3.2178192436695099
2098,34.657999992370605,34.333925426006317,-116.29499995708466,-116.48558151721954,4.6000000834465027,9.8260737955570221,3,3.0252591669559479
664,35.639832973480225,34.530256569385529,-117.43633300065994,-117.82997334003448,3.3099997043609619,5.1284444332122803,3.199999988079071,3.1031244993209839
2245,34.254999995231628,34.140220150351524,-118.77499997615814,-118.68737953901291,12.60000005364418,4.4550222158432007,3.5999999642372131,3.0871763527393341
142,33.452832996845245,32.982723712921143,-116.57633304595947,-116.53960132598877,10.799999982118607,2.2690406441688538,3.5899999737739563,3.1669573187828064
2204,34.577000021934509,33.555736243724823,-116.26600003242493,-116.65588474273682,3.3000004291534424,7.1013683080673218,3.0999999940395355,3.0445016026496887
1882,32.121999979019165,32.197987079620361,-116.64300000667572,-117.07068794965744,4.9999997019767761,5.6209507584571838,3.2999999821186066,3.0843243598937988
421,35.648998022079468,35.38623309135437,-117.51783001422882,-117.59028941392899,9.8600001633167267,6.4381331205368042,3.1700000166893005,3.0636682212352753
799,35.693832039833069,35.887187719345093,-117.49449902772903,-117.36492848396301,0.97000032663345337,6.8579757213592529,3.2600000202655792,3.1037423014640808
615,35.640166997909546,35.577642321586609,-117.4468309879303,-117.48082745075226,2.3099997639656067,5.9833672642707825,4.2999999895691872,3.5614845156669617
1318,33.782000005245209,33.245019376277924,-116.08120000362396,-116.41511380672455,4.7999998927116394,7.3638966679573059,3.4999999701976776,3.1860639452934265
295,35.949664950370789,35.892423868179321,-117.72233599424362,-117.5692735016346,2.0499998331069946,8.4278485178947449,3.1899999976158142,3.0688900351524353
401,35.609164953231812,35.641452312469482,-117.41483300924301,-117.26608139276505,3.020000159740448,6.1753839254379272,3.1600000262260437,3.0699032843112946
88,35.669832944869995,35.755049109458923,-117.47500002384186,-117.24774771928787,3.8499999046325684,6.598345935344696,3.4999999701976776,3.1045002937316895
2072,34.989000022411346,35.004323720932007,-119.18850004673004,-119.32856035232544,12.100000083446503,2.5944659113883972,4.7000000104308128,3.7385770976543427
2500,34.670000016689301,33.242350697517395,-116.21300005912781,-116.33059394359589,5.9999996423721313,10.252246856689453,3,3.0184305310249329
131,35.778833031654358,35.858679175376892,-117.6176669895649,-117.44195902347565,8.449999988079071,8.6427140235900879,3.0299999713897705,3.0357123613357544
1623,35.958999991416931,35.61883270740509,-117.33899998664856,-117.46976786851883,2.6000002026557922,7.2450122237205505,3,3.035747766494751
1612,33.913999997079372,33.725135236978531,-117.05900001525879,-117.05303883552551,13.499999977648258,4.2512029409408569,3.2999999821186066,3.0390703976154327
1721,35.98199999332428,35.812572598457336,-117.31900000572205,-117.32743543386459,3.6000001430511475,7.1549534797668457,3,3.0632434487342834
1402,33.718600004911423,33.126810252666473,-116.04879999160767,-116.33797693252563,11.599999889731407,8.4928514063358307,3.4999999701976776,3.1233415603637695
2080,34.041499998420477,34.149924725294113,-117.74869999289513,-117.88712544739246,16.700000055134296,5.0183245539665222,3.4999999701976776,3.0941107571125031
2196,34.275599986314774,33.904881432652473,-116.86160004138947,-117.26515877246857,7.1000003814697266,5.1518860459327698,3.5999999642372131,3.0772807896137238
1188,34.311300009489059,33.834780141711235,-116.41999995708466,-116.44946074485779,8.9999999105930328,5.7653483748435974,3.7999999970197678,3.173010528087616
724,35.748000025749207,34.302071124315262,-117.54566699266434,-118.20125536620617,3.8999998569488525,5.1693588495254517,4.9000000208616257,3.9395379424095154
1314,33.958000000566244,33.906503014266491,-118.41800001263618,-118.33057883381844,11.900000050663948,1.946127712726593,3.0999999940395355,3.0193530321121216
1862,34.367000013589859,34.034299898892641,-116.12300002574921,-116.3473801612854,5.9999996423721313,6.9097030162811279,3.3999999761581421,3.0543323457241058
269,35.862998962402344,35.885601282119751,-117.69400000572205,-117.48895490169525,7.8399999439716339,6.4607164263725281,3.199999988079071,3.0462535321712494
1836,34.215000003576279,34.292915523052216,-119.92799997329712,-119.47396802902222,5.9999996423721313,6.9813483953475952,3.0999999940395355,3.045330137014389
2095,34.166999995708466,33.953312072902918,-117.40700000524521,-117.59678292274475,11.700000017881393,4.9057334661483765,3.2999999821186066,3.0641164183616638
1372,33.061699986457825,32.454946398735046,-116.0485999584198,-116.41621732711792,11.299999952316284,2.5308287143707275,3.2999999821186066,3.050994873046875
917,34.135000005364418,34.583088934421539,-117.77099999785423,-117.9555429816246,4.440000057220459,4.1786670684814453,3.3899999856948853,3.5002917051315308
1662,35.989300012588501,35.882360219955444,-117.29879999160767,-117.2187756896019,5.7999998331069946,6.8624907732009888,3.0999999940395355,3.0472285151481628
1319,33.454299986362457,33.168833076953888,-116.44060003757477,-116.77861773967743,8.4999999403953552,5.2196788787841797,3.5999999642372131,3.1574024856090546
2167,35.327999949455261,35.254247426986694,-118.6690000295639,-118.97452563047409,2.4000003933906555,4.2622858285903931,3.199999988079071,3.0363762080669403
2471,34.666000008583069,33.850654065608978,-116.25800001621246,-116.35863065719604,0.99999994039535522,9.2654970288276672,3.0999999940395355,3.0230202376842499
587,35.872833013534546,35.619326591491699,-117.66083499789238,-117.54559656977654,3.3500003814697266,7.2569999098777771,3.9599999785423279,3.1317882835865021
2407,34.030999999493361,33.530572205781937,-116.46700000762939,-116.66018295288086,17.599999979138374,6.985832154750824,3.199999988079071,3.0544323027133942
2532,32.044999957084656,32.506779909133911,-116.54299998283386,-116.60757219791412,3.7000000476837158,4.1678237915039062,3,3.0553578436374664
375,35.896000027656555,35.693717956542969,-117.72666901350021,-117.84494878351688,4.3900001049041748,6.9553175568580627,3.2999999821186066,3.0674081146717072
333,35.932834982872009,35.50052535533905,-117.70249900221825,-117.69556030631065,2.3599997162818909,5.2598279714584351,3.4999999701976776,3.0708562731742859
1847,33.244599997997284,32.740609884262085,-116.13359999656677,-116.33864641189575,8.4000000357627869,5.3451794385910034,4.3999999947845936,3.6086227297782898
2388,32.432999968528748,32.157337427139282,-117.88000000268221,-117.3865539431572,8.8000001013278961,8.4523674845695496,3.3999999761581421,3.0908713638782501
1118,34.119167000055313,33.72123458981514,-116.91250002384186,-116.95445561408997,7.2299998998641968,4.3074309825897217,3.3099999725818634,3.0498117506504059
1442,35.388000011444092,35.268211841583252,-117.84000000357628,-117.91186443716288,5.899999737739563,6.465720534324646,3.2999999821186066,3.0629095137119293
1599,34.014000000432134,33.727217793464661,-117.11599999666214,-117.13076102733612,11.200000047683716,4.2536884546279907,3.199999988079071,3.0188713073730469
910,34.002000000094995,33.659715980291367,-117.01783299446106,-117.06700611114502,16.330000050365925,4.3265926837921143,3.6100000441074371,3.1212802827358246
776,35.721168994903564,35.910710334777832,-117.52400198578835,-117.24983668327332,2.2099998593330383,5.5238986015319824,3.199999988079071,3.0633034408092499
2267,34.351999998092651,34.243259489536285,-116.47200000286102,-117.22256410121918,9.3999999761581421,5.5470621585845947,3.3999999761581421,3.0589975118637085
328,35.911834955215454,35.802321791648865,-117.73600000143051,-117.76834112405777,2.0600000023841858,5.871461033821106,3.4699999988079071,3.1187639236450195
1342,34.170000001788139,34.183954879641533,-117.66699999570847,-117.63471549749374,2.9999998211860657,4.2138111591339111,3,3.0385918021202087
320,35.896167993545532,35.772478222846985,-117.69200098514557,-117.77649711072445,6.5100002288818359,4.7906184196472168,3.2600000202655792,3.0556565523147583
2060,33.424000024795532,33.095672309398651,-116.97200000286102,-116.85744893550873,11.700000017881393,5.23773193359375,3.3999999761581421,3.0686929821968079
12,35.616832971572876,35.828373312950134,-117.47200000286102,-117.11196571588516,6.7800003290176392,7.4878871440887451,3.4999999701976776,3.0545771420001984
897,33.49066698551178,33.398508906364441,-116.8038330078125,-116.90335893630981,2.4199998378753662,5.2595919370651245,3.0999999940395355,3.0431199073791504
171,35.876000046730042,35.729177474975586,-117.67950001358986,-117.74222475290298,4.5399999618530273,8.4043626487255096,3,3.0548467040061951
260,35.683665990829468,35.491370916366577,-117.54116800427437,-117.4225737452507,4.5799997448921204,6.2852883338928223,3,3.0610863268375397
1921,35.657999992370605,35.635270953178406,-119.18799996376038,-118.95693534612656,25.599999725818634,6.893012523651123,3,3.0607638359069824
689,35.902500033378601,34.938272297382355,-117.71633300185204,-118.00528950523585,8.4699998795986176,5.722653865814209,4.0999999791383743,3.1994415521621704
901,33.779332995414734,33.315086722373962,-116.13383305072784,-116.18010532855988,7.8700000047683716,4.5476809144020081,3.199999988079071,3.0412000715732574
258,35.545333981513977,35.438188552856445,-117.38566601276398,-117.28276687860489,-0.040000677108764648,5.6754997372627258,3.2199999690055847,3.0997654795646667
844,35.705167055130005,35.749743461608887,-117.50600001215935,-117.40158814191818,10.709999799728394,7.1394842863082886,6.3999999761581421,4.7268587574362755
2335,35.797999978065491,35.770526885986328,-118.04100000113249,-117.83031350374222,7.1000003814697266,6.2539190053939819,3,3.040342390537262
138,33.311333000659943,32.745627403259277,-116.25516700744629,-116.47470951080322,11.650000065565109,4.018857479095459,3.1399999558925629,3.0346089005470276
1573,34.418999999761581,33.977919269353151,-119.98099994659424,-119.58740997314453,6.7999997735023499,7.4013885855674744,3,3.0620971620082855
319,35.644665002822876,35.716030597686768,-117.42350000143051,-117.29691690206528,4.1999995708465576,5.3636419773101807,3.2899999916553497,3.10611292719841
653,35.883499979972839,34.160288602113724,-117.72766700387001,-117.94815662503242,7.5100001692771912,4.6933186054229736,3.5999999642372131,3.2087051868438721
1953,35.044999957084656,34.656010985374451,-119.00699996948242,-119.01753509044647,11.200000047683716,5.481528639793396,3.8999999910593033,3.0920358896255493
1871,35.934999942779541,35.916726469993591,-117.68099999427795,-117.35925894975662,2.9999998211860657,8.4162050485610962,3.0999999940395355,3.0441792011260986
558,35.556331992149353,35.104248762130737,-117.34316998720169,-117.62278142571449,3.1800001859664917,6.1985868215560913,3.550000011920929,3.1192605793476105
139,35.950667023658752,35.959412693977356,-117.70433300733566,-117.31750845909119,2.9499998688697815,8.4976784884929657,3.3799999952316284,3.0356764197349548
112,35.808166980743408,35.980380654335022,-117.6323330104351,-117.19359314441681,8.1599999964237213,8.5571497678756714,3,3.0278555452823639
531,35.922669053077698,35.697294592857361,-117.69249698519707,-117.74117892980576,2.290000319480896,8.0647096037864685,3.3199999630451202,3.0390599370002747
224,35.658668994903564,35.685551762580872,-117.46399700641632,-117.22197246551514,3.2900002598762512,7.0089268684387207,3.199999988079071,3.0625203251838684
723,35.617166996002197,34.280558466911316,-117.42750000953674,-118.03244534879923,8.449999988079071,4.6513134241104126,4.8000000044703484,3.9483198970556259
2353,35.748999953269958,35.843490600585938,-118.01799999922514,-118.15679447352886,5.6000000238418579,1.3017600774765015,3.0999999940395355,3.1095503568649292
2165,34.894999980926514,34.687113523483276,-119.35699999332428,-119.33480000495911,12.999999895691872,3.1716799736022949,3.0999999940395355,3.0370061695575714
1433,33.767000004649162,33.840920656919479,-118.1330000013113,-118.0075742835179,3.9999997615814209,4.8246556520462036,3,3.0529212355613708
325,35.757500052452087,35.760983228683472,-117.59116399288177,-117.576993227005,2.7700003981590271,5.5106467008590698,3.199999988079071,3.0892218947410583
1323,33.482599973678589,33.116332173347473,-116.45239996910095,-116.66970539093018,10.200000107288361,4.0711238980293274,4.7000000104308128,4.4021224044263363
1997,33.881999999284744,33.810220614075661,-118.45100000500679,-118.38411590456963,11.200000047683716,3.6306032538414001,3.3999999761581421,3.0336735248565674
1458,34.832000017166138,34.623273193836212,-116.37800002098083,-116.32224750518799,3.9999997615814209,5.2716368436813354,3.199999988079071,3.0368203818798065
1736,35.371000051498413,35.550336599349976,-118.65299999713898,-118.79248970746994,5.6000000238418579,0.80410480499267578,3.0999999940395355,3.0400319695472717
2417,34.814000010490417,34.231361135840416,-116.26199996471405,-116.33723187446594,4.7999998927116394,9.0918906033039093,3.199999988079071,3.0325038135051727
714,35.902999997138977,34.29493060708046,-117.69116699695587,-117.74051749706268,7.0099997520446777,4.2889907956123352,4.0999999791383743,3.6693304181098938
846,35.050333023071289,34.874442458152771,-118.93599998950958,-119.24665486812592,8.7399999797344208,1.1702513694763184,3.4400000274181366,3.0486586689949036
193,35.888499975204468,35.573211431503296,-117.625,-117.34279429912567,15.039999999571592,6.6159850358963013,3.0999999940395355,3.0683825612068176
1983,34.845000028610229,34.467992573976517,-116.32299995422363,-116.44292736053467,4.8999997973442078,6.5793603658676147,3.199999988079071,3.0293668806552887
573,35.841835021972656,35.49561071395874,-117.68382999300957,-117.62972018122673,7.0900002121925354,6.0930132865905762,3.7999999970197678,3.0534765422344208
946,35.043499946594238,34.686697423458099,-119.04233300685883,-119.12003517150879,7.7299998700618744,6.1338096857070923,4.0999999791383743,3.4817698895931244
503,35.754333972930908,35.732760071754456,-117.47816497087479,-117.36968833208084,-0.78000068664550781,6.9781199097633362,3.199999988079071,3.0878461003303528
1864,32.706300020217896,32.222730278968811,-116.02409994602203,-116.69596576690674,11.499999985098839,4.1956186294555664,3.7999999970197678,3.1524848341941833
2014,34.270999997854233,34.301185488700867,-119.68299996852875,-119.60396087169647,0.19999980926513672,7.3293918371200562,3.4999999701976776,3.1045494675636292
645,35.830832958221436,34.547017455101013,-117.67766600847244,-117.85531207919121,3.4699997305870056,4.3641391396522522,3.8199999779462814,3.21026211977005
3,35.950832962989807,35.830132246017456,-117.36599999666214,-117.14929413795471,2.7399998903274536,7.3318710923194885,3.2999999821186066,3.064041942358017
1833,34.123999997973442,34.063942916691303,-117.30199998617172,-117.3682901263237,14.100000020116568,4.2038673162460327,3.2999999821186066,3.091436505317688
467,35.780334949493408,35.23176383972168,-117.60150200128555,-117.48320895433426,16.970000043511391,7.0511788129806519,3.0999999940395355,3.0198193788528442
1345,33.71000000834465,33.636230617761612,-117.34899997711182,-117.24778491258621,13.399999961256981,4.2447593808174133,3.2999999821186066,3.1036326885223389
5,35.647832989692688,35.652566194534302,-117.45916700363159,-117.33983957767487,4.0499997138977051,6.4342385530471802,3.8999999910593033,3.5281319618225098
1246,35.982300043106079,35.820193529129028,-117.27240002155304,-117.0138276219368,3.7000000476837158,7.6908914744853973,3.8999999910593033,3.1026028990745544
919,33.897832997143269,33.535430341959,-116.21449995040894,-116.21736335754395,7.1799999475479126,6.7775899171829224,3.0299999713897705,3.0272489190101624
547,35.855666995048523,35.374895095825195,-117.67416700720787,-117.6210224032402,5.6600001454353333,7.2618699073791504,3.199999988079071,3.0300319790840149
228,35.672500967979431,35.642043232917786,-117.48983001708984,-117.43547403812408,3.059999942779541,7.2034165263175964,3.5999999642372131,3.4438202977180481
1063,34.202167004346848,33.795944422483444,-116.8313330411911,-116.959721326828,6.9999995827674866,4.6281284093856812,3.070000022649765,3.0215389430522919
542,35.871333956718445,35.21235179901123,-117.71366900205612,-117.47930091619492,5.0499996542930603,6.3979035615921021,3.4400000274181366,3.049029529094696
242,35.876499056816101,35.747677683830261,-117.70683300495148,-117.84171505272388,4.4299998879432678,9.6898913383483887,3.7999999970197678,3.3097994327545166
898,35.671200037002563,32.687100172042847,-116.13300001621246,-116.55523419380188,26.100000143051147,3.8014715909957886,3.0999999940395355,3.1613170802593231
2496,34.59799998998642,34.248174041509628,-116.24199998378754,-116.27755379676819,3.099999725818634,8.5848180949687958,3,3.0273349285125732
1160,33.456200003623962,33.456017792224884,-118.08100000023842,-118.16126570105553,8.8000001013278961,3.6238521337509155,3,3.0220951437950134
1889,33.689999997615814,33.363265693187714,-116.79499995708466,-116.78229296207428,15.299999993294477,3.3381262421607971,3.199999988079071,3.0547674894332886
2118,34.18299999833107,34.240929633378983,-117.47899997234344,-117.92995768040419,3.3000004291534424,4.3004947900772095,3.0999999940395355,3.0429072082042694
1742,35.901999950408936,35.495819091796875,-117.02100002765656,-116.99685442447662,0.70000022649765015,5.5384325981140137,3.0999999940395355,3.0308646261692047
1866,32.723000049591064,32.41339635848999,-116.04200005531311,-116.87293875217438,3.099999725818634,2.7456977963447571,3.0999999940395355,3.0544440150260925
842,35.678500056266785,34.518688321113586,-117.45249998569489,-117.69787415862083,15.760000012814999,4.2073246836662292,3,3.3626909852027893
1373,33.877199999988079,33.943054053932428,-117.78309999406338,-117.72419121861458,13.599999994039536,4.6384933590888977,3.199999988079071,3.1733525991439819
2531,34.674000024795532,34.155999302864075,-116.31299996376038,-116.34334218502045,1.3999995589256287,9.5238831639289856,3.0999999940395355,3.0293644666671753
2222,32.046000003814697,32.315659165382385,-116.31599998474121,-116.61602902412415,3.9999997615814209,5.3510034084320068,3,3.0708286464214325
1526,34.130999997258186,34.036478608846664,-117.44700002670288,-117.53600463271141,7.9000000655651093,4.0744668245315552,3.2999999821186066,3.0352239310741425
1605,32.699900031089783,32.601143360137939,-118.20960000157356,-117.79213646054268,7.9999999701976776,6.2642186880111694,4.3999999947845936,3.1469852328300476
276,35.740165948867798,35.802761077880859,-117.56400299072266,-117.40886831283569,3.0399996042251587,6.0909980535507202,3,3.0780784785747528
661,35.878000020980835,34.587794721126556,-117.70166701078415,-117.81144648790359,4.5799997448921204,4.9019604921340942,4.0999999791383743,3.0344343781471252
1883,34.28999999165535,33.905320845544338,-116.90600001811981,-117.08969551324844,6.2000003457069397,4.1569751501083374,3.3999999761581421,3.0453309416770935
2144,35.332000017166138,35.475106477737427,-118.66100001335144,-119.10182499885559,2.0999997854232788,0.73322027921676636,3,3.0386548340320587
2397,34.861000001430511,34.725564241409302,-119.09800004959106,-119.01566088199615,21.599999964237213,5.3878077864646912,4.3999999947845936,3.4742429852485657
1916,33.793999999761581,33.017772138118744,-116.182000041008,-116.38236522674561,9.700000137090683,4.4609695672988892,3.0999999940395355,3.0308659672737122
314,35.672500967979431,35.66990053653717,-117.52583301067352,-117.52835121750832,7.6600000262260437,7.0704585313796997,3.0500000417232513,3.0361708402633667
1466,32.944000005722046,32.50462543964386,-116.14300000667572,-116.85715544223785,20.000000149011612,5.1430070400238037,3.2999999821186066,3.0530658960342407
1343,34.328599989414215,34.167084142565727,-118.45370000600815,-118.51266926527023,10.799999982118607,2.9042646288871765,3.8999999910593033,3.1381254494190216
2091,33.694000005722046,32.69208300113678,-116.0349999666214,-116.20705008506775,12.499999925494194,4.4320660829544067,3.0999999940395355,3.0724503993988037
691,35.59850001335144,34.30371618270874,-117.41449999809265,-117.97869307734072,6.6899996995925903,4.5963513851165771,3.7999999970197678,3.1910260319709778
1541,32.126999974250793,32.134825229644775,-117.65189999341965,-117.45170140266418,1.2999996542930603,10.000617653131485,3.2999999821186066,3.0767040252685547
612,35.715499997138977,35.04893946647644,-117.62733501195908,-117.65953025221825,5.4199996590614319,5.6415492296218872,3.3999999761581421,3.0680182278156281
424,35.928333044052124,35.825401425361633,-117.70500001311302,-117.68742346763611,2.369999885559082,5.216924250125885,4.5,3.5609711408615112
1577,32.719300031661987,32.224159955978394,-116.04019999504089,-116.57949829101562,11.499999985098839,3.1163907051086426,3.4999999701976776,3.0475082695484161
594,35.887500047683716,35.193135023117065,-117.69699999690056,-117.65257528424263,4.1099998354911804,5.7209819555282593,3.5099999606609344,3.0559018850326538
2516,34.769999980926514,34.262015521526337,-116.40100002288818,-116.58133161067963,7.3000001907348633,9.8976802825927734,3.7999999970197678,3.7373550832271576
2008,34.114000000059605,34.181184858083725,-117.43300002813339,-117.48240000009537,4.5000001788139343,3.9549654722213745,3.2999999821186066,3.0453287959098816
622,35.801998019218445,35.053275942802429,-117.63166800141335,-117.59605371952057,1.4300000667572021,5.7985496520996094,3.6999999582767487,3.1259531378746033
1861,32.48199999332428,32.388407707214355,-117.50499999523163,-117.24542623758316,6.9999995827674866,7.1708160638809204,3.0999999940395355,3.0222077071666718
1493,33.771799996495247,33.701742500066757,-118.14309999346733,-118.12022210657597,16.400000005960464,5.261111855506897,3.6999999582767487,3.1609063446521759
1677,34.142000004649162,33.78764808177948,-116.43400001525879,-116.27038204669952,5.5000001192092896,3.163122832775116,3.0999999940395355,3.0913874208927155
227,35.944499969482422,35.826864719390869,-117.72116899490356,-117.75995929539204,2.4400001764297485,9.7968238592147827,3.5099999606609344,3.1554229259490967
2321,35.967000007629395,35.869503140449524,-117.84700000286102,-117.74881741404533,2.8999999165534973,7.1703162789344788,3.4999999701976776,3.151444673538208
1169,34.00359999993816,33.94957746937871,-117.23369997739792,-117.31559574604034,19.299999922513962,4.2223933339118958,3.199999988079071,3.0516633689403534
108,35.735999941825867,35.740969657897949,-117.58050000667572,-117.65907961130142,9.5600000023841858,7.2247195243835449,3.0999999940395355,3.1124882698059082
1756,34.395000010728836,34.497182995080948,-119.65499997138977,-119.28430485725403,13.399999961256981,6.3424211740493774,3.199999988079071,3.0361601114273071
66,34.005667000077665,33.51401349902153,-116.76433300971985,-116.90244078636169,13.299999944865704,4.8136085271835327,3.3999999761581421,3.0838108062744141
1417,32.928400039672852,32.548764228820801,-116.36189997196198,-116.72391784191132,16.899999976158142,2.0969420671463013,3,3.0764940977096558
2286,34.275999993085861,34.140784054994583,-117.5,-118.79345637559891,13.700000010430813,0.0030586123466491699,3.0999999940395355,3.0475654900074005
24,35.954666972160339,35.405428171157837,-119.93949997425079,-119.48955774307251,7.2199997305870056,9.1051125526428223,3.1700000166893005,3.0328573286533356
1235,33.911700002849102,33.798477411270142,-117.89119999855757,-117.87686426192522,11.799999922513962,4.0856382250785828,3.6999999582767487,3.0778381526470184
2096,35.133000016212463,34.850774109363556,-118.93800002336502,-119.15974521636963,14.700000006705523,5.1942211389541626,3.2999999821186066,3.0235625803470612
144,35.893833041191101,35.970681190490723,-117.68450000882149,-117.30085021257401,2.6100003719329834,8.5540187358856201,3.4999999701976776,3.0461879968643188
536,35.895167946815491,35.777645111083984,-117.72666901350021,-117.61287313699722,7.4700003862380981,5.2668589353561401,4.2999999895691872,3.39223712682724
811,35.675166964530945,34.123541921377182,-117.51483199000359,-117.88040885329247,1.7299997806549072,4.4240453839302063,3.2400000393390656,3.1250854432582855
1791,32.70990002155304,32.417885065078735,-117.17640000581741,-116.78981876373291,12.100000083446503,6.3928627967834473,3.199999988079071,3.0530396997928619
1497,35.963000059127808,35.868752241134644,-117.66299998760223,-117.73782429099083,2.9999998211860657,8.5636836290359497,3,3.0318206548690796
85,35.51783299446106,35.727899074554443,-117.41283297538757,-117.08154428005219,8.359999805688858,6.5749660134315491,3.2500000298023224,3.0305954217910767
1254,34.234400004148483,34.276541024446487,-119.55900001525879,-119.33709490299225,14.799999995157123,7.0468130707740784,3,3.0659257471561432
2093,33.350000023841858,33.092654347419739,-116.4190000295639,-116.68136811256409,12.400000020861626,2.2515320777893066,3.199999988079071,3.144823282957077
2073,33.733000010251999,33.82581926882267,-117.50699999928474,-117.40005505084991,7.2000002861022949,4.1593408584594727,3,3.0270902216434479
1878,33.974999999627471,33.947758298367262,-117.07800000905991,-117.36684513092041,14.799999995157123,4.0807932615280151,3.0999999940395355,3.0576725006103516
2412,34.146999999880791,33.242950916290283,-116.46599996089935,-116.76004719734192,16.600000038743019,7.609451562166214,3.0999999940395355,3.0503280758857727
484,35.671332955360413,35.226303696632385,-117.47200000286102,-117.62233945727348,2.8499999642372131,5.9973675012588501,3.3999999761581421,3.0815010666847229
1654,33.762999996542931,32.802074790000916,-116.01699995994568,-116.2621533870697,1.600000262260437,4.7883081436157227,3,3.0321800708770752
2257,33.89299999922514,33.936538174748421,-117.77599999308586,-117.88900653272867,6.8999996781349182,4.949682354927063,3.2999999821186066,3.3673244118690491
2426,35.991999983787537,35.871462464332581,-117.86900000274181,-117.69888266921043,2.4000003933906555,7.4781078100204468,3.7999999970197678,3.1257297992706299
738,35.722831964492798,35.737969875335693,-117.52850300073624,-117.56368121504784,3.1400004029273987,7.7826806902885437,3.2600000202655792,3.1007704138755798
1826,34.162699997425079,34.129874885082245,-117.40090000629425,-117.48171824216843,8.1999997794628143,4.0839359164237976,3.8999999910593033,3.1979810893535614
2219,32.075999975204468,32.399359822273254,-116.3400000333786,-116.26539146900177,3.1999996304512024,3.5119432210922241,3,3.1094254553318024
2502,34.029999999329448,33.247052431106567,-116.2849999666214,-116.72680735588074,4.3000003695487976,7.3707711696624756,3.3999999761581421,3.0549765229225159
1798,33.713499993085861,33.815633371472359,-117.50420001149178,-117.67525047063828,14.599999990314245,3.6244994401931763,3.6999999582767487,3.2423882782459259
362,35.823500037193298,35.704825878143311,-117.66299998760223,-117.68589943647385,6.5100002288818359,5.8455169200897217,4.5,4.0765108913183212
749,35.601166009902954,35.53692352771759,-117.60399600863457,-117.74135050177574,4.1999995708465576,7.2269421815872192,3.4999999701976776,3.1523294448852539
2419,35.740000009536743,35.882928490638733,-117.61000001430511,-117.46534651517868,0.90000003576278687,7.0700052380561829,3.5999999642372131,3.1516353785991669
1646,33.895999997854233,33.839725211262703,-117.78599999845028,-117.85854753851891,3.9999997615814209,4.7208371758460999,3.0999999940395355,3.0484384596347809
1026,34.095333002507687,33.509783267974854,-116.4025000333786,-116.47247612476349,8.880000114440918,6.3125163316726685,3,3.022293895483017
1030,33.219166994094849,32.667012333869934,-116.08249998092651,-116.19203078746796,13.35999995470047,4.2436069250106812,3.5400000214576721,3.0961534380912781
1926,34.247899994254112,34.109532564878464,-117.44110000133514,-117.57830309867859,9.9999998509883881,4.3912678956985474,3.2999999821186066,3.2759672105312347
1335,33.613000005483627,33.624911099672318,-116.66400003433228,-118.00317302835174,3.7999999523162842,9.4445858895778656,3.2999999821186066,3.0395105481147766
2087,33.379999995231628,32.580909490585327,-116.31700003147125,-116.35417854785919,13.100000023841858,1.7582130432128906,3,3.0699926018714905
1724,34.010999999940395,33.766295149922371,-117.21499997377396,-117.49315720796585,10.399999916553497,4.5459437370300293,3,3.0824014842510223
665,35.774166941642761,34.661059081554413,-117.61183300614357,-117.6677802503109,9.8800000548362732,5.117914080619812,3.4899999797344208,3.1106001734733582
364,35.776833057403564,35.673307538032532,-117.58983600139618,-117.53842836618423,0.99999994039535522,6.939157247543335,3.2400000393390656,3.038249284029007
2229,34.524999976158142,33.762641280889511,-116.29100000858307,-116.68344354629517,8.8000001013278961,7.2380393743515015,3,3.030066043138504
1239,34.123800002038479,33.959219727665186,-118.47510001063347,-118.52766013145447,15.200000004842877,4.1077691316604614,4.6000000052154064,4.4102730061858892
77,32.858999967575073,32.340410232543945,-116.18533301353455,-116.54894995689392,6.2799999117851257,3.2138845324516296,3,3.0694586634635925
27,33.49966698884964,32.954441666603088,-116.45816695690155,-116.68749618530273,5.7300004363059998,3.2798668742179871,3.4099999666213989,3.0864717364311218
473,35.884667038917542,35.308505773544312,-117.71083301305771,-117.55755177140236,4.6100002527236938,4.8024889826774597,3.5099999606609344,3.054519921541214
525,35.675498962402344,35.543022155761719,-117.5455020070076,-117.64781120419502,1.0899996757507324,6.9337865710258484,3.4500000178813934,3.135522723197937
725,35.921666979789734,34.127362713217735,-117.72900000214577,-118.01422083284706,8.1700001657009125,4.8779815435409546,4.6400000005960464,3.9273219108581543
55,35.743499994277954,35.856764435768127,-117.59299999475479,-117.20847713947296,5.9400004148483276,7.633243203163147,3.5899999737739563,3.1591255366802216
638,35.876667022705078,34.730248272418976,-117.72000101208687,-117.72332140803337,3.1099998950958252,4.7720950841903687,3.6400000154972076,3.0474050939083099
302,35.556331992149353,35.423447489738464,-117.38449901342392,-117.31329327821732,7.8000001609325409,5.7668629288673401,3.4099999666213989,3.1909389495849609
718,35.80316698551178,34.262359112501144,-117.6178329885006,-117.84082475304604,11.440000087022781,4.6119895577430725,4.8400000110268593,4.0524728894233704
2201,33.747000008821487,32.68369722366333,-116.02400004863739,-116.32689905166626,8.8000001013278961,5.4051822423934937,3,3.0740101039409637
1929,34.328999996185303,34.08442460745573,-116.83200001716614,-116.99097418785095,5.0999996066093445,4.3019628524780273,4.0999999791383743,3.4375010132789612
624,35.891499042510986,35.157414197921753,-117.6880039870739,-117.49848914146423,4.6399998664855957,4.8607581853866577,3.7400000095367432,3.0854956805706024
7,35.664000034332275,35.462132930755615,-117.56516700983047,-117.44771242141724,6.8200001120567322,5.657692551612854,3.2299999594688416,3.0473425984382629
1280,33.449000000953674,33.128599762916565,-116.58599996566772,-116.62966895103455,14.400000013411045,2.601587176322937,3.2999999821186066,3.0800987184047699
803,35.715999960899353,35.576838493347168,-117.56000000238419,-117.46803867816925,1.9200003147125244,5.5790841579437256,4.7000000104308128,4.2337356582283974
1049,35.898000001907349,35.811903119087219,-117.68316701054573,-117.67213374376297,2.5799998641014099,7.5814953446388245,3.3700000047683716,3.0741373300552368
336,35.917500019073486,35.81017792224884,-117.72066500782967,-117.89164313673973,2.369999885559082,3.6811333894729614,3.0999999940395355,3.0521287322044373
1596,35.712000012397766,35.755911946296692,-117.48500001430511,-117.44165867567062,9.8999999463558197,6.1722332239151001,3.0999999940395355,3.0761009752750397
47,35.560832977294922,35.692911386489868,-117.43433302640915,-117.17725920677185,4.5000001788139343,7.182212769985199,3.4999999701976776,3.0979090332984924
2181,35.320000052452087,35.393211603164673,-118.66100001335144,-119.00850486755371,5.6000000238418579,0.90911418199539185,3,3.0319177508354187
106,35.825166940689087,35.777072429656982,-117.63600000739098,-117.89963565021753,6.1900001764297485,5.8975911140441895,3.5300000309944153,3.205665796995163
349,35.873165011405945,35.788179516792297,-117.71383699774742,-117.74703723192215,6.8200001120567322,6.437021791934967,3.3999999761581421,3.0389480888843536
1079,33.191833019256592,33.182616174221039,-118.03099999949336,-118.14917016029358,17.649999931454659,4.7556513547897339,3.199999988079071,3.0506140887737274
238,35.881332039833069,35.846704602241516,-117.68450200557709,-117.78098377585411,3.8999998569488525,9.7797717154026031,3.1700000166893005,3.0911706984043121
213,35.950166940689087,35.878536343574524,-117.70366701483727,-117.6147880256176,3.5199996829032898,10.058442056179047,4.0999999791383743,3.4359810948371887
1144,34.796500027179718,34.55474978685379,-116.2639000415802,-116.25926995277405,14.400000013411045,7.3348760604858398,3.6999999582767487,3.4239639043807983
2405,35.25600004196167,35.492968678474426,-118.56499999761581,-118.70597457885742,8.099999874830246,7.3020172119140625,3,3.0355500876903534
1817,35.952999949455261,35.964167714118958,-117.29900002479553,-117.03357458114624,3.7999999523162842,6.9430267810821533,3,3.0375076532363892
793,35.608665943145752,34.719240725040436,-117.59033200144768,-117.89756931364536,4.8300004005432129,6.0292196273803711,3.0199999809265137,3.0864294469356537
1096,34.697166979312897,34.637536346912384,-116.23916697502136,-116.51921391487122,2.6100003719329834,7.920522540807724,4.1100000143051147,3.6941984295845032
1873,33.443000018596649,33.01752632856369,-116.59800004959106,-116.80524206161499,11.100000143051147,5.2348369359970093,3,3.0629699528217316
1867,34.187999993562698,34.137407004833221,-117.56319999694824,-117.66254854202271,3.6000001430511475,4.4004714488983154,3.4999999701976776,3.2479761242866516
2253,33.306999981403351,32.799787044525146,-116.39199995994568,-116.72913694381714,12.499999925494194,2.7940848469734192,4.1999999955296516,3.6181522607803345
345,35.665668964385986,35.636421203613281,-117.52383399009705,-117.6737143099308,7.0099997520446777,7.586967945098877,3.4500000178813934,3.1505431830883026
523,35.883334994316101,34.457028925418854,-117.70549800992012,-118.6291623711586,5.0200000405311584,6.3528406620025635,3.129999965429306,3.0252938568592072
232,35.909999966621399,35.742559313774109,-117.70800000429153,-117.73199424147606,1.9100001454353333,8.6795720458030701,3,3.0596161186695099
644,35.91016697883606,35.233755826950073,-117.73899999260902,-117.74968367815018,10.709999799728394,6.7838868498802185,3.7900000065565109,3.9757593870162964
1975,33.499000012874603,33.443959414958954,-116.57200002670288,-116.76152920722961,12.299999892711639,2.2902345657348633,3.0999999940395355,3.0948496162891388
2306,34.287999987602234,33.74603533744812,-116.98699998855591,-117.18747097253799,11.40000008046627,5.2446609735488892,3,3.0337365567684174
1428,34.495999991893768,34.347123354673386,-118.43399998545647,-118.46841067075729,5.0999996066093445,4.0696638822555542,3.3999999761581421,3.0540618002414703
533,35.786999940872192,35.678596496582031,-117.61933299899101,-117.43757373094559,3.0099999904632568,8.1384551525115967,3.679999977350235,3.0808682441711426
2294,32.726999998092651,32.57742977142334,-118.39300000667572,-117.89570350199938,31.4000004529953,8.359111100435257,3.0999999940395355,3.0401498973369598
603,35.867333054542542,34.299570739269257,-117.66349801421165,-117.82939013838768,3.9100000262260437,4.2285239696502686,3.7599999904632568,3.1714430451393127
1489,34.017000000923872,33.813510924577713,-117.22699999809265,-117.17523401975632,16.899999976158142,4.1350901126861572,3.0999999940395355,3.048714280128479
1915,35.121000051498413,34.907280147075653,-117.55599999427795,-117.70864939689636,2.0999997854232788,5.116441547870636,3.6999999582767487,3.1243777871131897
1426,34.310000002384186,34.052503574639559,-116.97500002384186,-117.16215181350708,5.6999999284744263,4.1345483064651489,3.199999988079071,3.0662302672863007
1074,34.179666996002197,34.03691690415144,-117.29316699504852,-117.36960655450821,8.6799998581409454,3.9293771982192993,3.1399999558925629,3.0182027220726013
2151,34.279100000858307,33.961894921958447,-116.84179997444153,-117.12210512161255,4.3000003695487976,5.5112457275390625,3.8999999910593033,3.1239210963249207
60,35.66683304309845,35.58095920085907,-117.44783300161362,-117.51529258489609,9.4499999284744263,6.0826259851455688,3,3.0573610067367554
2384,34.33500000834465,33.69617834687233,-117.06400001049042,-117.23356282711029,11.799999922513962,5.0821369886398315,3.0999999940395355,3.0162726938724518
92,35.892166972160339,35.959680914878845,-117.67750000953674,-117.43663847446442,2.6799997687339783,7.0726087689399719,3.6999999582767487,3.0595643520355225
666,35.780166983604431,34.71605396270752,-117.62816700339317,-117.74656856060028,5.7399997115135193,4.5079261064529419,3.4999999701976776,3.0625222027301788
1774,35.347000002861023,35.321436166763306,-118.56000000238419,-118.60425525903702,7.1000003814697266,5.639197826385498,3,3.0428870916366577
2277,34.093999996781349,34.034442104399204,-118.26199999451637,-118.31969532370567,6.8999996781349182,4.155537486076355,3,3.0275183916091919
280,35.620499014854431,35.354270219802856,-117.43116801977158,-117.27548241615295,2.3099997639656067,5.210207998752594,3.3300000429153442,3.0900324583053589
1719,34.004999999888241,33.928842522203922,-117.11900001764297,-117.27961051464081,13.100000023841858,4.1841745376586914,3.2999999821186066,3.0422263741493225
1779,32.690000057220459,32.240444302558899,-116.07700002193451,-117.10864049196243,5.899999737739563,6.877892017364502,3.0999999940395355,3.0391177833080292
359,35.82666802406311,35.730137825012207,-117.66433000564575,-117.61049637198448,3.020000159740448,7.1956899762153625,3.4999999701976776,3.1256007850170135
1804,33.921999998390675,34.096674621105194,-117.7660000026226,-118.00061146169901,0.80000013113021851,4.703105092048645,3.199999988079071,3.0221850872039795
1543,34.088600002229214,33.872799172997475,-119.04200005531311,-118.98210805654526,10.999999791383743,0.95609217882156372,3.0999999940395355,3.3538207411766052
1397,34.151999995112419,34.106705710291862,-117.44999998807907,-117.44383901357651,13.700000010430813,4.2004197835922241,3.3999999761581421,3.0786973536014557
1859,34.171000003814697,33.918248109519482,-116.45299994945526,-116.5945827960968,9.700000137090683,4.4670635461807251,3,3.0222047567367554
847,35.051332950592041,34.94336462020874,-118.93683302402496,-119.34666538238525,7.7299998700618744,1.8954974412918091,3.3500000238418579,3.039279967546463
1206,35.826200008392334,35.103081226348877,-119.817999958992,-119.48028182983398,11.799999922513962,5.9311580657958984,3.0999999940395355,3.0572038292884827
2231,33.872999995946884,33.88582169264555,-117.85600000619888,-117.99647976085544,9.4999998807907104,1.766093373298645,3.199999988079071,3.0841027200222015
760,35.642665982246399,35.890264391899109,-117.52933499217033,-117.2879341840744,0.60999959707260132,6.0601463913917542,3.2999999821186066,3.0864522457122803
110,35.637166976928711,35.787045955657959,-117.47416698932648,-117.28924989700317,1.6500002145767212,7.2172102332115173,3.8999999910593033,3.8086176663637161
1775,35.337200045585632,35.528452277183533,-118.5692999958992,-118.65381866693497,5.2000004053115845,1.0516530275344849,3.7999999970197678,3.3709466457366943
42,33.700832009315491,33.505561202764511,-117.43399798870087,-117.43557977676392,9.0900000929832458,4.3981701135635376,3.0399999618530273,3.0265803337097168
1770,33.022000014781952,33.30408650636673,-118.92299997806549,-118.75208526849747,5.9999996423721313,5.9909328818321228,3.199999988079071,3.0421324074268341
125,35.743000030517578,35.904425740242004,-117.55966699123383,-117.19055831432343,2.9899996519088745,8.5313554108142853,3.8999999910593033,3.4313971102237701
204,35.547000050544739,35.599987983703613,-117.37716698646545,-117.29438292980194,4.0700000524520874,6.2041103839874268,3.0999999940395355,3.0668982267379761
1473,34.314000010490417,34.112821452319622,-118.72100001573563,-118.55094903707504,8.7000001966953278,4.2871570587158203,3.2999999821186066,3.0299882590770721
52,33.319666981697083,32.597139120101929,-116.4210000038147,-116.56178283691406,7.2099995613098145,2.0228183269500732,3,3.046998918056488
545,35.920833945274353,35.1163569688797,-117.67849698662758,-117.70435747504234,7.6900000870227814,5.5950316786766052,3.5600000023841858,3.0431647896766663
68,35.671833038330078,35.767012238502502,-117.52333301305771,-117.28007614612579,10.139999985694885,6.7104828357696533,3.2199999690055847,3.0365365147590637
1814,34.91100001335144,34.820452272891998,-116.94700002670288,-117.150082051754,7.8000001609325409,5.1502221822738647,3.4999999701976776,3.0941893458366394
2009,34.118000000715256,33.962036848068237,-117.43699997663498,-117.43947005271912,4.699999988079071,4.2646229267120361,3.5999999642372131,3.1018951535224915
2228,33.184000015258789,32.816270351409912,-116.74500000476837,-116.73814916610718,3.099999725818634,1.2187886238098145,3.4999999701976776,3.2991107404232025
1966,35.511000037193298,34.968997716903687,-119.46599996089935,-119.34494268894196,23.000000417232513,1.132623553276062,3,3.0326660871505737
1424,35.49399995803833,35.479518175125122,-118.39800000190735,-118.47914576530457,2.800000011920929,2.1546006202697754,3,3.0687085390090942
183,35.593500018119812,35.544596672058105,-117.38066697120667,-117.26233696937561,6.5299996733665466,6.3130947947502136,3.3999999761581421,3.0951832830905914
137,35.873667001724243,35.917265653610229,-117.70966699719429,-117.31978756189346,8.0100001394748688,7.6728790998458862,3.6699999868869781,3.0830047130584717
899,33.485333025455475,33.104303419589996,-116.80483305454254,-116.78095412254333,1.4300000667572021,3.8339263200759888,3.7800000160932541,3.0596201419830322
796,35.671499967575073,35.549833655357361,-117.47883301973343,-117.39019304513931,5.1599997282028198,5.4804173111915588,4.5,4.1341525241732597
132,35.64549994468689,35.878386616706848,-117.50350001454353,-117.13558256626129,4.8899996280670166,5.0500720739364624,3.3500000238418579,3.039505809545517
80,35.905500054359436,35.915130376815796,-117.70733299851418,-117.31539040803909,4.8999997973442078,7.9405653476715088,3.199999988079071,3.0413548350334167
1586,32.687000036239624,32.313467264175415,-116.00800001621246,-116.91161751747131,13.499999977648258,3.3773231506347656,3.199999988079071,3.0881087779998779
2186,33.992999999783933,33.52944427728653,-116.8639999628067,-117.02096456289291,14.299999997019768,5.3589606285095215,3,3.0291496217250824
758,35.722668051719666,35.779831171035767,-117.55300098657608,-117.59648531675339,1.0200002789497375,5.5131036043167114,3.5300000309944153,3.221473753452301
541,35.553666949272156,35.390990614891052,-117.43416702747345,-117.48341184854507,1.7699995636940002,6.5370655059814453,3.0999999940395355,3.0608629882335663
1019,34.423500001430511,34.274001449346542,-119.6438330411911,-119.31202697753906,10.929999947547913,1.8082380294799805,3.1199999749660492,3.0424548983573914
1822,33.832900002598763,33.250043213367462,-116.19550001621246,-116.56902885437012,9.9999998509883881,7.0103573799133301,3.7999999970197678,3.606828510761261
983,33.135500013828278,32.986909031867981,-116.66016697883606,-116.66996169090271,2.6699995994567871,6.3329011201858521,3.4400000274181366,3.1168370246887207
2262,32.353000044822693,32.093987941741943,-118.1059999987483,-117.90413458645344,6.6999998688697815,9.9744638800621033,3.0999999940395355,3.0541500449180603
165,35.677999973297119,35.160317420959473,-117.51766699552536,-117.74916300177574,6.4799997210502625,4.857754111289978,3.5999999642372131,3.6134313941001892
248,35.642166018486023,35.52587616443634,-117.45283502340317,-117.49764972925186,10.949999839067459,6.8060588836669922,3.5600000023841858,3.3632918000221252
1331,32.921000003814697,32.606403112411499,-117.49800002574921,-117.24081856012344,15.400000009685755,5.8773529529571533,3,3.0305690467357635
446,35.577666997909546,35.316436529159546,-117.37300097942352,-117.42832857370377,3.5899999737739563,5.7963430881500244,3.9999999850988388,3.7126617729663849
1832,33.074000000953674,32.707659244537354,-116.49899995326996,-116.68677616119385,11.799999922513962,3.5755607485771179,3.2999999821186066,3.1315072774887085
858,32.806167006492615,32.949497699737549,-118.48849999904633,-118.62058234214783,6.0699999332427979,5.9608358144760132,3.2999999821186066,3.0533493161201477
1358,33.827999994158745,33.85183110833168,-118.57099997997284,-118.46735128760338,8.4999999403953552,2.7741578221321106,3.3999999761581421,3.0627524256706238
2280,34.048000000417233,33.304036021232605,-116.76999998092651,-117.09622651338577,13.700000010430813,5.7180172204971313,3.0999999940395355,3.0411995351314545
97,35.651167035102844,35.754397392272949,-117.49933302402496,-117.25622910261154,10.399999916553497,6.7128270864486694,3.3199999630451202,3.0509933531284332
1850,32.983000040054321,32.48827600479126,-116.32000005245209,-116.70412230491638,5.899999737739563,2.2638380527496338,3.199999988079071,3.0697475373744965
805,35.597167015075684,35.297867298126221,-117.6001670062542,-117.52415522933006,5.5500000715255737,5.3505787253379822,4.2999999895691872,3.4575036764144897
737,35.771667003631592,35.732450485229492,-117.5706669986248,-117.55055165290833,6.8200001120567322,5.0573587417602539,4.0899999886751175,3.6708760857582092
1989,34.109999999403954,34.179476991295815,-117.30699998140335,-117.46647578477859,14.899999997578561,4.2514005303382874,3.3999999761581421,3.0662402808666229
1943,32.552899956703186,32.22494375705719,-118.0379999987781,-118.52128392457962,9.9999998509883881,8.0231751501560211,4.8000000044703484,4.055185854434967
2311,34.287000000476837,33.957604575902224,-116.98800003528595,-117.14850664138794,8.3000001311302185,5.340229868888855,3,3.016341358423233
102,35.956166982650757,35.961108326911926,-117.7128329873085,-117.39673119783401,2.7700003981590271,8.6819909512996674,3.1700000166893005,3.0467013716697693
434,35.899832963943481,35.310958385467529,-117.73516699671745,-117.77682241797447,1.7199996113777161,6.2458455562591553,3.199999988079071,3.0845855176448822
74,35.830167055130005,35.859947681427002,-117.65083301067352,-117.40645784139633,2.9999998211860657,7.7065734565258026,3.3300000429153442,3.0230376720428467
577,35.649333000183105,35.037769079208374,-117.45783299207687,-117.56993755698204,2.369999885559082,5.6201523542404175,3.8999999910593033,3.1309040486812592
1904,33.787000000476837,33.329257130622864,-116.17799997329712,-116.49748122692108,9.3999999761581421,6.817190945148468,3.5999999642372131,3.0727458000183105
1988,33.687200009822845,33.727889597415924,-118.66180002689362,-118.52651560306549,10.100000202655792,4.2665389180183411,3.199999988079071,3.0706053078174591
1230,33.888599999248981,33.917733512818813,-117.94249999895692,-117.98652146290988,13.599999994039536,4.3085941672325134,3.0999999940395355,3.0279664099216461
918,34.136333003640175,34.123919524252415,-117.7746669948101,-117.8068401068449,5.4600003361701965,4.7660243511199951,4.4100000020116568,4.0725520849227905
1326,33.979199999943376,33.835785418748856,-117.22600001096725,-117.11346596479416,3.3000004291534424,4.0428149700164795,3.5999999642372131,3.0701932311058044
2349,35.713000059127808,35.714910268783569,-118.03200000151992,-117.91318088024855,8.4000000357627869,6.6835713386535645,3.9999999850988388,3.4722805023193359
2476,34.458999991416931,33.891578420996666,-116.51499998569489,-116.7004497051239,3.7999999523162842,6.2551206350326538,3.2999999821186066,3.0595913529396057
2276,34.819000005722046,35.135214686393738,-116.35399997234344,-117.33876901865005,2.8999999165534973,6.7518308758735657,3.0999999940395355,3.0782569348812103
762,35.774665951728821,35.973378777503967,-117.6169970035553,-117.34645050764084,2.3500004410743713,6.3269108533859253,3.2999999821186066,3.1009911596775055
2143,34.307000011205673,33.883159212768078,-116.83299994468689,-116.9687979221344,3.6000001430511475,5.253777801990509,3,3.0259769260883331
989,35.032832980155945,34.894527554512024,-119.30316698551178,-119.18027186393738,11.480000093579292,4.1850435733795166,3.2299999594688416,3.0454204380512238
388,35.917834997177124,35.777284622192383,-117.71566799283028,-117.74276375770569,2.10999995470047,6.2995058298110962,3.2700000107288361,3.0750465989112854
235,35.822666049003601,35.709807157516479,-117.63933598995209,-117.72547030448914,2.8100001811981201,8.4239356219768524,3.4099999666213989,3.0687387585639954
2325,35.911999940872192,35.874125480651855,-117.8289999961853,-117.75423733890057,1.8999999761581421,6.4890235662460327,3.5999999642372131,3.3217722773551941
267,35.683665990829468,35.71878981590271,-117.53800201416016,-117.25914454460144,9.7500000894069672,6.3591697812080383,3,3.0985328257083893
1329,33.014400005340576,32.513743877410889,-116.30089998245239,-116.58745312690735,17.000000104308128,2.6280766725540161,3.199999988079071,3.0759241282939911
2293,32.675999999046326,33.039048254489899,-118.36700001358986,-118.18908955156803,25.200000107288361,7.9321829974651337,3.9999999850988388,3.6865548491477966
117,35.940333962440491,35.475232601165771,-117.6953350007534,-118.01826663129032,2.5900000333786011,8.4265762567520142,3,3.0489886701107025
437,35.834499001502991,35.400342106819153,-117.66549700498581,-117.56882956624031,4.4600003957748413,6.8704622983932495,3.3500000238418579,3.0384684205055237
673,35.912832975387573,34.577886462211609,-117.7123329937458,-117.8141165971756,6.6999998688697815,5.3503292798995972,3.7900000065565109,3.2384832501411438
249,35.901833057403564,35.833722949028015,-117.69016700983047,-117.67504012584686,2.4799999594688416,9.1875529289245605,3.9599999785423279,3.2472111582756042
2157,34.310000002384186,33.928921915590763,-116.84800004959106,-117.16301441192627,5.4000002145767212,5.4217806458473206,3.3999999761581421,3.0284738838672638
1574,33.26529997587204,32.999771475791931,-116.71000003814697,-116.69284427165985,2.0999997854232788,2.36946702003479,3.4999999701976776,3.1398496627807617
2538,34.096000000834465,33.7207210958004,-116.98199999332428,-117.33283084630966,9.4999998807907104,4.2801046371459961,3.4999999701976776,3.0632817149162292
94,35.646332979202271,35.74266517162323,-117.45349997282028,-117.22445178031921,3.569999635219574,6.9093400239944458,3.3099999725818634,3.0591180324554443
2449,33.902999997138977,33.35099333524704,-116.64800000190735,-116.93400394916534,4.0999996662139893,5.7255014777183533,3.6999999582767487,3.1180717349052429
33,34.273999989032745,34.185200303792953,-119.29016697406769,-119.18170833587646,11.309999898076057,4.6133413910865784,3.199999988079071,3.046308696269989
2208,33.236999988555908,32.56078314781189,-116.10800004005432,-116.50717306137085,14.599999990314245,5.4476863145828247,3.7999999970197678,3.6296952366828918
2163,34.410800009965897,33.909638226032257,-116.84479999542236,-118.16263215243816,4.400000274181366,4.9592417478561401,3.9999999850988388,3.404812216758728
2317,35.98800003528595,35.666153430938721,-117.87100000679493,-117.85177730023861,2.9999998211860657,2.3933887481689453,3,3.0757626593112946
448,35.672999978065491,35.682693481445312,-117.55133101344109,-117.42785674333572,1.1499997973442078,7.5410225987434387,3.3999999761581421,3.1437331438064575
1469,33.981000000610948,33.823083132505417,-118.81400001049042,-118.63314843177795,9.9999998509883881,3.9697587490081787,3.2999999821186066,3.0897873938083649
1795,34.788999974727631,34.554850280284882,-116.28799998760223,-116.26316177845001,2.5000002980232239,5.4649221897125244,3.199999988079071,3.0516538023948669
716,35.901833057403564,34.332876145839691,-117.72733300924301,-117.81389571726322,5.3000003099441528,4.5300346612930298,4.1900000050663948,3.9314760267734528
1999,35.930999994277954,35.107500791549683,-119.97000002861023,-119.05055713653564,28.600000441074371,7.6198594272136688,3.0999999940395355,3.0328144133090973
2489,35.968000054359436,35.780676603317261,-117.89000000059605,-118.08655704557896,2.6000002026557922,7.0828449726104736,3.2999999821186066,3.032417356967926
0,33.926666997373104,33.882416151463985,-117.87650000303984,-118.02578183822334,8.6599999666213989,5.0837534666061401,3.199999988079071,3.0495340526103973
456,35.686000943183899,35.563830852508545,-117.5531690120697,-117.5945208966732,8.6100000143051147,7.3666486144065857,3.199999988079071,3.0957241952419281
1101,33.66049998998642,33.312822878360748,-116.77366697788239,-116.98131251335144,13.630000054836273,3.4213685989379883,3.2999999821186066,3.0460366308689117
1108,35.212167024612427,35.128885626792908,-117.28083300590515,-117.44886684417725,3.1400004029273987,4.3797862529754639,3.7400000095367432,3.1567320227622986
1940,34.003299999982119,33.714504271745682,-116.68669998645782,-117.01742511987686,16.000000052154064,4.5444273948669434,4.1999999955296516,3.6488301157951355
82,35.531999945640564,35.816153407096863,-117.37033301591873,-116.98577475547791,8.4699998795986176,6.8087106943130493,3.2299999594688416,3.0324128866195679
1481,33.825000002980232,32.108123302459717,-116.98599994182587,-116.49970579147339,12.699999958276749,0.40724426507949829,3.2999999821186066,3.0005612075328827
2035,34.138999998569489,34.180518552660942,-119.182000041008,-119.0731965303421,24.200000166893005,4.662330150604248,3.0999999940395355,3.0416783094406128
676,35.662500023841858,34.295145213603973,-117.54449999332428,-117.85255946218967,3.1800001859664917,4.6673288941383362,3.8499999940395355,3.2986863255500793
1588,32.021900057792664,32.163363695144653,-117.48220002651215,-117.87737561017275,3.1999996304512024,4.6375957131385803,3.5999999642372131,3.0623987317085266
2155,34.31700000166893,33.876857064664364,-116.85599994659424,-117.10684186220169,2.1999996900558472,5.3494003415107727,3.0999999940395355,3.0420300364494324
1046,33.248833000659943,32.956479787826538,-116.41449999809265,-116.77379274368286,4.9499997496604919,3.422083854675293,3.3099999725818634,3.0947210490703583
1460,32.876199960708618,32.380513668060303,-116.20729994773865,-116.62105751037598,16.19999997317791,2.8294050693511963,3.0999999940395355,3.069113552570343
770,35.657166004180908,35.910095691680908,-117.52183499932289,-117.24453580379486,1.6699996590614319,6.0799044370651245,3.3300000429153442,3.0694522261619568
1668,34.097999997437,34.048490855842829,-117.30599999427795,-117.41210550069809,15.100000002421439,4.2853260040283203,3.199999988079071,3.0725823640823364
1924,32.082000017166138,32.079627633094788,-116.37600004673004,-117.61066329479218,3.9999997615814209,5.4078018665313721,3.8999999910593033,3.1233494281768799
2022,34.726000010967255,34.48543044924736,-116.04799997806549,-116.24502074718475,2.0999997854232788,7.089211642742157,3.199999988079071,3.027179628610611
517,35.946498990058899,35.539763450622559,-117.72283199429512,-117.7501003742218,1.2200000882148743,7.2538071870803833,3.1199999749660492,3.0412923395633698
822,35.659332036972046,35.634869933128357,-117.53817000985146,-117.44110119342804,8.4699998795986176,6.2047916650772095,3.4600000083446503,3.1613175272941589
404,35.880664944648743,35.811844944953918,-117.70066800713539,-117.81523743271828,2.1300002932548523,5.3389531373977661,3.3999999761581421,3.1009894609451294
384,35.906334042549133,35.813392400741577,-117.73916599154472,-117.88319293409586,2.2300001978874207,4.1195493936538696,3.7200000286102295,3.1896373629570007
2316,35.919000029563904,35.863703489303589,-117.85099999606609,-117.97148435004056,3.4000003337860107,8.2942105829715729,3.8999999910593033,3.4747505486011505
2102,32.50629997253418,32.384662389755249,-117.17659997940063,-116.96619999408722,9.8999999463558197,4.9906986951828003,3.8999999910593033,3.1967273354530334
104,35.666499972343445,35.778657555580139,-117.50583299994469,-117.60426518321037,10.280000120401382,5.8312663435935974,3.6300000250339508,3.23308065533638
1633,32.715399980545044,32.662229299545288,-117.59340000152588,-117.25114983320236,7.5999999046325684,5.7844653725624084,3.7999999970197678,3.2012954950332642
2424,34.532000005245209,33.950249966233969,-116.31200003623962,-116.42676258087158,1.7000001668930054,9.0107917785644531,3.199999988079071,3.0325944721698761
688,35.71483302116394,34.624414801597595,-117.50516700744629,-117.98295363411307,1.7399999499320984,5.409567654132843,4.1299999952316284,3.3067832887172699
794,35.709499001502991,35.865885853767395,-117.55666399002075,-117.40638989210129,0.34000039100646973,6.4901429414749146,3.3400000333786011,3.0925005376338959
826,35.748165011405945,35.334626436233521,-117.54183200001717,-118.08123592287302,2.2599998116493225,7.135087251663208,3.0199999809265137,3.0666728317737579
1877,32.737499952316284,32.601020336151123,-116.07410001754761,-117.40868300199509,2.800000011920929,5.3812050819396973,5.4000000357627869,3.137359231710434
1240,32.885499954223633,32.340096235275269,-116.21539998054504,-116.32797288894653,12.499999925494194,0.95886200666427612,3.3999999761581421,3.0538499057292938
62,33.319333016872406,32.612844944000244,-116.42033302783966,-116.40763211250305,8.359999805688858,2.2679239511489868,3.0999999940395355,3.0499526560306549
1305,34.419999986886978,34.247566193342209,-119.93400001525879,-119.35889577865601,10.60000017285347,7.2878926992416382,3.0999999940395355,3.0899401903152466
852,33.939667001366615,33.379317820072174,-116.67449998855591,-116.81447196006775,17.300000041723251,4.2736494541168213,3.0299999713897705,3.042226642370224
2327,33.462000012397766,32.897642612457275,-116.41700005531311,-116.5643789768219,14.599999990314245,1.7448341846466064,3,3.0803726613521576
176,35.677999973297119,35.649731040000916,-117.50600001215935,-117.39045506715775,9.1599999368190765,7.0880305767059326,3.6899999678134918,3.2365359663963318
1262,33.488600015640259,33.149612486362457,-116.48210000991821,-116.58341860771179,12.60000005364418,3.5079950094223022,3,3.050567239522934
223,35.89783501625061,35.789004445075989,-117.70899999141693,-117.73706156015396,9.1099999845027924,9.0718692541122437,3.4999999701976776,3.0748268365859985
145,35.623832941055298,35.794530749320984,-117.57383298873901,-117.30196100473404,7.9399998486042023,7.774541974067688,3.2299999594688416,3.0359512567520142
1088,34.694333016872406,34.423192948102951,-116.24283301830292,-116.12516856193542,2.3500004410743713,6.3848885893821716,4.0999999791383743,3.2499244809150696
373,34.019501000642776,33.57040399312973,-117.21866601705551,-117.19177621603012,16.099999956786633,3.3836272358894348,3.0199999809265137,3.075375884771347
1824,32.700799942016602,32.177731871604919,-116.03550004959106,-116.71782672405243,13.499999977648258,4.3157082796096802,3,3.0398409068584442
2137,34.28439998626709,33.316922187805176,-116.83239996433258,-119.62198460102081,4.6000000834465027,3.3671075105667114,3.6999999582767487,3.0000558793544769
1142,33.997900000074878,33.997395993676037,-118.35710000991821,-118.40716427564621,18.200000077486038,2.4190717935562134,3,3.0393607020378113
2432,35.605000019073486,35.800897836685181,-117.61000001430511,-117.34456437826157,3.7000000476837158,7.3768892884254456,3.4999999701976776,3.1057873964309692
2192,34.802999973297119,34.188417017459869,-116.27499997615814,-116.3856452703476,3.7000000476837158,9.5614528656005859,3.0999999940395355,3.0414104461669922
1274,34.703000009059906,34.499517768621445,-116.27569997310638,-116.38422536849976,8.4999999403953552,7.6601922512054443,3.5999999642372131,3.0648680627346039
1265,32.417099952697754,32.099208831787109,-116.24360001087189,-116.56129789352417,15.500000026077032,2.7158617973327637,3.4999999701976776,3.5048454701900482
2264,34.162000000476837,33.777300402522087,-116.43400001525879,-116.83864068984985,9.5999997854232788,6.4114764332771301,3.2999999821186066,3.061397910118103
2241,33.013000011444092,32.652485013008118,-116.37300002574921,-116.75710308551788,16.099999956786633,3.0111175775527954,3.5999999642372131,3.2620462775230408
9,35.913166999816895,35.829316973686218,-117.70966699719429,-117.47031438350677,3.3400002121925354,7.4474474787712097,3.0500000417232513,3.0456621050834656
449,35.911167025566101,33.743525445461273,-117.7333300113678,-118.20423269271851,5.2799999713897705,5.1274842023849487,3,3.0777675211429596
1838,33.426400005817413,32.952122330665588,-116.58249998092651,-116.66631817817688,9.2000001668930054,2.9072606563568115,3.4999999701976776,3.1484144032001495
708,35.892667055130005,34.612016379833221,-117.69966700673103,-117.6908455491066,8.5699997842311859,4.2959797382354736,4.1999999955296516,3.4266963601112366
255,35.700832009315491,35.633310914039612,-117.49283599853516,-117.44333529472351,8.6400000751018524,6.8689709901809692,3.550000011920929,3.2258477210998535
882,32.770833015441895,32.909296274185181,-118.34633299708366,-118.20441819727421,1.7699995636940002,6.3692468404769897,3.3999999761581421,3.0383957326412201
1617,33.974999999627471,33.675279080867767,-116.96399998664856,-117.05359244346619,14.899999997578561,4.4774597883224487,3.3999999761581421,3.0771440863609314
389,35.899665951728821,35.798596858978271,-117.73466500639915,-117.84630852937698,3.0099999904632568,3.4687212109565735,3.8999999910593033,3.3536005318164825
1276,33.723899990320206,33.836164176464081,-117.72020000219345,-117.63640078902245,4.1999995708465576,4.2889809608459473,3.199999988079071,3.0548962354660034
2435,34.71399998664856,34.366031110286713,-116.30900001525879,-116.23465085029602,4.7999998927116394,8.7723563611507416,3.2999999821186066,3.0219047963619232
1581,34.010999999940395,33.762679859995842,-117.18900001049042,-117.44016420841217,7.4000000953674316,4.4321608543395996,3.3999999761581421,3.1245055496692657
908,32.737666964530945,32.790513277053833,-118.30266699194908,-118.51979577541351,12.970000058412552,5.4046279191970825,3.2700000107288361,3.0399528443813324
924,33.932333000004292,33.439747333526611,-116.82783305644989,-116.86084222793579,6.1800000071525574,4.9192410707473755,3.0999999940395355,3.0651597082614899
751,35.75,35.730790615081787,-117.56416299939156,-117.437963783741,3.3799999952316284,4.0360003709793091,3.6999999582767487,3.4233965277671814
1947,35.381999969482422,35.21171498298645,-118.46700000762939,-118.28752082586288,5.9999996423721313,6.2236869335174561,3.5999999642372131,3.1453113555908203
460,35.789500951766968,35.015928030014038,-117.6169970035553,-117.59969517588615,8.5400001704692841,5.5278056859970093,3,3.1075150966644287
1747,33.204900026321411,32.965412616729736,-116.72669994831085,-116.7629588842392,9.9999998509883881,2.614172101020813,3.6999999582767487,3.1632819771766663
2005,32.126000046730042,32.019936203956604,-117.61599999666214,-117.55131569504738,6.9999995827674866,11.329184174537659,3.3999999761581421,3.0386233627796173
1224,32.123499989509583,32.031383037567139,-116.34920001029968,-117.44314181804657,18.000000044703484,3.9720350503921509,3.5999999642372131,3.1200572848320007
1168,32.854400038719177,32.655385613441467,-118.62580001354218,-118.53992760181427,15.599999986588955,1.7289090156555176,3.4999999701976776,3.0653950273990631
958,33.652833014726639,33.534197926521301,-117.34183299541473,-117.50966584682465,3.710000216960907,4.4362735748291016,3.4999999701976776,3.043940931558609
501,35.654332995414734,35.493250370025635,-117.33300000429153,-117.305459856987,6.9099998474121094,6.1172014474868774,3.3999999761581421,3.0725979208946228
1727,33.931999996304512,33.848511129617691,-117.82569999992847,-118.04103389009833,14.100000020116568,4.6692699193954468,3.7999999970197678,3.2514759600162506
739,35.763167023658752,35.780373096466064,-117.58383300900459,-117.61697369813919,7.9099997878074646,8.5080496966838837,3.199999988079071,3.0866928398609161
40,35.613335013389587,35.812621355056763,-117.4455029964447,-117.08534526824951,6.4899998903274536,6.934669017791748,3,3.0340233743190765
868,34.110666997730732,34.057609688490629,-117.31616699695587,-117.42288619279861,16.150000020861626,4.2009088397026062,3.3999999761581421,3.0825574994087219
731,35.792500019073486,35.801634192466736,-117.61533400416374,-117.71061834692955,3.3300000429153442,2.9939603805541992,3.4199999570846558,3.0664227604866028
539,35.871497988700867,35.301648378372192,-117.68583700060844,-117.77521651983261,1.6899999976158142,6.5303939580917358,3.7999999970197678,3.0769771635532379
1201,34.274899989366531,34.396309375762939,-117.01050001382828,-117.88330763578415,11.100000143051147,4.4331666827201843,4.9000000208616257,3.5046952664852142
1339,33.004000008106232,32.575241565704346,-116.23500001430511,-116.43435645103455,6.2000003457069397,2.9062941670417786,3.5999999642372131,3.1226661801338196
697,35.906833052635193,34.378558427095413,-117.7039999961853,-117.72920221090317,8.8399998843669891,4.4952821731567383,4.0999999791383743,3.3147702813148499
1671,34.39300000667572,34.207520514726639,-118.74400001764297,-118.79886722564697,13.200000040233135,5.5540108680725098,3,3.031002938747406
2115,32.000100016593933,32.093283772468567,-117.47070002555847,-116.93650507926941,18.59999991953373,10.713798701763153,3.6999999582767487,3.2939178943634033
2104,33.760000005364418,32.665375709533691,-116.02699995040894,-116.35143828392029,5.6000000238418579,5.7166242599487305,3.0999999940395355,3.0723292529582977
1371,34.061999998986721,33.59264349937439,-116.36600005626678,-116.62494850158691,7.3000001907348633,5.0341325998306274,3.199999988079071,3.0588577687740326
1145,33.92339999973774,33.285524725914001,-116.02999997138977,-116.22951924800873,17.500000074505806,8.2478830218315125,3.2999999821186066,3.1787535846233368
1031,33.379666984081268,33.867760553956032,-119.24399995803833,-118.67817336320877,9.6599999070167542,6.3467377424240112,3.0299999713897705,3.0490133464336395
372,35.691501975059509,35.509296417236328,-117.51300099492073,-117.59884718060493,1.7299997806549072,7.3833900690078735,3.3999999761581421,3.0990729331970215
667,35.913333058357239,34.611534297466278,-117.70300000905991,-117.88582706451416,7.0400002598762512,4.7688388824462891,3.6500000059604645,3.1276964843273163
1431,34.352999985218048,34.12884758412838,-118.45199999213219,-118.49243339896202,1.5000003576278687,4.1835486888885498,3,3.0337561368942261
2214,35.312000036239624,35.577442765235901,-119.44700002670288,-119.54982018470764,14.299999997019768,4.8596307635307312,3.0999999940395355,3.0484233498573303
357,35.669334053993225,35.672778367996216,-117.51166498661041,-117.34169006347656,2.2800001502037048,6.8463125824928284,3.3999999761581421,3.1146351993083954
967,34.315499991178513,34.016594514250755,-116.85066699981689,-117.00210058689117,1.5299999713897705,4.7564542293548584,3.199999988079071,3.0339075028896332
783,35.615501046180725,35.705353498458862,-117.58933299779892,-117.38170880079269,5.429999828338623,5.7981911301612854,3.0800000131130219,3.0596653819084167
735,35.742831945419312,35.791431665420532,-117.56749698519707,-117.50728884339333,2.330000102519989,7.8440295159816742,3.9399999976158142,3.4524847269058228
1353,35.99370002746582,35.75902795791626,-118.37999999523163,-118.37514433264732,4.5000001788139343,5.8628073334693909,3.2999999821186066,3.0657998621463776
1035,34.05799999833107,33.821823805570602,-117.00083297491074,-117.07543843984604,12.760000079870224,4.3528872728347778,3.0999999940395355,3.0442387461662292
970,33.143167018890381,32.671013236045837,-116.47500002384186,-116.95276069641113,10.200000107288361,3.1072354316711426,3,3.0706998109817505
470,35.877997994422913,35.683367013931274,-117.71616399288177,-117.57521361112595,2.0899996161460876,8.1394793093204498,3.4099999666213989,3.0510208904743195
655,35.918666958808899,34.309341818094254,-117.71883299946785,-117.79195049405098,3.3199998736381531,4.2072969675064087,3.4699999988079071,3.0708844363689423
2393,32.016999959945679,32.381678104400635,-116.04700005054474,-116.94795918464661,19.600000083446503,6.4743527770042419,3.0999999940395355,3.0641415417194366
1909,33.821999996900558,33.993251960258931,-119.42799997329712,-119.19228565692902,6.5000000596046448,6.1700883507728577,3.199999988079071,3.0385714173316956
2369,34.642000019550323,33.4855917096138,-116.28600001335144,-116.43149769306183,12.800000086426735,9.8980329930782318,3.2999999821186066,3.0330489277839661
1396,32.998999953269958,32.624451637268066,-116.41630005836487,-116.59080970287323,16.099999956786633,2.7043783664703369,3.2999999821186066,3.1010002791881561
1536,33.824200004339218,33.877724908292294,-118.45910000801086,-118.28061842918396,14.19999998062849,4.4592744112014771,3.4999999701976776,3.091474860906601
2042,34.010999999940395,33.887518830597401,-117.24500000476837,-117.18921154737473,13.700000010430813,4.2483186721801758,3,3.0526553392410278
2212,33.920999996364117,33.837992876768112,-117.76899999380112,-117.96358216181397,11.700000017881393,4.0753912925720215,3,3.0843811333179474
1549,33.258000016212463,32.603921413421631,-116.05560004711151,-116.35768342018127,7.3000001907348633,4.1628232598304749,3.3999999761581421,3.0865637362003326
1328,33.242999970912933,32.706527709960938,-116.01960003376007,-116.59380185604095,5.4000002145767212,5.3344738483428955,3.4999999701976776,3.133222371339798
1256,33.627900004386902,33.398915112018585,-116.74129998683929,-116.87874388694763,18.400000110268593,3.474125862121582,3,3.043325275182724
2190,35.949000000953674,35.687879204750061,-117.2950000166893,-117.46068072319031,5.3000003099441528,8.3157375454902649,3.0999999940395355,3.0484549999237061
1425,33.478999972343445,33.038918077945709,-116.4539999961853,-116.77250075340271,14.700000006705523,5.0392976403236389,3.199999988079071,3.081756591796875
1464,33.46069997549057,33.101899743080139,-116.42369997501373,-116.69072353839874,11.799999922513962,6.9232445955276489,3.199999988079071,3.0617563426494598
1555,32.705000042915344,32.347614169120789,-116.00100004673004,-116.82042288780212,0,5.0897437334060669,3.2999999821186066,3.081137627363205
2184,33.859400004148483,32.993673086166382,-116.23599994182587,-116.58531987667084,14.100000020116568,7.0319938659667969,3.4999999701976776,3.1671205759048462
1250,34.069700002670288,34.007723740302026,-118.28450000286102,-118.31527698040009,14.499999973922968,2.8012508153915405,3,3.0294839143753052
1699,33.498000025749207,33.06810998916626,-116.51300001144409,-116.36757707595825,13.399999961256981,3.1314253807067871,3,3.055040717124939
1252,34.052299998700619,34.035396993160248,-117.55050000548363,-117.56319758296013,18.500000014901161,4.1226714849472046,3.0999999940395355,3.0525988340377808
2465,34.259999990463257,34.067804493010044,-116.86000001430511,-117.14870578050613,5.4000002145767212,5.2915236353874207,3.6999999582767487,3.0900141298770905
2352,35.796000003814697,35.744245290756226,-118.04300000146031,-117.81961676478386,8.099999874830246,2.5101488828659058,3,3.0326281785964966
1236,33.9391999989748,34.069273635745049,-117.89720000326633,-117.87577104568481,11.499999985098839,4.5534539222717285,3.199999988079071,3.1412970721721649
885,34.407667011022568,34.112871572375298,-116.89183294773102,-116.99197006225586,1.8600001931190491,4.4505196809768677,3.5600000023841858,3.0227976143360138
79,35.885332942008972,35.890972971916199,-117.70199999213219,-117.3822728395462,5.6000000238418579,8.4689126908779144,3.5999999642372131,3.0554707646369934
1172,34.014000000432134,33.451613426208496,-116.31299996376038,-116.57150340080261,17.300000041723251,4.8837867379188538,3.199999988079071,3.053974986076355
814,35.742666959762573,35.217902421951294,-117.55649998784065,-117.64418983459473,1.4500004053115845,4.9443268775939941,4.0999999791383743,3.4496512413024902
1852,32.989799976348877,32.694446444511414,-116.30299997329712,-116.82405984401703,8.7000001966953278,6.4569246768951416,3.6999999582767487,3.1105362474918365
2029,34.120999999344349,33.718791902065277,-116.40199995040894,-116.7534704208374,8.099999874830246,5.3114497661590576,3.5999999642372131,3.1737014651298523
671,35.716667056083679,34.804428219795227,-117.55149999260902,-117.69292637705803,10.520000159740448,5.5545151233673096,3.6899999678134918,3.1543274223804474
2217,34.128000006079674,33.925908140838146,-117.40799999237061,-117.76801940798759,6.1000004410743713,4.6244126558303833,3.6999999582767487,3.0740406811237335
2481,34.118000000715256,34.072349712252617,-117.47100001573563,-117.75457780063152,14.499999973922968,4.6201086044311523,3.5999999642372131,3.0915234982967377
57,35.841166973114014,35.824353575706482,-117.73666700720787,-117.88538423925638,4.7999998927116394,5.6112688779830933,3.2999999821186066,3.0923198461532593
133,35.672500014305115,35.942611813545227,-117.46649998426437,-117.0815218091011,8.7500001490116119,7.8639417886734009,3.1800000071525574,3.0344464480876923
1140,33.835600003600121,33.857223972678185,-118.25299999117851,-118.30592486262321,19.39999982714653,3.6941537261009216,3.199999988079071,3.0360495150089264
933,32.606832981109619,32.280248165130615,-117.54066699743271,-116.87795197963715,17.800000011920929,4.7373747825622559,3.4600000083446503,3.0472773313522339
928,34.010832999832928,34.011801329441369,-117.58466699719429,-117.57860481739044,4.3099996447563171,4.380439817905426,3.4999999701976776,3.0735057592391968
823,35.66700005531311,35.451451420783997,-117.51000198721886,-117.36864310503006,1.8100002408027649,5.2405008673667908,3.5300000309944153,3.1124826371669769
1432,34.331400007009506,34.159932687878609,-118.43320000171661,-118.41998064517975,8.9000000059604645,3.8726538419723511,4.2999999895691872,3.3892138302326202
1392,33.829799994826317,33.357467591762543,-116.11629998683929,-116.44856286048889,4.699999988079071,6.6154807806015015,3.0999999940395355,3.0658040642738342
1531,33.392000019550323,33.735079675912857,-116.39499998092651,-117.07073712348938,5.6000000238418579,4.7171258926391602,4.1999999955296516,3.618355929851532
1214,34.087399996817112,33.801394626498222,-118.50239998102188,-118.32007083296776,9.700000137090683,3.801911473274231,4.1999999955296516,3.1608854234218597
504,35.67283296585083,34.5395427942276,-117.4743350148201,-117.62496846914291,1.8600001931190491,4.090350866317749,3.679999977350235,3.188927561044693
2510,34.771000027656555,34.174504175782204,-116.40799999237061,-116.75357866287231,4.699999988079071,9.3824990093708038,3.8999999910593033,3.2536091208457947
347,35.694831967353821,35.722318887710571,-117.52533000707626,-117.43566370010376,6.3899999856948853,7.3908019065856934,3.1199999749660492,3.0624618530273438
1996,35.322999954223633,35.406228423118591,-118.55699998140335,-118.73785054683685,2.800000011920929,7.2901993989944458,3.199999988079071,3.0426331758499146
386,35.596668004989624,35.504359483718872,-117.38916802406311,-117.41328340768814,2.0899996161460876,6.5477344393730164,3.1099999845027924,3.0776004195213318
1024,34.039666999131441,33.903518788516521,-117.24049997329712,-117.27302277088165,18.229999914765358,4.2548525333404541,3.0999999940395355,3.0260931551456451
1958,34.226999998092651,34.189848110079765,-117.44199997186661,-117.52190095186234,8.4000000357627869,3.9615637063980103,3.2999999821186066,3.0287977159023285
1384,34.142800003290176,34.206317752599716,-117.45120000839233,-117.56444719433784,11.100000143051147,4.2131531238555908,3.9999999850988388,3.4236509799957275
894,35.728667020797729,35.663537263870239,-117.0745000243187,-116.890629529953,1.679999828338623,6.3852846622467041,3.7300000190734863,3.1339572966098785
828,35.700832009315491,35.74834942817688,-117.5169979929924,-117.34675192832947,2.7700003981590271,5.3457185626029968,3.2899999916553497,3.1020186245441437
2474,34.583000004291534,33.542651683092117,-116.23300004005432,-116.24970245361328,5.5000001192092896,10.547134727239609,3,3.0296120345592499
475,35.875167965888977,35.277822971343994,-117.72200000286102,-118.34071576595306,7.6799999177455902,7.6300008594989777,3.3300000429153442,3.1624263525009155
1683,34.716300010681152,34.673555314540863,-116.45379996299744,-116.61809122562408,9.9999998509883881,5.6335151195526123,5.1000000089406967,4.8156198486685753
2536,34.825999975204468,33.587065070867538,-116.25600004196167,-116.53181827068329,0.39999961853027344,11.434705853462219,3,3.0536506175994873
2364,35.746999979019165,35.779790043830872,-117.98399999924004,-117.83917997777462,3.6000001430511475,4.8111319541931152,3.4999999701976776,3.0820742547512054
2154,34.245199993252754,33.853176787495613,-116.85370004177094,-117.23398625850677,4.6000000834465027,6.6456931829452515,3.4999999701976776,3.0531502068042755
2117,34.177000001072884,34.038325000554323,-117.47399997711182,-117.8570586591959,3.9999997615814209,4.2741590738296509,3.3999999761581421,3.0284071862697601
652,35.703667044639587,34.706125259399414,-117.50633299350739,-117.86494897305965,11.109999865293503,5.2506834268569946,3.6999999582767487,3.3294086158275604
172,35.851999998092651,35.770349502563477,-117.67500001192093,-117.75158682465553,8.060000091791153,9.1744494438171387,3.2099999785423279,3.0756756663322449
1474,32.981400012969971,32.481969594955444,-116.33039999008179,-116.46483182907104,11.799999922513962,2.5292730331420898,3.4999999701976776,3.1053240895271301
1149,32.187899947166443,32.229939699172974,-117.70809999108315,-117.72793471813202,13.999999947845936,6.7583602666854858,3,3.0379960834980011
38,34.273999989032745,34.193346083164215,-119.29016697406769,-119.16148436069489,11.410000026226044,7.1277496218681335,3.199999988079071,3.0426239669322968
1554,32.694000005722046,32.328534603118896,-116.03900003433228,-117.11290121078491,4.9999997019767761,6.3375860452651978,3.0999999940395355,3.0702654719352722
2425,34.45100000500679,33.489620864391327,-116.27400004863739,-116.24187326431274,3.099999725818634,9.3051056563854218,3,3.0250597894191742
713,35.860666990280151,34.462448060512543,-117.67083299160004,-117.89528626203537,10.319999903440475,4.4725003838539124,4.6099999956786633,3.8504315167665482
90,35.635833024978638,35.686172485351562,-117.43049997091293,-117.29483616352081,7.9999999701976776,6.5330904722213745,3.2999999821186066,3.0415416955947876
166,35.783499956130981,35.751569628715515,-117.61533299088478,-117.6112414598465,3.5899999737739563,8.8146847486495972,4.4700000006705523,3.8739302158355713
1205,35.796000003814697,35.181095361709595,-119.84940004348755,-119.76068711280823,6.5999999642372131,5.660213828086853,3.4999999701976776,3.0487854480743408
875,35.286332964897156,35.351765632629395,-118.53466701507568,-118.59676724672318,6.8599998950958252,6.7173439264297485,3.3999999761581421,3.0492895245552063
444,35.86316704750061,35.114231586456299,-117.70883199572563,-117.73499965667725,7.4399998784065247,7.0351776480674744,3.5099999606609344,3.0431187450885773
2180,35.249500036239624,35.416044473648071,-118.64389997720718,-118.93590474128723,5.7999998331069946,0.94340801239013672,3.5999999642372131,3.0744920074939728
2324,35.953999996185303,35.924933671951294,-117.86499999463558,-118.04339079558849,2.7000001072883606,6.7295211553573608,3.4999999701976776,3.3569058179855347
2473,35.235000014305115,35.465922474861145,-118.55900001525879,-118.79022282361984,3.6000001430511475,6.6919371485710144,3.3999999761581421,3.0378983616828918
1093,35.732332944869995,35.505908727645874,-119.67716705799103,-119.5485862493515,25.969999730587006,3.5232013463973999,3.1099999845027924,3.0410475432872772
1827,34.162499994039536,34.058937780559063,-117.39730000495911,-117.40199738740921,9.2000001668930054,4.0772151947021484,3.8999999910593033,3.1607533693313599
1155,34.607999980449677,34.424045473337173,-118.62459999322891,-118.48749715089798,8.5999998450279236,4.8716139793395996,4.1999999955296516,3.929990753531456
1324,34.004300000146031,33.905086278915405,-117.2432000041008,-117.19585019350052,16.000000052154064,4.0996867418289185,3.3999999761581421,3.0601678490638733
216,35.75333297252655,35.870565891265869,-117.55899998545647,-118.18949726223946,10.559999942779541,10.822746008634567,3.1199999749660492,3.0211048722267151
510,35.781666040420532,35.198528289794922,-117.59349799156189,-117.34007316827774,8.0199998617172241,6.1487531661987305,3.0600000321865082,3.0451592803001404
1680,34.818000018596649,34.779832899570465,-116.41299998760223,-116.60794258117676,4.3000003695487976,5.2164646983146667,3,3.0393365621566772
499,35.895167946815491,35.558507204055786,-117.72283199429512,-117.64546740055084,4.1800001263618469,7.0533183217048645,3.199999988079071,3.0284271240234375
2089,34.430000007152557,34.244048699736595,-119.14300000667572,-119.14856266975403,17.199999913573265,0.80042481422424316,3.0999999940395355,3.0417302548885345
1856,33.71110001206398,32.909990310668945,-116.05690002441406,-116.39418113231659,7.8000001609325409,7.2209063172340393,3.9999999850988388,3.3531676232814789
1388,33.79899999499321,32.728086948394775,-116.09399998188019,-116.50560820102692,1.5000003576278687,5.6852638721466064,3.0999999940395355,3.0489747226238251
1519,33.390999972820282,33.478133499622345,-116.45099997520447,-117.74826604127884,13.80000002682209,4.7865861654281616,3,3.0433463752269745
2299,32.76800000667572,32.200797080993652,-118.20499999821186,-117.90460885316133,6.9999995827674866,7.6672066748142242,3,3.0488942563533783
1540,32.166000008583069,32.161911129951477,-117.64230000972748,-117.55946955084801,9.9999998509883881,8.8058620691299438,3.5999999642372131,3.4136863946914673
1217,34.258399993181229,33.758461728692055,-116.83379995822906,-116.66418743133545,13.499999977648258,5.1920664310455322,3.0999999940395355,3.2375377714633942
1416,35.688500046730042,35.723963260650635,-117.58340001106262,-117.58388468623161,11.40000008046627,8.0241210758686066,4.0999999791383743,3.3696429133415222
2122,35.79419994354248,35.503717541694641,-118.0544999986887,-117.85222218930721,8.9000000059604645,6.3254463672637939,3.5999999642372131,3.1094798147678375
1676,35.988199949264526,35.844077348709106,-117.26050001382828,-117.14619082212448,9.9999998509883881,7.4295544624328613,3.3999999761581421,3.0863697230815887
1197,32.896900057792664,32.383342146873474,-116.29100000858307,-116.49705564975739,16.299999989569187,1.4968264102935791,3,3.0597180426120758
1542,32.99399995803833,32.380060911178589,-116.35080003738403,-116.5451340675354,12.299999892711639,4.0819072723388672,3.4999999701976776,3.1426537334918976
953,35.396499991416931,35.371634006500244,-117.82500000298023,-117.73248079419136,7.6700001955032349,4.3400037288665771,3.0600000321865082,3.0499962866306305
750,35.686000943183899,35.603824019432068,-117.48016399145126,-117.42938351631165,9.4900001585483551,6.1340367794036865,3.5999999642372131,3.2463781535625458
234,35.98466694355011,35.737724184989929,-117.78066700696945,-117.79256629943848,7.460000216960907,8.3884070813655853,3.2400000393390656,3.0160004496574402
732,35.617499947547913,35.592218399047852,-117.58216899633408,-117.69344636797905,9.9100001156330109,7.3466312885284424,3.8400000035762787,3.6302915811538696
2534,34.565999984741211,34.130885034799576,-116.23599994182587,-116.3065938949585,1.2999996542930603,9.6607071161270142,3.199999988079071,3.0334727168083191
1156,34.630299985408783,34.487912327051163,-118.62330001592636,-118.4212272465229,12.60000005364418,4.5356127619743347,3.0999999940395355,3.0612840056419373
2168,35.327000021934509,35.398661136627197,-118.66600000858307,-118.86877512931824,1.5000003576278687,7.5450477004051208,3,3.0314348638057709
1209,35.849799990653992,35.09641695022583,-119.79289996623993,-119.75792157649994,17.700000107288361,2.2216987609863281,3.0999999940395355,3.0476993322372437
1065,33.459833025932312,33.03834992647171,-116.48833298683167,-116.34326326847076,10.810000151395798,2.4639299511909485,3.0399999618530273,3.0397046506404877
1062,34.305166989564896,34.213897868990898,-116.91916704177856,-117.07702112197876,1.3999995589256287,4.3989604711532593,3.0800000131130219,3.0193995237350464
1167,32.866099953651428,32.743342757225037,-118.62279999256134,-118.6511834859848,12.60000005364418,6.6802123188972473,3.6999999582767487,3.3389924168586731
1492,33.986999999731779,33.797557979822159,-117.158999979496,-117.18775916099548,14.599999990314245,4.2711701989173889,3.199999988079071,3.0614997446537018
2269,33.929999999701977,33.9801921620965,-118.2960000038147,-118.32646360993385,23.599999845027924,3.8521358370780945,3,3.0698368549346924
884,34.028167000040412,33.980271026492119,-117.22949999570847,-117.27752166986465,16.500000022351742,4.1517359018325806,3.199999988079071,3.0280492007732391
143,35.715667009353638,35.846850156784058,-117.49550002813339,-117.17401617765427,4.4100004434585571,7.097766101360321,3.5099999606609344,3.0990309119224548
2493,35.970000028610229,35.871241688728333,-117.85699999332428,-118.03155976161361,2.9999998211860657,8.4862031042575836,3.4999999701976776,3.061773955821991
850,34.050500001758337,33.998917386052199,-117.50499999523163,-117.59075164794922,4.620000422000885,4.3933269381523132,3,3.0521911382675171
717,35.887666940689087,34.208156958222389,-117.72016701102257,-117.85959035158157,7.9500000178813934,4.6357110142707825,3.9099999815225601,3.7945244014263153
2411,33.920999996364117,33.596968531608582,-116.99300003051758,-117.08435142040253,14.400000013411045,4.9346217513084412,3.0999999940395355,3.0889203250408173
264,35.780665993690491,35.883222699165344,-117.61350300908089,-117.33508193492889,7.7299998700618744,6.8971967697143555,3.5999999642372131,3.4936382174491882
75,35.915166974067688,35.889344573020935,-117.68616700172424,-117.35077476501465,7.3500001430511475,7.957143634557724,3.199999988079071,3.0262754559516907
395,35.884667038917542,35.666999697685242,-117.73116698861122,-118.1792426854372,5.2400001883506775,6.4080369472503662,3,3.0420083105564117
2145,34.31700000166893,33.807157069444656,-116.84200000762939,-117.14834475517273,2.2999995946884155,5.7393604516983032,3.2999999821186066,3.0316532850265503
2375,36,35.804601192474365,-117.69900000095367,-117.36560970544815,0.60000032186508179,7.637433260679245,3,3.0578721463680267
396,35.186332941055298,35.710900068283081,-117.34350001811981,-117.77022691071033,-0.59999942779541016,7.6537835597991943,3.0099999904632568,3.0614869594573975
1365,34.209000006318092,34.166262209415436,-117.55500000715256,-117.58710077404976,12.299999892711639,4.1052693128585815,3.0999999940395355,3.0603600740432739
2105,34.340000003576279,34.094123005867004,-118.74199998378754,-118.80556917190552,15.599999986588955,0.85940301418304443,3.3999999761581421,3.0551937818527222
1903,35.60699999332428,35.685117602348328,-117.55480000376701,-117.49002414941788,10.300000011920929,8.0445608496665955,4.6000000052154064,3.4727439880371094
595,35.882168054580688,35.33267068862915,-117.70500200986862,-117.62421089410782,2.4400001764297485,6.9441631436347961,3.3999999761581421,3.0455045700073242
1296,35.48199999332428,35.455897927284241,-118.28799998760223,-118.31385672092438,3.5000002384185791,7.4087235331535339,3.0999999940395355,3.0294527113437653
1821,34.851499974727631,34.920549869537354,-119.24210000038147,-119.35308313369751,16.500000022351742,2.6896530389785767,3.6999999582767487,3.176110178232193
872,32.075166940689087,32.414092779159546,-116.34850001335144,-117.33739823102951,16.460000015795231,5.1742789149284363,3,3.0303539335727692
1548,35.006100058555603,34.982510805130005,-119.25800001621246,-119.31676316261292,9.0999998152256012,0.56258082389831543,3.7999999970197678,3.6681808233261108
36,35.830165982246399,35.907373309135437,-117.66332998871803,-117.28220105171204,4.0599998831748962,8.0521778762340546,3,3.0208683907985687
2129,33.898000001907349,33.956891626119614,-118.21699999272823,-118.23708492517471,13.999999947845936,0.9813728928565979,3.0999999940395355,3.0455703735351562
2152,34.308999985456467,33.773445665836334,-116.84399998188019,-116.96409213542938,5.3000003099441528,5.6212440133094788,3,3.0296621024608612
977,32.09850001335144,32.202687501907349,-116.61349999904633,-117.66671776771545,12.379999905824661,5.6530988216400146,3.0999999940395355,3.0384294390678406
1571,32.995399951934814,32.7411949634552,-116.33770000934601,-116.67139756679535,8.9000000059604645,3.8349831104278564,4.3999999947845936,3.2718071937561035
1122,33.866200000047684,33.755721122026443,-118.23620000481606,-118.30356049537659,13.700000010430813,4.2837139964103699,3,3.0292575359344482
1892,33.79839999973774,33.710495978593826,-117.13209998607635,-117.01052963733673,16.799999959766865,4.3032413721084595,3.7999999970197678,3.2170210182666779
675,35.732666969299316,34.206873044371605,-117.52683299779892,-117.76778645813465,2.6299998164176941,4.6176481246948242,3.6300000250339508,3.1900579333305359
728,35.747166037559509,35.751908659934998,-117.58049800992012,-117.59627991914749,4.8999997973442078,2.8697410225868225,3.6300000250339508,3.277987003326416
412,35.667667031288147,35.438497543334961,-117.5168299973011,-117.39292430877686,6.9400003552436829,6.6280031204223633,3.2999999821186066,3.0567720830440521
1516,33.477999985218048,32.907196164131165,-116.44200003147125,-116.73873341083527,9.0999998152256012,6.1716940999031067,3,3.0612344741821289
1649,33.245299994945526,32.830894231796265,-116.42410004138947,-116.6142590045929,8.1999997794628143,4.3632683157920837,3.9999999850988388,3.1863683760166168
825,35.659999966621399,35.541607141494751,-117.52783200144768,-117.4396635890007,1.1800003051757812,5.4816895723342896,3.9999999850988388,3.2977578341960907
616,35.88916802406311,33.920392662286758,-117.7418369948864,-117.96465594321489,6.9200000166893005,5.0756853818893433,3.0999999940395355,3.1078237295150757
114,35.921167016029358,35.794144630432129,-117.70500001311302,-117.88887846469879,1.8999999761581421,7.1465045213699341,3.1700000166893005,3.0424150228500366
417,35.587334036827087,35.40801739692688,-117.42283600568771,-117.47729808092117,5.7999998331069946,6.6445711255073547,3.1700000166893005,3.0822603106498718
1625,33.090900003910065,32.589947700500488,-116.14530003070831,-116.42136585712433,3.6000001430511475,2.3271971940994263,3.6999999582767487,3.0742999613285065
2491,35.983999967575073,35.839459300041199,-117.86100000143051,-118.2057753354311,3.5000002384185791,7.0021587610244751,3.0999999940395355,3.0722352862358093
89,35.919666051864624,35.948160529136658,-117.71099901199341,-117.44458591938019,2.6699995994567871,8.3195753395557404,3.070000022649765,3.0536828935146332
2082,34.691999971866608,33.276090085506439,-116.28999996185303,-116.623455286026,1.8999999761581421,10.438933968544006,3.2999999821186066,3.0568643510341644
753,35.703667044639587,35.6495281457901,-117.5084989964962,-117.60032650828362,2.330000102519989,6.7038846015930176,3.199999988079071,3.0641834735870361
1630,33.101999998092651,32.46304190158844,-116.22099995613098,-116.44201874732971,7.9999999701976776,3.0670613050460815,3.3999999761581421,3.1678014993667603
11,35.671666979789734,35.815616607666016,-117.52733299136162,-117.29529315233231,9.1099999845027924,7.0792928338050842,3.5600000023841858,3.0474601686000824
284,35.715667963027954,35.594939947128296,-117.56866499781609,-117.42525893449783,6.1000004410743713,6.4164000749588013,3.070000022649765,3.0798275470733643
1066,33.459167003631592,33.11845725774765,-116.42466700077057,-116.62621808052063,11.079999804496765,3.8611096143722534,3,3.0310415625572205
1191,33.475600004196167,33.103167951107025,-116.47759997844696,-116.30851519107819,12.60000005364418,2.6478677988052368,3.2999999821186066,3.0479544103145599
1440,33.754999995231628,33.411781668663025,-116.93400001525879,-116.94895720481873,15.200000004842877,5.2710378170013428,3.0999999940395355,3.0561394393444061
2377,34.282000005245209,33.887927025556564,-116.90699994564056,-116.90893483161926,5.2000004053115845,5.1420155167579651,3,3.0348601341247559
2376,34.231000006198883,33.744879454374313,-116.97300004959106,-117.2385972738266,4.9999997019767761,5.7478219270706177,3.0999999940395355,3.0224169194698334
2289,33.647000014781952,33.337445676326752,-116.74199998378754,-117.00265419483185,14.100000020116568,3.8028663396835327,3.3999999761581421,3.0862589478492737
1568,34.351999998092651,34.128974661231041,-116.46300005912781,-116.67264556884766,4.5000001788139343,7.0134133100509644,3.0999999940395355,3.019746333360672
2172,35.330999970436096,35.512199878692627,-118.6700000166893,-119.04105365276337,2.0999997854232788,3.8884037733078003,3,3.0250503122806549
1687,35.971699953079224,35.939748764038086,-117.31470000743866,-117.07835304737091,3.4000003337860107,8.4744398295879364,3.7999999970197678,3.0976243615150452
851,34.100166998803616,33.783539950847626,-116.92799997329712,-117.10814636945724,5.0099998712539673,4.3748116493225098,3,3.032065361738205
895,35.730332970619202,35.617314457893372,-117.07766699790955,-116.91433072090149,0.83999991416931152,6.6141539812088013,4.1999999955296516,3.7730787098407745
496,35.677665948867798,35.535143256187439,-117.4923329949379,-117.45751774311066,1.3099998235702515,7.276703417301178,3.0999999940395355,3.0620993971824646
1782,33.169000029563904,32.861622095108032,-116.55400002002716,-116.20228374004364,13.399999961256981,2.8586295247077942,3.199999988079071,3.0565776228904724
335,35.68149995803833,35.784889221191406,-117.49400299787521,-117.44348388910294,1.1499997973442078,7.4630588293075562,3.2199999690055847,3.113875150680542
515,35.934700012207031,35.034857749938965,-117.79170000553131,-117.77103860676289,4.9999997019767761,5.9355586767196655,3.6999999582767487,3.047457754611969
1348,32.811900019645691,32.226215600967407,-116.1496000289917,-116.44583654403687,9.8000000417232513,7.4022004008293152,4.0999999791383743,3.6635708212852478
1015,34.313666999340057,34.2296242415905,-119.74233305454254,-119.39803850650787,1.7100003361701965,7.7188807725906372,3.199999988079071,3.0753161609172821
2383,34.243000000715256,33.843011885881424,-116.78299999237061,-117.3242649435997,6.8999996781349182,4.6823608875274658,3.199999988079071,3.0414312779903412
1781,35.432000041007996,35.178920149803162,-118.30000001192093,-118.21606932580471,8.7000001966953278,7.1192863583564758,3,3.036255419254303
1785,34.397000014781952,34.305122345685959,-119.64900004863739,-119.34423279762268,13.200000040233135,4.3700677156448364,3.3999999761581421,3.0671782493591309
2070,35.095000028610229,34.926268517971039,-119.10800004005432,-119.42041003704071,17.599999979138374,4.592476487159729,3,3.058135986328125
356,35.915164947509766,35.817874193191528,-117.73266598582268,-117.68478482961655,2.6299998164176941,8.4311632812023163,3.0999999940395355,3.049383133649826
2418,35.276000022888184,35.173450589179993,-119.09399998188019,-119.2343544960022,7.5,1.9558623433113098,3.0999999940395355,3.0292724668979645
1312,34.449299991130829,34.21571472287178,-119.29480004310608,-119.12668561935425,17.700000107288361,7.2195392847061157,3.6999999582767487,3.3030046820640564
1635,34.11599999666214,33.99560560984537,-117.32400000095367,-117.34516525268555,17.599999979138374,3.9950305223464966,3.2999999821186066,3.0727604627609253
550,35.577000021934509,35.421674251556396,-117.37316900491714,-117.47570008039474,3.8200002908706665,6.5894865989685059,4.0999999791383743,3.876544788479805
1227,34.141000002622604,34.031124612316489,-117.45929998159409,-117.48445379734039,6.9999995827674866,4.1306430101394653,3,3.0541656017303467
2261,34.675000011920929,33.503345310688019,-116.2960000038147,-116.64693856239319,5.6000000238418579,10.963748842477798,3,3.0265956223011017
957,34.04483300074935,33.989646690897644,-117.13999998569489,-117.29670995473862,13.379999957978725,4.2264282703399658,3.3400000333786011,3.058002233505249
1773,34.039000000804663,33.963304363191128,-117.24299997091293,-117.32077103853226,14.599999990314245,4.0842515230178833,3,3.0201628804206848
2141,33.444999992847443,32.861994862556458,-116.43700003623962,-116.44396579265594,13.100000023841858,2.0816078782081604,3.199999988079071,3.1321159601211548
1008,35.397500038146973,35.274274826049805,-117.7128329873085,-117.77889022231102,7.4399998784065247,6.1828190088272095,3.6400000154972076,3.1368080377578735
1092,33.891667000949383,33.758154019713402,-117.11766701936722,-117.20367777347565,13.610000051558018,4.4457060098648071,3.4300000369548798,3.0370141267776489
2255,32.075999975204468,32.046330213546753,-117.42500001192093,-117.24642568826675,11.100000143051147,8.7959571182727814,3.3999999761581421,3.1141494512557983
996,34.239666998386383,33.936648897826672,-116.88566696643829,-117.04272794723511,7.6499998569488525,4.1987711191177368,3.7999999970197678,3.1004164516925812
1679,34.811999976634979,34.489040106534958,-116.41700005531311,-116.58437013626099,4.3000003695487976,4.597354531288147,3.3999999761581421,3.0491944849491119
153,35.64566695690155,35.557796835899353,-117.44700002670288,-117.35576874017715,4.9200001358985901,6.2545162439346313,3.3999999761581421,3.045057624578476
580,35.890666961669922,35.687364339828491,-117.70749700069427,-117.84664933383465,5.7700002193450928,8.4392935037612915,3.0800000131130219,3.0453247725963593
1470,33.211000025272369,32.528012275695801,-116.21300005912781,-117.31442606449127,16.19999997317791,5.0853002071380615,3.2999999821186066,3.0426518619060516
703,35.656666994094849,34.917039096355438,-117.44650000333786,-117.78561839461327,2.2300001978874207,4.6837073564529419,4.0200000107288361,3.5428311824798584
1212,35.002799987792969,34.782785832881927,-116.92190003395081,-116.82119154930115,10.300000011920929,4.9815273284912109,3.9999999850988388,3.2404698729515076
896,33.484833002090454,33.290586709976196,-116.80366694927216,-116.96968793869019,1.2599998712539673,4.5650455355644226,3.2299999594688416,3.0337634682655334
487,35.570832967758179,35.285587549209595,-117.36199998855591,-117.41538220643997,4.3400001525878906,6.400584876537323,3,3.064410388469696
559,35.736333012580872,34.133150696754456,-117.56933298707008,-117.73882412910461,2.7399998903274536,4.2601132392883301,3.7999999970197678,3.1079608798027039
1141,32.057999968528748,32.669864416122437,-116.14300000667572,-116.86569380760193,20.000000149011612,4.8987239599227905,3.5999999642372131,3.0473659336566925
1119,33.271166980266571,32.912510395050049,-116.78966701030731,-116.72232913970947,8.5300000011920929,2.687622606754303,3.2700000107288361,3.0351605415344238
512,35.935333013534546,35.45781946182251,-117.71516400575638,-117.86247155070305,2.3599997162818909,7.6315757632255554,3.199999988079071,3.0531057715415955
633,35.680832028388977,34.356798022985458,-117.49500298500061,-117.74035611748695,2.4199998378753662,4.7944986820220947,3.6999999582767487,3.2501420974731445
2179,35.317000031471252,35.536025881767273,-118.64399999380112,-118.91095995903015,3.099999725818634,2.3128259181976318,3,3.04514479637146
1664,34.196799993515015,33.990468588657677,-118.56220000982285,-118.40936252474785,18.700000047683716,3.4727060794830322,3.0999999940395355,3.017341822385788
1012,34.030833000317216,33.822654902935028,-118.98816698789597,-118.72314441204071,11.009999960660934,6.3325631618499756,3.3400000333786011,3.0949114859104156
1931,34.596000015735626,34.417202800512314,-116.35500001907349,-116.4811737537384,2.800000011920929,6.1012449860572815,3,3.0527386665344238
1150,33.936200000345707,33.533465325832367,-116.02439999580383,-116.32928204536438,9.8999999463558197,9.1015376150608063,3.3999999761581421,3.0838583707809448
2380,34.377000004053116,33.832255735993385,-117.09700000286102,-117.27644687891006,11.900000050663948,4.9151372909545898,3.0999999940395355,3.0168664455413818
116,35.920500040054321,35.820393919944763,-117.70866701006889,-117.84359437227249,2.1399995684623718,7.4991783499717712,3.199999988079071,3.0633460879325867
740,35.77183198928833,35.755041360855103,-117.56866499781609,-117.45398503541946,3.75,7.7989599108695984,3.0500000417232513,3.0382677018642426
2337,33.689000010490417,33.419912099838257,-116.81599998474121,-116.88130235671997,15.200000004842877,2.5549024343490601,3.0999999940395355,3.0912880897521973
1974,34.061000000685453,33.92928259074688,-117.00499999523163,-117.29778498411179,6.7999997735023499,4.6544051170349121,4.9000000208616257,4.7219635918736458
1081,34.078832998871803,34.050105962902308,-119.29033303260803,-119.0916600227356,19.589999914169312,7.2381243109703064,3.4999999701976776,3.1045933663845062
1810,34.278600007295609,34.016747508198023,-118.65189999341965,-118.51364469528198,9.8999999463558197,4.218757152557373,3.4999999701976776,3.0911605954170227
830,35.744335055351257,35.321083307266235,-117.54966700077057,-117.57694065570831,1.4900001883506775,5.4912793636322021,3.5899999737739563,3.1225261688232422
119,35.926167011260986,35.881618976593018,-117.70750001072884,-117.73620757460594,3.7799996137619019,9.5851233601570129,4.739999994635582,3.7647449970245361
656,35.857332944869995,34.309126228094101,-117.64783298969269,-117.841697499156,11.029999852180481,4.2749333381652832,3.7699999809265137,3.0595734715461731
2310,35.934999942779541,35.751264214515686,-117.68299999833107,-117.53225401043892,3.099999725818634,7.0132076740264893,3,3.0544334650039673
2270,33.837999999523163,33.930504061281681,-118.34799998998642,-118.27513855695724,9.8000000417232513,4.5056632161140442,3.6999999582767487,3.2804411351680756
2485,32.097000002861023,32.355633854866028,-117.11599999666214,-117.54448094964027,5.4000002145767212,4.9393942952156067,3.5999999642372131,3.0499729514122009
635,35.869166970252991,33.85972011089325,-117.66100001335144,-118.09085963666439,5.4799997806549072,4.8396384716033936,3.5699999928474426,3.1153181791305542
369,35.901999950408936,35.556674599647522,-117.67133298516273,-117.39309972524643,2.5699996948242188,4.0480729937553406,3.129999965429306,3.0272457003593445
268,35.921664953231812,35.913144111633301,-117.45966297388077,-117.2526376247406,7.1000003814697266,7.9155930876731873,3.5600000023841858,3.27741739153862
46,35.896999955177307,35.837486863136292,-117.69983300566673,-117.32686126232147,4.440000057220459,7.474224865436554,3,3.0328423082828522
991,34.505999982357025,34.278096675872803,-118.64216697216034,-118.3660973906517,17.599999979138374,4.2992609739303589,3.4300000369548798,3.1004690229892731
876,33.488833010196686,33.332467436790466,-116.80133295059204,-116.55628609657288,6.1800000071525574,4.336911141872406,3,3.0332571566104889
773,35.662333011627197,35.606033325195312,-117.52450001239777,-117.56040635704994,2.6100003719329834,5.3556346893310547,3.8199999779462814,3.7729892134666443
1219,33.950100000947714,33.929481394588947,-118.18269999325275,-118.24668343365192,18.099999949336052,2.7756267786026001,3.3999999761581421,3.0536669790744781
1126,32.996000051498413,32.597576379776001,-117.03799998760223,-117.54473978281021,8.9999999105930328,4.8459917306900024,3.3999999761581421,3.0581342875957489
4,32.923666954040527,32.636877775192261,-119.15816700458527,-118.76732563972473,5.8300003409385681,8.9802780747413635,3.7400000095367432,3.0853105187416077
1595,33.964999999850988,33.517115563154221,-116.87699997425079,-116.9063766002655,10.200000107288361,4.7965478897094727,3.0999999940395355,3.0541018545627594
1077,34.171666994690895,34.086277209222317,-117.63116699457169,-117.61583182215691,10.470000207424164,3.6644724011421204,3.4999999701976776,3.0417670011520386
837,35.706333041191101,34.63704115152359,-117.52200001478195,-117.79007509350777,2.6500001549720764,4.7158080339431763,4.3999999947845936,3.8377611190080643
681,35.580667018890381,34.441508948802948,-117.39616698026657,-117.74929937720299,13.220000043511391,4.714583158493042,3.5200000405311584,3.4369053840637207
1715,33.040000021457672,32.842030644416809,-118.93000000715256,-118.47484654188156,6.9999995827674866,4.7112992405891418,3.199999988079071,3.0222280025482178
2197,34.707000017166138,34.278698056936264,-116.29499995708466,-116.4209498167038,2.2999995946884155,10.146424323320389,3,3.0393161773681641
1148,32.202000021934509,32.247467041015625,-117.63600000739098,-117.85244309902191,19.100000113248825,4.9527043104171753,3,3.0243400633335114
574,35.848667025566101,35.493289709091187,-117.68382999300957,-118.18664328753948,5.4699996113777161,7.8369484841823578,3.3999999761581421,3.1173293888568878
50,35.777667045593262,35.880606651306152,-117.58950001001358,-117.23786562681198,9.3199999630451202,7.9159967601299286,3.9200000166893005,3.1430740356445312
853,34.073666997253895,33.993834157474339,-119.03983294963837,-118.71404153108597,18.46000000834465,6.4301347732543945,3.6999999582767487,3.1512595117092133
1982,33.458000004291534,32.970380187034607,-116.62699997425079,-116.78454458713531,7.5,3.1065505743026733,3.199999988079071,3.2054149210453033
1823,32.655900001525879,32.207335948944092,-116.09700000286102,-116.53712463378906,12.699999958276749,5.8792787790298462,4.1999999955296516,3.1957943737506866
833,35.6875,34.757202863693237,-117.5071670114994,-117.80946591496468,1.5400001406669617,4.9150130152702332,4.0999999791383743,3.290102630853653
1115,34.174999997019768,34.127537190914154,-117.43500000238419,-117.45820891857147,10.60000017285347,4.0940201282501221,3.3899999856948853,3.0617609024047852
1166,33.755999997258186,33.096281468868256,-116.00800001621246,-116.2433009147644,20.000000149011612,7.0696824789047241,3,3.0417142510414124
1906,35.570999979972839,35.714548945426941,-117.5290000140667,-117.32041603326797,9.4999998807907104,8.032299131155014,3.2999999821186066,3.042996346950531
971,34.095167003571987,33.959994900971651,-118.6710000038147,-118.56189841032028,15.169999999925494,3.2814744114875793,3.129999965429306,3.0558657646179199
399,35.570500016212463,35.531618237495422,-117.52300000190735,-117.47870320081711,10.049999803304672,7.2798094153404236,4.0999999791383743,3.7211251258850098
19,33.929999999701977,33.810784816741943,-117.87416699528694,-117.9734086189419,9.2899999022483826,3.8864976167678833,3,3.0398115813732147
684,35.897667050361633,34.264330983161926,-117.70500001311302,-117.8829303458333,7.4299997091293335,4.3227401375770569,4.0200000107288361,3.179617702960968
35,34.265500009059906,34.129461035132408,-119.28966701030731,-119.08661198616028,11.419999971985817,3.1944161653518677,3.3999999761581421,3.051578164100647
2402,32.003999948501587,32.15521776676178,-116.31099998950958,-116.51011884212494,5.9999996423721313,7.6149742305278778,3.199999988079071,3.0647856295108795
524,35.89783501625061,35.182838201522827,-117.71633198857307,-117.60888537764549,8.1799998879432678,4.8678526282310486,3.1199999749660492,3.0840979814529419
920,33.487500011920929,33.203746020793915,-116.80616700649261,-116.83025312423706,2.1200001239776611,3.3618378639221191,3.0999999940395355,3.0316547155380249
1841,34.070000000298023,34.053045332431793,-118.95200002193451,-118.54719179868698,15.400000009685755,5.7985791563987732,3.3999999761581421,3.0823449790477753
1890,33.749599993228912,33.657937228679657,-117.49379998445511,-117.64517092704773,0.39999961853027344,4.4523507356643677,3.5999999642372131,3.2182700335979462
537,35.937000036239624,34.974253594875336,-117.65583300590515,-117.45443391799927,-0.10999917984008789,5.1753544807434082,3.199999988079071,3.0386192500591278
1705,32.105999946594238,32.26010525226593,-116.51999998092651,-116.75536727905273,7.9999999701976776,4.6440044045448303,3.199999988079071,3.0416494309902191
2484,34.503000020980835,33.29803729057312,-116.24899995326996,-116.43716859817505,0,9.7071665525436401,3.2999999821186066,3.0277507603168488
245,35.791499972343445,35.727706909179688,-117.61599698662758,-117.41221642494202,6.8999996781349182,7.0955801010131836,3.0099999904632568,3.0301772654056549
784,35.676666021347046,35.884932160377502,-117.52749601006508,-117.3797379732132,7.3899999260902405,6.3614827394485474,3,3.0888673067092896
1409,33.632999986410141,33.576012253761292,-119.05599999427795,-118.94129866361618,15.80000001937151,5.123407244682312,3.3999999761581421,3.0675137937068939
154,35.903167009353638,35.747403979301453,-117.69266700744629,-117.80458445847034,2.7200004458427429,9.2212302982807159,3.3999999761581421,3.0686284303665161
1686,35.986500024795532,35.900332570075989,-117.27249997854233,-117.17209827899933,9.9999998509883881,8.359813392162323,3.6999999582767487,3.1011541485786438
625,35.578667044639587,34.995758593082428,-117.58083298802376,-117.62780630588531,-0.89999914169311523,5.6852263212203979,3.3999999761581421,3.0749785602092743
2436,33.139999985694885,32.637715816497803,-116.30299997329712,-116.74720168113708,13.80000002682209,3.4831666946411133,3.6999999582767487,3.1958709955215454
1346,33.019200026988983,32.627165555953979,-116.29980003833771,-116.45070886611938,14.19999998062849,4.4871219992637634,4.1999999955296516,3.4390661716461182
569,35.88633394241333,35.17619252204895,-117.67400398850441,-117.63356059789658,10.999999791383743,6.0264408588409424,3.2800000011920929,3.0473176538944244
1758,35.772500038146973,35.835487604141235,-117.67379999160767,-117.4140368103981,1.1999997496604919,6.7885297536849976,3.199999988079071,3.1094030141830444
1816,32.068099975585938,32.291926503181458,-116.36240005493164,-117.14507102966309,26.000000238418579,5.6215211749076843,3,3.0704142451286316
2065,33.222000002861023,32.665371894836426,-116.08700001239777,-116.45803260803223,6.9999995827674866,6.1273688077926636,3.199999988079071,3.0927053689956665
127,35.957167029380798,35.964041590690613,-117.71366700530052,-117.30703645944595,3.1300002336502075,8.2215526700019836,3.0999999940395355,3.0275148153305054
2521,34.400999993085861,33.75557154417038,-116.41600000858307,-116.63832437992096,3.7000000476837158,8.1255868077278137,3.5999999642372131,3.0685034394264221
2006,33.966499999165535,33.44042831659317,-116.33720004558563,-116.75529670715332,7.5999999046325684,5.7716256380081177,3.5999999642372131,3.733710765838623
980,33.463832974433899,33.087733805179596,-116.47016704082489,-116.75923728942871,7.6199997961521149,3.5496523976325989,3.0999999940395355,3.0320466756820679
190,35.686164975166321,35.621665835380554,-117.54133599996567,-117.64573898911476,5.3600004315376282,7.7222594618797302,3.4799999892711639,3.1258424520492554
1139,33.994799999985844,34.024769619107246,-118.34509998559952,-118.28872662782669,16.000000052154064,2.9907828569412231,3.5999999642372131,3.1423131823539734
992,35.904332995414734,35.927682280540466,-116.92233300209045,-116.9284051656723,6.1400002241134644,6.4318102598190308,4.1999999955296516,3.351587176322937
699,35.983500003814697,34.420225441455841,-117.77750000357628,-117.87562030553818,14.840000001713634,4.5578527450561523,3.5999999642372131,3.2926836311817169
606,35.831799983978271,34.8906090259552,-117.78519999980927,-117.86051489412785,1.9800004363059998,5.0824543833732605,3.7999999970197678,3.0804626941680908
180,35.36899995803833,35.286649942398071,-117.84616899490356,-118.05543635413051,1.5500003099441528,7.510521411895752,3.0800000131130219,3.0525866746902466
301,35.673499941825867,34.742057323455811,-117.48950201272964,-117.70086768269539,2.6100003719329834,4.7315508127212524,3.199999988079071,3.072230190038681
1060,35.166332960128784,35.099272012710571,-119.33716702461243,-119.55769205093384,22.090000212192535,0.39508581161499023,3.0199999809265137,3.1216192245483398
2394,32.646000027656555,32.602439880371094,-118.19099999964237,-117.69215303659439,5.9999996423721313,9.6958905458450317,3.2999999821186066,3.4157669842243195
2437,34.36599999666214,33.622435867786407,-116.47200000286102,-116.57041811943054,2.7000001072883606,8.3895984292030334,3.0999999940395355,3.0290855169296265
1069,33.432332992553711,32.985441207885742,-116.45383298397064,-116.35781812667847,11.42999991774559,2.4588444828987122,3.1700000166893005,3.0583495795726776
2205,35.972000002861023,34.25532054901123,-117.26399999856949,-116.84033441543579,3.099999725818634,6.6436547040939331,3.6999999582767487,3.0387118756771088
1243,35.957800030708313,35.820804595947266,-117.3008000254631,-117.02451509237289,10.60000017285347,7.771667093038559,3.199999988079071,3.0436096787452698
16,33.548500001430511,33.482101678848267,-118.31416699290276,-118.27872243523598,10.680000185966492,5.2741831541061401,3.199999988079071,3.0396120250225067
2524,32.578999996185303,32.359863758087158,-118.25600001215935,-117.80939200520515,5.9999996423721313,7.8895872831344604,3.199999988079071,3.0413917601108551
546,35.874331951141357,35.54164731502533,-117.69716599583626,-117.63196435570717,-1.0899996757507324,7.3633244633674622,3.4600000083446503,3.0828650593757629
658,35.904500007629395,34.836615681648254,-117.69299998879433,-117.77589531242847,6.4399999380111694,5.046461820602417,3.9599999785423279,3.1073827743530273
2282,32.924999952316284,33.360596001148224,-117.76999999582767,-117.99593197368085,6.9999995827674866,6.9346261024475098,3.199999988079071,3.0695689022541046
2313,32.70799994468689,32.421828508377075,-116.06599998474121,-116.7493509054184,3.9999997615814209,3.2330945134162903,3.0999999940395355,3.0506992936134338
1504,35.518599987030029,35.378279685974121,-116.74539995193481,-117.07817924022675,14.899999997578561,5.4494208097457886,3,3.0320376455783844
959,33.64733299612999,32.982921361923218,-117.26083302497864,-118.18679890036583,27.339999675750732,5.2992314100265503,3.0800000131130219,3.0259227454662323
797,35.691166043281555,35.963274121284485,-117.51216900348663,-117.26933878660202,1.0299995541572571,6.6500464081764221,3.2299999594688416,3.0806987285614014
225,35.961333990097046,35.87008261680603,-117.2843319773674,-117.10143119096756,4.1400003433227539,8.4507331252098083,3.550000011920929,3.1050267219543457
2074,32.286999940872192,32.241147518157959,-116.2849999666214,-116.78303372859955,5.5000001192092896,2.1325081586837769,3.2999999821186066,3.1043045818805695
1799,32.753399968147278,32.594975233078003,-117.37879997491837,-117.10736018419266,9.9999998509883881,7.3597785830497742,3.8999999910593033,3.09876349568367
2509,33.699999988079071,33.830586791038513,-117.71200001239777,-117.86208881437778,11.299999952316284,4.8326593637466431,3.9999999850988388,3.1641755104064941
2085,35.631999969482422,35.755115628242493,-117.57499998807907,-117.36883556842804,1.8999999761581421,6.6052418947219849,3.199999988079071,3.0381622910499573
1693,35.74399995803833,35.779184222221375,-118.00999999977648,-117.98183877766132,4.0999996662139893,8.2058174908161163,3.2999999821186066,3.0509922802448273
1045,34.327499985694885,34.177871361374855,-119.5,-119.49656784534454,2.3199999332427979,2.681470513343811,3.2999999821186066,3.0753284990787506
469,35.892166018486023,35.160290479660034,-117.71933001279831,-117.99067001882941,6.9400003552436829,7.7114376425743103,3.2999999821186066,3.0351865589618683
954,33.956333000212908,33.628318667411804,-116.31916701793671,-116.58107447624207,8.3099998533725739,6.6528072953224182,3.0900000035762787,3.0371970534324646
2519,32.675999999046326,32.304878354072571,-116.09399998188019,-116.76718521118164,10.899999886751175,2.209833562374115,3.0999999940395355,3.0493244826793671
639,35.908499956130981,35.45225203037262,-117.67550000548363,-117.58047205209732,2.3400002717971802,5.5481761693954468,4.2999999895691872,3.2365051209926605
2350,35.802999973297119,35.775432229042053,-118.04399999976158,-117.74104681611061,9.5999997854232788,2.3170977830886841,3,3.0412943959236145
1218,33.912699997425079,33.521345555782318,-116.72490000724792,-116.71657907962799,19.200000017881393,4.964454174041748,3,3.0452811419963837
1158,35.924299955368042,35.749918460845947,-117.21799999475479,-117.13328582048416,0.99999994039535522,6.6379424929618835,3.4999999701976776,3.090983122587204
1415,33.367699980735779,32.763659954071045,-116.30019998550415,-116.50166285037994,13.299999944865704,3.700937032699585,3,3.0467996299266815
2292,34.635999977588654,34.022331956773996,-116.31400001049042,-116.38454222679138,5.6000000238418579,9.3931402266025543,3.199999988079071,3.0373506546020508
1527,33.390999972820282,32.965755343437195,-116.41700005531311,-116.48875951766968,9.9999998509883881,5.354611873626709,3.3999999761581421,3.0582489967346191
2475,34.409000009298325,33.645117789506912,-116.27900004386902,-116.32126140594482,20.699999928474426,9.7621370851993561,3.199999988079071,3.0281041860580444
1300,34.904999971389771,34.57806259393692,-119.21099996566772,-119.1284384727478,13.999999947845936,6.3793078064918518,3,3.0591574609279633
2430,34.879000008106232,34.153178006410599,-116.41100001335144,-116.335977435112,4.0999996662139893,8.8472816348075867,3.0999999940395355,3.0331850945949554
1603,35.953999996185303,35.669118404388428,-117.33399999141693,-117.37505954504013,1.8000000715255737,6.9537511467933655,3.0999999940395355,3.0248942971229553
160,35.927167057991028,35.821780204772949,-117.68133300542831,-117.75852920114994,3.1300002336502075,9.126562625169754,3.0399999618530273,3.0593131184577942
1704,33.931999996304512,33.567167311906815,-116.74199998378754,-116.90480673313141,13.900000043213367,4.7744178771972656,3.3999999761581421,3.0929042994976044
956,33.482500016689301,33.277978181838989,-116.50366699695587,-116.87121760845184,12.590000107884407,5.8664560317993164,3.6999999582767487,3.0867370069026947
2470,34.717000007629395,34.331184774637222,-116.33200001716614,-116.42082345485687,4.1999995708465576,8.561384528875351,3.3999999761581421,3.0456489622592926
877,33.705000013113022,33.522219777107239,-116.83050000667572,-116.95914554595947,16.779999956488609,4.6509361267089844,3.3999999761581421,3.0262349545955658
1919,35.819000005722046,35.311875820159912,-119.91199994087219,-119.76795065402985,12.400000020861626,7.715577632188797,3.2999999821186066,3.0998925268650055
1884,33.980000000447035,33.144705414772034,-116.27199995517731,-116.31775605678558,5.2000004053115845,5.775030255317688,3.199999988079071,3.0349001884460449
2200,32.644999980926514,32.188972234725952,-118.07400000095367,-117.91728186607361,25.200000107288361,8.571966290473938,3.199999988079071,3.0451434552669525
98,35.806666970252991,35.834882378578186,-117.62933298945427,-117.65378555655479,0.45999974012374878,8.1381194293498993,3.0999999940395355,3.0322206616401672
2400,34.037000000476837,33.739202946424484,-117.27100002765656,-117.33925771713257,7.9999999701976776,4.6244806051254272,3.3999999761581421,3.0682800114154816
253,35.921165943145752,35.768799304962158,-117.6884999871254,-117.66615989804268,6.1500003933906555,8.1939585506916046,3,3.0338467955589294
103,35.03516697883606,34.932368159294128,-116.80033302307129,-116.75434684753418,-0.76999962329864502,5.0824052095413208,3.129999965429306,3.0388711988925934
1445,33.004100024700165,32.668209552764893,-116.33399999141693,-116.87481009960175,11.100000143051147,4.9267619848251343,3.5999999642372131,3.0258937776088715
1443,33.030399978160858,33.111979782581329,-118.00400000018999,-118.00411381013691,8.8000001013278961,4.6427375078201294,3.6999999582767487,3.1650259494781494
1648,33.875299997627735,33.921757519245148,-117.80089999735355,-117.91967395693064,1.600000262260437,3.3670628070831299,3.5999999642372131,3.0805360972881317
586,35.745666980743408,35.004277586936951,-117.56649801135063,-118.00143665797077,7.9999999701976776,6.0454756021499634,3.3999999761581421,3.0713338851928711
627,35.91016697883606,35.543511629104614,-117.68483299016953,-117.67058515548706,7.4100002646446228,7.8234283626079559,5.4399999976158142,4.1718230322003365
1696,34.003000000026077,33.766581237316132,-116.91199994087219,-117.22656136751175,17.500000074505806,4.2275771498680115,3.199999988079071,3.0288061201572418
2101,33.410000026226044,32.941835045814514,-116.40299999713898,-116.4858033657074,12.499999925494194,1.9258332252502441,3.0999999940395355,3.1584101021289825
2199,33.48199999332428,32.912745714187622,-116.5,-116.75414752960205,14.899999997578561,2.1794253587722778,3.0999999940395355,3.1196236610412598
403,35.592334985733032,35.627357959747314,-117.39399701356888,-117.31635314226151,4.0700000524520874,6.4669293165206909,3.3199999630451202,3.074032187461853
1154,33.322200000286102,32.68570613861084,-116.33369994163513,-116.49301147460938,18.099999949336052,4.4835492968559265,3.3999999761581421,3.2378107309341431
2256,32.001000046730042,32.097309231758118,-117.38200002908707,-117.04670655727386,6.9999995827674866,5.4050606489181519,3.3999999761581421,3.0446364283561707
1682,33.866999998688698,33.667522221803665,-119.32400000095367,-119.01762056350708,11.499999985098839,6.1316755414009094,3.4999999701976776,3.0445431768894196
2056,33.971000000834465,33.834370106458664,-118.67699998617172,-118.50792020559311,13.399999961256981,3.7324637174606323,3.2999999821186066,3.0823296010494232
2413,35.452000021934509,35.253087878227234,-116.48099994659424,-116.94492709636688,3.6000001430511475,6.9879895448684692,3.5999999642372131,3.0621024370193481
452,35.682999014854431,34.658706963062286,-117.52300301194191,-117.53939765691757,1.1700001358985901,4.968375563621521,3.0999999940395355,3.0524307489395142
2303,35.980999946594238,35.865146994590759,-117.86499999463558,-117.99154862575233,2.1999996900558472,8.1659594178199768,3,3.0706082582473755
1327,32.060700058937073,32.068677425384521,-117.67039999365807,-117.74839472770691,1.600000262260437,9.6672257781028748,3.9999999850988388,3.3606767356395721
2049,32.401999950408936,32.124155640602112,-117.79700000584126,-117.9436561204493,11.999999955296516,8.0663296580314636,3.5999999642372131,3.0589636266231537
880,34.709667026996613,34.341355204582214,-116.28299999237061,-116.17976713180542,1.7399999499320984,4.9832886457443237,3.199999988079071,3.0302309989929199
2472,34.670000016689301,34.238830715417862,-116.35899996757507,-116.48591065406799,2.9999998211860657,9.6037012338638306,3.3999999761581421,3.0520875155925751
623,35.887333035469055,35.324393630027771,-117.71283000707626,-117.51868945360184,3.8999998569488525,5.8313941955566406,3.5799999833106995,3.0656262338161469
2344,33.978000000119209,33.558135032653809,-116.75399994850159,-117.0365035533905,22.400000095367432,4.9893897771835327,3.7999999970197678,3.1941253244876862
1787,35.804399967193604,35.954095602035522,-117.66130000352859,-117.53046044707298,9.9999998509883881,6.76320880651474,4.0999999791383743,3.6527744829654694
262,35.877833962440491,35.572592258453369,-117.6873320043087,-117.66223642230034,2.6600003242492676,7.6169157028198242,3.1600000262260437,3.0548043251037598
1634,35.042999982833862,34.828475117683411,-119.0349999666214,-119.27067351341248,11.799999922513962,0.60804426670074463,3.199999988079071,3.1041133403778076
1438,33.870000004768372,33.860003277659416,-118.28499999642372,-118.30585283041,15.100000002421439,3.4771719574928284,3.199999988079071,3.0294561982154846
2198,32.633999943733215,32.447915196418762,-118.07999999821186,-117.73220229148865,6.9999995827674866,8.4987920522689819,3.199999988079071,3.0663168132305145
1969,34.054000001400709,33.860990181565285,-117.02999997138977,-117.03436213731766,12.100000083446503,4.3400216102600098,3.9999999850988388,3.2653332352638245
1802,33.736000001430511,33.664570391178131,-117.47000002861023,-117.43689894676208,1.2999996542930603,4.4951632618904114,3.3999999761581421,3.0530379116535187
640,35.902500033378601,34.925870895385742,-117.68550100922585,-117.68092188239098,3.0399996042251587,4.6606680750846863,4.2999999895691872,3.0842840373516083
2403,35.565999984741211,35.794311165809631,-117.22500002384186,-116.95926690101624,5.6999999284744263,7.2356352210044861,3.3999999761581421,3.062670886516571
1959,32.516299962997437,32.321141004562378,-116.88020002841949,-116.43136870861053,19.000000208616257,6.5439623594284058,3.7999999970197678,3.3840633630752563
488,35.898167014122009,34.404112994670868,-117.73366698622704,-118.01008600369096,2.8299996256828308,4.8650550842285156,3.199999988079071,3.1509230732917786
1843,35.890799999237061,35.849283337593079,-117.68090000748634,-117.61820611357689,9.9999998509883881,9.7621956467628479,3.9999999850988388,3.5293723940849304
1734,33.498000025749207,33.037689089775085,-116.51900005340576,-116.67493844032288,13.100000023841858,3.6966991424560547,3,3.033296138048172
146,35.584833025932312,35.806385040283203,-117.35683298110962,-116.98431503772736,4.3599995970726013,7.5457021594047546,3.6500000059604645,3.2070025205612183
1534,34.31700000166893,34.092453628778458,-116.84700000286102,-117.17104303836823,1.7000001668930054,5.1812607049942017,3.2999999821186066,3.0475376844406128
1986,35.031000018119812,34.870029091835022,-119.17799997329712,-119.10200476646423,18.099999949336052,5.1611298322677612,3.199999988079071,3.0772999227046967
1369,34.301699995994568,33.92012345790863,-116.84150004386902,-117.01283627748489,9.9999998509883881,4.2169645428657532,3.4999999701976776,3.1632525622844696
2488,34.828999996185303,34.710661768913269,-116.39999997615814,-116.64390432834625,4.8999997973442078,8.527141660451889,3.199999988079071,3.0574661493301392
659,35.91349995136261,34.382545083761215,-117.72766700387001,-117.61827966570854,6.9599997997283936,4.5412248373031616,3.8599999845027924,3.1053937375545502
1794,32.710000038146973,32.300565600395203,-116.03600001335144,-116.46246218681335,3.1999996304512024,6.0526764392852783,3.5999999642372131,3.2305143177509308
186,35.888499975204468,35.788026928901672,-117.72350299358368,-117.68147450685501,3.6399999260902405,8.3360432088375092,3.2999999821186066,3.0755815207958221
1147,32.103000044822693,32.881819605827332,-116.09599995613098,-118.16036412119865,20.000000149011612,4.6187996864318848,3,3.0416829586029053
608,35.749668002128601,35.158088803291321,-117.55733498930931,-118.09665200859308,4.660000205039978,8.4279419481754303,3.3199999630451202,3.0377014875411987
2191,34.85290002822876,34.793434083461761,-119.08739995956421,-119.21792435646057,21.599999964237213,0.07350236177444458,3.4999999701976776,3.115638792514801
1930,32.044999957084656,32.388239860534668,-116.40600001811981,-116.98845744132996,15.100000002421439,5.0331509113311768,3,3.0316380858421326
197,35.944167017936707,35.84797203540802,-117.37550002336502,-117.20525717735291,2.8999999165534973,8.2766957581043243,3.7999999970197678,3.2466661334037781
2329,35.975000023841858,35.86406409740448,-117.82600000500679,-118.68163996934891,3.6000001430511475,5.6852370500564575,3.199999988079071,3.5880702137947083
293,35.961333990097046,35.564164400100708,-117.2756649851799,-117.37783509492874,0.4099997878074646,7.046663761138916,3,3.0740433633327484
766,35.658000946044922,35.909327030181885,-117.52216300368309,-117.21634835004807,1.380000114440918,5.568186342716217,3.1199999749660492,3.0645841956138611
400,35.679501056671143,35.624569892883301,-117.53183001279831,-117.58656704425812,4.6899998188018799,6.4530560374259949,3.0600000321865082,3.0384591221809387
122,34.990832984447479,34.909764289855957,-116.46099996566772,-116.22156226634979,1.7500001192092896,5.3186041116714478,3.0299999713897705,3.0197952389717102
202,35.557335019111633,35.493385791778564,-117.56883201003075,-117.48544645309448,3.6000001430511475,7.0341619849205017,4.8400000110268593,4.8358844518661499
835,35.730167031288147,34.490140318870544,-117.55866700410843,-117.80802784860134,7.8399999439716339,4.7518694400787354,3.2199999690055847,3.0957866013050079
2296,32.730000019073486,32.856375932693481,-118.38400000333786,-117.92038435488939,9.8999999463558197,7.5066326558589935,4.3999999947845936,3.6767454743385315
1439,32.802500009536743,32.36464786529541,-116.12399995326996,-116.27157759666443,14.100000020116568,3.3840465545654297,3.9999999850988388,3.2222238779067993
1733,32.376999974250793,32.375393629074097,-116.34800004959106,-116.37971079349518,6.9999995827674866,4.4656527042388916,3.3999999761581421,3.0390881896018982
1695,33.083999991416931,32.554664373397827,-116.23099994659424,-116.33977496623993,5.7999998331069946,2.3536553978919983,3.2999999821186066,3.0727973878383636
1707,35.894000053405762,35.69192361831665,-116.75899994373322,-116.79601407051086,3.3000004291534424,6.5877217054367065,3.199999988079071,3.0438508987426758
2468,34.683000028133392,34.056709751486778,-116.37899994850159,-116.50359988212585,2.9999998211860657,8.9600899815559387,3.199999988079071,3.0308173298835754
1153,32.976799964904785,32.462733626365662,-116.42830002307892,-116.85549688339233,17.899999916553497,3.8906764984130859,3,3.0433832108974457
1661,32.701200008392334,32.611543893814087,-118.18420000374317,-118.17910566926003,16.000000052154064,7.683650404214859,4.0999999791383743,3.2425633370876312
1759,35.572000026702881,35.602044105529785,-116.97599995136261,-116.91844439506531,5.9999996423721313,5.8998942375183105,3.199999988079071,3.0593474507331848
854,33.52233299612999,33.041918098926544,-116.73099994659424,-116.80945694446564,3.2800000905990601,3.2254153490066528,3,3.0341228842735291
1589,32.058599948883057,32.153000950813293,-117.44319999217987,-117.73746213316917,5.0999996066093445,5.6463021039962769,3.5999999642372131,3.0668367147445679
2268,35.906000018119812,35.794535160064697,-117.5959999859333,-117.46519428491592,3.7999999523162842,7.4609550833702087,3,3.0625673532485962
641,35.781834006309509,35.281904578208923,-117.58950001001358,-117.80936034023762,1.5799999237060547,5.6986838579177856,3.5400000214576721,3.1045162975788116
1,35.615499973297119,35.569154024124146,-117.42033302783966,-117.3272151350975,9.7699999809265137,5.5989986658096313,3.1500000357627869,3.0397713482379913
2160,34.340000003576279,33.722702831029892,-116.85300004482269,-117.88228534907103,0.099999904632568359,4.9617156386375427,3.0999999940395355,3.0161734521389008
698,35.556666970252991,34.448961734771729,-117.35816699266434,-117.88301925361156,8.7099999189376831,4.5617777109146118,4.4899999997578561,3.416939377784729
1636,32.843600034713745,32.785192489624023,-118.02710000053048,-117.69904026389122,13.80000002682209,5.9633767604827881,4.0999999791383743,3.3345981538295746
1291,35.472300052642822,35.444897174835205,-118.2766999900341,-118.2685027718544,8.4000000357627869,7.0750236511230469,3.199999988079071,3.0650115609169006
2422,34.097999997437,33.972478607669473,-117.7339999973774,-117.81854069232941,6.7999997735023499,4.2553719878196716,3.0999999940395355,3.0623695850372314
1520,33.380900025367737,32.958896994590759,-116.50539994239807,-116.71363759040833,6.9999995827674866,6.7205053567886353,5.5000000298023224,4.9673149734735489
1853,33.706000000238419,33.149301052093506,-116.04499995708466,-116.32362365722656,13.700000010430813,6.6781926155090332,3,3.030718982219696
1136,32.425999999046326,32.932776689529419,-117.3289999961853,-117.45177888870239,2.9999998211860657,5.8385556936264038,3.199999988079071,3.036488950252533
2455,34.852999985218048,34.113557673990726,-116.40900003910065,-116.63613629341125,4.3000003695487976,9.3703030049800873,3.0999999940395355,3.0651045441627502
1631,33.928000003099442,34.04950837418437,-118.3589999973774,-118.25972846150398,15.899999979883432,3.4483909606933594,3.0999999940395355,3.0275766849517822
1998,33.307699978351593,32.648254632949829,-116.20299994945526,-116.37425494194031,10.399999916553497,4.0085864067077637,3.6999999582767487,3.1597326993942261
663,35.892333030700684,34.80797952413559,-117.72200000286102,-117.7029390335083,7.8700000047683716,5.0283873081207275,3.9800000041723251,3.0916922092437744
683,35.766167044639587,34.173824101686478,-117.58750000596046,-117.81729511916637,1.8200004100799561,4.3307733535766602,3.6300000250339508,3.2618894577026367
1257,34.1283999979496,34.090948015451431,-117.43900001049042,-117.48629873991013,13.299999944865704,3.9935123920440674,3.2999999821186066,3.0488207638263702
317,35.913833975791931,35.828842401504517,-117.71167001128197,-117.78203523159027,1.8100002408027649,7.2977811098098755,3.5999999642372131,3.0705804526805878
648,35.901167035102844,35.650659561157227,-117.7495000064373,-117.55034396052361,5.0400003790855408,6.81194007396698,5.4000000357627869,4.1627778187394142
1434,32.018599987030029,32.359554052352905,-116.32659995555878,-116.5589439868927,7.3000001907348633,6.4028111100196838,4.2999999895691872,3.2046133875846863
1479,33.858999997377396,33.856873273849487,-118.45800000429153,-118.3250727057457,14.100000020116568,3.8740316033363342,3,3.0514891147613525
709,35.913833022117615,34.598822891712189,-117.72583299875259,-118.02494950778782,7.9999999701976776,4.6771949529647827,4.5,3.8840907365083694
1282,34.052999999374151,34.030904887244105,-117.78749999403954,-117.76834057271481,5.2000004053115845,4.3301171064376831,3.8999999910593033,3.0992742776870728
1768,35.950899958610535,35.932097434997559,-117.72139999270439,-117.48380994796753,4.3000003695487976,8.7210488319396973,3,3.0302777588367462
972,33.147000014781952,32.824990510940552,-116.47816705703735,-116.54725503921509,10.990000069141388,3.4827840328216553,3.5300000309944153,3.2098624706268311
1306,34.408100008964539,34.254502207040787,-119.79719996452332,-119.38911128044128,19.699999988079071,7.5082875788211823,4.9000000208616257,4.1674421802163124
1400,33.899300001561642,33.870554849505424,-119.3889000415802,-119.22968649864197,17.000000104308128,7.2467359900474548,3.4999999701976776,3.0628630220890045
1408,34.012799999676645,34.071369603276253,-117.58259999752045,-117.56040421128273,14.700000006705523,4.1929963231086731,3.5999999642372131,3.0849973261356354
2238,35.960000038146973,35.816211700439453,-117.68999999761581,-117.59614759683609,4.400000274181366,7.8642489016056061,3,3.0573720932006836
1496,32.748000025749207,32.160104513168335,-116.05099999904633,-116.24838364124298,4.9999997019767761,1.3168922066688538,3,3.0799587965011597
2038,34.006000000052154,34.136052519083023,-117.58500000834465,-117.60076865553856,4.6000000834465027,4.2552253603935242,3,3.024303138256073
1529,33.392000019550323,32.95796263217926,-116.43499994277954,-116.51173949241638,6.9999995827674866,4.4171816110610962,3.0999999940395355,3.0284840762615204
1663,33.983999999240041,33.896580383181572,-118.46999999880791,-118.42287656664848,7.5,3.7573903799057007,3.2999999821186066,3.0532523989677429
1354,33.87100000679493,33.372114539146423,-116.19700002670288,-116.41312026977539,8.4000000357627869,6.7378145456314087,3.2999999821186066,3.0792989730834961
2478,34.739000022411346,34.443913042545319,-116.2610000371933,-116.28208136558533,18.000000044703484,9.2025196552276611,3.6999999582767487,3.1056540906429291
2495,35.756999969482422,35.848294138908386,-117.61599999666214,-117.50093683600426,3.1999996304512024,7.755843847990036,3,3.0525307059288025
1643,34.003400000045076,33.992015657946467,-118.91109997034073,-118.68016654253006,16.000000052154064,4.9360013008117676,4.2999999895691872,3.8168759644031525
1051,33.913999997079372,33.775368228554726,-118.29766699671745,-118.0957557708025,11.669999957084656,3.3581167459487915,3,3.0270314812660217
795,35.682834982872009,35.95709490776062,-117.49183702468872,-117.30624127388,-0.17000019550323486,5.9957098960876465,3.199999988079071,3.1234095096588135
1597,35.712000012397766,35.798981308937073,-117.48199999332428,-117.46230000257492,9.3000000715255737,6.5910816192626953,3.3999999761581421,3.0849262475967407
1819,32.732900023460388,32.735027074813843,-118.22820000350475,-118.15676835179329,6.7999997735023499,6.2415575981140137,3.3999999761581421,3.08709517121315
1722,33.680999994277954,33.508888512849808,-116.80799996852875,-117.06269735097885,15.100000002421439,4.6968430280685425,3.199999988079071,3.0440883636474609
1183,34.334199994802475,34.671293556690216,-119.53489995002747,-119.59116172790527,8.9999999105930328,8.6295729875564575,3,3.0768811404705048
1059,33.195999979972839,33.072671234607697,-116.68250000476837,-116.72034001350403,11.850000098347664,2.9982304573059082,3.1899999976158142,3.0534924566745758
540,35.869166970252991,34.919527947902679,-117.65316799283028,-117.62381169199944,7.6999998092651367,6.012626588344574,3.3099999725818634,3.0784085690975189
1678,34.137600004673004,34.11643572896719,-117.38319998979568,-117.4859910607338,7.9000000655651093,4.2394647002220154,3.5999999642372131,3.1080369651317596
2446,34.814000010490417,34.644104242324829,-116.41700005531311,-116.41765952110291,3.1999996304512024,8.4595298767089844,3.0999999940395355,3.0410016775131226
1757,34.032999999821186,33.544787973165512,-116.44200003147125,-116.33518087863922,2.800000011920929,3.7191286683082581,3.3999999761581421,3.0414449572563171
1923,35.965399980545044,35.335314512252808,-119.76820003986359,-119.89872717857361,25.300000011920929,5.9998512268066406,3.2999999821186066,3.1192645132541656
95,35.67566704750061,35.734486222267151,-117.53933000564575,-117.21979922056198,6.9699999690055847,6.4216411113739014,3.129999965429306,3.0309434831142426
1020,34.40616700053215,34.233944162726402,-119.64566695690155,-119.50706732273102,14.15999997407198,0.99849522113800049,3.4400000274181366,3.0426501631736755
563,35.7066650390625,35.560632348060608,-117.55016300082207,-118.26724800467491,1.6199997067451477,8.5124713182449341,3.0999999940395355,3.0263612866401672
863,34.048333000391722,34.009862208738923,-117.50416699051857,-117.53641182184219,4.1599997878074646,4.3081659078598022,3.0999999940395355,3.1068518757820129
1484,33.368600010871887,33.025288224220276,-116.41390001773834,-116.54727637767792,7.3000001907348633,4.3664708733558655,3.199999988079071,3.044482558965683
1881,33.945000000298023,33.447880208492279,-116.36800003051758,-116.65205049514771,8.8000001013278961,5.1388603448867798,3.4999999701976776,3.0969010591506958
1038,33.001833021640778,33.008991181850433,-118.89983302354813,-118.66378062963486,5.7399997115135193,5.4481226205825806,3.5999999642372131,3.0439108908176422
206,35.889832019805908,35.77499794960022,-117.7245030105114,-117.79895159602165,2.9300004243850708,9.3037314713001251,3.2600000202655792,3.0633814036846161
392,35.571998953819275,35.614248275756836,-117.36000102758408,-117.46537232398987,2.2400003671646118,6.3906848430633545,3.0199999809265137,3.0565167367458344
870,33.23233300447464,33.213536620140076,-116.77849996089935,-116.59396553039551,11.389999911189079,1.9639304280281067,3,3.0265298187732697
397,35.877333045005798,35.766871452331543,-117.7165000140667,-117.78150026500225,2.9899996519088745,8.5238823294639587,3.4999999701976776,3.1006747484207153
2440,33.827999994158745,34.044892661273479,-118.37700000405312,-118.29946345090866,7.5,1.3860520720481873,3,3.0420727729797363
1028,32.024832963943481,32.225988388061523,-116.91299998760223,-117.63202354311943,9.60999995470047,6.6624301671981812,3.2299999594688416,3.0538148581981659
1485,32.932700037956238,32.440587759017944,-116.24349999427795,-116.54626655578613,16.19999997317791,2.4079549312591553,3.3999999761581421,3.0421395599842072
960,32.44350004196167,32.134192228317261,-116.01866698265076,-117.43153041601181,0.54000020027160645,4.0262764692306519,3.0500000417232513,3.1290586888790131
1570,33.988199999555945,34.060390889644623,-118.0671000033617,-117.96690682694316,15.400000009685755,4.7460955381393433,4.1999999955296516,3.8238359838724136
1895,33.883900001645088,33.637193262577057,-116.78610002994537,-116.95693945884705,17.899999916553497,4.8824787139892578,3.7999999970197678,3.1800851225852966
2146,34.362100005149841,33.914898328483105,-116.87779998779297,-117.32109439373016,5.899999737739563,5.2917400002479553,3.3999999761581421,3.0698286294937134
804,35.673833012580872,34.57132762670517,-117.48933297395706,-117.87675176560879,9.2299997806549072,4.8808658123016357,3.0999999940395355,3.5242789685726166
1751,35.431300044059753,35.429251313209534,-118.40139999985695,-118.56991368532181,9.9999998509883881,1.5149152278900146,4.2999999895691872,3.654293954372406
502,35.914332985877991,35.630293607711792,-117.71749898791313,-117.58310002088547,2.3500004410743713,7.8471323847770691,3.5999999642372131,3.0482206642627716
779,35.655500054359436,35.942324638366699,-117.53633299469948,-117.32571321725845,7.5999999046325684,8.0496548116207123,3,3.1699158847332001
1863,32.705000042915344,32.333514809608459,-116.02699995040894,-116.73827767372131,2.5000002980232239,4.691120982170105,3.199999988079071,3.0854226350784302
200,35.685165047645569,35.565658569335938,-117.52383399009705,-117.29589658975601,6.5700003504753113,6.4641228318214417,3.0999999940395355,3.0429057776927948
2182,33.333599984645844,33.501905590295792,-118.9718000292778,-118.75240850448608,6.9999995827674866,6.6020500659942627,3.4999999701976776,3.0567110180854797
2088,35.592300057411194,35.748633623123169,-117.53900000452995,-117.68112745881081,5.3000003099441528,7.1162670850753784,3.6999999582767487,3.0711253881454468
2279,34.990000009536743,34.766666412353516,-119.45799994468689,-119.36440324783325,15.100000002421439,0.46559751033782959,3,3.0524128675460815
1796,32.744500041007996,32.315214514732361,-117.3604000210762,-117.02526879310608,9.9999998509883881,7.9519803822040558,3.0999999940395355,3.0347461402416229
378,35.901165008544922,35.515224695205688,-117.6786650121212,-117.77415208518505,2.0600000023841858,7.169768214225769,3.0299999713897705,3.0488061010837555
2338,35.996999979019165,35.842419862747192,-117.87100000679493,-117.74933329224586,3.1999996304512024,7.2658547759056091,3,3.0752084255218506
418,35.862334966659546,35.746821761131287,-117.68483000993729,-117.74144658446312,7.4500000476837158,4.8845306038856506,3.2999999821186066,3.0447820723056793
1698,34.432700008153915,34.248459726572037,-119.01250004768372,-118.97073405981064,25.699999630451202,3.6888903379440308,3.4999999701976776,3.1170961260795593
391,35.780833959579468,35.716031789779663,-117.615837007761,-117.79662896692753,7.3299998044967651,2.8201881051063538,3.070000022649765,3.0567099452018738
1522,35.487900018692017,35.658982038497925,-118.44499999284744,-118.47713363170624,3.1999996304512024,0.70862889289855957,3.6999999582767487,3.161722719669342
1162,35.994099974632263,35.958033323287964,-117.91830000281334,-117.8806266784668,3.4000003337860107,9.6381810307502747,3.0999999940395355,3.0455102026462555
1495,35.035199999809265,34.883688986301422,-119.04530000686646,-119.12880396842957,16.899999976158142,0.28449833393096924,3.6999999582767487,3.1222429275512695
2027,35.388000011444092,35.447097659111023,-118.625,-118.94434922933578,3.6000001430511475,6.1097538471221924,3,3.0601440668106079
1152,34.758499979972839,34.540750920772552,-118.44350001215935,-118.38719302415848,11.999999955296516,4.4974011182785034,3.0999999940395355,3.1654992699623108
1367,33.960999999195337,33.502097755670547,-116.13199996948242,-116.38158023357391,6.8999996781349182,7.5148527324199677,3.199999988079071,3.0772850811481476
64,33.59400001168251,33.586832284927368,-117.26999998092651,-117.45427638292313,13.689999952912331,4.4837093353271484,3.9599999785423279,3.5472993850708008
2062,35.347000002861023,35.148424863815308,-117.19300001859665,-117.3755099773407,5.6000000238418579,4.9770194292068481,3.199999988079071,3.0414348542690277
1180,33.760299995541573,33.428010940551758,-116.11749994754791,-116.31409883499146,16.500000022351742,5.4332667589187622,3.3999999761581421,3.1066887974739075
492,35.677834033966064,35.792464017868042,-117.59700000286102,-117.31296968460083,5.4699996113777161,7.6138199865818024,3.2999999821186066,3.0677997171878815
379,35.570000052452087,35.369025588035583,-117.40666997432709,-117.6000272333622,6.4899998903274536,5.7465755939483643,3,3.0383719503879547
2236,34.845000028610229,33.861843645572662,-116.35199999809265,-116.80350112915039,7.5,10.625224113464355,3.2999999821186066,3.0410200953483582
763,35.655833959579468,35.893570184707642,-117.52349901199341,-117.24834895133972,1.5699997544288635,6.769842803478241,3.3400000333786011,3.057811439037323
2265,33.47299998998642,32.950207114219666,-116.58899998664856,-116.76840591430664,15.200000004842877,5.6698787212371826,5.2000000029802322,4.3945111222565174
791,35.698001980781555,35.912116885185242,-117.48816698789597,-117.2545907497406,8.7700000405311584,6.0876086354255676,3.3999999761581421,3.1318471133708954
1076,34.717000007629395,34.179993510246277,-116.03316700458527,-116.12223851680756,2.7700003981590271,7.4927079677581787,3.3099999725818634,3.0292551219463348
878,34.703999996185303,34.337941765785217,-116.2861670255661,-116.38754165172577,1.5599995851516724,7.4759271740913391,3.9599999785423279,3.1045997142791748
337,35.557335019111633,35.332218170166016,-117.38666498661041,-117.49469912052155,-0.83000063896179199,6.480461061000824,3.199999988079071,3.0612627267837524
2345,34.725000023841858,34.240340337157249,-116.30099999904633,-116.32157504558563,5.0999996066093445,9.4548042118549347,3,3.0263234674930573
1016,33.483833014965057,33.341200709342957,-116.80099999904633,-116.88052976131439,3.2699999213218689,5.0241833925247192,3.3700000047683716,3.0899772942066193
1275,34.701799988746643,34.479250848293304,-116.27289998531342,-116.42792785167694,6.7999997735023499,7.1738272905349731,4.2999999895691872,3.2402661144733429
455,35.902667999267578,35.098666667938232,-117.72883599996567,-117.84415565431118,4.2900002002716064,7.3033395409584045,3.0299999713897705,3.0621854960918427
815,35.673832058906555,35.108609557151794,-117.51750200986862,-117.59131482243538,1.5699997544288635,5.7348069548606873,3.2899999916553497,3.5866162776947021
2319,34.222000002861023,34.16811116039753,-117.50900000333786,-117.85403254628181,10.899999886751175,4.2175626754760742,3.7999999970197678,3.10997673869133
995,34.28600001335144,34.003133637132123,-117.05816698074341,-117.11515331268311,7.6999998092651367,4.0198713541030884,3.2099999785423279,3.0256614089012146
1981,33.281000018119812,32.897514224052429,-116.13950002193451,-116.23093163967133,18.400000110268593,1.9190025329589844,5.2000000029802322,3.3485729992389679
201,35.635334014892578,34.268786430358887,-117.58333599567413,-117.83979018032551,11.25,4.43805992603302,3.0999999940395355,3.1956620514392853
161,35.856834053993225,35.759507179260254,-117.68599700927734,-117.71527057886124,3.6799997091293335,8.6903907358646393,3.070000022649765,3.0669876337051392
1579,34.014999999664724,34.041913688182831,-117.18400001525879,-117.35899543762207,6.8999996781349182,4.1734081506729126,3.5999999642372131,3.1107258796691895
2457,34.633000016212463,34.263317346572876,-116.36099994182587,-116.52139186859131,7.3000001907348633,8.7344272434711456,3.9999999850988388,3.1738181412220001
702,35.86566698551178,34.556998431682587,-117.65266698598862,-117.9679171256721,15.109999997075647,4.6875965595245361,4.0100000202655792,3.2646934390068054
1500,33.106100022792816,32.630778193473816,-116.49580001831055,-116.39662885665894,13.900000043213367,2.3483249545097351,3,3.0694162845611572
1129,35.728500008583069,35.840074062347412,-117.5649000108242,-117.39758765697479,4.699999988079071,7.4557819962501526,3.2999999821186066,3.0596133470535278
1021,33.373499989509583,33.115050494670868,-116.28483295440674,-116.8252911567688,13.640000000596046,5.0354057550430298,3.0099999904632568,3.0389967262744904
1585,32.240200042724609,32.186603188514709,-116.55390000343323,-117.17867666482925,9.2000001668930054,7.6826271414756775,3.5999999642372131,3.6404145956039429
1955,35.120599985122681,34.742904543876648,-118.98309999704361,-119.0873863697052,10.999999791383743,3.2039639353752136,4.8000000044703484,4.1424303129315376
2254,33.263999998569489,32.686168670654297,-116.14199995994568,-116.58860468864441,5.5000001192092896,2.153770923614502,3,3.0837965905666351
34,34.278833001852036,34.381427705287933,-119.28750002384186,-119.40212023258209,11.509999930858612,10.892411023378372,3.5999999642372131,3.099908709526062
775,35.671165943145752,35.870021820068359,-117.47166401147842,-117.22422993183136,7.1099996566772461,5.690668523311615,3.4999999701976776,3.1466411948204041
1478,34.335999995470047,34.001743137370795,-116.4559999704361,-116.84848439693451,3.1999996304512024,5.492832362651825,3,3.1004515886306763
1390,33.447099983692169,33.180951237678528,-116.4695999622345,-116.68291425704956,10.60000017285347,4.1586014628410339,3.4999999701976776,3.1389690041542053
2139,34.283699989318848,33.982683345675468,-116.83790004253387,-117.11850279569626,2.7000001072883606,5.8233904838562012,3.9999999850988388,3.7659133672714233
1363,33.931599996984005,33.930917903780937,-118.40599998831749,-118.27681258320808,13.200000040233135,2.8916868567466736,3.6999999582767487,3.1141573190689087
2041,34.349400013685226,34.308450847864151,-119.46319997310638,-119.27455246448517,3.6000001430511475,7.0175269246101379,3.9999999850988388,3.6977572739124298
241,35.724498987197876,35.673867583274841,-117.53016701340675,-117.65012231469154,8.6599999666213989,7.8873208165168762,3.2299999594688416,3.0692515969276428
2061,34.050000000745058,33.856371641159058,-117.25999999046326,-117.47597402334213,12.400000020861626,4.2238783836364746,3.2999999821186066,3.1366623044013977
2370,35.087000012397766,35.194615125656128,-117.52000001072884,-117.45648896694183,2.1999996900558472,5.739922821521759,3.199999988079071,3.1030988395214081
600,35.877333045005798,35.095643520355225,-117.704499989748,-117.4600664973259,10.990000069141388,5.8229809999465942,3,3.0475296378135681
2443,34.605000019073486,34.469753295183182,-119.067999958992,-119.09517431259155,11.599999889731407,5.5335912108421326,3,3.0189708173274994
1297,35.478000044822693,35.438042163848877,-118.30500000715256,-118.34921371936798,0.70000022649765015,5.9749782085418701,4.1999999955296516,3.6052042543888092
2215,34.166999995708466,33.883520230650902,-117.43599998950958,-117.68914425373077,7.3000001907348633,4.3956702947616577,3,3.0143185257911682
2068,34.057000000029802,33.88862831145525,-117.25800001621246,-117.34818941354752,10.60000017285347,4.1208028793334961,3.0999999940395355,3.0102879703044891
646,35.557167053222656,34.020688459277153,-117.38516700267792,-117.84932152926922,3.5100004076957703,4.4827258586883545,3.7800000160932541,3.3380569517612457
1528,35.202999949455261,35.395237445831299,-118.60299998521805,-118.70221048593521,6.3000002503395081,6.9390714168548584,3.4999999701976776,3.0465753078460693
1267,33.006399989128113,32.444854736328125,-116.4342999458313,-116.62313532829285,14.599999990314245,2.1532416343688965,3,3.078639954328537
1899,32.654000043869019,32.28560471534729,-117.34600001573563,-117.10018759965897,5.9999996423721313,8.5463498532772064,3.2999999821186066,3.0541343092918396
562,35.912166953086853,35.781280517578125,-117.71200001239777,-117.32775419950485,2.0999997854232788,6.8251794576644897,3.3899999856948853,3.1209301650524139
189,35.934165954589844,35.809008240699768,-117.69750198721886,-117.80409175157547,1.4800000190734863,9.6795956790447235,3.2199999690055847,3.1216008067131042
1806,34.617999970912933,34.400414526462555,-116.28100001811981,-116.31334853172302,12.899999991059303,6.8362060189247131,3.2999999821186066,3.0836815237998962
975,33.147832989692688,32.858397006988525,-116.47916698455811,-116.69546830654144,11.13999992609024,4.514116644859314,3.9599999785423279,3.6203112602233887
2047,32.302999973297119,32.11920154094696,-117.87900000065565,-117.826281234622,11.200000047683716,7.353382408618927,3,3.0437865257263184
1082,34.363667011260986,34.25195124745369,-118.64933300018311,-118.51461327075958,10.289999842643738,3.8725733757019043,3.0999999940395355,3.0707354843616486
474,35.89033305644989,35.505569219589233,-117.72499999403954,-117.81152750551701,3.7799996137619019,7.0318087935447693,3.5699999928474426,3.0887317657470703
747,35.703999042510986,35.757339358329773,-117.50250199437141,-117.48982328176498,7.2699996829032898,3.1167107820510864,3.5999999642372131,3.130234032869339
2302,35.980000019073486,35.870334386825562,-117.85699999332428,-117.79679387807846,2.7000001072883606,7.5306196510791779,3.6999999582767487,3.1600790619850159
21,34.875167012214661,34.781705319881439,-117.39050000905991,-117.65974405407906,2.4000003933906555,4.5771074295043945,3.4999999701976776,3.1181073188781738
459,35.570498943328857,34.999746024608612,-117.51983600854874,-117.60465061664581,8.9000000059604645,5.7762980461120605,3.5200000405311584,3.0941225588321686
1184,33.788599997758865,33.622424989938736,-116.96739995479584,-117.01942759752274,16.899999976158142,4.3889451026916504,3.5999999642372131,3.189752608537674
2326,35.91100001335144,35.87790048122406,-117.8830000013113,-117.44319158792496,0.70000022649765015,6.1894583702087402,5.2000000029802322,4.2036873400211334
955,33.177833020687103,32.597554802894592,-116.02916705608368,-116.70079576969147,8.9000000059604645,4.1722047328948975,3.5600000023841858,3.2648397982120514
1215,33.569700002670288,33.551142364740372,-118.37000000476837,-118.21937310695648,18.200000077486038,4.6550515294075012,3.7999999970197678,3.1529031693935394
2441,34.819000005722046,34.359965533018112,-116.22000002861023,-116.57487034797668,5.9999996423721313,10.149339884519577,3.2999999821186066,3.0255855917930603
1515,34.479000002145767,34.089797757565975,-116.26699995994568,-116.27499973773956,8.3000001311302185,7.0901906490325928,3.0999999940395355,3.0224244296550751
2399,34.384999990463257,34.278576016426086,-119.02100002765656,-119.17858457565308,7.8000001609325409,0.324878990650177,3.0999999940395355,3.0403266549110413
769,35.771832942962646,35.979465007781982,-117.6178329885006,-117.52772864699364,2.5900000333786011,6.7538809776306152,4.2999999895691872,3.4685152173042297
1685,35.983100056648254,35.861603736877441,-117.29019999504089,-117.08273673057556,9.9999998509883881,8.0698290467262268,4.9000000208616257,3.2910155653953552
130,35.607833027839661,35.761143565177917,-117.47566699981689,-117.22798705101013,8.4800000488758087,7.4049398303031921,3.199999988079071,3.0483685433864594
2135,34.698000013828278,34.017334995791316,-116.30299997329712,-116.2695324420929,5.6000000238418579,9.436119943857193,3,3.0243225395679474
1482,32.983000040054321,32.399325251579285,-116.34700000286102,-116.67491841316223,14.299999997019768,5.2782896161079407,3.7999999970197678,3.1640160977840424
330,35.74683403968811,35.72666597366333,-117.5461660027504,-117.43989765644073,8.4999999403953552,6.337963342666626,3.4999999701976776,3.1872320473194122
1238,33.930699996650219,33.950024519115686,-117.94559999927878,-117.83728039264679,16.799999959766865,4.6861785650253296,3.6999999582767487,3.0745039880275726
466,35.951167941093445,35.824977517127991,-117.70483401417732,-117.58069416880608,1.9200003147125244,7.80443474650383,3.0999999940395355,3.0254766941070557
2169,34.052000001072884,33.891152836382389,-117.2509999871254,-117.47595995664597,15.200000004842877,4.3706309795379639,3,3.0487264394760132
1638,33.929499998688698,33.827153906226158,-118.30790001153946,-118.31620895862579,10.60000017285347,3.2955461740493774,3.7999999970197678,3.3133403062820435
1095,35.460667014122009,34.856516659259796,-119.97566699981689,-119.77150881290436,8.1499998271465302,2.2810882329940796,3.5099999606609344,3.0877200365066528
1130,35.473099946975708,35.460244178771973,-118.42519998550415,-118.51493269205093,9.0999998152256012,6.6821122169494629,3.199999988079071,3.1116347014904022
1294,32.888499975204468,32.925995588302612,-116.23450005054474,-117.00150638818741,11.200000047683716,4.1845124959945679,3.6999999582767487,3.0682048201560974
860,32.822832942008972,32.828215360641479,-118.48283299803734,-118.14868161082268,8.3800001442432404,6.5262427926063538,4.2999999895691872,3.6413206458091736
