event_id,true_latitude_deg,predicted_latitude_deg,true_longitude_deg,predicted_longitude_deg,true_depth_km,predicted_depth_km,true_magnitude,predicted_magnitude
1681,62.058300018310547,62.015528798103333,-149.55509997904301,-148.67127504944801,57.199999690055847,75.30299574136734,4.2999999895691872,3.8308065980672836
1591,61.107900001108646,61.016767425462604,-150.71299999952316,-150.22834584116936,19.900001585483551,62.638875097036362,3,3.5803871154785156
1469,61.480500012636185,61.70291143655777,-150.02059999946505,-148.71313878893852,37.299998104572296,69.602128118276596,3.199999988079071,3.4421712756156921
438,60.394299983978271,61.000363122671843,-152.80169999599457,-149.50757512450218,8.7599977850914001,75.653910636901855,3.3999999761581421,3.1170113682746887
1791,61.729200005531311,61.978062808513641,-149.45620000362396,-149.06180727481842,34.500002861022949,96.648508682847023,3,3.1348825693130493
1885,62.556100010871887,62.51326847076416,-151.19069999456406,-149.70284537225962,91.099999845027924,43.011397123336792,3.0999999940395355,3.4559738337993622
2063,62.932000041007996,62.932175755500793,-150.89400002360344,-150.25851590931416,108.4000002592802,42.926989495754242,3.0999999940395355,3.12579345703125
408,60.432699978351593,59.916364312171936,-152.7389999628067,-152.20719748735428,12.900002300739288,102.87816822528839,4.0999999791383743,3.8425322771072388
1281,61.486600011587143,61.625984609127045,-149.96449999976903,-149.52195717394352,44.39999908208847,47.506377100944519,3.0999999940395355,3.098307341337204
2084,61.220400005578995,61.360343784093857,-150.44609999656677,-150.34266069531441,52.599996328353882,93.638092279434204,3.199999988079071,3.1804479360580444
1755,59.805899977684021,59.757077932357788,-152.90010005235672,-151.92737638950348,104.90000061690807,37.77649998664856,3.5999999642372131,3.8206190764904022
495,60.009599983692169,59.711945056915283,-152.77179998159409,-152.08938431739807,91.299999505281448,47.759667038917542,3.0999999940395355,3.2348386645317078
1538,62.333899974822998,62.387506365776062,-149.60269998013973,-149.35202559828758,50.999999046325684,96.564685925841331,3.8999999910593033,3.9125199615955353
1929,61.444999992847443,60.602100044488907,-152.38630002737045,-151.46638163924217,143.89999955892563,73.369920253753662,3.199999988079071,3.4638447761535645
831,60.401400029659271,59.816879272460938,-151.63479995727539,-151.1865838766098,63.099998980760574,105.19146360456944,4.2999999895691872,3.5443465411663055
387,59.964499950408936,59.362948656082153,-151.96199995279312,-151.30921107530594,78.899998217821121,166.1006398499012,3.0999999940395355,3.2256084680557251
1541,60.902699999511242,60.71814501285553,-150.85970002412796,-150.45582729578018,34.699998795986176,79.3178491294384,3.2999999821186066,3.498654842376709
426,62.819900035858154,62.770950317382812,-148.37589991092682,-149.04190304875374,61.099998652935028,95.171442255377769,3.7999999970197678,3.471193939447403
168,62.925999999046326,62.807747364044189,-151.31189998984337,-150.7006244212389,107.40000009536743,89.899688959121704,3.3999999761581421,3.6858097314834595
1456,61.495000004768372,61.83800208568573,-149.92150000110269,-148.79431021213531,36.399997770786285,68.247504532337189,3.6999999582767487,3.6170098185539246
1569,62.326500058174133,62.493228673934937,-149.21699997782707,-149.2774745374918,37.500001490116119,111.47179454565048,3.0999999940395355,3.1566301882266998
351,62.865100026130676,62.766491055488586,-148.19699996709824,-148.83458331227303,66.599998623132706,96.145754680037498,3.8999999910593033,3.6498586535453796
1560,59.840000033378601,59.670354127883911,-152.83999997377396,-151.55439627170563,101.90000012516975,47.702550888061523,3.0999999940395355,3.4650285243988037
1845,61.347600013017654,61.299595654010773,-150.16159999743104,-149.37849976122379,16.999997198581696,59.392549097537994,3.199999988079071,3.0897427797317505
275,60.334699988365173,59.874775171279907,-151.43639999628067,-150.73170514404774,58.399997651576996,56.214332580566406,3.2999999821186066,3.5070061683654785
528,60.832800000905991,60.745909422636032,-150.61270000040531,-149.93274875544012,45.100003480911255,83.871114999055862,3.8999999910593033,3.4919385015964508
1623,62.800400018692017,62.809597134590149,-151.87959998846054,-150.54237878322601,8.7999999523162842,46.849176287651062,3.6999999582767487,3.8255749493837357
1990,62.003100037574768,61.748547434806824,-147.34790003299713,-147.47690445184708,34.999996423721313,67.884787917137146,3.7999999970197678,3.6744403839111328
680,59.458500027656555,59.446860432624817,-152.10459995269775,-151.7233402132988,64.19999897480011,124.42717357771471,3.4999999701976776,3.2512389421463013
29,61.30579999089241,61.106995232403278,-152.26009994745255,-151.84497177600861,8.299998939037323,117.77403950691223,3,3.1039271056652069
596,62.928300023078918,62.801144957542419,-148.32270008325577,-148.93159183859825,71.899998933076859,109.89087447524071,4.2999999895691872,4.0787106156349182
281,59.872099995613098,59.430298566818237,-152.89649999141693,-151.64008319377899,94.000000506639481,78.783642500638962,3,3.5156049728393555
1612,59.27020001411438,59.237274408340454,-152.72300004959106,-151.72378242015839,86.19999885559082,60.454480350017548,3.2999999821186066,3.2301210165023804
1298,61.465000003576279,61.52498060464859,-150.04760000109673,-149.58193422853947,20.599998533725739,55.471405386924744,3.0999999940395355,3.126916766166687
1465,61.419200003147125,61.941450774669647,-150.0817000027746,-148.81817561388016,37.199996411800385,56.462362408638,3.199999988079071,3.4758703708648682
1817,60.371399998664856,59.972322225570679,-152.22630000114441,-151.03891092538834,88.599998503923416,75.554303824901581,3.199999988079071,3.2275472581386566
1564,61.457800000905991,61.378923773765564,-150.96860003471375,-150.46204215288162,63.400000333786011,58.968298137187958,3.0999999940395355,3.2815755307674408
432,62.979200005531311,62.806880354881287,-150.42499999701977,-150.29926887899637,101.29999928176403,85.057318210601807,4.8000000044703484,4.743532195687294
1567,61.404100000858307,61.437885075807571,-150.88730004429817,-150.43122294545174,61.999998986721039,53.531065583229065,4.1999999955296516,3.9480841308832169
231,61.211600005626678,61.099460296332836,-151.21729999780655,-150.39111828804016,61.300002038478851,64.277205616235733,3,3.1154815256595612
1849,59.863700032234192,59.304502248764038,-152.93080008029938,-151.55637466907501,98.799999803304672,49.108661711215973,3.7999999970197678,3.7879900485277176
2110,61.987399995326996,62.234852075576782,-149.86989999935031,-149.9949042100925,40.799997746944427,36.70009970664978,3.0999999940395355,3.0726859867572784
2197,61.668299973011017,61.759294927120209,-149.4961000084877,-149.4135530591011,38.699999451637268,54.025739431381226,3,3.060824990272522
111,60.533600002527237,60.137095034122467,-152.97849994897842,-151.96887427568436,130.10000018402934,71.391340345144272,3.0999999940395355,3.1713480949401855
1490,61.362500011920929,61.202690199017525,-150.05460000224411,-147.71431589126587,31.000003218650818,59.796735644340515,3.4999999701976776,3.5037726759910583
1669,60.144400000572205,60.504695415496826,-147.11970001459122,-147.39185357093811,17.099998891353607,64.156800508499146,3.0999999940395355,3.3152888417243958
2116,62.700199961662292,62.656481862068176,-149.18130004405975,-149.12588596343994,64.500000327825546,78.811977058649063,3.0999999940395355,3.153738409280777
1602,59.232499957084656,59.090023279190063,-151.98409992456436,-151.18997427821159,50.800003111362457,157.11935609579086,4.2999999895691872,3.7255407571792603
1823,62.152500033378601,62.254459142684937,-151.19839999079704,-150.39438115060329,13.999998569488525,49.063235521316528,3.2999999821186066,3.6013873815536499
617,60.803800001740456,60.857279345393181,-147.76469993591309,-147.94752323627472,9.8000019788742065,101.82035155594349,3.3999999761581421,3.6643926501274109
1561,61.702600002288818,61.86464661359787,-152.0275000333786,-150.97807815670967,111.9999997317791,57.422712445259094,3,3.3140267729759216
1316,61.476700007915497,61.567728817462921,-149.93800000101328,-149.48304337263107,41.4000004529953,57.397052645683289,3.3999999761581421,3.599888026714325
926,62.865000009536743,62.691556811332703,-148.15339994430542,-148.89767968654633,70.099998265504837,61.261497437953949,4.0999999791383743,3.7804356515407562
1644,61.587400019168854,61.707489907741547,-150.60149998962879,-150.17184841632843,7.7999979257583618,61.981990933418274,3.3999999761581421,3.5364813208580017
2195,62.406200051307678,62.446610450744629,-148.13730007410049,-148.10205924510956,44.200003147125244,91.516256332397461,3.0999999940395355,3.1462345719337463
923,61.780099987983704,61.755342602729797,-149.9836000003852,-149.51678386330605,39.499998092651367,53.551025688648224,3.0999999940395355,3.1830633580684662
2175,62.057500004768372,62.222063302993774,-149.82429999858141,-149.87725401297212,34.999996423721313,69.408632814884186,3.199999988079071,3.2633585929870605
1410,61.38730001449585,61.3788021504879,-149.92120000161231,-149.27921207249165,41.199997067451477,63.17804753780365,3.6999999582767487,3.6164407432079315
1244,61.489199995994568,61.590275883674622,-149.90110000222921,-149.61286604404449,37.199996411800385,55.060125887393951,3,3.0668010413646698
1709,62.228399991989136,62.484407186508179,-151.37139996886253,-150.34531398117542,86.500000208616257,64.949117600917816,3.9999999850988388,4.1968670636415482
939,62.741899967193604,62.82584547996521,-151.87410002946854,-150.8941313624382,10.700002312660217,108.24737139046192,3.3999999761581421,3.6589769124984741
1737,61.493600010871887,61.74453991651535,-151.29699996113777,-150.61320443451405,16.00000262260437,58.852806687355042,3.4999999701976776,3.6783944070339203
1536,62.034800052642822,62.045453310012817,-149.83729999512434,-149.34686949849129,38.40000182390213,96.009731292724609,3.4999999701976776,3.7112300992012024
134,61.98470002412796,62.209811210632324,-150.72200001776218,-150.3396071344614,59.699997305870056,53.49026620388031,3.0999999940395355,3.5816417634487152
179,60.680400013923645,60.082724511623383,-151.73360002040863,-150.77733716368675,75.39999857544899,68.939100950956345,3.199999988079071,3.2984749674797058
96,59.854599952697754,59.439533710479736,-152.77229994535446,-152.10775637626648,103.19999977946281,57.901620864868164,3.5999999642372131,3.6474382281303406
367,60.257799983024597,59.743245959281921,-152.15779995918274,-151.00109428167343,92.300001531839371,91.567102819681168,3.199999988079071,3.3138510882854462
1723,61.834299981594086,61.66587895154953,-147.93030005693436,-147.84362161159515,23.199997842311859,68.098459392786026,4.1999999955296516,4.198584571480751
2092,62.174299955368042,62.450244307518005,-149.37029998004436,-149.12830218672752,40.200002491474152,96.473449841141701,3.2999999821186066,3.1840613186359406
2007,60.521200001239777,60.062572777271271,-152.18340003490448,-151.37097609043121,91.600000858306885,58.035328984260559,3.0999999940395355,3.0621245205402374
943,61.387800008058548,61.636107921600342,-149.92220000177622,-149.81937966495752,41.299998760223389,116.0888560116291,3.199999988079071,3.5765941143035889
321,61.902599990367889,61.9196617603302,-149.24750000238419,-149.06170597672462,4.1999965906143188,96.885951235890388,3.199999988079071,3.0785059332847595
433,60.548599988222122,62.790830492973328,-150.73500001430511,-150.29638496786356,41.000001132488251,87.977029383182526,3.7999999970197678,4.7694476097822189
1494,61.433099985122681,61.275758892297745,-149.978900000453,-149.44367082417011,32.399997115135193,71.772821247577667,3.2999999821186066,3.5562439262866974
585,61.256500005722046,61.322949200868607,-150.43390001356602,-149.98274518176913,44.39999908208847,92.917613685131073,3.0999999940395355,3.3637087941169739
1563,59.3125,59.164152860641479,-151.24160000681877,-151.16481193900108,45.400001108646393,159.00374576449394,4.2999999895691872,3.4038019180297852
2015,59.545300006866455,59.174821972846985,-152.53859996795654,-151.11992087960243,80.499999225139618,67.400164902210236,3.5999999642372131,3.3302570879459381
360,59.52400004863739,59.155410766601562,-151.05189996957779,-150.96532344818115,50.099998712539673,155.2748829126358,3.199999988079071,3.2670145332813263
196,59.48360002040863,59.176566600799561,-151.59769999980927,-151.04428204894066,45.000001788139343,94.948954880237579,3.2999999821186066,3.5757609307765961
1588,59.438400030136108,59.329579830169678,-152.97870004177094,-151.94412159919739,88.799998164176941,44.638916850090027,3,3.1644732356071472
427,59.720299959182739,59.311171889305115,-151.04060000181198,-150.90764924883842,45.999996364116669,116.05936009436846,3.8999999910593033,3.5595025420188904
2166,59.946099996566772,59.675448894500732,-152.80650007724762,-151.79935598373413,92.500001192092896,90.176735073328018,3,3.0433542430400848
1216,60.993199999909848,60.825573712587357,-150.94459998607635,-150.43057157099247,41.4000004529953,78.97268608212471,3,3.1946116983890533
73,59.868899941444397,59.857255697250366,-152.78460001945496,-152.25808793306351,96.300000324845314,57.07019567489624,3,3.1715787649154663
233,60.344500005245209,59.99437403678894,-150.71809999644756,-150.49677215516567,65.49999862909317,53.776964545249939,3.3999999761581421,3.4612292647361755
353,60.271200001239777,59.739491820335388,-152.50340008735657,-151.30709275603294,95.100000500679016,87.226971983909607,3.7999999970197678,3.7671797275543213
1671,59.254400014877319,59.146296858787537,-152.56010001897812,-151.03354740142822,63.999999314546585,95.93086875975132,3.9999999850988388,3.6917067468166351
332,62.265499949455261,62.065265893936157,-147.27060002088547,-147.83100664615631,21.499998867511749,38.58320415019989,3.199999988079071,3.2121012210845947
1892,60.716399997472763,60.277683436870575,-150.57719998061657,-149.97963291406631,45.299999415874481,62.093265354633331,3.199999988079071,3.144758552312851
416,62.109300017356873,61.896239042282104,-149.65040000528097,-149.16195890307426,45.699998736381531,82.000929862260818,3.2999999821186066,3.7842742949724197
2019,59.928699970245361,59.581880450248718,-152.84530001878738,-151.49102103710175,93.400001525878906,57.69626796245575,3.0999999940395355,3.0964874625205994
1549,60.431599974632263,60.486034691333771,-147.36639994382858,-147.76044470071793,4.5000016689300537,71.835510432720184,3.7999999970197678,3.8113521337509155
1731,62.012500047683716,61.925755023956299,-150.01890000002459,-149.39716757833958,42.000003159046173,45.52873969078064,3.3999999761581421,3.6681899428367615
1917,60.870000004768372,60.733537942171097,-147.4481999874115,-147.55995815992355,34.999996423721313,38.264289498329163,3,3.212548166513443
361,61.066699996590614,60.498608827590942,-152.22259998321533,-151.53751641511917,112.59999964386225,78.492853790521622,5.0000000149011612,4.6729775257408619
1736,61.441900014877319,61.445246994495392,-151.35940003395081,-150.35204842686653,86.899999529123306,51.02856457233429,3.2999999821186066,3.491529107093811
100,60.715299993753433,60.378913164138794,-151.55619996786118,-150.86002671718597,74.09999892115593,37.098497152328491,3.2999999821186066,3.5731655359268188
1134,61.419699996709824,61.255748182535172,-149.84820000082254,-148.98801398277283,39.300002157688141,73.671791702508926,3.6999999582767487,3.8172107040882111
1716,60.145399987697601,59.708173871040344,-152.45990002155304,-151.35158863663673,84.300000220537186,90.172100812196732,3.4999999701976776,3.5682987570762634
2137,59.829399943351746,59.225387573242188,-152.21830004453659,-151.35899206995964,68.999998271465302,87.603121995925903,3.199999988079071,3.0758870244026184
1301,61.44200000166893,61.612443268299103,-150.00539999990724,-149.50712393224239,34.699998795986176,48.307940363883972,3.0999999940395355,3.1909437775611877
368,60.007600009441376,59.444123506546021,-152.5164999961853,-151.43751588463783,94.299999997019768,82.571405917406082,3,3.1648899614810944
817,59.34660005569458,59.147805213928223,-152.07209998369217,-151.45827957987785,54.999999701976776,117.4446502700448,3.6999999582767487,3.7446474730968475
70,60.311999976634979,59.831968784332275,-152.30010008811951,-151.42419987916946,85.799999535083771,72.718363255262375,4.2999999895691872,4.1662710607051849
632,62.667899966239929,62.650641322135925,-149.6532000079751,-149.37623664736748,25.499999523162842,112.12117876857519,3.6999999582767487,3.6021239161491394
414,61.141200006008148,61.184094667434692,-149.22699996829033,-148.88225063681602,28.3999964594841,95.718737691640854,3.0999999940395355,3.2885457873344421
1654,60.555200010538101,60.685368716716766,-147.43029999732971,-147.9414142370224,16.599997878074646,84.820304065942764,5.3000000417232513,4.5379714295268059
1864,60.758599996566772,60.120196759700775,-151.73900002241135,-150.45482665300369,75.300000607967377,59.807643294334412,3.5999999642372131,3.670491635799408
1641,62.452700018882751,62.606736898422241,-151.42709997296333,-150.46247631311417,83.500001579523087,49.425616860389709,3,3.3138648569583893
1094,61.545199990272522,61.726662397384644,-151.67929995059967,-150.77086561918259,87.600000202655792,56.361228227615356,3.6999999582767487,3.7729390561580658
240,61.948599994182587,61.964130997657776,-149.30300000309944,-148.98271840810776,43.399997055530548,61.867788434028625,3.8999999910593033,3.7621707022190094
2127,60.109499990940094,59.782786130905151,-152.95029991865158,-152.25954061746597,127.40000011399388,58.164745569229126,4.0999999791383743,3.6449182033538818
1284,61.467799991369247,61.550477683544159,-149.9529000017792,-149.34080019593239,41.100002825260162,65.828416496515274,3.8999999910593033,4.0439065843820572
383,60.200299978256226,59.663475036621094,-151.72589993476868,-151.16536206007004,67.000001668930054,155.88260255753994,3.3999999761581421,3.4743359684944153
254,60.958700001239777,60.134464979171753,-151.76319998502731,-150.55738927423954,78.699998557567596,65.164349973201752,3,3.1376462280750275
1009,61.321599990129471,61.304552465677261,-150.07500000111759,-149.6091216802597,40.899999439716339,75.423110276460648,4.0999999791383743,3.7446221709251404
1702,60.423399984836578,60.526742339134216,-147.33479994535446,-147.88905251026154,20.000003278255463,69.061748683452606,4.3999999947845936,3.8614291548728943
1553,61.772800028324127,61.865475118160248,-151.38330003619194,-150.52939192950726,73.69999960064888,49.852102994918823,3.0999999940395355,3.4788175821304321
109,60.517100006341934,60.085885286331177,-151.80330008268356,-151.06080320477486,67.000001668930054,94.262992963194847,3.6999999582767487,3.8337490260601044
1911,61.992299973964691,61.931180000305176,-149.5569000095129,-149.01107338070869,41.699998080730438,43.405875563621521,3.9999999850988388,4.036160409450531
1513,62.739799976348877,62.861444354057312,-150.6327999830246,-149.96464399807155,81.799998879432678,39.953820407390594,3.0999999940395355,3.3949559926986694
67,61.018300000578165,61.035274039953947,-148.28299999237061,-148.19744610786438,31.800001859664917,64.413227140903473,3.8999999910593033,3.5458245277404785
705,59.502699971199036,59.277361392974854,-152.6013999581337,-151.30386471748352,83.299998193979263,59.072397649288177,3.7999999970197678,3.7206980288028717
1448,61.434799998998642,61.379230082035065,-149.92339999973774,-149.42430737614632,34.000001847743988,62.730621546506882,3.7999999970197678,3.5317079722881317
1337,61.446599990129471,60.900257311761379,-149.94030000083148,-149.69999617338181,32.099999487400055,62.688518315553665,3.3999999761581421,3.3700937032699585
561,60.121999979019165,60.082495450973511,-148.38419991731644,-148.43443930149078,25.899998843669891,59.927359223365784,3.3999999761581421,3.5325979292392731
282,61.289499998092651,61.175963222980499,-149.59009999036789,-149.14045438170433,35.599999129772186,67.676972597837448,4.5,4.2421521618962288
1927,62.343600034713745,62.436184167861938,-148.09389996528625,-148.18463838100433,39.899997413158417,74.099127203226089,3.0999999940395355,3.2835313975811005
1175,61.298099994659424,61.293699234724045,-150.08349999971688,-149.77886921167374,20.099997520446777,86.217474192380905,3.199999988079071,3.1322837769985199
1017,60.508799999952316,60.519125521183014,-149.51170000433922,-149.53027734160423,31.499996781349182,45.917846262454987,3.0999999940395355,3.1714569926261902
1835,59.948899984359741,59.941283941268921,-148.91909998655319,-149.49160695075989,10.999999940395355,60.287244617938995,3.4999999701976776,3.4936576187610626
1128,61.379400014877319,61.313979625701904,-147.21280002593994,-147.57153654098511,9.9999979138374329,62.716558575630188,3.5999999642372131,3.8897679895162582
2057,59.329100012779236,59.167117953300476,-152.60360008478165,-151.1011660695076,70.000000298023224,57.33199417591095,3.0999999940395355,3.1229662299156189
1770,59.581900000572205,59.193861961364746,-152.62129998207092,-151.04959791898727,80.899998545646667,104.70578819513321,3.5999999642372131,3.3492071628570557
184,62.787299990653992,62.875550866127014,-148.91499996185303,-149.12194874882698,9.1999992728233337,60.006886720657349,3.0999999940395355,3.1201461553573608
1287,61.431499987840652,61.494570463895798,-149.97119999863207,-149.62156511843204,20.199999213218689,45.929327607154846,3.199999988079071,3.3142001330852509
905,60.907799996435642,60.882204443216324,-151.25380003452301,-151.09146416187286,68.900000303983688,91.503750532865524,3.4999999701976776,3.408374547958374
1786,59.751199960708618,59.296555042266846,-152.54210007190704,-151.05254584550858,83.999998867511749,96.292855218052864,3,3.1797398328781128
1132,60.069700002670288,59.653632402420044,-152.50239998102188,-151.0293048620224,95.69999948143959,111.28527950495481,3.2999999821186066,3.1951055824756622
507,61.483799993991852,61.434491753578186,-149.78100000321865,-149.44101329147816,30.799999833106995,71.010466665029526,3.7999999970197678,3.7312867641448975
1010,61.474400013685226,61.29490339756012,-150.11180000379682,-149.67459312826395,32.300002872943878,81.950679421424866,3.0999999940395355,3.3567219972610474
251,59.805600047111511,59.328234910964966,-152.6340000629425,-151.36026218533516,87.200000882148743,115.00617302954197,3.4999999701976776,3.6176086664199829
1036,61.541100025177002,59.200467467308044,-151.78359997272491,-152.78810745477676,51.500000059604645,88.529117405414581,3.7999999970197678,3.5400630533695221
1778,59.242900013923645,59.273151874542236,-152.79370003938675,-151.84160721302032,84.100000560283661,41.033625602722168,3.0999999940395355,3.1485507488250732
1083,61.404100000858307,61.328578144311905,-149.96349999960512,-149.34219758212566,19.599996507167816,58.266453444957733,3.2999999821186066,3.1230144202709198
1233,61.450399994850159,61.508253335952759,-150.07719999924302,-149.64098909497261,19.599996507167816,60.826234519481659,3.199999988079071,3.1449841260910034
135,62.557500004768372,62.627299189567566,-149.2165000140667,-149.30321270227432,66.500000655651093,109.93506852537394,3.3999999761581421,3.6570239067077637
1854,61.126499995589256,61.059035673737526,-149.17490002512932,-148.73936846852303,35.099998116493225,105.70040717720985,3.7999999970197678,3.8725588023662567
1953,59.805999994277954,59.432816982269287,-152.99469995498657,-152.04217207431793,100.60000047087669,30.318886041641235,3,3.3032160401344299
527,60.768999993801117,60.908180452883244,-149.61359998583794,-149.46184574067593,26.900000870227814,80.260273069143295,3.4999999701976776,3.5349891185760498
247,61.750199973583221,61.901592552661896,-150.44970001280308,-149.60983908176422,59.10000205039978,70.124179124832153,3.2999999821186066,3.570447564125061
350,62.153499960899353,62.430561661720276,-152.09209996461868,-150.28735540062189,104.6999990940094,51.541894674301147,3,3.1155975759029388
859,60.887199997901917,60.790776535868645,-149.08599999547005,-148.45251095294952,28.200000524520874,92.863801866769791,4.1999999955296516,3.9712913185358047
1761,59.667999982833862,59.113679051399231,-152.12520003318787,-150.99795439839363,63.299998641014099,135.40840428322554,3,3.1631782650947571
1575,62.902600049972534,62.829075574874878,-150.75720003247261,-150.04390552081168,90.599998831748962,57.489350438117981,4.5,3.9853947758674622
1113,61.468199998140335,61.189779952168465,-149.96069999970496,-148.85266050696373,37.600003182888031,75.44274628162384,4.3999999947845936,4.1300678104162216
1752,59.945799946784973,59.754441976547241,-152.66810005903244,-150.98503312468529,87.699998170137405,77.992063015699387,4.0999999791383743,3.9843096435070038
1444,61.350400000810623,60.954359449446201,-150.08149999938905,-149.66257133334875,33.299997448921204,68.267002701759338,3.2999999821186066,3.2719811797142029
1412,61.402300000190735,61.336701720952988,-150.05790000222623,-149.34975180029869,40.899999439716339,58.955498039722443,3.7999999970197678,3.3950652480125427
128,61.92059999704361,62.256129145622253,-150.54399999976158,-150.17241722345352,58.600001037120819,52.240006625652313,3.3999999761581421,3.4233595132827759
1502,61.283300012350082,61.465760499238968,-149.90819999948144,-149.6006471067667,45.800000429153442,90.945687144994736,4.9000000208616257,3.6672481298446655
2036,61.120999999344349,60.996507428353652,-151.47699996829033,-150.93462011218071,67.899998277425766,66.990986466407776,3.0999999940395355,3.1149261295795441
1263,61.489499986171722,61.58449798822403,-149.89710000157356,-149.2064456641674,40.600001811981201,63.438042998313904,3.7999999970197678,3.9301988035440445
1151,61.534099996089935,61.291441261768341,-149.96970000118017,-148.96744537353516,36.799997091293335,54.850123822689056,3.0999999940395355,3.19626384973526
941,62.914499998092651,62.891908049583435,-151.25610002875328,-150.72218142449856,115.79999979585409,92.851221561431885,3.0999999940395355,3.262839674949646
51,61.508599996566772,61.481898844242096,-149.94270000234246,-149.39407320320606,12.100003659725189,53.680002689361572,3.0999999940395355,3.2480833232402802
857,59.568699955940247,59.123565196990967,-152.66970008611679,-151.61599588394165,71.499999612569809,99.405627697706223,3.6999999582767487,3.5324957370758057
694,61.342299997806549,61.182154268026352,-149.97990000061691,-149.13720998167992,43.799996376037598,69.419063627719879,4.8000000044703484,4.1401795819401741
1114,61.988600015640259,59.796038389205933,-149.37950000166893,-150.22160229831934,6.7000016570091248,79.571899026632309,3.4999999701976776,3.0144695341587067
552,60.005900025367737,60.036851704120636,-152.94309997558594,-152.52201944589615,112.30000015348196,48.340611159801483,3.2999999821186066,3.4369697570800781
1592,62.600000023841858,62.652586102485657,-151.17389997839928,-150.41065067052841,89.000001549720764,61.132311820983887,3,3.1925969123840332
599,60.141499996185303,59.799179315567017,-151.49020001292229,-151.29056864976883,45.19999772310257,161.79792582988739,4.9000000208616257,4.5960518717765808
771,60.354300022125244,59.957812547683716,-152.75760000944138,-151.88734102249146,127.89999996311963,82.203049212694168,3.199999988079071,3.4994911551475525
678,59.595100045204163,59.446282386779785,-152.67900002002716,-151.64311122894287,81.90000057220459,60.799017548561096,3.6999999582767487,3.8315033465623856
290,61.276800006628036,61.243113502860069,-150.10300000011921,-149.38089796900749,38.699999451637268,58.768577873706818,3.5999999642372131,3.577689528465271
1102,62.054999947547913,61.909243583679199,-148.70269998908043,-148.82209450006485,39.599999785423279,74.834719300270081,3.2999999821186066,3.3978642225265503
1509,60.996100000105798,60.762412190437317,-151.10960000753403,-150.42742426693439,1.5999972820281982,46.605378389358521,3,3.129951149225235
486,59.784199953079224,59.502567529678345,-152.208899974823,-151.52026838064194,71.199998259544373,67.047674208879471,3.0999999940395355,3.6216437816619873
1487,61.522599995136261,61.647050440311432,-149.91999999806285,-148.42919397354126,37.399999797344208,74.513502418994904,3.199999988079071,3.5020060837268829
2196,59.340999960899353,59.156045198440552,-152.30690002441406,-151.17619729042053,78.699998557567596,59.650279581546783,3.199999988079071,3.1905252635478973
554,61.403699994087219,61.413811266422272,-150.09939999505877,-149.63736046850681,37.799999117851257,67.197710275650024,3.4999999701976776,3.5830872058868408
1742,61.281100004911423,61.26806178689003,-151.21399998664856,-150.59199933707714,81.799998879432678,66.847693175077438,3.3999999761581421,3.594136655330658
382,59.738600015640259,59.206772923469543,-151.9514000415802,-151.68355804681778,57.599999010562897,176.51387676596642,3.2999999821186066,3.1765412986278534
1646,60.896799996495247,60.682083040475845,-150.61360001564026,-149.86902686208487,127.0000000949949,86.566556245088577,3.0999999940395355,3.0622990429401398
1454,61.416599988937378,61.307859271764755,-150.072400001809,-149.50379629433155,42.700000107288361,52.641555666923523,3.9999999850988388,3.5536133050918579
1855,59.788100004196167,59.240311861038208,-152.65280002355576,-151.05283266305923,83.799999207258224,55.971480906009674,3,3.2453806400299072
298,60.254599988460541,59.983243346214294,-151.15539997816086,-150.47164191305637,57.300001382827759,71.246568113565445,3.199999988079071,3.1031603515148163
1468,61.41499999165535,61.62817120552063,-150.08590000122786,-148.69940337538719,30.400000512599945,58.838672935962677,3,3.4825401306152344
636,60.22460001707077,59.577029228210449,-151.81849998235703,-151.04681816697121,69.299999624490738,80.034889280796051,4.2999999895691872,4.0489758253097534
1950,60.021399974822998,59.911867618560791,-152.99139994382858,-152.71522611379623,114.59999997168779,50.259947776794434,3.0999999940395355,3.4029507637023926
1745,62.226999998092651,62.218837022781372,-149.34510000050068,-148.99381121993065,41.699998080730438,79.045102000236511,4.1999999955296516,4.113998606801033
1677,61.789399981498718,61.794965267181396,-150.78479996323586,-149.934486374259,58.799996972084045,55.068299174308777,3.199999988079071,3.6140366792678833
303,59.919700026512146,59.769040584564209,-151.76859998703003,-151.32007473707199,54.600000381469727,134.92785859853029,3.4999999701976776,3.3965468108654022
1395,61.385800004005432,61.32637158036232,-149.99660000007134,-149.24469128251076,41.500002145767212,57.419970631599426,3.7999999970197678,3.4567901194095612
952,59.595499992370605,59.270099401473999,-152.88850003480911,-151.2085380256176,83.5999995470047,39.70634937286377,3,3.1446576118469238
1782,62.008299946784973,61.849058032035828,-152.38979995250702,-151.13243794441223,141.89999923110008,70.800911635160446,4.3999999947845936,4.5705263558775187
482,61.662599980831146,61.814006745815277,-151.80260002613068,-150.85960265994072,101.09999962151051,66.67676568031311,3,3.0959443151950836
188,62.14680004119873,62.453203201293945,-152.58319991827011,-151.7393394112587,0.90000033378601074,106.13333433866501,3.0999999940395355,3.2283753454685211
1724,61.721599996089935,61.751248300075531,-148.16829997301102,-147.97114634513855,0.10000169277191162,82.596275955438614,3.199999988079071,3.2220956683158875
849,59.94570004940033,59.262717723846436,-152.8332000374794,-151.56448352336884,98.799999803304672,53.514577448368073,3.199999988079071,3.2796124219894409
1978,62.530699968338013,62.541391372680664,-151.25909999012947,-150.40699137747288,85.799999535083771,73.748085647821426,3.199999988079071,3.6815242767333984
1034,61.501699984073639,61.352356433868408,-149.91820000112057,-149.72892006486654,38.199998438358307,94.276180490851402,3.0999999940395355,3.3404157757759094
1283,61.328399986028671,61.385813146829605,-149.97159999981523,-149.38142471015453,32.300002872943878,65.424133092164993,3.3999999761581421,3.4508995413780212
764,62.010400056838989,61.822100579738617,-150.01359999971464,-149.23908331990242,42.099997401237488,108.39354433119297,4.6000000052154064,4.1117284744977951
729,62.159199953079224,62.009560465812683,-149.36019998788834,-149.04406535625458,38.900002837181091,56.595578789710999,3.5999999642372131,3.6016339659690857
48,60.254599988460541,59.848935604095459,-151.0911999642849,-150.49061957001686,56.400001049041748,108.43143798410892,3.8999999910593033,3.8700145483016968
1598,61.548399984836578,61.554332613945007,-149.9427999984473,-149.51192633807659,48.100002110004425,53.743347525596619,3.9999999850988388,3.8675193339586258
218,59.441900014877319,59.264529943466187,-152.68789994716644,-151.45531350374222,72.39999994635582,50.577506422996521,3.0999999940395355,3.3139760792255402
479,61.837700009346008,61.762480497360229,-150.76629996299744,-149.82949910312891,64.399998635053635,85.1551853120327,3.5999999642372131,3.677782416343689
944,60.603899985551834,60.162411510944366,-152.29419994354248,-150.68023391067982,104.00000028312206,41.007168591022491,4.0999999791383743,4.3147971667349339
1832,61.91949999332428,62.199050188064575,-151.74770003557205,-150.54481914639473,99.700000137090683,74.478674679994583,3.8999999910593033,4.0565401911735535
120,62.921700000762939,62.898475766181946,-151.29420000314713,-150.40824173390865,120.39999989792705,49.10772293806076,3.0999999940395355,3.1712763011455536
1900,60.062300026416779,59.517626047134399,-151.44969999790192,-150.76559633016586,79.599998891353607,114.87960536032915,3.0999999940395355,3.1146855354309082
211,62.395099997520447,62.317600250244141,-151.07119998335838,-150.60929569602013,73.800001293420792,57.071231305599213,3,3.1763693690299988
707,61.736800014972687,61.441033929586411,-149.76380000263453,-149.14877825975418,43.49999874830246,53.421162068843842,3,3.0450772047042847
721,62.885900020599365,62.88965117931366,-149.95250000059605,-149.64844932407141,79.199999570846558,82.780186086893082,3.7999999970197678,3.6691142320632935
56,59.027699947357178,59.127415895462036,-151.19000002741814,-151.40846112370491,28.899997472763062,112.52793204039335,3.199999988079071,3.1193128824234009
1307,61.325399994850159,61.276229977607727,-150.00490000017453,-149.33532603085041,33.900000154972076,65.447553992271423,3,3.0569959580898285
1619,61.687399983406067,61.694639027118683,-149.84329999610782,-149.28098751604557,28.700001537799835,72.683583945035934,3.4999999701976776,3.6765156984329224
1261,61.452600002288818,61.426849216222763,-149.95689999964088,-149.50586906075478,41.699998080730438,49.971245229244232,3,3.1586408615112305
1735,60.612300008535385,60.601144969463348,-148.90229997038841,-148.83149635791779,27.999997138977051,87.436996400356293,3.2999999821186066,3.3189266324043274
289,62.173799991607666,62.213184595108032,-151.10850003361702,-150.38633269071579,72.900000959634781,82.8675776720047,3.6999999582767487,4.0151021629571915
1909,60.635399997234344,60.589285641908646,-148.64659997820854,-148.60292011499405,16.699999570846558,82.51398429274559,3.199999988079071,3.1507784128189087
1546,62.708299994468689,62.630097985267639,-149.36289998888969,-149.09184461832047,55.799998342990875,68.438049405813217,3.0999999940395355,3.412245512008667
485,62.968899965286255,62.817867755889893,-150.40940000116825,-149.57392103970051,99.300000816583633,29.505819082260132,3,3.1653422713279724
1718,60.038900017738342,59.594717741012573,-152.88300007581711,-151.79964065551758,106.00000061094761,51.127567887306213,3.199999988079071,3.2592260241508484
535,61.798699975013733,62.052684783935547,-151.79989993572235,-151.11529514193535,107.99999907612801,95.430813729763031,4.1999999955296516,4.7581301629543304
1334,61.386900007724762,61.360365331172943,-150.00710000004619,-149.41609159111977,34.000001847743988,68.891864269971848,3.6999999582767487,3.7162874042987823
297,62.805600047111511,62.770956158638,-148.96979999542236,-149.18910080194473,65.699998289346695,91.419801115989685,3,3.1258276104927063
1583,62.013399958610535,62.079818487167358,-149.58820000290871,-149.27091027796268,34.400001168251038,77.368054538965225,3.3999999761581421,3.6176733076572418
668,62.46399998664856,62.363424181938171,-148.26639997959137,-148.45264041423798,21.499998867511749,110.13896390795708,3.3999999761581421,3.529990553855896
259,62.891899943351746,62.841686725616455,-149.02940002083778,-149.3351626843214,63.099998980760574,68.52441281080246,3.0999999940395355,3.1274566948413849
2042,60.985500000417233,60.742895424365997,-150.91429996490479,-150.32219635695219,20.800001919269562,86.066629737615585,3.6999999582767487,3.4199904799461365
519,62.94350004196167,62.866775512695312,-151.26309996843338,-150.18070906028152,104.80000078678131,31.752802431583405,3.0999999940395355,3.2515701055526733
1179,59.414700031280518,59.559548616409302,-149.067999958992,-150.2561264410615,20.000003278255463,71.093544363975525,3.9999999850988388,3.4541069269180298
1861,61.058100000023842,60.874358996748924,-150.19580000638962,-149.62039379775524,52.699998021125793,82.46501162648201,3.3999999761581421,3.4948072135448456
1027,61.516200006008148,61.29468509554863,-149.9096000008285,-149.11478385329247,38.599997758865356,56.988820433616638,3,3.0658041536808014
1684,62.18939995765686,61.94805496931076,-147.75870001316071,-147.74690008163452,15.900000929832458,60.398370027542114,3.199999988079071,3.0824150741100311
1576,62.841899991035461,62.796291351318359,-148.36409997940063,-148.48395878076553,64.500000327825546,98.592048510909081,3.9999999850988388,3.9278442710638046
44,61.288700014352798,62.189528942108154,-152.27660000324249,-152.54908186197281,6.5999999642372131,128.02276317961514,3.199999988079071,3.042705774307251
163,61.948099970817566,61.645783662796021,-149.55289998650551,-149.04953598976135,55.900000035762787,54.860718548297882,3.2999999821186066,3.4871853590011597
1336,61.462000012397766,61.554417192935944,-149.94779999926686,-149.5468375235796,39.70000147819519,53.594648838043213,3.4999999701976776,3.6169850528240204
1841,61.474799990653992,61.259462833404541,-147.20110005140305,-147.41726160049438,21.499998867511749,36.996394395828247,3.8999999910593033,3.9112219512462616
1810,62.189599990844727,62.290639042854309,-149.98130000056699,-149.39747951924801,16.199998557567596,77.323749661445618,3.0999999940395355,3.2021251022815704
192,61.921999990940094,62.201984882354736,-150.90960001945496,-150.24396528303623,66.500000655651093,71.751203387975693,3.9999999850988388,3.9922814816236496
1572,61.426800012588501,61.520826041698456,-151.14629995822906,-150.40686137974262,50.700001418590546,86.483880877494812,3.5999999642372131,3.7732695043087006
1780,61.898899972438812,61.887699604034424,-152.09930008649826,-150.94846951961517,125.60000002849847,79.194203019142151,3.4999999701976776,3.5193280577659607
695,60.420400023460388,60.507601380348206,-147.6997999548912,-147.8622819185257,5.5000036954879761,81.206142902374268,4.0999999791383743,4.0900302082300186
611,60.294000029563904,59.804053783416748,-151.32209998369217,-150.88587462902069,59.50000137090683,113.37401997298002,3.8999999910593033,3.9359244704246521
1254,61.400099992752075,61.537305295467377,-150.05350000038743,-149.2160207927227,38.300000131130219,48.70537668466568,3,3.2744331657886505
1615,59.806399941444397,59.458494186401367,-152.94479995965958,-151.51637005805969,103.00000011920929,93.3714359998703,3.4999999701976776,3.600930243730545
618,60.318599998950958,59.7714524269104,-152.23309993743896,-151.20565062761307,82.899998873472214,73.052939027547836,3.0999999940395355,3.1835964918136597
1223,61.380400002002716,61.304766952991486,-150.15610000491142,-149.72978331148624,20.199999213218689,85.243962705135345,3.3999999761581421,3.4066022336483002
1380,61.490399986505508,61.505267441272736,-149.90459999442101,-149.46158739924431,30.900001525878906,55.710822343826294,3.199999988079071,3.1687646806240082
69,61.649500012397766,61.669246137142181,-148.02310001850128,-147.90490007400513,17.30000227689743,101.94293782114983,3.199999988079071,3.5059885382652283
634,62.937399983406067,62.701955556869507,-148.32870000600815,-148.39638465642929,12.400001287460327,103.41415740549564,3,3.1691039800643921
480,62.976799964904785,62.872525095939636,-148.49750000238419,-148.88471844792366,4.0000006556510925,63.733957707881927,3.199999988079071,3.225772887468338
1481,61.384600013494492,61.577785611152649,-150.01629999931902,-149.47818168997765,42.999997735023499,43.246455490589142,3.0999999940395355,3.1932247281074524
230,60.06580001115799,59.519549012184143,-152.99500000476837,-152.37481141090393,110.7999999076128,52.61954665184021,3.0999999940395355,3.6028028726577759
342,62.277699947357178,62.439638733863831,-151.00099995732307,-150.30254001170397,74.700001627206802,43.219283223152161,3,3.1155072748661041
1996,62.99810004234314,62.893482327461243,-151.04200002551079,-150.23753549158573,126.70000002253801,45.2842116355896,3.6999999582767487,3.9233558177947998
1700,60.498499989509583,59.948572039604187,-152.1739000082016,-150.87975141406059,81.999998539686203,76.655387878417969,3.2999999821186066,3.5181611180305481
1877,60.450999975204468,59.866784811019897,-152.12279999256134,-150.90174713730812,80.299999564886093,92.425607144832611,3,3.1572904586791992
538,61.684700012207031,61.970153748989105,-151.55119997262955,-150.83815285563469,72.200000286102295,73.89131560921669,3.0999999940395355,3.2550462484359741
1933,59.831500053405762,59.500516891479492,-152.94309997558594,-151.93268322944641,103.70000079274178,62.424436211585999,3,3.1565948724746704
239,62.902099967002869,62.777960419654846,-150.59260001778603,-150.39535872638226,102.90000028908253,102.24013216793537,4.6000000052154064,4.4482215810567141
99,61.48769998550415,61.37021341919899,-149.92009999975562,-149.5047622025013,31.300000846385956,87.246552109718323,3.4999999701976776,3.5707165002822876
2065,60.313499987125397,59.859418869018555,-152.49279999732971,-151.24018049240112,109.20000076293945,67.33369454741478,3,3.058343231678009
1653,60.067300021648407,59.722255706787109,-151.4286000430584,-150.93037265539169,78.000001609325409,124.68591771903448,3.0999999940395355,3.0655524730682373
1211,61.440600007772446,61.286419063806534,-149.88660000264645,-149.41280834376812,27.999997138977051,65.62497466802597,4.8000000044703484,4.2501910999417305
581,62.462599992752075,62.500539660453796,-148.87700003385544,-149.09422051906586,34.999996423721313,120.60918333008885,3.5999999642372131,3.6733927130699158
1989,62.208799958229065,62.510890483856201,-151.99979996681213,-151.04977351427078,106.00000061094761,86.835663765668869,4.3999999947845936,4.6509337797760963
1777,59.841799974441528,59.583180665969849,-152.86959993839264,-151.61147940158844,100.80000013113022,76.134867966175079,3.7999999970197678,3.7843109965324402
1628,62.159299969673157,62.29106330871582,-147.81760007143021,-148.15486800670624,38.500003516674042,99.334502592682838,4.0999999791383743,4.068526491522789
744,61.311599999666214,61.132984831929207,-149.97020000126213,-149.38915438950062,37.900000810623169,74.994571506977081,3,3.1134571731090546
124,62.148399949073792,62.456514358520508,-149.73880000412464,-149.2921616435051,44.699996709823608,95.915352925658226,4.1999999955296516,4.0165704935789108
1836,61.009999999776483,60.797258719801903,-147.45190000534058,-147.53984695672989,15.100002288818359,37.852548062801361,3.2999999821186066,3.6448659002780914
185,61.081500001251698,60.889496937394142,-152.22009998559952,-151.11610606312752,110.29999982565641,60.411646962165833,3.6999999582767487,3.6124513149261475
307,60.2810999751091,60.244692742824554,-152.97330003976822,-152.40389102697372,136.30000036209822,62.112048268318176,4.3999999947845936,4.386639129370451
1510,60.028299987316132,59.373340845108032,-152.8390000462532,-151.51276767253876,93.199998140335083,49.881398677825928,3,3.204524964094162
65,59.906999945640564,61.314480721950531,-149.82299999892712,-151.6135185956955,0,158.37763622403145,3.0999999940395355,3.0834977030754089
532,61.155799999833107,60.721213012933731,-152.54269999265671,-151.96828186511993,139.39999975264072,98.152976483106613,3,3.3758758306503296
406,61.011199999600649,61.062761299312115,-148.93469998240471,-148.67072242498398,5.9000030159950256,124.38301497604698,3.4999999701976776,3.5418623685836792
1442,61.502099990844727,61.614786207675934,-149.97020000126213,-149.27300427854061,50.700001418590546,39.717316627502441,3.0999999940395355,3.0594941675662994
1413,61.38850000500679,61.303623765707016,-150.09819999709725,-149.5466461032629,37.399999797344208,84.035709500312805,4.5,3.5631675124168396
1963,62.955299973487854,62.923182964324951,-150.8337000310421,-149.44585061073303,104.6999990940094,21.089695394039154,3.2999999821186066,3.5583794116973877
1040,59.091400027275085,59.125292062759399,-152.4057000875473,-151.44681850075722,60.599997639656067,104.26324792206287,3.9999999850988388,3.7217161059379578
430,61.831700026988983,61.548127353191376,-147.57499998807907,-147.63566851615906,33.799998462200165,47.125697135925293,4.8000000044703484,4.3972449190914631
1200,61.513800024986267,61.502893328666687,-149.91249999962747,-149.73524612188339,37.600003182888031,64.291186630725861,3.199999988079071,3.1330288052558899
1457,61.42059999704361,61.595379412174225,-150.06340000033379,-149.14421814680099,35.199999809265137,71.249213069677353,3.2999999821186066,3.4235740900039673
219,62.980599999427795,62.953898668289185,-150.28759999573231,-149.98284898046404,89.600000530481339,53.566068410873413,3.199999988079071,3.1997667253017426
1229,61.322299987077713,61.313278615474701,-150.00980000034906,-149.66118143498898,29.299996793270111,78.852593898773193,3.4999999701976776,3.5637994408607483
874,62.898399949073792,62.82392406463623,-150.50520001351833,-150.00195537472609,87.400000542402267,106.27381689846516,3.2999999821186066,3.3543972373008728
1189,61.441100001335144,61.421762526035309,-150.0819000005722,-149.61121138930321,20.000003278255463,63.097722828388214,3.199999988079071,3.1214919090270996
715,61.45320001244545,61.384985893964767,-151.92909997701645,-150.94162166118622,98.999999463558197,85.199818015098572,4.5,4.80438432097435
212,60.02810001373291,59.619673490524292,-151.71570003032684,-150.88818883895874,72.200000286102295,80.383535474538803,3.3999999761581421,3.7474276721477509
2109,61.42960000038147,61.538740634918213,-151.01129999756813,-150.76785796880722,64.899999648332596,63.058529049158096,3.0999999940395355,3.0996507704257965
555,61.53710001707077,61.491472631692886,-149.94479999877512,-149.51858501136303,47.899998724460602,74.879605323076248,3.4999999701976776,3.5608359575271606
1659,61.747300028800964,61.675386130809784,-149.81390000134706,-149.33464135229588,44.699996709823608,54.296866059303284,3.0999999940395355,3.2571659088134766
1945,62.093199968338013,62.342515826225281,-151.11390003561974,-149.74294430762529,66.399998962879181,80.045443028211594,3.199999988079071,3.375895231962204
1769,60.179899990558624,59.856317639350891,-152.42940008640289,-151.24082770943642,102.2999994456768,102.86943055689335,3.2999999821186066,3.3090587854385376
736,61.42849999666214,61.369876325130463,-147.15049999952316,-147.34553647041321,5.5000036954879761,33.634506165981293,3,3.0892403125762939
1514,61.385399997234344,61.20769502222538,-151.82929998636246,-151.10590749979019,111.39999981969595,69.184154272079468,3,3.4601177573204041
529,62.156599998474121,62.119665384292603,-151.20830002427101,-150.26908166706562,70.30000165104866,55.760502815246582,3.8999999910593033,4.0375513583421707
1801,59.877500057220459,59.277204036712646,-151.15689995884895,-150.9930260181427,41.199997067451477,208.95703136920929,3.2999999821186066,3.3361423909664154
210,61.753799974918365,61.764879465103149,-149.69640000164509,-149.17081993818283,46.700000762939453,43.120913207530975,3.0999999940395355,3.5340725183486938
1342,61.754599988460541,61.631297647953033,-150.16910000145435,-149.33067744970322,84.800001233816147,55.118612945079803,3.199999988079071,3.2718808650970459
299,61.401199996471405,61.433417201042175,-150.88900002837181,-150.1980257704854,62.299996614456177,60.526043176651001,3.9999999850988388,4.0035841315984726
306,59.47819995880127,59.418809771537781,-151.91970008611679,-151.36523795127869,70.500001311302185,145.09566687047482,3,3.0527925789356232
752,61.918200016021729,61.864892780780792,-151.35349997878075,-150.27047091722488,75.699999928474426,64.836256206035614,3.199999988079071,3.4448360502719879
921,61.133900001645088,61.120762966573238,-148.49070006608963,-148.34587597846985,7.3999986052513123,49.518689513206482,3,3.0786631107330322
435,59.962800025939941,60.007189989089966,-152.92869991064072,-151.08693382143974,120.09999994188547,70.47746330499649,4.6000000052154064,4.339746281504631
929,61.640799999237061,61.618171215057373,-147.90889996290207,-147.91302859783173,25.79999715089798,61.367221176624298,3.7999999970197678,3.9142840951681137
220,61.872500002384186,61.719674408435822,-148.03970003128052,-147.87662959098816,8.9000016450881958,61.761297285556793,3.6999999582767487,3.8543268889188766
1198,61.358799993991852,61.349091410636902,-150.04319999925792,-149.65411408245564,37.199996411800385,72.214949876070023,3.199999988079071,3.3647148907184601
237,62.358000040054321,62.574158906936646,-150.91409996151924,-150.52200664579868,72.00000062584877,92.205625027418137,3.9999999850988388,4.074078306555748
809,61.363999992609024,61.196343511343002,-150.06250000186265,-149.49588865041733,40.399998426437378,74.97049868106842,3.2999999821186066,3.20010906457901
1446,61.459699988365173,61.753026843070984,-149.75500001013279,-149.14334759116173,52.799999713897705,56.463316082954407,3.0999999940395355,3.4219642281532288
354,61.526899993419647,61.521513223648071,-150.5443000048399,-149.81548709794879,65.099999308586121,67.69648939371109,3.9999999850988388,3.9919132590293884
988,59.019400000572205,59.224431872367859,-152.89770001173019,-151.85791504383087,60.999996960163116,42.010381817817688,3.2999999821186066,3.0935700237751007
1381,61.496899992227554,61.467332094907761,-149.93649999797344,-149.29185721278191,38.900002837181091,55.560983717441559,3.3999999761581421,3.2278674244880676
986,60.681400001049042,60.665797233581543,-148.76549997925758,-148.45399868488312,37.900000810623169,91.174453496932983,3,3.0779509842395782
324,62.365700006484985,62.549231767654419,-149.12509998679161,-149.34899684786797,0.29999762773513794,72.991106659173965,3.4999999701976776,3.4256013035774231
2123,60.189199984073639,59.65407133102417,-152.72510004043579,-151.87200093269348,91.899998486042023,72.275489568710327,3,3.0347732305526733
445,62.616199970245361,62.684926271438599,-151.36800000071526,-150.73159213364124,3.2000020146369934,69.687288254499435,3.8999999910593033,3.7902545928955078
13,62.261399984359741,62.347913026809692,-150.80630001425743,-150.15312390401959,67.099999636411667,84.525715559720993,3.0999999940395355,3.3573614358901978
785,61.125900000333786,60.869205459952354,-150.58400000631809,-149.61475583910942,53.999997675418854,69.03563067317009,3.0999999940395355,3.0507184267044067
296,62.497300028800964,62.543357610702515,-148.81510001420975,-148.81372708082199,41.000001132488251,135.47439966350794,3,3.2480142116546631
1375,61.500299990177155,61.262138724327087,-149.91009999811649,-149.43221814930439,38.999997079372406,53.997397422790527,3,3.1533949971199036
621,59.636399984359741,59.709391593933105,-151.8986000418663,-152.40114140510559,183.49999934434891,71.441512554883957,3.4999999701976776,4.1430607214570045
2070,62.952000021934509,62.916778087615967,-149.26799999177456,-149.32682704925537,70.999998599290848,35.084977746009827,3.199999988079071,3.3216698169708252
1800,62.395900011062622,62.784053444862366,-152.61959999799728,-150.84459435939789,7.7999979257583618,93.951640650629997,3.199999988079071,3.3521593809127808
746,62.166399955749512,61.879665315151215,-148.12700003385544,-148.11729866266251,31.700000166893005,50.806641578674316,3.0999999940395355,3.1993077993392944
755,62.791399955749512,62.435823202133179,-148.78049996495247,-148.91053122282028,75.599998235702515,110.4293605312705,3.2999999821186066,3.5359549820423126
1411,61.389800012111664,61.328985095024109,-150.10770000144839,-149.37413822114468,20.199999213218689,60.069464147090912,3.0999999940395355,3.1289875209331512
1116,59.345499992370605,59.166866660118103,-152.59309995174408,-151.0773383975029,66.599998623132706,56.723818182945251,3.4999999701976776,3.5701439380645752
2117,62.981899976730347,62.91949462890625,-149.31420001387596,-149.04588648676872,75.699999928474426,18.837891519069672,3.0999999940395355,3.2057985663414001
1642,59.92550003528595,59.53610897064209,-152.99309992790222,-151.98952370882034,94.699999317526817,48.236563801765442,3,3.1773359477519989
1870,59.854900002479553,59.234235882759094,-152.61210000514984,-151.10719603300095,82.299999892711639,66.502504050731659,3.199999988079071,3.339385449886322
2055,61.47299998998642,61.162117198109627,-152.2150000333786,-151.34107178449631,110.70000007748604,70.584259927272797,3,3.1055454611778259
976,60.663700014352798,60.302270233631134,-151.83479994535446,-150.90526181459427,78.999999910593033,51.482655107975006,3.0999999940395355,3.4145659804344177
1181,61.982299983501434,62.048925042152405,-151.07440003752708,-150.60342854261398,3.8999989628791809,74.772287160158157,3.199999988079071,3.2933499813079834
1086,62.208400011062622,62.417238831520081,-151.24700000882149,-150.60033439099789,76.600000262260437,74.280645698308945,3.9999999850988388,4.3019594997167587
203,60.342299997806549,59.972798585891724,-152.55970001220703,-151.58510756492615,98.799999803304672,53.889349102973938,3.0999999940395355,3.2254561185836792
2132,60.979599999263883,60.865159675478935,-147.15910005569458,-147.60721027851105,19.900001585483551,39.9198979139328,3.199999988079071,3.2262661457061768
1344,61.35479998588562,61.316153764724731,-149.99130000011064,-149.50976215302944,42.900003492832184,77.099893242120743,5.0000000149011612,4.5844746753573418
786,62.986999988555908,62.8602215051651,-148.83920001983643,-149.08267995715141,12.000001966953278,65.130617469549179,3.2999999821186066,3.366318941116333
478,62.335899949073792,62.54449725151062,-149.72629999369383,-149.35181406140327,31.099997460842133,124.15980320656672,3.5999999642372131,3.61890909075737
410,60.240599989891052,59.572587728500366,-152.38630002737045,-151.61490726470947,89.200001209974289,108.35538432002068,3,3.1336731612682343
2168,61.849799990653992,61.953082084655762,-150.47290000319481,-150.16791407391429,63.999999314546585,42.46087372303009,3.9999999850988388,3.9030461311340332
316,60.03930002450943,60.099163711071014,-152.69310003519058,-151.82226830720901,104.59999926388264,35.195708274841309,3.2999999821186066,3.2274788618087769
1427,61.47350001335144,61.632002115249634,-149.92410000041127,-149.58981594443321,36.200001835823059,52.085474133491516,3.0999999940395355,3.2489682734012604
105,59.768800020217896,59.302611112594604,-152.68119996786118,-150.9301460981369,92.955999076366425,83.299286663532257,3.3999999761581421,3.6671236753463745
1196,61.405099987983704,61.416046291589737,-150.06169999949634,-149.77012887597084,35.899996757507324,68.578522652387619,3.3999999761581421,3.4682005941867828
121,62.315199971199036,62.464155435562134,-150.86910000443459,-150.19790858030319,68.500000983476639,57.299181818962097,3.6999999582767487,3.7006064057350159
807,60.767399996519089,60.555010199546814,-150.16340000554919,-149.56236219406128,41.79999977350235,68.234715610742569,3.3999999761581421,3.436040461063385
1187,61.41159999370575,61.485587269067764,-150.10879999771714,-149.51858004927635,19.900001585483551,63.63370269536972,3,3.0481160581111908
2130,59.311900019645691,59.134598255157471,-152.03679996728897,-151.29882815480232,57.099997997283936,56.623727083206177,3,3.1462156176567078
1518,62.967900037765503,62.955226898193359,-150.32429999113083,-149.94327982887626,88.700000196695328,56.073963642120361,3.0999999940395355,3.6148024499416351
1359,61.461499989032745,61.614374220371246,-149.95469999872148,-149.42446321249008,38.199998438358307,45.868106186389923,3.2999999821186066,3.347575843334198
2048,61.969299972057343,62.125440716743469,-152.15689998865128,-151.05300790071487,125,105.38771748542786,5.2000000029802322,5.1448001861572266
115,59.930299997329712,59.503663301467896,-151.40720003843307,-150.87637558579445,44.100001454353333,161.84947267174721,3.0999999940395355,3.5904352068901062
76,59.515200018882751,59.731109976768494,-152.85180008411407,-150.95434865355492,106.10000044107437,51.433026790618896,3.0999999940395355,3.5439048707485199
1938,59.769299983978271,59.190416574478149,-152.90489995479584,-151.2657625079155,18.700003623962402,73.177486658096313,3.3999999761581421,3.3563532829284668
422,61.38289999961853,61.362201631069183,-149.79349999129772,-149.46454533934593,36.640003323554993,61.851657927036285,3.199999988079071,3.1027892231941223
1193,61.397000014781952,61.457540571689606,-150.04160000011325,-149.83336519449949,20.199999213218689,71.643389761447906,3,3.0745010375976562
1982,60.197000026702881,59.651899337768555,-151.76600003242493,-151.02608227729797,70.599999278783798,146.01956866681576,3.3999999761581421,3.5772289037704468
2052,60.721399992704391,60.169771671295166,-151.81470000743866,-151.12067440152168,86.399998515844345,53.399018943309784,3.0999999940395355,3.0527071058750153
1391,61.393799990415573,61.497166395187378,-150.06519999727607,-149.74335537850857,37.799999117851257,52.522152662277222,3.2999999821186066,3.3425232768058777
1876,61.442699998617172,61.50742906332016,-150.97579997777939,-150.39971543848515,66.100001335144043,46.460092067718506,3.0999999940395355,3.213158905506134
700,61.671999990940094,61.67783135175705,-151.37690001726151,-150.46805472671986,75.100000947713852,69.180745631456375,3.199999988079071,3.4019476175308228
798,61.642799973487854,61.681942343711853,-151.06260001659393,-150.09294151514769,68.799998611211777,62.761764973402023,4.0999999791383743,4.0576448142528534
942,59.930500030517578,59.739768028259277,-152.20349997282028,-151.13601592183113,80.60000091791153,133.18009860813618,3.7999999970197678,3.6654288768768311
940,61.4932000041008,61.595786571502686,-149.85659999772906,-149.51378855109215,42.199999094009399,67.72344559431076,3.6999999582767487,3.7874872237443924
994,62.174200057983398,62.192142963409424,-147.79539996385574,-148.10237807035446,34.199997782707214,89.213788509368896,3.8999999910593033,3.6457884907722473
1493,61.454299986362457,61.430098116397858,-150.04649999924004,-149.58511988818645,40.10000079870224,61.683408915996552,3.4999999701976776,3.2526200115680695
620,62.973399996757507,60.621207237243652,-148.46769994497299,-149.75951642543077,11.399999260902405,82.843858748674393,3.5999999642372131,3.6273094117641449
420,61.684300005435944,61.667181611061096,-149.91420000046492,-149.55230337381363,9.9999979138374329,63.814610242843628,3.6999999582767487,3.7025680840015411
997,60.710200011730194,59.908912420272827,-151.8863999247551,-152.50357335805893,170.00000178813934,65.63108041882515,3.9999999850988388,3.8360667675733566
1934,59.832800030708313,59.264593362808228,-152.88699996471405,-151.5738537311554,101.09999962151051,54.453387856483459,3.4999999701976776,3.6459419131278992
1732,60.495800018310547,60.578032553195953,-147.26079994440079,-147.90474647283554,8.6999982595443726,57.679131627082825,3,3.1285872459411621
1562,61.633000016212463,61.790225803852081,-151.54820001125336,-150.97241833806038,77.500000596046448,63.785046339035034,3.199999988079071,3.5530504882335663
178,59.521900057792664,59.167232632637024,-151.95909994840622,-151.35024574398994,58.600001037120819,96.960758790373802,3,3.1217485070228577
1828,61.749300003051758,61.84478098154068,-148.20350003242493,-148.37475514411926,12.100003659725189,105.38877546787262,4.1999999955296516,3.9352962970733643
613,61.496399998664856,61.21172046661377,-150.25159998983145,-149.31846798956394,61.800003051757812,65.081115812063217,3,3.1187295019626617
1673,61.08330000191927,60.799986571073532,-151.37949997186661,-150.16202156245708,66.700000315904617,53.298547863960266,3.2999999821186066,3.4829721450805664
2008,62.700999975204468,62.680413007736206,-149.44799999892712,-149.2927475720644,68.900000303983688,86.62351593375206,3.199999988079071,3.112019419670105
781,61.545799970626831,60.905861221253872,-149.91650000028312,-148.8563472032547,43.399997055530548,46.407803893089294,3.3999999761581421,3.1434504389762878
1137,61.471500009298325,61.355375438928604,-149.87779999896884,-149.02697709202766,48.600003123283386,69.995258003473282,3.7999999970197678,3.7511910796165466
651,62.472699999809265,62.300847768783569,-148.25250005722046,-147.74039232730865,21.399997174739838,113.16271405667067,3,3.1416974365711212
1018,61.053399998694658,60.907579518854618,-148.23649996519089,-148.3447151184082,10.300002992153168,84.900654852390289,3,3.0515675246715546
409,61.596499979496002,61.52084344625473,-148.25989991426468,-147.99140167236328,9.0999975800514221,82.701914012432098,4.1999999955296516,3.7515457570552826
1103,61.367500007152557,61.312339156866074,-150.05859999731183,-149.63487321138382,40.799997746944427,98.915314301848412,3.0999999940395355,3.6510628759860992
782,61.568499982357025,60.461967766284943,-149.94519999995828,-150.24446227401495,42.900003492832184,119.33793779462576,3.6999999582767487,3.2497833967208862
1942,59.292099952697754,59.168837904930115,-151.71940004825592,-151.09659746289253,23.999996483325958,81.874769181013107,3.199999988079071,3.2139136791229248
1594,60.578999996185303,60.681147277355194,-147.61329996585846,-148.12380462884903,6.5999999642372131,72.701908648014069,4.0999999791383743,3.8665791302919388
450,62.921200037002563,62.926506519317627,-149.53570000827312,-149.72238524258137,59.399999678134918,77.168721705675125,3,3.0849722027778625
1714,62.043799996376038,62.175103545188904,-149.52530001103878,-149.03792890906334,19.900001585483551,102.44796425104141,3.0999999940395355,3.2438420355319977
1613,61.018500000238419,60.923119001090527,-147.60190004110336,-147.80793642997742,25.100000202655792,32.590031623840332,3.5999999642372131,3.8242427408695221
1078,61.236699998378754,61.17997345328331,-149.86389999836683,-149.25767384469509,40.50000011920929,74.280694127082825,3.199999988079071,3.2077363729476929
1330,61.335200011730194,61.210330814123154,-149.98379999957979,-149.26328185200691,40.200002491474152,61.481624841690063,3,3.1254690885543823
63,61.517300009727478,61.726033926010132,-150.69879998266697,-150.05890504829586,34.900002181529999,63.222263008356094,3.0999999940395355,3.0892032086849213
508,62.979599952697754,62.712583065032959,-150.53630000352859,-150.15954827517271,0.79999864101409912,63.02981823682785,3.199999988079071,3.3275018334388733
2191,61.930800020694733,62.093215703964233,-151.14919996261597,-150.76282730698586,67.499998956918716,51.110774278640747,3.2999999821186066,3.3263197839260101
1521,60.083500027656555,59.828801393508911,-150.45450000464916,-150.4848330616951,48.699997365474701,124.71514617209323,3.3999999761581421,3.5230132341384888
1161,61.39190000295639,61.3480124771595,-150.08899999782443,-149.70463590323925,35.700000822544098,77.39904522895813,3.3999999761581421,3.3913779258728027
1058,62.320199966430664,62.278167724609375,-148.49750000238419,-148.47234481573105,44.900000095367432,93.61615777015686,3.2999999821186066,3.4624984860420227
1293,61.189400002360344,61.24439749121666,-149.96499999985099,-149.32383804023266,17.200000584125519,68.03460419178009,3.0999999940395355,3.1336733400821686
949,62.616700053215027,62.83402419090271,-151.36699998378754,-150.46380597352982,86.100000888109207,48.993080854415894,3.0999999940395355,3.4295809864997864
1347,61.483300000429153,61.329248189926147,-149.93619999848306,-149.38329412043095,51.299996674060822,73.17337766289711,5.0000000149011612,4.2842807695269585
1973,60.31470000743866,59.558205842971802,-152.5256000161171,-151.05096352100372,97.200000658631325,82.957729697227478,3.3999999761581421,3.5739105641841888
1111,61.875899970531464,61.585200190544128,-149.30290000140667,-148.83165925741196,6.8999975919723511,85.567757487297058,3.2999999821186066,3.4889071583747864
674,62.483299970626831,62.278601288795471,-148.25449991226196,-148.535630017519,42.300000786781311,108.98822918534279,3.2999999821186066,3.4673868119716644
903,61.167899996042252,61.30388018488884,-151.26759999990463,-150.8890221118927,70.199999958276749,66.269136965274811,3.5999999642372131,3.5701224803924561
471,61.479900002479553,61.575771331787109,-149.90570000186563,-149.49263307452202,30.199997127056122,76.292466372251511,3,3.0590174496173859
1672,60.678000003099442,60.242246329784393,-151.22020000219345,-150.42402635514736,67.600000649690628,48.697918653488159,4.0999999791383743,3.8585087209939957
205,59.411200046539307,59.074408411979675,-152.96250003576279,-151.78673458099365,85.599999874830246,71.606453508138657,3.0999999940395355,3.3106272518634796
530,60.975999999791384,60.969040866941214,-147.27060002088547,-147.44719398021698,16.999997198581696,42.394429445266724,3.7999999970197678,4.1647043824195862
2073,60.804000005125999,60.226416528224945,-152.28999996185303,-151.39656382799149,102.09999978542328,40.771529078483582,3.199999988079071,3.1449008882045746
907,61.7189000248909,61.935762107372284,-152.07480007410049,-150.93400749564171,123.60000004991889,70.490743964910507,3,3.3504993617534637
1890,59.072199940681458,59.080263257026672,-150.9451000392437,-150.99894145131111,29.200002551078796,105.09706102311611,3.199999988079071,3.1817811727523804
1966,61.417600005865097,61.467601448297501,-151.64490008354187,-150.95150452852249,87.900001555681229,61.821520328521729,3,3.3150978684425354
670,62.47979998588562,62.402925610542297,-148.24979996681213,-148.47830003499985,20.800001919269562,99.903460592031479,3.199999988079071,3.3445259928703308
855,60.977099999785423,61.055261313915253,-147.05369997024536,-147.87594652175903,15.100002288818359,15.036597847938538,3,3.1590652763843536
1157,61.150800004601479,61.067812949419022,-151.15789997577667,-150.6819561123848,88.799998164176941,68.320933729410172,3.6999999582767487,3.7575663775205612
23,62.64330005645752,62.631871938705444,-148.82389998435974,-149.14282429218292,32.099999487400055,107.25672729313374,3,3.1877898573875427
1871,59.854200005531311,59.704970598220825,-152.92199993133545,-152.27856677770615,101.29999928176403,55.041395127773285,3,3.1910610795021057
2004,60.7516999989748,60.153683006763458,-152.48430007696152,-151.9432657957077,124.30000002495944,60.216978192329407,3.2999999821186066,3.4384399652481079
985,60.605800002813339,60.129642844200134,-152.63320004940033,-151.68595290184021,118.19999990984797,58.199457824230194,3.5999999642372131,3.702539473772049
198,62.762099981307983,62.847558259963989,-148.88870000839233,-149.15655970573425,2.8999969363212585,56.367605924606323,3.199999988079071,3.1082875728607178
49,59.257799983024597,59.220414638519287,-152.36189997196198,-151.63152927160263,84.699999541044235,50.548598170280457,3,3.2009813189506531
173,59.425899982452393,59.285194635391235,-151.5353000164032,-151.2218177318573,45.500002801418304,94.24860030412674,3.0999999940395355,3.1460505723953247
873,62.889899969100952,62.816058397293091,-150.45540001988411,-150.01649121707305,86.500000208616257,106.53109662234783,3.3999999761581421,3.3440426588058472
1508,61.010900000110269,60.732111841440201,-151.11640003323555,-150.29707693308592,4.0000006556510925,47.09925502538681,3.0999999940395355,3.2163611054420471
973,60.120599985122681,60.098062515258789,-152.82240003347397,-152.21339732408524,118.10000007972121,43.220609426498413,3.3999999761581421,3.5649081766605377
308,60.298699975013733,59.994185090065002,-152.98410004377365,-152.36570048332214,136.19699981063604,56.978791952133179,4.2999999895691872,4.4795156344771385
1315,61.457300007343292,61.520651400089264,-150.05450000055134,-149.70177957415581,21.399997174739838,54.640337824821472,3,3.0795961618423462
931,60.166999995708466,59.909804821014404,-152.72289991378784,-151.57927715778351,95.599999651312828,59.148550033569336,3.3999999761581421,3.5464228391647339
829,59.798900008201599,59.518510818481445,-152.89359998703003,-151.82444894313812,106.20000027120113,73.673762381076813,3.5999999642372131,3.3828912377357483
59,62.29229998588562,62.352107763290405,-148.84429997205734,-148.86473026871681,34.999996423721313,110.5684582144022,3,3.1419632434844971
71,62.966199994087219,62.906352519989014,-150.65760000050068,-150.24415969848633,110.70000007748604,52.395492792129517,3,3.1236434876918793
2091,62.726500034332275,62.771936297416687,-150.54480001330376,-150.11260901391506,86.500000208616257,59.294939041137695,3.2999999821186066,3.5087748169898987
1968,61.3716000020504,61.28171318769455,-150.10260000452399,-149.51329649984837,41.699998080730438,69.730933755636215,3.199999988079071,3.6148481369018555
1557,62.420400023460388,62.451394081115723,-149.21929997205734,-149.0340847671032,52.599996328353882,113.60598262399435,3.199999988079071,3.6488027572631836
1486,61.497299998998642,61.642873466014862,-149.96540000103414,-149.31750851869583,30.000001192092896,53.20248007774353,3.199999988079071,3.1701436042785645
759,60.893399998545647,60.949624061584473,-150.27130001038313,-149.84528313204646,48.299998044967651,89.905813336372375,4.0999999791383743,3.4594999551773071
1320,61.541999995708466,61.556049108505249,-149.8522000014782,-149.27438494563103,47.600001096725464,56.192159652709961,3.8999999910593033,3.9679855406284332
1505,61.47859999537468,61.186075359582901,-149.92310000024736,-149.65168527513742,37.199996411800385,106.21221177279949,4.6000000052154064,3.8542836159467697
1185,61.340099990367889,61.447662860155106,-150.08060000091791,-149.73724767565727,19.900001585483551,64.713731408119202,3.199999988079071,3.0565361380577087
162,61.404199987649918,61.434999465942383,-150.68730001151562,-149.91985785774887,57.40000307559967,59.174098074436188,3.4999999701976776,3.4652271866798401
1531,61.317299991846085,61.17170050740242,-147.38309991359711,-147.71816682815552,20.199999213218689,46.792104840278625,3.9999999850988388,3.8571070432662964
1068,60.274200022220612,59.930156707763672,-150.933100014925,-150.60328620672226,51.399998366832733,100.51987878978252,4.3999999947845936,3.9084158688783646
1397,61.401300013065338,61.365302979946136,-149.96149999927729,-149.25310769677162,38.779996335506439,49.613431096076965,3.4999999701976776,3.2855082750320435
564,60.538599997758865,61.185538589954376,-147.3306999206543,-148.73465985059738,46.899996697902679,79.423878341913223,3.2999999821186066,3.033746749162674
1764,60.207899987697601,59.749540328979492,-151.85009998083115,-150.79751524329185,66.899999976158142,122.14246275834739,3,3.0854649245738983
787,60.581099987030029,60.11289656162262,-150.59280002117157,-150.30826992541552,40.10000079870224,53.43068391084671,3,3.0689540505409241
256,61.458000004291534,61.423160642385483,-150.6921000033617,-149.88829496875405,41.79999977350235,55.514484643936157,3.8999999910593033,3.6508874595165253
1511,59.41509997844696,59.082720637321472,-152.01090002059937,-151.40206825733185,53.900003433227539,117.71276453509927,3.3999999761581421,3.5926589369773865
2126,59.628999948501587,59.343472123146057,-152.64820003509521,-151.60808372497559,84.49999988079071,44.388949871063232,3.0999999940395355,3.0501939654350281
440,62.647500038146973,62.598188519477844,-149.38590002059937,-149.26276360452175,65.799999982118607,92.04389899969101,3,3.1502687036991119
1362,61.472000002861023,61.631650388240814,-149.93419999815524,-149.623216599226,40.399998426437378,63.935231417417526,3.199999988079071,3.2921168804168701
1958,62.969900012016296,62.884867906570435,-150.44690001010895,-149.80449192970991,99.500000476837158,48.492446541786194,3.0999999940395355,3.1585280299186707
2192,60.591500014066696,60.419817328453064,-150.21030000597239,-150.12103301659226,48.19999635219574,83.135847002267838,3.7999999970197678,3.5164300203323364
1022,59.994799971580505,59.771645545959473,-152.67959994077682,-151.01942458748817,103.9000004529953,60.969188809394836,3.7999999970197678,3.8097952008247375
2122,59.936499953269958,59.549209356307983,-152.70180004835129,-151.90053141117096,98.30000065267086,55.035114288330078,3.199999988079071,3.0856462419033051
2022,59.948799967765808,59.624993205070496,-152.66759991645813,-151.2519129216671,101.70000046491623,59.058547019958496,3.8999999910593033,3.5605366230010986
1278,61.461699992418289,61.293923795223236,-150.11640000343323,-149.22826820611954,29.299996793270111,58.222293853759766,3.4999999701976776,3.371763288974762
20,59.744799971580505,59.465059995651245,-152.72729998826981,-151.81015920639038,83.299998193979263,89.97587114572525,3.7999999970197678,3.6828435659408569
1419,61.407700002193451,61.36443018913269,-150.04330000095069,-149.12142124772072,34.209996461868286,48.771589994430542,3.4999999701976776,3.5195751786231995
1477,61.347099989652634,60.973266871646047,-150.02580000087619,-149.98024733550847,40.600001811981201,86.693368852138519,3.199999988079071,3.3075640797615051
1582,61.42739999294281,61.264397203922272,-152.62599992752075,-152.07630693912506,9.4999969005584717,55.171236395835876,3.2999999821186066,3.4129668474197388
381,59.673400044441223,59.38483452796936,-152.29999995231628,-151.62321048974991,69.699998944997787,90.096019208431244,3.0999999940395355,3.1123311817646027
1286,61.221200004220009,61.250214040279388,-149.94700000248849,-149.29804180562496,36.70000284910202,62.974613159894943,3.0999999940395355,3.126800537109375
610,61.497999995946884,61.263283908367157,-149.90849999897182,-149.21902316808701,37.10000216960907,64.043253660202026,3.3999999761581421,3.5617616772651672
1887,61.367500007152557,61.410421669483185,-147.88479995727539,-148.01557767391205,16.599997878074646,128.04082385264337,3,3.1058827936649323
1037,60.445100009441376,60.554598957300186,-147.34780007600784,-147.7069006562233,5.3000003099441528,82.558725029230118,3.199999988079071,3.3111464381217957
686,60.329999983310699,59.898975491523743,-151.62949991226196,-151.36199721693993,61.099998652935028,120.42811373248696,3.9999999850988388,3.7796319276094437
83,62.32449996471405,62.738937973976135,-148.41560000181198,-149.07104408740997,0,129.80282306671143,3.0999999940395355,3.1999407112598419
461,60.878499999642372,60.963253762573004,-149.84890000149608,-149.45435433089733,30.400000512599945,82.08061009645462,3.5999999642372131,3.6002435088157654
1004,61.277700006961823,62.926428437232971,-150.19990000873804,-149.99851933139144,46.700000762939453,85.181158035993576,3,3.4813166856765747
2079,60.041700005531311,59.727888822555542,-151.09540003538132,-150.52877993881702,64.899999648332596,130.01261651515961,3,3.0235659778118134
1727,61.796999990940094,61.835724294185638,-151.46960002183914,-150.75164374709129,10.200001299381256,59.876330196857452,3.4999999701976776,3.7572516202926636
1121,61.408499985933304,61.197849273681641,-150.02979999873787,-149.31773440539837,34.299999475479126,72.612419724464417,4.1999999955296516,3.7906904965639114
867,59.447900056838989,59.218219876289368,-152.57700008153915,-151.49242204427719,69.299999624490738,90.387709438800812,3,3.0930562913417816
1124,61.927999973297119,61.959106624126434,-149.82130000367761,-149.28596721589565,42.000003159046173,41.237153112888336,3.6999999582767487,3.7118630111217499
494,59.52049994468689,59.204721093177795,-152.07539999485016,-151.50609451532364,53.700000047683716,90.536210685968399,3.9999999850988388,3.9028094708919525
374,61.899100005626678,62.016216635704041,-150.77320003509521,-150.07793206349015,58.899998664855957,53.899198770523071,3.2999999821186066,3.5933091938495636
270,60.019599974155426,59.409270524978638,-151.52780002355576,-150.88471671938896,65.49999862909317,67.09882989525795,3.4999999701976776,3.8293941915035248
1851,59.860200047492981,59.734065532684326,-151.8396999835968,-152.54032462835312,61.399996280670166,112.20427788794041,3.2999999821186066,3.1012438237667084
741,62.971099972724915,62.867712497711182,-149.5925999879837,-149.48800094425678,78.000001609325409,54.018542170524597,3.5999999642372131,3.5227478742599487
836,61.012400000356138,60.920739121735096,-147.23350006341934,-147.35209786891937,15.600003302097321,33.086232841014862,3.199999988079071,3.2031858265399933
629,59.985299944877625,59.392520427703857,-151.76380008459091,-151.12250939011574,57.499997317790985,149.91728961467743,3.7999999970197678,3.4823826849460602
464,60.051800012588501,59.893434524536133,-152.92189997434616,-152.12465536594391,110.99999956786633,44.597692787647247,3.199999988079071,3.8322547227144241
1915,59.956500053405762,59.353610515594482,-152.95910006761551,-151.85337084531784,107.10000060498714,54.102316498756409,3,3.3704550862312317
514,61.541999995708466,61.516656994819641,-149.87020000442863,-149.5615382194519,37.600003182888031,84.418457001447678,3.3999999761581421,3.7050723731517792
601,61.877699971199036,61.740551829338074,-149.33329997956753,-149.11967155337334,0.20000338554382324,66.815882921218872,3,3.1917309165000916
429,60.953699998557568,60.698590964078903,-150.80759999155998,-149.88906835019588,65.900001674890518,82.649920135736465,3.2999999821186066,3.2338365912437439
2180,60.545100003480911,60.042676389217377,-151.54249995946884,-150.76125508546829,74.599999934434891,73.477312922477722,3.6999999582767487,3.4865317046642303
25,60.929300002753735,60.918921761214733,-147.38209998607635,-147.41511797904968,20.599998533725739,36.15531325340271,3,3.1265621781349182
1829,61.514400005340576,61.603324115276337,-148.82340002059937,-148.52285197377205,25.200001895427704,82.139607518911362,3.199999988079071,3.5305801033973694
1499,61.559599995613098,61.748568654060364,-149.58709998428822,-149.89845536649227,28.700001537799835,67.378319799900055,3.0999999940395355,3.2734155356884003
458,62.349300026893616,62.467067718505859,-149.1520000398159,-149.14179664850235,0,95.421420410275459,3.0999999940395355,3.2898205518722534
1378,61.428799986839294,61.338274896144867,-149.99130000011064,-149.51943138241768,51.409997045993805,64.82730433344841,3.8999999910593033,3.5273137092590332
727,62.105800032615662,61.876998066902161,-149.53439998626709,-149.1183554828167,60.500003397464752,45.599699020385742,3.7999999970197678,3.8147540688514709
78,59.715199947357178,59.452477335929871,-150.53400000929832,-150.77179196476936,35.499997437000275,129.84446948394179,3.7999999970197678,3.7389911413192749
366,60.986200000159442,60.768427103757858,-151.00960001349449,-150.35591409355402,20.000003278255463,101.63098014891148,3.199999988079071,3.2461462318897247
1833,62.515300035476685,62.682379245758057,-151.27369996905327,-150.04467411898077,99.799999967217445,71.223326027393341,3.8999999910593033,3.9546727538108826
32,62.87279999256134,62.843087196350098,-150.55659998953342,-150.01219777017832,86.899999529123306,107.22232423722744,4.0999999791383743,3.6509367227554321
602,59.515400052070618,59.165217399597168,-152.39599996805191,-151.67535996437073,63.299998641014099,128.36916325613856,3.2999999821186066,3.3134772777557373
839,59.936300039291382,59.650483131408691,-149.63939999789,-149.97477008309215,7.7999979257583618,118.8563178293407,3.199999988079071,3.1160874366760254
647,59.858800053596497,60.125923454761505,-147.52870005369186,-148.48345470428467,5.3000003099441528,54.686397314071655,3,3.2489745318889618
1920,62.820999979972839,62.730263590812683,-149.56260001659393,-149.48834399878979,12.400001287460327,71.23187929391861,3,3.0843125581741333
930,61.092799998819828,60.907064080238342,-150.59619998931885,-149.93885807879269,53.900003433227539,84.543533623218536,3.3999999761581421,3.2802908420562744
812,60.589700013399124,59.95836353302002,-151.93900001049042,-151.05802255868912,100.50000064074993,84.381960332393646,3,3.2776127457618713
1862,61.045099999755621,60.905019894242287,-150.21739999204874,-149.61793005466461,49.599997699260712,84.037892520427704,3.3999999761581421,3.241606593132019
1159,61.392199993133545,61.330492496490479,-149.9947000000393,-149.61525571346283,41.000001132488251,75.288329273462296,3.7999999970197678,3.6522071957588196
305,61.165099993348122,60.909370258450508,-151.95590007305145,-151.31439551711082,85.000000894069672,116.565833799541,3,3.102605402469635
209,61.276300013065338,61.306447565555573,-150.31980000436306,-149.5102112442255,45.619003474712372,67.339755594730377,3.2999999821186066,3.2105602920055389
1176,59.412799954414368,59.199686527252197,-151.60989993810654,-150.7845444381237,32.300002872943878,145.27616649866104,3.199999988079071,3.1104979813098907
1273,61.54119998216629,61.571332991123199,-149.64549998939037,-148.79639482498169,198.10000061988831,67.725509405136108,3.199999988079071,3.3600232601165771
2186,62.189800024032593,62.146582961082458,-150.57469998300076,-150.42053599655628,9.7000002861022949,56.41811341047287,4.1999999955296516,4.0935314297676086
891,62.873600006103516,62.704414248466492,-149.57600001990795,-149.51529984176159,77.100001275539398,39.760932326316833,3.9999999850988388,3.6981242895126343
543,60.926399998366833,60.835140854120255,-151.36829996109009,-150.76186072826385,84.49999988079071,68.711638450622559,3.199999988079071,3.2722231149673462
1694,60.437900006771088,60.465518355369568,-147.39389991760254,-147.68808102607727,5.5999979376792908,52.731752395629883,3.0999999940395355,3.0712018311023712
1466,61.403400003910065,60.844292283058167,-150.07149999774992,-149.15949520468712,46.700000762939453,50.395667552947998,3,3.0658841729164124
2200,60.078599989414215,59.674518346786499,-152.57109993696213,-151.28842091560364,104.59999926388264,73.258332908153534,3.3999999761581421,3.3700777888298035
483,60.623600006103516,60.081606984138489,-151.8040999174118,-150.99632558226585,73.100000619888306,63.628964126110077,3.9999999850988388,3.6379439234733582
1117,61.272799998521805,61.208216086030006,-149.93040000088513,-149.28093704581261,45.599997043609619,74.480880051851273,3.6999999582767487,3.6671056151390076
2177,60.776999995112419,60.34088933467865,-151.39500001072884,-150.79235190153122,65.49999862909317,52.998512983322144,3,3.0248423516750336
1234,61.505200028419495,61.231026440858841,-149.96459999866784,-149.60060723125935,52.000001072883606,85.925787687301636,4.0999999791383743,3.5217702090740204
998,61.455199986696243,61.506410896778107,-149.98650000058115,-149.75772238522768,38.000002503395081,69.065574556589127,3,3.0810374915599823
1545,59.875900030136108,59.471386671066284,-152.47919994592667,-151.38637501001358,80.299999564886093,108.90357382595539,3.4999999701976776,3.6176742911338806
411,60.741200000047684,60.434115588665009,-150.92640003561974,-150.39447627961636,58.499999344348907,79.194758087396622,3.199999988079071,3.3668239116668701
548,62.747099995613098,62.615223526954651,-148.70490002632141,-148.89322453737259,61.599999666213989,119.51406858861446,5.2000000029802322,4.7819783762097359
544,59.001799941062927,59.118337631225586,-151.2247000336647,-151.43166670203209,47.100000083446503,47.992981970310211,3.3999999761581421,3.4046037197113037
840,61.151099994778633,61.148371785879135,-150.10180000215769,-149.136948376894,3.600001335144043,62.479957938194275,3.0999999940395355,3.0723786950111389
1231,61.401600003242493,61.376963019371033,-150.08750000037253,-149.63393484055996,19.599996507167816,69.743499159812927,3.3999999761581421,3.3193239569664001
1926,62.471300005912781,62.616842865943909,-149.58310000598431,-149.28085747361183,56.299999356269836,84.187030792236328,3.8999999910593033,3.7782746404409409
1556,61.241799995303154,61.051918882876635,-147.02940005064011,-147.42070823907852,4.5000016689300537,36.731474101543427,3.199999988079071,3.1473113000392914
792,60.931699998676777,60.553193360567093,-151.35570001602173,-150.4453971683979,68.599998950958252,72.908911854028702,3.2999999821186066,3.2311226427555084
447,62.418900012969971,62.45182478427887,-149.53229999542236,-149.39857359230518,44.200003147125244,89.271478354930878,3.5999999642372131,3.4945715367794037
1194,61.482499986886978,61.465254753828049,-150.01190000027418,-149.59401360154152,19.599996507167816,61.843723058700562,3.199999988079071,3.1378735899925232
1992,62.972000002861023,62.863605499267578,-149.41380000114441,-149.32063038647175,76.400000602006912,62.400661408901215,3.199999988079071,3.6088019907474518
1358,61.479999989271164,61.422052323818207,-149.74540000408888,-149.17478656768799,44.79999840259552,65.842289477586746,3.199999988079071,3.1752780675888062
1543,59.545400023460388,60.469265818595886,-148.84929996728897,-150.67438964545727,32.600000500679016,114.79965038597584,3.199999988079071,3.1350595951080322
816,61.458799988031387,61.326450198888779,-149.93640000186861,-149.22902351617813,31.700000166893005,58.669455349445343,3.9999999850988388,3.6755225658416748
45,60.894599996507168,61.851733863353729,-151.32879996299744,-151.4192655980587,119.89999981597066,107.71696083247662,3,3.0865676701068878
1827,59.868499994277954,59.598009347915649,-152.9060999751091,-151.91432690620422,105.1000002771616,58.204494416713715,3.0999999940395355,3.1787057518959045
588,62.935999989509583,61.97980809211731,-147.2435000538826,-149.8936929255724,35.700000822544098,96.578102558851242,3.5999999642372131,3.3172418475151062
294,62.433300018310547,62.487752199172974,-150.57080000638962,-150.1122688986361,63.700001686811447,112.5638410449028,3.7999999970197678,3.9179757982492447
767,62.165799975395203,62.160038471221924,-152.08969992399216,-151.27824863791466,102.90000028908253,105.17669841647148,3.2999999821186066,3.5199041962623596
1846,61.471399992704391,61.250645071268082,-149.95299999788404,-149.34315361082554,39.800003170967102,58.44840407371521,3,3.1127931475639343
1754,62.181699991226196,62.480042338371277,-151.66910004615784,-147.00859504938126,86.500000208616257,0.52347779273986816,3,3.416664183139801
925,61.493099987506866,61.557014882564545,-149.94239999726415,-149.59165133535862,51.899999380111694,57.434871792793274,3.2999999821186066,3.5915642380714417
1708,60.930500000715256,60.5547955930233,-151.76499992609024,-150.46211470663548,83.900000900030136,50.813958048820496,3.5999999642372131,3.7472560107707977
436,59.869400024414062,59.368932008743286,-151.60430002212524,-151.11164966225624,52.299998700618744,142.17990264296532,3.199999988079071,3.5723152756690979
571,61.36939999461174,61.330048233270645,-150.0152000002563,-149.58887949585915,43.899998068809509,75.030352920293808,3.199999988079071,3.0776398479938507
393,59.603299975395203,59.371197938919067,-152.78269994258881,-151.64974880218506,86.59999817609787,77.890612185001373,3.0999999940395355,3.14568892121315
1459,61.486000001430511,62.224455595016479,-149.91209999844432,-149.03941109776497,54.700002074241638,34.019358456134796,3,3.1935006380081177
534,59.885900020599365,59.529357433319092,-152.30930006504059,-151.46576723456383,84.300000220537186,97.893571481108665,4.0999999791383743,3.9403340667486191
30,59.89110004901886,59.659750699996948,-152.90279996395111,-152.39015793800354,111.70000024139881,64.230844378471375,3,3.1762687861919403
2094,61.41100001335144,61.489889144897461,-149.84199999645352,-149.937391044572,27.999997138977051,72.40314781665802,3.0999999940395355,3.0612100660800934
1340,61.470800012350082,61.691398203372955,-149.98320000059903,-149.20365151762962,40.10000079870224,72.189755737781525,3.199999988079071,3.1814330220222473
1047,61.513700008392334,61.467467159032822,-149.92090000212193,-149.59102463722229,41.100002825260162,68.22512298822403,3,3.1348612010478973
2204,60.14410001039505,59.850118279457092,-152.76559996604919,-151.67910182476044,108.20000059902668,58.177314698696136,3.2999999821186066,3.0836979746818542
1865,61.831499993801117,61.897677421569824,-151.73699998855591,-150.9825142621994,108.59999991953373,64.068064093589783,3.6999999582767487,3.8660638332366943
861,62.128900051116943,62.458207249641418,-150.27169999480247,-149.70331509411335,17.30000227689743,71.573946624994278,3.0999999940395355,3.472478449344635
1898,59.988700032234192,59.393322944641113,-151.64800000190735,-150.94832709431648,55.699996650218964,145.00853233039379,3.3999999761581421,3.5731092095375061
344,62.129299998283386,62.189290046691895,-150.36519999057055,-149.74413806945086,53.599998354911804,35.409554839134216,3.6999999582767487,3.9956496208906174
556,59.758599996566772,59.399618864059448,-152.62339997291565,-152.01466602087021,81.999998539686203,84.964573383331299,3.0999999940395355,3.2582482695579529
2151,60.104200005531311,59.984512567520142,-152.85259991884232,-152.44907015562057,112.39999998360872,49.557827413082123,3.4999999701976776,3.4026871919631958
1960,59.424200057983398,59.142407178878784,-152.58509999513626,-151.09873723983765,77.799998223781586,55.863648653030396,3,3.1526267230510712
2174,62.905900001525879,62.559027433395386,-151.12540000677109,-150.53558702766895,123.4000000404194,31.655669212341309,3,3.0782941281795502
352,62.532799959182739,62.497998476028442,-151.07309997081757,-149.97534457314759,83.500001579523087,102.77438350021839,3.2999999821186066,3.6188801229000092
91,59.971199989318848,60.179301083087921,-152.97339999675751,-152.69057321548462,126.30000000353903,47.663852572441101,3.3999999761581421,3.3956218957901001
845,60.146899998188019,59.824421525001526,-150.71890000998974,-150.54465512931347,59.900000691413879,144.70799639821053,3.0999999940395355,3.0308091044425964
1687,60.595099985599518,60.229722559452057,-150.64230000972748,-150.04074047505856,56.400001049041748,88.748473674058914,3,3.0710322260856628
932,62.718700051307678,62.63161301612854,-148.63079997897148,-148.63781708478928,63.599999994039536,129.3751522898674,3.7999999970197678,3.586336612701416
808,62.391499996185303,62.288399457931519,-148.33919996023178,-148.31516522169113,29.200002551078796,120.47764332965016,3.199999988079071,3.4237123131752014
261,62.747900009155273,62.707753300666809,-148.99070003628731,-149.11186140775681,67.800000309944153,103.92451845109463,3.5999999642372131,3.5719428062438965
2189,62.914399981498718,62.720893025398254,-151.21080002188683,-150.73962172865868,107.89999924600124,54.080039262771606,3.0999999940395355,3.0490906834602356
582,62.080299973487854,62.161916613578796,-151.26340001821518,-150.40728597342968,75.300000607967377,60.00179797410965,3,3.2151065468788147
590,60.028699994087219,59.593608379364014,-151.60260003805161,-151.12222024798393,56.800000369548798,141.44452847540379,3,3.1043547391891479
567,61.845099985599518,61.328442811965942,-148.37690001726151,-149.54668571054935,78.299999237060547,82.38394558429718,3,3.0730028450489044
765,62.971400022506714,62.808301210403442,-148.85100004076958,-149.15191644430161,9.0999975800514221,86.935006082057953,3.199999988079071,3.2857839167118073
888,61.185699999332428,61.172518149018288,-149.18280002474785,-148.92056652903557,35.899996757507324,75.136877596378326,3.7999999970197678,3.7011658251285553
2156,59.352100014686584,59.114348411560059,-152.7775000333786,-151.41775488853455,72.200000286102295,43.858751654624939,3.199999988079071,3.0830790996551514
2183,62.842200040817261,62.72713315486908,-148.2807000875473,-148.39266926050186,73.800001293420792,80.814436078071594,4.0999999791383743,3.8105868101119995
1423,61.371300011873245,61.148838445544243,-149.710399992764,-149.34320470690727,35.199999809265137,64.779382199048996,4.3999999947845936,3.6898977756500244
300,61.364100009202957,61.270233303308487,-151.69879996776581,-150.62964078783989,87.699998170137405,60.980632901191711,3,3.1720205247402191
605,61.767199993133545,61.203064024448395,-151.66509997844696,-150.70995917916298,91.600000858306885,53.14500629901886,3.0999999940395355,3.2048259079456329
999,61.71969997882843,61.873355686664581,-150.89039996266365,-150.26390435546637,63.099998980760574,84.365122020244598,5.2000000029802322,5.0814532935619354
1647,60.842099994421005,60.594254493713379,-151.61630004644394,-151.14424341917038,73.399998247623444,59.72801148891449,3.2999999821186066,3.6069744229316711
315,62.335800051689148,62.219603538513184,-149.59839999675751,-149.34944289922714,44.299997389316559,101.2982502579689,3.7999999970197678,3.9623692631721497
1622,59.178400039672852,59.201675534248352,-152.91100001335144,-151.39032080769539,72.900000959634781,56.736886501312256,3.199999988079071,3.2431999146938324
453,61.00760000012815,61.135407790541649,-149.04910004138947,-148.78109067678452,12.299999594688416,70.002425462007523,3.5999999642372131,3.8625654280185699
175,61.478899985551834,61.444746166467667,-147.47569996118546,-147.71810621023178,1.5999972820281982,91.953538358211517,3.0999999940395355,3.1244346499443054
1676,59.177199959754944,59.270234823226929,-149.2703999876976,-150.473264336586,24.999998509883881,88.9752097427845,3.2999999821186066,3.1728054285049438
1033,60.856800004839897,60.292342364788055,-148.54119998216629,-150.11847688257694,67.200001329183578,48.216007649898529,3.0999999940395355,3.6857818365097046
1912,61.658100008964539,61.693755805492401,-147.73400008678436,-148.13012802600861,18.299996852874756,77.05528661608696,3.3999999761581421,3.0131559669971466
123,60.255900025367737,59.988134741783142,-152.60549998283386,-152.15371942520142,106.3000001013279,75.418382883071899,3,3.1847962439060211
637,62.60450005531311,62.552151679992676,-151.46199998259544,-150.38125683367252,2.0999982953071594,70.482354611158371,3,3.338885486125946
394,61.652300000190735,61.56365954875946,-149.84770000353456,-149.44308257102966,38.300000131130219,63.486188650131226,3.2999999821186066,3.574871152639389
1725,61.731800019741058,61.74528843164444,-148.18169993162155,-147.99353921413422,13.999998569488525,86.754746735095978,3.199999988079071,3.2322668731212616
1574,61.228300005197525,61.073204725980759,-147.00879997014999,-147.46739745140076,0.6999969482421875,43.35959255695343,3.7999999970197678,3.8402961641550064
39,60.344200015068054,59.998176574707031,-151.30439999699593,-150.52688996493816,33.699996769428253,111.09218839555979,3.199999988079071,3.3820357918739319
462,59.866500020027161,59.330640554428101,-152.20330005884171,-151.07611799240112,68.900000303983688,142.2724612057209,3.199999988079071,3.3091101050376892
630,61.884700000286102,61.837234199047089,-151.05050003528595,-150.22891491651535,80.099999904632568,63.258595764636993,3.199999988079071,3.5802589058876038
693,61.705200016498566,61.545085370540619,-149.78309999406338,-149.17173421382904,28.899997472763062,53.878560662269592,3.0999999940395355,3.0728005170822144
331,59.61710000038147,59.340386867523193,-152.60009998083115,-151.3762980401516,84.300000220537186,104.56304438412189,3,3.1178938150405884
194,61.439399987459183,62.421564817428589,-151.89030003547668,-151.64994585514069,66.300000995397568,110.58639176189899,3.0999999940395355,4.0077850520610809
2098,60.635600000619888,60.796962171792984,-147.40919995307922,-147.42172104120255,11.299997568130493,48.204973340034485,3.2999999821186066,3.1933080554008484
322,61.305099993944168,61.39194917678833,-150.44859999418259,-149.91531945951283,41.599996387958527,82.036286592483521,3,3.0489154458045959
266,59.872900009155273,59.472798109054565,-151.06360003352165,-150.81753399968147,46.700000762939453,112.05640342086554,3,3.3098793625831604
1975,62.884999990463257,62.719958066940308,-148.89120000600815,-148.91401585936546,70.599999278783798,54.322630167007446,3.199999988079071,3.4942511916160583
1936,61.758099973201752,61.214181259274483,-152.42170000076294,-151.56345158815384,140.90000092983246,81.893064081668854,3.4999999701976776,3.6031801700592041
579,62.28849995136261,62.439919948577881,-150.87490001320839,-150.08297138661146,60.999996960163116,104.77610491216183,3.5999999642372131,3.7165152132511139
1173,61.446999996900558,61.50733745098114,-150.12640000507236,-149.80795430392027,18.899999558925629,62.629725784063339,3.199999988079071,3.1825891435146332
1422,61.477899998426437,61.416024178266525,-150.05450000055134,-149.54156662523746,30.000001192092896,57.269707322120667,3.4999999701976776,3.6569716930389404
1746,59.003700017929077,59.185727477073669,-152.40929996967316,-151.31070801615715,59.699997305870056,47.883704304695129,3,3.1633005738258362
1683,60.759700000286102,60.253713428974152,-152.16470003128052,-151.08410489559174,94.499999657273293,52.546985447406769,3.0999999940395355,3.4671252965927124
1314,61.421499997377396,61.403279721736908,-149.98730000015348,-149.35623612999916,31.599998474121094,61.914712190628052,3.4999999701976776,3.6131685376167297
756,62.365900039672852,62.440354228019714,-151.49859997630119,-150.58996371924877,96.599999815225601,107.6833289116621,3.199999988079071,3.629274845123291
1138,61.470800012350082,61.339896321296692,-149.89910000190139,-148.85210126638412,49.800001084804535,54.999478161334991,4.3999999947845936,4.3682637400925159
650,62.07669997215271,61.761282861232758,-151.73659998178482,-150.15626101568341,102.09999978542328,54.176881909370422,3.0999999940395355,3.4415169954299927
2128,62.858000040054321,62.743089199066162,-150.78960004448891,-150.31248810142279,105.20000010728836,45.173719525337219,3.8999999910593033,3.9488094449043274
719,60.012000024318695,59.609469294548035,-152.7127999663353,-151.33157551288605,94.79999914765358,64.936723560094833,3.5999999642372131,3.6064374446868896
572,61.653400003910065,61.893014788627625,-150.9757000207901,-150.42751778662205,51.200002431869507,58.321356773376465,3.0999999940395355,3.5310325026512146
1821,59.429399967193604,59.236265659332275,-152.77870005369186,-151.39362654089928,90.1000015437603,51.721274852752686,3.0999999940395355,3.1640448868274689
1878,59.70990002155304,59.187701821327209,-152.04799997806549,-150.8996000289917,81.999998539686203,149.01239611208439,3.4999999701976776,3.496216893196106
2160,62.983700037002563,62.872899532318115,-151.22240003943443,-150.13374060764909,130.40000014007092,21.790817379951477,3.0999999940395355,3.054386168718338
1452,61.38629999756813,61.530007362365723,-150.03729999996722,-147.87012147903442,43.399997055530548,73.070015758275986,3.5999999642372131,3.6842463612556458
965,60.110400021076202,60.041057229042053,-148.30759996175766,-148.80086436867714,18.899999558925629,37.822544574737549,3,3.1155045926570892
1812,62.337800025939941,62.314984798431396,-149.80380000919104,-150.35301974415779,48.299998044967651,73.43752309679985,3,3.0981419384479523
1182,61.350899994373322,61.33402892947197,-150.08890000171959,-150.0674505662173,24.199999868869781,100.55848583579063,3.0999999940395355,3.1866952478885651
1824,60.437699973583221,60.158986210823059,-150.88260000944138,-150.4606187492609,66.300000995397568,113.30919340252876,3.2999999821186066,3.076749175786972
2115,61.74099999666214,61.459124058485031,-152.12879991531372,-150.94059482216835,118.6000001616776,59.192590415477753,3.0999999940395355,3.0446533262729645
649,60.913800001144409,60.903592184185982,-149.49269999563694,-149.0283830165863,37.399999797344208,92.174902558326721,3.8999999910593033,3.6655383110046387
1289,61.388200014829636,61.364679872989655,-149.94660000130534,-149.3854705542326,33.399999141693115,62.063701450824738,3.4999999701976776,3.5104297399520874
1044,60.08899998664856,59.79145073890686,-152.9708000421524,-152.19162118434906,106.00000061094761,49.985185265541077,3.199999988079071,3.3271707594394684
365,62.954300045967102,62.821889162063599,-149.64640000462532,-149.56080704927444,75.800001621246338,85.665926337242126,3.7999999970197678,3.7866349071264267
1266,61.511099994182587,61.632144510746002,-149.92689999751747,-149.78742847591639,32.399997115135193,51.816433668136597,3.2999999821186066,3.3436712622642517
1317,61.3716000020504,61.499542355537415,-149.98400000017136,-148.78686287999153,29.299996793270111,58.532349765300751,3,3.1077284216880798
1249,61.468600004911423,61.517026841640472,-149.90240000188351,-149.5976365506649,35.80000251531601,58.701649308204651,3.0999999940395355,3.2817678451538086
1922,61.108499996364117,60.937789641320705,-151.52679991722107,-150.90605834126472,81.50000125169754,85.43207123875618,3.4999999701976776,3.6157233417034149
583,59.653800010681152,59.394380331039429,-152.69449996948242,-151.9433491230011,98.30000065267086,78.490059822797775,3.0999999940395355,3.1625261306762695
742,60.549199998378754,60.717639088630676,-149.67410000413656,-149.503547295928,36.70000284910202,72.740934789180756,3.4999999701976776,3.5823498666286469
2138,61.298000007867813,61.16058923304081,-147.98199999332428,-147.94436931610107,18.500000238418579,55.297046899795532,3.2999999821186066,3.1990656852722168
856,61.456499993801117,61.395579755306244,-149.91070000268519,-149.35225613415241,35.80000251531601,60.07511168718338,3.0999999940395355,3.1665562391281128
906,61.687600016593933,62.031929969787598,-150.34520000964403,-150.0024919504649,42.199999094009399,101.34655423462391,3.2999999821186066,3.4679200351238251
1614,59.807700037956238,59.384667634963989,-152.88440001010895,-151.38780918717384,102.39999927580357,91.544743627309799,3.4999999701976776,3.5777502357959747
819,59.812199950218201,59.258712410926819,-152.21219998598099,-151.64309799671173,70.099998265504837,136.08583435416222,3.3999999761581421,3.7564416825771332
1299,61.472099989652634,61.685438871383667,-150.04990000091493,-149.65395180881023,34.599997103214264,53.784504532814026,3.0999999940395355,3.1616283059120178
1091,61.271899998188019,61.11193972826004,-151.17949998378754,-150.0050658385735,65.600000321865082,46.344161033630371,3,3.1545760631561279
318,61.051699999719858,61.141867354512215,-151.14419996738434,-150.92492374777794,16.099996864795685,88.716216385364532,4.6000000052154064,4.0079597979784012
679,62.707599997520447,62.762122273445129,-149.78279998898506,-149.5434430539608,49.800001084804535,105.27757741510868,3.0999999940395355,3.1586410403251648
2032,60.105599999427795,59.653259992599487,-151.74070000648499,-150.8591496348381,63.999999314546585,175.52389204502106,4.1999999955296516,3.608937531709671
780,61.551699995994568,61.484020173549652,-149.92710000090301,-148.87085652351379,44.500000774860382,70.827752351760864,3,3.3523584008216858
1893,59.60860002040863,59.126131772994995,-152.56720000505447,-151.17856398224831,69.699998944997787,52.099607884883881,3.4999999701976776,3.4288216531276703
1190,61.420500010251999,61.311582833528519,-151.66200006008148,-151.19962996244431,84.699999541044235,72.302732616662979,3.9999999850988388,3.9271014779806137
343,60.022800028324127,59.851117849349976,-152.95189994573593,-152.75636690855026,107.00000077486038,29.814660549163818,3,3.4739871025085449
398,61.350400000810623,61.282696396112442,-150.16780000180006,-149.56704765558243,42.900003492832184,70.780307054519653,4.9000000208616257,4.065976157784462
584,61.692099988460541,61.697172403335571,-150.71529999375343,-150.05795804969966,2.8999969363212585,76.764736324548721,3.3999999761581421,3.6184650957584381
1710,62.577499985694885,62.672959804534912,-150.64899998903275,-149.83036440610886,13.199999928474426,101.97358578443527,3,3.1153673529624939
1866,61.197799995541573,61.022479709237814,-149.61230000853539,-149.04440492391586,36.399997770786285,65.207391977310181,3.199999988079071,3.1510692536830902
292,60.033699989318848,59.559775114059448,-152.62190008163452,-151.59959489107132,101.39999911189079,76.986756175756454,3.3999999761581421,3.6160136461257935
865,62.11489999294281,62.294758796691895,-152.57529991865158,-151.85185468196869,0.79999864101409912,105.42760416865349,3.0999999940395355,3.0989779829978943
1106,61.718500018119812,61.427811741828918,-149.94790000095963,-148.93407216668129,37.299998104572296,57.989679276943207,3.0999999940395355,3.4506892561912537
1165,61.280200004577637,61.306920558214188,-150.10009999573231,-149.73845513910055,32.899998128414154,85.63232421875,3.2999999821186066,3.4455352127552032
141,62.226400017738342,62.448827743530273,-148.19770002365112,-148.29987144470215,32.200001180171967,106.42007365822792,4.1999999955296516,4.1523789390921593
1974,59.127099990844727,59.110438346862793,-152.26709997653961,-151.26631504297256,60.699999332427979,108.2959808409214,3.5999999642372131,3.2633647620677948
2,61.275799989700317,59.84852409362793,-152.27089995145798,-152.85661822557449,9.9999979138374329,78.317258507013321,3,4.1948082447052002
576,61.556500017642975,61.619028449058533,-150.77369999885559,-150.0438394183293,59.399999678134918,72.851341217756271,3.0999999940395355,3.3801208734512329
1776,61.352400004863739,61.352372080087662,-150.71370001137257,-150.0664722751826,63.000001013278961,73.57015460729599,3.2999999821186066,3.1734443306922913
339,60.321699976921082,59.854878425598145,-151.4602999985218,-151.04222255945206,53.599998354911804,152.39650756120682,3.5999999642372131,3.5701214075088501
889,59.920500040054321,59.906800270080566,-148.26710003614426,-149.45700341463089,26.100002229213715,62.851618975400925,3,3.0858975648880005
265,60.46780002117157,60.020168244838715,-150.83930003643036,-150.42455108463764,58.20000171661377,54.417259991168976,3.8999999910593033,3.7665345221757889
376,60.004800021648407,60.168114840984344,-147.40589994192123,-147.77275514602661,10.099999606609344,51.989302039146423,3,3.0874566435813904
963,62.922199964523315,62.925922751426697,-150.51199999451637,-150.10539152473211,86.59999817609787,50.923794507980347,3.9999999850988388,4.0216498821973801
439,60.455699980258942,59.935764670372009,-152.76399993896484,-152.10072863101959,13.099998235702515,102.54811123013496,4.0999999791383743,4.2354772612452507
271,61.987500011920929,62.005110621452332,-149.80610000342131,-149.39381884038448,35.40000319480896,41.758567094802856,3.0999999940395355,3.644322395324707
244,60.331700026988983,59.770956754684448,-152.59649991989136,-151.41088038682938,115.69999996572733,77.510450035333633,3.199999988079071,3.4039015173912048
1475,61.478100001811981,61.81001204252243,-150.00020000000222,-149.26858860254288,39.70000147819519,37.778481841087341,3.199999988079071,3.2194977700710297
1533,61.31580001115799,61.072729364037514,-147.39690005779266,-147.63523703813553,18.10000091791153,45.727238059043884,3.6999999582767487,3.961718738079071
2074,59.936400055885315,59.55739426612854,-152.39130002260208,-151.10234570503235,81.599999219179153,75.473200529813766,3.3999999761581421,3.058722048997879
916,59.28849995136261,59.129879474639893,-152.42879998683929,-151.05066141486168,62.10000067949295,78.287679702043533,3.4999999701976776,3.2091570496559143
607,59.840399980545044,59.415925979614258,-151.97510004043579,-151.10880267620087,76.200000941753387,138.23404163122177,3.199999988079071,3.1110762655735016
415,61.817799985408783,61.889282047748566,-151.10060003399849,-150.27885773777962,68.300001323223114,63.804369419813156,4.3999999947845936,4.7439461946487427
273,60.491299986839294,59.975101947784424,-151.86750000715256,-150.89446011185646,77.899999916553497,72.191648185253143,3.4999999701976776,3.8753588497638702
1087,59.953299999237061,59.868244886398315,-149.15740004181862,-149.56398220360279,0.6000027060508728,65.191954374313354,3,3.0677550137042999
250,61.224800005555153,60.896731771528721,-151.31029996275902,-150.27215664088726,69.699998944997787,68.651434034109116,3,3.1861402988433838
413,61.643400013446808,61.639266312122345,-151.95970004796982,-150.82140621542931,113.30000031739473,69.833006709814072,3.0999999940395355,3.0977068841457367
2201,61.052999999374151,60.801875352859497,-151.07699999213219,-150.42306527495384,64.800001680850983,76.54111459851265,3,3.0422487258911133
1554,62.942199945449829,62.764250874519348,-148.78529995679855,-148.85783717036247,65.400000661611557,52.808366715908051,3.4999999701976776,3.6606906652450562
310,62.015300035476685,61.929454505443573,-148.26759999990463,-148.50470772385597,26.799999177455902,48.988357186317444,3.199999988079071,3.4719772338867188
788,59.991299986839294,60.143280446529388,-147.19200003147125,-147.50459682941437,1.1999979615211487,60.392297804355621,3.199999988079071,3.2167836427688599
772,61.450899988412857,61.370972633361816,-147.12170004844666,-147.44668006896973,14.899998903274536,42.784698307514191,3.4999999701976776,3.5386324524879456
425,61.168099999427795,60.179374575614929,-151.96619993448257,-152.72373908758163,136.40000019222498,46.45751416683197,3.9999999850988388,3.3724882006645203
2140,61.864000022411346,61.808317601680756,-151.8659999370575,-151.04258009791374,114.69999980181456,59.948079288005829,3.3999999761581421,3.2396281957626343
1357,61.365099996328354,61.382691442966461,-150.00839999970049,-149.4823846668005,27.300000190734863,65.732862800359726,3.5999999642372131,3.7187328636646271
1935,60.89130000025034,60.818121194839478,-150.01710000028834,-149.54003119468689,49.400001764297485,77.181637287139893,4.0999999791383743,3.7572020441293716
1610,60.80120000243187,59.918950438499451,-149.60510002076626,-150.60495655238628,100.19999928772449,153.4393522888422,3.6999999582767487,3.1390221118927002
974,61.553900003433228,61.442831248044968,-149.91630000248551,-149.13615131378174,46.199999749660492,68.078160285949707,3.8999999910593033,3.6356092393398285
1225,61.405600011348724,61.411171168088913,-150.0903999991715,-149.70066399872303,20.099997520446777,68.171288818120956,3.2999999821186066,3.1519609093666077
964,59.880200028419495,59.80189323425293,-148.86790001392365,-149.54856415092945,11.600002646446228,54.918810725212097,3.2999999821186066,3.3097849488258362
526,59.799399971961975,59.373838186264038,-152.18099999427795,-151.43024808168411,59.900000691413879,80.197043716907501,3,3.1210016012191772
2010,60.06029999256134,59.823618173599243,-152.98530006408691,-152.3418704867363,123.49999998696148,45.361928641796112,3.199999988079071,3.103621780872345
900,59.935400009155273,59.780960083007812,-152.92119991779327,-151.2384957075119,83.900000900030136,69.103062152862549,4.2999999895691872,3.536832869052887
182,60.328400015830994,60.17850399017334,-150.32750000059605,-149.75641087442636,55.100001394748688,58.748871088027954,3.199999988079071,3.2127116024494171
170,62.956099987030029,62.828157067298889,-147.93360006809235,-148.80756390094757,64.300000667572021,45.746892690658569,3,3.1791370511054993
1655,60.286899983882904,59.902486801147461,-152.32489997148514,-151.06621733307838,88.700000196695328,92.686459422111511,3.7999999970197678,3.27861088514328
810,59.836199998855591,59.899228930473328,-152.86369997262955,-152.2871612906456,103.80000062286854,64.673811197280884,3.5999999642372131,3.7082597315311432
187,60.996199999935925,60.451468527317047,-152.41870003938675,-151.69438326358795,117.39999987185001,59.064179658889771,3.4999999701976776,3.7140561640262604
619,59.701900005340576,59.180124521255493,-152.0741999745369,-151.37645593285561,61.800003051757812,168.40813681483269,3.8999999910593033,3.5805172920227051
1965,62.380399942398071,62.460037231445312,-148.31849992275238,-148.73644548654556,41.900001466274261,60.671582818031311,3.199999988079071,3.245624452829361
158,59.052199959754944,59.253992319107056,-152.49949997663498,-151.90509223937988,61.700001358985901,59.817858040332794,3,3.1370059847831726
886,61.531000018119812,61.469217896461487,-151.95970004796982,-150.9229781627655,108.20000059902668,65.496500581502914,3.3999999761581421,3.4011453688144684
272,59.78410005569458,59.243321657180786,-152.17750006914139,-151.48631501197815,63.79999965429306,89.447975158691406,3,3.3029545247554779
614,59.023000001907349,59.186634659767151,-152.90789991617203,-151.39524713158607,70.199999958276749,72.721071541309357,3.2999999821186066,3.2176991701126099
1842,60.31029999256134,59.879544734954834,-151.27409997582436,-150.67288662493229,63.700001686811447,123.78480390179902,3.199999988079071,3.2517769932746887
1061,60.495000004768372,60.008708357810974,-151.46199998259544,-150.67991383373737,72.099998593330383,73.656346648931503,3,3.1659452319145203
2173,59.221300005912781,59.116706609725952,-151.52230006456375,-151.07572290301323,45.500002801418304,73.006380349397659,3.0999999940395355,3.0865960121154785
371,60.253899991512299,59.709793567657471,-152.50110000371933,-151.47384855151176,87.699998170137405,80.419361591339111,3.9999999850988388,3.8901107311248779
222,60.952500000596046,60.709112197160721,-150.6618999838829,-149.91573058068752,44.900000095367432,75.159352272748947,3.9999999850988388,3.6679583787918091
593,60.499300003051758,60.599877655506134,-148.12070006132126,-148.02620244026184,1.5999972820281982,89.927405118942261,3,3.1042765080928802
1848,59.085999965667725,59.151740908622742,-152.6068999171257,-151.53703826665878,61.999998986721039,41.624277830123901,3.4999999701976776,3.3219746053218842
1057,60.246100008487701,59.90412449836731,-152.51539993286133,-151.29282090067863,99.400000646710396,71.85778021812439,4.1999999955296516,3.9211222529411316
1921,60.149200022220612,60.400467395782471,-152.98790001869202,-152.68780124187469,129.80000022798777,54.169639945030212,3.2999999821186066,3.4317151308059692
136,60.351100027561188,60.010414719581604,-150.37479999661446,-150.46124146878719,43.999999761581421,83.153121173381805,3.2999999821186066,3.2754355072975159
518,61.745100021362305,61.946496605873108,-148.15850007534027,-148.21391612291336,20.099997520446777,78.683409839868546,3,3.133493185043335
2009,59.557899951934814,59.183252811431885,-152.8561999797821,-152.3145917057991,92.199999839067459,35.816818475723267,3.2999999821186066,3.1238954365253448
334,60.987599999643862,60.803676918148994,-150.82929995656013,-150.11380089819431,55.500000715255737,77.00004056096077,4.8000000044703484,4.2242263108491898
2181,62.695000052452087,62.792986392974854,-148.85799998044968,-149.07635504007339,56.800000369548798,63.504256308078766,3.3999999761581421,3.1557486355304718
1382,61.486200004816055,61.357746213674545,-149.9311999976635,-149.39894485473633,40.799997746944427,57.42095410823822,3.4999999701976776,3.3742584586143494
1251,61.318500012159348,61.327371805906296,-150.03359999880195,-149.39959055185318,36.499999463558197,73.786772787570953,3.7999999970197678,3.7234758138656616
838,59.610399961471558,59.64980411529541,-149.71650000661612,-149.97728301817551,56.999996304512024,120.4931722022593,3.199999988079071,3.0837633311748505
710,60.096400022506714,59.701554775238037,-152.58569991588593,-151.63188064098358,91.200001537799835,37.632554769515991,3.2999999821186066,3.40602046251297
15,62.974900007247925,62.94131600856781,-150.84149998426437,-150.33297720551491,110.39999965578318,62.953334301710129,3.2999999821186066,3.4738436937332153
1651,60.246599972248077,59.864194989204407,-152.67280000448227,-151.3644298017025,103.29999960958958,63.769061118364334,4.1999999955296516,4.013417512178421
1107,60.725800007581711,61.607016265392303,-148.64550000429153,-151.53568518161774,247.19999730587006,87.68828958272934,3.3999999761581421,3.2908705472946167
1830,60.387199997901917,59.954271554946899,-151.71520006656647,-151.0618380010128,71.499999612569809,95.824338495731354,3.0999999940395355,3.0422963798046112
2006,61.209800004959106,61.191754549741745,-151.49729999899864,-150.93367114663124,74.09999892115593,57.119674980640411,3.0999999940395355,3.3927172422409058
570,62.967399954795837,62.957009077072144,-150.31099998950958,-150.01342508196831,84.89999920129776,67.444507032632828,3,3.4346451759338379
654,62.965700030326843,62.894098877906799,-150.37880001962185,-150.10890832543373,86.500000208616257,84.265667945146561,3.199999988079071,3.2819108963012695
1105,61.39300000667572,61.133197978138924,-150.03010000102222,-149.02889201045036,38.500003516674042,53.068004548549652,3,3.082610160112381
1645,60.254899978637695,59.874495029449463,-150.99199998378754,-150.34256221354008,60.699999332427979,119.74874557927251,3,3.1717073321342468
465,59.848600029945374,59.660920858383179,-152.92380005121231,-152.57770353555679,114.90000039339066,34.855537116527557,3.3999999761581421,3.3479322195053101
1054,61.520699977874756,61.491885870695114,-149.91479999944568,-149.50937001407146,43.200001120567322,65.000366419553757,3.2999999821186066,3.4327300786972046
199,62.099599957466125,61.976198554039001,-147.55769991874695,-147.81389844417572,22.299997508525848,81.693843007087708,3,3.0672880411148071
1041,59.22599995136261,59.086369395256042,-152.09110003709793,-151.58574289083481,52.000001072883606,99.025631323456764,4.6000000052154064,4.2838421165943146
1426,61.444700002670288,61.243577033281326,-150.05079999938607,-149.02652370929718,39.099998772144318,65.363552421331406,3.0999999940395355,3.3080243468284607
1255,61.478399991989136,61.611166834831238,-149.93870000168681,-149.64058584719896,39.899997413158417,59.483982622623444,3.0999999940395355,3.1838437914848328
869,59.642799973487854,59.326614141464233,-149.66890000551939,-150.14364200457931,9.9000036716461182,81.584110856056213,3,3.0507338047027588
1341,61.4307000041008,61.51700621843338,-149.94089999981225,-149.52132220566273,24.999998509883881,53.499557077884674,3,3.1067615747451782
1133,59.848299980163574,59.317279100418091,-152.39019995927811,-150.85406425595284,74.000000953674316,129.85335942357779,3.0999999940395355,3.172468364238739
1544,62.425400018692017,62.475370168685913,-149.20389997959137,-149.04870200157166,35.80000251531601,103.00931520760059,3.199999988079071,3.3656653761863708
1110,60.974300000816584,60.811978697776794,-147.44319999217987,-147.54554396867752,19.900001585483551,67.094080150127411,3.0999999940395355,3.4227039813995361
591,60.210300028324127,59.782073140144348,-151.65880000591278,-151.09603330492973,58.20000171661377,160.2584533393383,3.6999999582767487,3.606086790561676
1345,61.470099985599518,61.432019203901291,-149.8994999974966,-149.4653048068285,33.699996769428253,57.344317436218262,3.5999999642372131,3.5727982521057129
1665,62.074699997901917,62.21585750579834,-151.33129996061325,-150.53728553652763,82.499999552965164,66.319730132818222,3.3999999761581421,3.786222830414772
2193,61.614400029182434,61.616587519645691,-150.66060000658035,-150.51242396235466,57.599999010562897,76.162707060575485,3.9999999850988388,3.6162393093109131
1581,62.535599946975708,62.670708894729614,-151.33769997954369,-150.40328644216061,89.999999850988388,65.218809992074966,3.7999999970197678,3.7202098667621613
937,61.625400006771088,61.566066086292267,-150.20120000839233,-149.61136320233345,44.699996709823608,50.267904996871948,3,3.101106584072113
1471,61.58490002155304,61.787902474403381,-149.83739999681711,-148.7759555876255,49.900002777576447,65.89314341545105,3.7999999970197678,3.6208093464374542
43,62.666499972343445,62.66304349899292,-149.84040000289679,-149.64555209130049,7.2000026702880859,118.93629841506481,3.199999988079071,3.1548826396465302
1232,61.353199988603592,61.346006870269775,-150.11259999498725,-149.717369556427,20.000003278255463,78.617017716169357,3,3.0695720314979553
274,62.225200057029724,61.988340497016907,-147.86479997634888,-148.11831343173981,31.800001859664917,33.22167694568634,3.3999999761581421,3.6481354236602783
1303,61.381000012159348,61.461812168359756,-149.95099999755621,-149.61608469486237,41.299998760223389,54.903879761695862,3.3999999761581421,3.4112318158149719
101,59.861400008201599,59.479670763015747,-152.3435999751091,-151.46426770091057,84.699999541044235,143.90011318027973,4.3999999947845936,4.1655245795845985
1839,59.128100037574768,59.104135513305664,-152.24570006132126,-151.45037484169006,57.300001382827759,76.818153262138367,3.4999999701976776,3.2618135511875153
1023,60.39819997549057,59.986436367034912,-152.23519992828369,-150.99645513296127,103.39999943971634,44.706732034683228,3.0999999940395355,3.224328339099884
1177,61.374399989843369,61.419846326112747,-150.10799999535084,-149.70875059068203,19.299998879432678,63.747748732566833,3,3.1136915981769562
107,59.497699975967407,59.13017737865448,-152.6457000374794,-151.27856487035751,71.100000292062759,62.86311149597168,3.9999999850988388,3.8255597501993179
962,60.53439998626709,60.568379640579224,-147.66329991817474,-147.71549445390701,5.0000026822090149,97.185377031564713,3,3.3593076467514038
497,60.887800000607967,60.943373072892427,-151.65719997882843,-150.7007199972868,76.299998909235001,72.284389287233353,3,3.1031694710254669
2194,62.323500037193298,62.216338396072388,-151.36019995808601,-151.00737324357033,86.399998515844345,58.568805456161499,3.3999999761581421,3.2742890417575836
1525,61.286799997091293,61.201357662677765,-150.52229999005795,-149.97650964930654,72.099998593330383,84.426470100879669,4.5,4.0196421593427658
1608,60.360099971294403,59.93476390838623,-152.42150008678436,-151.10961654782295,96.000000834465027,89.542597532272339,3.0999999940395355,3.4053211212158203
862,61.796000003814697,62.095199704170227,-149.68269999325275,-149.2439658343792,39.800003170967102,65.259240567684174,3,3.088993102312088
1146,61.313699990510941,61.303658217191696,-149.91909999959171,-149.80663617700338,44.500000774860382,90.79364687204361,3.5999999642372131,3.7433023452758789
1313,61.436500012874603,61.559946894645691,-149.93689999915659,-149.23416218161583,30.299998819828033,57.112343609333038,3,3.3916941583156586
1537,62.167400002479553,62.326256036758423,-148.55409997701645,-148.5519779920578,19.900001585483551,96.53051570057869,3.2999999821186066,3.5182769894599915
1999,59.526999950408936,59.323151826858521,-152.88680005073547,-151.99495589733124,100.70000030100346,31.800970435142517,3.2999999821186066,3.22799152135849
1352,61.335900008678436,61.339116662740707,-149.9906000001356,-149.43675617873669,37.10000216960907,71.857251226902008,3.9999999850988388,3.6259025931358337
841,61.451400011777878,61.392811238765717,-149.96060000080615,-149.28267855942249,37.199996411800385,71.776062250137329,4.0999999791383743,3.4530354738235474
712,59.583099961280823,59.737210512161255,-147.89689993858337,-148.93647891283035,21.99999988079071,64.188644289970398,3.7999999970197678,3.9115338921546936
72,62.935400009155273,62.743503451347351,-150.49529998004436,-149.79754415899515,89.600000530481339,99.554847925901413,3.8999999910593033,3.9921915382146835
500,60.807199999690056,60.903479568660259,-151.26130002737045,-150.63165508210659,62.89999932050705,77.90052518248558,3.7999999970197678,3.5465550720691681
1436,61.412200003862381,61.503730297088623,-150.06489999778569,-149.56198664009571,38.80000114440918,55.772110819816589,3,3.1102716028690338
1383,61.523299992084503,61.579994261264801,-149.93500000052154,-149.02857774496078,41.100002825260162,67.797325551509857,3.0999999940395355,3.3610745072364807
2003,59.914000034332275,59.396159410476685,-152.5722000002861,-151.19505000114441,84.699999541044235,78.414078801870346,3.0999999940395355,3.343123733997345
481,60.288699984550476,60.00569099187851,-152.2846999168396,-151.29866069555283,90.199999511241913,68.861987441778183,3,3.0891863107681274
1269,61.295700013637543,61.343401998281479,-150.01029999973252,-149.39155380427837,33.299997448921204,66.675521433353424,3.3999999761581421,3.5002148151397705
506,60.992300000041723,60.940585028380156,-151.97640001773834,-151.09831774234772,94.299999997019768,60.763344168663025,4.3999999947845936,4.0256496369838715
948,60.976299999281764,60.843654826283455,-149.36980001628399,-148.94044491648674,28.700001537799835,96.15350142121315,3.199999988079071,3.1981657147407532
1055,60.002399981021881,59.68513822555542,-152.85720008611679,-151.25057101249695,111.60000041127205,55.906116962432861,3.5999999642372131,3.6371459662914276
1258,61.39410001039505,61.41678375005722,-150.07630000077188,-149.71565390378237,38.300000131130219,61.831340193748474,4.6000000052154064,4.261921115219593
2199,62.004799962043762,62.325811147689819,-149.88860000297427,-149.70377618819475,39.70000147819519,70.844896137714386,3.0999999940395355,3.0826221406459808
1264,61.365799993276596,61.471738308668137,-150.01670000050217,-149.9115017876029,41.599996387958527,87.218500673770905,3,3.1020891666412354
1566,62.978899955749512,62.867588758468628,-150.63579998910427,-149.97756968485191,113.4000001475215,59.655934572219849,5.0000000149011612,4.9217206388711929
1447,61.463099986314774,61.179008111357689,-150.12789999693632,-149.46758137643337,45.19999772310257,53.655780851840973,3.0999999940395355,3.1152050793170929
1697,62.113299965858459,62.340774774551392,-150.25719999521971,-149.59834384918213,14.799997210502625,102.52380184829235,3.7999999970197678,3.7423822581768036
1241,61.44530001282692,61.455911904573441,-150.07340000197291,-149.63987215608358,20.099997520446777,54.606512188911438,3,3.137275367975235
311,62.393399953842163,62.346709609031677,-149.88870000466704,-149.10169896483421,1.9999966025352478,56.364402174949646,3.0999999940395355,3.0362408459186554
1730,60.78659999370575,60.343579709529877,-151.75140005350113,-150.77706840634346,74.900001287460327,72.441384196281433,3.2999999821186066,3.3282728791236877
405,62.041599988937378,62.149402618408203,-150.516999989748,-150.07363799214363,60.000002384185791,72.143543511629105,3.199999988079071,3.2815067768096924
879,60.250999987125397,59.692716360092163,-151.58010005950928,-150.98092299699783,63.499998301267624,144.69755254685879,3.2999999821186066,3.4402040541172028
1043,61.493099987506866,61.275860607624054,-149.75379998981953,-149.52310802042484,52.699998021125793,72.194758802652359,3.0999999940395355,3.3526581823825836
1491,61.506399989128113,61.940488755702972,-149.94899999722838,-149.79490361362696,35.999998450279236,70.425242185592651,3,3.3063972294330597
979,61.374900013208389,61.43565171957016,-150.59039998054504,-150.104303073138,53.900003433227539,49.841910600662231,3.199999988079071,3.49297034740448
2087,59.956799983978271,59.643435955047607,-152.98099994659424,-152.28606086969376,115.39999954402447,63.53754922747612,3,3.1075328886508942
309,61.704200029373169,61.99146294593811,-150.82549998164177,-150.32539317011833,56.599996984004974,73.603514581918716,4.1999999955296516,4.5248578665778041
226,59.705899953842163,59.256202816963196,-152.17250007390976,-151.35940378904343,68.900000303983688,119.19763358309865,3.199999988079071,3.2722034454345703
743,62.578999996185303,62.525818586349487,-151.37489998340607,-150.52139268815517,91.80000051856041,119.17810328304768,3,3.2133499681949615
806,62.416900038719177,62.313585996627808,-148.50390002131462,-148.55267536640167,37.399999797344208,129.30971477180719,3,3.0906375646591187
2024,62.238100051879883,62.340175747871399,-150.85950002074242,-150.29555625468493,62.800001353025436,48.182494938373566,3.3999999761581421,3.5252743363380432
1000,59.946900010108948,59.500796318054199,-151.54150003194809,-150.61491130292416,59.299997985363007,119.23628626391292,3,3.122007429599762
1461,61.398299992084503,61.329858303070068,-150.05899999849498,-149.38636909425259,39.099998772144318,66.931560635566711,3.5999999642372131,3.5574619174003601
1818,59.862499952316284,59.267191171646118,-151.7661999464035,-150.85405406355858,48.699997365474701,180.01749366521835,3,3.0506359934806824
1784,61.684000015258789,61.748571991920471,-151.61849999427795,-150.84205511212349,93.800000846385956,61.682172119617462,3.5999999642372131,3.8993401676416397
2025,59.561499953269958,59.226612329483032,-152.63559991121292,-151.03152564167976,88.500000536441803,38.073211908340454,3.2999999821186066,3.073246568441391
1071,62.935999989509583,62.945302128791809,-150.88559997081757,-150.44396974146366,113.4000001475215,66.347274929285049,3,3.2157897055149078
148,62.809700012207031,62.721909284591675,-149.43119998276234,-149.43224313855171,66.300000995397568,125.30131952371448,4.3999999947845936,4.3156391903758049
1164,61.343300014734268,61.427858650684357,-150.12480000033975,-149.88917995244265,20.000003278255463,71.641184389591217,3.0999999940395355,3.0972242653369904
1100,61.152999997138977,61.513543665409088,-151.6696999669075,-149.41916245222092,58.700002729892731,62.394842505455017,3,3.0465975701808929
1005,60.080999970436096,59.663859844207764,-152.86709994077682,-151.77321195602417,117.30000004172325,48.47060889005661,3.199999988079071,3.5707946419715881
291,61.041600000113249,60.464942991733551,-152.32180005311966,-151.98974883556366,14.899998903274536,110.42362451553345,3,3.0452453792095184
692,60.055299997329712,59.751451969146729,-151.70620000362396,-151.54152721166611,46.800002455711365,155.47353029251099,3.5999999642372131,3.7179334759712219
818,61.356099992990494,61.22482331097126,-151.37000003457069,-150.18979979306459,70.199999958276749,55.34663051366806,3.0999999940395355,3.0910922884941101
704,62.89549994468689,62.82582426071167,-149.65359999239445,-149.62108987569809,71.400001645088196,86.492080241441727,3.3999999761581421,3.4866364896297455
1090,59.859699964523315,59.463235020637512,-151.59500008821487,-150.90217897295952,48.699997365474701,169.49698701500893,3.2999999821186066,3.4087405800819397
1940,59.787999987602234,59.224435567855835,-152.97460001707077,-151.45753562450409,108.30000042915344,52.728191018104553,4.0999999791383743,3.758670374751091
1104,62.80019998550415,62.745962381362915,-149.62399998307228,-149.41461387276649,73.69999960064888,94.548499211668968,3.0999999940395355,3.446905642747879
575,61.013399999588728,61.092148087918758,-149.55579999089241,-148.93240901827812,28.300002217292786,77.700145542621613,3.4999999701976776,3.6030617952346802
557,59.765599966049194,59.321986556053162,-151.91129994392395,-151.48369547724724,55.500000715255737,140.77150635421276,3,3.1402120292186737
1706,60.315900027751923,60.333897531032562,-152.69039994478226,-152.19382381439209,105.20000010728836,53.096264600753784,3.2999999821186066,3.4963735342025757
701,59.047700047492981,59.272725820541382,-152.26190006732941,-151.30590623617172,69.899998605251312,60.320757329463959,3.3999999761581421,3.2313144207000732
1085,62.150799989700317,62.299032926559448,-150.88380002975464,-150.16550980880857,57.700000703334808,77.160056680440903,3.199999988079071,3.1956580281257629
1370,61.376700013875961,61.429367631673813,-150.06959999911487,-149.58340533077717,37.900000810623169,59.5058873295784,3.2999999821186066,3.5170884132385254
1506,61.397799998521805,61.399085581302643,-149.99800000002142,-149.63077799230814,46.999998390674591,113.56772854924202,4.5,3.7570902854204178
1601,60.774399995803833,60.441702663898468,-152.88659995794296,-152.5654816031456,5.0999969244003296,64.769450575113297,3.4999999701976776,3.6171392798423767
1951,60.037899971008301,59.507390975952148,-152.5692999958992,-151.04683676362038,99.799999967217445,100.56881047785282,3.199999988079071,3.1634978055953979
748,61.620100021362305,61.187057793140411,-150.1794999986887,-149.31356880068779,52.199997007846832,67.330863326787949,3.5999999642372131,3.3616941869258881
1376,61.470699995756149,61.682750344276428,-149.94739999808371,-149.62020009756088,38.40000182390213,54.135330021381378,3.0999999940395355,3.1021945774555206
1025,62.359799981117249,62.426624298095703,-151.31589996814728,-149.93705113604665,84.699999541044235,48.944436013698578,3.2999999821186066,3.7445594966411591
167,62.158400058746338,62.430533170700073,-152.54350000619888,-151.46022373437881,2.5999993085861206,105.61894439160824,3.6999999582767487,3.9545431137084961
730,59.174100041389465,59.137372612953186,-151.66280007362366,-151.19168239831924,44.600002467632294,80.115910619497299,4.2999999895691872,4.021780863404274
1208,61.467000007629395,61.599387109279633,-149.97599999886006,-149.70577309280634,20.70000022649765,60.81787496805191,3,3.021577388048172
286,59.274099946022034,59.384332060813904,-148.84199997782707,-149.8262451030314,29.700003564357758,45.709028840065002,3.0999999940395355,3.1611323654651642
1067,61.633000016212463,61.627810180187225,-149.70580000430346,-149.3294498026371,39.399996399879456,73.975536972284317,3.5999999642372131,3.6299464702606201
1905,61.832099974155426,61.943689227104187,-149.94839999824762,-149.51770247519016,37.600003182888031,53.664632141590118,3,3.1823951303958893
1029,60.522100001573563,60.800476863980293,-150.1896999925375,-150.32278297841549,41.900001466274261,116.64501298218966,3.199999988079071,3.6097608804702759
628,59.864400029182434,59.211368083953857,-152.45969992876053,-151.3244112432003,81.399999558925629,118.28511534258723,4.0999999791383743,3.6109598278999329
598,62.658100008964539,62.578845024108887,-149.58830000460148,-149.46584352850914,71.699999272823334,84.479771554470062,3.8999999910593033,4.0469810217618942
1163,61.414299994707108,61.334875285625458,-149.88140000402927,-149.45130497217178,29.399998486042023,69.017220288515091,3.2999999821186066,3.4417190551757812
377,59.929000020027161,59.530714273452759,-151.58050006628036,-151.11486053466797,65.799999982118607,118.58249036595225,3.0999999940395355,3.2556898891925812
1947,60.341400027275085,60.016743242740631,-152.39000004529953,-151.1046487390995,103.80000062286854,72.303891181945801,3.199999988079071,3.3480030298233032
1401,61.327499985694885,61.304612725973129,-150.04879999905825,-149.52375859022141,38.000002503395081,75.870025902986526,3.7999999970197678,3.7202683389186859
1886,61.844900012016296,61.836732268333435,-148.10580003261566,-148.00767588615417,28.599999845027924,103.23108918964863,3.2999999821186066,3.5727614164352417
1237,61.496899992227554,61.61985832452774,-149.90860000066459,-149.27042636275291,39.300002157688141,54.18078601360321,3.199999988079071,3.1499437093734741
1453,61.485700011253357,61.782625734806061,-150.07080000266433,-149.1663054227829,42.099997401237488,57.637229561805725,3.3999999761581421,3.2331409156322479
1080,61.894200026988983,61.887125492095947,-151.05269998311996,-150.04317043628544,54.700002074241638,62.642402946949005,3,3.0713007152080536
41,60.049799978733063,59.847850918769836,-152.94349998235703,-152.57607758045197,110.60000024735928,68.415574729442596,3,3.2222442626953125
2089,62.116000056266785,62.657447814941406,-147.75999999046326,-148.15387111902237,24.999998509883881,96.261071041226387,3,3.0628454089164734
892,62.279399991035461,62.489235877990723,-151.26079997420311,-150.45507189631462,81.90000057220459,66.124018281698227,3.4999999701976776,3.9023889452219009
1424,61.370700001716614,61.321723580360413,-150.00390000001062,-149.38940687477589,39.800003170967102,71.752045303583145,4.8000000044703484,4.2958266735076904
1918,61.29559999704361,61.3273746073246,-149.3614000082016,-148.65785345435143,34.000001847743988,53.253084421157837,3.7999999970197678,3.638888955116272
1053,59.608700037002563,62.027617812156677,-148.44599997997284,-149.08704096078873,26.799999177455902,85.371982306241989,3.0999999940395355,3.0437774956226349
1170,61.494500011205673,61.356167793273926,-149.92629999853671,-149.5505453646183,34.900002181529999,68.472012877464294,3.7999999970197678,3.5967639684677124
893,61.436100006103516,61.789054870605469,-149.95999999903142,-149.7777740880847,45.500002801418304,52.929908037185669,3.3999999761581421,3.5608823597431183
609,59.719099998474121,59.282508134841919,-151.03350001573563,-151.0017606317997,45.800000429153442,144.76629346609116,3.2999999821186066,3.1567856669425964
1242,61.314000010490417,61.341989070177078,-149.95889999996871,-149.36649969220161,40.700003504753113,66.382240504026413,3.2999999821186066,3.3987733125686646
1547,61.93419998884201,61.919465482234955,-149.91820000112057,-149.6434543132782,35.999998450279236,73.015201836824417,3,3.1082910597324371
2049,62.304000020027161,62.12576961517334,-149.79599998891354,-149.50269582867622,57.300001382827759,81.700358539819717,3.0999999940395355,3.1545808017253876
1523,61.086599998176098,60.986075451597571,-151.52629995346069,-150.91396540403366,70.099998265504837,76.721120625734329,3.3999999761581421,3.6351909935474396
1577,62.741999983787537,62.799375176429749,-149.0741999745369,-149.18602278828621,13.40000331401825,98.835991695523262,3,3.1088168621063232
493,59.881999969482422,59.669772386550903,-152.55460005998611,-151.61731231212616,84.89999920129776,78.242123126983643,3.6999999582767487,3.9634608775377274
2099,59.983800053596497,59.528957843780518,-152.00950008630753,-151.01612475514412,75.39999857544899,112.21146769821644,3,3.0293461382389069
277,62.853999972343445,62.749912977218628,-148.90720000863075,-149.08856204152107,11.799998581409454,84.126193076372147,3.199999988079071,3.2800485491752625
757,61.487199991941452,59.985962867736816,-152.39969998598099,-151.20335948467255,132.69999995827675,95.188640058040619,3,3.464504063129425
2124,60.367799997329712,59.962470889091492,-152.8274000287056,-152.45421177148819,127.79999990016222,76.312705874443054,3,3.0680467486381531
358,60.07039999961853,59.820347309112549,-152.88499993085861,-152.43819987773895,106.59999959170818,56.80914968252182,3.199999988079071,3.4394790530204773
1319,61.327199995517731,61.328251421451569,-150.03950000088662,-149.46821737289429,35.40000319480896,73.318034410476685,3.5999999642372131,3.5856784880161285
236,60.783999994397163,60.50003969669342,-150.90040004253387,-150.14064525067806,14.899998903274536,81.81757852435112,3,3.1185809075832367
551,60.065900027751923,59.822743892669678,-152.964399933815,-152.52115935087204,114.40000031143427,60.885235667228699,3,3.228990912437439
520,59.105499982833862,59.244016170501709,-149.18320003151894,-150.90174159407616,4.3999999761581421,66.751189529895782,3.0999999940395355,3.1653330624103546
2176,61.799499988555908,61.857210516929626,-151.59340006113052,-151.12024033069611,99.199999123811722,67.051175981760025,3.4999999701976776,3.4191389679908752
208,61.287600010633469,61.310538440942764,-150.29640001058578,-149.50067849457264,41.900001466274261,65.711021423339844,3,3.2318075895309448
1649,60.084800004959106,59.617538452148438,-152.79979991912842,-151.39585456252098,107.69999958574772,58.412671089172363,3.2999999821186066,3.4075199067592621
881,61.706300020217896,61.748431980609894,-149.5012000054121,-149.35941526293755,34.299999475479126,48.452019691467285,3,3.0816855132579803
720,61.901400029659271,62.095729827880859,-149.87159999459982,-149.33541950583458,38.900002837181091,65.415814518928528,3.0999999940395355,3.0832902789115906
1472,61.518299996852875,61.270793437957764,-149.99730000004638,-149.10682359337807,47.849997878074646,62.076285481452942,3.3999999761581421,3.4066057205200195
1858,59.306900024414062,59.295001745223999,-152.65060007572174,-151.12822392582893,99.99999962747097,58.79519134759903,3.0999999940395355,3.1533016562461853
1658,60.619500011205673,60.295321822166443,-150.71110001206398,-150.50686843693256,49.09999668598175,79.225700348615646,4.3999999947845936,4.0391343533992767
58,61.253199994564056,61.113170526921749,-147.03450000286102,-147.44474011659622,18.899999558925629,47.759845852851868,3.7999999970197678,3.8327781558036804
631,60.536199986934662,59.92186450958252,-151.5819000005722,-150.40273936092854,54.099999368190765,48.966512084007263,3.0999999940395355,3.1579045057296753
1883,61.95770001411438,61.755591928958893,-152.15649998188019,-150.40970832109451,127.60000000707805,44.941484928131104,3.199999988079071,3.4196646809577942
1558,60.054400026798248,59.77843177318573,-151.01080003380775,-150.40584428608418,61.999998986721039,108.93820039927959,3,3.1180767416954041
592,60.195599973201752,59.757944464683533,-151.67679995298386,-151.12411844730377,56.299999356269836,155.35042062401772,3,3.456896960735321
1954,59.675600051879883,59.374507665634155,-152.86480003595352,-152.183758020401,100.50000064074993,37.184052169322968,3.199999988079071,3.3218738436698914
363,61.91509997844696,62.28570032119751,-152.12010008096695,-150.85061851143837,118.40000003576279,87.609712034463882,3.3999999761581421,3.5922138690948486
1808,61.85589998960495,61.96463942527771,-150.27350000292063,-149.6834536716342,17.999999225139618,67.63896718621254,3.199999988079071,3.2761852741241455
505,62.910599946975708,62.916371822357178,-149.3391999900341,-149.3298037648201,53.599998354911804,34.18414294719696,3,3.1084898114204407
1552,62.666800022125244,62.607335805892944,-149.43689998984337,-149.09540069103241,57.300001382827759,77.735885977745056,3,3.1728517413139343
1617,59.884999990463257,59.351576447486877,-150.65639998018742,-150.77611550688744,28.999999165534973,193.2426318526268,3.4999999701976776,3.5345553159713745
2023,62.909000039100647,62.949462652206421,-150.40150000154972,-149.96513759158552,91.699998825788498,46.61821573972702,3.0999999940395355,3.1057528853416443
1904,59.914199948310852,59.343371272087097,-151.21879997849464,-150.91828429698944,43.799996376037598,180.50376325845718,3.4999999701976776,3.5477149486541748
904,60.489099979400635,59.965629577636719,-150.77979996800423,-150.47156439721584,44.79999840259552,104.11786660552025,3.8999999910593033,3.700999528169632
733,62.218799948692322,62.387538075447083,-151.10000002384186,-150.32731139659882,86.399998515844345,77.561065554618835,3,3.2982367873191833
1480,61.458999991416931,61.360048234462738,-149.95409999974072,-149.17684328556061,40.200002491474152,68.490549921989441,4.8000000044703484,4.5335306078195572
2119,60.884199999272823,60.621299505233765,-152.00779992341995,-151.71077066659927,84.399998188018799,74.287712574005127,3,3.0593288540840149
1178,62.999899983406067,62.926610350608826,-150.91750001907349,-150.37515449523926,114.90000039339066,55.690929293632507,3.2999999821186066,3.6725884079933167
1192,61.372000008821487,61.352483659982681,-150.03420000057667,-149.63515935838223,40.299996733665466,73.891177773475647,3.2999999821186066,3.3670285642147064
1089,61.381099998950958,61.236612245440483,-150.03659999929368,-149.22599619626999,38.099996745586395,61.319008469581604,3.2999999821186066,3.5390186905860901
118,61.784200012683868,62.054834723472595,-151.1468999683857,-150.6043776422739,83.20000022649765,54.247617721557617,3.199999988079071,3.3135718703269958
1476,61.378500014543533,61.604402124881744,-150.02290000068024,-149.1887714266777,42.000003159046173,74.34893399477005,3.0999999940395355,3.2942102551460266
706,60.851999998092651,60.598028928041458,-151.67189991474152,-150.54813569784164,76.600000262260437,59.215597808361053,3.4999999701976776,3.4510654807090759
1888,60.009100019931793,59.442183256149292,-151.53539997339249,-150.69974841177464,58.20000171661377,156.11906908452511,3.0999999940395355,3.2464948296546936
745,59.447000026702881,59.384637475013733,-152.23420000076294,-151.64605164527893,80.800000578165054,108.52482728660107,3.2999999821186066,3.4717919826507568
522,60.011099994182587,59.892669081687927,-150.97800001502037,-150.49741195142269,48.100002110004425,107.34138637781143,3,3.2166838645935059
915,61.635500013828278,61.963410973548889,-151.0911999642849,-150.35824240744114,68.799998611211777,52.828267216682434,3.2999999821186066,3.4851866662502289
1405,61.505699992179871,61.787493646144867,-149.92959999851882,-149.37439884245396,39.300002157688141,59.342704713344574,3,3.0721488296985626
2012,60.030900001525879,59.676973819732666,-152.66049993038177,-151.62126088142395,84.100000560283661,60.14743447303772,3.0999999940395355,3.0924025475978851
993,61.461499989032745,61.578480839729309,-150.0093000002671,-149.62532874941826,21.600000560283661,60.56666374206543,3,3.0922619104385376
513,60.036099970340729,59.755377769470215,-151.03959998488426,-150.44930058717728,49.599997699260712,78.560173511505127,3.0999999940395355,3.1493532657623291
81,60.505299985408783,60.209304094314575,-151.45710003376007,-150.8108803331852,60.000002384185791,54.647386074066162,3.0999999940395355,3.0639983117580414
1868,61.625,61.4937484562397,-150.33079998940229,-149.43831150233746,60.300000011920929,67.864738404750824,3.9999999850988388,3.8179516196250916
1985,61.986400008201599,61.752242088317871,-149.87280000373721,-149.29773809015751,49.199998378753662,70.280540734529495,3.4999999701976776,3.7277345359325409
1584,62.239099979400635,62.474692583084106,-147.90229994058609,-148.08301717042923,34.699998795986176,118.77436516806483,3,3.2119427919387817
914,59.79419994354248,60.03564590215683,-152.96809995174408,-152.51601737737656,103.9000004529953,61.958156526088715,3,3.2625292539596558
380,61.905399978160858,61.87389200925827,-148.276899933815,-148.09511625766754,29.700003564357758,90.959418565034866,3.199999988079071,3.3022513389587402
1226,61.472099989652634,61.503426253795624,-149.96909999940544,-149.65715443342924,20.099997520446777,73.228016495704651,3.2999999821186066,3.2648330926895142
2011,60.396799981594086,59.970013856887817,-151.79550004005432,-151.152976334095,71.199998259544373,84.076195955276489,3,3.0437473654747009
84,62.847100019454956,62.699342727661133,-148.93960002064705,-149.10423615574837,4.3999999761581421,117.04498808830976,3.2999999821186066,3.1788406670093536
1994,62.963099956512451,62.844358444213867,-149.36519998311996,-149.43065598607063,86.699999868869781,64.008641988039017,3.9999999850988388,3.9570335000753403
672,61.174600005149841,59.796175122261047,-152.04490005970001,-152.44869321584702,108.13000053167343,89.18268233537674,3.2999999821186066,3.043432205915451
774,61.547900021076202,61.166391670703888,-149.91590000130236,-148.91075322031975,46.999998390674591,73.712404817342758,3.8999999910593033,3.4763084650039673
329,60.519300013780594,61.083129964768887,-147.93940007686615,-150.28131989389658,250,65.975967794656754,3.2999999821186066,3.0631332099437714
6,60.061100006103516,59.80662989616394,-151.37040004134178,-150.95176059007645,53.400002419948578,146.31779119372368,3,3.232515424489975
1222,61.470400005578995,61.400984019041061,-149.91909999959171,-149.48255141079426,29.500000178813934,67.153766751289368,3.8999999910593033,3.729470819234848
1599,61.674300014972687,61.868144571781158,-147.02089995145798,-147.86531209945679,27.400001883506775,84.203831851482391,3.0999999940395355,3.5552626848220825
909,61.240799993276596,61.222684562206268,-151.94779998064041,-150.70830054581165,100.89999996125698,56.543022394180298,3.4999999701976776,3.7063137888908386
468,59.732200026512146,59.275641202926636,-152.55699992179871,-151.41584318876266,84.100000560283661,62.045618891716003,3.5999999642372131,3.674935519695282
181,60.417900025844574,59.960812211036682,-152.41490006446838,-151.30214613676071,94.000000506639481,61.86482310295105,3.3999999761581421,3.5415616929531097
164,62.919800043106079,62.795010685920715,-148.50830000638962,-148.99900004267693,64.699999988079071,54.061144590377808,3.0999999940395355,3.1709302067756653
1620,62.29229998588562,62.426666855812073,-148.47490006685257,-148.78082031011581,37.199996411800385,109.35344360768795,3.199999988079071,3.2629124522209167
451,62.247200012207031,62.124500751495361,-148.3863000869751,-148.50169828534126,23.500002920627594,66.117029637098312,4.3999999947845936,3.7339971363544464
1713,62.627300024032593,62.614514589309692,-148.90139999985695,-148.52308604121208,43.999999761581421,91.069776564836502,3.199999988079071,3.5933825969696045
490,59.797199964523315,59.536093711853027,-151.84439992904663,-151.48905497789383,61.399996280670166,93.726880848407745,3.2999999821186066,3.2828130125999451
1720,61.262600004673004,61.010536230169237,-151.97810000181198,-150.80364552140236,103.70000079274178,54.267287254333496,3.6999999582767487,3.8528767079114914
1763,62.841400027275085,62.767849445343018,-149.37190000712872,-149.47223420441151,72.200000286102295,56.255742907524109,3,3.2672272324562073
287,62.47759997844696,62.40070652961731,-148.23329991102219,-148.42716658115387,42.999997735023499,110.07517762482166,3.7999999970197678,3.9351729154586792
1967,61.698499977588654,61.435002028942108,-147.26529997587204,-147.11607027053833,35.80000251531601,26.391491293907166,4.6000000052154064,4.2571059241890907
87,60.576200008392334,60.155534148216248,-151.48819997906685,-150.95400336384773,52.400000393390656,90.957026928663254,3.2999999821186066,3.2389962673187256
1652,60.083299994468689,60.304872214794159,-147.11630004644394,-147.90640479326248,8.9000016450881958,69.085527211427689,3.3999999761581421,3.5747576951980591
802,60.164499998092651,59.766348361968994,-152.40130001306534,-151.35456785559654,91.299999505281448,98.603362217545509,3.2999999821186066,3.555413156747818
1050,60.496800005435944,60.143614947795868,-150.72599999606609,-150.45496219396591,50.200000405311584,102.54621133208275,3.0999999940395355,3.177388608455658
1084,62.996500015258789,62.95542311668396,-150.88769996166229,-150.47250634431839,116.99999962002039,62.271498143672943,3.2999999821186066,3.1936191916465759
1075,59.577700018882751,59.298564195632935,-151.65630000829697,-150.875736951828,46.09999805688858,136.85385137796402,3.199999988079071,3.2971816062927246
2134,62.631999969482422,62.521766304969788,-151.20969995856285,-150.77545756101608,88.799998164176941,42.298309504985809,3.199999988079071,3.1673658192157745
1073,61.399100005626678,61.23762221634388,-149.93470000103116,-149.20768922567368,40.399998426437378,74.591651558876038,4.0999999791383743,3.8321731388568878
1131,61.503000020980835,61.428250133991241,-150.23729999363422,-149.43968184292316,45.500002801418304,60.175172984600067,4.5,4.2684686109423637
1483,61.407999992370605,61.470921993255615,-150.13109999522567,-149.12680703401566,40.10000079870224,49.750633537769318,3.199999988079071,3.4136062860488892
1292,61.456900000572205,61.512513756752014,-150.06580000184476,-149.52942949533463,20.000003278255463,48.162326216697693,3.199999988079071,3.187224268913269
2136,59.818099975585938,59.423776745796204,-152.27499997615814,-151.2663391828537,88.100001215934753,71.526583284139633,3.0999999940395355,3.0413036942481995
1964,61.543200016021729,61.676936328411102,-152.38279992341995,-150.75739082694054,0.6999969482421875,73.75657930970192,3.3999999761581421,3.4278244972229004
327,59.98580002784729,59.450685024261475,-151.4665000140667,-150.79464420676231,53.400002419948578,143.28393526375294,3.0999999940395355,3.135001927614212
1368,61.469199985265732,61.382281541824341,-150.02380000054836,-149.45640358328819,49.900002777576447,59.555940330028534,3.199999988079071,3.2249153852462769
442,60.157999992370605,59.867785930633545,-151.3889000415802,-150.80203092098236,54.499998688697815,107.42593370378017,3,3.29342982172966
834,61.245299994945526,61.088008172810078,-151.21430003643036,-150.13747045397758,70.799998939037323,67.203842103481293,3,3.0314672291278839
1220,61.350800007581711,61.305202096700668,-150.10500000044703,-149.67373759299517,39.300002157688141,80.740649253129959,3.4999999701976776,3.458266943693161
2097,60.149399995803833,59.942768692970276,-152.81719994544983,-151.9637678861618,115.19999988377094,44.994860887527466,3.199999988079071,3.1495910882949829
832,62.404600024223328,62.488253355026245,-149.51150000095367,-149.31333763897419,49.500003457069397,107.55710862576962,3.8999999910593033,3.8442349433898926
2164,61.488299995660782,61.534733891487122,-149.92529999837279,-149.80225912481546,41.500002145767212,53.950302302837372,3.2999999821186066,3.1015428900718689
348,59.006700038909912,59.125928997993469,-151.16800001263618,-151.57111501693726,24.199999868869781,117.41637857630849,4.5,3.8087827116250992
2203,59.142400026321411,59.113950967788696,-150.90049999952316,-150.74870632588863,26.100002229213715,78.844282776117325,3.2999999821186066,3.1471188068389893
177,60.329200029373169,59.69048547744751,-151.74470007419586,-150.59814642369747,72.276998311281204,90.493131428956985,3.199999988079071,3.3133889436721802
1001,61.585500001907349,61.687423884868622,-147.67920005321503,-148.39268285036087,40.799997746944427,57.188823819160461,3,3.0484338998794556
1310,61.337399989366531,61.358430594205856,-150.02149999933317,-149.41226421296597,36.600001156330109,68.223394453525543,3.7999999970197678,3.673895537853241
990,61.205799996852875,61.020418832078576,-147.74290001392365,-147.73510533571243,11.600002646446228,89.156437665224075,3.3999999761581421,3.577697217464447
86,59.495700001716614,59.235533237457275,-152.84619998931885,-151.65660452842712,93.800000846385956,88.118549436330795,4.1999999955296516,3.8410078883171082
1728,62.855100035667419,62.774049282073975,-149.5288999825716,-149.4109278023243,75.899999588727951,49.16149377822876,3.2999999821186066,3.2504259645938873
2154,59.670899987220764,59.110126972198486,-152.13419991731644,-151.24840807914734,68.799998611211777,141.68543182313442,3.5999999642372131,3.5530518293380737
1961,59.84879994392395,59.201816439628601,-152.48579996824265,-151.03826388716698,77.599998563528061,105.89043982326984,3.7999999970197678,3.6257409453392029
978,61.495799988508224,61.493211537599564,-149.89959999918938,-149.50589789450169,45.500002801418304,50.631970167160034,3.199999988079071,3.2574922442436218
457,62.941400051116943,62.779253721237183,-150.57060000300407,-150.24836068600416,88.300000876188278,95.368161797523499,3.5999999642372131,3.6616350710391998
777,61.534799993038177,61.272392213344574,-149.90269999578595,-149.06585088372231,37.699997425079346,70.331692695617676,4.3999999947845936,3.4704084992408752
1463,61.409799993038177,61.591298401355743,-150.05790000222623,-149.12155643105507,42.000003159046173,86.744744330644608,3,3.5157227218151093
642,62.508499979972839,62.486267924308777,-151.19629999995232,-150.12840785086155,87.099999189376831,81.148203462362289,3.2999999821186066,3.6127908825874329
2111,61.832799971103668,61.839910805225372,-150.11879999935627,-149.91083093360066,41.599996387958527,46.729221940040588,3,3.027690052986145
54,59.816400051116943,59.348667860031128,-151.3561999797821,-150.9791279733181,49.300000071525574,146.67079038918018,3.6999999582767487,3.7089736461639404
1640,60.050499975681305,59.458571076393127,-151.71549993753433,-150.69972932338715,53.599998354911804,152.6937261223793,3.4999999701976776,3.5354066491127014
1788,62.021999955177307,62.169015765190125,-150.87729996442795,-150.2027782201767,7.6000019907951355,43.515764176845551,3.0999999940395355,3.4855678975582123
1739,60.182799994945526,59.80813455581665,-151.68030005693436,-151.12019294500351,66.599998623132706,154.95871938765049,5.2000000029802322,4.6149414964020252
643,62.482300043106079,62.21226704120636,-148.25760000944138,-148.1027866601944,35.099998116493225,129.28959215059876,3.0999999940395355,3.3219636082649231
1288,61.48649999499321,61.56582909822464,-149.95250000059605,-149.65899449586868,29.700003564357758,52.033737301826477,3.2999999821186066,3.4867369830608368
1204,61.367599993944168,61.425385415554047,-150.08690000139177,-149.6716942191124,36.300003528594971,68.969052284955978,3,3.0891041457653046
677,62.062899947166443,62.145898699760437,-149.35239998996258,-149.0691397190094,38.599997758865356,115.47107994556427,3.2999999821186066,3.5396915674209595
221,61.54040002822876,61.512368023395538,-147.75530004501343,-147.754478931427,7.6000019907951355,65.246656537055969,3.2999999821186066,3.3923892974853516
113,61,60.690328359603882,-151.62300002574921,-150.53481231629848,72.299998253583908,37.719845771789551,3.3999999761581421,3.7047024965286255
1555,62.207299947738647,62.3493971824646,-149.56780001521111,-149.29874508082867,54.999999701976776,98.096057772636414,3.3999999761581421,3.736155241727829
987,61.379799991846085,61.305992871522903,-147.02980005741119,-147.35431122779846,14.70000296831131,63.781529664993286,3.199999988079071,3.6691813766956329
1451,61.405800014734268,61.644581973552704,-150.03850000072271,-148.74352222681046,41.500002145767212,70.479873567819595,3.5999999642372131,3.6410626173019409
1202,61.489100009202957,61.487291663885117,-149.94249999895692,-149.57669954001904,35.599999129772186,63.555490225553513,3,3.1132407188415527
174,61.5310999751091,61.427652209997177,-149.85399999842048,-149.19149109721184,45.19999772310257,51.315270364284515,3.0999999940395355,3.0847190916538239
1064,62.986999988555908,62.934471011161804,-151.06780001521111,-150.41628867387772,125.19999999494758,49.37782883644104,3.3999999761581421,3.7113070785999298
589,60.100899994373322,59.649641990661621,-152.93099999427795,-152.29428881406784,118.49999986588955,68.88168677687645,3.4999999701976776,3.7443139851093292
1766,59.760599970817566,59.378466725349426,-152.97809994220734,-151.55689305067062,109.20000076293945,59.432379901409149,3.9999999850988388,4.1234879940748215
1857,59.53659999370575,59.111226320266724,-152.31930005550385,-151.26884776353836,49.999997019767761,85.34129336476326,3.0999999940395355,3.3741444647312164
18,60.932700000703335,61.059152748435736,-150.46240000426769,-149.91243131272495,55.900000035762787,101.53663530945778,3.199999988079071,3.1408527195453644
423,61.374599993228912,61.423016726970673,-149.81800000369549,-149.26092025637627,28.800003230571747,44.962987303733826,3.5999999642372131,3.5325577855110168
1593,62.392500042915344,62.526347398757935,-149.25360001623631,-149.17531621456146,51.600001752376556,116.96325242519379,3.8999999910593033,3.547119140625
285,59.156499981880188,59.218153238296509,-152.19840002059937,-151.52642959356308,55.500000715255737,94.549376517534256,3.0999999940395355,3.2282082438468933
1882,61.865700006484985,61.57831072807312,-150.31320000439882,-149.26721924543381,21.700002253055573,47.56522923707962,3.199999988079071,3.3697582483291626
428,60.436900019645691,59.78003191947937,-152.04689991474152,-151.135188549757,83.700001239776611,99.720897153019905,4.3999999947845936,3.6035066843032837
1797,60.778200000524521,60.33085310459137,-151.86900007724762,-151.1093966960907,80.299999564886093,49.600899219512939,3.0999999940395355,3.4427511692047119
1689,59.840800046920776,59.691638588905334,-152.90600001811981,-152.20627552270889,99.899999797344208,50.449319183826447,3,3.1984082758426666
669,62.467000007629395,62.292887687683105,-148.28290003538132,-148.36405009031296,44.100001454353333,133.56121443212032,4.3999999947845936,4.3111199140548706
31,60.039900004863739,59.607155561447144,-152.75849997997284,-152.10402005910873,95.000000670552254,62.152579426765442,3.199999988079071,3.4130691289901733
1916,61.456400007009506,61.342541575431824,-149.92369999922812,-149.01745793223381,40.10000079870224,63.890211284160614,3.9999999850988388,3.9080841690301895
722,62.285899996757507,62.315910577774048,-148.54499995708466,-148.56633120775223,9.4999969005584717,98.949143663048744,3.199999988079071,3.2593823075294495
951,61.233799993991852,61.171417444944382,-150.7674999833107,-150.21703311055899,54.399996995925903,69.655332714319229,3,3.0826163291931152
1586,61.975000023841858,62.251868724822998,-150.42129997909069,-149.94646879099309,54.799996316432953,68.434581160545349,3,3.2726465463638306
1351,61.47299998998642,61.537973642349243,-149.96929999999702,-149.52335339784622,35.199999809265137,47.721616923809052,3.199999988079071,3.3442862033843994
214,61.952899992465973,61.854114294052124,-147.74290001392365,-147.99559164047241,15.299998223781586,35.504639148712158,3.2999999821186066,3.4789103865623474
1874,60.298500001430511,59.878028750419617,-150.93359997868538,-150.42261162400246,65.799999982118607,131.51825778186321,3,3.1261456310749054
326,62.894400000572205,62.639398097991943,-150.67890000343323,-150.04717719554901,107.79999941587448,48.387385904788971,3.2999999821186066,3.565338134765625
560,60.316299974918365,59.813487648963928,-152.36029994487762,-151.62172955274582,115.29999971389771,99.764365702867508,5.1000000089406967,4.8951311856508255
1406,61.508599996566772,61.15881335735321,-149.94290000014007,-149.7719355225563,39.599999785423279,68.085160106420517,3.2999999821186066,3.121377557516098
341,60.146200001239777,59.499728679656982,-151.64099997282028,-151.02628433704376,68.100001662969589,170.20196095108986,3.199999988079071,3.0871150195598602
147,59.389600038528442,59.386157274246216,-152.65070003271103,-152.37816023826599,69.299999624490738,40.386736392974854,3,3.2462285757064819
1414,61.38400000333786,61.304282337427139,-150.07949999906123,-149.50996036827564,37.699997425079346,52.994154393672943,5.3000000417232513,4.1359203457832336
1657,59.401600003242493,59.169284701347351,-152.48940002918243,-151.29219326376915,64.100001007318497,58.773785829544067,3,3.2279590666294098
966,61.33390000462532,61.325124025344849,-149.98080000048503,-149.52398434281349,46.599999070167542,65.56113064289093,4.0999999791383743,3.7313609719276428
155,62.848899960517883,62.841622591018677,-150.52080000936985,-150.11231759190559,93.499999493360519,93.686506152153015,3.199999988079071,3.6521030366420746
1268,61.443899989128113,61.295830905437469,-150.12360000237823,-149.13563543558121,38.699999451637268,48.454001545906067,3.0999999940395355,3.1525015532970428
1228,61.452899992465973,61.350533366203308,-149.97109999973327,-149.59943966567516,39.499998092651367,69.765795022249222,3.3999999761581421,3.3602364063262939
1792,61.075499996542931,62.135599255561829,-147.5181999206543,-149.01687142252922,77.799998223781586,99.899297580122948,3.3999999761581421,3.1435887515544891
1418,61.392300009727478,61.251799345016479,-150.02359999995679,-149.35979010164738,32.31000155210495,66.928409039974213,3.4999999701976776,3.3928827345371246
1667,59.873200058937073,59.325607538223267,-152.83310008049011,-151.40059384703636,91.80000051856041,51.935285329818726,3.199999988079071,3.2993731498718262
1421,61.353199988603592,61.407309621572495,-150.02489999961108,-149.54662643373013,34.999996423721313,56.918010115623474,3.5999999642372131,3.5387735366821289
2076,61.579599976539612,61.64267373085022,-147.90210002660751,-147.96158158779144,14.30000364780426,69.975424557924271,3,3.2027108073234558
1245,61.322699993848801,61.354638904333115,-150.05339999869466,-149.44695188105106,41.79999977350235,74.150081723928452,4.5,4.1356346234679222
2069,62.409000039100647,62.475067496299744,-148.50700002908707,-148.50495010614395,43.300002813339233,118.01794823259115,3.3999999761581421,3.6663388609886169
1386,61.357600003480911,61.366708308458328,-150.03579999972135,-149.59571416676044,34.900002181529999,68.807464092969894,3.4999999701976776,3.6978866457939148
1530,61.424100011587143,61.518950223922729,-150.80750003457069,-150.4080738723278,57.599999010562897,70.596694946289062,3.2999999821186066,3.5577197670936584
1928,59.76830005645752,59.178412199020386,-152.58080005645752,-151.07492297887802,82.600001245737076,64.743537455797195,3.4999999701976776,3.6081655919551849
938,60.20880001783371,60.144382059574127,-152.68180006742477,-152.20209807157516,108.69999974966049,47.854118049144745,3,3.2581180930137634
2101,61.89410001039505,62.0018390417099,-149.42480000853539,-149.36068931221962,37.600003182888031,67.172989249229431,3.4999999701976776,3.5678561925888062
346,61.484899997711182,61.341672509908676,-149.44930002093315,-148.98495304584503,44.900000095367432,63.317731022834778,3.7999999970197678,3.9550646245479584
1650,61.602800011634827,61.608200907707214,-150.72920000553131,-150.17761792615056,66.899999976158142,81.654772162437439,3.4999999701976776,3.5166791081428528
2184,60.230700016021729,59.784000158309937,-152.81040000915527,-151.48438185453415,120.80000014975667,63.245311379432678,3.199999988079071,3.069105863571167
385,61.482100009918213,61.657922685146332,-151.22049996256828,-150.81020495295525,14.399997889995575,61.917506158351898,3.7999999970197678,4.1228620111942291
1210,61.446099996566772,61.409440279006958,-150.0840000025928,-149.70334249734879,26.500001549720764,67.627508193254471,3.6999999582767487,3.6200981140136719
1248,61.466199994087219,61.514716148376465,-149.93970000185072,-149.6256989389658,39.099998772144318,46.714887022972107,3.0999999940395355,3.3785012662410736
243,59.452800035476685,60.247728884220123,-152.79570007324219,-150.79440361261368,86.399998515844345,64.103316515684128,3.0999999940395355,3.0544625222682953
1428,61.480399996042252,61.375416725873947,-149.95469999872148,-148.88974249362946,42.300000786781311,63.421204686164856,3.0999999940395355,3.4225861430168152
936,59.718299984931946,59.518360614776611,-152.29390007257462,-151.55387502908707,66.700000315904617,172.77436703443527,3.3999999761581421,3.2714383006095886
1756,61.572200000286102,61.544564485549927,-149.96249999944121,-149.21381369233131,44.200003147125244,46.589449048042297,3.199999988079071,3.291082352399826
312,60.741100013256073,60.831164225935936,-150.59690000116825,-150.39914573729038,54.899998009204865,43.848052620887756,3.0999999940395355,3.08667853474617
2153,59.756999969482422,59.315720677375793,-152.75859993696213,-151.56448298692703,83.500001579523087,43.614357709884644,3.199999988079071,3.0911022126674652
968,60.613999992609024,60.502102345228195,-150.36840000003576,-150.04365796130151,35.40000319480896,89.439805597066879,3,3.0351927280426025
660,62.279600024223328,62.496668457984924,-149.85040000453591,-149.4605233669281,52.199997007846832,112.46056668460369,3.3999999761581421,3.5504636764526367
1772,59.578500032424927,59.372997045516968,-152.65459996461868,-151.09329271316528,78.000001609325409,146.03282138705254,5.5000000298023224,4.7008918672800064
370,61.64139997959137,61.779595077037811,-151.86339998245239,-151.17241314053535,107.79999941587448,81.366732716560364,3.3999999761581421,3.443465530872345
566,61.746299982070923,61.551935315132141,-149.83450000360608,-149.32883128523827,52.599996328353882,75.881395488977432,3.0999999940395355,3.1878147125244141
1512,61.683499991893768,61.645532786846161,-150.75490003824234,-150.1539398431778,72.00000062584877,51.748156547546387,3,3.247341513633728
824,61.488599985837936,61.524778842926025,-149.90469999611378,-149.35931937396526,47.600001096725464,73.855195194482803,3.3999999761581421,3.5323882699012756
982,60.076200008392334,59.480772733688354,-152.63089996576309,-151.0480529665947,92.099998146295547,84.010690450668335,3.2999999821186066,3.5929321646690369
1125,61.41100001335144,61.218835636973381,-149.96980000007898,-149.1310949921608,45.999996364116669,59.853971004486084,3.3999999761581421,3.7250365912914276
813,62.300899982452393,62.56364893913269,-150.45409999787807,-149.95649967435747,14.70000296831131,121.25055864453316,3.0999999940395355,3.1347829699516296
778,61.534799993038177,61.290789365768433,-149.90190000459552,-149.05426606535912,38.300000131130219,69.272026419639587,3.8999999910593033,3.482109546661377
1052,61.552500009536743,61.453641593456268,-149.70939999818802,-149.43684223294258,38.300000131130219,52.832938730716705,3.0999999940395355,3.1248952746391296
1393,61.404100000858307,61.369150459766388,-150.07270000129938,-149.68833772838116,39.599999785423279,42.629599571228027,3.199999988079071,3.2029314637184143
1013,59.261899948120117,59.176907181739807,-152.04889994859695,-151.05352574586868,56.000001728534698,92.293936759233475,3,3.1898851990699768
1309,61.472499996423721,61.641453325748444,-149.94109999760985,-149.66945001482964,35.599999129772186,55.111214518547058,3.0999999940395355,3.3668464422225952
1626,62.961699962615967,62.715606927871704,-150.85550004243851,-149.91304130852222,108.79999957978725,44.709526002407074,3.0999999940395355,3.5179581642150879
126,60.916400000452995,60.566603153944016,-152.72140002250671,-151.13295418024063,153.10000069439411,67.906931042671204,3.9999999850988388,3.9142358154058456
887,61.507099986076355,61.651107490062714,-149.85640000551939,-149.65094371140003,45.800000429153442,47.248423099517822,3.199999988079071,3.2922379374504089
1007,60.71450001001358,60.730416059494019,-149.60569998621941,-149.64853274077177,33.399999141693115,57.667344808578491,3.199999988079071,3.3177265226840973
355,61.65310001373291,61.801605463027954,-150.54700000584126,-149.95174715481699,4.9000009894371033,60.89387834072113,3.2999999821186066,3.215097963809967
1785,60.275799989700317,60.096580624580383,-152.57679998874664,-151.15797579288483,109.30000059306622,55.813618004322052,3.2999999821186066,3.3569996953010559
682,60.368300020694733,59.943989634513855,-151.60140001773834,-151.18332526087761,60.300000011920929,100.17104260623455,3.4999999701976776,3.3717913627624512
1826,61.76419997215271,61.92219203710556,-150.70239999890327,-150.0054559201235,63.400000333786011,66.597528755664825,3.199999988079071,3.4094213247299194
1501,61.431499987840652,61.229339689016342,-150.00629999977536,-149.65980944037437,41.100002825260162,104.08777929842472,3.9999999850988388,3.5200726389884949
984,62.000900030136108,62.348169088363647,-150.41149999201298,-150.05582203902304,59.799998998641968,60.175076127052307,3.0999999940395355,3.6599158644676208
1717,60.150799989700317,59.756854057312012,-152.44400006532669,-151.28885686397552,93.299999833106995,78.951593488454819,3.6999999582767487,3.5824808478355408
140,59.979200005531311,59.521480441093445,-152.16140002012253,-151.20407965779305,87.600000202655792,80.342676490545273,3.3999999761581421,3.544222354888916
1712,62.196200013160706,62.41540539264679,-151.03910002112389,-150.04651181213558,67.200001329183578,73.503382503986359,3.199999988079071,3.4490711688995361
2056,62.345000028610229,62.467107772827148,-148.92329996824265,-148.96274828910828,46.800002455711365,105.78528791666031,3.6999999582767487,3.7441142499446869
1740,60.576200008392334,60.122406482696533,-151.77689999341965,-151.16414871811867,76.200000941753387,50.317674875259399,3.3999999761581421,3.4884620904922485
1872,60.802799999713898,60.839337140321732,-147.14259999990463,-147.38965594768524,17.899997532367706,34.289523959159851,3.5999999642372131,3.7599458992481232
1302,61.341699987649918,61.327756494283676,-149.99569999985397,-149.40529882907867,44.500000774860382,74.682325124740601,4.5,4.2466365471482277
1112,59.451599955558777,60.099993824958801,-147.02669996023178,-147.86271303892136,12.900002300739288,96.013652160763741,3.2999999821186066,3.5046390295028687
1703,62.778800010681152,62.876557469367981,-150.66759999096394,-149.40221093595028,94.39999982714653,38.855507969856262,3,3.2065329551696777
711,62.27839994430542,62.452261447906494,-150.96930000185966,-150.37150859087706,72.500001639127731,108.79760421812534,3.2999999821186066,3.6978769898414612
1701,61.150999993085861,61.177521720528603,-148.42399996519089,-148.20435190200806,20.300000905990601,86.792338639497757,3.199999988079071,3.5421364903450012
2000,62.817700028419495,62.943963408470154,-150.98079997301102,-150.10162357985973,95.599999651312828,39.42534327507019,3,3.4658001065254211
10,60.609200000762939,60.222807586193085,-151.83569991588593,-151.29482164978981,75.899999588727951,111.38190235942602,3.5999999642372131,3.6228851079940796
1333,61.456699997186661,61.248756423592567,-149.9579999987036,-149.40347492694855,47.200001776218414,61.348550021648407,3,3.4023803472518921
2172,61.633400022983551,61.819581925868988,-151.59399998188019,-151.22241398692131,93.400001525878906,73.277220129966736,3.3999999761581421,3.3896019458770752
754,61.984000027179718,62.349200487136841,-151.88530004024506,-151.26139399409294,97.899999469518661,100.8586511015892,3.9999999850988388,3.5650497078895569
626,62.721500039100647,62.633424639701843,-149.02349996566772,-149.1600806415081,60.999996960163116,122.92838073335588,3.199999988079071,3.1608399152755737
1323,61.504299998283386,61.71893447637558,-149.96279999893159,-149.22248947620392,37.600003182888031,51.639534533023834,3.8999999910593033,3.4903535842895508
129,61.629499971866608,61.883457720279694,-151.97399997711182,-150.40894845128059,92.799998819828033,60.453616082668304,3,3.0836118757724762
843,62.315299987792969,61.775370717048645,-149.09139999747276,-150.2384419888258,50.399996340274811,58.429628610610962,3.2999999821186066,3.2415706515312195
323,62.347900032997131,62.482091546058655,-149.11889997124672,-149.38762235641479,0.10000169277191162,76.517738401889801,3,3.0531706809997559
1738,61.902899980545044,62.087855219841003,-150.79179999232292,-150.10896908864379,57.199999690055847,53.966686129570007,3.199999988079071,3.5718680620193481
14,59.578500032424927,59.288287162780762,-152.43580001592636,-151.47447654604912,73.100000619888306,86.620345711708069,3.5999999642372131,3.6109916567802429
2093,61.281399995088577,61.299444735050201,-147.2140000462532,-147.89508122205734,18.799997866153717,32.367944717407227,3.0999999940395355,3.2089903056621552
215,60.096599996089935,59.463015794754028,-152.82799994945526,-152.0321763753891,108.79999957978725,46.867907047271729,3.0999999940395355,3.6403162479400635
1270,61.460999995470047,61.486525416374207,-149.95199999772012,-149.49081610143185,41.599996387958527,54.228916764259338,3.4999999701976776,3.6270039081573486
2066,62.417999982833862,62.478385925292969,-150.983000010252,-150.26488613337278,68.700000643730164,82.961168140172958,3.199999988079071,3.2365736961364746
1259,61.478500008583069,61.577240407466888,-149.92569999955595,-149.46749572455883,44.79999840259552,60.801595449447632,3.4999999701976776,3.634282261133194
864,60.96339999884367,60.648253113031387,-150.80849996209145,-150.23998057097197,47.600001096725464,68.94095242023468,3.0999999940395355,3.162997305393219
516,61.323399990797043,61.511774897575378,-147.02600008249283,-147.62739944458008,15.199996531009674,21.964579820632935,3.199999988079071,3.5580646097660065
597,62.128700017929077,62.049903512001038,-149.67410000413656,-149.44380475580692,37.10000216960907,62.701079994440079,3.3999999761581421,3.8372057676315308
195,60.092999994754791,59.837343692779541,-152.85610002279282,-152.36846995353699,108.50000008940697,57.42296576499939,3,3.1917505860328674
288,61.506399989128113,61.49149876832962,-149.84560000151396,-149.33929699659348,42.800001800060272,70.982262492179871,3.0999999940395355,3.3879289627075195
950,61.486000001430511,61.573637247085571,-150.61519999802113,-150.21576880663633,57.40000307559967,83.910148590803146,3.4999999701976776,3.6281808614730835
1402,61.402200013399124,61.262187361717224,-150.01900000032037,-149.10110324621201,38.099996745586395,50.803884863853455,3,3.1661733090877533
1637,59.470100045204163,59.128355622291565,-151.32240003347397,-150.97898769378662,45.400001108646393,156.11904859542847,3.8999999910593033,3.402067244052887
1120,61.375900000333786,61.190379336476326,-150.0246000001207,-149.33853743970394,42.999997735023499,74.207067489624023,3.7999999970197678,3.6898350119590759
549,61.981800019741058,62.087509870529175,-152.16720002889633,-151.25003921985626,126.20000005699694,88.418427854776382,3.3999999761581421,3.5488286018371582
156,61.881399989128113,61.720934391021729,-149.22819998860359,-149.00833529233932,3.2000020146369934,56.044511497020721,3.2999999821186066,3.3593544065952301
419,61.666299998760223,61.677557945251465,-149.91039999760687,-149.54987570643425,19.199997186660767,63.003085553646088,3.4999999701976776,3.7073343694210052
922,60.440599977970123,59.924067378044128,-152.02590000629425,-150.9305123090744,81.599999219179153,96.059368923306465,3.2999999821186066,3.0707169771194458
477,60.397499978542328,60.564635932445526,-149.01170003414154,-149.19037699699402,30.100002884864807,46.510607004165649,4.2999999895691872,3.7554959356784821
2071,61.521700024604797,61.501113414764404,-149.84650000557303,-149.84106083214283,55.699996650218964,70.75529545545578,3.8999999910593033,3.4976454377174377
553,61.926800012588501,61.664950430393219,-152.09969991445541,-150.95865333080292,121.19999993592501,74.082896113395691,3,3.2839614450931549
390,60.921899996697903,60.717430591583252,-150.8774000108242,-150.42257130146027,15.000000596046448,95.228150486946106,3.3999999761581421,3.2411724328994751
578,60.314499974250793,59.827269077301025,-151.77149999141693,-151.14473435282707,61.300002038478851,91.570246964693069,3.3999999761581421,3.5224308371543884
2033,62.853000044822693,62.707320928573608,-148.9685999751091,-148.99879530072212,63.499998301267624,75.139191001653671,4.2999999895691872,3.8779588937759399
1364,61.460200011730194,61.412188291549683,-150.00020000000222,-149.51541209220886,45.699998736381531,53.185641765594482,3.2999999821186066,3.2880378663539886
2016,59.232300043106079,59.24640691280365,-152.59299999475479,-151.24680286645889,71.600001305341721,61.166368424892426,3.199999988079071,3.0955364406108856
820,59.727300047874451,59.227175712585449,-152.42620003223419,-151.55264925956726,87.999999523162842,118.5510135255754,3.199999988079071,3.379068911075592
2113,60.44379997253418,60.105495512485504,-152.18830007314682,-151.26066380739212,86.800001561641693,65.350852906703949,3.199999988079071,3.0779911279678345
1006,61.454699993133545,61.38104310631752,-149.93540000170469,-149.47250314056873,41.4000004529953,64.981631934642792,3.199999988079071,3.3781744837760925
1247,61.319799989461899,61.352549314498901,-150.04949999973178,-149.45728129148483,34.900002181529999,69.264687597751617,3.3999999761581421,3.4424396753311157
664,60.142400026321411,59.872585535049438,-152.9821999669075,-152.76640391349792,119.7999999858439,46.994827687740326,3.0999999940395355,3.2773123383522034
1789,60.100499987602234,60.203710794448853,-152.79919999837875,-152.21724110841751,108.59999991953373,62.914121896028519,3.3999999761581421,3.3934802412986755
142,60.329200029373169,59.867917537689209,-152.6431000828743,-151.70713859796524,105.90000078082085,62.500573694705963,3,3.1535691618919373
1804,60.929099999368191,60.909197151660919,-147.00950002670288,-147.36334151029587,8.1999972462654114,43.778747320175171,3,3.1707641780376434
1403,61.406100004911423,61.405674636363983,-150.10809999704361,-149.65247757732868,39.999999105930328,60.757905244827271,3.5999999642372131,3.4632554054260254
421,61.379700005054474,61.369619339704514,-149.8146000020206,-149.49122263491154,31.099997460842133,63.071928918361664,3,3.099296361207962
799,61.420199990272522,61.263293772935867,-149.93289999850094,-149.22035989165306,38.900002837181091,50.286486744880676,3,3.0965432524681091
615,59.35860002040863,59.039478063583374,-152.39330005645752,-151.44328424334526,71.100000292062759,142.88508147001266,3.7999999970197678,3.5875502228736877
295,59.740599989891052,59.338208675384521,-152.15779995918274,-151.42115718126297,62.800001353025436,102.32510976493359,3.3999999761581421,3.7021052241325378
401,61.697399973869324,61.930778920650482,-150.94200003147125,-150.35409694164991,65.600000321865082,72.477806359529495,3.4999999701976776,3.7700744122266769
88,62.156599998474121,62.434198379516602,-150.69770000874996,-150.0501457080245,10.999999940395355,87.566610425710678,3.4999999701976776,3.7745896428823471
1578,60.375,60.040349125862122,-150.28369999676943,-150.29763324558735,43.200001120567322,71.540731936693192,3,3.1640436351299286
2171,59.643900036811829,59.190555453300476,-151.87339997291565,-151.04568484425545,57.300001382827759,106.13867081701756,3,3.0656203329563141
131,62.434200048446655,62.562427997589111,-151.11759996414185,-150.51468296349049,13.199999928474426,68.923454731702805,3,3.2350732684135437
1699,60.276099979877472,59.984371542930603,-150.96889999508858,-150.4130197763443,62.800001353025436,129.13549970835447,3.7999999970197678,3.6223602890968323
1271,61.45770001411438,61.640194296836853,-150.05390000157058,-149.48169046640396,21.700002253055573,59.553012251853943,3.199999988079071,3.1976162195205688
1596,60.017099976539612,59.526467323303223,-152.86419993638992,-151.8849179148674,103.9000004529953,52.067369222640991,3.4999999701976776,3.3447391390800476
1783,59.936900019645691,59.950250864028931,-152.81309992074966,-152.33429342508316,104.00000028312206,68.320579826831818,3.199999988079071,3.2735465168952942
724,60.174499988555908,59.768195867538452,-151.20129999518394,-150.63888144493103,56.199997663497925,87.655626237392426,3.8999999910593033,3.6280451416969299
1473,61.406199991703033,61.161207541823387,-150.06250000186265,-148.94623267650604,32.200001180171967,67.345719784498215,3.2999999821186066,3.3432256579399109
269,62.885900020599365,62.633793592453003,-150.54289998114109,-150.2745997980237,90.900000184774399,75.01612976193428,3.6999999582767487,4.0026565343141556
1616,59.701200008392334,59.41698169708252,-152.94370007514954,-152.09542894363403,91.40000119805336,74.310414493083954,3,3.2083590030670166
917,61.801199972629547,61.996463000774384,-150.30999999493361,-149.84576228633523,48.900000751018524,45.430541038513184,3.2999999821186066,3.5387906134128571
1748,60.321600019931793,59.895435094833374,-151.93249994516373,-152.90543639659882,193.9999982714653,94.253584742546082,3.0999999940395355,3.5622555613517761
1565,62.32260000705719,62.454686403274536,-151.19420000910759,-150.39041206240654,84.100000560283661,57.629130780696869,3.4999999701976776,3.7349292039871216
1221,61.468699991703033,61.374562084674835,-149.91230000182986,-149.55922999978065,35.80000251531601,66.163476556539536,3.6999999582767487,3.6253536343574524
375,61.368999987840652,61.283922642469406,-150.1744000017643,-149.41667193174362,46.999998390674591,63.464339822530746,3.3999999761581421,3.4271694123744965
333,62.337000012397766,62.415767431259155,-148.92090001702309,-148.92917686700821,4.9000009894371033,95.64058855175972,3,3.2019630074501038
1374,61.379900008440018,61.258385449647903,-149.99790000007488,-149.37912422418594,40.200002491474152,61.68103963136673,3.0999999940395355,3.0902285277843475
2072,61.619199991226196,61.703711807727814,-150.87979996204376,-150.60376001894474,63.999999314546585,75.714331120252609,3.6999999582767487,3.6910997629165649
1118,61.337300002574921,61.258941322565079,-149.97750000050291,-149.4375413954258,41.599996387958527,68.173728883266449,3,3.1009866893291473
910,62.952399969100952,62.854479312896729,-148.1042999625206,-148.61592203378677,58.20000171661377,77.066771686077118,3.0999999940395355,3.2669625878334045
776,61.516600012779236,61.328339457511902,-149.91750000044703,-148.90284705162048,43.700002133846283,77.170398086309433,4.3999999947845936,4.0890842825174332
1335,61.358599990606308,61.377709746360779,-149.98260000022128,-149.4578270316124,37.699997425079346,62.75935098528862,3.4999999701976776,3.5966021418571472
328,60.307399988174438,59.888365983963013,-152.95490008592606,-152.64426988363266,138.60000018030405,49.661047756671906,3.3999999761581421,3.5953956842422485
1820,60.02240002155304,59.73150897026062,-152.74130004644394,-151.22785878181458,92.799998819828033,100.76199285686016,3.9999999850988388,3.8252099901437759
12,60.057299971580505,59.823335886001587,-152.94470000267029,-152.62373399734497,113.4000001475215,39.487645030021667,3,3.5116914510726929
897,59.417600035667419,59.276377558708191,-152.87779998779297,-151.32846629619598,76.499998569488525,63.531231135129929,3.0999999940395355,3.1670785546302795
171,60.619899988174438,60.137096524238586,-151.19569998979568,-150.25067538768053,50.700001418590546,78.324496746063232,3,3.141544371843338
260,60.431999981403351,59.820892214775085,-151.89929991960526,-150.91401931643486,73.899999260902405,84.876827895641327,3.0999999940395355,3.1803998351097107
1435,61.375099986791611,60.978701401501894,-149.98959999997169,-149.32641349732876,39.599999785423279,43.773964047431946,3,3.1733512580394745
1680,59.513499975204468,59.246252655982971,-152.71979999542236,-151.40936887264252,78.600000590085983,45.09986937046051,3,3.2457870841026306
901,60.743099987506866,60.636292278766632,-147.15349996089935,-147.12544173002243,16.999997198581696,56.919090449810028,3.199999988079071,3.4071716666221619
258,61.201299995183945,61.191388890147209,-147.40379995107651,-147.75568056106567,8.1999972462654114,75.661253184080124,3.199999988079071,3.2250410914421082
844,59.956799983978271,59.682433843612671,-152.89840006828308,-152.06403976678848,107.59999975562096,44.532880187034607,3.8999999910593033,3.7262359857559204
138,59.89110004901886,59.510584950447083,-152.9297000169754,-152.09413933753967,91.899998486042023,35.866767168045044,3.3999999761581421,3.7462273836135864
319,61.588900029659271,61.525105118751526,-148.94830003380775,-148.75077465176582,26.799999177455902,76.932899653911591,3.4999999701976776,3.6464283764362335
1856,62.92929995059967,62.921954751014709,-151.33209997415543,-150.52131119370461,110.7999999076128,48.192694783210754,3.199999988079071,3.6316906213760376
1460,61.53659999370575,62.010498046875,-149.91079999879003,-148.65549418330193,51.399998366832733,55.183738470077515,3,3.1524842083454132
1394,61.375299990177155,61.124225117266178,-150.0702999997884,-149.22889244556427,41.599996387958527,41.101306676864624,3.2999999821186066,3.3944015800952911
558,59.476899981498718,59.338646769523621,-152.43059992790222,-151.94997453689575,88.100001215934753,104.0020789951086,3.199999988079071,3.1810955107212067
139,62.854400038719177,62.701202273368835,-150.50800001621246,-150.1487325578928,101.60000063478947,96.804345026612282,3.8999999910593033,4.253912553191185
112,61.389299988746643,61.420326173305511,-150.09530000388622,-149.69970546662807,19.199997186660767,87.564487010240555,3,3.089713454246521
531,59.990900039672852,59.713423371315002,-152.46320003271103,-151.48442021012306,100.09999945759773,92.224173247814178,3.6999999582767487,3.7755449563264847
224,59.334499955177307,59.305112719535828,-152.95809996128082,-151.54960817098618,80.60000091791153,89.329473674297333,4.0999999791383743,3.8776992559432983
723,59.548799991607666,59.243859171867371,-152.96660006046295,-151.74035167694092,94.900000840425491,29.740072786808014,3.6999999582767487,3.6801926493644714
2045,61.717499971389771,61.731049358844757,-152.08520007133484,-150.95020571351051,117.10000038146973,65.744936466217041,3.3999999761581421,3.4117426872253418
1744,61.349599987268448,61.459925085306168,-151.68530005216599,-151.15681332349777,77.599998563528061,73.915995657444,3,3.437122642993927
325,59.545300006866455,59.247125387191772,-152.08560007810593,-152.0409352183342,56.10000342130661,117.40740761160851,3.6999999582767487,3.7331722676753998
1949,62.49619996547699,62.44181227684021,-148.33959996700287,-148.83029446005821,16.800001263618469,73.095329105854034,3.0999999940395355,3.0502785444259644
1285,61.392199993133545,61.48440882563591,-150.09090000204742,-149.76118967682123,20.000003278255463,55.13705313205719,3.199999988079071,3.1063047051429749
714,61.319999992847443,61.184144213795662,-150.03359999880195,-149.37880472838879,39.999999105930328,69.413363933563232,3.4999999701976776,3.3228776156902313
846,59.947199940681458,59.850237131118774,-148.4410999417305,-150.08112856931984,8.1000030040740967,37.337310612201691,3.0999999940395355,3.0492238998413086
193,62.156700015068054,62.424062013626099,-152.59359991550446,-151.5117906332016,1.0000020265579224,107.45816677808762,3.8999999910593033,4.0388254970312119
573,61.927500009536743,61.917658925056458,-152.09650003910065,-150.93650829792023,110.39999965578318,81.241287291049957,3,3.5130550861358643
946,61.410800009965897,61.358220249414444,-150.4387000054121,-149.98296945216134,61.999998986721039,78.438486903905869,4.0999999791383743,3.7043476402759552
503,60.924800001084805,60.062572658061981,-152.8154000043869,-152.16778171062469,131.30000000819564,66.921256482601166,3.0999999940395355,3.1312466561794281
1389,61.420800000429153,61.364071637392044,-149.91509999893606,-149.36888037621975,46.400003135204315,57.536691427230835,3,3.0743080973625183
1379,61.480399996042252,61.242320373654366,-149.91349999979138,-149.3090947419405,30.000001192092896,68.200204521417618,3.4999999701976776,3.4914668798446655
645,60.048200011253357,59.669031381607056,-152.97130000591278,-152.54513096809387,111.70000024139881,40.598824620246887,3,3.349077969789505
3,60.204999983310699,59.85648775100708,-151.73360002040863,-151.27303183078766,63.999999314546585,139.28503077477217,3.9999999850988388,3.667934238910675
1361,61.371800005435944,61.43725061416626,-150.04319999925792,-149.63577720522881,34.400001168251038,53.109779953956604,3,3.1956803798675537
467,61.704599976539612,61.656778037548065,-151.00119996070862,-150.31791646778584,53.900003433227539,60.396485030651093,3.5999999642372131,3.5366044342517853
5,60.657400012016296,60.324032366275787,-151.20469996333122,-150.72169062495232,63.700001686811447,91.368738561868668,3.3999999761581421,3.3670270442962646
1901,60.425000011920929,59.238282442092896,-152.15199995040894,-151.41562306880951,78.499998897314072,89.970726519823074,3.8999999910593033,4.0273266434669495
547,62.514899969100952,62.440539121627808,-151.54820001125336,-150.79295495152473,97.100000828504562,71.297794580459595,4.0999999791383743,4.3921001851558685
228,60.171500027179718,59.676214218139648,-152.00300002098083,-151.33487051725388,68.399999290704727,103.48312370479107,3.4999999701976776,3.6807281076908112
1063,61.466399997472763,61.292722910642624,-149.63819999992847,-148.98704123497009,46.899996697902679,63.592497259378433,3.5999999642372131,3.7649340033531189
542,60.901799999177456,60.999704901129007,-147.63230001926422,-147.84484630823135,28.700001537799835,40.099829435348511,3,3.3511658906936646
242,59.640499949455261,59.454261422157288,-152.79290002584457,-151.67035049200058,99.99999962747097,60.276143252849579,3.2999999821186066,3.2620217800140381
898,60.005999982357025,59.750970363616943,-152.84999996423721,-151.10135659575462,112.30000015348196,62.293492257595062,3.9999999850988388,3.6262084543704987
1343,61.302899986505508,61.331306904554367,-149.93749999813735,-149.38064159452915,45.000001788139343,71.358110755681992,3.8999999910593033,3.7058561146259308
1160,61.442999988794327,61.393586069345474,-149.85389999672771,-149.53875616192818,43.600000441074371,69.241460412740707,3.4999999701976776,3.5506961345672607
2082,61.010800000280142,61.02135026268661,-151.38299998641014,-150.7222978323698,82.299999892711639,67.100070416927338,3.3999999761581421,3.5402072668075562
1290,61.359699994325638,61.450359880924225,-150.0846999976784,-149.66314523667097,27.500003576278687,53.622931241989136,3.0999999940395355,3.2565221786499023
842,60.789599999785423,60.31088387966156,-151.44800001382828,-150.93210142850876,69.40000131726265,85.973039269447327,3.8999999910593033,3.5751498341560364
1690,60.004599988460541,59.99946141242981,-152.95139998197556,-152.38858759403229,112.30000015348196,49.921214580535889,3.0999999940395355,3.3980709314346313
2054,61.32490000128746,61.401848316192627,-150.63289998471737,-150.21956408768892,53.599998354911804,78.616131097078323,3.6999999582767487,3.5947461426258087
276,61.441700011491776,61.495539844036102,-149.47649998962879,-149.09397679567337,40.50000011920929,48.456013202667236,3.5999999642372131,3.583395928144455
661,62.466899991035461,62.266309380531311,-148.24300003051758,-148.59808239340782,42.000003159046173,129.60304319858551,3.9999999850988388,3.6697352528572083
1430,61.38510000705719,61.572250485420227,-150.05230000242591,-149.20018520951271,38.999997079372406,55.668070912361145,3,3.146491527557373
314,61.996900022029877,62.181090474128723,-150.73139999806881,-150.37331389635801,5.9999972581863403,53.285658359527588,3.0999999940395355,3.6166062355041504
691,62.069499969482422,61.948701322078705,-148.40840005874634,-148.51582780480385,0,101.16405226290226,3,3.1259819269180298
1790,61.722500026226044,61.822454810142517,-148.20260006189346,-148.23753869533539,8.6999982595443726,119.74048987030983,3,3.1019779443740845
424,59.658599972724915,59.322427034378052,-152.67129993438721,-151.41159385442734,82.299999892711639,80.768059939146042,3.5999999642372131,3.6678920388221741
594,59.778300046920776,59.292011618614197,-152.99620002508163,-152.05500680208206,100.09999945759773,77.235504984855652,3.2999999821186066,3.282756507396698
2185,60.633799999952316,60.342693746089935,-150.2381000071764,-150.16357476264238,42.499996721744537,96.73801064491272,3.4999999701976776,3.1871994137763977
622,62.676300048828125,62.626185655593872,-149.69770000129938,-149.50024384260178,12.299999594688416,112.88237851113081,3.3999999761581421,3.523581862449646
1387,61.465799987316132,61.550029695034027,-149.90100000053644,-149.62338338792324,31.860001385211945,53.668752312660217,3.0999999940395355,3.0874382257461548
1991,62.775500059127808,62.672773361206055,-149.27470001578331,-149.23550176620483,66.700000315904617,84.985416382551193,4.0999999791383743,3.9338778108358383
227,59.024500012397766,59.215031743049622,-152.54350000619888,-151.32086911797523,63.099998980760574,102.02884674072266,3.199999988079071,3.1674014031887054
1980,59.505499958992004,59.178008556365967,-152.5922999382019,-151.17139577865601,73.100000619888306,63.181735575199127,3.0999999940395355,3.2609383463859558
1169,61.46560001373291,61.375806838274002,-149.62839999049902,-149.22847312688828,44.39999908208847,58.784931898117065,3.5999999642372131,3.5558819174766541
1668,62.898300051689148,62.880918860435486,-149.92129999771714,-149.73570135980844,79.599998891353607,66.007077693939209,4.3999999947845936,4.120683878660202
1304,61.413199990987778,61.694992780685425,-149.61349998414516,-149.360839381814,180.39999902248383,72.332832962274551,3.3999999761581421,3.4412357211112976
66,61.745899975299835,61.818259358406067,-150.91909995675087,-150.47735653817654,63.000001013278961,67.518789321184158,3,3.1687580645084381
24,59.103399991989136,59.276520252227783,-152.42370003461838,-151.8155425786972,49.400001764297485,55.714055895805359,3.199999988079071,3.2244157791137695
1235,61.345800012350082,61.266457825899124,-149.99869999999646,-149.49819105863571,40.299996733665466,73.615513741970062,4.8000000044703484,3.9498274773359299
144,60.406300008296967,59.99045741558075,-152.14220005273819,-151.01843145489693,82.899998873472214,71.106776595115662,3,3.1525338292121887
536,60.952899999916553,60.855679839849472,-151.38299998641014,-150.54417805373669,53.000003099441528,64.572833478450775,3.0999999940395355,3.149388313293457
811,60.31879997253418,59.741483926773071,-151.76569998264313,-150.92377325892448,68.700000643730164,99.109850823879242,3.3999999761581421,3.5331043303012848
1355,61.364399999380112,61.437250822782516,-150.05859999731183,-149.62960079312325,32.700002193450928,52.236393094062805,3.0999999940395355,3.1875048279762268
85,62.088000059127808,62.117071151733398,-151.40529996156693,-150.41251614689827,81.90000057220459,51.434412598609924,3.0999999940395355,3.1911040842533112
1580,62.58840000629425,62.656165480613708,-149.62550000846386,-149.4404656291008,63.499998301267624,87.424863129854202,3.2999999821186066,3.5209159255027771
2081,62.889400005340576,62.737028360366821,-149.05799996852875,-149.07536718249321,73.69999960064888,67.306071519851685,4.0999999791383743,3.787272647023201
1272,61.361799985170364,61.267645120620728,-150.14410000294447,-149.33066734671593,9.9999979138374329,58.995321393013,3.199999988079071,3.2065914273262024
484,61.592999994754791,61.590991318225861,-149.65129999816418,-148.99327504634857,38.599997758865356,58.360293507575989,3.4999999701976776,3.7097389698028564
1889,62.137699961662292,62.205906987190247,-150.39920000731945,-149.5521474480629,9.9000036716461182,64.480483531951904,3,3.1573525071144104
2108,62.218299984931946,62.252475023269653,-149.95139999873936,-149.89178505912423,54.300002753734589,50.687909126281738,3.0999999940395355,3.072305828332901
2120,60.491999983787537,60.523062318563461,-148.85690000653267,-149.14301043748856,38.900002837181091,62.881879508495331,3.3999999761581421,3.2001562714576721
1356,61.489399999380112,61.493149280548096,-149.94800000265241,-149.29507827758789,37.500001490116119,39.700552821159363,3.0999999940395355,3.0735695064067841
362,59.922700047492981,59.803153038024902,-148.87810000777245,-149.41418927907944,10.099999606609344,41.704908013343811,3.5999999642372131,3.5290866494178772
1914,59.817000031471252,59.252940893173218,-152.90189999341965,-151.35470893979073,106.39999993145466,63.810821622610092,3.9999999850988388,3.6363175213336945
1366,61.485500007867813,61.4544557929039,-149.94290000014007,-149.57409663498402,39.800003170967102,47.571040689945221,3.3999999761581421,3.3667584657669067
1026,61.432200014591217,61.13141505420208,-149.88800000399351,-149.15189310908318,33.299997448921204,52.999682724475861,3.0999999940395355,3.1818565428256989
1030,60.522100001573563,60.800476863980293,-150.1896999925375,-150.32278297841549,41.900001466274261,116.64501298218966,3.199999988079071,3.6097608804702759
2182,61.874000012874603,62.043950080871582,-150.82100003957748,-150.64134339988232,74.09999892115593,58.503240346908569,3.2999999821186066,3.3989431858062744
1609,60.208199977874756,59.865482091903687,-151.01170000433922,-150.49840128421783,60.000002384185791,157.90214017033577,3.0999999940395355,3.098193347454071
1467,61.411100000143051,60.902488447725773,-150.09160000272095,-149.39885714650154,31.199999153614044,47.430321574211121,3.199999988079071,3.1294926702976227
665,62.481799960136414,62.465922594070435,-148.23880004882812,-148.56453743577003,20.499996840953827,105.57675734162331,3,3.227130264043808
364,61.733799993991852,62.044067144393921,-151.70200002193451,-151.07182940840721,90.599998831748962,72.903811931610107,3.3999999761581421,3.4233795404434204
1239,61.399300009012222,61.380947411060333,-150.06469999998808,-149.80076799541712,36.100000143051147,75.288861989974976,3.9999999850988388,4.0279104709625244
77,60.074599981307983,60.055486619472504,-152.93510001897812,-152.38320636749268,112.59999964386225,54.182834923267365,3,3.3038023710250854
27,61.504899978637695,61.427822023630142,-150.00310000008903,-149.56945171952248,35.099998116493225,62.402196228504181,3.5999999642372131,3.767364576458931
1711,62.757300019264221,62.59788179397583,-148.31660002470016,-148.18620747327805,56.50000274181366,107.9238448292017,3.7999999970197678,3.9761827290058136
525,60.779699996113777,60.388101994991302,-152.03450006246567,-151.54574972391129,88.399998843669891,81.447739154100418,4.8000000044703484,4.8969751596450806
725,62.14520001411438,62.378221869468689,-150.38140001893044,-149.72470144182444,60.199998319149017,83.473078906536102,3.0999999940395355,3.0256585478782654
55,60.326300024986267,59.961268901824951,-152.18099999427795,-151.05725482106209,104.10000011324883,82.797404378652573,3,3.5286186933517456
638,62.232800006866455,62.409228324890137,-150.50270001590252,-150.34220818430185,6.4999982714653015,76.548740267753601,3.9999999850988388,3.9836221933364868
302,60.701900005340576,60.336221635341644,-152.08410000801086,-151.48349261283875,88.799998164176941,86.816757917404175,3.4999999701976776,3.469978004693985
718,61.319000005722046,61.229454025626183,-149.93340000137687,-149.38270430266857,45.999996364116669,74.997745454311371,5.3000000417232513,4.2237170934677124
1441,61.432900011539459,61.729211330413818,-149.920399999246,-149.06256285309792,41.79999977350235,66.983222961425781,3.199999988079071,3.2692202925682068
624,62.866999983787537,62.89056658744812,-149.81819999590516,-149.48472552001476,78.000001609325409,46.351037919521332,3.2999999821186066,3.6214152574539185
7,60.525499999523163,60.479545831680298,-147.18089997768402,-147.22632586956024,1.5999972820281982,44.543884694576263,3.2999999821186066,3.1295248568058014
1280,61.482699990272522,61.637006103992462,-150.05190000124276,-149.66463916003704,31.199999153614044,52.770063281059265,3.0999999940395355,3.102030873298645
803,62.326799988746643,62.543773412704468,-150.51860001683235,-150.09328035078943,61.599999666213989,104.74107787013054,3.199999988079071,3.2274125218391418
1049,59.840399980545044,59.784878730773926,-152.96670001745224,-152.02644789218903,95.69999948143959,45.70421576499939,3.0999999940395355,3.5162037312984467
336,62.369199991226196,62.437006592750549,-150.13630000501871,-149.59743350744247,59.10000205039978,61.889216303825378,3.199999988079071,3.5008733868598938
47,61.652700006961823,61.964200079441071,-150.97940003871918,-150.20452760159969,62.399998307228088,72.156127542257309,3.0999999940395355,3.1012478470802307
1762,61.940599977970123,61.810533404350281,-149.24180004000664,-148.9601953625679,3.300003707408905,66.970936954021454,3.5999999642372131,3.7792118489742279
106,62.348000049591064,62.388592004776001,-149.15850001573563,-148.88178884983063,3.4999996423721313,97.676409408450127,4.0999999791383743,4.1210036873817444
349,59.02839994430542,59.090739250183105,-151.19259998202324,-151.25052684545517,41.699998080730438,88.860172778367996,4.7000000104308128,4.2324501648545265
1079,61.503000020980835,61.454228401184082,-149.88670000433922,-149.21936774253845,45.800000429153442,58.921873569488525,3.199999988079071,3.4996654987335205
238,61.26460000872612,61.32430362701416,-149.93400000035763,-149.28823193907738,39.899997413158417,66.662829369306564,4.1999999955296516,3.7502159178256989
213,60.150799989700317,59.45063042640686,-152.89010006189346,-152.11177450418472,117.10000038146973,53.201757371425629,3,3.6221466958522797
1144,61.248199999332428,61.035393182188272,-149.89200000464916,-149.17750212550163,46.49999737739563,60.499079525470734,3.199999988079071,3.1416420042514801
2106,59.167999982833862,59.356149435043335,-152.73710006475449,-151.95658493041992,72.700001299381256,70.384468883275986,3,3.082958847284317
1691,61.419999986886978,61.177300348877907,-149.94890000112355,-149.17781129479408,30.100002884864807,63.784282654523849,3,3.0734516680240631
793,61.173500001430511,61.160517781972885,-149.32369999587536,-148.76943531632423,34.699998795986176,64.459335058927536,4.0999999791383743,3.799826368689537
1096,61.365700006484985,61.32419365644455,-150.01610000012442,-149.34611208736897,39.200000464916229,52.493676543235779,3.0999999940395355,3.1452240943908691
2075,62.554800033569336,62.465191841125488,-151.44369998574257,-150.74552191793919,91.80000051856041,47.872021794319153,3.199999988079071,3.4742900133132935
1332,61.356400012969971,61.40459543466568,-150.09339999966323,-149.53963521122932,33.500000834465027,62.512200325727463,3.3999999761581421,3.4726447463035583
2107,60.071200013160706,59.902387619018555,-152.88239997625351,-152.13031375408173,120.99999981001019,51.264002919197083,3.9999999850988388,3.626437246799469
1987,61.195899993181229,61.06333465129137,-147.72059994935989,-147.659588098526,38.999997079372406,83.100974559783936,3.199999988079071,3.4806278944015503
523,61.241400003433228,61.326865702867508,-150.66940002143383,-149.99938662350178,41.199997067451477,77.718548476696014,3,3.0868391096591949
232,60.357100009918213,60.000608503818512,-150.69699999690056,-150.52842865884304,61.899997293949127,53.321599960327148,3.2999999821186066,3.461418092250824
644,60.581699997186661,59.971492290496826,-151.78289991617203,-151.22170668840408,82.100000232458115,101.30188800394535,4.5,4.0676401555538177
2020,62.678599953651428,62.679836392402649,-149.80419999361038,-149.67930136620998,6.9999992847442627,115.86789507418871,3.199999988079071,3.1758675277233124
533,62.545799970626831,62.499720573425293,-151.49759995937347,-150.2401088476181,90.700000524520874,57.978294789791107,3.3999999761581421,3.8118866086006165
1795,61.045400001108646,61.01538479141891,-148.37610000371933,-148.2721803188324,12.599997222423553,101.29693895578384,3.4999999701976776,3.6143156290054321
603,59.106299996376038,59.153769254684448,-152.27640008926392,-151.63277971744537,66.899999976158142,102.97280363738537,3.0999999940395355,3.1158904731273651
1429,61.465799987316132,61.36826291680336,-149.95910000056028,-149.371323376894,39.499998092651367,65.480157732963562,3.6999999582767487,3.5343689918518066
1074,61.480800002813339,61.395198047161102,-149.91079999879003,-149.34254533052444,26.299998164176941,58.47524106502533,3.0999999940395355,3.1497083008289337
1550,62.135599970817566,61.828872323036194,-149.70939999818802,-148.78276428580284,54.999999701976776,88.207077234983444,4.1999999955296516,4.3837112300097942
60,61.199000000953674,61.180838093161583,-149.6626999899745,-149.0541253387928,38.699999451637268,65.270110964775085,3.7999999970197678,3.5516149699687958
2100,60.403999984264374,59.910265445709229,-152.057000041008,-151.13396555185318,86.800001561641693,74.585072696208954,3,3.0325707793235779
92,60.025499999523163,59.633822083473206,-152.67190003395081,-151.63323998451233,107.10000060498714,69.951076060533524,3.0999999940395355,3.1099602878093719
666,61.632000029087067,61.447530835866928,-149.52979999780655,-148.95693647861481,20.400002598762512,60.066618025302887,3.0999999940395355,3.0471454560756683
1318,61.50220000743866,61.581186234951019,-149.92469999939203,-149.41645015776157,37.500001490116119,52.403122186660767,3,3.148402601480484
1925,62.954200029373169,62.847240209579468,-149.55220001935959,-149.34804394841194,80.099999904632568,55.280596017837524,3,3.1894537210464478
280,61.252499997615814,61.197351321578026,-149.32359999418259,-148.91182708740234,31.000003218650818,70.908825844526291,3.3999999761581421,3.5515415668487549
1322,61.355199992656708,61.441641837358475,-150.08220000006258,-149.62126605212688,20.000003278255463,51.806136965751648,3,3.0634229779243469
359,59.65719997882843,59.179617404937744,-152.45589995384216,-151.4011595249176,73.600001633167267,102.31669805943966,3.2999999821186066,3.4987537264823914
1338,61.459399998188019,61.274642944335938,-149.98730000015348,-148.92179945111275,32.600000500679016,70.037875324487686,3.4999999701976776,3.4479995369911194
1385,61.532700002193451,61.491028815507889,-149.9472000002861,-149.24919059872627,39.70000147819519,61.602726578712463,4.0999999791383743,3.922865018248558
847,62.331200003623962,62.413771629333496,-148.74009999632835,-149.03495693206787,19.100002944469452,114.44446817040443,3.5999999642372131,3.7872207909822464
1206,59.905799984931946,60.255773425102234,-152.67030000686646,-151.58609962463379,137.40000035613775,88.486257940530777,3.3999999761581421,3.0811287760734558
1674,59.889400005340576,59.506337642669678,-151.16220000386238,-150.85159090161324,40.799997746944427,183.88588353991508,3.0999999940395355,3.2785407900810242
110,59.827999949455261,59.633934736251831,-152.85140007734299,-150.63614022731781,94.599999487400055,87.637707591056824,4.8000000044703484,4.3539512604475021
42,62.75629997253418,62.669084072113037,-148.94230002164841,-149.01704013347626,70.999998599290848,130.78161282464862,4.6000000052154064,4.3321313448250294
125,59.420500040054321,59.345041751861572,-152.66119998693466,-151.92698389291763,71.100000292062759,41.695155203342438,3.199999988079071,3.3137202858924866
204,62.530400037765503,62.655686855316162,-151.18250003457069,-150.67760221660137,84.399998188018799,77.58166640996933,3.2999999821186066,3.740508109331131
52,62.243199944496155,59.246107935905457,-150.91770002245903,-151.16313269734383,71.699999272823334,139.49568662792444,3.3999999761581421,4.1922571957111359
545,59.187199950218201,59.246249914169312,-152.38330006599426,-152.27969419956207,65.299998968839645,46.771764755249023,3.199999988079071,3.2009985744953156
68,59.535300016403198,59.530760765075684,-152.91279995441437,-152.29863113164902,105.59999942779541,59.779874980449677,3,3.1456027328968048
1894,61.640399992465973,61.384892731904984,-150.53160001337528,-149.53385205566883,45.900002121925354,59.954389929771423,3.6999999582767487,3.8706855922937393
1840,62.347599983215332,62.476446986198425,-151.2418999671936,-150.48332588374615,12.999996542930603,41.458524763584137,3.3999999761581421,3.7334953844547272
183,62.71560001373291,62.822302937507629,-149.40870000422001,-149.4357136040926,69.099999964237213,71.647047996520996,3,3.2068714499473572
137,62.009500026702881,62.318262815475464,-151.42379996180534,-150.55281686782837,81.999998539686203,65.598044544458389,3.8999999910593033,4.0405174791812897
899,61.480800002813339,61.505294799804688,-149.88819999620318,-149.50363451242447,41.100002825260162,56.369394063949585,3.8999999910593033,3.7125226557254791
796,61.687799990177155,61.672663331031799,-150.52590000629425,-149.69909405708313,59.399999678134918,69.142382591962814,3.9999999850988388,3.692193478345871
132,61.187600001692772,61.099786698818207,-152.28480005264282,-152.10224282741547,10.099999606609344,104.85439002513885,3.0999999940395355,3.1718840003013611
80,60.548000007867813,60.040525376796722,-151.78699994087219,-150.99086996912956,69.299999624490738,83.316642791032791,3.4999999701976776,3.6635722517967224
1767,62.24399995803833,62.247271776199341,-148.0314000248909,-148.34159588813782,18.899999558925629,104.27189059555531,3,3.3479718267917633
1831,62.864099979400635,62.864850282669067,-150.49230001866817,-150.01932098111138,99.700000137090683,69.188371300697327,3.2999999821186066,3.6560116410255432
541,60.401700019836426,60.075264096260071,-151.09389996528625,-150.469800978899,50.800003111362457,96.575403586030006,3.2999999821186066,3.4755813181400299
2118,60.268400013446808,59.703264474868774,-152.91199994087219,-152.18492138385773,131.3999998383224,79.531159251928329,3,3.0470336973667145
983,59.694300055503845,59.462155103683472,-152.91510003805161,-151.48375511169434,101.19999945163727,43.634846806526184,3.5999999642372131,3.6647035181522369
165,59.597599983215332,59.438102126121521,-152.88459992408752,-151.80163300037384,97.799999639391899,83.79242941737175,3,3.1859151721000671
248,60.229300022125244,59.650865435600281,-152.78460001945496,-151.77423048019409,12.800000607967377,97.594240680336952,3.3999999761581421,3.6666847765445709
1331,61.493999987840652,61.580718815326691,-149.91390000097454,-149.44882750511169,35.599999129772186,55.397629737854004,3.5999999642372131,3.6988747715950012
446,59.530699968338013,59.16258704662323,-152.93120008707047,-151.42936733365059,91.200001537799835,72.840899229049683,3,3.7177038788795471
1360,61.501299977302551,61.588292598724365,-149.96989999897778,-148.30294471979141,24.499997496604919,57.941034436225891,3.199999988079071,3.5777184069156647
858,62.263299942016602,62.372436165809631,-151.1865000128746,-150.47923994064331,74.499998241662979,102.83781215548515,3.3999999761581421,3.5615687370300293
1433,61.411700010299683,61.125055328011513,-150.02890000026673,-148.98758912086487,41.100002825260162,67.529488354921341,3.4999999701976776,3.4931400418281555
97,60.119799971580505,59.951217412948608,-148.46660006046295,-148.73236468434334,6.099998950958252,63.569176942110062,3.2999999821186066,3.4007576107978821
1811,60.903099998831749,60.39843887090683,-152.45889991521835,-151.2453445494175,112.49999981373549,73.296967893838882,3.2999999821186066,3.5030763745307922
805,61.933200001716614,62.088768839836121,-151.89660000801086,-151.11364674568176,111.39999981969595,77.23645493388176,3,3.2355565130710602
737,61.156900003552437,59.697889804840088,-152.84909999370575,-152.18176889419556,169.79999840259552,59.59416925907135,3.2999999821186066,3.5349165201187134
1489,61.551999986171722,61.379382997751236,-147.80510008335114,-148.50233182311058,67.200001329183578,62.160268425941467,3.4999999701976776,3.5006729364395142
102,60.019299983978271,59.614891529083252,-152.8063999414444,-152.23381018638611,122.10000003688037,42.907960712909698,3.2999999821186066,3.5141165256500244
434,61.750699996948242,61.572643101215363,-149.77590000629425,-149.37706951797009,36.200001835823059,52.510984241962433,3.9999999850988388,3.7877754718065262
74,59.95389997959137,59.560686588287354,-152.69940000772476,-151.8423957824707,100.29999911785126,57.913243770599365,3.2999999821186066,3.6174778640270233
577,59.096300005912781,59.245327830314636,-152.91819995641708,-152.08314800262451,80.499999225139618,46.567246317863464,3.6999999582767487,3.4895199537277222
1420,61.370200008153915,61.267058104276657,-150.04139999952167,-149.22653397917747,40.700003504753113,62.136456370353699,4.1999999955296516,3.6152336597442627
1488,61.428900003433228,60.821678042411804,-149.89520000293851,-149.6875226944685,43.399997055530548,77.492259442806244,3.3999999761581421,3.2692051827907562
1230,61.478799998760223,61.561984419822693,-149.98659999947995,-149.70780848711729,34.800000488758087,59.70495194196701,3.0999999940395355,3.0532894134521484
918,59.652899980545044,59.202754855155945,-150.54609999060631,-150.81736001372337,43.899998068809509,174.697145819664,3.2999999821186066,3.190193384885788
1326,61.505200028419495,61.601982414722443,-149.91439999826252,-149.36546105146408,36.200001835823059,44.205449521541595,3,3.0713676810264587
2039,61.971000015735626,62.203091859817505,-151.81300002336502,-150.80017554759979,102.700000628829,79.790424555540085,3,3.0825166404247284
2013,61.313100010156631,61.153343170881271,-147.46760004758835,-147.70770388841629,29.600001871585846,51.392987370491028,3.5999999642372131,3.7359489798545837
1924,62.302099943161011,62.320918321609497,-148.34930008649826,-148.43055367469788,35.80000251531601,79.005979001522064,3,3.1498812139034271
762,61.564899981021881,61.34672012925148,-149.78449999541044,-149.20268243551254,39.899997413158417,71.823526173830032,3,3.1658675372600555
989,62.575999975204468,62.776198983192444,-151.2127999663353,-150.88268646597862,88.399998843669891,92.293255031108856,3.3999999761581421,3.985969215631485
388,59.277899980545044,59.264859557151794,-150.64260001480579,-150.77631470561028,36.70000284910202,161.04856505990028,4.7000000104308128,4.1956667751073837
235,60.66049998998642,60.318748772144318,-151.11520001292229,-150.60316935181618,56.400001049041748,71.378316730260849,3.0999999940395355,3.1128833591938019
1793,62.979400038719177,62.767250537872314,-148.92199999094009,-149.20809575915337,78.200001269578934,51.894739270210266,3.2999999821186066,3.4229739904403687
267,60.726000010967255,60.217405557632446,-151.07929998636246,-150.32580471038818,59.299997985363007,61.196297407150269,3.199999988079071,3.1954527497291565
1329,61.350899994373322,61.34249159693718,-149.9947000000393,-149.42881129682064,40.600001811981201,72.703976184129715,4.0999999791383743,3.9668178409337997
1404,61.413399994373322,61.379814743995667,-150.05350000038743,-149.72991279512644,40.299996733665466,55.238232016563416,3.5999999642372131,3.5374340415000916
117,62.720600008964539,62.652142882347107,-151.00099995732307,-150.4851271212101,85.900001227855682,58.383457362651825,3.5999999642372131,3.7433516085147858
1908,61.542699992656708,59.979488372802734,-151.87669998407364,-152.76304721832275,16.199998557567596,77.050302177667618,3.0999999940395355,4.2138899266719818
673,62.46150004863739,62.366201877593994,-148.24769997596741,-148.58511623740196,42.099997401237488,99.459853023290634,3,3.2527487576007843
249,62.124899983406067,62.640964269638062,-152.59280008077621,-151.17744961380959,1.100003719329834,79.747028648853302,3,3.2989304959774017
1941,60.478900015354156,60.499411165714264,-148.47149991989136,-148.49358147382736,12.599997222423553,102.24862210452557,3.0999999940395355,3.1478298604488373
2202,60.645000010728836,60.175918757915497,-151.26499995589256,-150.36803595721722,68.700000643730164,63.107822090387344,3.0999999940395355,3.0893445611000061
94,61.607800006866455,61.729045748710632,-150.08590000122786,-149.71309476345778,38.40000182390213,63.138760626316071,3.2999999821186066,3.4611064195632935
2044,61.345699995756149,61.336347997188568,-151.1734000146389,-150.74499996006489,68.300001323223114,58.046653866767883,3.2999999821186066,3.2064211964607239
33,62.723099946975708,62.872742533683777,-149.6655999943614,-149.5806048810482,57.899996638298035,62.93918564915657,3.199999988079071,3.1475565433502197
1741,61.457500010728836,61.401788502931595,-152.13959991931915,-151.06785786151886,107.99999907612801,80.967754125595093,4.9000000208616257,3.9068852216005325
1983,60.46399998664856,60.181008577346802,-150.61399997770786,-150.36509998887777,51.399998366832733,95.652323216199875,3.199999988079071,3.1856727004051208
448,61.976700007915497,61.983801066875458,-149.95489999931306,-149.63141336292028,28.599999845027924,70.958379656076431,3.0999999940395355,3.3396701216697693
716,60.207000017166138,59.915167331695557,-152.589399933815,-151.46359759569168,103.70000079274178,49.178659915924072,3.2999999821186066,3.4168679416179657
1962,61.038199998438358,60.890442281961441,-148.93279999494553,-148.40160208940506,21.399997174739838,87.869308888912201,3.5999999642372131,3.5411611497402191
1807,61.004600000102073,60.414217293262482,-152.19550001621246,-151.16658863425255,124.39999997150153,90.834029018878937,3,3.0908242464065552
0,61.59469997882843,61.440813213586807,-152.18250006437302,-151.18983194231987,115.79999979585409,97.603399306535721,3.9999999850988388,3.7379063665866852
2034,60.998999999952503,60.883066937327385,-151.42570003867149,-150.9497407078743,66.899999976158142,71.664594113826752,3.3999999761581421,3.3104344010353088
1101,61.466800004243851,61.296889424324036,-149.96509999874979,-149.35273016989231,45.100003480911255,65.227162092924118,3.199999988079071,3.5022474825382233
1108,61.338899999856949,61.085814878344536,-150.09160000272095,-149.1342599093914,18.799997866153717,60.594722628593445,3,3.0298962593078613
1449,61.407799988985062,60.955890525132418,-150.09439999982715,-150.14618379995227,38.999997079372406,74.841905385255814,3.7999999970197678,3.4844173192977905
82,60.955899998545647,60.647607624530792,-150.91620004177094,-150.12443447113037,48.100002110004425,86.339149624109268,3.199999988079071,3.2386163771152496
1526,61.364199995994568,61.427572399377823,-151.24970000982285,-150.69893981516361,9.4999969005584717,66.893510520458221,3,3.1334935426712036
676,61.337099999189377,61.262641310691833,-147.28800004720688,-147.29521536827087,10.899998247623444,64.706981182098389,3.199999988079071,3.202680766582489
1726,60.17629998922348,59.783380270004272,-152.69600003957748,-151.66167604923248,103.09999994933605,83.784759044647217,3,3.0697743594646454
1046,60.874699994921684,60.737808883190155,-149.47599998116493,-149.28099149465561,24.999998509883881,74.069622904062271,3.2999999821186066,3.4617803692817688
770,60.914899997413158,60.449677407741547,-151.17059996724129,-150.43195930123329,65.600000321865082,68.100634962320328,3.0999999940395355,3.1959196329116821
1437,61.439500004053116,61.68418425321579,-150.10920000448823,-149.61556117236614,33.600002527236938,42.453393340110779,3.199999988079071,3.1279970705509186
1517,60.958099998533726,60.845403924584389,-152.15699994564056,-151.41132456064224,99.799999967217445,48.320949077606201,3.0999999940395355,3.4447869658470154
1879,60.610199987888336,60.213279962539673,-151.03970003128052,-150.41446606814861,61.800003051757812,56.126818060874939,3.0999999940395355,3.2126109302043915
1773,59.708299994468689,59.749995708465576,-152.98179996013641,-152.5398171544075,96.999999135732651,59.732578694820404,3.2999999821186066,3.2847533226013184
404,59.473299980163574,59.155809879302979,-152.53340005874634,-151.77610838413239,70.399999618530273,107.46213980019093,3.0999999940395355,3.192880243062973
384,62.956200003623962,62.821340918540955,-150.43380001187325,-150.11955195665359,104.49999943375587,84.330543875694275,3.199999988079071,3.256064772605896
1891,61.131500005722046,60.793053969740868,-151.33629995584488,-150.1893121227622,67.299999296665192,48.093706369400024,3.2999999821186066,3.5972051024436951
1590,61.133200004696846,61.031755890697241,-150.76260003447533,-150.15891236811876,19.900001585483551,77.466614544391632,3.4999999701976776,3.208323061466217
104,60.964899998158216,60.762224450707436,-151.85370004177094,-151.18180426955223,90.599998831748962,69.852866232395172,3,3.5441831946372986
688,60.160700023174286,59.655214548110962,-152.76349997520447,-152.32794481515884,109.50000025331974,29.97858077287674,3.6999999582767487,3.8188557475805283
1551,62.370499968528748,62.320196866989136,-151.27349996566772,-150.07801247388124,81.799998879432678,51.398314535617828,3.2999999821186066,3.6773833036422729
826,59.818600058555603,59.331881284713745,-151.39649999141693,-151.02307820320129,72.200000286102295,152.03531458973885,3.4999999701976776,3.242855966091156
1240,61.411199986934662,61.286992132663727,-149.94400000199676,-149.6165768802166,35.199999809265137,85.311125963926315,3.2999999821186066,3.2835966646671295
62,62.337700009346008,62.515389442443848,-149.73959999531507,-149.75694626569748,41.79999977350235,79.869400709867477,3.199999988079071,3.5293473601341248
1305,61.337900012731552,61.270403355360031,-150.03479999955744,-149.20008829236031,19.00000125169754,59.392407536506653,3,3.0701246559619904
852,61.736599981784821,61.743743002414703,-147.15330004692078,-147.60227715969086,28.999999165534973,34.172400832176208,3.4999999701976776,3.4954415559768677
1607,59.353099942207336,59.158958673477173,-151.21999999880791,-150.75296187400818,42.499996721744537,165.67541658878326,3.199999988079071,3.1199663579463959
1262,61.363099992275238,61.427129536867142,-150.06159999780357,-149.54083397984505,39.999999105930328,57.88731575012207,3.4999999701976776,3.4268322587013245
223,59.819700002670288,59.247153878211975,-151.87410002946854,-151.5036136507988,58.20000171661377,160.62607616186142,3.2999999821186066,3.5208554863929749
145,60.39410001039505,59.884304046630859,-152.81549996137619,-152.29633301496506,125.39999998989515,47.684185206890106,3.199999988079071,3.3101577758789062
1088,59.825099945068359,59.833722710609436,-147.78640007972717,-149.57125259935856,85.499998182058334,68.660818040370941,3,3.0862144231796265
373,61.351000010967255,61.341702282428741,-149.56510001420975,-149.10068303346634,30.299998819828033,54.108299314975739,3.0999999940395355,3.0725515186786652
1692,61.681599974632263,61.556170225143433,-149.66780000925064,-148.9116750061512,35.199999809265137,57.355821132659912,4.1999999955296516,3.8427798897027969
1142,59.254999995231628,60.64993417263031,-147.63899999856949,-148.90081000328064,20.999997854232788,69.954182952642441,3,3.0523020029067993
2114,59.823799967765808,59.719876527786255,-152.93050003051758,-152.03374511003494,103.4999992698431,41.880100965499878,3.0999999940395355,3.0873650014400482
1779,61.665700018405914,61.994250118732452,-152.53930002450943,-150.91305756568909,6.099998950958252,70.896938443183899,3,3.4904251098632812
1274,61.420800000429153,61.360848814249039,-149.98260000022128,-149.44639067351818,37.000000476837158,68.826757371425629,3.7999999970197678,3.7625371366739273
1265,62.912199974060059,61.763094127178192,-152.92739993333817,-149.77299369871616,11.200003325939178,71.384157985448837,3.2999999821186066,3.0426633059978485
1902,61.02309999987483,60.773036688566208,-150.3213000074029,-149.58823210000992,51.299996674060822,78.457459807395935,3,3.0979536473751068
1897,59.811200022697449,59.257795214653015,-152.90430003404617,-151.35321682691574,103.9000004529953,52.884727716445923,3.0999999940395355,3.2741807699203491
9,60.394500017166138,60.057635128498077,-151.1370000243187,-150.5018252581358,47.300003468990326,98.089275881648064,3.199999988079071,3.3964331746101379
449,60.857600003480911,60.604192823171616,-151.0973000228405,-150.16425761952996,58.300003409385681,67.505292594432831,3.199999988079071,3.2901900708675385
708,59.732399940490723,59.402039527893066,-152.38319993019104,-151.2329535484314,69.699998944997787,70.497211068868637,3,3.098435640335083
255,61.504000008106232,61.36109134554863,-150.04869999736547,-149.21371829509735,45.400001108646393,51.378339529037476,3,3.0892997682094574
882,60.749000012874603,60.568049848079681,-151.32629996538162,-150.65405336022377,54.899998009204865,85.623733699321747,3,3.0416505932807922
389,60.031199991703033,59.482796549797058,-152.28860002756119,-151.57252013683319,69.099999964237213,135.00584755092859,3,3.1264967322349548
1559,59.996899962425232,59.723978519439697,-152.1742000579834,-151.07078701257706,80.699998885393143,116.33430141955614,3.0999999940395355,3.1711834073066711
908,62.831099987030029,62.77135968208313,-149.57919998466969,-149.58839249610901,83.099998533725739,44.350609183311462,4.2999999895691872,3.7868748307228088
924,60.575800001621246,61.917163133621216,-152.12709993124008,-149.30913461744785,62.5,61.48933619260788,3.5999999642372131,3.2076277434825897
2029,62.793300032615662,62.748065710067749,-149.20150002837181,-149.23004293441772,61.599999666213989,86.567588150501251,3.0999999940395355,3.1207502782344818
1455,61.477400004863739,61.762854397296906,-149.9753000009805,-148.20834124088287,48.19999635219574,68.386327475309372,3.5999999642372131,3.8572669476270676
460,59.212599992752075,59.151211261749268,-152.15859997272491,-151.35561114549637,72.00000062584877,90.673837810754776,4.1999999955296516,3.8952206522226334
1503,61.282200008630753,60.866324692964554,-149.95710000023246,-149.46724185347557,40.799997746944427,71.004223078489304,5.7000000178813934,3.9295929819345474
2026,61.36829999089241,61.301219522953033,-150.11209999769926,-149.83900746703148,45.400001108646393,95.351295545697212,3.0999999940395355,3.0772348344326019
1168,61.375699996948242,61.317728191614151,-150.0890999995172,-149.67574710398912,19.900001585483551,76.862763613462448,3.0999999940395355,3.0892521142959595
958,61.311199992895126,60.861617669463158,-152.31400001049042,-151.77391988039017,127.30000005103648,68.253085017204285,3.0999999940395355,3.2324962019920349
501,61.664900004863739,61.960502028465271,-150.68809998035431,-150.48218710720539,39.899997413158417,82.35621452331543,3.2999999821186066,3.5777699947357178
739,59.442299962043762,59.589679956436157,-152.74750006198883,-152.18481874465942,80.099999904632568,69.824069738388062,3.3999999761581421,3.4266517460346222
40,61.303900003433228,61.35439658164978,-150.02560000028461,-149.57632032036781,39.999999105930328,70.43733075261116,3,3.0604931116104126
868,61.333299994468689,61.127287060022354,-150.64560002088547,-149.75949990749359,53.400002419948578,59.519141912460327,3.0999999940395355,3.095103532075882
731,61.691600024700165,61.474554836750031,-149.46559998393059,-148.93901252746582,30.199997127056122,36.513209342956543,3.199999988079071,3.2438521385192871
539,62.924499988555908,62.945743322372437,-150.94020000100136,-150.0762359239161,105.1000002771616,38.524866104125977,3,3.2739542126655579
1201,61.364100009202957,61.338472604751587,-150.04960000142455,-149.69979205727577,34.500002861022949,75.695760548114777,3.2999999821186066,3.3837178945541382
1339,61.471100002527237,61.612762987613678,-149.93889999948442,-148.96216374635696,44.900000095367432,69.695603102445602,3,3.2632942199707031
697,61.545199990272522,61.329487502574921,-150.0245000012219,-149.18552094697952,44.900000095367432,54.87215518951416,3,3.0611370205879211
1656,60.036800026893616,59.776132702827454,-151.62220001220703,-150.85577255487442,70.000000298023224,115.38995243608952,3.0999999940395355,3.1748666167259216
2050,59.947499990463257,59.735261201858521,-152.84619998931885,-151.76938819885254,119.29999990388751,49.483954906463623,3.4999999701976776,3.228681743144989
1371,61.375699996948242,61.437394678592682,-150.02130000013858,-149.69232825189829,34.599997103214264,59.900149703025818,3.4999999701976776,3.5837839543819427
1145,61.879999995231628,61.679962337017059,-147.32059997320175,-147.08138751983643,41.79999977350235,50.19262433052063,3.4999999701976776,3.7179692387580872
1031,61.360300004482269,60.366289258003235,-149.27899999916553,-150.02239611838013,0,58.635979890823364,3.3999999761581421,3.5993432700634003
372,60.208599984645844,59.685968279838562,-152.4404000043869,-151.40733057260513,87.600000202655792,80.796249210834503,4.0999999791383743,3.7473381757736206
667,62.478500008583069,62.338402509689331,-148.24970000982285,-148.46848422288895,20.300000905990601,96.490614116191864,3.199999988079071,3.4521722495555878
1431,61.37950000166893,61.235046669840813,-150.01449999958277,-149.2085332274437,46.999998390674591,40.145665407180786,3.0999999940395355,3.126138836145401
1850,61.67059999704361,61.736371517181396,-151.68809992074966,-150.60272964835167,96.999999135732651,62.383450567722321,3.2999999821186066,3.4725567698478699
357,60.138000011444092,59.803383708000183,-152.8150999546051,-152.1514538526535,114.29999954998493,44.008746743202209,3.199999988079071,3.1568217873573303
967,62.013100028038025,61.963514029979706,-148.46259999275208,-148.5461074411869,41.599996387958527,81.964366137981415,3,3.3867562115192413
783,61.519299983978271,61.235241070389748,-149.91620000079274,-149.06509181857109,40.299996733665466,77.170465141534805,4.9000000208616257,4.4303564820438623
735,60.353600025177002,59.935212969779968,-152.47699999809265,-151.85034084320068,101.80000029504299,49.818530678749084,3.0999999940395355,3.2682386040687561
1353,61.375999987125397,61.34855180978775,-149.97809999948367,-149.34117351472378,44.79999840259552,67.772693932056427,4.5,4.4214403051882982
1035,62.585800051689148,62.766338109970093,-151.34079998731613,-150.46405152976513,93.800000846385956,83.525087684392929,3,3.7224175930023193
970,60.711899995803833,60.41072541475296,-151.67669999599457,-150.99589347839355,77.700000256299973,33.059693872928619,3.3999999761581421,3.6075831949710846
1814,60.377799987792969,60.341465055942535,-148.29189991950989,-148.60680109262466,23.900002241134644,56.999191641807556,3,3.1630144715309143
1771,59.764899969100952,59.45159637928009,-150.61560000479221,-150.77491235733032,35.499997437000275,177.59336158633232,3.199999988079071,3.1606508195400238
2077,60.075500011444092,59.824179649353027,-152.99719995260239,-152.06642729043961,115.60000013560057,59.001989662647247,3.0999999940395355,3.1196090877056122
1880,62.182700037956238,62.422135829925537,-148.88870000839233,-148.98196372389793,4.3999999761581421,109.16897095739841,3,3.1418495178222656
1532,60.297299981117249,59.976837277412415,-152.70480000972748,-151.45619988441467,114.79999963194132,61.167985200881958,3.2999999821186066,3.5833541750907898
1813,60.650200009346008,60.54957976937294,-151.64279991388321,-150.90723726153374,68.300001323223114,52.336931228637695,3,3.1904173493385315
1328,61.479299992322922,61.467364341020584,-149.90789999999106,-149.51805420219898,31.000003218650818,53.506210446357727,3.2999999821186066,3.4032091498374939
1604,61.925999999046326,62.159508466720581,-147.31620007753372,-148.01775348186493,39.300002157688141,145.7409244030714,3,3.3054256439208984
1775,60.126600027084351,59.946321129798889,-152.77530008554459,-152.19533121585846,112.09999956190586,57.954259216785431,3.0999999940395355,3.1663901209831238
1425,61.388999998569489,61.076736867427826,-150.00500000012107,-149.44187754392624,42.800001800060272,56.926310062408447,3.0999999940395355,3.5307004451751709
1464,61.504000008106232,62.022899866104126,-149.93159999884665,-149.03099575638771,45.800000429153442,56.899800896644592,3.199999988079071,3.4762998819351196
1952,59.826200008392334,59.374296903610229,-152.9031999707222,-151.52049136161804,107.79999941587448,36.429427564144135,3.5999999642372131,3.6127259731292725
1252,61.477899998426437,61.568615674972534,-149.90560000017285,-149.66873569786549,41.199997067451477,51.124736666679382,3.0999999940395355,3.3593662977218628
2018,62.042600035667419,62.231468915939331,-150.67960001528263,-150.27663702517748,61.700001358985901,70.752207189798355,3.3999999761581421,3.4939802885055542
2043,60.135999977588654,59.753323793411255,-152.74769997596741,-151.70622843503952,97.100000828504562,71.127016097307205,3,3.0656719207763672
1236,61.471500009298325,61.617794454097748,-150.09210000000894,-149.53630690276623,18.10000091791153,49.775704741477966,3.2999999821186066,3.1088801622390747
885,59.371600031852722,59.364609479904175,-152.84379994869232,-151.79506194591522,90.199999511241913,27.058407664299011,3.0999999940395355,3.1932123899459839
79,60.601700007915497,60.542386740446091,-147.51510000228882,-147.54931282997131,19.40000057220459,42.238339781761169,3,3.0850090384483337
1172,61.362199991941452,61.334392935037613,-150.0245000012219,-149.71127340942621,40.600001811981201,80.013301223516464,3.6999999582767487,3.5981196463108063
814,61.347699999809265,61.215969130396843,-149.83209999650717,-149.1769372522831,36.399997770786285,57.391464710235596,3.2999999821186066,3.3538470268249512
2131,61.194100007414818,61.332389980554581,-149.63710000365973,-149.711724601686,35.700000822544098,82.264810800552368,3,3.0817618668079376
671,62.487499952316284,62.391491651535034,-148.26809996366501,-148.48272836208344,19.500002264976501,94.919053837656975,3.199999988079071,3.2974872887134552
1822,62.63129997253418,62.625004768371582,-150.76700001955032,-150.15615771710873,84.100000560283661,52.399128675460815,3.4999999701976776,3.7442302107810974
57,61.096799999475479,60.852118819952011,-150.82629999518394,-150.07621381245553,41.299998760223389,84.828317165374756,3.0999999940395355,3.1599169671535492
133,61.52020001411438,61.964415848255157,-151.44599997997284,-150.96971225738525,76.900001615285873,61.518259346485138,3.199999988079071,3.2665083110332489
1140,60.214200019836426,59.815253734588623,-150.9655000269413,-150.5187262147665,65.900001674890518,153.74827943742275,4.3999999947845936,3.9993547350168228
933,60.029500007629395,60.041377305984497,-152.84339994192123,-152.1691038608551,96.599999815225601,47.987982630729675,3.0999999940395355,3.1413837075233459
2005,62.768800020217896,62.680082440376282,-148.90340003371239,-148.9139196574688,64.399998635053635,94.441976398229599,4.2999999895691872,3.9734362363815308
823,60.289200007915497,59.891709923744202,-150.91980001330376,-150.58037982881069,65.799999982118607,138.99869285523891,3.0999999940395355,3.0889172852039337
1432,61.442099988460541,61.416329741477966,-149.75939999520779,-149.25735506415367,40.799997746944427,53.170204162597656,3.0999999940395355,3.2409439980983734
1621,60.239300012588501,60.141506791114807,-149.01929998397827,-149.94011749327183,20.599998533725739,23.619994521141052,3.199999988079071,3.1958677768707275
1214,61.409099996089935,61.354520678520203,-150.0339999999851,-149.56157103180885,21.300002932548523,67.941024899482727,3.8999999910593033,3.6371850371360779
504,60.054799973964691,59.683975696563721,-152.73439997434616,-152.19466710090637,93.299999833106995,76.269503682851791,3.9999999850988388,3.6031447649002075
2179,62.277199983596802,62.362269878387451,-151.40160003304482,-150.3851882815361,94.200000166893005,37.284672260284424,3.6999999582767487,3.7269098460674286
347,60.206900000572205,59.920854210853577,-152.660600066185,-152.02683824300766,103.4999992698431,65.860528498888016,3.0999999940395355,3.3128683269023895
386,60.324100017547607,60.044168174266815,-151.40560001134872,-151.14123040437698,56.50000274181366,119.37759444117546,3.0999999940395355,3.1936610341072083
1024,61.455599993467331,61.175547808408737,-149.96210000105202,-149.16785752773285,40.700003504753113,56.225448846817017,3,3.1225832104682922
1384,61.494100004434586,61.525882124900818,-149.92880000174046,-149.49030192196369,40.299996733665466,51.562786102294922,3.199999988079071,3.3209072649478912
894,59.486199975013733,59.180341243743896,-152.40450006723404,-151.30907267332077,65.49999862909317,102.84583084285259,3.5999999642372131,3.538754940032959
828,62.595199942588806,62.687645792961121,-151.21999999880791,-150.25792177766562,77.799998223781586,69.776330143213272,3.0999999940395355,3.2786176800727844
2149,59.897699952125549,59.439345002174377,-152.74059998989105,-151.58320945501328,99.400000646710396,71.593962609767914,3.0999999940395355,3.1066752076148987
475,60.21560001373291,59.958003640174866,-150.85419997572899,-150.57178442180157,74.299998581409454,120.58286694809794,3.7999999970197678,3.5947635769844055
1750,61.482400000095367,61.358242750167847,-149.6799999922514,-149.07830956578255,30.299998819828033,49.124553799629211,3,3.156563937664032
2095,61.368000000715256,61.438490360975266,-149.7850000038743,-149.51514029502869,32.300002872943878,46.327754855155945,3.2999999821186066,3.0935424864292145
1660,59.841799974441528,59.722184896469116,-152.873399913311,-152.05818378925323,99.400000646710396,47.647565603256226,3.199999988079071,3.4850418269634247
652,62.824000000953674,62.684951186180115,-150.50689999759197,-149.9527143817395,85.599999874830246,134.2874513939023,3.199999988079071,3.3522722125053406
172,59.424900054931641,59.122552275657654,-151.5375999212265,-151.26311293244362,46.300001442432404,141.65755733847618,4.9000000208616257,4.1994395479559898
1474,61.512499988079071,61.628855586051941,-149.92050000093877,-148.45667624473572,38.300000131130219,53.149871528148651,3.0999999940395355,3.2050735652446747
1149,61.30460000038147,61.091586731374264,-149.9499999973923,-149.09423822164536,41.299998760223389,69.979190826416016,4.1999999955296516,3.8873976767063141
38,62.664299964904785,62.641756296157837,-149.86259999871254,-149.66766869276762,4.69999760389328,125.89501176262274,3.0999999940395355,3.0805220603942871
713,59.20930004119873,59.242449641227722,-152.35899996757507,-151.54167222976685,73.30000028014183,45.174509286880493,3,3.2019001543521881
90,62.362499952316284,62.455419063568115,-149.14460000395775,-148.86478739976883,0,133.41352436691523,3.3999999761581421,3.7793676853179932
166,62.959400057792664,62.79956579208374,-150.77419996261597,-150.42454075813293,108.69999974966049,71.916159242391586,3,3.129143625497818
1205,61.360300004482269,61.330748021602631,-150.09470000490546,-149.66968437284231,20.300000905990601,76.042953878641129,3,3.0853916108608246
875,60.272300004959106,59.688258171081543,-150.9979000389576,-150.79024493694305,46.09999805688858,156.14164248108864,3.0999999940395355,3.0621584951877594
1605,61.369599997997284,61.496862053871155,-147.19230008125305,-147.79173159599304,3.2000020146369934,72.282701730728149,3.199999988079071,3.2054490745067596
1993,62.63730001449585,62.636399507522583,-151.7046999335289,-150.74608983099461,1.100003719329834,77.956493943929672,3.0999999940395355,3.6525689363479614
2148,61.702000021934509,61.914684414863586,-151.58730000257492,-151.13309946656227,105.90000078082085,65.933838486671448,3.3999999761581421,3.419710636138916
1093,61.526300013065338,61.320811986923218,-149.86160000413656,-148.95701399445534,47.399997711181641,79.369038343429565,4.0999999791383743,3.969905287027359
1155,61.36719998717308,61.096918441355228,-150.03450000006706,-149.10971635580063,45.100003480911255,55.363655090332031,3.199999988079071,3.3258276879787445
1324,61.401199996471405,61.262088298797607,-150.07819999940693,-148.58319863677025,34.000001847743988,79.368669539690018,3.6999999582767487,3.6387582421302795
1618,61.70279997587204,61.771908640861511,-150.23989999294281,-149.22363862395287,99.99999962747097,67.401081323623657,3.7999999970197678,3.6499208807945251
1350,61.477999985218048,61.644650995731354,-149.96360000129789,-149.64786672592163,34.800000488758087,58.732829988002777,3,3.1050278842449188
510,61.300000011920929,60.589383959770203,-152.40170001983643,-151.30007484555244,122.90000007487833,75.335565954446793,3,3.3090653121471405
499,61.728900015354156,61.979018330574036,-150.79920002818108,-150.69186361134052,47.499999403953552,76.185204088687897,3.2999999821186066,3.6329694986343384
1611,62.349499940872192,62.451168537139893,-148.728600025177,-148.59979113936424,39.499998092651367,135.40880382061005,4.2999999895691872,4.02706378698349
1910,59.217499971389771,59.125140190124512,-152.53880006074905,-151.16316765546799,63.400000333786011,45.098535716533661,3.0999999940395355,3.2040511965751648
1519,62.050799965858459,62.041938781738281,-149.87930000200868,-149.53320841491222,46.09999805688858,65.750140696763992,3.3999999761581421,3.6723836660385132
338,62.22189998626709,62.247135639190674,-151.16110002994537,-149.85680262744427,80.400001257658005,52.90348082780838,3.4999999701976776,3.6399555802345276
1956,60.876299999654293,60.602614939212799,-150.56070001423359,-149.83282127603889,48.19999635219574,75.022988021373749,3.5999999642372131,3.6853038668632507
1188,61.46340000629425,61.498062759637833,-149.98550000041723,-149.6815442070365,39.999999105930328,67.014414817094803,3.3999999761581421,3.488740861415863
28,59.740800023078918,59.295342922210693,-151.90459996461868,-151.37776592373848,54.899998009204865,128.28394072130322,3,3.1383930444717407
1540,60.036700010299683,59.53632640838623,-151.77859997749329,-150.96933200955391,40.399998426437378,142.24325679242611,3,3.1296137273311615
1217,61.389999985694885,61.414470940828323,-150.06140000000596,-149.82719415798783,20.000003278255463,73.515910655260086,3.0999999940395355,3.1474412083625793
1573,61.431400001049042,61.510681807994843,-150.95550003647804,-150.39050647616386,63.700001686811447,89.965395629405975,3.2999999821186066,3.7181335687637329
794,60.052699983119965,59.759833216667175,-151.9925000667572,-151.2169437110424,65.000001341104507,127.84808385185897,3,3.5434733033180237
945,61.602999985218048,61.690513014793396,-147.83489996194839,-147.90292972326279,21.799996495246887,92.3912413418293,3.0999999940395355,3.2999559044837952
1753,62.239099979400635,62.347972750663757,-149.433100014925,-149.34557157754898,39.300002157688141,91.96554496884346,3,3.3782143592834473
169,61.586199998855591,61.643772006034851,-151.12660002708435,-150.32871667295694,66.79999828338623,60.263924300670624,3.6999999582767487,3.7351200878620148
1670,62.993000030517578,62.930690884590149,-150.91069999337196,-150.06537399441004,122.80000001192093,49.521014094352722,3.2999999821186066,3.7735298126935959
1197,61.352800011634827,61.311112880706787,-149.98600000049919,-149.57522016763687,39.800003170967102,73.533095419406891,3.199999988079071,3.159621924161911
1542,60.068400025367737,59.728802442550659,-152.59830003976822,-151.38623285293579,101.80000029504299,78.102968633174896,3.3999999761581421,3.5541496574878693
1253,61.478199988603592,61.618777871131897,-150.02400000113994,-149.8197883553803,37.399999797344208,54.347723722457886,3.0999999940395355,3.1311120092868805
1844,61.125400006771088,60.929057598114014,-151.38589999079704,-150.66525363922119,72.200000286102295,58.878958225250244,3.0999999940395355,3.2308114171028137
912,59.723000049591064,59.514225959777832,-148.05519998073578,-149.18305018544197,11.799998581409454,48.751726746559143,3.6999999582767487,3.6843922734260559
491,60.392799973487854,60.509317636489868,-148.92389997839928,-149.20919197797775,19.799999892711639,19.625484943389893,3.0999999940395355,3.2184748649597168
953,59.962900042533875,59.534107685089111,-152.89609998464584,-151.18090894818306,113.30000031739473,60.933806002140045,3.5999999642372131,3.5609021186828613
1097,59.564299941062927,59.308251023292542,-152.92040008306503,-151.7334212064743,89.099999517202377,38.188636302947998,3.3999999761581421,3.6128922700881958
1032,60.507099986076355,60.358626067638397,-150.16840000078082,-150.14557111635804,42.599998414516449,49.03123527765274,3.7999999970197678,3.7223770916461945
587,62.945299983024597,62.851434588432312,-148.44199991226196,-148.83029571175575,0,105.29583692550659,3,3.0939167439937592
750,61.931900024414062,61.925067842006683,-152.26400005817413,-151.17515704035759,119.40000019967556,109.59720239043236,4.2999999895691872,3.8226462453603745
657,61.756200015544891,61.392419189214706,-149.75119999051094,-149.18236809968948,34.699998795986176,71.112900972366333,3,3.1239199340343475
234,60.319700002670288,59.999495148658752,-150.6993999928236,-150.44382651150227,79.252000898122787,51.596671342849731,3.3999999761581421,3.4602093100547791
732,62.512500047683716,62.689897656440735,-149.89799999445677,-149.61087839305401,13.899996876716614,90.532783418893814,3.199999988079071,3.1250549554824829
2198,61.767000019550323,61.658986687660217,-151.60500007867813,-150.92842787504196,94.499999657273293,44.811859726905823,3.3999999761581421,3.1530546247959137
1939,60.42110002040863,60.044793009757996,-150.23709999024868,-150.17845623940229,42.499996721744537,106.24240711331367,3.3999999761581421,3.4048746228218079
1156,61.336600005626678,61.10942168533802,-149.99200000008568,-149.25463628768921,45.800000429153442,58.529473841190338,3.0999999940395355,3.1949703097343445
1749,61.498699992895126,61.694101691246033,-151.94709992408752,-151.11512008309364,7.2000026702880859,68.536199629306793,3.0999999940395355,3.3360411822795868
2129,62.020900011062622,62.148941040039062,-150.50869998335838,-150.327263250947,54.600000381469727,57.341471314430237,3.0999999940395355,3.1270966529846191
1932,62.766800045967102,62.41078770160675,-150.51010000705719,-148.83197683095932,82.199998199939728,25.668278336524963,3,3.2438564300537109
934,60.669900000095367,60.339682459831238,-150.36169999837875,-150.04708262532949,43.300002813339233,88.290702551603317,3.199999988079071,3.0815124213695526
1209,61.426899999380112,61.530262172222137,-149.85869999974966,-149.71538673341274,36.200001835823059,62.516450881958008,3,3.0561394393444061
1065,61.32030001282692,61.233309432864189,-149.95550000108778,-149.09621876478195,46.300001442432404,67.174885421991348,4.0999999791383743,3.8957571387290955
108,62.335700035095215,62.384052038192749,-149.1564000248909,-149.49498090147972,5.9000030159950256,75.547810643911362,3.0999999940395355,3.0915727615356445
1837,59.847300052642822,59.186085939407349,-152.92949992418289,-151.45055678486824,96.699999645352364,37.775397300720215,3.6999999582767487,3.7377399802207947
568,61.375699996948242,61.325332432985306,-149.9906999997329,-149.50466649234295,35.499997437000275,70.886295288801193,3,3.0810902416706085
1167,62.896999955177307,62.713876247406006,-149.62759999930859,-149.61265875399113,67.000001668930054,36.404669284820557,3,3.362648069858551
1174,61.533999979496002,61.52281665802002,-149.84539999812841,-149.59512966871262,34.199997782707214,60.169078409671783,3,3.0701251029968262
1507,61.346399992704391,61.232024073600769,-149.95519999880344,-149.31465992331505,46.700000762939453,72.146441787481308,6.9999999403953552,4.7969137877225876
1492,61.483300000429153,61.789383411407471,-149.94969999790192,-148.98098096251488,45.900002121925354,51.444947719573975,3.0999999940395355,3.2367522418498993
890,61.689400017261505,61.665828347206116,-149.77960000187159,-149.41265299916267,38.300000131130219,50.212562084197998,3.2999999821186066,3.1064808368682861
947,61.731400012969971,61.697328090667725,-149.54150001704693,-149.20472261309624,40.200002491474152,61.653375625610352,3.6999999582767487,3.7616170942783356
1048,62.295799970626831,61.50893235206604,-148.5557000041008,-149.47987720370293,0,66.538173705339432,3.0999999940395355,3.2528731226921082
1606,59.46940004825592,59.351413011550903,-152.97519993782043,-151.88643264770508,101.5000008046627,54.392233490943909,3.0999999940395355,3.1760545670986176
1629,62.914800047874451,62.819445371627808,-151.26670002937317,-150.25826867669821,107.49999992549419,43.010830879211426,3.0999999940395355,3.2717360258102417
1805,61.970000028610229,61.8913454413414,-150.90230002999306,-149.90919322147965,8.9000016450881958,52.333682775497437,4.8000000044703484,4.1829765290021896
884,62.918099999427795,62.851054668426514,-150.0853000022471,-149.87284470722079,81.700000911951065,44.204659759998322,3,3.1634490787982941
1988,62.225200057029724,62.340014100074768,-150.88730004429817,-150.38422733545303,74.299998581409454,80.731231719255447,3.5999999642372131,3.7299956381320953
2165,62.555299997329712,62.676062941551208,-151.15889999270439,-150.53487454354763,92.599999159574509,25.285154581069946,3.7999999970197678,3.8038592487573624
1825,60.038100004196167,59.463169813156128,-151.79229998588562,-150.84101986885071,56.599996984004974,206.71990513801575,3.0999999940395355,3.1083790361881256
850,61.758899986743927,61.953630864620209,-149.64250000566244,-149.17025417089462,46.49999737739563,70.181187242269516,3.199999988079071,3.4335688948631287
1587,59.737100005149841,59.192686796188354,-152.61169999837875,-151.28470006585121,91.099999845027924,69.728437811136246,3.199999988079071,3.343135267496109
1407,61.423799991607666,61.487163096666336,-149.94070000201464,-149.15565311908722,32.799996435642242,72.615288197994232,3,3.2103525996208191
734,61.332599997520447,61.228726327419281,-149.80600000172853,-149.46152441203594,57.099997997283936,72.359196841716766,3,3.1082762181758881
717,60.205999970436096,59.916368126869202,-152.58269995450974,-151.43204239010811,104.00000028312206,48.522859811782837,3.2999999821186066,3.4298846125602722
454,60.442799985408783,60.150100350379944,-151.37150001525879,-150.66148003935814,47.499999403953552,65.875563770532608,3.199999988079071,3.2467742264270782
264,62.160400032997131,62.51633095741272,-152.11129993200302,-151.20661577582359,105.1000002771616,88.374216109514236,3.0999999940395355,3.289463996887207
75,59.171800017356873,59.191614985466003,-152.40399992465973,-151.64962309598923,55.900000035762787,68.609084933996201,3.2999999821186066,3.2436088621616364
1972,59.728500008583069,59.211112499237061,-152.98669999837875,-151.49644830822945,99.400000646710396,50.583280622959137,3.9999999850988388,3.7193098962306976
444,59.724699974060059,59.214498519897461,-152.79719996452332,-151.57231146097183,89.200001209974289,44.511318206787109,3.4999999701976776,3.6402804851531982
395,61.732299983501434,61.510266900062561,-149.60430000722408,-149.13951069116592,38.000002503395081,55.46647310256958,4.2999999895691872,4.0120875835418701
176,60.326799988746643,59.687254428863525,-151.74010008573532,-150.5741806179285,63.299998641014099,86.258444935083389,3,3.2493515610694885
1042,61.67220002412796,61.518782556056976,-150.03920000139624,-149.75492479652166,46.09999805688858,87.790559977293015,3.199999988079071,3.5167846083641052
2059,62.136500000953674,62.234631538391113,-150.80340000987053,-149.50520807504654,73.69999960064888,89.469518512487411,5.0000000149011612,4.1903404220938683
1666,60.239400029182434,60.185051500797272,-152.95849996805191,-152.30766123533249,134.30000003427267,46.58064991235733,3,3.3108320832252502
1798,61.434599995613098,61.333262532949448,-152.31489998102188,-151.28710135817528,2.7000010013580322,79.78777214884758,3,3.18684321641922
1639,60.763199999928474,60.519365310668945,-150.7267000079155,-150.11574809253216,56.000001728534698,61.353616416454315,3,3.0753683745861053
595,60.306599974632263,60.126688301563263,-150.24819999933243,-150.36415392905474,33.900000154972076,64.821064472198486,3.3999999761581421,3.6494116187095642
61,61.226899996399879,61.280010104179382,-151.23080000281334,-150.92586448788643,67.200001329183578,66.484767943620682,3.5999999642372131,3.5608264803886414
1296,61.415600001811981,61.299523681402206,-149.91130000166595,-149.2476352751255,38.500003516674042,70.687562227249146,3.6999999582767487,3.7109330892562866
872,61.493400007486343,61.56966757774353,-149.89110000059009,-149.25961039960384,42.999997735023499,66.089935600757599,3.0999999940395355,3.162985771894455
1774,61.659799993038177,62.125123977661133,-151.83509999513626,-151.07676708698273,96.699999645352364,57.837799191474915,3.3999999761581421,3.5630161464214325
216,59.524799942970276,59.399532556533813,-152.93899995088577,-152.27693831920624,98.30000065267086,30.694849789142609,3.6999999582767487,3.7198783457279205
278,62.986999988555908,62.709299445152283,-150.46649998426437,-150.35357871651649,101.5000008046627,89.934699237346649,3.5999999642372131,4.0463113635778427
1548,60.376999974250793,60.518942534923553,-147.35910004377365,-147.70093631744385,7.7000036835670471,60.607559978961945,3.2999999821186066,3.3233278691768646
1392,61.574100017547607,61.530179738998413,-149.97679999982938,-149.65367998927832,42.429998517036438,56.163683533668518,3.2999999821186066,3.2390964031219482
36,60.629700005054474,60.685553818941116,-147.78110003471375,-147.77389150857925,16.699999570846558,53.970687091350555,3.199999988079071,3.1296263337135315
1803,62.718500018119812,62.651889801025391,-149.61310002207756,-149.50634135305882,7.6000019907951355,90.6173475086689,3.0999999940395355,3.231261134147644
662,62.416000008583069,62.248403549194336,-148.29679995775223,-148.53282371163368,34.1000035405159,118.98470344021916,3.9999999850988388,3.6868473887443542
2102,59.892899990081787,59.648485064506531,-152.91600000858307,-152.3872509598732,117.39999987185001,57.116672396659851,3.6999999582767487,3.4611369967460632
1719,60.700500011444092,60.249644815921783,-151.11580002307892,-150.10123045742512,50.099998712539673,58.380402624607086,3,3.0561707317829132
977,61.485900014638901,61.399206846952438,-149.85319999605417,-149.44811747968197,42.199999094009399,61.240829527378082,3.6999999582767487,3.7753231376409531
1571,60.032599985599518,59.718250155448914,-151.43419995903969,-150.61839061975479,75.39999857544899,142.11345091462135,3.9999999850988388,3.8056848049163818
1869,61.725399971008301,61.759592175483704,-148.55179998278618,-148.37845158576965,29.299996793270111,77.49117910861969,3.3999999761581421,3.7122354805469513
738,59.44570004940033,59.579533100128174,-152.74430000782013,-152.19148242473602,79.300001263618469,71.820642799139023,3.3999999761581421,3.4369082450866699
191,62.879400014877319,62.929438829421997,-150.44430001080036,-150.16514658182859,101.99999995529652,54.886288940906525,3,3.3609318137168884
919,61.289700001478195,61.320827186107635,-149.98619999969378,-149.5774222612381,38.900002837181091,70.573624223470688,3.3999999761581421,3.3481195271015167
456,62.356299996376038,62.561605095863342,-149.12199997901917,-148.76244342327118,13.199999928474426,105.50378449261189,3.199999988079071,3.6218424439430237
1417,61.42849999666214,61.360668540000916,-149.84030000120401,-149.35421624779701,50.300002098083496,64.640339463949203,3.7999999970197678,3.6551928520202637
675,62.449200034141541,62.309115886688232,-148.25120007991791,-148.4255263209343,43.999999761581421,156.79649636149406,6.1000000834465027,4.9324242621660233
760,60.575199991464615,59.772031784057617,-152.90829992294312,-152.03405320644379,143.50000023841858,59.291020035743713,3.2999999821186066,3.4922776222229004
2103,60.429000020027161,60.025698602199554,-151.83599996566772,-151.27568605542183,72.999998927116394,97.931753844022751,3,3.0412614047527313
1903,62.738999962806702,62.710946321487427,-149.68470000475645,-149.35924181342125,73.30000028014183,90.387884527444839,4.6000000052154064,4.2447297871112823
728,61.339700013399124,61.374714851379395,-149.96909999940544,-149.35653957724571,49.000002443790436,56.165106594562531,3.3999999761581421,3.4936703145503998
1957,62.10319995880127,62.22426450252533,-150.63990001380444,-150.06489155441523,10.099999606609344,74.103742837905884,4.8000000044703484,4.6789833828806877
1399,61.444999992847443,61.356193006038666,-149.95530000049621,-149.35738742351532,38.80000114440918,52.382573485374451,3.199999988079071,3.0992894768714905
412,60.73769998550415,60.436167299747467,-150.91980001330376,-150.3742666170001,68.937998265028,65.955031663179398,3.2999999821186066,3.3365391790866852
1098,62.879999995231628,62.829292416572571,-150.52620001137257,-150.04151003435254,88.700000196695328,64.72846120595932,3.0999999940395355,3.2973806262016296
1516,59.621500015258789,59.309580445289612,-152.0006999373436,-150.90640309453011,67.800000309944153,124.80921685346402,4.1999999955296516,4.0051412880420685
1524,60.1182000041008,59.723422408103943,-152.54420006275177,-151.24611005187035,93.900000676512718,61.519846320152283,3,3.1680356562137604
825,59.473299980163574,59.305667877197266,-152.56309998035431,-151.80631613731384,73.30000028014183,122.038877569139,3.8999999910593033,3.4991024136543274
1781,61.758099973201752,61.978021919727325,-147.79749995470047,-148.0440788269043,27.599997818470001,118.6171006411314,3,3.0850276350975037
616,61.568300008773804,61.307265967130661,-149.94830000214279,-149.29724116623402,40.200002491474152,60.788512229919434,3.2999999821186066,3.1242020130157471
114,59.976500034332275,59.946974396705627,-152.74899995326996,-151.5073424577713,88.700000196695328,97.217980772256851,4.2999999895691872,4.5543304737657309
417,60.939100001007318,60.826548561453819,-150.23369999974966,-149.66561979800463,49.400001764297485,87.145227938890457,3.6999999582767487,3.7824186086654663
2159,60.023000001907349,59.54432487487793,-150.62350000441074,-150.48379683494568,42.599998414516449,189.0127956867218,3.2999999821186066,3.2788769602775574
1625,60.717299997806549,60.582347631454468,-149.91100000217557,-149.94820292852819,39.099998772144318,55.763132870197296,3.3999999761581421,3.3070467710494995
969,61.426999986171722,61.571440160274506,-150.15610000491142,-149.91723614372313,43.899998068809509,48.849612474441528,3,3.1195878088474274
604,62.204399943351746,62.203730940818787,-150.68899999558926,-150.26064864546061,0,55.934831500053406,3.199999988079071,3.3477279245853424
2163,61.166500002145767,60.59074878692627,-152.76090002059937,-152.36783444881439,177.49999836087227,80.961987376213074,3.2999999821186066,3.1002179682254791
89,62.149799942970276,61.795207977294922,-147.40379995107651,-147.96222996711731,31.700000166893005,76.531130820512772,3.0999999940395355,3.1973960995674133
848,60.897699996829033,60.444895148277283,-151.01009997725487,-150.02388443145901,54.399996995925903,76.266404241323471,3.2999999821186066,3.1787995398044586
1809,60.001200020313263,59.765689134597778,-152.67320001125336,-151.25033658742905,97.999999299645424,128.66998766548932,4.3999999947845936,4.0266288667917252
2162,59.902400016784668,59.74994969367981,-152.9941999912262,-151.91883409023285,110.89999973773956,88.767196983098984,3.2999999821186066,3.0906245112419128
753,61.4375,61.261890351772308,-149.85719999670982,-149.35331332683563,37.600003182888031,63.252512365579605,3.2999999821186066,3.4393220543861389
498,62.402500033378601,62.51590883731842,-149.58719998598099,-149.59480167925358,25.200001895427704,88.271256536245346,3.0999999940395355,3.2752784192562103
1276,61.475199997425079,61.490758389234543,-150.00749999983236,-149.73486947268248,40.600001811981201,51.86191201210022,3.4999999701976776,3.6117866635322571
1325,61.377799987792969,61.340674877166748,-150.07140000164509,-149.55585336685181,29.200002551078796,55.10537326335907,3,3.1205855011940002
1630,59.15339994430542,59.092991590499878,-151.22479999065399,-150.94158375263214,38.40000182390213,128.35431401617825,3.199999988079071,3.0990554094314575
11,61.32370001077652,61.008226783946157,-152.34409993886948,-152.16844564676285,4.1000023484230042,112.99864947795868,3.2999999821186066,3.0501783192157745
396,61.71780002117157,61.607138633728027,-149.58409997820854,-149.14779496192932,43.899998068809509,57.780027389526367,3.7999999970197678,3.9140225350856781
284,59.965199947357178,59.985412955284119,-152.00050002336502,-150.45522826910019,63.099998980760574,80.126665532588959,3,3.0754778981208801
2155,61.740100026130676,61.957392752170563,-151.74239999055862,-151.22139286994934,90.799998492002487,54.786607623100281,3.2999999821186066,3.2130402624607086
1066,62.865300059318542,62.915423035621643,-150.88989999890327,-150.554482832551,87.200000882148743,57.559683918952942,3,3.3657082915306091
1191,61.311800003051758,61.264802366495132,-150.02550000138581,-149.48483043909073,20.000003278255463,73.897697031497955,3,3.0213907957077026
1440,61.461699992418289,61.318980813026428,-149.92139999940991,-149.20908665657043,46.999998390674591,70.823647081851959,3.3999999761581421,3.1350141763687134
1600,59.030099987983704,59.150628924369812,-152.46509993076324,-151.16544431447983,62.200002372264862,61.477825045585632,3.9999999850988388,3.3394996225833893
2170,62.163699984550476,62.425881862640381,-149.61980000138283,-149.48140186071396,49.000002443790436,79.619795083999634,3.3999999761581421,3.4351750016212463
2060,62.130499958992004,62.42322301864624,-150.7984000146389,-150.02872692234814,73.69999960064888,100.46990402042866,4.2999999895691872,4.2279154434800148
1450,61.47639998793602,61.668294072151184,-149.93429999984801,-149.1236144900322,38.900002837181091,69.566644728183746,3.7999999970197678,3.55141282081604
690,61.980400025844574,62.241222143173218,-149.90190000459552,-149.43364459276199,35.199999809265137,78.674003481864929,3,3.1216229796409607
1937,60.010999977588654,59.273685336112976,-152.80780005455017,-151.24985897541046,94.39999982714653,59.324145317077637,3,3.3286176323890686
1568,62.205100059509277,62.346534967422485,-150.04700000211596,-149.78878386318684,45.500002801418304,68.936917930841446,3.4999999701976776,3.7712671458721161
2141,61.5,61.659567654132843,-150.85600000619888,-150.50801391899586,61.20000034570694,71.671012789011002,3.199999988079071,3.0962947010993958
689,60.321900010108948,59.856746435165405,-151.13510003685951,-150.93076765537262,42.599998414516449,112.68889810889959,3.6999999582767487,3.6403972506523132
851,61.192200005054474,61.087087646126747,-149.98220000043511,-149.38112935423851,45.100003480911255,81.45919069647789,3.5999999642372131,3.5427331030368805
1498,61.420899987220764,61.197360336780548,-149.96140000037849,-148.84357112646103,43.399997055530548,72.063770145177841,3.9999999850988388,3.7218109667301178
159,62.538599967956543,62.486325740814209,-149.24549996852875,-148.68230777978897,59.799998998641968,119.56301098689437,3.3999999761581421,3.5879407525062561
895,60.257099986076355,59.990953803062439,-152.57330006361008,-151.46521943807602,99.199999123811722,80.720275640487671,3,3.0830017626285553
1873,62.153200030326843,62.341575860977173,-150.81179997324944,-150.37206374108791,67.800000309944153,57.48438835144043,3.0999999940395355,3.4589459896087646
257,59.595100045204163,59.148043513298035,-152.67039996385574,-151.43248468637466,77.500000596046448,64.260613173246384,3.0999999940395355,3.245108038187027
335,62.538100004196167,62.548662304878235,-149.79440000653267,-149.54691910743713,64.19999897480011,75.309943407773972,3.0999999940395355,3.239265650510788
2143,60.702600002288818,60.191944122314453,-151.56619995832443,-150.80616241693497,77.399998903274536,49.271389842033386,3.7999999970197678,3.5684487819671631
1039,60.325699985027313,59.887808561325073,-151.3052000105381,-150.73282013833523,60.999996960163116,70.124752819538116,4.7000000104308128,4.6112006306648254
515,61.519699990749359,61.534064948558807,-149.89070000499487,-149.54490722715855,37.10000216960907,83.990845829248428,3.3999999761581421,3.6991921663284302
1348,61.48199999332428,61.536568760871887,-149.93859999999404,-149.4485996067524,38.099996745586395,51.195114850997925,3.2999999821186066,3.4026349782943726
1015,61.996800005435944,61.677286326885223,-149.08370000123978,-149.12398543953896,3.4999996423721313,77.533494681119919,3,3.1783520579338074
768,60.176800012588501,59.856495380401611,-150.94669997692108,-150.57825373113155,62.5,89.191343635320663,3.0999999940395355,3.0700412392616272
2067,59.274199962615967,59.152343392372131,-152.50850003957748,-151.13330367207527,73.100000619888306,75.111124664545059,3.4999999701976776,3.3573417663574219
441,61.56029999256134,61.553410172462463,-151.84450006484985,-151.08048525452614,102.80000045895576,66.10444188117981,3,3.0993419587612152
1765,62.35699999332428,62.293402194976807,-147.81550008058548,-148.25092792510986,44.39999908208847,81.647872924804688,3.199999988079071,3.426410973072052
761,60.218699991703033,59.8039391040802,-151.63990008831024,-151.10999491810799,70.799998939037323,86.085766553878784,3.199999988079071,3.3710073530673981
1246,61.462000012397766,61.458767056465149,-149.91039999760687,-149.51388466358185,31.800001859664917,55.806070566177368,3.2999999821186066,3.4895773530006409
1203,60.224699974060059,59.772096395492554,-151.84920001029968,-151.01933991909027,60.300000011920929,112.6193581148982,3.199999988079071,3.2680907249450684
1747,59.613100051879883,59.390839099884033,-152.88529998064041,-151.50883930921555,98.30000065267086,44.521965086460114,3.3999999761581421,3.5704982578754425
1123,61.751500010490417,61.818345606327057,-150.7572999894619,-150.1503180898726,70.900000631809235,71.70882448554039,3.199999988079071,3.5736789107322693
521,60.608399987220764,60.868373140692711,-149.96060000080615,-149.95818411838263,23.100003600120544,95.179606229066849,3,3.0902044773101807
22,60.15530002117157,59.855831384658813,-152.4345999956131,-151.47825452685356,86.399998515844345,76.812237501144409,3.199999988079071,3.5369762778282166
356,62.741899967193604,62.627365231513977,-150.55530001223087,-149.88190715387464,86.699999868869781,108.2187108695507,3.5999999642372131,3.7052069306373596
1277,61.337199985980988,61.40699627995491,-150.07740000262856,-149.65588016062975,20.499996840953827,57.89194256067276,3.199999988079071,3.2085641920566559
1312,61.488499999046326,61.635896563529968,-149.92729999870062,-149.72252243757248,37.600003182888031,63.721809536218643,3.0999999940395355,3.1505228877067566
1635,61.425300002098083,61.572161316871643,-151.48600003123283,-150.62033361196518,91.699998825788498,49.748942255973816,3,3.1722470819950104
2002,60.107900023460388,59.642661690711975,-152.6363999247551,-151.07045754790306,92.500001192092896,65.018195658922195,3.0999999940395355,3.0933718979358673
340,62.164399981498718,62.306875705718994,-152.10230004787445,-150.32672866433859,101.29999928176403,56.351445615291595,3.199999988079071,3.5551868677139282
431,61.84850001335144,61.625175654888153,-147.57539999485016,-147.72470945119858,28.800003230571747,46.533763408660889,4.0999999791383743,3.9462096244096756
473,61.591099977493286,61.730624675750732,-151.62120008468628,-150.64831379055977,86.59999817609787,61.458438634872437,3,3.0879248678684235
217,60.018899977207184,59.605939507484436,-152.62099993228912,-151.42348417639732,97.999999299645424,67.232128232717514,3.0999999940395355,3.2745476067066193
911,61.26570001244545,61.45174565911293,-150.03309999871999,-149.79386311769485,46.199999749660492,57.711124420166016,3.0999999940395355,3.1393853724002838
1227,61.446999996900558,61.513461768627167,-150.0093999998644,-149.67450964450836,20.099997520446777,64.149580895900726,3,3.0903936624526978
1896,59.904500007629395,59.786139726638794,-150.25819998979568,-150.23648290336132,55.200003087520599,149.71981011331081,3.2999999821186066,3.3766373991966248
1011,60.367500007152557,59.933617353439331,-152.59790003299713,-151.4501231610775,106.39999993145466,62.998231500387192,3.6999999582767487,3.7880844622850418
957,59.75820004940033,59.123821616172791,-152.56510001420975,-151.21338522434235,78.800000250339508,91.733377426862717,3.7999999970197678,3.3775316476821899
93,61.44200000166893,61.620970189571381,-150.79539996385574,-150.22689237445593,49.599997699260712,47.414876520633698,3,3.0589718520641327
1008,61.958700001239777,62.050829172134399,-150.49230001866817,-150.11248353123665,16.300000250339508,66.503968089818954,3.0999999940395355,3.411832720041275
1070,60.912000000476837,60.659488171339035,-150.58900000154972,-149.99030617251992,61.499997973442078,83.450920879840851,3.0999999940395355,3.2359288036823273
1092,61.336400002241135,61.155627265572548,-150.01359999971464,-148.93725657463074,38.099996745586395,60.668885707855225,3.2999999821186066,3.473194420337677
1946,62.117499947547913,62.342515826225281,-151.14550003409386,-149.74294430762529,70.500001311302185,80.045443028211594,3.0999999940395355,3.375895231962204
1308,61.326099991798401,61.423259645700455,-150.03220000024885,-149.54131843149662,21.300002932548523,58.243103325366974,3.0999999940395355,3.1153119206428528
696,62.230800032615662,62.118799805641174,-148.19029998779297,-148.26393806934357,21.899998188018799,100.08293017745018,3.0999999940395355,3.2043224573135376
1109,61.386900007724762,61.150401219725609,-150.02439999952912,-149.06939828395844,39.399996399879456,56.121185421943665,3,3.1355765461921692
996,62.729699969291687,62.724164247512817,-148.59109997749329,-148.96672090888023,66.700000315904617,59.713385999202728,3,3.119900107383728
1458,61.485199987888336,61.899156212806702,-149.92729999870062,-149.3603403121233,37.799999117851257,52.988842129707336,3.0999999940395355,3.3170317411422729
1679,62.15939998626709,62.592595219612122,-152.0949000120163,-150.5929096788168,103.70000079274178,64.585283398628235,3.199999988079071,3.5871757864952087
153,60.297800004482269,59.872043132781982,-151.36039996147156,-150.55826425552368,55.100001394748688,96.414772793650627,3.3999999761581421,3.5639136135578156
1099,61.897199988365173,62.021220803260803,-151.18349996209145,-150.56360730528831,72.39999994635582,63.546542078256607,3.4999999701976776,3.8175856322050095
2046,60.674400001764297,60.274515330791473,-151.19719997048378,-150.64306207001209,60.900002717971802,68.39032843708992,3.0999999940395355,3.0877938866615295
2205,61.555000007152557,61.68616509437561,-151.48699995875359,-151.24279001355171,74.000000953674316,61.512008309364319,3.0999999940395355,3.0760722756385803
789,60.893200002610683,60.904034234583378,-147.60499995946884,-147.66246700286865,9.7000002861022949,74.057571589946747,3,3.094108521938324
580,61.84469997882843,61.704009056091309,-150.52439998090267,-149.68128150701523,45.800000429153442,65.389744937419891,3.0999999940395355,3.3197793960571289
1470,61.514900028705597,61.658134758472443,-149.92789999768138,-148.91821226477623,38.099996745586395,56.833863258361816,3.199999988079071,3.3183814287185669
703,62.773499965667725,62.851855516433716,-149.67099999636412,-149.59688995778561,70.999998599290848,96.720179542899132,3.199999988079071,3.2299679517745972
1212,61.392100006341934,61.406148880720139,-150.07789999991655,-149.81628040596843,19.799999892711639,74.779126793146133,3.3999999761581421,3.4065417051315308
1295,61.488400012254715,61.628345191478729,-149.93949999846518,-149.68617059290409,32.799996435642242,50.841584801673889,3,3.1907612979412079
2125,60.03439998626709,59.467669486999512,-152.60110008716583,-151.22896295785904,91.899998486042023,55.379375815391541,3.199999988079071,3.1297275424003601
1260,61.267399996519089,61.255961239337921,-149.95969999954104,-149.3985196352005,40.50000011920929,64.67859074473381,3.0999999940395355,3.1336941719055176
487,62.457499980926514,62.363195896148682,-148.22630006074905,-147.7704952955246,35.499997437000275,87.119389325380325,3.2999999821186066,3.7272984087467194
1624,61.195700004696846,61.233078315854073,-150.33229999244213,-150.18482419475913,59.299997985363007,93.332961201667786,3,3.0858995318412781
559,61.950100004673004,61.99128383398056,-150.66640001535416,-149.9945680409437,63.599999994039536,51.738321781158447,3.3999999761581421,3.6884012818336487
1141,61.405099987983704,61.154701665043831,-149.88499999791384,-148.89875668287277,36.399997770786285,62.372498214244843,3.6999999582767487,3.6811699569225311
2053,59.811699986457825,59.231246113777161,-152.72680002450943,-151.50234925746918,109.89999957382679,49.391105771064758,3.2999999821186066,3.094922661781311
1119,61.957300007343292,62.127451181411743,-150.67489998042583,-150.19654326885939,55.600002408027649,74.173294007778168,3,3.2577931880950928
801,62.995100021362305,62.71368944644928,-151.54879993200302,-150.65986923873425,3.4999996423721313,96.736587584018707,3.8999999910593033,3.5135235786437988
512,62.418499946594238,62.546663284301758,-151.49750000238419,-150.4809825271368,87.900001555681229,44.064626097679138,3.199999988079071,3.3073058724403381
633,62.9757000207901,62.702324509620667,-148.47769993543625,-148.37298005819321,7.3999986052513123,102.06305049359798,3.0999999940395355,3.153318464756012
1760,61.561100006103516,61.715998947620392,-148.06519997119904,-148.25000613927841,20.000003278255463,97.529157996177673,3.2999999821186066,3.7296237945556641
1664,62.783100008964539,62.621014356613159,-148.87560001015663,-148.8938020169735,20.300000905990601,104.69813831150532,4.0999999791383743,3.8236340135335922
1012,61.49779999256134,61.414478331804276,-147.79640007019043,-147.96325170993805,9.0000033378601074,97.180142998695374,3.3999999761581421,3.7659298181533813
1838,59.802899956703186,59.342504143714905,-151.77720004320145,-151.00813212990761,62.89999932050705,132.89741985499859,3.9999999850988388,3.8480316549539566
1150,61.530900001525879,61.290350019931793,-149.99219999997877,-149.03514111042023,34.900002181529999,54.79198694229126,3,3.098158210515976
790,62.899600028991699,62.885099053382874,-149.97360000014305,-149.76626620441675,80.099999904632568,106.14758543670177,4.6000000052154064,3.7626631110906601
116,59.47379994392395,59.221587896347046,-150.72549998760223,-151.18949326872826,31.499996781349182,137.65058480203152,3.4999999701976776,3.6442338824272156
1497,61.428299993276596,61.267906785011292,-149.94179999828339,-149.10807037353516,36.600001156330109,71.351587772369385,3.9999999850988388,3.7579950392246246
740,59.953400015830994,59.711133003234863,-152.867899954319,-151.96448457241058,106.69999942183495,52.847743034362793,3.199999988079071,3.1051610112190247
2014,62.81470000743866,62.908628702163696,-150.56119997799397,-149.95745179709047,87.900001555681229,58.221116662025452,3.199999988079071,3.2064798474311829
1081,61.427899986505508,61.331595808267593,-150.02979999873787,-149.21275985240936,40.200002491474152,47.944769263267517,3.2999999821186066,3.4354602098464966
1627,61.75110000371933,61.891826987266541,-148.13740003108978,-148.35709762573242,3.4999996423721313,132.35424645245075,4.6000000052154064,4.1570205688476562
830,62.917099952697754,62.895760536193848,-149.34709998965263,-149.45304541289806,75.500000268220901,86.227670311927795,3.0999999940395355,3.2318210005760193
119,59.760599970817566,59.649568796157837,-152.09709995985031,-151.37069195508957,68.500000983476639,124.62908137240447,3.199999988079071,3.5507773160934448
656,62.241899967193604,62.367823839187622,-149.60639999806881,-149.10846215486526,42.999997735023499,100.07844865322113,3.2999999821186066,3.4188018143177032
1970,59.878999948501587,59.413068294525146,-151.84990006685257,-151.26494586467743,55.600002408027649,106.50377720594406,3.0999999940395355,3.2483826577663422
1913,62.874500036239624,62.688338279724121,-148.23779994249344,-148.75715258717537,66.300000995397568,66.511396318674088,3.2999999821186066,3.3697997331619263
2158,59.738399982452393,59.733810782432556,-152.80980008840561,-152.30743432044983,90.500000864267349,49.265250563621521,3,3.0680471956729889
635,61.408499985933304,61.264264643192291,-150.00679999985732,-149.3883308172226,36.899998784065247,71.908097714185715,3.5999999642372131,3.4686530828475952
369,61.720300018787384,61.557688236236572,-149.55190001428127,-149.00003215670586,34.800000488758087,70.778802037239075,4.5,4.4766795351170003
268,59.935799956321716,59.2574782371521,-152.18040007352829,-151.47039502859116,71.699999272823334,111.70508805662394,3.199999988079071,3.6541991829872131
655,62.436599969863892,62.300963282585144,-148.21510004997253,-148.42071479558945,46.599999070167542,113.83700091391802,3.3999999761581421,3.5635128021240234
935,61.540899991989136,61.780274927616119,-149.76199999451637,-149.34217853844166,39.300002157688141,55.318586528301239,3.0999999940395355,3.0682666897773743
822,61.875,61.794792354106903,-152.07490003108978,-151.17303496599197,115.5000003054738,49.455210566520691,3,3.364268571138382
866,59.741299986839294,59.243380427360535,-152.85730004310608,-151.4672928750515,87.600000202655792,61.124235391616821,3.2999999821186066,3.1258516609668732
46,60.935000002384186,60.923238061368465,-150.34139999002218,-149.72373571246862,55.900000035762787,84.380332380533218,3.0999999940395355,3.0881467759609222
1373,61.385699987411499,61.423344701528549,-150.06180000118911,-149.51303122937679,37.500001490116119,40.131494402885437,3.3999999761581421,3.3783988058567047
2035,61.342000007629395,61.35983344912529,-150.14800000190735,-149.78574205935001,39.70000147819519,74.736963957548141,3.2999999821186066,3.1351795792579651
991,62.496399998664856,62.571435451507568,-151.56879991292953,-150.76519122719765,92.799998819828033,91.441638767719269,5.0000000149011612,5.1365142166614532
876,61.418500006198883,61.247900515794754,-151.39549997448921,-150.14914455637336,87.900001555681229,34.563839435577393,3.4999999701976776,3.6151020526885986
773,61.537000000476837,61.249488338828087,-149.82140000537038,-149.20134061574936,39.599999785423279,51.264867186546326,3.0999999940395355,3.1242890954017639
1219,61.460799992084503,61.479042917490005,-149.97630000114441,-149.76257099211216,33.600002527236938,62.758598476648331,3,3.0600752234458923
1126,61.489699989557266,61.490543931722641,-150.22450000047684,-149.67432066053152,46.400003135204315,68.878967314958572,3.0999999940395355,3.1468186676502228
4,60.351400017738342,59.849795699119568,-152.2681000828743,-151.41900488734245,83.799999207258224,126.04661448858678,4.5,4.5645082611590624
2090,59.871700048446655,59.279772043228149,-152.52659994363785,-151.27746069431305,92.399999499320984,69.064725190401077,3.5999999642372131,3.6202278435230255
1003,60.142000019550323,59.52686083316803,-151.97989994287491,-151.04477512836456,67.800000309944153,106.74004442989826,3.0999999940395355,3.5276260077953339
1984,62.187700033187866,62.30743670463562,-150.37020000815392,-150.04352817032486,54.700002074241638,82.765180617570877,3.2999999821186066,3.654502809047699
2051,62.350000023841858,62.395905256271362,-149.68429999798536,-149.43169011175632,57.199999690055847,75.353216379880905,4.1999999955296516,4.4950220170430839
263,61.864300012588501,61.921222865581512,-148.9685999751091,-148.8328797519207,35.478003323078156,72.68364354968071,3.3999999761581421,3.6936415135860443
1867,59.288900017738342,59.160655498504639,-152.90460008382797,-151.44293984770775,81.199999898672104,41.089326143264771,3.2999999821186066,3.309944361448288
612,60.346599996089935,59.67912220954895,-151.76989996433258,-150.87509983778,65.699998289346695,107.81837068498135,3.2999999821186066,3.5294718146324158
443,62.922099947929382,62.768560647964478,-150.78329998254776,-150.2836757004261,105.90000078082085,71.571644395589828,4.0999999791383743,3.8185164928436279
1002,60.917000003159046,60.645758062601089,-151.76489996910095,-151.1185105741024,83.399999886751175,49.921289086341858,3.4999999701976776,3.6965042352676392
1077,62.780099987983704,62.607002377510071,-148.77759996056557,-148.71080589294434,29.200002551078796,94.279643148183823,3.199999988079071,3.4476281404495239
837,61.26460000872612,61.244686797261238,-150.33079998940229,-149.46444627642632,12.100003659725189,70.407547056674957,3,3.0229384303092957
681,59.282099962234497,59.822964906692505,-152.78339999914169,-151.53980666399002,70.399999618530273,60.420133173465729,4.0999999791383743,4.394851416349411
1715,62.461899995803833,62.507352352142334,-149.10269996523857,-148.55542409420013,37.799999117851257,118.71642572805285,3.6999999582767487,3.954018697142601
304,59.899500012397766,59.887172341346741,-152.39010000228882,-151.76264691352844,89.299999177455902,90.100724250078201,3,3.0581615567207336
1365,61.528900027275085,61.78868693113327,-149.94049999862909,-149.48110270500183,37.799999117851257,68.446185439825058,3,3.0458538830280304
2064,61.683899998664856,61.725883364677429,-152.1127000451088,-150.65080659091473,121.49999989196658,76.503172516822815,5.800000011920929,5.190849244594574
313,59.96560001373291,60.118089079856873,-152.76559996604919,-151.97948580980301,103.4999992698431,39.830476045608521,3.4999999701976776,3.6368298232555389
149,61.717999994754791,62.02467143535614,-151.25729995965958,-150.57195639610291,68.599998950958252,68.985801190137863,3.199999988079071,3.5523051023483276
1148,61.130700007081032,61.159110561013222,-150.08049999922514,-149.6456046178937,10.200001299381256,89.207716286182404,3.199999988079071,3.2380698323249817
1213,61.320600003004074,61.294590502977371,-150.05799999833107,-149.61435551941395,20.000003278255463,78.274458646774292,3,3.0457382798194885
574,60.270699977874756,60.066085934638977,-152.53729999065399,-151.91927236318588,93.800000846385956,97.056448459625244,3.199999988079071,3.5622650384902954
1721,60.081700026988983,59.75213086605072,-151.08590000867844,-150.8012273311615,61.800003051757812,126.15295208524913,3.8999999910593033,3.8219241946935654
1688,60.066500008106232,59.749247550964355,-152.47699999809265,-151.41232913732529,95.499999821186066,97.200686112046242,4.9000000208616257,4.319583635777235
50,60.70660001039505,60.144528031349182,-152.82700002193451,-152.1787440776825,126.9000000320375,74.434492737054825,3.2999999821186066,3.5126452445983887
1847,59.956900000572205,59.328645706176758,-152.69199997186661,-151.41402572393417,98.999999463558197,44.735252857208252,3.199999988079071,3.2530494332313538
726,60.224300026893616,59.749618053436279,-152.62200003862381,-151.38149642944336,106.39999993145466,69.48983296751976,3.7999999970197678,3.6945911049842834
833,59.386700034141541,59.1213698387146,-151.94100004434586,-151.35324016213417,56.50000274181366,147.29192480444908,3.0999999940395355,3.0408422648906708
1377,61.322299987077713,61.257546782493591,-150.08579999953508,-149.32209245860577,33.299997448921204,47.936543822288513,3.3999999761581421,3.369052916765213
1115,61.303099989891052,61.04562221467495,-149.74359999597073,-148.93339177966118,38.40000182390213,66.183179616928101,3,3.0967279672622681
1166,61.28999999165535,61.241478472948074,-150.10269999504089,-149.73419489711523,34.999996423721313,90.351570397615433,4.9000000208616257,4.0894638150930405
470,61.14360000193119,61.10514410585165,-151.09960001707077,-150.5371385961771,50.999999046325684,69.476012140512466,3.0999999940395355,3.2716246247291565
971,61.501699984073639,61.542849004268646,-149.87889999523759,-149.53124365210533,42.199999094009399,121.7154935002327,3.4999999701976776,3.8617158383131027
653,60.980100000277162,60.744143575429916,-151.47790002822876,-150.45699003338814,64.100001007318497,74.067894369363785,3.199999988079071,3.0754426717758179
399,61.785399973392487,61.962038218975067,-151.01790001988411,-150.50867839157581,79.700000584125519,58.693580329418182,3.6999999582767487,4.0575820505619049
511,60.786899998784065,60.826485276222229,-149.06479999423027,-148.98646089434624,10.600000619888306,68.886749446392059,3,3.1402808725833893
1907,61.749000012874603,61.774803280830383,-148.18049991130829,-148.06711453199387,14.499999582767487,66.132020205259323,3.3999999761581421,3.6044086217880249
320,61.149499997496605,61.084783241152763,-150.72210001945496,-150.27652506530285,15.100002288818359,90.099897235631943,3,3.0735637843608856
19,61.172099992632866,61.222063824534416,-149.1695000231266,-148.76439240574837,13.199999928474426,70.390991866588593,3.3999999761581421,3.4336679577827454
684,59.239400029182434,59.229623317718506,-149.86470000073314,-150.57475769519806,36.70000284910202,93.21189671754837,3,3.0880036354064941
35,61.856599986553192,61.945056974887848,-149.9847999997437,-149.74698438495398,23.000001907348633,51.279962062835693,3,3.1155208647251129
902,60.9510000012815,60.894775219261646,-150.97769996523857,-150.28241432458162,56.999996304512024,68.699739873409271,3,3.1007688045501709
2085,62.037199974060059,62.145243287086487,-149.52679999172688,-149.49142947793007,38.599997758865356,65.984610468149185,3.2999999821186066,3.3444368541240692
827,61.495299994945526,61.517681956291199,-149.88019999489188,-149.32153469324112,46.09999805688858,79.190202057361603,3.199999988079071,3.2497369050979614
524,62.805500030517578,62.782935857772827,-148.87430003285408,-148.86545732617378,50.999999046325684,59.2784583568573,3.199999988079071,3.1582747399806976
407,61.587599992752075,61.797481060028076,-150.57600000500679,-150.15271249786019,53.800001740455627,74.700590223073959,3.2999999821186066,3.5187004208564758
920,60.106199979782104,59.716748118400574,-150.45409999787807,-150.52837988734245,39.200000464916229,183.27935785055161,3.5999999642372131,3.4892855286598206
537,62.373900055885315,62.06248950958252,-147.46609997749329,-147.39806270599365,11.200003325939178,54.262310266494751,3.0999999940395355,3.2221109569072723
758,61.467500001192093,61.149217531085014,-150.71479998528957,-149.89642859995365,73.69999960064888,100.80057196319103,3.2999999821186066,3.2495777606964111
1705,59.572299957275391,59.194978475570679,-152.62370002269745,-151.17490392923355,75.300000607967377,80.882135778665543,3.7999999970197678,3.591063380241394
2157,61.50900000333786,61.892479419708252,-151.51289999485016,-151.47850799560547,4.1999965906143188,89.632049202919006,3.4999999701976776,3.4375435709953308
1062,59.136800050735474,59.331022500991821,-152.9970999956131,-151.635293841362,69.699998944997787,42.928770184516907,3.7999999970197678,3.6579548120498657
1199,61.350699990987778,61.294683456420898,-149.99080000002868,-149.73410551249981,42.000003159046173,84.60654690861702,3,3.0856146812438965
245,59.908100008964539,59.396267175674438,-152.79830002784729,-151.69424772262573,99.199999123811722,84.538977593183517,3.199999988079071,3.6778028011322021
1834,59.716899991035461,59.146605849266052,-152.6952999830246,-151.37834349274635,94.79999914765358,46.57261073589325,3.3999999761581421,3.4958108961582184
1416,61.439099997282028,61.441013246774673,-150.07730000093579,-149.57226428389549,30.28000146150589,53.569972515106201,3.5999999642372131,3.4541813135147095
1127,61.507700026035309,61.384219825267792,-149.90120000392199,-149.40755787491798,36.200001835823059,63.140753656625748,3,3.129987895488739
784,61.519999980926514,61.196765631437302,-149.91439999826252,-148.95548567175865,41.500002145767212,79.39823716878891,5.1000000089406967,4.3897538334131241
1409,61.37729999423027,61.641828536987305,-150.11780000478029,-149.08282792568207,21.799996495246887,58.997787535190582,3.0999999940395355,3.1831328272819519
489,60.315299987792969,60.186104118824005,-152.31419992446899,-151.40306711196899,85.799999535083771,89.304275810718536,3.3999999761581421,3.6798481643199921
154,59.473999977111816,59.277325034141541,-152.76380002498627,-151.94914519786835,90.900000184774399,56.738018989562988,3.3999999761581421,3.5467433631420135
1662,59.621000051498413,59.257422208786011,-152.24219995737076,-150.93834793567657,83.5999995470047,149.67887103557587,4.2999999895691872,3.7796279489994049
961,62.180799961090088,62.239715337753296,-148.38949996232986,-148.66886061429977,38.80000114440918,83.511859178543091,3,3.2503684759140015
1686,60.70100000500679,60.378430664539337,-150.51369997859001,-149.94552294909954,56.699998676776886,73.004685342311859,3,3.0985554456710815
853,61.326200008392334,61.243441388010979,-150.13249999657273,-149.52687853574753,41.4000004529953,65.060220658779144,3.7999999970197678,3.5652576684951782
1311,61.356700003147125,61.400962263345718,-150.10229999944568,-149.54126577079296,35.80000251531601,60.2874755859375,3.2999999821186066,3.3637558221817017
625,61.860099971294403,61.936594665050507,-150.55530001223087,-149.98926361044869,60.400001704692841,58.121360838413239,4.0999999791383743,3.7282689213752747
1815,60.061800003051758,59.75742244720459,-151.08110001683235,-150.58273212611675,60.099996626377106,179.55842614173889,3.4999999701976776,3.4762158393859863
685,62.51830005645752,62.578648328781128,-149.18039998412132,-149.18189656734467,9.0999975800514221,92.253997921943665,3.6999999582767487,3.6149899363517761
1859,61.289200007915497,61.138367518782616,-150.39730001986027,-149.48086380958557,49.400001764297485,74.648980051279068,3.3999999761581421,3.4695838093757629
569,59.245300054550171,59.144335031509399,-152.13369995355606,-152.0659287571907,60.300000011920929,76.30646601319313,3.3999999761581421,3.7889002561569214
565,62.902099967002869,62.793611764907837,-149.30259999632835,-149.36593276262283,66.500000655651093,100.09968467056751,3.8999999910593033,3.64738529920578
1758,60.692699998617172,60.568441241979599,-152.77009999752045,-152.41063892841339,8.9000016450881958,84.649689495563507,3.0999999940395355,3.1800789535045624
1816,60.770600005984306,60.777065336704254,-150.1984000056982,-150.02093269256875,50.399996340274811,70.979304611682892,3.9999999850988388,3.6002670228481293
17,62.00380003452301,62.016687512397766,-150.88269996643066,-150.27757602185011,63.900001347064972,71.702022105455399,3.6999999582767487,3.7948004454374313
127,61.974799990653992,62.041029810905457,-151.45509999990463,-150.51835030317307,77.899999916553497,44.663742184638977,3.6999999582767487,3.9089341163635254
1346,61.489100009202957,61.575005412101746,-149.93840000219643,-149.65299481898546,41.599996387958527,54.737895727157593,3,3.1189770698547363
1279,61.349000006914139,61.326039135456085,-149.99259999976493,-149.33952735364437,39.300002157688141,64.425203949213028,3.4999999701976776,3.5911328494548798
2188,61.595000028610229,61.863073408603668,-150.87329998612404,-150.68201918900013,61.20000034570694,59.85521525144577,3.199999988079071,3.2121008634567261
927,60.699200004339218,60.344013631343842,-152.83700001239777,-152.31494003534317,130.59999980032444,52.176050841808319,3.2999999821186066,3.4739599227905273
980,62.654099941253662,62.700361490249634,-148.77370002865791,-149.27450814843178,55.600002408027649,64.159151166677475,3.3999999761581421,3.6321786046028137
252,60.615500003099442,60.006890535354614,-151.22129997611046,-150.58459210395813,59.000000357627869,72.561148554086685,3.6999999582767487,3.6162185668945312
190,59.031700015068054,59.198251485824585,-150.09590000286698,-150.39714248478413,32.899998128414154,76.977230608463287,3.0999999940395355,3.1617081463336945
1139,61.44870001077652,61.597187042236328,-149.883499994874,-149.8460540547967,32.300002872943878,109.55093521624804,3.9999999850988388,4.4301546793431044
992,62.243199944496155,62.299730658531189,-148.22710007429123,-148.36742806434631,28.200000524520874,103.32056134939194,3.199999988079071,3.3383075594902039
699,61.363299995660782,61.245149180293083,-150.02969999983907,-149.21973440051079,38.699999451637268,54.592117667198181,3.2999999821186066,3.0968552827835083
1971,59.854099988937378,59.23798394203186,-152.97259998321533,-151.47488352656364,96.300000324845314,52.202433347702026,3.2999999821186066,3.3871323466300964
606,61.373600006103516,61.259187668561935,-149.96229999884963,-149.3001050055027,43.300002813339233,70.768892765045166,3.3999999761581421,3.688292920589447
180,59.973399996757507,59.608648061752319,-152.88919991254807,-152.02879393100739,118.49999986588955,46.416759490966797,3.2999999821186066,3.4907337427139282
301,59.912600040435791,59.686900854110718,-151.81729996204376,-151.49752396345139,59.10000205039978,138.5225048288703,3.2999999821186066,3.1956911087036133
496,60.425700008869171,60.535068303346634,-148.97810000181198,-149.14003908634186,30.599996447563171,50.475582480430603,3.199999988079071,3.2441977858543396
2021,62.678400039672852,62.655530452728271,-149.80210000276566,-149.71421438455582,6.099998950958252,120.55640993639827,3,3.103812575340271
2037,62.2882000207901,62.360129952430725,-150.72529998421669,-150.24888295680285,66.899999976158142,48.030436038970947,3.5999999642372131,3.6949719786643982
1997,62.814499974250793,62.900173902511597,-150.57100000977516,-150.06821103394032,86.699999868869781,73.972217738628387,3.0999999940395355,3.6119465231895447
2078,61.840099990367889,62.016988396644592,-151.69160002470016,-151.14184436202049,98.200000822544098,65.338395535945892,3.3999999761581421,3.4244948029518127
1948,59.843199968338013,59.321096181869507,-152.89069998264313,-151.74539601802826,100.50000064074993,33.564426004886627,3.6999999582767487,3.722618043422699
517,59.075799942016602,59.11320161819458,-152.32649999856949,-151.93097001314163,49.300000071525574,53.853757679462433,3.199999988079071,3.207612544298172
1396,61.513800024986267,61.176633536815643,-149.90440000221133,-148.98775470256805,35.599999129772186,50.437070429325104,3.0999999940395355,3.4676888287067413
1069,61.382699996232986,61.301777213811874,-150.00609999988228,-149.34949672222137,40.200002491474152,59.028513729572296,3.199999988079071,3.4100771248340607
476,60.980499999597669,60.986200078390539,-150.93649998307228,-150.3249230235815,51.100000739097595,89.974619448184967,4.7000000104308128,4.3902289643883705
157,60.430299997329712,59.999008893966675,-151.82069993019104,-150.93423065543175,69.200001657009125,98.426977172493935,3.0999999940395355,3.160971075296402
1243,61.325300008058548,61.406179845333099,-150.04169999901205,-149.62110905349255,41.900001466274261,63.369099050760269,3.2999999821186066,3.3996164202690125
1195,61.410600006580353,61.395500153303146,-150.04490000009537,-149.82736654579639,37.600003182888031,71.543943136930466,3,3.117262065410614
16,59.247099995613098,59.164753913879395,-152.4582000374794,-152.27374774217606,60.999996960163116,51.250971853733063,3.0999999940395355,3.2168034911155701
1535,61.345299988985062,61.225083842873573,-149.62739999592304,-149.24654272198677,30.799999833106995,70.915553718805313,3,3.1014860272407532
1072,61.388799995183945,61.254310458898544,-149.88540000468493,-149.1560153067112,38.000002503395081,62.987744808197021,3.6999999582767487,3.6664875447750092
2190,60.235400021076202,59.886967062950134,-152.48049992322922,-151.27238810062408,115.60000013560057,50.097808241844177,3.199999988079071,3.080238550901413
546,60.118099987506866,60.024375796318054,-152.62709999084473,-151.93067532777786,83.5999995470047,49.049414694309235,3,3.2060064375400543
1539,61.983699977397919,62.060274720191956,-147.62879991531372,-147.8442057967186,10.099999606609344,92.321563512086868,3.3999999761581421,3.6085212528705597
658,61.738200008869171,61.443990886211395,-149.64079999923706,-149.04071921110153,30.100002884864807,68.821512162685394,3.0999999940395355,3.0800222754478455
2031,59.768900036811829,59.232940316200256,-152.52829992771149,-151.44056081771851,83.000000566244125,69.250259548425674,4.1999999955296516,3.762853592634201
1852,62.157500028610229,62.384145736694336,-152.1156000494957,-151.03051990270615,104.19999994337559,76.65102556347847,3,3.5292592942714691
1019,61.479699999094009,61.457106560468674,-149.94249999895692,-149.70677165687084,43.700002133846283,63.005611300468445,3,3.0787853300571442
1977,61.698400020599365,61.647403299808502,-147.54429996013641,-147.86622154712677,24.999998509883881,90.291254222393036,3.6999999582767487,3.6988303363323212
1504,61.335999995470047,61.698427021503448,-149.91009999811649,-149.39026620984077,39.300002157688141,98.155228421092033,4.2999999895691872,3.7849588841199875
959,60.46340000629425,60.254636108875275,-151.23269999027252,-150.57538430392742,54.300002753734589,62.282532453536987,3.2999999821186066,3.1380555331707001
2145,59.148100018501282,59.369534850120544,-152.82490003108978,-151.66405212879181,70.000000298023224,64.159933477640152,3,3.0708750486373901
283,60.084399998188019,59.488516092300415,-152.93680000305176,-151.77037417888641,109.20000076293945,86.933720856904984,3.5999999642372131,3.7917042374610901
1632,59.341899991035461,59.204207897186279,-152.89550006389618,-151.115249812603,76.400000602006912,53.2216876745224,4.1999999955296516,3.1767614185810089
797,62.037500023841858,62.309543490409851,-150.50800001621246,-149.80157218873501,51.100000739097595,79.198800027370453,3.2999999821186066,3.5344220995903015
1931,59.790199995040894,59.385380744934082,-152.9646999835968,-151.92363202571869,109.40000042319298,47.551989555358887,3,3.2753809690475464
225,60.277899980545044,59.497873902320862,-152.51140004396439,-151.33445692062378,101.80000029504299,92.676971107721329,3.6999999582767487,3.788265734910965
26,60.94480000063777,60.935465708374977,-147.36059993505478,-147.49434542655945,16.199998557567596,47.708369791507721,4.2999999895691872,4.6075574643909931
2080,61.946099996566772,62.080159783363342,-150.47139997780323,-150.0828622598201,28.599999845027924,88.904857635498047,4.3999999947845936,4.0627073049545288
1799,61.50110000371933,61.402805596590042,-150.00880000018515,-149.437539473176,44.39999908208847,71.449261158704758,3.4999999701976776,3.5953488349914551
437,62.189100027084351,62.407285690307617,-149.86499999463558,-149.69179748743773,45.400001108646393,81.33634552359581,3,3.0962227284908295
2178,60.41839998960495,59.887092590332031,-151.60859996080399,-150.76557692885399,78.499998897314072,107.59042017161846,3.2999999821186066,3.0695841908454895
1388,61.486999988555908,61.465349018573761,-149.95030000247061,-149.25520437955856,37.900000810623169,50.580590963363647,3.199999988079071,3.1518127620220184
229,61.423900008201599,61.398278564214706,-150.64810001850128,-149.86051432415843,60.400001704692841,75.773723423480988,3.0999999940395355,3.0881541967391968
37,61.444999992847443,61.398679852485657,-150.71559999883175,-149.73096583038568,42.300000786781311,65.161224454641342,3.0999999940395355,3.0873666107654572
1693,62.010499954223633,61.947971522808075,-149.29939998686314,-148.83494085073471,7.3999986052513123,72.673924267292023,3.199999988079071,3.2417442798614502
749,62.846500039100647,62.851998567581177,-150.49400000274181,-150.01388735091314,95.200000330805779,113.84519003331661,4.2999999895691872,4.0389290302991867
1045,62.268399953842163,62.385292053222656,-151.16280001401901,-150.56022293865681,78.000001609325409,67.582473158836365,3.0999999940395355,3.4944586157798767
1398,61.497599989175797,61.332802534103394,-149.90399999544024,-149.24716079235077,35.999998450279236,45.756928622722626,3,3.2119060456752777
469,61.691500008106232,61.624880492687225,-150.70489999651909,-149.81812084838748,53.900003433227539,75.214918702840805,3,3.1011172235012054
1906,62.633599996566772,62.767395496368408,-151.21580001711845,-150.18987210094929,83.099998533725739,60.338281095027924,3.2999999821186066,3.6602763533592224
2017,59.57260000705719,59.275802254676819,-152.67610001564026,-150.98822593688965,82.899998873472214,60.460291802883148,3.2999999821186066,3.1145250499248505
2187,62.116199970245361,62.3210608959198,-149.44489999115467,-149.09273010492325,4.0000006556510925,70.218726992607117,3.0999999940395355,3.0518457591533661
687,60.939699999988079,60.770168274641037,-151.23999997973442,-150.64647442102432,56.10000342130661,75.33564418554306,3.2999999821186066,3.4243086576461792
1056,59.357800006866455,59.390596628189087,-152.79519993066788,-151.39006072282791,75.39999857544899,57.64993280172348,3,3.1153229176998138
639,59.928200006484985,59.536972641944885,-152.68029999732971,-151.56739085912704,89.699998497962952,58.601491153240204,3,3.2319585084915161
2040,60.455999970436096,59.969180941581726,-152.30299991369247,-151.3078895509243,86.399998515844345,60.207240283489227,3.199999988079071,3.0588430166244507
1218,61.45210000872612,61.40375804901123,-150.06489999778569,-149.67479901015759,23.100003600120544,68.398024886846542,3.3999999761581421,3.5378235876560211
1158,61.383300006389618,61.362609654664993,-149.8711999990046,-149.67673786729574,47.700002789497375,75.775966048240662,3.3999999761581421,3.5038117468357086
1415,61.468400001525879,61.438388973474503,-149.92459999769926,-149.55561701953411,36.799997091293335,55.005386471748352,4.1999999955296516,3.5402941703796387
1944,60.141799986362457,59.694522857666016,-152.43969994783401,-151.19777449965477,96.300000324845314,84.102600812911987,3.0999999940395355,3.2160975337028503
1527,61.429899990558624,61.347924828529358,-149.43739999830723,-149.0290664434433,36.799997091293335,54.617643356323242,3,3.0757231414318085
1995,60.072700023651123,59.762670278549194,-151.52249997854233,-150.76733931899071,71.899998933076859,114.37705811113119,3.199999988079071,3.2491227686405182
1300,61.363499999046326,61.218821808695793,-150.13319999724627,-149.41028188169003,20.300000905990601,67.140020430088043,3,3.030144989490509
2112,60.23989999294281,59.746912717819214,-152.34579992294312,-151.29557007551193,97.899999469518661,79.243380576372147,3.0999999940395355,3.053841233253479
800,61.502499997615814,61.272425949573517,-149.96729999966919,-149.20221689343452,39.300002157688141,51.238656044006348,3.0999999940395355,3.0389344096183777
1603,59.48800003528595,59.174575567245483,-149.74290000647306,-150.40676321089268,10.099999606609344,144.85982432961464,3.2999999821186066,3.2260670363903046
160,62.000800013542175,61.630346477031708,-147.14620006084442,-147.68849551677704,39.499998092651367,74.796423316001892,3.4999999701976776,3.6151167154312134
1704,59.794000029563904,59.423148155212402,-152.94500005245209,-151.46676269173622,105.00000044703484,44.93221640586853,3.5999999642372131,3.618880569934845
956,59.604699969291687,59.176805973052979,-152.78339999914169,-151.14956358075142,88.199999183416367,94.008781015872955,4.5,3.9337643533945084
1743,60.836899995803833,60.789821997284889,-150.70139998197556,-150.36002113670111,26.299998164176941,74.014302343130112,3.2999999821186066,3.3161724507808685
1186,61.38740000128746,61.314984112977982,-149.98850000021048,-149.61151841282845,19.100002944469452,75.628109276294708,3.2999999821186066,3.2535050511360168
821,61.928900003433228,62.129785299301147,-151.95550006628036,-150.58654792606831,112.80000023543835,81.727020442485809,4.2999999895691872,3.6580579876899719
1729,60.223599970340729,60.369439601898193,-149.55599999427795,-149.70911968499422,37.699997425079346,78.019775450229645,3.0999999940395355,3.0420725047588348
2001,60.01419997215271,59.631138205528259,-151.50650006532669,-150.77267798781395,73.800001293420792,118.93499782308936,3.199999988079071,3.2747847139835358
877,61.171000003814697,61.065354041755199,-147.53979992866516,-147.52708625793457,9.7000002861022949,56.293047964572906,3.2999999821186066,3.3009808659553528
1919,60.202099978923798,59.608879804611206,-152.8215000629425,-152.17606723308563,126.00000004749745,61.764240264892578,3.2999999821186066,3.4355546236038208
913,60.580399990081787,60.038058400154114,-152.36210006475449,-151.28325971961021,93.499999493360519,54.364018142223358,4.2999999895691872,4.0568640679121017
1884,62.359799981117249,62.188415050506592,-152.46259993314743,-149.82541326060891,143.50000023841858,40.539681911468506,4.5,4.7059869915246964
152,60.768500000238419,60.700169950723648,-149.88940000534058,-149.64255552738905,42.499996721744537,62.241829931735992,3.3999999761581421,3.2257192432880402
98,60.125800013542175,59.88904070854187,-148.51390001177788,-148.71176961064339,5.4000020027160645,66.084600985050201,3.2999999821186066,3.5962069630622864
2083,59.970999956130981,59.376438856124878,-152.59559994935989,-151.19442012906075,93.600001186132431,56.796900928020477,3.0999999940395355,3.0620869696140289
509,61.481799989938736,61.521962821483612,-149.92229999788105,-149.71598406136036,29.500000178813934,111.42482049763203,3.9999999850988388,4.0080296248197556
1135,61.359899997711182,61.225568354129791,-150.03959999978542,-149.2837447822094,45.000001788139343,64.450938254594803,3,3.1091704666614532
1250,61.508300006389618,61.543752610683441,-149.91769999824464,-149.54810750484467,35.999998450279236,50.037384033203125,3.199999988079071,3.1838922500610352
1979,61.415199995040894,61.192920222878456,-151.11399999260902,-149.90321100130677,65.799999982118607,50.808191299438477,3,3.1260944008827209
1875,61.837199985980988,62.141199827194214,-151.80819994211197,-150.86363536119461,99.300000816583633,77.290914952754974,3.8999999910593033,3.9635778218507767
103,61.926100015640259,61.98384565114975,-147.74370002746582,-148.01661425828934,27.199998497962952,165.67206382751465,3.4999999701976776,3.7778267115354538
1445,61.35479998588562,61.010469001717865,-150.09559999778867,-147.8361804485321,41.100002825260162,54.213196039199829,3,3.527927577495575
1443,61.476599991321564,61.561892032623291,-149.89790000393987,-149.39377874135971,31.300000846385956,42.245417833328247,3.3999999761581421,3.3793115615844727
1648,61.460599988698959,61.330449521541595,-149.70289999991655,-149.05634424090385,30.799999833106995,54.102793335914612,4.1999999955296516,3.6904656887054443
586,61.677200019359589,61.802884101867676,-150.28349999338388,-149.94144055433571,20.999997854232788,69.401945918798447,3.5999999642372131,3.5709257125854492
627,62.888299942016602,62.751407980918884,-151.3652999997139,-150.17736275866628,117.69999982789159,65.504230558872223,3,3.311336874961853
1943,59.888200044631958,59.417184591293335,-152.77000004053116,-151.25753509998322,92.399999499320984,47.790125012397766,3,3.1813356578350067
1696,59.667099952697754,59.25045382976532,-152.5103999376297,-151.24216139316559,91.699998825788498,59.584766626358032,3.6999999582767487,3.6259218156337738
1143,60.969900000840425,60.871026858687401,-147.08300006389618,-147.14670556783676,21.300002932548523,25.667831301689148,3.0999999940395355,3.3464191854000092
53,59.655099987983704,59.201977729797363,-151.52150005102158,-151.19502532482147,48.19999635219574,129.48104506358504,4.6000000052154064,4.2097736522555351
151,61.734200000762939,61.597794055938721,-149.60519997775555,-149.09742325544357,14.600001275539398,67.328199744224548,3.4999999701976776,3.947648361325264
403,60.847800001502037,60.435247898101807,-152.569600045681,-151.92721885442734,9.4999969005584717,59.117354452610016,3.6999999582767487,3.8886495530605316
1154,61.297500014305115,61.399065941572189,-149.9522999972105,-149.5371905118227,44.39999908208847,165.25893285870552,5.0000000149011612,4.8039704114198685
207,61.242799997329712,61.157534882426262,-147.4452999830246,-147.89151585102081,6.8999975919723511,27.596078813076019,3.199999988079071,3.4318507611751556
2150,62.66569995880127,62.69173526763916,-149.52530001103878,-149.20527997612953,70.000000298023224,93.838995322585106,4.1999999955296516,4.3841809183359146
1682,59.169999957084656,59.272206783294678,-152.89550006389618,-151.65611118078232,68.500000983476639,56.611448526382446,3.2999999821186066,3.2155304253101349
1122,61.38629999756813,61.168286442756653,-150.05430000275373,-149.45587085187435,39.999999105930328,88.121462613344193,3.4999999701976776,3.9589758664369583
1256,61.477200001478195,61.469454050064087,-149.97640000004321,-149.59035716950893,36.300003528594971,59.522069990634918,3.5999999642372131,3.616249144077301
8,59.494199991226196,59.254797220230103,-152.61269992589951,-152.24186789989471,83.20000022649765,50.125434994697571,3.0999999940395355,3.6145246624946594
1014,61.900200009346008,61.674566030502319,-149.22690001130104,-149.12134632468224,1.8000006675720215,76.119665056467056,3,3.2018931806087494
2096,60.007000029087067,59.369043588638306,-151.30100002884865,-150.51032084226608,65.299998968839645,137.97108177095652,3.0999999940395355,3.0443086624145508
1060,60.655699998140335,60.181779384613037,-151.64109992980957,-150.65309303998947,79.900000244379044,51.028788089752197,3,3.1841012835502625
452,59.886000037193298,59.598825693130493,-151.07579997181892,-150.69947223365307,59.900000691413879,109.3324851244688,3.4999999701976776,3.5177825689315796
1675,59.963099956512451,59.363970279693604,-151.53680008649826,-150.85867094993591,51.600001752376556,148.28952960669994,3,3.1491776704788208
253,62.882500052452087,62.892335891723633,-150.95620000362396,-150.37617981433868,102.60000079870224,80.933675169944763,3.199999988079071,3.6674841642379761
1327,61.473100006580353,61.440590262413025,-149.89759999886155,-149.39304408431053,34.400001168251038,65.512120723724365,4.5,4.2790243327617645
896,62.874400019645691,62.806312799453735,-149.44910001754761,-149.48190303146839,79.100001603364944,32.048143446445465,3.0999999940395355,3.3338523209095001
2058,60.249300003051758,59.879393100738525,-152.00239992141724,-151.24302327632904,83.900000900030136,104.71647977828979,3.199999988079071,3.110700398683548
880,61.895699977874756,62.121730804443359,-149.29800000786781,-149.16593706607819,3.8999989628791809,58.603949844837189,3,3.0771360397338867
1595,59.747400045394897,59.202782273292542,-151.97750008106232,-150.81819561123848,76.499998569488525,135.46194136142731,3,3.0698510706424713
2147,62.606099963188171,62.411615610122681,-152.06990003585815,-151.18096062541008,1.2999996542930603,74.796527624130249,3,3.1416125893592834
623,61.870400011539459,61.70573616027832,-150.55290001630783,-149.8775351755321,59.699997305870056,106.99162259697914,4.1999999955296516,3.9568664878606796
345,59.609500050544739,59.606076002120972,-151.90700000524521,-151.47878801822662,65.400000661611557,176.14587768912315,5.4000000357627869,4.8044066056609154
2028,62.519600033760071,62.577971577644348,-151.15840002894402,-150.61393037438393,84.89999920129776,83.759963512420654,3,3.0818398296833038
1787,61.491499990224838,61.563425421714783,-151.32100000977516,-151.01143616437912,84.49999988079071,66.191062331199646,3.2999999821186066,3.5863171219825745
262,61.849500000476837,61.888643980026245,-148.97220003604889,-148.77270859479904,36.799997091293335,69.166984409093857,3.0999999940395355,3.6818722486495972
1634,62.527500033378601,62.624418139457703,-149.2722000181675,-149.20316559076309,53.400002419948578,114.22110628336668,3.199999988079071,3.3344287276268005
1321,61.337599992752075,61.337943494319916,-150.04990000091493,-149.43140070140362,34.500002861022949,72.123311460018158,4.1999999955296516,3.8625604212284088
1438,61.279100000858307,61.721651136875153,-149.97779999999329,-148.33647787570953,38.300000131130219,40.858820080757141,3.0999999940395355,3.4736888408660889
150,62.041300058364868,62.388178586959839,-151.47219997644424,-150.49377880990505,81.700000911951065,62.957547605037689,3.0999999940395355,3.5435947179794312
1969,59.395699977874756,59.24767804145813,-152.93370008468628,-152.6848486661911,84.49999988079071,42.913563549518585,3,3.300829142332077
472,62.964699983596802,62.927229046821594,-149.45950001478195,-149.59231460094452,80.899998545646667,62.936346977949142,3.0999999940395355,3.2240144312381744
1976,59.828999996185303,59.215580821037292,-152.90189999341965,-151.40796741843224,93.400001525878906,55.286630988121033,3.0999999940395355,3.2657865285873413
1802,61.205200001597404,61.112399101257324,-150.55349998176098,-150.32088207453489,52.900001406669617,87.188377976417542,3.2999999821186066,3.294393002986908
640,62.300600051879883,62.391821026802063,-151.12819996476173,-150.52334980666637,83.099998533725739,64.486667513847351,3.0999999940395355,3.0737583339214325
871,60.842899993062019,60.693032026290894,-147.65699994564056,-147.66162765026093,20.099997520446777,40.371745824813843,3.2999999821186066,3.5725306570529938
2146,59.589100003242493,59.841891527175903,-152.7742999792099,-152.45782721042633,101.90000012516975,83.976078778505325,3,3.0585894584655762
550,59.957900047302246,59.763029336929321,-152.78420001268387,-152.1709703207016,102.80000045895576,79.698942601680756,3.9999999850988388,3.9655385166406631
2086,62.284700036048889,62.427538633346558,-150.49770002067089,-150.17167010530829,57.300001382827759,77.621791511774063,3.0999999940395355,3.2151041328907013
1959,59.640499949455261,59.206858396530151,-152.80009996891022,-151.31245440244675,105.20000010728836,58.295436203479767,3.2999999821186066,3.4278659820556641
928,60.698399990797043,60.2286656498909,-151.68589997291565,-150.93500474095345,72.599999606609344,65.339989960193634,3.0999999940395355,3.0476821660995483
488,61.459500014781952,61.480727732181549,-149.35370001196861,-148.8672853410244,21.899998188018799,95.476943999528885,3.4999999701976776,3.8709220737218857
1843,60.878700003027916,60.87663871794939,-149.51599998772144,-149.27351036667824,24.499997496604919,85.029497742652893,3.8999999910593033,3.6677098274230957
1734,60.065299987792969,59.608140230178833,-151.95449995994568,-150.86241817474365,80.699998885393143,160.21009907126427,3.8999999910593033,3.5730991959571838
2105,60.136099994182587,60.120800197124481,-152.94849997758865,-152.22111743688583,121.8000000808388,79.643189907073975,3.0999999940395355,3.0919477343559265
1171,61.366600006818771,61.34612825512886,-150.03880000021309,-149.68990268558264,41.199997067451477,76.437123119831085,3.5999999642372131,3.614296942949295
146,61.13459999859333,61.222013637423515,-150.24369999021292,-149.60675574839115,61.700001358985901,81.482667475938797,3.4999999701976776,3.5502001047134399
2030,61.534900009632111,61.463120371103287,-149.74189998954535,-149.37535826861858,43.899998068809509,76.860520988702774,4.1999999955296516,3.7275849580764771
1986,61.996500015258789,61.620918035507202,-149.87610000371933,-149.17636987566948,46.09999805688858,85.999730974435806,4.6000000052154064,4.458504656329751
1369,61.356900006532669,61.404449939727783,-150.02270000008866,-149.36863714456558,53.499996662139893,66.353131085634232,3.3999999761581421,3.4090381264686584
402,62.535500049591064,62.412740468978882,-150.99110001325607,-150.43129612505436,79.399999231100082,70.033557713031769,4.2999999895691872,3.9531524777412415
2161,61.565599977970123,61.550307631492615,-149.79070001095533,-149.48534542322159,33.699996769428253,50.210416316986084,3.4999999701976776,3.2614517211914062
954,59.353099942207336,59.02203357219696,-152.90920007228851,-152.38654553890228,72.900000959634781,53.272202610969543,3,3.1218289732933044
2142,62.105999946594238,62.236027479171753,-147.86100000143051,-148.16257238388062,17.999999225139618,76.794959604740143,3.0999999940395355,3.0774292945861816
659,61.550499975681305,61.547403931617737,-147.80350005626678,-147.8100283741951,19.500002264976501,116.15667771548033,3.8999999910593033,3.8482839614152908
1794,59.827900052070618,59.53304123878479,-152.88959991931915,-151.90728610754013,101.80000029504299,54.464690387248993,3.2999999821186066,3.3143048286437988
1372,61.374500006437302,61.283092737197876,-149.94739999808371,-149.27327558398247,41.900001466274261,57.621181011199951,3,3.0916950702667236
463,60.344399988651276,59.899426579475403,-151.39700004458427,-150.67379254102707,58.499999344348907,112.49267403036356,3.5999999642372131,3.5152448415756226
1349,61.427799999713898,61.465836226940155,-150.06399999931455,-149.54314009845257,32.999999821186066,59.702403843402863,3,3.0748341679573059
186,60.095099985599518,59.715868473052979,-151.44960004091263,-150.82004007697105,50.700001418590546,92.670604586601257,3.2999999821186066,3.5306216776371002
1147,61.512499988079071,61.402554392814636,-149.88749999552965,-149.60854294896126,37.600003182888031,79.376276582479477,3,3.1774148941040039
1224,61.487899988889694,61.431763887405396,-149.92999999970198,-149.6630077958107,34.299999475479126,63.858687877655029,3.4999999701976776,3.4604632258415222
608,61.417600005865097,61.30757874250412,-151.49330002069473,-150.74556943774223,86.300000548362732,62.829136848449707,3.3999999761581421,3.3931916356086731
143,62.151100039482117,62.548704743385315,-152.3031000494957,-151.02757743000984,7.3999986052513123,68.350359797477722,3.0999999940395355,3.6521244943141937
751,59.989599943161011,59.567838907241821,-152.73040008544922,-151.5895602107048,102.49999910593033,68.896077573299408,3,3.1608480513095856
1534,59.366000056266785,59.171700716018677,-152.50869995355606,-151.13001823425293,66.199999302625656,57.234719395637512,3,3.1524887681007385
1930,61.780499994754791,61.877858936786652,-150.68720000982285,-149.94682969897985,62.200002372264862,53.842529654502869,4.2999999895691872,4.2891975492238998
981,62.879899978637695,62.722506761550903,-148.30229991674423,-149.08483153581619,74.900001287460327,71.673538535833359,4.5,4.2940307334065437
197,62.957399964332581,62.754971385002136,-150.4350999891758,-150.26479831337929,101.70000046491623,105.28434813022614,5.1000000089406967,5.0336437672376633
1633,60.120199978351593,59.689534187316895,-151.24539998173714,-150.61769749224186,52.799999713897705,165.63297435641289,3.4999999701976776,3.4975301921367645
883,61.339100003242493,61.240015968680382,-149.82720000296831,-149.43157906830311,33.900000154972076,69.289829581975937,3,3.0410681962966919
1860,60.052600026130676,59.287933111190796,-152.67320001125336,-151.18488854169846,99.700000137090683,67.125659435987473,3.0999999940395355,3.3395054340362549
279,61.256199985742569,61.169360354542732,-150.45349998772144,-149.73431295901537,50.300002098083496,81.809140741825104,3,3.1161722838878632
293,62.186499953269958,62.276488780975342,-149.4382000118494,-149.30222475528717,31.099997460842133,117.74141527712345,3.7999999970197678,3.9455765336751938
766,61.707799971103668,61.755108594894409,-147.98209995031357,-147.89264452457428,34.999996423721313,89.608300477266312,3.5999999642372131,3.6246865689754486
400,61.130400002002716,60.985610528849065,-150.84080001711845,-150.17210572957993,55.299997329711914,94.289222732186317,3.0999999940395355,3.3832801580429077
122,62.245300054550171,62.477025032043457,-149.68480000644922,-149.61723147332668,52.599996328353882,76.527930796146393,3.6999999582767487,3.7721372097730637
1207,61.420199990272522,61.515289723873138,-150.07779999822378,-149.72765073180199,20.000003278255463,59.005677700042725,3.0999999940395355,3.0937973856925964
202,60.339600026607513,59.982737064361572,-152.75630003213882,-151.86640155315399,130.70000009611249,55.931046605110168,3,3.4334723353385925
1462,61.44420000910759,61.244482129812241,-149.87200000137091,-149.15971246361732,35.80000251531601,62.86625936627388,3.5999999642372131,3.4485320448875427
835,59.006100058555603,59.093403458595276,-151.57079994678497,-151.34555152058601,46.999998390674591,105.92935420572758,3.0999999940395355,3.0898652672767639
246,62.018499970436096,62.178020715713501,-150.15439999848604,-149.57771842181683,49.400001764297485,78.52703332901001,3,3.0953561067581177
1439,61.468300014734268,61.807614386081696,-149.93759999983013,-148.82663878798485,39.099998772144318,46.321779489517212,3,3.1604402661323547
1733,62.169800043106079,62.19166100025177,-147.83699995279312,-148.22748827934265,42.599998414516449,79.431936144828796,4.0999999791383743,3.6768540143966675
1695,59.304000020027161,59.147427558898926,-152.54069995880127,-151.27684700489044,60.500003397464752,58.088444173336029,3.199999988079071,3.2340821027755737
1707,60.475499987602234,59.857385873794556,-151.76010006666183,-150.94845968484879,70.599999278783798,78.340001404285431,4.2999999895691872,4.0997310429811478
2144,60.21560001373291,59.458685517311096,-151.55510008335114,-150.68712079524994,60.400001704692841,156.75509348511696,3,3.0254432559013367
1153,61.504899978637695,61.394203811883926,-149.91929999738932,-148.9595111310482,38.999997079372406,54.227367043495178,3.6999999582767487,3.6967405378818512
1661,61.578199982643127,61.40893691778183,-149.57099997997284,-149.19262728095055,28.499998152256012,51.436632871627808,3,3.0874139070510864
1759,61.83950001001358,61.73193895816803,-149.54289999604225,-149.11770844459534,50.399996340274811,54.661586880683899,3.199999988079071,3.473178505897522
854,60.990000000223517,61.350688844919205,-150.8027999997139,-149.84520577266812,160.30000150203705,88.005851954221725,3,3.045951783657074
1589,60.461399972438812,59.970712304115295,-152.07120001316071,-151.05598595738411,85.200000554323196,66.331371665000916,3,3.1192620098590851
641,62.29610002040863,62.450291275978088,-151.14050003886223,-150.58676934242249,64.699999988079071,72.532732039690018,3.0999999940395355,3.3619495332241058
1,59.898100018501282,59.491456031799316,-151.54039996862411,-151.33234432339668,30.599996447563171,155.27320094406605,3.3999999761581421,3.5693846940994263
698,60.17960000038147,59.922175645828247,-151.92480003833771,-151.45150798559189,64.300000667572021,64.789634197950363,3,3.1410368084907532
1636,61.60369998216629,61.784539878368378,-151.72589993476868,-150.83962467312813,93.199998140335083,56.695953011512756,3.199999988079071,3.3509085774421692
1291,61.446900010108948,61.516294240951538,-149.98210000013933,-149.62757921218872,30.900001525878906,52.782677114009857,3.3999999761581421,3.5358577966690063
2104,59.861999988555908,59.533753156661987,-152.67499995231628,-151.53430759906769,79.100001603364944,63.369020819664001,3.3999999761581421,3.158715695142746
1520,62.372300028800964,62.07663905620575,-150.43880000710487,-149.49272927641869,100.09999945759773,77.029142528772354,3.8999999910593033,3.578050285577774
1853,61.301499992609024,61.03501445800066,-152.17319995164871,-151.31943610310555,131.09999988228083,64.351528882980347,4.5,4.1385542750358582
1136,61.299299985170364,61.159669458866119,-150.06469999998808,-149.29846912622452,44.79999840259552,71.218401193618774,5.0000000149011612,4.3988646939396858
2133,61.986299991607666,62.104054689407349,-150.60999999940395,-150.49170912802219,60.80000102519989,54.856419563293457,3.2999999821186066,3.2962313890457153
1631,61.409599989652634,61.364918202161789,-152.83910000324249,-150.16170888394117,240.69999903440475,92.21581369638443,3,3.0497266352176666
1998,59.872499942779541,59.740153551101685,-150.89079996943474,-150.41335500776768,62.800001353025436,136.35662756860256,3.199999988079071,3.1908474862575531
663,59.158599972724915,59.453675866127014,-152.91909992694855,-152.84995222091675,64.300000667572021,44.099017977714539,3,3.2838854491710663
683,60.962200000882149,61.027154169976711,-149.09880003333092,-148.82387924194336,13.300001621246338,87.00275793671608,3.0999999940395355,3.3201227188110352
1257,61.414799988269806,61.393689095973969,-149.95810000039637,-149.56344044208527,29.100000858306885,62.268525362014771,3.0999999940395355,3.2029402256011963
317,62.190099954605103,62.141039371490479,-151.35420003533363,-150.40379051864147,80.499999225139618,61.718001961708069,3.5999999642372131,3.8413829058408737
648,60.026400029659271,59.805418252944946,-152.575100004673,-151.66960322856903,93.600001186132431,76.249700039625168,3,3.1122718155384064
1434,61.412600010633469,61.316699117422104,-150.02969999983907,-149.29235145449638,37.600003182888031,89.850272983312607,3.5999999642372131,3.701103687286377
1479,61.466399997472763,61.735250055789948,-149.97790000028908,-149.12564313411713,42.800001800060272,71.268212050199509,3.7999999970197678,3.4602461457252502
709,62.245100021362305,62.458120465278625,-150.97079998254776,-150.36398796737194,76.000001281499863,113.92419971525669,3.199999988079071,3.4186644852161407
1282,61.478399991989136,61.618815124034882,-149.98389999987558,-149.60677063465118,23.800000548362732,55.699899792671204,3,3.1128747761249542
1768,62.266999959945679,62.410555839538574,-148.43660008907318,-148.80461418628693,31.400002539157867,75.674720108509064,3,3.1448619961738586
972,61.30009999871254,61.227452054619789,-149.93589999899268,-149.19585004448891,42.499996721744537,84.448233246803284,3.9999999850988388,3.809268057346344
1306,61.468600004911423,61.478609412908554,-149.95150000043213,-149.6374924108386,29.899999499320984,52.669614553451538,3.2999999821186066,3.4354702234268188
1400,61.398799985647202,61.212942034006119,-149.9870000006631,-149.35246489942074,38.589999079704285,66.465660929679871,3.199999988079071,3.2256947457790375
1408,61.48769998550415,61.534686684608459,-149.95610000006855,-149.4729263484478,32.200001180171967,54.790981113910675,3.0999999940395355,3.0765272676944733
1496,61.535700023174286,61.101432174444199,-149.94860000163317,-150.10395479947329,43.300002813339233,90.394787490367889,4.6000000052154064,3.7988141030073166
2038,61.621999979019165,61.635506331920624,-149.81899999827147,-149.52295137941837,40.600001811981201,64.207464456558228,3.199999988079071,3.1053665578365326
1529,59.080700039863586,59.123922348022461,-151.92289996147156,-151.1210144162178,48.799999058246613,74.036039412021637,3.199999988079071,3.2466064989566803
1663,62.804100036621094,62.710643887519836,-148.79649996757507,-148.88879835605621,16.099996864795685,95.711095258593559,3.3999999761581421,3.5378174185752869
1354,61.463299989700317,61.402104765176773,-149.88489999622107,-149.28729562461376,31.099997460842133,68.765733391046524,3.9999999850988388,4.0655289888381958
2152,61.163000002503395,60.680927842855453,-152.64459997415543,-152.31890201568604,145.50000056624413,54.648146033287048,3.6999999582767487,3.8201489299535751
2167,59.58270001411438,59.65750515460968,-152.93409991264343,-152.12267285585403,100.29999911785126,75.525514781475067,3,3.061331570148468
1643,62.513100028038025,62.644040584564209,-151.94289994239807,-150.62462948262691,106.49999976158142,67.726429551839828,3.6999999582767487,3.665770947933197
1051,62.248900055885315,62.346226692199707,-150.4966000020504,-150.12904914468527,18.200002610683441,72.994813323020935,3.7999999970197678,4.0216952562332153
795,60.802000001072884,60.451227009296417,-150.49690000712872,-149.74476040899754,9.9999979138374329,72.998840361833572,3.0999999940395355,3.0607206523418427
1597,59.576099991798401,59.161242127418518,-152.61830002069473,-151.21114575862885,77.100001275539398,63.932605087757111,3.2999999821186066,3.1638398766517639
1819,59.173400044441223,59.089040279388428,-152.03549998998642,-151.13105776906013,49.09999668598175,77.885005623102188,3,3.0926545858383179
1722,60.838200002908707,60.185702919960022,-151.82769995927811,-151.25265696644783,78.400000929832458,63.47019225358963,5.2000000029802322,4.9033463001251221
1183,60.115100026130676,59.679074883460999,-152.64959996938705,-151.37198084592819,87.900001555681229,70.296019315719604,3.3999999761581421,3.558978796005249
1059,59.444800019264221,59.266105175018311,-152.83139991760254,-151.56718111038208,76.299998909235001,43.79640519618988,3.199999988079071,3.2238754034042358
540,60.541700005531311,60.654794037342072,-147.69370007514954,-147.61983293294907,13.700000941753387,89.556727558374405,3,3.149855375289917
1678,60.416599988937378,59.804913282394409,-151.90379995107651,-151.06196585297585,77.700000256299973,95.237413421273232,4.3999999947845936,3.9849327206611633
1757,62.544800043106079,62.693590879440308,-151.11689999699593,-150.24750895053148,74.499998241662979,52.247889339923859,3.199999988079071,3.574169397354126
1923,60.260900020599365,59.828758478164673,-152.30400002002716,-151.05824679136276,99.799999967217445,96.295865252614021,4.8000000044703484,4.4595742402598262
95,61.476599991321564,61.551094174385071,-151.90240001678467,-150.92174604535103,92.099998146295547,67.364908754825592,3,3.096638023853302
1020,61.503099977970123,61.294058620929718,-149.89850000292063,-149.45750623941422,44.79999840259552,65.263547003269196,4.0999999791383743,3.8718805611133575
563,59.41540002822876,59.219480514526367,-151.9368000626564,-151.97663390636444,58.600001037120819,150.62672272324562,3.0999999940395355,3.2835811972618103
863,59.920199990272522,59.276395559310913,-152.45419996976852,-151.3674144744873,86.399998515844345,125.2692710258998,3.2999999821186066,3.324838399887085
1484,61.499300003051758,61.694122314453125,-149.96579999942333,-148.67106601595879,36.399997770786285,52.779152989387512,3.6999999582767487,3.5810616016387939
1881,60.162699997425079,59.972180962562561,-152.76279991865158,-151.83814036846161,115.10000005364418,62.091417610645294,3.4999999701976776,3.5560263991355896
1038,60.311100006103516,59.812896966934204,-151.30430004000664,-150.61576844751835,61.899997293949127,77.062398195266724,3,3.1700153946876526
206,60.061999976634979,60.155650913715363,-147.04839992523193,-147.21308541297913,9.4999969005584717,54.00538444519043,3.2999999821186066,3.4707854390144348
392,60.003099977970123,59.506460905075073,-152.67119997739792,-151.92984706163406,97.899999469518661,95.338523387908936,3,3.2250578105449677
870,59.643200039863586,59.125649809837341,-152.07660001516342,-151.35155743360519,78.699998557567596,161.82511672377586,3.9999999850988388,3.4667201042175293
397,62.135800004005432,62.279945611953735,-150.76999998092651,-150.0385762648657,70.30000165104866,85.308212786912918,3.5999999642372131,3.8985808789730072
2121,59.708600044250488,59.229580163955688,-151.00360000133514,-150.6475306302309,46.09999805688858,166.05111956596375,3.0999999940395355,3.1152768731117249
1028,59.718299984931946,59.209778547286987,-152.02920001745224,-151.15700662136078,64.19999897480011,90.75932577252388,3.199999988079071,3.5109767317771912
1485,61.406199991703033,61.713524281978607,-149.95569999888539,-148.41144186258316,35.300001502037048,67.638266831636429,3.7999999970197678,3.5227012038230896
960,61.725399971008301,61.894450902938843,-152.11320000886917,-151.01359775662422,113.59999980777502,74.463427066802979,3.5999999642372131,3.7381500899791718
1570,60.254299998283386,59.991204380989075,-152.60660004615784,-151.6823850274086,104.6999990940094,66.181633621454239,3.3999999761581421,3.5173763036727905
1895,59.829499959945679,59.297371864318848,-152.9708000421524,-151.36772006750107,98.899999633431435,28.458826243877411,3.0999999940395355,3.3432504236698151
804,61.731899976730347,61.487285226583481,-149.64159999042749,-149.0115969479084,39.999999105930328,44.828042387962341,3.0999999940395355,3.1194230318069458
1751,61.932200014591217,62.333028793334961,-151.31669998168945,-150.30901899933815,79.900000244379044,59.767492115497589,3,3.5481818318367004
502,59.904299974441528,59.694185733795166,-151.46570000052452,-150.9992281794548,67.999999970197678,130.46581251546741,3.5999999642372131,3.5136884450912476
779,61.570100009441376,61.320782840251923,-149.90069999545813,-148.19992697238922,46.400003135204315,65.921589732170105,3.4999999701976776,3.5859850645065308
1863,62.049000024795532,61.945691108703613,-149.39090001583099,-149.02446699142456,38.199998438358307,49.459926784038544,4.0999999791383743,4.0994274616241455
200,59.07889997959137,59.252928733825684,-152.87230002880096,-151.54755878448486,72.00000062584877,52.818261086940765,3.8999999910593033,3.8194754272699356
2088,61.246700003743172,61.447883903980255,-150.16419999673963,-150.13563747704029,45.400001108646393,86.150422692298889,3.0999999940395355,3.1299076080322266
1796,59.496999979019165,59.284005403518677,-152.8834000825882,-151.46976435184479,94.79999914765358,60.821734368801117,4.1999999955296516,4.0816644877195358
378,62.404899954795837,62.543215990066528,-151.15470001101494,-150.08276497386396,6.5999999642372131,109.61493011564016,3,3.2254119515419006
418,62.97409999370575,62.912784099578857,-149.29889997839928,-149.47093172371387,71.100000292062759,73.145758360624313,3.2999999821186066,3.4762384593486786
1698,60.364499986171722,60.543341308832169,-147.38270008563995,-147.72483712434769,6.099998950958252,67.052394151687622,3.199999988079071,3.1181361079216003
391,59.613800048828125,59.18769907951355,-152.83780002593994,-151.85654783248901,94.100000336766243,88.881649076938629,3.3999999761581421,3.2864974737167358
1522,60.780699998140335,60.603510975837708,-150.68950000405312,-150.39638940989971,57.899996638298035,77.090367674827576,3.5999999642372131,3.5542455911636353
1162,61.360799998044968,61.307299345731735,-150.09619999676943,-149.6877603828907,34.699998795986176,81.499680876731873,3.3999999761581421,3.5197830498218536
1495,61.511699974536896,61.261453092098236,-149.91590000130236,-149.34909662604332,36.600001156330109,78.837145119905472,3.6999999582767487,3.4976275563240051
2027,61.502399981021881,61.126634329557419,-152.31850004196167,-151.21074119210243,134.4999996945262,58.83992463350296,3.0999999940395355,3.1517984569072723
1152,60.99820000003092,59.29153037071228,-151.82019996643066,-152.24491631984711,85.799999535083771,34.000635147094727,3.9999999850988388,4.4342193771153688
1367,61.465000003576279,61.451332062482834,-149.90009999647737,-149.53347632288933,28.200000524520874,51.624320447444916,3.2999999821186066,3.1286113858222961
64,59.180400013923645,60.996521778171882,-148.79760003089905,-151.61580955982208,64.699999988079071,110.11194903403521,3,3.1012542843818665
2062,60.645900011062622,60.180919110774994,-151.97960007190704,-151.23872217535973,78.699998557567596,62.460944056510925,3.5999999642372131,3.5056520998477936
1180,61.432399988174438,61.47690361738205,-150.11079999804497,-149.6081395894289,16.900002956390381,60.326233506202698,3,3.0526364743709564
492,60.314499974250793,59.984058260917664,-151.35659998655319,-150.62043213844299,28.700001537799835,98.04103896021843,3.3999999761581421,3.5693876445293427
379,59.69130003452301,59.403214335441589,-152.79549998044968,-151.64173543453217,88.500000536441803,82.125186920166016,3.9999999850988388,3.9986300021409988
763,61.047600001096725,61.070467256009579,-149.59170001745224,-149.17398163676262,33.900000154972076,65.904039889574051,3.0999999940395355,3.1004310250282288
791,61.644500017166138,61.496642053127289,-149.90500000119209,-149.13139709830284,52.599996328353882,47.861799597740173,3.0999999940395355,3.403680145740509
1076,59.52590000629425,59.258700609207153,-152.86260008811951,-151.75487279891968,88.799998164176941,32.941102981567383,3.7999999970197678,3.293152391910553
878,60.003000020980835,59.343663811683655,-152.69630008935928,-151.58569550514221,95.000000670552254,52.703633904457092,3.2999999821186066,3.3156343102455139
337,61.358799993991852,61.234765738248825,-150.1816000007093,-149.58207035064697,40.899999439716339,64.475703984498978,3.8999999910593033,3.9590456932783127
1016,61.477200001478195,61.341761648654938,-149.91309999860823,-149.5823237746954,36.799997091293335,68.963378667831421,3.199999988079071,3.4963054955005646
1275,61.407599985599518,61.678543031215668,-150.03429999947548,-148.80301854014397,166.4000004529953,66.314630210399628,3.7999999970197678,3.6492973566055298
455,59.388000011444092,59.1825932264328,-152.73489993810654,-151.74773490428925,70.599999278783798,50.278753042221069,3.3999999761581421,3.7184281647205353
815,61.629999995231628,61.209738165140152,-152.17859995365143,-150.86313754320145,121.70000001788139,88.645543903112411,4.2999999895691872,4.4275622684508562
995,60.90429999679327,60.771525159478188,-149.78319999575615,-149.39042665064335,33.900000154972076,67.947294563055038,3.0999999940395355,3.1578016877174377
1981,60.364600002765656,60.458726465702057,-147.64770001173019,-148.16781163215637,12.699998915195465,66.602397710084915,3.5999999642372131,3.7229481339454651
201,60.964600000530481,60.537923514842987,-151.13220003247261,-150.31848894059658,9.8000019788742065,87.65140175819397,3.0999999940395355,3.1087159216403961
161,61.727800011634827,61.666990458965302,-148.55739998817444,-148.40338629484177,9.0000033378601074,89.329756796360016,3.8999999910593033,4.0459224432706833
1579,62.75380003452301,62.665870189666748,-149.08479997515678,-149.10386610031128,13.599999248981476,114.14390802383423,4.2999999895691872,3.7951301783323288
702,61.140699997544289,60.877041794359684,-152.00349998474121,-150.92067566514015,97.999999299645424,91.095678508281708,3.0999999940395355,3.1124288141727448
1500,61.453999996185303,61.522102296352386,-150.08960000239313,-149.65622661262751,33.900000154972076,76.186727732419968,3.5999999642372131,3.4531967639923096
1129,61.289400011301041,61.183778390288353,-150.08070000261068,-149.36419348418713,43.700002133846283,78.106030821800232,3.7999999970197678,3.7655710726976395
1021,62.234699964523315,62.351646661758423,-150.76829999685287,-150.50311870872974,11.799998581409454,68.768259137868881,3.199999988079071,3.4985289573669434
1585,59.882799983024597,59.375244617462158,-151.75239998102188,-150.74399936199188,49.400001764297485,155.34407645463943,3,3.1133632063865662
1955,59.846500039100647,61.444991677999496,-152.96490007638931,-150.21749985963106,104.00000028312206,94.908133149147034,3.3999999761581421,3.2761957347393036
34,60.435100018978119,60.240719437599182,-150.37810000777245,-149.9344529081136,38.000002503395081,44.64036226272583,3.199999988079071,3.0711430013179779
775,61.516499996185303,61.334054470062256,-149.91730000264943,-148.91437545418739,42.599998414516449,73.942545801401138,4.3999999947845936,4.0573162883520126
1478,61.437999993562698,62.31673789024353,-149.93470000103116,-149.69786761701107,38.40000182390213,67.707188427448273,3.3999999761581421,3.4505090117454529
1390,61.35359999537468,61.373596996068954,-150.08660000190139,-149.54440534114838,21.0999995470047,58.369956910610199,3.199999988079071,3.2761618494987488
2139,60.815999999642372,60.731970012187958,-150.0500000026077,-149.92851893976331,44.200003147125244,90.324357151985168,3.0999999940395355,3.0481928586959839
1363,61.438100010156631,61.628629088401794,-149.95030000247061,-149.22190877795219,35.099998116493225,60.13169139623642,3.0999999940395355,3.1659946739673615
2041,59.853999972343445,59.939922571182251,-152.90739995241165,-151.9448447227478,117.50000016763806,51.583021879196167,3.4999999701976776,3.4083345830440521
241,61.173600003123283,61.142017856240273,-150.64760001003742,-150.07677152752876,53.400002419948578,83.820898085832596,3.199999988079071,3.2220017910003662
2061,60.94990000128746,60.791472524404526,-147.42839992046356,-147.57972943782806,31.000003218650818,44.649749994277954,3.8999999910593033,3.9030219465494156
600,61.990800023078918,61.994369149208069,-150.01929999981076,-149.66167406737804,27.09999680519104,65.301369875669479,3,3.542974591255188
1297,61.423799991607666,61.49427404999733,-150.05660000257194,-149.71177735179663,29.600001871585846,50.24091899394989,3,3.3030256032943726
2068,61.749000012874603,61.747038245201111,-150.48199997842312,-149.93722794950008,62.89999932050705,74.133973568677902,3.3999999761581421,3.4626762270927429
646,59.653800010681152,59.401448845863342,-152.83070003986359,-152.13689661026001,85.400000214576721,24.140454828739166,3,3.0799979567527771
1528,60.073400020599365,60.373027086257935,-152.95059996843338,-152.64318609237671,126.30000000353903,54.439350962638855,3.6999999582767487,3.9747481495141983
1267,61.425900012254715,61.406594723463058,-150.00500000012107,-149.36565108597279,33.900000154972076,57.021528482437134,3.5999999642372131,3.3882887363433838
1899,60.113600015640259,59.637759447097778,-152.99299997091293,-152.0016912817955,129.4999998062849,64.573623239994049,4.7000000104308128,4.3611419834196568
562,61.057799998670816,60.904477193951607,-150.85809999704361,-150.16639829054475,54.600000381469727,77.776640653610229,3.4999999701976776,3.4588690996170044
189,61.051100000739098,60.650254964828491,-151.42459997534752,-150.51715533435345,69.099999964237213,82.992378622293472,3.2999999821186066,3.4246208667755127
1806,61.443599998950958,61.34650593996048,-150.41889998316765,-149.45196864008904,13.999998569488525,56.110680103302002,3.2999999821186066,3.3979724049568176
975,59.783400058746338,59.457777976989746,-151.36099997162819,-150.65089979767799,60.699999332427979,134.2093963176012,3,3.084744930267334
2047,60.664700001478195,60.320829093456268,-151.16590002179146,-150.66845163702965,73.899999260902405,64.534254372119904,3.9999999850988388,3.6057144999504089
1082,60.9375,60.695130735635757,-150.86780002713203,-150.16055774688721,0,91.487832367420197,3,3.1057222187519073
474,59.904199957847595,59.496929049491882,-152.85980004072189,-152.4132279753685,100.40000081062317,29.656514525413513,3.0999999940395355,3.4603967070579529
747,61.632499992847443,61.16435669362545,-150.16699999943376,-149.32551012933254,49.800001084804535,67.082945257425308,3.6999999582767487,3.3635770082473755
21,61.773000001907349,61.709398865699768,-149.72310000658035,-149.21346294879913,35.199999809265137,77.972888946533203,3.0999999940395355,3.0996523797512054
459,61.170900002121925,61.250148952007294,-150.04269999917597,-149.65324775129557,44.699996709823608,82.322955131530762,3.0999999940395355,3.166646808385849
1184,61.470699995756149,61.336264431476593,-150.29259999096394,-149.67393424361944,57.199999690055847,77.337242662906647,4.1999999955296516,3.845294862985611
955,62.946900010108948,62.958270192146301,-151.31970003247261,-150.31843706220388,125.89999998454005,65.724987536668777,3.7999999970197678,3.4240570664405823
1215,61.363599985837936,61.350591510534286,-150.08130000159144,-149.71400865912437,26.799999177455902,76.912187039852142,3.5999999642372131,3.6364813148975372
1515,62.936100006103516,62.764853000640869,-148.10639995336533,-148.31882536411285,65.600000321865082,51.474176347255707,3.0999999940395355,3.3293126821517944
769,60.136300027370453,59.839720606803894,-152.41030007600784,-151.45465967059135,88.199999183416367,106.72536864876747,3.0999999940395355,3.5116844773292542
1685,62.128999948501587,62.281310319900513,-148.86410003900528,-148.58508342504501,7.6000019907951355,91.936174780130386,3,3.1054054498672485
130,62.361600041389465,62.53026270866394,-149.13239997625351,-148.8179367184639,3.3999979496002197,87.210658937692642,3.2999999821186066,3.4123397469520569
2135,60.225399971008301,59.767672777175903,-152.56120008230209,-151.38691261410713,102.90000028908253,72.200771421194077,3,3.0617384612560272
1482,61.391299992799759,61.146341249346733,-150.04860000126064,-149.04316118359566,42.199999094009399,52.430823445320129,3.3999999761581421,3.3214384317398071
330,62.852499961853027,62.520153164863586,-148.40779995918274,-148.69193395972252,61.899997293949127,90.444892644882202,3.3999999761581421,3.4422549605369568
1238,61.40149998664856,61.469644904136658,-150.02689999993891,-149.6312367618084,32.700002193450928,56.653633713722229,3.4999999701976776,3.7585651874542236
466,61.145600005984306,61.079387031495571,-151.12310001254082,-150.2165909036994,64.399998635053635,64.116161316633224,3.0999999940395355,3.3162131309509277
2169,62.312100052833557,62.4817214012146,-150.93729999661446,-150.41030131280422,99.199999123811722,35.7351154088974,3.3999999761581421,3.4127452969551086
1638,61.579500019550323,61.684358239173889,-149.85139999911189,-149.35720114409924,54.899998009204865,80.840166658163071,3.0999999940395355,3.1625163853168488
1095,61.390100002288818,61.345377594232559,-149.89759999886155,-149.19142949581146,22.699996829032898,52.597656846046448,3.0999999940395355,3.2248117625713348
1130,61.492700010538101,61.64163339138031,-150.21580000966787,-149.50383532047272,48.799999058246613,46.144157648086548,3.199999988079071,3.1518532633781433
1294,61.43639999628067,61.412636995315552,-149.97119999863207,-149.3152236789465,20.000003278255463,57.382054626941681,3,3.0796467661857605
860,62.873200058937073,62.837134003639221,-149.97330000065267,-149.72453009337187,80.499999225139618,107.41478577256203,3.4999999701976776,3.4787337183952332
