event_id,true_latitude_deg,predicted_latitude_deg,true_longitude_deg,predicted_longitude_deg,true_depth_km,predicted_depth_km,true_magnitude,predicted_magnitude
2312,35.991999983787537,33.69369313120842,-117.87799999862909,-117.95958036929369,4.0999996662139893,6.1004224419593811,3.0999999940395355,3.2181011438369751
2058,33.555999994277954,33.810243859887123,-118.36700001358986,-117.99293658090755,15.500000026077032,6.2417712807655334,3.199999988079071,3.2388170957565308
194,35.917168021202087,33.868345201015472,-117.67633101344109,-118.01481476146728,1.0299995541572571,6.2968522310256958,3.0900000035762787,3.2477354407310486
1393,33.691000014543533,33.808764934539795,-119.1360000371933,-117.99077618680894,11.40000008046627,6.2602382898330688,3.0999999940395355,3.2403641045093536
764,35.640166997909546,34.076705262064934,-117.54616698622704,-118.11440926790237,11.299999952316284,6.1725926399230957,3.9999999850988388,3.249259740114212
170,35.792333006858826,33.868350148200989,-117.6245000064373,-118.014817324467,3.0700001120567322,6.2968611717224121,3.550000011920929,3.2477362453937531
1660,32.702000021934509,33.816794976592064,-118.20450000464916,-117.99430961208418,9.9999998509883881,6.2637975811958313,3.0999999940395355,3.2411435544490814
2389,33.880999997258186,33.692972719669342,-117.75900000333786,-117.95946449041367,4.8999997973442078,6.0972225666046143,3,3.2178117334842682
990,33.97533299960196,33.810757994651794,-116.27600002288818,-117.99161419365555,3.9100000262260437,6.2573611736297607,3.2600000202655792,3.2403557002544403
1134,33.316299974918365,33.783949911594391,-116.29729998111725,-117.97530783712864,18.400000110268593,6.3358783721923828,3.6999999582767487,3.2448426783084869
1936,34.007000000216067,33.814979091286659,-118.43999999761581,-117.99440536601469,12.800000086426735,6.2530606985092163,3,3.2400385737419128
1476,33.564999997615814,33.808218613266945,-118.31499999761581,-117.99156693182886,2.9999998211860657,6.2458276748657227,3.0999999940395355,3.2390913963317871
1451,33.91499999910593,33.808781325817108,-118.27399998903275,-117.99077930115163,25.000000298023224,6.2602230906486511,3.4999999701976776,3.2403658032417297
1525,32.016199946403503,33.815215945243835,-117.18129998445511,-117.99413673020899,6.5000000596046448,6.2522041797637939,3.6999999582767487,3.240143895149231
2233,33.706000000238419,33.69357842206955,-119.47899997234344,-117.95955954119563,11.999999955296516,6.0998404026031494,4.8000000044703484,3.2180519700050354
251,35.893833041191101,33.868345201015472,-117.72716701030731,-118.0148147540167,7.6600000262260437,6.2968522310256958,3.2500000298023224,3.2477354407310486
1001,33.874166995286942,33.815395832061768,-117.11133301258087,-117.99323061481118,11.999999955296516,6.2655669450759888,3.2500000298023224,3.2413302361965179
1194,32.900099992752075,33.810720026493073,-116.28100001811981,-117.99160413537174,8.7000001966953278,6.2574362754821777,3.3999999761581421,3.2403550744056702
952,33.492500007152557,33.808162301778793,-116.80449998378754,-117.99062883295119,2.9100000858306885,6.2536266446113586,3.3700000047683716,3.2398909628391266
321,35.645668029785156,33.977832464501262,-117.48133099079132,-118.06574560701847,3.3599996566772461,6.2723511457443237,3.2999999821186066,3.2528191208839417
1075,34.717832982540131,33.810131281614304,-116.0353330373764,-117.99138257745653,2.980000376701355,6.2562042474746704,3.199999988079071,3.240225613117218
2514,34.810000002384186,33.694432228803635,-116.39100003242493,-117.95981118828058,3.4000003337860107,6.0941576957702637,3.2999999821186066,3.2178220152854919
134,35.912832975387573,33.868317514657974,-117.73449999094009,-118.0148064699024,2.7299997210502625,6.2968182563781738,3.3999999761581421,3.2477299869060516
2503,34.101999998092651,33.906188055872917,-117.45800000429153,-118.05339669063687,4.9999997019767761,6.2972187995910645,3.0999999940395355,3.241496354341507
2051,32.379999995231628,33.816420763731003,-117.83599999547005,-117.99547418626025,15.200000004842877,6.2521970272064209,3.0999999940395355,3.2399324476718903
940,32.783833026885986,33.862188369035721,-118.4446670114994,-118.01264189463109,7.7299998700618744,6.2869083881378174,3.2999999821186066,3.2464859783649445
1444,35.922999978065491,33.806017756462097,-117.74000000953674,-117.98973144311458,4.5000001788139343,6.2553441524505615,3.199999988079071,3.2398141622543335
654,35.902667045593262,33.9778201431036,-117.7426669895649,-118.06573940068483,8.4699998795986176,6.2723457813262939,3.5999999642372131,3.2528184056282043
1289,33.399900019168854,33.813387289643288,-117.09740000963211,-117.99238331941888,10.899999886751175,6.2683466076850891,3.5999999642372131,3.2413329184055328
2541,34.834999978542328,33.702012568712234,-116.28799998760223,-117.96089649945498,6.5000000596046448,6.1378687620162964,3.0999999940395355,3.2213852405548096
1099,35.404999971389771,33.862194895744324,-117.81016699969769,-118.0126467673108,6.6499999165534973,6.2870049476623535,3.3400000333786011,3.2464919686317444
1241,34.5939000248909,33.80539582669735,-118.62070000171661,-117.98929969407618,11.200000047683716,6.2539941072463989,3.9999999850988388,3.2397525608539581
2011,32.072000026702881,34.185433253645897,-116.38499999046326,-118.16007481515408,5.9999996423721313,6.3080513477325439,3.0999999940395355,3.2651848196983337
56,35.747666954994202,33.91235226392746,-117.55666700005531,-118.03724703192711,7.420000433921814,6.2823289632797241,3.0999999940395355,3.2487145364284515
485,35.796300053596497,33.977820068597794,-117.6351999938488,-118.06573938578367,6.5700003504753113,6.2723466753959656,3,3.2528183162212372
324,35.805832028388977,33.977820247411728,-117.59166699647903,-118.06573943048716,9.8399998247623444,6.2723466753959656,4.1999999955296516,3.2528184056282043
1968,34.705999970436096,34.113328121602535,-116.05999994277954,-118.12518864870071,3.6000001430511475,6.3257324695587158,3.0999999940395355,3.2631038725376129
2415,34.51800000667572,33.69357818365097,-118.93999999761581,-117.95955801382661,19.500000178813934,6.0997045040130615,3.6999999582767487,3.2180463373661041
44,33.228166997432709,33.868285492062569,-116.74333298206329,-118.01479395292699,10.209999829530716,6.2966591119766235,3.5999999642372131,3.2477169334888458
1729,34.996999979019165,33.842124536633492,-116.94500005245209,-118.00777772627771,5.9999996423721313,6.2489444017410278,3.0999999940395355,3.2410576343536377
1524,33.964000001549721,33.817919120192528,-117.75900000333786,-117.99515704624355,11.599999889731407,6.2570643424987793,3.0999999940395355,3.2406907975673676
2513,35.652999997138977,33.967428240925074,-117.65700000524521,-118.07998645305634,2.5000002980232239,6.3566261529922485,3,3.2492609918117523
1793,33.762099996209145,33.811610668897629,-117.46539998054504,-117.99246188485995,9.8000000417232513,6.2544357776641846,4.6000000052154064,3.2400591373443604
2351,35.72599995136261,33.692972719669342,-118.01899999938905,-117.95946449041367,4.1999995708465576,6.0972225666046143,3.9999999850988388,3.2178117334842682
2086,34.17059999704361,33.678169190883636,-117.28659999370575,-117.95620226487517,17.100000008940697,6.0574400424957275,3.3999999761581421,3.2136222124099731
2248,34.210999995470047,33.693559676408768,-118.77999997138977,-117.95955528318882,14.499999973922968,6.0996365547180176,3.8999999910593033,3.2180396318435669
1449,33.689999997615814,33.808747306466103,-116.74000000953674,-117.99076596833766,18.099999949336052,6.260109543800354,3.5999999642372131,3.2403554320335388
457,35.897999048233032,33.977832464501262,-117.72683000564575,-118.06574560701847,4.0400004386901855,6.2723511457443237,3.1899999976158142,3.2528191208839417
410,35.883334994316101,33.977821871638298,-117.7243350148201,-118.06574008613825,3.7799996137619019,6.2723475694656372,3.2999999821186066,3.2528185844421387
2036,32.047999978065491,34.255041569471359,-117.48000001907349,-118.1958636790514,8.4000000357627869,6.2937784194946289,3.3999999761581421,3.2673326432704926
1288,35.483000040054321,33.813386127352715,-118.20790000259876,-117.99238283885643,0.60000032186508179,6.2683457136154175,4.0999999791383743,3.2413328289985657
471,35.806331992149353,33.977820217609406,-117.62750199437141,-118.06573943048716,2.800000011920929,6.2723466753959656,3.3400000333786011,3.2528184056282043
1175,33.152899980545044,33.868345588445663,-118.28589999675751,-118.0148162515834,11.700000017881393,6.2965196371078491,3.199999988079071,3.2477147877216339
1737,33.668000012636185,33.812568068504333,-116.72399997711182,-117.99263470247388,14.700000006705523,6.2548372149467468,3.0999999940395355,3.2402419745922089
1247,35.962000012397766,33.805395856499672,-117.30250000953674,-117.98929970525205,10.399999916553497,6.2539941072463989,3.3999999761581421,3.2397525608539581
1023,34.041000001132488,33.810759544372559,-117.2416689991951,-117.99162013176829,18.210000023245811,6.2575614452362061,3.2800000011920929,3.2403662502765656
2092,32.167999982833862,33.680146753787994,-117.66699999570847,-117.9571180306375,7.9999999701976776,6.05317622423172,3,3.2135815322399139
239,35.765498995780945,33.868350148200989,-117.55783098936081,-118.014817324467,8.3300001919269562,6.2968611717224121,3.2999999821186066,3.2477362453937531
1273,34.717299997806549,33.808782994747162,-116.15349996089935,-117.99077938683331,0.99999994039535522,6.260126531124115,3.2999999821186066,3.2403604388237
1068,33.457832992076874,33.810129895806313,-116.46433305740356,-117.99138203356415,11.86999998986721,6.2562042474746704,3.0999999940395355,3.2402255237102509
1875,34.574999988079071,33.81648950278759,-116.54200005531311,-117.99553480744362,4.7999998927116394,6.2520289421081543,3.0999999940395355,3.2399128675460815
430,35.759997963905334,33.977832464501262,-117.58149701356888,-118.06574563682079,7.7400000393390656,6.2723511457443237,3.6999999582767487,3.2528191208839417
1170,34.28659999370575,33.880303859710693,-117.03359997272491,-118.02317303977907,16.400000005960464,6.2551295757293701,3.0999999940395355,3.245036780834198
1720,33.861000001430511,33.816195473074913,-119.36899995803833,-117.99406226212159,5.9999996423721313,6.2622731924057007,3.3999999761581421,3.2410043478012085
1967,34.703999996185303,34.180815905332565,-116.06200003623962,-118.15654040873051,3.5000002384185791,6.3251316547393799,3.0999999940395355,3.2665532827377319
289,35.917667031288147,33.97787719219923,-117.29799997806549,-118.06576098501682,12.930000051856041,6.2723708152770996,3.0199999809265137,3.2528250217437744
218,35.821334958076477,33.86834380030632,-117.64250200986862,-118.01481424737722,7.0900002121925354,6.2968522310256958,3.1399999558925629,3.2477352619171143
43,35.547500014305115,33.868285372853279,-117.52966699004173,-118.01479393057525,4.2500004172325134,6.2966573238372803,3.5099999606609344,3.2477169334888458
1669,34.035599999129772,33.816790834069252,-117.32929998636246,-117.99430800275877,12.499999925494194,6.2637859582901001,4.3999999947845936,3.2411424815654755
2354,35.799000024795532,33.692972749471664,-118.04500000178814,-117.95946451276541,7.9999999701976776,6.0972225666046143,3,3.2178118228912354
2232,33.666999995708466,33.69369250535965,-119.32599997520447,-117.9595802500844,6.9999995827674866,6.1004197597503662,3.199999988079071,3.2181008756160736
2523,35.726999998092651,33.694550812244415,-118,-117.95983423292637,6.8999996781349182,6.0949087142944336,3.3999999761581421,3.2178793251514435
2211,34.054000001400709,33.69369313120842,-116.32000005245209,-117.95958036184311,10.499999821186066,6.1004233360290527,3.2999999821186066,3.2181010544300079
1366,34.056699998676777,33.808759644627571,-116.41840004920959,-117.99077362753451,13.599999994039536,6.2602311372756958,3.4999999701976776,3.2403632998466492
212,35.552332997322083,33.868351399898529,-117.32433301210403,-118.01481784600765,4.7799995541572571,6.2968629598617554,3.0199999809265137,3.2477364242076874
1533,33.872899994254112,33.817921474575996,-118.43110001087189,-117.9951617885381,16.299999989569187,6.2572109699249268,3.6999999582767487,3.2406981289386749
2138,34.300599992275238,33.680146753787994,-116.85860002040863,-117.95711802318692,3.3000004291534424,6.05317622423172,3.5999999642372131,3.2135815322399139
1762,33.627000004053116,33.963167943060398,-117.90600000321865,-118.06048377603292,11.299999952316284,6.2586790323257446,3,3.2505323588848114
759,35.682335019111633,34.076705276966095,-117.5,-118.11440928280354,0.59000015258789062,6.1725926399230957,3.0999999940395355,3.249259740114212
1567,32.228999972343445,33.791220679879189,-116.58899998664856,-117.97719562612474,5.9999996423721313,6.3543409109115601,3.2999999821186066,3.2469636797904968
1792,32.057999968528748,33.811611726880074,-116.18499994277954,-117.99246231326833,5.5000001192092896,6.2544348835945129,3.0999999940395355,3.2400590479373932
2244,34.368000000715256,33.693386971950531,-118.66100001335144,-117.95952797681093,13.100000023841858,6.0990661382675171,3.0999999940395355,3.2179802656173706
1374,34.964399993419647,33.876598566770554,-116.70539999008179,-118.02157541923225,12.100000083446503,6.2587639689445496,3.0999999940395355,3.2449684739112854
1113,33.02649998664856,33.810754135251045,-116.43383300304413,-117.99161755759269,6.8900004029273987,6.2575533986091614,3.2899999916553497,3.2403654456138611
2176,33.895000003278255,33.681257218122482,-118.55099999904633,-117.95728804171085,13.499999977648258,6.0571593046188354,3,3.213979035615921
1084,35.332499980926514,33.897360570728779,-118.55216699838638,-118.03112420998514,8.060000091791153,6.2696528434753418,3.1099999845027924,3.2466857135295868
979,33.462000012397766,33.805541694164276,-116.46666705608368,-117.98958097863942,7.4399998784065247,6.2539958953857422,3.6999999582767487,3.2396956980228424
1321,32.554000020027161,33.808759585022926,-116.76800000667572,-117.99077360518277,4.9999997019767761,6.2602311372756958,3.3999999761581421,3.2403632998466492
1151,33.303799986839294,33.810776367783546,-116.28740000724792,-117.99162341747433,18.799999952316284,6.2575462460517883,3.0999999940395355,3.2403679490089417
1091,34.302666991949081,33.856343448162079,-116.86333298683167,-118.01037895306945,3.1400004029273987,6.2827330827713013,3.8700000196695328,3.2457067966461182
976,34.845166981220245,33.805541753768921,-118.90383297204971,-117.98958099354059,9.4799999892711639,6.2539976835250854,3.1099999845027924,3.2396956980228424
798,35.652667999267578,34.076703444123268,-117.53933000564575,-118.11440863460302,1.6500002145767212,6.1725926399230957,3,3.2492596507072449
1272,35.668400049209595,33.808763578534126,-118.46039998531342,-117.9907756652683,10.499999821186066,6.2602373957633972,3.4999999701976776,3.2403638362884521
422,35.796664953231812,33.977820217609406,-117.6256639957428,-118.06573943048716,2.6299998164176941,6.2723466753959656,3.0999999940395355,3.2528184056282043
2083,34.019999999552965,33.678169161081314,-117.22299998998642,-117.95620226114988,15.100000002421439,6.0574400424957275,3,3.2136222124099731
867,35.391000032424927,33.786104917526245,-118.54483300447464,-117.97592678666115,3.970000147819519,6.340402364730835,3.2999999821186066,3.2453850209712982
296,35.676334023475647,33.977877326309681,-117.54733300209045,-118.06576102972031,3.9499998092651367,6.2723708152770996,3.0900000035762787,3.2528250217437744
1057,33.167666971683502,33.809991762042046,-116.42066705226898,-117.99133480153978,13.760000020265579,6.2552744150161743,3.3899999856948853,3.2401539087295532
368,35.894665002822876,33.977821677923203,-117.68116798996925,-118.06574001163244,2.0399996638298035,6.2723457813262939,3,3.2528185844421387
2285,34.041000001132488,33.84782138466835,-118.49200001358986,-118.01389437168837,4.8999997973442078,6.8040543794631958,4.1999999955296516,3.2751349210739136
282,35.659000039100647,33.977865094318986,-117.48616802692413,-118.06575482338667,3.710000216960907,6.2723663449287415,3.1800000071525574,3.2528243958950043
1298,33.94200000166893,33.813390269875526,-116.73599994182587,-117.99238497717306,18.299999982118607,6.2683528661727905,3.0999999940395355,3.2413334548473358
1133,35.851799964904785,33.808828949928284,-117.69190001487732,-117.99088145419955,11.900000050663948,6.255108118057251,3,3.240042507648468
1190,35.165199995040894,33.810724183917046,-118.65939998626709,-117.99160626996309,8.5999998450279236,6.257445216178894,3.199999988079071,3.2403557002544403
318,35.656666040420532,33.977820217609406,-117.58466300368309,-118.06573943048716,7.8300002217292786,6.2723466753959656,3.199999988079071,3.2528183162212372
1336,33.031199991703033,33.858438983559608,-116.22580003738403,-118.01110603380948,10.499999821186066,6.2881618738174438,3.8999999910593033,3.2462401986122131
1807,32.693099975585938,33.88097457587719,-117.4375,-118.02493510022759,9.9999998509883881,6.2427198886871338,3.5999999642372131,3.2437542378902435
993,33.957832999527454,33.81072424352169,-116.67050004005432,-117.99160628113896,15.969999991357327,6.257445216178894,3.199999988079071,3.2403557002544403
568,35.78049898147583,33.977820202708244,-117.58916500210762,-118.06573944538832,5.1499995589256287,6.2723466753959656,3.6999999582767487,3.2528184056282043
787,35.700832009315491,34.076703414320946,-117.47766900062561,-118.11440861970186,0.039999783039093018,6.1725926399230957,3.0900000035762787,3.2492596507072449
736,35.750831961631775,33.977820232510567,-117.5633319914341,-118.06573944538832,6.8999996781349182,6.2723466753959656,3.8999999910593033,3.2528184056282043
2301,35.922999978065491,33.693693190813065,-117.85199999809265,-117.95958039164543,0,6.1004224419593811,3.7999999970197678,3.2181010544300079
2483,34.43299999833107,33.702727138996124,-116.26999998092651,-117.96101136133075,2.7000001072883606,6.1410534381866455,3.199999988079071,3.2216764390468597
668,35.902832984924316,33.977836919948459,-117.72083300352097,-118.06574779748917,8.2400000095367432,6.2723466753959656,3.2400000393390656,3.2528191208839417
93,35.895166993141174,33.8679588586092,-117.67683300375938,-118.01467319298536,3.9999997615814209,6.2959098815917969,3.5999999642372131,3.2476387023925781
2477,35.963000059127808,33.69369313120842,-117.79000000655651,-117.95958036929369,2.7000001072883606,6.1004224419593811,3.199999988079071,3.2181011438369751
1378,34.931999981403351,33.808759734034538,-116.71930003166199,-117.99077367596328,9.3000000715255737,6.2602311372756958,3.7999999970197678,3.2403633892536163
196,35.631500005722046,33.86834380030632,-117.43083202838898,-118.01481424737722,3.9999997615814209,6.2968522310256958,3.0999999940395355,3.2477352619171143
2505,35.654999971389771,33.906058751046658,-117.60299998521805,-118.05337230861187,1.3999995589256287,6.2961405515670776,3,3.2414080202579498
1835,34.287999987602234,33.883191794157028,-118.47499999403954,-118.02614621073008,12.899999991059303,6.246827244758606,3.0999999940395355,3.2440651059150696
1334,35.476699948310852,33.859092578291893,-118.28049999475479,-118.01134948898107,5.0999996066093445,6.2896755337715149,3.5999999642372131,3.2463961243629456
254,35.727833032608032,33.86834380030632,-117.54816401004791,-118.0148142548278,9.1099999845027924,6.2968513369560242,3.4699999988079071,3.2477352619171143
2314,35.988999962806702,33.69369313120842,-117.87199999392033,-117.95958036929369,3.1999996304512024,6.1004224419593811,3.3999999761581421,3.2181011438369751
1498,33.005999982357025,33.812589272856712,-116.48599994182587,-117.99308492755517,6.9999995827674866,6.253010630607605,3.0999999940395355,3.239977240562439
2382,34.217999994754791,33.702010303735733,-116.90400004386902,-117.96089608967304,8.099999874830246,6.1378598213195801,4.1999999955296516,3.2213845252990723
168,35.658668994903564,33.86834380030632,-117.47366297245026,-118.01481424737722,4.1400003433227539,6.2968522310256958,3.0800000131130219,3.2477352619171143
2066,33.513000011444092,33.927367977797985,-116.57500004768372,-118.05298339203,14.599999990314245,6.2150681018829346,3.0999999940395355,3.2414411902427673
1340,34.33899998664856,33.808763712644577,-118.4839999973774,-117.99077569507062,1.0999998450279236,6.2602382898330688,3.199999988079071,3.2403638362884521
1656,35.968400001525879,33.81616485118866,-117.28409999608994,-117.9940497642383,0,6.2621587514877319,3.5999999642372131,3.2409945130348206
173,35.632166981697083,33.868345201015472,-117.43033301830292,-118.0148147540167,4.8200002312660217,6.2968522310256958,3.7999999970197678,3.2477354407310486
2054,33.648999989032745,33.816389292478561,-116.73500001430511,-117.99546204181388,12.60000005364418,6.2520879507064819,3.0999999940395355,3.2399227023124695
1146,35.267600059509277,33.810754135251045,-118.5673999786377,-117.99161755014211,14.700000006705523,6.2575533986091614,3.199999988079071,3.2403654456138611
1128,33.13400000333786,33.810713201761246,-117.28799998760223,-117.9916010024026,20.000000149011612,6.2573987245559692,3.4999999701976776,3.2403522133827209
611,35.888332009315491,33.977834088727832,-117.72683000564575,-118.06574629247189,5.0099998712539673,6.2723511457443237,3.0999999940395355,3.252819299697876
602,35.925166964530945,33.977821752429008,-117.72866699099541,-118.06574005633593,-0.27999937534332275,6.2723457813262939,3.0199999809265137,3.2528185844421387
1653,33.244700014591217,33.816167920827866,-116.43550002574921,-117.994051492773,9.0999998152256012,6.2621650099754333,3.3999999761581421,3.2409950494766235
705,35.869500041007996,33.977824732661247,-117.69066700339317,-118.06574159115553,2.6600003242492676,6.2723422050476074,4.1999999955296516,3.2528183162212372
1610,33.175899982452393,33.816667109727859,-119.26670002937317,-117.9942663544789,15.299999993294477,6.2629991769790649,3.4999999701976776,3.2410804331302643
2003,35.115000009536743,34.105519913136959,-116.99699997901917,-118.11485198885202,4.3000003695487976,6.4729857444763184,3,3.2753056883811951
817,35.637501001358032,34.076703280210495,-117.61433398723602,-118.11440854519606,5.9700000286102295,6.1725926399230957,3.2999999821186066,3.2492595613002777
433,35.886167049407959,33.977821856737137,-117.73100000619888,-118.06574008613825,5.130000114440918,6.2723466753959656,3.5999999642372131,3.2528185844421387
819,35.610000014305115,34.076705113053322,-117.60199999809265,-118.11440928280354,1.8000000715255737,6.1725917458534241,3.199999988079071,3.2492596507072449
755,35.77000105381012,33.977820217609406,-117.61250299215317,-118.06573944538832,2.3400002717971802,6.2723457813262939,3.4500000178813934,3.2528183162212372
1475,33.67969998717308,33.813332930207253,-116.83399999141693,-117.99355418235064,16.799999959766865,6.2493932247161865,3.6999999582767487,3.2397566735744476
599,35.871665954589844,33.977834103628993,-117.66533699631691,-118.06574629247189,4.2500004172325134,6.2723493576049805,3.0999999940395355,3.252819299697876
2328,35.993000030517578,33.681085169315338,-117.85999999940395,-117.95651886239648,5.3000003099441528,6.0691934823989868,3.3999999761581421,3.2147367596626282
807,35.676498055458069,34.076705113053322,-117.5,-118.11440928280354,0.91000020503997803,6.1725917458534241,3.6999999582767487,3.2492596507072449
175,35.945332050323486,33.868350148200989,-117.70349898934364,-118.014817324467,2.1999996900558472,6.2968611717224121,3.0800000131130219,3.2477362453937531
613,35.879166007041931,33.977832494303584,-117.68949899077415,-118.06574563682079,1.4699998497962952,6.2723511457443237,3.5999999642372131,3.2528191208839417
2433,34.816999971866608,33.691627949476242,-116.32799994945526,-117.95922016724944,7.1000003814697266,6.0927271842956543,3,3.217376321554184
1544,35.965999960899353,33.843931645154953,-117.32480001449585,-118.00895174592733,9.9999998509883881,6.2431132793426514,3.4999999701976776,3.2406962513923645
942,32.787166953086853,33.862188309431076,-118.43900001049042,-118.01264188718051,8.4199999272823334,6.2869065999984741,3.8999999910593033,3.2464859783649445
1739,32.512899994850159,33.811470031738281,-117.86710000038147,-117.99241503980011,1.8999999761581421,6.253683865070343,3.3999999761581421,3.2399970889091492
246,35.942000985145569,33.868350148200989,-117.72316700220108,-118.014817324467,2.4799999594688416,6.2968611717224121,3.0299999713897705,3.2477362453937531
1317,34.712000012397766,33.808759585022926,-116.28699994087219,-117.99077360518277,1.7000001668930054,6.2602311372756958,3.199999988079071,3.2403632998466492
1505,34.224999994039536,33.812808737158775,-119.51699995994568,-117.9931635861285,11.799999922513962,6.2531232833862305,3,3.2400054931640625
1355,34.254999995231628,33.808759614825249,-117.07300001382828,-117.99077363498509,3.6000001430511475,6.2602311372756958,3.0999999940395355,3.2403632998466492
610,35.626000046730042,33.977833969518542,-117.57583600282669,-118.06574620306492,5.0499996542930603,6.2723511457443237,3.2999999821186066,3.252819299697876
211,35.538334012031555,33.868343681097031,-117.38616901636124,-118.01481420267373,4.1999995708465576,6.2968522310256958,3.2899999916553497,3.2477352619171143
1894,33.184000015258789,33.816488459706306,-116.02470004558563,-117.9955342784524,9.9999998509883881,6.2520280480384827,3.3999999761581421,3.2399126887321472
998,32.893666982650757,33.815395832061768,-116.26833295822144,-117.99323061481118,10.049999803304672,6.2655669450759888,3,3.2413302361965179
1604,32.652999997138977,33.818888455629349,-118.25,-117.99519649334252,15,6.2611457705497742,3.2999999821186066,3.2411541938781738
1844,34.773999989032745,33.816621243953705,-117.22399997711182,-117.99560736073181,4.8999997973442078,6.2506350874900818,3,3.2398339211940765
861,33.955667000263929,33.868343740701675,-116.82333302497864,-118.01481421012431,15.599999986588955,6.2968513369560242,3.199999988079071,3.2477352619171143
1208,35.825500011444092,33.880311757326126,-119.81180000305176,-118.02317687682807,17.39999994635582,6.2551403045654297,3.3999999761581421,3.2450376749038696
2537,34.77700001001358,33.693693190813065,-116.30900001525879,-117.95958038419485,1.9999998807907104,6.1004224419593811,3,3.2181010544300079
178,35.911833047866821,33.86834380030632,-117.69783300161362,-118.01481424737722,3.8399997353553772,6.2968522310256958,3,3.2477352619171143
111,35.533833026885986,33.868324011564255,-117.36699998378754,-118.01480964291841,8.9499999582767487,6.2968254089355469,3.5600000023841858,3.2477309703826904
1990,33.6216000020504,34.226842254400253,-119.99720001220703,-118.17559887468815,5.9999996423721313,6.3460332155227661,3.9999999850988388,3.2718492150306702
1980,32.587399959564209,34.123964756727219,-117.60760000348091,-118.13052013516426,4.5000001788139343,6.3107657432556152,3.4999999701976776,3.2623828053474426
461,35.854168057441711,33.977820232510567,-117.6798329949379,-118.06573943048716,8.5400001704692841,6.2723466753959656,3.199999988079071,3.2528184056282043
2539,34.560000002384186,33.693693190813065,-116.02600002288818,-117.95958038419485,2.9999998211860657,6.1004224419593811,3,3.2181010544300079
2318,35.952000021934509,33.682994723320007,-117.86300000548363,-117.95742872357368,3.8999998569488525,6.0646185278892517,3.7999999970197678,3.2146677374839783
1100,35.405666947364807,33.862194895744324,-117.80983300507069,-118.0126467673108,6.8800002336502075,6.2870049476623535,3.7999999970197678,3.2464919686317444
1598,32.166900038719177,33.816064387559891,-116.65170001983643,-117.99401119258255,16.299999989569187,6.2618038058280945,3.8999999910593033,3.2409638464450836
1788,34.353100001811981,33.821706548333168,-117.65040001273155,-117.99986506253481,2.5000002980232239,6.2434530258178711,4.0999999791383743,3.2386826276779175
617,35.899999976158142,33.977832449600101,-117.73766699433327,-118.06574562191963,1.8999999761581421,6.2723511457443237,5.0000000149011612,3.2528191208839417
596,35.699000954627991,33.977832479402423,-117.57399800419807,-118.06574560701847,2.0600000023841858,6.2723511457443237,3.8800000101327896,3.2528191208839417
605,35.890835046768188,33.977832360193133,-117.74400299787521,-118.06574556231499,4.479999840259552,6.2723493576049805,3.5999999642372131,3.2528191208839417
1880,32.717000007629395,33.816484242677689,-116.04200005531311,-117.99553045630455,2.9999998211860657,6.2520736455917358,3.199999988079071,3.2399159967899323
554,35.687667965888977,33.977821871638298,-117.31700098514557,-118.06574010103941,-0.98000049591064453,6.2723475694656372,3.1899999976158142,3.2528185844421387
873,33.225832998752594,33.810580641031265,-116.74733304977417,-117.99155774898827,10.230000168085098,6.2567684054374695,3.2600000202655792,3.2402978539466858
1018,35.567832946777344,33.81075419485569,-118.33116701245308,-117.99161757249385,2.7600002288818359,6.257554292678833,3.0999999940395355,3.2403654456138611
1192,35.837700009346008,33.810725480318069,-119.81649994850159,-117.99160678777844,11.100000143051147,6.2574461102485657,3.0999999940395355,3.2403558790683746
834,35.678300023078918,34.076708175241947,-117.54879999160767,-118.11441101133823,5.1499995589256287,6.1725854873657227,3.5999999642372131,3.2492592036724091
508,35.702666997909546,33.977820217609406,-117.55783098936081,-118.06573943048716,3.710000216960907,6.2723466753959656,3.199999988079071,3.2528184056282043
188,35.975834012031555,33.868350148200989,-117.67216500639915,-118.014817324467,2.0100000500679016,6.2968611717224121,3.0800000131130219,3.2477362453937531
1056,33.980333000421524,33.810745269060135,-116.71783304214478,-117.99161272216588,11.530000045895576,6.2572789192199707,3.3199999630451202,3.2403487265110016
1735,34.008899999782443,33.810981824994087,-117.25859999656677,-117.99222421459854,10.999999791383743,6.2529900670051575,3.5999999642372131,3.2399132251739502
869,33.86599999666214,33.810715138912201,-117.72766700387001,-117.9916011178866,4.7499999403953552,6.2573012709617615,3.6100000441074371,3.2403469383716583
438,35.924998998641968,33.977820217609406,-117.70200398564339,-118.06573943048716,1.380000114440918,6.2723466753959656,3.199999988079071,3.2528183162212372
2342,33.678000003099442,33.691627949476242,-116.75999999046326,-117.95922016724944,16.400000005960464,6.0927271842956543,3.0999999940395355,3.217376321554184
2456,35.601999998092651,33.702617049217224,-116.15699994564056,-117.96098963171244,5.9999996423721313,6.1403453350067139,3.0999999940395355,3.2216223478317261
1047,34.007499999832362,33.810753121972084,-117.25216698646545,-117.99161712173373,14.110000021755695,6.2575525045394897,3.7400000095367432,3.2403651773929596
693,35.890166997909546,33.977810861542821,-117.7121669948101,-118.06573562324047,6.2900000810623169,6.2723439931869507,3.8599999845027924,3.252817690372467
259,35.674167990684509,33.977865109220147,-117.48449701070786,-118.06575483828783,2.10999995470047,6.2723663449287415,3.4999999701976776,3.2528243958950043
2230,34.266999989748001,33.693694710731506,-116.77400004863739,-117.95958068221807,2.9999998211860657,6.1004278063774109,3.3999999761581421,3.2181016802787781
463,35.672333002090454,33.977820083498955,-117.54266399145126,-118.06573938578367,4.0999996662139893,6.2723466753959656,3.0900000035762787,3.2528184056282043
1333,34.00800000037998,33.859092429280281,-117.12999999523163,-118.01134945172817,13.900000043213367,6.2896746397018433,3,3.2463960349559784
1913,33.793999999761581,33.820986792445183,-119.39300000667572,-117.99711942882277,5.9999996423721313,6.2596875429153442,3.0999999940395355,3.2408319711685181
1459,35.348999977111816,33.808764934539795,-118.56400001049042,-117.99077618680894,6.4000001549720764,6.2602382898330688,3,3.2403641045093536
1399,33.250800013542175,33.808760702610016,-116.08850002288818,-117.99077405594289,13.599999994039536,6.2602329254150391,3.4999999701976776,3.2403634786605835
233,35.665500044822693,33.868350148200989,-117.52383300662041,-118.01481731701642,9.2899999022483826,6.2968620657920837,4.1700000017881393,3.2477362453937531
2263,34.153999999165535,33.702727198600769,-116.43400001525879,-117.96101138740778,5.4000002145767212,6.1410534381866455,3,3.2216764390468597
2142,34.312000006437302,33.690079420804977,-116.85199999809265,-117.95868240296841,6.2000003457069397,6.0971063375473022,3.2999999821186066,3.2174282670021057
1195,32.41100001335144,33.810720026493073,-117.70500001311302,-117.99160413537174,16.799999959766865,6.2574362754821777,3.0999999940395355,3.2403550744056702
1025,33.037500023841858,33.810755342245102,-116.44666695594788,-117.99161802697927,5.7300004363059998,6.2575551867485046,3.1800000071525574,3.2403656244277954
51,35.978500008583069,33.868325412273407,-117.3299999833107,-118.01481017190963,2.8299996256828308,6.2968271970748901,3,3.2477310597896576
522,35.65283203125,33.977820217609406,-117.53666698932648,-118.06573943048716,7.9899998009204865,6.2723457813262939,3.4500000178813934,3.2528183162212372
464,35.728168964385986,33.977832509204745,-117.59866300225258,-118.06574563682079,7.6700001955032349,6.2723511457443237,3.199999988079071,3.2528192102909088
1537,33.251999974250793,33.817921474575996,-116.04900002479553,-117.99516178481281,5.4000002145767212,6.2572109699249268,3.0999999940395355,3.2406981289386749
965,33.114166975021362,33.810739636421204,-116.07383298873901,-117.9916096450761,11.530000045895576,6.2574666738510132,3.5899999737739563,3.2403591871261597
1041,33.970499999821186,33.810772448778152,-118.90866702795029,-117.99162257183343,14.80999999679625,6.2575802206993103,3.2899999916553497,3.2403693795204163
1561,33.044000029563904,33.813130378723145,-116.4099999666214,-117.98452335596085,14.700000006705523,6.3932830095291138,3.199999988079071,3.2515593767166138
1910,33.803000003099442,33.740293711423874,-119.39900004863739,-117.97121293283999,10.300000011920929,6.1240482330322266,3.0999999940395355,3.2247437238693237
1270,34.195299997925758,33.808759436011314,-117.0149000287056,-117.99077357165515,11.900000050663948,6.2602311372756958,3,3.2403632998466492
96,35.895166993141174,33.867958918213844,-117.6786670088768,-118.01467319298536,4.1200000047683716,6.2959098815917969,3,3.2476387917995453
2128,32.879999995231628,33.681256979703903,-117.58199998736382,-117.95728800818324,15.100000002421439,6.0571584105491638,3,3.213979035615921
1993,35.089800000190735,34.197223141789436,-119.08650004863739,-118.16026556491852,10.799999982118607,6.3705915212631226,5.2000000029802322,3.2720619142055511
2330,35.953999996185303,33.681085109710693,-117.79399999976158,-117.95651887357235,3.7000000476837158,6.0691934823989868,3.7999999970197678,3.2147367596626282
862,33.840167000889778,33.912244223058224,-117.09683299064636,-118.03720112890005,10.840000212192535,6.2818032503128052,3.0999999940395355,3.2486726939678192
1455,33.273000001907349,33.80876362323761,-116.62399995326996,-117.9907757062465,14.299999997019768,6.2602365016937256,3.5999999642372131,3.2403638362884521
2347,35.797999978065491,33.692972749471664,-118.04500000178814,-117.95946451276541,7.8000001609325409,6.0972225666046143,3.0999999940395355,3.2178118228912354
929,34.802833020687103,33.810686647891998,-116.27883303165436,-117.99159059394151,3.1400004029273987,6.2574201822280884,3.5999999642372131,3.2403514981269836
1034,34.038832999765873,33.810776576399803,-117.23866701126099,-117.99162469152361,17.639999985694885,6.2575873732566833,3.6100000441074371,3.2403700053691864
1385,33.694000005722046,33.808759495615959,-116.85769999027252,-117.99077359028161,7.5,6.2602302432060242,3.199999988079071,3.2403632998466492
1368,33.86599999666214,33.808752968907356,-119.30999994277954,-117.99077104590833,0.099999904632568359,6.2602248787879944,3.199999988079071,3.2403623163700104
1876,32.735999941825867,33.816358476877213,-116.04200005531311,-117.9954879283905,1.9999998807907104,6.2514746189117432,3.6999999582767487,3.2398650348186493
1552,34.402999997138977,33.843933120369911,-119.307000041008,-118.00895231217146,13.200000040233135,6.2431150674819946,3,3.2406964302062988
2161,34.308400005102158,33.680148899555206,-116.84230005741119,-117.95711848139763,13.200000040233135,6.0531789064407349,3.6999999582767487,3.2135818898677826
727,35.725332975387573,33.977834103628993,-117.55349999666214,-118.06574629247189,0.87999969720840454,6.2723511457443237,4.9000000208616257,3.252819299697876
1726,33.892899997532368,33.842124536633492,-117.77750000357628,-118.00777771882713,10.100000202655792,6.2489444017410278,3.5999999642372131,3.2410574555397034
1709,34.059000000357628,33.816603779792786,-116.98010003566742,-117.99378698831424,6.4000001549720764,6.2664538621902466,3.9999999850988388,3.241449236869812
1935,35.032999992370605,33.817092224955559,-116.95799994468689,-117.99578069010749,3.8999998569488525,6.2536141276359558,3.4999999701976776,3.2400569915771484
420,35.674499988555908,33.977820217609406,-117.48799902200699,-118.06573943048716,1.3099998235702515,6.2723466753959656,3.6500000059604645,3.2528183162212372
2071,35.054999947547913,33.694832593202591,-119.10699999332428,-117.95977780222893,14.299999997019768,6.104811429977417,3.3999999761581421,3.2185109853744507
1382,33.244599997997284,33.808763653039932,-116.45980000495911,-117.99077568016946,4.3000003695487976,6.2602365016937256,3.5999999642372131,3.2403638362884521
1036,35.202999949455261,33.810778021812439,-117.28083300590515,-117.99162525404245,1.6199997067451477,6.257588267326355,3.3899999856948853,3.2403701841831207
498,35.639000058174133,33.977821841835976,-117.4913330078125,-118.06574008613825,3.1400004029273987,6.2723466753959656,4.6000000052154064,3.2528185844421387
1228,34.047499999403954,33.80811133980751,-118.94630002975464,-117.99052894487977,17.39999994635582,6.2587925791740417,3.0999999940395355,3.2402155101299286
1123,32.235999941825867,33.808463647961617,-116.02999997138977,-117.99074729438871,9.9999998509883881,6.2538689374923706,3.4999999701976776,3.2399323582649231
1639,33.934000000357628,33.816186845302582,-118.3459999859333,-117.99405839573592,14.899999997578561,6.2622526288032532,3.0999999940395355,3.2410022914409637
1934,33.527999997138977,33.816507324576378,-116.68499994277954,-117.9955100491643,12.899999991059303,6.2519735097885132,3.2999999821186066,3.2399215400218964
1225,33.196699976921082,33.808725714683533,-116.08350002765656,-117.99076029192656,4.3000003695487976,6.2601166963577271,3.0999999940395355,3.2403531074523926
210,35.945168018341064,33.86834380030632,-117.70050099492073,-118.01481424737722,2.8200003504753113,6.2968522310256958,3.6400000154972076,3.2477352619171143
650,35.657333016395569,33.977834535762668,-117.44999998807907,-118.06574648618698,2.1200001239776611,6.2723493576049805,3.8999999910593033,3.252819299697876
1448,32.984300017356873,33.808751404285431,-116.27160000801086,-117.99076807685196,15,6.2601184844970703,3.6999999582767487,3.2403562366962433
2372,33.69200000166893,33.692681610584259,-116.76499998569489,-117.95941291749477,18.099999949336052,6.0958465933799744,3.0999999940395355,3.2176919281482697
532,35.731500029563904,33.977832464501262,-117.56733301281929,-118.06574563682079,8.2899999618530273,6.2723511457443237,3.0500000417232513,3.2528191208839417
1503,35.761700034141541,33.812848821282387,-116.91369998455048,-117.99317920627072,7.4000000953674316,6.2532448768615723,3.4999999701976776,3.240016758441925
1619,32.707599997520447,33.816793978214264,-118.21549999713898,-117.99430910171941,12.299999892711639,6.2637752294540405,3.5999999642372131,3.2411421239376068
1508,33.508300006389618,33.812483578920364,-119.00929999351501,-117.99304556660354,8.5999998450279236,6.2524965405464172,3.8999999910593033,3.2399348616600037
1712,32.559000015258789,33.81619668006897,-118.70099997520447,-117.9940622174181,15,6.2622714042663574,3,3.2410045266151428
1268,33.017099976539612,33.80872568488121,-116.4407000541687,-117.99076064955443,11.799999922513962,6.2601703405380249,3.0999999940395355,3.2403563261032104
1948,35.039999961853027,33.816011011600494,-119.01800000667572,-117.99530076375231,10.999999791383743,6.2506896257400513,3.4999999701976776,3.2398083508014679
761,35.628666043281555,34.076703399419785,-117.5633319914341,-118.11440861970186,3.9499998092651367,6.1725926399230957,3.2999999821186066,3.2492596507072449
632,35.909167051315308,33.977820709347725,-117.68933299183846,-118.06573960930109,8.3899998664855957,6.2723466753959656,3.6300000250339508,3.2528184056282043
2486,34.041000001132488,33.69369313120842,-116.32200002670288,-117.95958036929369,5.6999999284744263,6.1004224419593811,3.5999999642372131,3.2181011438369751
2463,34.598999977111816,33.857001006603241,-116.22500002384186,-118.02668280526996,0,6.3905087113380432,3.0999999940395355,3.2457330822944641
809,35.675832986831665,34.076703257858753,-117.48533302545547,-118.11440857499838,8.5300000011920929,6.1725926399230957,4.3399999961256981,3.2492595613002777
1330,34.783999979496002,33.808764904737473,-118.62900000810623,-117.99077619425952,4.7999998927116394,6.2602382898330688,3,3.2403641045093536
1260,33.973600000143051,33.808764815330505,-118.45570001006126,-117.99077612347901,16.600000038743019,6.2602382898330688,3,3.2403641045093536
298,35.607833981513977,33.977877326309681,-117.38749700784683,-118.06576104462147,2.330000102519989,6.2723708152770996,3,3.2528250217437744
2195,33.480000019073486,33.692645221948624,-116.51020002365112,-117.95941964164376,18.400000110268593,6.0966610908508301,3.7999999970197678,3.2177235782146454
521,35.740501046180725,33.977832494303584,-117.56516999006271,-118.06574563682079,2.0999997854232788,6.2723511457443237,3.199999988079071,3.2528192102909088
937,33.495832979679108,33.810708671808243,-116.80833303928375,-117.99159972835332,2.6199996471405029,6.2574166059494019,3.4500000178813934,3.2403527498245239
856,32.83916699886322,33.868317574262619,-118.4753330051899,-118.0148065071553,7.5600001215934753,6.2968182563781738,3.4999999701976776,3.2477299869060516
1896,33.25,33.817088171839714,-116.12300002574921,-117.99577857414261,8.8000001013278961,6.2536060810089111,3,3.2400562763214111
1888,33.249000012874603,33.818587765097618,-116.12800002098083,-117.99621077324264,3.099999725818634,6.256064772605896,3,3.2403911948204041
1285,35.760900020599365,33.808759585022926,-117.59409999847412,-117.99077361263335,12.199999988079071,6.2602311372756958,3,3.2403632998466492
237,35.871497988700867,33.86834380030632,-117.68416601419449,-118.0148142548278,2.7399998903274536,6.2968513369560242,3.5600000023841858,3.2477352619171143
109,35.99733304977417,33.867966666817665,-117.40883302688599,-118.01467682141811,-0.39999961853027344,6.2959197163581848,3.4999999701976776,3.2476398646831512
1777,32.654700040817261,33.81199599802494,-116.16509997844696,-117.99219957226887,9.9999998509883881,6.2589016556739807,3.8999999910593033,3.2405088543891907
1486,34.030999999493361,33.811158239841461,-118.93699997663498,-117.99273226270452,2.9999998211860657,6.2459179759025574,3.2999999821186066,3.2393466532230377
387,35.447167038917542,33.977832360193133,-117.32700002193451,-118.06574556231499,3.9999997615814209,6.2723493576049805,3.5400000214576721,3.2528191208839417
252,35.901669025421143,33.868343681097031,-117.71816998720169,-118.01481418032199,2.2999995946884155,6.2968522310256958,3.0999999940395355,3.2477352619171143
1404,34.002000000094995,33.808730974793434,-116.33700001239777,-117.99076281394809,4.8999997973442078,6.2601256370544434,3,3.2403538227081299
1578,34.019999999552965,33.815754935145378,-117.18099999427795,-117.9852687176317,7.8000001609325409,6.3986930251121521,3,3.2522336840629578
1925,34.239999994635582,33.820994690060616,-117.45200002193451,-117.99712249846198,13.200000040233135,6.2596964836120605,3,3.2408332228660583
620,35.832831978797913,33.977821692824364,-117.66816699504852,-118.0657400265336,1.5400001406669617,6.2723457813262939,3.4799999892711639,3.2528185844421387
1651,33.25,33.813760951161385,-116.43400001525879,-117.99273811141029,3.7999999523162842,6.2598448991775513,3,3.2407824397087097
695,35.659667015075684,33.977835727855563,-117.48533302545547,-118.06574726104736,5.2000004053115845,6.2723466753959656,3.7999999970197678,3.2528191208839417
2170,33.745000004768372,33.681257098913193,-116.02100002765656,-117.95728801563382,10.999999791383743,6.0571584105491638,3.199999988079071,3.2139789462089539
670,35.613667011260986,33.977822914719582,-117.43300002813339,-118.06574086099863,9.8000000417232513,6.2723404169082642,3.8400000035762787,3.25281822681427
1620,35.401999950408936,33.816167041659355,-117.43300002813339,-117.99405102338642,0.60000032186508179,6.2621426582336426,3.3999999761581421,3.2409936189651489
678,35.613999962806702,33.977823510766029,-117.4453330039978,-118.06574108451605,5.899999737739563,6.2723430991172791,3.3899999856948853,3.2528183162212372
2052,34.294999986886978,33.820681646466255,-116.87699997425079,-117.99698794120923,5.6000000238418579,6.2589848041534424,3.0999999940395355,3.240766167640686
367,35.628833055496216,33.977832479402423,-117.45883297920227,-118.06574563682079,2.6799997687339783,6.2723493576049805,3.0299999713897705,3.2528191208839417
2002,34.801999986171722,34.166505992412567,-116.25800001621246,-118.14636737108231,7.3000001907348633,6.3932052254676819,3.3999999761581421,3.2714151442050934
1828,34.204600006341934,33.821293011307716,-118.57639998197556,-117.99725244357251,17.899999916553497,6.2585198879241943,3,3.2407862842082977
618,35.707499980926514,33.977832360193133,-117.51116698980331,-118.06574556231499,2.2499996423721313,6.2723493576049805,3.2999999821186066,3.2528191208839417
528,35.670501947402954,33.977834133431315,-117.49299597740173,-118.06574630737305,1.3499996066093445,6.2723493576049805,3.5999999642372131,3.252819299697876
907,32.734833002090454,33.810614079236984,-118.30083298683167,-117.99156292714179,10.449999868869781,6.2570938467979431,3,3.2403246760368347
1011,33.582500010728836,33.810725480318069,-116.63766694068909,-117.99160678032786,14.259999990463257,6.2574461102485657,3.199999988079071,3.2403558790683746
1927,35.126999974250793,33.820989310741425,-117.55700001120567,-117.99711989075877,0,6.2596875429153442,3.6999999582767487,3.2408323287963867
2225,35.654000043869019,33.693693190813065,-118.02800000086427,-117.95958039164543,7.5999999046325684,6.1004224419593811,3,3.2181010544300079
2528,34.583999991416931,33.90639229118824,-116.26199996471405,-118.05345129966736,0.60000032186508179,6.2983095645904541,3,3.2415918409824371
1744,35.884500026702881,33.811585828661919,-116.97909998893738,-117.99244749778882,9.9999998509883881,6.2541657686233521,3.3999999761581421,3.2400428652763367
1187,33.919100001454353,33.810720041394234,-118.76340001821518,-117.99160413909703,14.899999997578561,6.2574362754821777,3.2999999821186066,3.2403550744056702
1421,32.907699942588806,33.808725535869598,-116.40139997005463,-117.99076022487134,23.100000321865082,6.2601166963577271,3.0999999940395355,3.2403531074523926
100,35.619500041007996,33.867966637015343,-117.45033299922943,-118.01467682141811,3.0899995565414429,6.2959197163581848,3.3400000333786011,3.2476398646831512
999,34.969833016395569,33.8153957426548,-117.42716699838638,-117.99323058128357,1.8399998545646667,6.2655669450759888,3.4300000369548798,3.2413302361965179
261,35.956001043319702,33.977865109220147,-117.67783400416374,-118.06575483828783,0.76000034809112549,6.2723663449287415,3.6999999582767487,3.2528243958950043
748,35.692664980888367,33.977820217609406,-117.4909970164299,-118.06573943048716,7.0400002598762512,6.2723466753959656,3.0900000035762787,3.2528183162212372
1811,34.246900007128716,33.816418021917343,-118.65759998559952,-117.995525367558,8.099999874830246,6.2499439716339111,4.5,3.2397767901420593
2012,33.869000002741814,34.19260011613369,-118.73299998044968,-118.160664960742,0,6.3335251808166504,3.5999999642372131,3.2683264017105103
179,35.672000050544739,33.868343681097031,-117.41250002384186,-118.01481418032199,8.5400001704692841,6.2968522310256958,3.7999999970197678,3.2477352619171143
1748,35.480000019073486,33.811595395207405,-118.43000000715256,-117.99245559284464,9.5999997854232788,6.2543222308158875,3.2999999821186066,3.2400510013103485
782,35.669167041778564,34.076703280210495,-117.51883700489998,-118.11440857499838,2.0399996638298035,6.1725926399230957,3.4199999570846558,3.2492595613002777
1304,33.685999989509583,33.808760851621628,-119.12999999523163,-117.99077410437167,10.700000077486038,6.2602311372756958,3.0999999940395355,3.2403634786605835
2013,34.150000005960464,34.157356217503548,-116.98199999332428,-118.14386132359505,11.499999985098839,6.3885766267776489,3.6999999582767487,3.2700277268886566
1185,33.664600014686584,33.808002263307571,-118.27169999480247,-117.99037334322929,10.700000077486038,6.2525779008865356,3.2999999821186066,3.2398883700370789
2291,34.043999999761581,33.693694204092026,-117.25,-117.95958058536053,15.700000002980232,6.1004242300987244,3,3.2181015014648438
291,35.545833945274353,33.977865094318986,-117.37850201129913,-118.06575483828783,2.0200002193450928,6.2723663449287415,3.3999999761581421,3.2528243958950043
141,35.651999950408936,33.868317604064941,-117.49183297157288,-118.01480651460588,8.7200000882148743,6.2968182563781738,3.4699999988079071,3.2477299869060516
1098,34.691999971866608,33.862103655934334,-116.23683297634125,-118.01261133421212,2.369999885559082,6.2869048118591309,3.6500000059604645,3.2464776635169983
1055,35.989667057991028,33.810648217797279,-117.9213330000639,-117.9915763149038,4.2500004172325134,6.2572091817855835,3.0800000131130219,3.2403348684310913
1513,33.970799999311566,33.817894235253334,-116.4186999797821,-117.99515200592577,10.899999886751175,6.2571609020233154,4.0999999791383743,3.240692138671875
1370,33.38239997625351,33.808725416660309,-116.26699995994568,-117.99076054897159,12.499999925494194,6.2601470947265625,3.3999999761581421,3.2403547167778015
930,34.941999971866608,33.810724183917046,-116.65866696834564,-117.9916062662378,8.1799998879432678,6.257445216178894,3.0999999940395355,3.2403557002544403
1879,33.175999999046326,33.813977479934692,-116.04299998283386,-117.99441003007814,12.899999991059303,6.2474003434181213,3.5999999642372131,3.2394693195819855
1177,35.898599982261658,33.865759700536728,-117.98849999997765,-118.01362041942775,12.800000086426735,6.2910515069961548,3.199999988079071,3.2472218871116638
840,35.621500015258789,34.076693028211594,-117.57820001244545,-118.11440499126911,9.700000137090683,6.1725908517837524,3.4999999701976776,3.2492585778236389
354,35.791668057441711,33.977820202708244,-117.59349799156189,-118.06573944538832,6.9800001382827759,6.2723466753959656,3.5999999642372131,3.2528184056282043
1244,33.919699996709824,33.805399760603905,-116.35199999809265,-117.98930175416172,14.19999998062849,6.2540021538734436,3,3.2397530972957611
1808,35.258000016212463,33.883246682584286,-118.58700001239777,-118.02616645023227,5.6999999284744263,6.2469148635864258,3,3.2440758347511292
247,35.945667028427124,33.86834380030632,-117.68266299366951,-118.01481424737722,3.4099996089935303,6.2968513369560242,3.0299999713897705,3.2477352619171143
2059,33.940999999642372,34.236702293157578,-116.9889999628067,-118.18593525886536,8.9999999105930328,6.2596213817596436,3.3999999761581421,3.2645817697048187
986,34.086667001247406,33.810753896832466,-118.47566699981689,-117.99161202926189,10.479999929666519,6.2573567032814026,3.6100000441074371,3.2403551638126373
1706,33.671000003814697,33.816201969981194,-116.71399998664856,-117.99406482139602,16.500000022351742,6.2622803449630737,3,3.2410052418708801
1078,34.364167004823685,33.862194865942001,-118.6446670293808,-118.01264675240964,10.769999921321869,6.2870049476623535,3.0800000131130219,3.2464919686317444
2164,34.270500004291534,33.680146217346191,-116.90629994869232,-117.9571179151535,1.1999997496604919,6.0531735420227051,5.2000000029802322,3.2135812640190125
2458,35.743000030517578,33.702727258205414,-117.61199998855591,-117.96101139485836,2.7000001072883606,6.1410534381866455,3.0999999940395355,3.2216764390468597
29,35.605167031288147,33.868317514657974,-117.40750002861023,-118.0148064699024,9.0900000929832458,6.2968182563781738,3.9200000166893005,3.2477299869060516
786,35.708832025527954,34.076703429222107,-117.47716498374939,-118.11440861970186,0.19999980926513672,6.1725926399230957,3.3999999761581421,3.2492596507072449
544,35.883499026298523,33.977820083498955,-117.72183200716972,-118.06573937088251,4.6700003743171692,6.2723466753959656,3.199999988079071,3.2528183162212372
1125,34.080399997532368,33.810753241181374,-117.44800001382828,-117.99161718878895,11.40000008046627,6.2575525045394897,3.8999999910593033,3.2403651773929596
1738,34.021999999880791,33.811470359563828,-117.14300000667572,-117.99241517763585,5.899999737739563,6.253683865070343,3.199999988079071,3.2399970889091492
582,35.662166953086853,33.977834088727832,-117.42533302307129,-118.06574629247189,3.5100004076957703,6.2723511457443237,3.2999999821186066,3.252819299697876
1223,35.430899977684021,33.810720071196556,-118.4995000064373,-117.9916041539982,2.0999997854232788,6.2574362754821777,4.0999999791383743,3.2403550744056702
1872,33.276099979877472,33.818494781851768,-116.05920004844666,-117.99640154489316,7.2000002861022949,6.2493807077407837,3.8999999910593033,3.2399096488952637
507,35.804165005683899,33.977820217609406,-117.62816599011421,-118.06573943048716,1.9299995899200439,6.2723466753959656,3.0999999940395355,3.2528183162212372
509,35.601832985877991,33.977820232510567,-117.39550000429153,-118.06573943048716,7.3899999260902405,6.2723466753959656,3.0800000131130219,3.2528184056282043
480,35.799998998641968,33.977820232510567,-117.63150000572205,-118.06573944538832,3.2099997997283936,6.2723466753959656,3.5999999642372131,3.2528184056282043
1364,34.089000001549721,33.808759465813637,-116.39199995994568,-117.99077357910573,10.799999982118607,6.2602311372756958,3.0999999940395355,3.2403632998466492
581,35.708500027656555,33.977832360193133,-117.36816400289536,-118.06574556231499,1.3099998235702515,6.2723493576049805,3.3999999761581421,3.2528191208839417
707,35.910666942596436,33.977813126519322,-117.73166701197624,-118.06573681533337,8.1599999964237213,6.2723386287689209,4.0899999886751175,3.2528174221515656
332,35.759498953819275,33.977820202708244,-117.57250198721886,-118.06573944538832,6.2500002980232239,6.2723466753959656,3.1199999749660492,3.2528184056282043
1920,34.24099999666214,33.820668637752533,-119.80999994277954,-117.99700083071366,7.9000000655651093,6.2589311599731445,3.199999988079071,3.2407557964324951
1829,34.021999999880791,33.816769942641258,-119.29200005531311,-117.99565827054903,0.099999904632568359,6.2508398294448853,3,3.2398635149002075
486,35.666668057441711,33.977820217609406,-117.30200201272964,-118.06573943048716,-0.8199995756149292,6.2723466753959656,3,3.2528184056282043
1427,34.519999980926514,33.808730915188789,-118.79900002479553,-117.99076280649751,16.600000038743019,6.2601256370544434,3,3.2403538227081299
1860,32.77400004863739,33.81648775935173,-116.10899996757507,-117.99553305655718,6.9999995827674866,6.2520450353622437,3,3.2399141192436218
2355,34.196999996900558,33.691585719585419,-117.44300001859665,-117.9592113494873,10.100000202655792,6.0922917723655701,3.7999999970197678,3.21734619140625
353,35.597668051719666,33.977820217609406,-117.40466302633286,-118.06573944538832,6.0900002717971802,6.2723466753959656,3.199999988079071,3.2528184056282043
2106,33.316999971866608,33.680142402648926,-116.36000001430511,-117.9571170322597,14.599999990314245,6.0531681776046753,3.0999999940395355,3.2135805487632751
208,35.868332028388977,33.86834380030632,-117.70616900920868,-118.01481424737722,3.9100000262260437,6.2968522310256958,3.0500000417232513,3.2477352619171143
1293,32.893599987030029,33.813387349247932,-116.21370005607605,-117.99238331569359,13.200000040233135,6.2683466076850891,3.0999999940395355,3.2413330078125
414,35.816334009170532,33.977820217609406,-117.6336669921875,-118.06573943048716,6.3799998164176941,6.2723466753959656,3.0299999713897705,3.2528184056282043
1386,33.509499996900558,33.808760762214661,-117.73359999060631,-117.99077406339347,1.600000262260437,6.2602329254150391,3.2999999821186066,3.2403634786605835
1379,34.947899997234344,33.808764904737473,-116.71560001373291,-117.99077619425952,13.700000010430813,6.2602382898330688,3.199999988079071,3.2403641045093536
2166,34.89300000667572,33.68014669418335,-119.36199998855591,-117.95711801201105,11.900000050663948,6.0531753301620483,3.3999999761581421,3.2135815322399139
530,35.6875,33.977834118530154,-117.48199999332428,-118.06574627757072,8.410000205039978,6.2723493576049805,3.3999999761581421,3.252819299697876
1251,35.01639997959137,33.808763548731804,-119.10749995708466,-117.99077566154301,16.299999989569187,6.2602373957633972,3.5999999642372131,3.2403638362884521
1083,33.676499992609024,33.904114469885826,-118.05350000038743,-118.03396631404757,15,6.2725389003753662,3.1899999976158142,3.2473910450935364
2001,33.305999994277954,34.185885339975357,-116.85199999809265,-118.15827105939388,13.200000040233135,6.3146156072616577,3.6999999582767487,3.2663059830665588
1761,35.48199999332428,33.861756190657616,-119.33700001239777,-118.01303734816611,30.099999904632568,6.28226637840271,3,3.2459396123886108
1681,35.976999998092651,33.816200852394104,-117.30900001525879,-117.9940643706359,1.1999997496604919,6.2622785568237305,3.2999999821186066,3.241005152463913
445,35.924834966659546,33.977820083498955,-117.70266699790955,-118.06573938578367,1.1200001835823059,6.2723466753959656,3.4999999701976776,3.2528184056282043
199,35.750831961631775,33.868350148200989,-117.56833699345589,-118.01481731701642,4.4699996709823608,6.2968611717224121,3.199999988079071,3.2477362453937531
229,35.6163330078125,33.86834380030632,-117.43833202123642,-118.01481423992664,7.6499998569488525,6.2968513369560242,3.2600000202655792,3.2477352619171143
1582,34.007000000216067,33.81580351293087,-117.19099998474121,-117.98528242949396,8.099999874830246,6.3988548517227173,3.2999999821186066,3.2522505819797516
527,35.686000943183899,33.977820217609406,-117.48149901628494,-118.06573944538832,6.8300002813339233,6.2723466753959656,3.1800000071525574,3.2528184056282043
1029,33.47316700220108,33.81077678501606,-116.4650000333786,-117.99162474740297,7.5300000607967377,6.257588267326355,3,3.2403700053691864
1564,33.15200001001358,33.791217029094696,-116.4559999704361,-117.97719442658126,9.700000137090683,6.3543212413787842,3.4999999701976776,3.2469621598720551
1557,32.723000049591064,33.815803125500679,-116.04799997806549,-117.98528232146055,3.1999996304512024,6.398853063583374,3.0999999940395355,3.2522504925727844
2123,33.699200004339218,34.253167629241943,-116.06700003147125,-118.19804538786411,8.1999997794628143,6.2521898746490479,3.8999999910593033,3.2635704874992371
315,35.868332028388977,33.977832479402423,-117.69883000850677,-118.06574563682079,3.1999996304512024,6.2723493576049805,3.2999999821186066,3.2528191208839417
1391,33.840000003576279,33.808759585022926,-116.15880000591278,-117.99077361263335,0.70000022649765015,6.2602311372756958,3.4999999701976776,3.2403632998466492
2189,34.382999986410141,33.692649692296982,-116.4650000333786,-117.95942069590092,3.099999725818634,6.0966682434082031,3.3999999761581421,3.2177243828773499
973,33.150166988372803,33.805420413613319,-116.47950005531311,-117.98953802324831,11.379999965429306,6.2536686658859253,3.5699999928474426,3.2396619915962219
69,35.516332983970642,33.868324011564255,-117.41466701030731,-118.01480962801725,8.1700001657009125,6.2968254089355469,3.0999999940395355,3.2477309703826904
1299,33.005999982357025,33.808759585022926,-116.98500001430511,-117.99077362008393,9.9999998509883881,6.2602311372756958,3.4999999701976776,3.2403632998466492
1114,33.791999995708466,33.810758262872696,-116.10333299636841,-117.99161965493113,6.6200003027915955,6.2575596570968628,3.0099999904632568,3.2403659820556641
1303,34.00899999961257,33.808760762214661,-117.17199999094009,-117.99077408201993,4.400000274181366,6.2602329254150391,3,3.2403634786605835
1964,34.847000002861023,34.163549646735191,-116.31299996376038,-118.14646799862385,2.4000003933906555,6.3435351848602295,3.4999999701976776,3.2673302292823792
902,35.391332983970642,33.810725480318069,-118.54433298110962,-117.99160678032786,4.6399998664855957,6.2574461102485657,3.0999999940395355,3.2403558790683746
435,35.896499991416931,33.977821871638298,-117.73416900634766,-118.06574010103941,1.7600002884864807,6.2723475694656372,4.0999999791383743,3.2528185844421387
1080,34.674499988555908,33.904114365577698,-117.48049998283386,-118.03396624699235,7.3299998044967651,6.2725406885147095,3.199999988079071,3.2473908662796021
1014,34.227166995406151,33.810724005103111,-116.74300003051758,-117.99160621408373,0.5699998140335083,6.257445216178894,3.5799999833106995,3.2403557002544403
231,35.671332955360413,33.86834380030632,-117.45649999380112,-118.01481424737722,5.0800001621246338,6.2968522310256958,3.1399999558925629,3.2477352619171143
482,35.874168038368225,33.977820217609406,-117.72366300225258,-118.06573943048716,6.6899996995925903,6.2723466753959656,3.0999999940395355,3.2528183162212372
2156,34.312999993562698,33.680146753787994,-116.85099995136261,-117.9571180306375,5.7999998331069946,6.05317622423172,3.199999988079071,3.2135815322399139
2223,35.715000033378601,33.693693190813065,-118.06800000369549,-117.95958039164543,3.1999996304512024,6.1004224419593811,3.3999999761581421,3.2181010544300079
741,35.749832987785339,33.977832509204745,-117.56949999928474,-118.06574563682079,4.2800000309944153,6.2723511457443237,3,3.2528192102909088
407,35.845832943916321,33.977833954617381,-117.66366600990295,-118.06574620306492,8.1499998271465302,6.2723511457443237,3.199999988079071,3.252819299697876
2258,34.086000002920628,33.691629707813263,-116.67499995231628,-117.95922048762441,9.3000000715255737,6.0927343368530273,3.6999999582767487,3.2173769474029541
1102,33.958500001579523,34.023648217320442,-116.88833296298981,-118.09318280220032,16.669999994337559,6.2046477198600769,4.3900000043213367,3.2477896213531494
621,35.872666954994202,33.977832449600101,-117.67466700077057,-118.06574560701847,8.6700001358985901,6.2723511457443237,3.2600000202655792,3.2528191208839417
443,35.8211669921875,33.977820217609406,-117.63049998879433,-118.06573944538832,11.239999830722809,6.2723457813262939,3.1899999976158142,3.2528183162212372
2159,34.312000006437302,33.680146753787994,-116.85000002384186,-117.9571180306375,4.7999998927116394,6.05317622423172,3.199999988079071,3.2135815322399139
2360,33.355000019073486,33.692967712879181,-116.21700000762939,-117.95946329087019,9.2000001668930054,6.0972145199775696,3.4999999701976776,3.2178107500076294
279,35.743831992149353,33.977864975109696,-117.56466698646545,-118.06575480848551,7.0400002598762512,6.2723672389984131,3.0399999618530273,3.2528243958950043
2442,34.039000000804663,33.69353774189949,-116.9559999704361,-117.95955333858728,14.799999995157123,6.0999280214309692,3.199999988079071,3.2180508971214294
440,35.646332025527954,33.977820217609406,-117.46516400575638,-118.06573943048716,-0.19999980926513672,6.2723466753959656,3.679999977350235,3.2528184056282043
2021,35.032999992370605,34.193406954407692,-116.91199994087219,-118.16095569729805,4.7999998927116394,6.3362932205200195,3.6999999582767487,3.2685906887054443
479,35.615501046180725,33.977820247411728,-117.58466300368309,-118.06573944538832,9.9100001156330109,6.2723466753959656,3.4999999701976776,3.2528184056282043
1204,35.398100018501282,33.810724183917046,-118.51630002260208,-117.99160626996309,11.900000050663948,6.257445216178894,3.8999999910593033,3.2403557896614075
322,35.91700005531311,33.977820217609406,-117.70933499932289,-118.06573943048716,1.419999897480011,6.2723466753959656,3.2199999690055847,3.2528184056282043
2174,35.148900032043457,33.680146753787994,-118.76639997959137,-117.95711803436279,5.6000000238418579,6.05317622423172,4.3999999947845936,3.2135815322399139
1556,32.662999987602234,33.815805077552795,-116.00999999046326,-117.98528286535293,13.200000040233135,6.3988557457923889,3.199999988079071,3.2522510290145874
478,35.898000001907349,33.977821871638298,-117.72716701030731,-118.06574010103941,3.9499998092651367,6.2723475694656372,4.9000000208616257,3.2528185844421387
651,35.680500030517578,33.977820456027985,-117.47033298015594,-118.06573950499296,6.849999725818634,6.2723466753959656,4.260000005364418,3.2528184056282043
836,35.726667046546936,34.076707720756531,-117.52883300185204,-118.11441084742546,1.9700002670288086,6.1725854873657227,3.2999999821186066,3.2492591142654419
1362,35.53600001335144,33.808723405003548,-118.4040000140667,-117.99075923766941,1.2999996542930603,6.2600943446159363,3.0999999940395355,3.2403515875339508
408,35.901669025421143,33.977820217609406,-117.73583200573921,-118.06573943048716,2.3400002717971802,6.2723466753959656,3.4600000083446503,3.2528183162212372
2297,32.488999962806702,33.691627949476242,-116.29799997806549,-117.95922015979886,9.8999999463558197,6.0927271842956543,3.3999999761581421,3.2173762321472168
2366,33.314999997615814,33.690898507833481,-116.41499996185303,-117.95910269394517,13.999999947845936,6.0894942283630371,3.0999999940395355,3.2170843183994293
2033,32.287999987602234,33.816225841641426,-116.64100003242493,-117.9954158035107,14.700000006705523,6.251361072063446,3.0999999940395355,3.2398552894592285
1803,32.71780002117157,33.889545664191246,-117.40700000524521,-118.0284633487463,9.9999998509883881,6.25567227602005,3.8999999910593033,3.2452309727668762
829,35.690834045410156,34.076705113053322,-117.53916901350021,-118.11440928280354,0.1600000262260437,6.1725917458534241,3.3999999761581421,3.2492596507072449
1071,33.449333012104034,33.810112282633781,-116.45050001144409,-117.99137546587735,11.909999996423721,6.2561774253845215,3.199999988079071,3.2402222156524658
1338,34.368000000715256,33.808763712644577,-117.17900002002716,-117.99077573604882,7.5999999046325684,6.2602373957633972,3.3999999761581421,3.2403638362884521
2386,34.671999990940094,33.702012628316879,-116.26699995994568,-117.96089650690556,5.6000000238418579,6.1378687620162964,3,3.2213852405548096
2320,35.950000047683716,33.69369313120842,-117.87000000476837,-117.95958036184311,1.9999998807907104,6.1004233360290527,3.199999988079071,3.2181010544300079
149,35.785333037376404,33.868317663669586,-117.62533301115036,-118.01480652205646,6.1500003933906555,6.2968182563781738,3.8099999874830246,3.2477300763130188
1231,33.890799999237061,33.808107316493988,-117.95800000056624,-117.99052685126662,14.299999997019768,6.2587854266166687,3.3999999761581421,3.2402149736881256
802,35.708667039871216,34.076706267893314,-117.5541670024395,-118.1144096404314,1.1599999666213989,6.172594428062439,4.2100000083446503,3.249259740114212
978,33.931332997977734,33.805541694164276,-118.30199998617172,-117.98958098981529,11.940000057220459,6.2539976835250854,3.0999999940395355,3.2396956980228424
1089,34.694666981697083,33.856351271271706,-116.23683297634125,-118.01038255915046,2.4599996209144592,6.2827455997467041,3.4799999892711639,3.2457082271575928
495,35.922669053077698,33.977820083498955,-117.71150198578835,-118.06573937088251,1.8399998545646667,6.2723466753959656,3.1199999749660492,3.2528184056282043
450,35.61083197593689,33.977821826934814,-117.38116502761841,-118.06574008613825,-0.83000063896179199,6.2723457813262939,3.7999999970197678,3.2528185844421387
657,35.897166967391968,33.977834520861506,-117.73050001263618,-118.06574647128582,9.8399998247623444,6.2723511457443237,3.2899999916553497,3.252819299697876
1422,34.720000028610229,33.80872967839241,-116.02799999713898,-117.9907623520121,7.5999999046325684,6.2601238489151001,3.3999999761581421,3.2403537333011627
637,35.578333020210266,33.977820098400116,-117.37416702508926,-118.06573937088251,6.3500002026557922,6.2723466753959656,3.9999999850988388,3.2528184056282043
163,35.621166944503784,33.868350148200989,-117.43449997901917,-118.014817324467,7.720000147819519,6.2968611717224121,3.2999999821186066,3.2477362453937531
402,35.686000943183899,33.977832479402423,-117.5456700026989,-118.06574563682079,2.9300004243850708,6.2723511457443237,3.2999999821186066,3.2528192102909088
2162,34.272300004959106,33.680150240659714,-116.87039995193481,-117.95711879432201,4.400000274181366,6.0531789064407349,4.2999999895691872,3.2135821580886841
1830,33.365000009536743,33.883191883563995,-116.38699996471405,-118.0261462405324,9.3999999761581421,6.246827244758606,3,3.2440651059150696
1766,34.3091000020504,33.930173449218273,-116.8507000207901,-118.05083572119474,12.999999895691872,6.2104976177215576,3.6999999582767487,3.2433383166790009
2037,32.713000059127808,34.183589443564415,-116.04499995708466,-118.15570566058159,3.5000002384185791,6.3402789831161499,3.2999999821186066,3.2684059739112854
879,34.707499980926514,33.810585215687752,-116.2861670255661,-117.99155978672206,2.1999996900558472,6.2567916512489319,3.4600000083446503,3.2402999103069305
866,33.314999997615814,33.862132579088211,-116.41983294487,-118.01262154057622,8.2099999487400055,6.2867116928100586,3.3099999725818634,3.246468186378479
2153,34.268599987030029,33.680146753787994,-116.84710001945496,-117.95711801201105,4.1999995708465576,6.0531753301620483,4.0999999791383743,3.2135815322399139
1641,34.428799986839294,33.867733970284462,-119.16279995441437,-118.01515666395426,8.3000001311302185,6.2920206785202026,4.0999999791383743,3.2471528649330139
49,33.891332998871803,33.868319019675255,-118.21850000321865,-118.01480707339942,23.630000352859497,6.2968182563781738,3.5400000214576721,3.2477300763130188
67,35.702999949455261,33.868323862552643,-117.58866700530052,-118.0148095684126,7.1000003814697266,6.2968271970748901,3.4699999988079071,3.2477309703826904
1512,33.373000025749207,33.817921474575996,-116.41299998760223,-117.99516178481281,9.8000000417232513,6.2572109699249268,3.3999999761581421,3.2406981289386749
1414,32.907400012016296,33.808753207325935,-116.31270003318787,-117.99076815135777,17.199999913573265,6.2600219249725342,3,3.2403507828712463
881,32.799000024795532,33.810591891407967,-118.33666700124741,-117.99156212620437,8.7099999189376831,6.2567871809005737,3,3.240300178527832
48,33.892667002975941,33.868318930268288,-116.630499958992,-118.01480703614652,14.930000002495944,6.2968182563781738,3.0399999618530273,3.2477300763130188
765,35.773499011993408,34.076703399419785,-117.61499801278114,-118.11440861970186,0.22000014781951904,6.1725926399230957,3.2099999785423279,3.2492596507072449
841,35.742166996002197,34.076693952083588,-117.55316698551178,-118.1144053041935,4.1499996185302734,6.1725890636444092,4.0999999791383743,3.2492586672306061
839,35.684200048446655,34.076659567654133,-117.49949997663498,-118.11439184844494,10.200000107288361,6.1725926399230957,3.6999999582767487,3.2492567896842957
1061,35.611667037010193,33.81075419485569,-116.29866695404053,-117.99161755759269,3.099999725818634,6.257554292678833,3,3.2403654456138611
124,35.626167058944702,33.868317514657974,-117.42816698551178,-118.0148064699024,5.1499995589256287,6.2968182563781738,4.0999999791383743,3.2477299869060516
647,35.902500033378601,33.977781107649207,-117.68999999761581,-118.06572307646275,0.50000041723251343,6.2723475694656372,4.1999999955296516,3.2528159022331238
1961,32.588000059127808,34.201928183436394,-118.10999999940395,-118.1638993024826,18.000000044703484,6.3595426082611084,3.5999999642372131,3.2712143361568451
1186,34.333299994468689,33.810718774795532,-116.82910001277924,-117.99160368088633,7.9000000655651093,6.2574362754821777,3.6999999582767487,3.2403548061847687
1090,34.609833002090454,33.875888034701347,-116.62883305549622,-118.02233405038714,6.6999998688697815,6.2717664241790771,4.3100000023841858,3.2447519302368164
2434,32.27400004863739,33.691627949476242,-117.733000010252,-117.95922015979886,5.9999996423721313,6.0927271842956543,3,3.2173762321472168
25,32.94350004196167,33.868323862552643,-117.54899999499321,-118.01480957586318,15.109999997075647,6.2968271970748901,3.199999988079071,3.2477309703826904
2428,33.964999999850988,33.691628009080887,-118.4370000064373,-117.95922016724944,9.0999998152256012,6.0927271842956543,3.2999999821186066,3.217376321554184
572,35.669998049736023,33.977821692824364,-117.51633501052856,-118.0657400265336,1.6899999976158142,6.2723457813262939,3.0600000321865082,3.2528185844421387
821,35.672333002090454,34.076705113053322,-117.56099998950958,-118.11440925300121,6.9099998474121094,6.1725917458534241,3.3999999761581421,3.2492596507072449
1987,33.79899999499321,34.213244125247002,-118.62999999523163,-118.17347201704979,4.3000003695487976,6.2899196147918701,3.2999999821186066,3.265739232301712
1627,34.141000002622604,33.81558683514595,-117.4879999756813,-117.99383272323757,3.8999998569488525,6.2609446048736572,3.2999999821186066,3.240867018699646
2194,34.735499978065491,33.692534238100052,-116.29180002212524,-117.95939824357629,4.6000000834465027,6.0959458351135254,3.9999999850988388,3.2176693081855774
1550,35.955899953842163,33.838133692741394,-117.30930000543594,-118.00672411639243,6.6999998688697815,6.2390148639678955,3.6999999582767487,3.2399314641952515
518,35.903998970985413,33.977834088727832,-117.75316600501537,-118.06574629247189,5.2400001883506775,6.2723493576049805,3.2400000393390656,3.252819299697876
2448,34.856000006198883,33.702727138996124,-116.4539999961853,-117.96101135388017,4.8999997973442078,6.1410534381866455,3.7999999970197678,3.2216764390468597
1178,33.79389999806881,33.865754768252373,-116.96249997615814,-118.01361792348325,18.000000044703484,6.2910443544387817,3,3.2472211718559265
361,35.820332050323486,33.977832464501262,-117.65866899490356,-118.06574560701847,5.8399996161460876,6.2723511457443237,3.5999999642372131,3.2528192102909088
1615,34.112999998033047,33.814556896686554,-116.91400003433228,-117.99346101377159,9.8000000417232513,6.2601622939109802,3.199999988079071,3.2407169044017792
1825,32.690099954605103,33.81672428548336,-116.03090000152588,-117.99563991976902,11.799999922513962,6.2507772445678711,3.2999999821186066,3.2398559153079987
1199,33.491199970245361,33.810720026493073,-116.50890004634857,-117.99160413537174,18.099999949336052,6.2574362754821777,3,3.2403550744056702
1891,35.519999980926514,33.815910905599594,-116.42599999904633,-117.99531917367131,5.9999996423721313,6.250755786895752,3.3999999761581421,3.2397810816764832
1689,35.978000044822693,33.816200852394104,-117.31300002336502,-117.99406437808648,1.9999998807907104,6.2622785568237305,3.0999999940395355,3.241005152463913
2482,34.89300000667572,33.702727138996124,-116.37199997901917,-117.96101135388017,5.0999996066093445,6.1410534381866455,3.0999999940395355,3.2216764390468597
1984,34.802999973297119,33.85933230817318,-116.27799999713898,-118.01584159955382,6.4000001549720764,6.272328794002533,3.199999988079071,3.2435527145862579
1614,33.263899981975555,33.818889901041985,-116.01979994773865,-117.99519704468548,8.8000001013278961,6.2611484527587891,3.5999999642372131,3.2411543726921082
1105,34.190999999642372,34.023648485541344,-117.41316699981689,-118.09318293631077,6.9800001382827759,6.2046477198600769,4.3999999947845936,3.2477896213531494
2218,34.103000000119209,33.69354110956192,-116.65100002288818,-117.95955363288522,9.9999998509883881,6.0997188091278076,3.2999999821186066,3.2180393636226654
941,32.798333048820496,33.862182170152664,-118.44549998641014,-118.01263886224478,7.7400000393390656,6.2868976593017578,3.3899999856948853,3.2464849948883057
2114,32.669000029563904,33.651682168245316,-118.18099999427795,-117.95001379027963,5.9999996423721313,6.0002803802490234,3.199999988079071,3.2070778012275696
729,35.724833965301514,33.977832479402423,-117.55516800284386,-118.06574563682079,2.10999995470047,6.2723511457443237,3.4999999701976776,3.2528191208839417
1991,34.893999993801117,34.192777574062347,-119.08700001239777,-118.16281516849995,11.299999952316284,6.3091528415679932,3.5999999642372131,3.2659828662872314
240,35.642501950263977,33.868345230817795,-117.48316997289658,-118.01481476891786,3.2199999690055847,6.2968522310256958,3.2400000393390656,3.2477354407310486
1545,32.784999966621399,33.843931972980499,-116.12699997425079,-118.00895201414824,8.8000001013278961,6.2431105971336365,3,3.2406960725784302
2116,32.668799996376038,33.681256979703903,-116.14859998226166,-117.95728800818324,12.60000005364418,6.0571584105491638,3.5999999642372131,3.2139789462089539
70,33.648999989032745,33.86832383275032,-117.33350002765656,-118.01480955351144,5.7300004363059998,6.2968254089355469,3.199999988079071,3.2477307915687561
2019,34.390100002288818,34.224901005625725,-116.76440000534058,-118.17919482290745,3.099999725818634,6.2926411628723145,4.0999999791383743,3.2666099667549133
2079,33.972999999299645,34.253615528345108,-117.81499999761581,-118.19825780391693,16.299999989569187,6.2561327219009399,3.199999988079071,3.2638640999794006
1666,35.980000019073486,33.816794916987419,-117.30000001192093,-117.9943096046336,5.9999996423721313,6.2637975811958313,3.3999999761581421,3.2411435544490814
73,35.915333032608032,33.868325412273407,-117.25733298063278,-118.01481014955789,4.4600003957748413,6.2968271970748901,3,3.2477310597896576
1200,34.271600008010864,33.810723945498466,-117.0281999707222,-117.99160619545728,17.100000008940697,6.257445216178894,3.0999999940395355,3.2403557002544403
350,35.747334003448486,33.977820083498955,-117.59100300073624,-118.06573938578367,6.5100002288818359,6.2723466753959656,3.8999999910593033,3.2528184056282043
2322,35.998000025749207,33.682994663715363,-117.87100000679493,-117.95742869004607,5.3000003099441528,6.0646185278892517,3.2999999821186066,3.2146677374839783
767,35.691002011299133,34.076703429222107,-117.50966599583626,-118.11440863460302,3.6799997091293335,6.1725926399230957,4.1999999955296516,3.2492595613002777
1710,33.954999998211861,33.81661619246006,-118.38499999046326,-117.99379397323355,13.399999961256981,6.2666022777557373,3,3.241458535194397
2158,34.295399993658066,33.680146932601929,-116.87199997901917,-117.95711803808808,5.6000000238418579,6.05317622423172,4.5,3.2135815322399139
1898,34.043000001460314,33.817049667239189,-117.02799999713898,-117.99576380755752,12.199999988079071,6.2535864114761353,3.199999988079071,3.2400517165660858
1551,35.50600004196167,33.843931674957275,-118.28200000524521,-118.0089517608285,5.5000001192092896,6.2431132793426514,3,3.2406962513923645
76,35.904500007629395,33.868323981761932,-117.70483300089836,-118.01480962056667,4.9499997496604919,6.2968254089355469,4.3200000040233135,3.2477309703826904
432,35.787997961044312,33.977834088727832,-117.62783101201057,-118.06574629247189,7.3899999260902405,6.2723511457443237,3.2999999821186066,3.252819299697876
1048,35.897667050361633,33.810753986239433,-117.68399998545647,-117.99161750171334,2.409999668598175,6.257554292678833,3.0399999618530273,3.2403654456138611
1994,34.875,34.168907567858696,-119.22500002384186,-118.14592701196671,13.499999977648258,6.3783252239227295,3.0999999940395355,3.2710255980491638
157,35.895166993141174,33.868350148200989,-117.71900001168251,-118.01481731701642,8.1700001657009125,6.2968611717224121,3.3099999725818634,3.2477362453937531
2030,35.088000059127808,33.812510877847672,-117.516999989748,-117.99396249605343,5.6000000238418579,6.2439393997192383,3.6999999582767487,3.2390862107276917
790,35.699167013168335,34.076703265309334,-117.51249998807907,-118.11440856009722,5.7499998807907104,6.1725926399230957,4.1999999955296516,3.2492595613002777
2078,35.633999943733215,33.739434093236923,-117.58000001311302,-117.9710501767695,1.5000003576278687,6.1216333508491516,3.199999988079071,3.2244967818260193
135,35.76783299446106,33.868317604064941,-117.58883300423622,-118.01480651460588,5.0200000405311584,6.2968182563781738,3.3099999725818634,3.2477299869060516
2125,32.333999991416931,33.662196010351181,-117.86200000345707,-117.95371132716537,5.9999996423721313,5.995313823223114,3.199999988079071,3.2078881859779358
1413,33.970000000670552,33.808731436729431,-117.22600001096725,-117.99076301511377,11.999999955296516,6.260126531124115,3.0999999940395355,3.2403540015220642
564,35.927834033966064,33.977821841835976,-117.70300298929214,-118.06574010103941,2.1399995684623718,6.2723466753959656,3,3.2528185844421387
2017,33.854000002145767,34.193727612495422,-117.77699999511242,-118.16135314106941,9.3000000715255737,6.3329744338989258,3,3.2683012783527374
2187,33.780000001192093,33.68014669418335,-116.12000000476837,-117.95711801201105,2.7000001072883606,6.0531753301620483,3.0999999940395355,3.2135815322399139
2272,32.111999988555908,33.693363696336746,-117.33499997854233,-117.95952486619353,12.999999895691872,6.0989677906036377,3.0999999940395355,3.2179709672927856
2025,34.453999996185303,34.196464374661446,-119.11699998378754,-118.16025820374489,26.900000274181366,6.3665270805358887,3.2999999821186066,3.2716206908226013
567,35.867499947547913,33.977834088727832,-117.72416698932648,-118.06574629247189,9.6599999070167542,6.2723511457443237,3.4999999701976776,3.252819299697876
1447,34.510999977588654,33.808751434087753,-119.0789999961853,-117.99076807312667,2.9999998211860657,6.2601184844970703,3.3999999761581421,3.2403562366962433
1103,34.187999993562698,34.023667490109801,-117.41000002622604,-118.09319212287664,7.3000001907348633,6.2046521902084351,3.0199999809265137,3.247790515422821
123,35.889333009719849,33.868323862552643,-117.71416699886322,-118.01480957586318,8.2500001788139343,6.2968271970748901,3.6999999582767487,3.2477309703826904
1097,34.691332995891571,33.86214043200016,-116.23666703701019,-118.01262618228793,1.3900002837181091,6.2869235873222351,3.1600000262260437,3.2464815974235535
601,35.709998965263367,33.977832360193133,-117.55066698789597,-118.06574556231499,2.6100003719329834,6.2723493576049805,3.199999988079071,3.2528191208839417
406,35.693164944648743,33.977820232510567,-117.5540010035038,-118.06573943048716,8.2899999618530273,6.2723466753959656,3.3999999761581421,3.2528184056282043
742,35.746665954589844,33.977822601795197,-117.59332999587059,-118.06574074178934,6.4899998903274536,6.2723404169082642,3.4400000274181366,3.2528180480003357
2517,34.783999979496002,33.693578362464905,-116.24500000476837,-117.95955804735422,5.0999996066093445,6.0997045040130615,3.0999999940395355,3.2180464267730713
719,35.56850004196167,33.977699309587479,-117.5164999961853,-118.06568069756031,10.819999873638153,6.2723851203918457,4.5,3.2528164386749268
497,35.039832949638367,33.977820083498955,-118.08500000089407,-118.06573937088251,8.9800000190734863,6.2723475694656372,3.5300000309944153,3.2528184056282043
1064,34.072333000600338,33.810753986239433,-116.37849998474121,-117.9916175166145,2.4300000071525574,6.2575533986091614,3.5300000309944153,3.2403654456138611
342,35.616665005683899,33.977820217609406,-117.4384999871254,-118.06573946028948,2.980000376701355,6.2723466753959656,3.3999999761581421,3.2528184056282043
1789,33.71000000834465,33.81224113702774,-116.83899998664856,-117.99272090801969,17.199999913573265,6.2560629844665527,3.0999999940395355,3.2402074635028839
299,35.665001034736633,33.977877356112003,-117.50333398580551,-118.06576102972031,7.2900000214576721,6.2723708152770996,3.1099999845027924,3.2528250217437744
2504,34.813000023365021,33.906188115477562,-116.41499996185303,-118.05339673534036,5.6000000238418579,6.2972187995910645,3,3.241496354341507
649,35.901999950408936,33.977778455242515,-117.74366700649261,-118.06572161614895,8.4600001573562622,6.2723538279533386,3.5699999928474426,3.2528160810470581
1601,35.754999995231628,33.952493485063314,-119.00699996948242,-118.03227682411671,19.000000208616257,6.5000134706497192,3,3.2760947942733765
679,35.978999972343445,33.977825075387955,-117.7576670050621,-118.06574171036482,6.5200003981590271,6.2723422050476074,3.6699999868869781,3.2528184056282043
1211,34.300799995660782,33.810724273324013,-117.4961000084877,-117.99160629231483,15.400000009685755,6.257445216178894,3.4999999701976776,3.2403557896614075
220,35.711333990097046,33.868350178003311,-117.36966699361801,-118.01481734681875,6.4000001549720764,6.2968611717224121,3.5300000309944153,3.2477362453937531
2499,33.99599999981001,33.693693190813065,-118.76300001144409,-117.95958038792014,13.999999947845936,6.1004233360290527,3.3999999761581421,3.2181011438369751
1922,33.216000020503998,33.820990398526192,-116.09200000762939,-117.9971203377936,6.9999995827674866,6.2596875429153442,3,3.240832507610321
1054,34.41949999332428,33.810745120048523,-116.54949998855591,-117.9916126774624,8.060000091791153,6.2572789192199707,3.4300000369548798,3.2403488159179688
84,35.715000033378601,33.868317514657974,-117.57383298873901,-118.0148064699024,4.8700001835823059,6.2968182563781738,3.4199999570846558,3.2477299869060516
1394,34.006000000052154,33.80876362323761,-118.8309999704361,-117.99077568389475,12.199999988079071,6.2602373957633972,3,3.2403638362884521
266,35.897166967391968,33.977865109220147,-117.68699699640274,-118.06575483828783,1.8999999761581421,6.2723663449287415,3.0099999904632568,3.2528243958950043
565,35.921833038330078,33.977820083498955,-117.71450001001358,-118.06573938578367,2.4199998378753662,6.2723466753959656,3.3999999761581421,3.2528183162212372
290,35.892166972160339,33.977877326309681,-117.6001670062542,-118.06576104462147,24.530000388622284,6.2723708152770996,3.3199999630451202,3.2528250217437744
1730,34.115000002086163,33.842124536633492,-116.90499997138977,-118.00777774117887,5.6000000238418579,6.2489444017410278,3,3.2410576343536377
643,35.903499960899353,33.977820411324501,-117.70016700029373,-118.0657394900918,8.2599999010562897,6.2723457813262939,4.9000000208616257,3.2528184056282043
416,35.617668032646179,33.977834088727832,-117.47883599996567,-118.06574629247189,7.3600003123283386,6.2723493576049805,3.5999999642372131,3.252819299697876
472,35.868831992149353,33.977820232510567,-117.70500200986862,-118.06573943048716,4.3199998140335083,6.2723466753959656,3.2400000393390656,3.2528184056282043
1454,34.223800003528595,33.808758109807968,-117.02490001916885,-117.99077305756509,8.4000000357627869,6.2602293491363525,3.199999988079071,3.2403629422187805
2084,34.168999999761581,33.679314851760864,-117.23900002241135,-117.95637994632125,6.9999995827674866,6.0615098476409912,3.0999999940395355,3.2140298187732697
2459,34.712999999523163,33.693693190813065,-116.36500000953674,-117.95958037674427,2.7000001072883606,6.1004224419593811,3,3.2181010544300079
857,34.047499999403954,33.868319019675255,-117.50549998879433,-118.01480707339942,4.620000422000885,6.2968182563781738,3.199999988079071,3.2477300763130188
845,35.707000017166138,34.076703414320946,-117.50583299994469,-118.11440861970186,10.280000120401382,6.1725917458534241,3.9800000041723251,3.2492596507072449
2533,34.456999987363815,33.694550752639771,-116.16600000858307,-117.95983423665166,1.1999997496604919,6.0949087142944336,3.2999999821186066,3.2178793251514435
1161,34.029500000178814,33.782914742827415,-116.97819995880127,-117.97484992444515,19.799999892711639,6.33045494556427,3,3.2444745898246765
278,35.668835043907166,33.977865109220147,-117.50216698646545,-118.06575485318899,0.8899998664855957,6.2723663449287415,3.4999999701976776,3.2528243958950043
2171,32.044000029563904,33.68014669418335,-117.57699999213219,-117.95711801201105,8.9999999105930328,6.0531753301620483,3.0999999940395355,3.2135815322399139
932,33.640832990407944,33.810720026493073,-116.73083305358887,-117.99160413537174,13.499999977648258,6.2574362754821777,3,3.2403550744056702
1446,32.036999940872192,33.808751434087753,-116.68110001087189,-117.99076807312667,4.9999997019767761,6.2601184844970703,3.0999999940395355,3.2403562366962433
18,35.696666955947876,33.868222802877426,-117.61166700720787,-118.01477076858282,8.1700001657009125,6.2964355945587158,4.0999999791383743,3.2476970851421356
1271,34.709699988365173,33.808748871088028,-116.27180004119873,-117.99076919443905,10.999999791383743,6.2602275609970093,3.199999988079071,3.2403622269630432
1487,33.144699990749359,33.811158239841461,-116.45910000801086,-117.99273225152865,14.700000006705523,6.2459179759025574,3.8999999910593033,3.2393466532230377
680,35.652166962623596,33.977824881672859,-117.46683299541473,-118.06574166566133,1.9700002670288086,6.2723404169082642,4.0899999886751175,3.2528183162212372
1429,33.632999986410141,33.808726951479912,-117.85490000247955,-117.9907607762143,10.799999982118607,6.2601184844970703,3.4999999701976776,3.2403533756732941
1117,34.061167001724243,33.810759454965591,-118.76333302259445,-117.99162011314183,9.4999998807907104,6.2575614452362061,3.3899999856948853,3.2403662502765656
1609,33.398000001907349,33.81876266002655,-116.63230001926422,-117.99515431933105,7.8000001609325409,6.2603598833084106,3.5999999642372131,3.241091787815094
2140,34.314000010490417,33.681257039308548,-116.85099995136261,-117.95728800445795,5.2000004053115845,6.0571584105491638,3,3.2139789462089539
1732,32.669399976730347,33.811588540673256,-116.01189994812012,-117.9924513050355,13.499999977648258,6.2543320655822754,3.199999988079071,3.2400516271591187
219,35.945999026298523,33.86834380030632,-117.37983697652817,-118.01481424737722,0.13999968767166138,6.2968513369560242,3.5200000405311584,3.2477352619171143
1970,35.180999994277954,34.20873886346817,-118.625,-118.16813394427299,6.8999996781349182,6.3160282373428345,3.0999999940395355,3.2681709229946136
2150,34.319999992847443,33.681256979703903,-116.85099995136261,-117.95728800818324,3.4000003337860107,6.0571584105491638,3.0999999940395355,3.2139789462089539
303,35.828498959541321,33.977877356112003,-117.67133298516273,-118.06576102972031,3.9999997615814209,6.2723708152770996,4.0999999791383743,3.2528250217437744
2340,34.569000005722046,33.69369313120842,-116.23099994659424,-117.95958036184311,6.9999995827674866,6.1004233360290527,3.0999999940395355,3.2181010544300079
662,35.758000016212463,33.977834237739444,-117.56133300065994,-118.06574635207653,7.5699998438358307,6.2723493576049805,3.2999999821186066,3.252819299697876
1708,35.059900045394897,33.816605985164642,-119.14400005340576,-117.99378783395514,16.799999959766865,6.2664574384689331,3.0999999940395355,3.2414495944976807
801,35.709998965263367,34.076703250408173,-117.55616798996925,-118.11440857499838,0.099999904632568359,6.1725926399230957,3.2099999785423279,3.2492595613002777
344,35.753334045410156,33.977832479402423,-117.57199901342392,-118.06574563682079,4.1599997878074646,6.2723511457443237,3,3.2528191208839417
1221,34.141499996185303,33.810719966888428,-117.45450001955032,-117.99160409066826,7.5999999046325684,6.2574362754821777,3,3.2403550744056702
2387,33.805000007152557,33.702012568712234,-116.15900003910065,-117.96089649945498,13.900000043213367,6.1378687620162964,3.3999999761581421,3.2213852405548096
1854,32.715399980545044,33.816485121846199,-116.03439998626709,-117.99553075432777,12.60000005364418,6.2520754337310791,3.0999999940395355,3.2399160861968994
1357,35.936900019645691,33.808764904737473,-117.65320000052452,-117.99077618680894,1.600000262260437,6.2602382898330688,3.4999999701976776,3.2403641045093536
2203,34.708999991416931,33.69369313120842,-116.29799997806549,-117.95958036929369,2.9999998211860657,6.1004224419593811,3.3999999761581421,3.2181011438369751
2343,33.997999999905005,33.702727317810059,-116.56099998950958,-117.9610114172101,11.900000050663948,6.1410534381866455,3.0999999940395355,3.2216765284538269
1087,35.542333006858826,33.856334432959557,-119.37283301353455,-118.01037340983748,22.14000016450882,6.2827366590499878,4.8700000047683716,3.2457073330879211
808,34.180167004466057,34.076705724000931,-116.73516702651978,-118.11440949141979,-0.040000677108764648,6.172594428062439,3.2700000107288361,3.249259740114212
1135,33.877499997615814,33.808828949928284,-116.1574000120163,-117.99088146910071,10.899999886751175,6.255108118057251,3.4999999701976776,3.240042507648468
192,35.691501975059509,33.868351578712463,-117.53516399860382,-118.01481792051345,6.3299998641014099,6.2968629598617554,3.2700000107288361,3.2477364242076874
174,35.868499994277954,33.868350148200989,-117.70566600561142,-118.014817324467,6.6899996995925903,6.2968611717224121,3,3.2477362453937531
810,35.718999981880188,34.076705262064934,-117.55866700410843,-118.11440925300121,2.0600000023841858,6.1725926399230957,3.0999999940395355,3.249259740114212
2323,35.945000052452087,33.682994723320007,-117.89899999648333,-117.9574287161231,0.39999961853027344,6.0646194219589233,4.6000000052154064,3.2146677374839783
1815,34.855000019073486,33.816744863986969,-119.66989994049072,-117.99565049214289,8.9000000059604645,6.250845193862915,3.6999999582767487,3.239861011505127
1962,33.627000004053116,34.126328304409981,-118.53799998760223,-118.13039419054985,2.2999995946884155,6.3414090871810913,3,3.265096127986908
1281,33.328299999237061,33.808763548731804,-116.39310002326965,-117.99077563546598,14.19999998062849,6.2602373957633972,3.7999999970197678,3.2403638362884521
128,35.698500037193298,33.868317604064941,-117.54316699504852,-118.0148065071553,10.059999972581863,6.2968164682388306,3,3.2477299869060516
340,35.780166983604431,33.977832479402423,-117.6419979929924,-118.06574563682079,8.2400000095367432,6.2723511457443237,3.3999999761581421,3.2528191208839417
2356,35.965999960899353,33.691628068685532,-117.87100000679493,-117.95922020450234,4.7999998927116394,6.0927271842956543,3.0999999940395355,3.2173762321472168
1985,35,34.183596760034561,-119.13460004329681,-118.15624962747097,9.9999998509883881,6.3290137052536011,3.6999999582767487,3.267467737197876
2055,33.761000007390976,33.816406100988388,-118.97500002384186,-117.99546599434689,5.9999996423721313,6.252027153968811,3.199999988079071,3.2399215400218964
307,35.947834014892578,33.977832360193133,-117.69183400273323,-118.06574556231499,1.419999897480011,6.2723493576049805,3.7900000065565109,3.2528192102909088
383,35.651501059532166,33.977821871638298,-117.46450001001358,-118.06574008613825,3.9499998092651367,6.2723475694656372,3.8999999910593033,3.2528185844421387
1521,32.883900046348572,33.817927330732346,-116.21949994564056,-117.99516471289098,14.599999990314245,6.2572172284126282,3.4999999701976776,3.2406987547874451
2348,35.794000029563904,33.692972749471664,-118.0489999987185,-117.95946451276541,9.0999998152256012,6.0972225666046143,3.0999999940395355,3.2178118228912354
789,35.699501037597656,34.076703444123268,-117.48383301496506,-118.11440864950418,1.0299995541572571,6.1725926399230957,3.0600000321865082,3.2492595613002777
177,35.671664953231812,33.868350178003311,-117.52583301067352,-118.01481734681875,6.3799998164176941,6.2968611717224121,3.199999988079071,3.2477363348007202
426,35.602664947509766,33.977820217609406,-117.39450097084045,-118.06573944538832,7.0800000429153442,6.2723466753959656,3.199999988079071,3.2528184056282043
2210,33.404999971389771,33.693693548440933,-116.7059999704361,-117.9595804810524,16.000000052154064,6.1004233360290527,3.6999999582767487,3.2181013226509094
1905,34.580999970436096,33.816988870501518,-116.2610000371933,-117.99574572499841,2.800000011920929,6.2533128261566162,3.0999999940395355,3.2400263249874115
781,35.632168054580688,34.076703429222107,-117.60716998577118,-118.11440861970186,8.9999999105930328,6.1725926399230957,3.2999999821186066,3.2492596507072449
1352,35.843999981880188,33.808760851621628,-117.77799999713898,-117.99077410437167,9.3999999761581421,6.2602329254150391,3.2999999821186066,3.2403634786605835
184,35.765498995780945,33.868343770503998,-117.58249700069427,-118.01481423247606,6.3299998641014099,6.2968513369560242,3.0299999713897705,3.2477352619171143
1058,34.53566700220108,33.861446484923363,-119.96449995040894,-118.01237683556974,4.6299996972084045,6.2847313284873962,3.0500000417232513,3.2462754249572754
2048,35.965999960899353,33.816420763731003,-117.98200000077486,-117.99547418626025,4.6000000834465027,6.2521970272064209,3.0999999940395355,3.2399324476718903
1690,35.970000028610229,33.816196620464325,-117.31999999284744,-117.99406220251694,3.099999725818634,6.2622714042663574,3.0999999940395355,3.2410045266151428
700,35.902832984924316,33.977784594520926,-117.71149998903275,-118.06572476774454,3.1800001859664917,6.2723457813262939,4.5100000002421439,3.2528159022331238
1587,33.788800001144409,33.816558673977852,-117.28890001773834,-117.98551305755973,11.999999955296516,6.4016264677047729,3.6999999582767487,3.2525190711021423
1501,35.84309995174408,33.810626655817032,-117.66260001063347,-117.9923384450376,3.6000001430511475,6.2497329711914062,3.8999999910593033,3.2396000325679779
2028,35.345700025558472,34.183024227619171,-118.64300000667572,-118.15650704503059,3.5000002384185791,6.3339132070541382,5.0000000149011612,3.2676125764846802
489,35.550999999046326,33.977834297344089,-117.38599997758865,-118.06574635207653,4.699999988079071,6.2723511457443237,3.9599999785423279,3.252819299697876
756,35.707332968711853,33.977820217609406,-117.47533398866653,-118.06573943048716,6.1099997162818909,6.2723466753959656,3.199999988079071,3.2528183162212372
2094,33.902999997138977,33.680480033159256,-116.89999997615814,-117.95716511085629,13.999999947845936,6.0537457466125488,3.2999999821186066,3.213666558265686
2287,33.376999974250793,33.693572670221329,-116.4190000295639,-117.95955674350262,11.200000047683716,6.099693775177002,3.0999999940395355,3.2180449962615967
859,32.837666988372803,33.868317604064941,-118.50316697359085,-118.01480651460588,8.4000000357627869,6.2968164682388306,4.2999999895691872,3.2477299869060516
2451,33.953000001609325,33.702617049217224,-117,-117.96098963171244,17.700000107288361,6.1403453350067139,3,3.2216223478317261
2288,33.232999980449677,33.693573534488678,-116.37800002098083,-117.95955687761307,9.5999997854232788,6.0996964573860168,3.4999999701976776,3.2180453538894653
1963,33.695800006389618,34.175504252314568,-119.69270002841949,-118.15078420937061,5.9999996423721313,6.3419187068939209,4.1999999955296516,3.2683464288711548
118,35.934999942779541,33.868248283863068,-117.6956669986248,-118.01479062251747,2.7000001072883606,6.2961083650588989,3.4999999701976776,3.247674286365509
2023,34.34400001168251,34.151267319917679,-116.91700005531311,-118.14116413891315,5.0999996066093445,6.3716608285903931,3.7999999970197678,3.2685166597366333
281,35.679000973701477,33.977865109220147,-117.51216900348663,-118.06575483828783,1.9100001454353333,6.2723654508590698,3.8300000131130219,3.2528243958950043
2216,34.552999973297119,33.692649692296982,-116.47000002861023,-117.95942071452737,2.9999998211860657,6.0966682434082031,3.6999999582767487,3.2177245616912842
746,35.647999048233032,33.977821841835976,-117.5453340113163,-118.06574008613825,3.7600001692771912,6.2723475694656372,3.4999999701976776,3.2528185844421387
2103,33.186999976634979,33.68014669418335,-116.17200005054474,-117.95711801201105,3.9999997615814209,6.05317622423172,3,3.2135815322399139
1165,33.958999998867512,33.808035895228386,-116.63170003890991,-117.99038657080382,19.200000017881393,6.2526959180831909,3.5999999642372131,3.2398985624313354
1851,32.983999967575073,33.817088201642036,-116.307000041008,-117.99577840277925,4.8999997973442078,6.2536096572875977,3.0999999940395355,3.2400564551353455
2308,35.980999946594238,33.69367253780365,-117.86900000274181,-117.95957745611668,2.9999998211860657,6.1003562808036804,3.199999988079071,3.2180941700935364
366,35.634335041046143,33.977832464501262,-117.45133197307587,-118.06574563682079,3.099999725818634,6.2723493576049805,3.0999999940395355,3.2528191208839417
1395,33.304000020027161,33.808763548731804,-116.87899994850159,-117.99077564291656,15.100000002421439,6.2602373957633972,3.2999999821186066,3.2403638362884521
555,35.885501980781555,33.977832464501262,-117.71050301194191,-118.06574560701847,2.839999794960022,6.2723511457443237,3.6999999582767487,3.2528191208839417
1674,35.97599995136261,33.816169202327728,-117.32400000095367,-117.99405194725841,1.8999999761581421,6.2621676921844482,3.3999999761581421,3.2409954071044922
1839,34.131999999284744,33.883207805454731,-117.47500002384186,-118.02614897489548,5.6999999284744263,6.2466341257095337,3,3.2440567016601562
838,35.725833058357239,34.076708309352398,-117.57183301448822,-118.11441104114056,6.8200001120567322,6.1725872755050659,3.9999999850988388,3.2492592036724091
1322,33.513000011444092,33.808782890439034,-116.47500002384186,-117.99077932350338,11.799999922513962,6.2601256370544434,3.2999999821186066,3.2403604388237
203,35.638332962989807,33.868343830108643,-117.58533298969269,-118.01481426972896,9.9499998986721039,6.2968513369560242,4.9000000208616257,3.2477352619171143
1741,34,33.81098173558712,-116.85699999332428,-117.99222416989505,14.299999997019768,6.2529918551445007,3,3.2399133145809174
120,35.964499950408936,33.868323862552643,-117.68933299183846,-118.0148095684126,4.4900000095367432,6.2968271970748901,3.2500000298023224,3.2477309703826904
283,35.558997988700867,33.977865094318986,-117.39399701356888,-118.06575483828783,2.0600000023841858,6.2723663449287415,3,3.2528243958950043
575,35.890498995780945,33.977832464501262,-117.72966799139977,-118.06574560701847,2.4799999594688416,6.2723511457443237,3,3.2528191208839417
2487,32.105000019073486,33.693693190813065,-117.12000000476837,-117.95958039164543,5.3000003099441528,6.1004224419593811,3.2999999821186066,3.2181010544300079
1569,32.037899971008301,33.791215315461159,-117.53650000691414,-117.97719389386475,6.3000002503395081,6.3543212413787842,3.4999999701976776,3.2469618022441864
275,35.671501040458679,33.977877207100391,-117.49483501911163,-118.06576098501682,1.7299997806549072,6.2723708152770996,3,3.2528250217437744
1711,34.848999977111816,33.813603952527046,-116.682000041008,-117.99331147875637,7.9999999701976776,6.2515980005264282,3.0999999940395355,3.2400488555431366
2131,33.268999993801117,33.68014669418335,-117.89500000327826,-117.95711801201105,9.9999998509883881,6.05317622423172,3.0999999940395355,3.2135815322399139
360,35.682999014854431,33.977820217609406,-117.52417001128197,-118.06573943048716,8.4300000965595245,6.2723466753959656,3,3.2528183162212372
1659,35.417500019073486,33.81679068505764,-117.75890000164509,-117.99430742533877,10.499999821186066,6.2637895345687866,3.7999999970197678,3.2411428391933441
812,35.601333022117615,34.076703265309334,-117.59700000286102,-118.11440857499838,2.8100001811981201,6.1725926399230957,4.5899999979883432,3.2492595613002777
2064,32.080000042915344,33.912222050130367,-116.40199995040894,-118.04716770350933,10.799999982118607,6.1909988522529602,3,3.238768994808197
629,35.825500965118408,33.977821707725525,-117.67150101065636,-118.0657400265336,6.4199995994567871,6.2723457813262939,3.5400000214576721,3.2528185844421387
1592,33.895599998533726,33.789196938276291,-117.06169998645782,-117.97663245163858,3.4000003337860107,6.3545715808868408,3.4999999701976776,3.2467064559459686
1764,34.136000007390976,33.836375951766968,-117.466000020504,-118.00571702374145,4.6000000834465027,6.239759624004364,3.3999999761581421,3.2399342358112335
286,35.624668002128601,33.977866748347878,-117.43599700927734,-118.06575549393892,7.1400001645088196,6.2723663449287415,3.5999999642372131,3.2528243958950043
903,35.48816704750061,33.810719966888428,-118.30300000309944,-117.99160409439355,1.9399997591972351,6.257438063621521,3.0199999809265137,3.2403550744056702
1094,35.464333057403564,33.856326311826706,-119.97333300113678,-118.01036982610822,7.6400001347064972,6.2827259302139282,3.5400000214576721,3.245706170797348
944,33.976999999955297,33.862182259559631,-117.21549999713898,-118.01263889204711,14.179999977350235,6.2868976593017578,3.199999988079071,3.2464849948883057
423,35.607334017753601,33.977823004126549,-117.44983702898026,-118.06574090570211,10.129999816417694,6.2723404169082642,3.0999999940395355,3.25281822681427
1865,32.715999960899353,33.816745683550835,-116.0440000295639,-117.99565013451502,2.7000001072883606,6.2508648633956909,3.0999999940395355,3.2398625314235687
1694,33.848000004887581,33.816202118992805,-117.7039999961853,-117.99406489217654,10.100000202655792,6.2622803449630737,3.0999999940395355,3.2410054206848145
1637,33.376999974250793,33.818292900919914,-116.40299999713898,-117.99495078949258,13.399999961256981,6.2596294283866882,3.199999988079071,3.241015613079071
890,33.49966698884964,33.810595825314522,-116.80783295631409,-117.99156415276229,2.5699996948242188,6.2567943334579468,3.0999999940395355,3.2403008937835693
65,35.581500053405762,33.868324011564255,-117.41333299875259,-118.01480962801725,5.5700004100799561,6.2968254089355469,3.5899999737739563,3.2477309703826904
1697,33.472800016403198,33.816197857260704,-116.88779997825623,-117.99406264582649,4.6000000834465027,6.2622740864753723,3.7999999970197678,3.2410047054290771
2464,32.605000019073486,33.857000946998596,-116.11500000953674,-118.02668279781938,14.100000020116568,6.3905087113380432,3,3.2457329034805298
916,33.487833023071289,33.815434440970421,-116.80649995803833,-117.99324592156336,2.2800001502037048,6.265636682510376,3.0999999940395355,3.2413381040096283
1840,32.732200026512146,33.883179619908333,-116.05939996242523,-118.0261360052973,6.5999999642372131,6.2469103932380676,4.2999999895691872,3.2440711855888367
230,35.95750105381012,33.86834380030632,-117.28483599424362,-118.0148142548278,4.5100003480911255,6.2968513369560242,3,3.2477352619171143
2113,33.232999980449677,33.680102199316025,-116.39800000190735,-117.95711018517613,5.9999996423721313,6.0530295968055725,3,3.2135664224624634
1220,35.45389997959137,33.81069041788578,-118.35550001263618,-117.99159202445298,10.799999982118607,6.2573021650314331,3.5999999642372131,3.2403443455696106
1222,35.466199994087219,33.810724154114723,-118.52179998159409,-117.99160626996309,3.6000001430511475,6.257445216178894,3.2999999821186066,3.2403557002544403
945,33.920999996364117,33.868350148200989,-116.32166695594788,-118.01481731701642,8.2500001788139343,6.2968611717224121,3.8700000196695328,3.2477362453937531
1360,33.850899994373322,33.808763548731804,-117.78309999406338,-117.99077565781772,5.899999737739563,6.2602373957633972,4.2999999895691872,3.2403638362884521
772,35.601166963577271,34.076703414320946,-117.61066699028015,-118.11440861970186,4.7499999403953552,6.1725926399230957,4.0399999916553497,3.2492596507072449
2525,34.86599999666214,33.69369313120842,-116.317999958992,-117.95958036184311,8.8000001013278961,6.1004233360290527,3.4999999701976776,3.2181010544300079
2315,35.991999983787537,33.691627949476242,-117.87399999797344,-117.95922016724944,3.8999998569488525,6.0927271842956543,3,3.2173762321472168
374,35.810500979423523,33.977820217609406,-117.63733699917793,-118.06573944538832,6.6399997472763062,6.2723466753959656,3.0600000321865082,3.2528184056282043
2173,35.315000057220459,33.68014669418335,-118.65100002288818,-117.95711800456047,4.1999995708465576,6.05317622423172,3,3.2135815322399139
1575,33.421000003814697,33.815803125500679,-119.14699995517731,-117.98528231400996,11.700000017881393,6.398853063583374,3.199999988079071,3.2522505819797516
2492,35.91100001335144,33.702727138996124,-117.83799999952316,-117.96101136133075,2.9999998211860657,6.1410534381866455,3.199999988079071,3.2216764390468597
297,35.871497988700867,33.977878980338573,-117.72283199429512,-118.06576171517372,6.2699997425079346,6.2723717093467712,3.0999999940395355,3.2528252005577087
598,35.776332974433899,33.977834118530154,-117.59299999475479,-118.06574629247189,9.3999999761581421,6.2723493576049805,3.1399999558925629,3.252819299697876
2379,34.141000002622604,33.694374203681946,-116.89400005340576,-117.96000494807959,6.2000003457069397,6.0980236530303955,3.4999999701976776,3.2179563939571381
99,35.847167015075684,33.867966637015343,-117.67550000548363,-118.01467680651695,4.9800002574920654,6.2959197163581848,3.2999999821186066,3.2476398646831512
874,33.89299999922514,33.810580641031265,-118.08833300322294,-117.99155774526298,12.060000076889992,6.2567684054374695,3.1399999558925629,3.2402978539466858
1292,35.962399959564209,33.813385918736458,-117.74300000071526,-117.99238278670236,3.6000001430511475,6.2683457136154175,4.0999999791383743,3.2413326501846313
2043,33.277999997138977,33.816283851861954,-116.18299996852875,-117.99543744744733,1.0999998450279236,6.2516266107559204,3,3.2398772835731506
529,35.562000036239624,33.977820217609406,-117.39450097084045,-118.06573943048716,1.340000331401825,6.2723457813262939,3.7999999970197678,3.2528183162212372
1917,34.421000003814697,33.82096603512764,-119.05999994277954,-117.99711125553586,14.899999997578561,6.2595069408416748,3.0999999940395355,3.2408192753791809
1302,33.625,33.808763459324837,-116.69599997997284,-117.99077562056482,15.599999986588955,6.2602365016937256,3.199999988079071,3.2403638362884521
1356,34.428999990224838,33.808764904737473,-119.10000002384186,-117.99077618680894,14.599999990314245,6.2602382898330688,3,3.2403641045093536
636,35.555333018302917,33.977821663022041,-117.52366700768471,-118.0657400265336,5.5799996852874756,6.2723457813262939,5.010000005364418,3.2528185844421387
2227,34.477999985218048,33.693473607301712,-116.29799997806549,-117.95954573526978,5.6000000238418579,6.0996848344802856,4.1999999955296516,3.2180251479148865
185,35.657001972198486,33.868350148200989,-117.48766297101974,-118.01481733191758,-0.27999937534332275,6.2968611717224121,3,3.2477362453937531
2007,34.138600006699562,34.27471587061882,-117.39020001888275,-118.20999036729336,4.1999995708465576,6.2202322483062744,4.0999999791383743,3.26072958111763
1004,33.676167011260986,33.815435722470284,-116.76066696643829,-117.99324642075226,15.919999983161688,6.265636682510376,3.1800000071525574,3.2413382828235626
1618,34.991999983787537,33.816792815923691,-116.94900000095367,-117.99430867703632,9.0999998152256012,6.2637725472450256,3,3.2411420345306396
2100,34.273200005292892,33.680146753787994,-116.3992999792099,-117.9571180306375,1.7000001668930054,6.05317622423172,3.4999999701976776,3.2135815322399139
1834,34.717000007629395,33.883147247135639,-116.29700005054474,-118.02612783387303,5.3000003099441528,6.2467986345291138,3,3.244059830904007
511,35.730499982833862,33.977821841835976,-117.58233299851418,-118.06574008613825,8.2400000095367432,6.2723457813262939,3.4400000274181366,3.2528185844421387
1783,34.231000006198883,33.810096994042397,-116.71000003814697,-117.99148143734783,3.099999725818634,6.2564331293106079,3.0999999940395355,3.2401836812496185
1216,34.255699992179871,33.810722678899765,-116.82000005245209,-117.99160569999367,13.200000040233135,6.2574425339698792,3.7999999970197678,3.2403554320335388
1976,33.572899997234344,34.184923082590103,-116.51919996738434,-118.1586567312479,15.299999993294477,6.307300329208374,5.2000000029802322,3.2654573321342468
2110,33.389999985694885,33.680115222930908,-118.66500002145767,-117.95711172744632,2.800000011920929,6.0529866814613342,3,3.2135644555091858
607,35.876335024833679,33.977820217609406,-117.73433700203896,-118.06573943048716,4.7700002789497375,6.2723466753959656,3.5899999737739563,3.2528184056282043
1743,35.912999987602234,33.811589896678925,-117,-117.99244959512725,0.50000041723251343,6.2541747093200684,3.0999999940395355,3.2400434017181396
2429,34.912999987602234,33.691627949476242,-116.41100001335144,-117.95922016724944,2.5000002980232239,6.0927271842956543,3.6999999582767487,3.217376321554184
151,35.752500057220459,33.868343681097031,-117.57749998569489,-118.01481418032199,6.6800004243850708,6.2968522310256958,3.3400000333786011,3.2477352619171143
1607,35.550999999046326,33.816785573959351,-117.28299999237061,-117.99430432962254,3.8999998569488525,6.2636339664459229,3,3.2411336302757263
1932,32.976999998092651,33.816388666629791,-116.31700003147125,-117.99550122767687,12.999999895691872,6.2517356872558594,3.3999999761581421,3.2398826479911804
1956,35.034000039100647,33.816011011600494,-119.00800001621246,-117.9953007674776,11.200000047683716,6.2506896257400513,3.3999999761581421,3.2398083508014679
1938,32.462000012397766,33.817008823156357,-118.18199999630451,-117.99529644241557,11.999999955296516,6.2563231587409973,3.2999999821186066,3.2403754591941833
2307,35.983999967575073,33.693514794111252,-117.86100000143051,-117.9595534875989,1.8999999761581421,6.0998564958572388,3.2999999821186066,3.2180408835411072
23,35.610499978065491,33.866214275360107,-117.58583301305771,-118.01400988735259,6.4899998903274536,6.2940412759780884,3.0600000321865082,3.2473615407943726
158,35.896499991416931,33.868350028991699,-117.71866700053215,-118.0148172872141,8.2200001180171967,6.2968611717224121,3,3.2477362453937531
1559,33.269999980926514,33.815805077552795,-116.13699996471405,-117.98528286907822,9.3000000715255737,6.3988557457923889,3,3.2522510290145874
331,35.930667042732239,33.977820217609406,-117.70216700434685,-118.06573943048716,3.0499997735023499,6.2723466753959656,3.0500000417232513,3.2528184056282043
1037,34.130500003695488,33.810771375894547,-117.0460000038147,-117.99162216577679,9.6700000762939453,6.2575793266296387,3.4400000274181366,3.2403692007064819
2427,33.960999999195337,33.69369313120842,-116.8289999961853,-117.95958036929369,19.600000083446503,6.1004224419593811,3.0999999940395355,3.2181011438369751
1771,35.937399983406067,33.835652068257332,-117.72220000624657,-118.00545060774311,6.6999998688697815,6.23811274766922,3.5999999642372131,3.2397648990154266
2040,32.585000038146973,33.840842708945274,-116.16799998283386,-118.00866221450269,1.9999998807907104,6.2369003891944885,3.4999999701976776,3.2397134900093079
2490,35.967000007629395,33.700623452663422,-117.85099999606609,-117.96064441651106,1.8000000715255737,6.1332088708877563,3.0999999940395355,3.2209292650222778
1750,35.485000014305115,33.811594188213348,-118.44569998979568,-117.99245516816154,9.9999998509883881,6.2543222308158875,3.4999999701976776,3.2400509119033813
642,35.841999053955078,33.977822795510292,-117.66049998998642,-118.06574080139399,3.6100003123283386,6.2723404169082642,3.4600000083446503,3.25281822681427
1283,34.020600000396371,33.808763742446899,-117.78560000658035,-117.99077569507062,3.7999999523162842,6.2602382898330688,3.7999999970197678,3.2403640151023865
311,35.654167056083679,33.977832464501262,-117.47266399860382,-118.06574562191963,2.9499998688697815,6.2723511457443237,3.2500000298023224,3.2528191208839417
351,35.803001046180725,33.977820083498955,-117.6334989964962,-118.06573938578367,2.6399999856948853,6.2723466753959656,3.3999999761581421,3.2528183162212372
548,35.637001037597656,33.977832360193133,-117.43699699640274,-118.06574556231499,11.13999992609024,6.2723493576049805,3.0600000321865082,3.2528191208839417
2494,35.965999960899353,33.702727138996124,-117.88400000333786,-117.96101135388017,0,6.1410534381866455,3.7999999970197678,3.2216764390468597
1376,33.174199998378754,33.806059047579765,-118.82300001382828,-117.98955091275275,16.899999976158142,6.2554603815078735,3.4999999701976776,3.2399028539657593
2454,34.773999989032745,33.702617555856705,-116.35699999332428,-117.96098972856998,5.6999999284744263,6.1403462290763855,4.1999999955296516,3.2216226160526276
306,35.683833956718445,33.977877222001553,-117.53099799156189,-118.06576099991798,1.1499997973442078,6.2723708152770996,3.2600000202655792,3.2528250217437744
287,35.906666040420532,33.977865109220147,-117.70833599567413,-118.06575483828783,4.5899999141693115,6.2723663449287415,3.199999988079071,3.2528243958950043
694,35.888332962989807,33.977825239300728,-117.69783300161362,-118.06574178487062,8.9300000667572021,6.2723422050476074,4.1999999955296516,3.2528184056282043
1410,33.225600004196167,33.808729752898216,-116.27339994907379,-117.99076238553971,5.3000003099441528,6.2601238489151001,3.8999999910593033,3.2403537333011627
630,35.926334023475647,33.977832479402423,-117.72567000985146,-118.06574562191963,8.789999932050705,6.2723511457443237,3.3999999761581421,3.2528192102909088
2067,34.30799999833107,33.927312888205051,-116.932000041008,-118.05300194770098,10.100000202655792,6.2142348289489746,3.4999999701976776,3.2413681447505951
1869,32.725299954414368,33.826521754264832,-116.03480005264282,-118.00296126841567,12.699999958276749,6.2379813194274902,3.5999999642372131,3.2383434176445007
1301,33.249000012874603,33.806061878800392,-116.00499999523163,-117.98955252580345,1.8000000715255737,6.255466639995575,3.0999999940395355,3.2399032115936279
1553,34.208000004291534,33.843932941555977,-117.53499999642372,-118.00895224511623,8.5999998450279236,6.2431150674819946,3,3.2406964302062988
1310,33.652700006961823,33.808759585022926,-118.36629998683929,-117.9907736312598,7.3000001907348633,6.2602311372756958,3.7999999970197678,3.2403632998466492
888,33.121167004108429,33.810591742396355,-116.0593329668045,-117.99156206287444,3.7000000476837158,6.2567871809005737,3.0399999618530273,3.240300178527832
1640,33.928000003099442,33.816185623407364,-118.34610000252724,-117.99405793379992,8.9000000059604645,6.2622526288032532,5.0000000149011612,3.2410022020339966
2020,34.748399972915649,34.189319655299187,-116.03069996833801,-118.16101464629173,2.2999995946884155,6.3213568925857544,3.6999999582767487,3.2666269540786743
1420,34.681400001049042,33.808695629239082,-116.28340005874634,-117.99074857961386,7.4000000953674316,6.2601059675216675,3.9999999850988388,3.2403499782085419
1518,33.458000004291534,33.817923247814178,-116.47599995136261,-117.99515917338431,12.899999991059303,6.2570714950561523,3.2999999821186066,3.2406914234161377
1456,33.522199988365173,33.808764398097992,-119.09829998016357,-117.99077600426972,16.099999956786633,6.2602373957633972,3.6999999582767487,3.2403640151023865
1189,35.975800037384033,33.810721471905708,-116.09660005569458,-117.9916046531871,5.5000001192092896,6.257438063621521,3.0999999940395355,3.2403552532196045
13,35.675832986831665,33.868217810988426,-117.52366700768471,-118.01476823538542,9.5100000500679016,6.2964257597923279,3.5099999606609344,3.2476964592933655
1462,35.980000019073486,33.784180521965027,-117.66699999570847,-117.97538968361914,8.1999997794628143,6.3409209251403809,3.199999988079071,3.2451632916927338
1453,34.218999996781349,33.808780670166016,-116.75399994850159,-117.99077906273305,2.9999998211860657,6.2602221965789795,3.0999999940395355,3.2403657138347626
514,35.906666994094849,33.977821856737137,-117.68466699123383,-118.06574008613825,1.9399997591972351,6.2723466753959656,3,3.2528185844421387
409,35.651165008544922,33.977820217609406,-117.5626679956913,-118.06573943048716,3.6000001430511475,6.2723466753959656,3.0800000131130219,3.2528184056282043
1053,33.267000019550323,33.810749471187592,-116.11466705799103,-117.99161483813077,3.0899995565414429,6.257287859916687,3.129999965429306,3.2403494417667389
313,35.887665033340454,33.977820217609406,-117.73116299510002,-118.06573943048716,4.5000001788139343,6.2723466753959656,3.2800000011920929,3.2528183162212372
1928,33.611000001430511,33.816489323973656,-117.26999998092651,-117.99553473293781,13.80000002682209,6.2520280480384827,3.2999999821186066,3.2399126887321472
1977,32.527999997138977,34.127345085144043,-117.5789999961853,-118.131626278162,11.999999955296516,6.3156062364578247,3.199999988079071,3.2630360126495361
1583,34.007000000216067,33.816676735877991,-117.19199997186661,-117.98554636351764,7.8000001609325409,6.4019107818603516,3.0999999940395355,3.2525529563426971
912,34.101667001843452,33.810720428824425,-117.31000000238419,-117.99160428810865,15.889999978244305,6.257438063621521,3.4300000369548798,3.2403551638126373
1316,35.491000056266785,33.729174107313156,-118.39399999380112,-117.96820812672377,9.3999999761581421,6.0903230309486389,3.0999999940395355,3.2218631207942963
382,35.697666049003601,33.977834088727832,-117.48249799013138,-118.06574629247189,3.6199995875358582,6.2723493576049805,3.1899999976158142,3.252819299697876
1137,35.026100039482117,33.808824732899666,-119.06200003623962,-117.99087928235531,17.899999916553497,6.2551009654998779,3.4999999701976776,3.2400417029857635
1675,35.978000044822693,33.81616373360157,-117.32200002670288,-117.99404934700578,1.600000262260437,6.2621578574180603,3.199999988079071,3.2409945130348206
1313,33.981000000610948,33.808141335844994,-118.78200000524521,-117.99054023623466,12.999999895691872,6.2589007616043091,3.0999999940395355,3.2402251660823822
1594,33.965999998152256,33.8182532787323,-116.87699997425079,-117.99493467761204,10.799999982118607,6.2594819068908691,3.199999988079071,3.2410030961036682
2271,33.28600001335144,33.693578362464905,-118.68199998140335,-117.95955803990364,5.6000000238418579,6.0997045040130615,3.0999999940395355,3.2180463373661041
1290,35.470800042152405,33.813385918736458,-118.28139999508858,-117.99238278670236,3.7000000476837158,6.2683457136154175,3.0999999940395355,3.2413326501846313
263,35.662498950958252,33.977865094318986,-117.54516598582268,-118.06575483828783,7.9800000786781311,6.2723663449287415,3.1099999845027924,3.2528243958950043
949,34.13816699385643,33.808162659406662,-117.42383301258087,-117.99062900058925,4.0499997138977051,6.2536275386810303,3.0099999904632568,3.2398909628391266
2188,34.805000007152557,33.692649692296982,-116.26999998092651,-117.95942070707679,6.3000002503395081,6.0966682434082031,3,3.2177245616912842
2529,34.861999988555908,33.69455087184906,-116.36000001430511,-117.95983425155282,6.6999998688697815,6.0949087142944336,3,3.2178793251514435
415,35.86316704750061,33.977820217609406,-117.70300298929214,-118.06573943048716,6.990000307559967,6.2723457813262939,3.5400000214576721,3.2528183162212372
2046,33.710999995470047,33.816416770219803,-116.05299997329712,-117.99547208892182,12.899999991059303,6.2521907687187195,3,3.2399318218231201
358,35.647498965263367,33.977820217609406,-117.45066797733307,-118.06573943048716,9.8399998247623444,6.2723466753959656,3.0500000417232513,3.2528183162212372
1210,35.019899964332581,33.810725480318069,-119.32710003852844,-117.99160678032786,7.8000001609325409,6.2574461102485657,3.2999999821186066,3.2403558790683746
900,33.483500003814697,33.810719966888428,-116.80216705799103,-117.99160409811884,2.0499998331069946,6.2574362754821777,3.6999999582767487,3.2403550744056702
8,35.907166957855225,33.868222802877426,-117.70550000667572,-118.01477075368166,2.9399996995925903,6.2964364886283875,3.0999999940395355,3.2476971745491028
1978,33.498000025749207,33.961877137422562,-116.52300000190735,-118.05896981060505,14.400000013411045,6.3577964901924133,3.0999999940395355,3.2564247250556946
316,35.820332050323486,33.977820232510567,-117.6618350148201,-118.06573944538832,3.8399997353553772,6.2723466753959656,3.4500000178813934,3.2528184056282043
304,35.545833945274353,33.977877356112003,-117.40966802835464,-118.06576104462147,2.3099997639656067,6.2723708152770996,3,3.2528250217437744
427,35.853667974472046,33.977820217609406,-117.67150101065636,-118.06573943048716,7.7799998223781586,6.2723466753959656,3.0999999940395355,3.2528184056282043
105,35.927000045776367,33.911949425935745,-117.69316700100899,-118.03708646073937,4.1300001740455627,6.2813267111778259,3.129999965429306,3.2486165463924408
1539,32.258999943733215,33.817921325564384,-116.6360000371933,-117.99516173638403,7.9999999701976776,6.25721275806427,3,3.2406981289386749
121,35.60699999332428,33.868317574262619,-117.60400000214577,-118.01480651460588,3.9899995923042297,6.2968164682388306,3.75,3.2477299869060516
1477,35.080000042915344,33.813336715102196,-118.99889999628067,-117.9935562312603,14.499999973922968,6.2494003772735596,3.199999988079071,3.2397572100162506
1602,32.897699952125549,33.816793978214264,-117.87550000101328,-117.99430910916999,2.8999999165534973,6.2637752294540405,3.5999999642372131,3.241142213344574
889,32.641332983970642,33.810591891407967,-118.04983299970627,-117.99156211875379,5.8399996161460876,6.2567871809005737,3.1500000357627869,3.240300178527832
1361,33.81530000269413,33.808760702610016,-117.83290000259876,-117.99077407084405,1.2999996542930603,6.2602329254150391,4.0999999791383743,3.2403633892536163
1831,32.692000031471252,33.883184663951397,-116.01139998435974,-118.02614138461649,16.000000052154064,6.2468397617340088,3.2999999821186066,3.2440660893917084
1269,32.678099989891052,33.80876362323761,-118.24819999933243,-117.99077569879591,18.200000077486038,6.2602365016937256,3.0999999940395355,3.2403638362884521
115,35.645833015441895,33.868246749043465,-117.45300000905991,-118.01478999760002,9.9799999594688416,6.2961074709892273,3.0999999940395355,3.2476741075515747
1457,35.144000053405762,33.808759763836861,-116.86300003528595,-117.99077367596328,2.6000002026557922,6.2602311372756958,3.2999999821186066,3.2403632998466492
744,35.604168057441711,33.977821677923203,-117.59266701340675,-118.06574001163244,1.9700002670288086,6.2723457813262939,3.5400000214576721,3.2528185844421387
1381,33.476000010967255,33.859092488884926,-116.48699998855591,-118.01134949643165,15.500000026077032,6.2896746397018433,3.3999999761581421,3.2463961243629456
1608,35.541399955749512,33.816785752773285,-117.25919997692108,-117.99430437432602,9.9999998509883881,6.2636357545852661,5.1000000089406967,3.2411336302757263
2373,34.479000002145767,33.692681491374969,-116.19400000572205,-117.95941291749477,5.6000000238418579,6.0958456993103027,3,3.2176919281482697
969,33.498667001724243,33.805541813373566,-116.80066704750061,-117.98958104196936,5.2900001406669617,6.2539976835250854,3.4799999892711639,3.2396956086158752
1286,33.279399991035461,33.813390120863914,-116.39520001411438,-117.99238492129371,11.999999955296516,6.2683528661727905,3.0999999940395355,3.241333544254303
672,35.648332953453064,33.977820262312889,-117.46733301877975,-118.06573946028948,4.2099997401237488,6.2723475694656372,3.5999999642372131,3.2528184056282043
2339,34.225999996066093,33.69369313120842,-117.46399998664856,-117.95958036929369,14.799999995157123,6.1004224419593811,3.199999988079071,3.2181011438369751
2453,34.843999981880188,33.702617049217224,-116.33599996566772,-117.96098962426186,4.699999988079071,6.1403453350067139,3.6999999582767487,3.2216223478317261
1692,35.9617999792099,33.816200703382492,-117.33880001306534,-117.99406431848183,9.9999998509883881,6.2622794508934021,4.0999999791383743,3.2410050630569458
309,35.814998984336853,33.977832464501262,-117.59783199429512,-118.06574560701847,7.539999783039093,6.2723511457443237,3.2500000298023224,3.2528191208839417
591,35.916831970214844,33.977832494303584,-117.75316600501537,-118.06574563682079,3.0800002813339233,6.2723493576049805,3.199999988079071,3.2528192102909088
462,35.898334980010986,33.977821871638298,-117.72866800427437,-118.06574008613825,2.6699995994567871,6.2723475694656372,3.4300000369548798,3.2528185844421387
1017,34.026333000510931,33.810754135251045,-118.51933300495148,-117.99161756131798,9.5600000023841858,6.257554292678833,3.0600000321865082,3.2403652667999268
1000,34.414499998092651,33.8153957426548,-117.6791670024395,-117.99323058128357,3.7799996137619019,6.2655669450759888,3,3.2413302361965179
1714,35.198300004005432,33.816200762987137,-119.41159999370575,-117.9940643296577,13.80000002682209,6.2622785568237305,3.2999999821186066,3.2410050630569458
962,33.74099999666214,33.808019652962685,-117.4911670088768,-117.99037801846862,11.150000095367432,6.2526029348373413,3.9700000137090683,3.2398921251296997
552,35.622833013534546,33.977820232510567,-117.42066699266434,-118.06573943048716,6.7100000381469727,6.2723466753959656,3.3999999761581421,3.2528184056282043
87,35.671833038330078,33.867958888411522,-117.46933299303055,-118.01467319298536,9.179999828338623,6.2959098815917969,3.6999999582767487,3.2476387917995453
690,35.89033305644989,33.977820217609406,-117.73033300042152,-118.06573943048716,6.1500003933906555,6.2723457813262939,4.5,3.2528184056282043
1745,33.425100028514862,33.733115643262863,-116.41480004787445,-117.96934709884226,9.700000137090683,6.0985815525054932,4.9000000208616257,3.2226690351963043
2300,35.730999946594238,33.691511005163193,-118.48199999332428,-117.95919740200043,4.8999997973442078,6.09200119972229,3.199999988079071,3.2173207998275757
2452,34.800000011920929,33.702617049217224,-116.33000004291534,-117.96098961681128,4.6000000834465027,6.1403444409370422,3.0999999940395355,3.2216223478317261
1667,34.303299993276596,33.816794589161873,-116.90670001506805,-117.99430949287489,7.5,6.2637948989868164,3.5999999642372131,3.2411434650421143
2406,34.05799999833107,33.693693190813065,-117.25999999046326,-117.95958038419485,11.200000047683716,6.1004224419593811,3,3.2181010544300079
800,35.786700010299683,34.076705276966095,-117.54780000448227,-118.11440926790237,4.9999997019767761,6.1725926399230957,3,3.249259740114212
2090,33.8175999969244,33.678020685911179,-116.19539999961853,-117.95617648586631,5.6000000238418579,6.0567927360534668,3.3999999761581421,3.2135630249977112
300,35.830165982246399,33.977865094318986,-117.66483300924301,-118.06575483828783,4.2800000309944153,6.2723663449287415,3.0099999904632568,3.2528243958950043
1858,32.802000045776367,33.816461846232414,-117.71500000357628,-117.99552392959595,6.9999995827674866,6.2518438696861267,3.0999999940395355,3.2398990988731384
543,35.707667946815491,33.977821871638298,-117.50700399279594,-118.06574008613825,4.4699996709823608,6.2723475694656372,3.0099999904632568,3.2528185844421387
2237,35.422000050544739,33.693693846464157,-116.4539999961853,-117.9595805183053,6.7999997735023499,6.1004242300987244,3.199999988079071,3.2181013226509094
2247,34.250999987125397,33.693558096885681,-118.7940000295639,-117.95955500379205,5.7999998331069946,6.0996347665786743,3.3999999761581421,3.2180391848087311
494,35.60716700553894,33.977820098400116,-117.41750001907349,-118.06573938578367,4.2300000786781311,6.2723466753959656,3.199999988079071,3.2528184056282043
365,35.700332999229431,33.977834088727832,-117.5093309879303,-118.06574629247189,6.849999725818634,6.2723511457443237,3.7100000381469727,3.2528194785118103
2290,34.595000028610229,33.693693101406097,-116.27100002765656,-117.95958036184311,5.6000000238418579,6.1004224419593811,3.0999999940395355,3.2181011438369751
1600,35.973999977111816,33.816161543130875,-117.40499997138977,-117.99404834490269,2.8999999165534973,6.2621337175369263,3.5999999642372131,3.2409929037094116
273,35.929000020027161,33.977865094318986,-117.31133300065994,-118.06575483828783,6.0499995946884155,6.2723663449287415,3.199999988079071,3.2528243958950043
788,35.640334963798523,34.076703399419785,-117.59966999292374,-118.11440861970186,9.9199998378753662,6.1725926399230957,3.3999999761581421,3.2492596507072449
71,35.871999979019165,33.868319019675255,-117.58100000023842,-118.01480707339942,8.9499999582767487,6.2968182563781738,3.0600000321865082,3.2477300763130188
2333,34.257999986410141,33.690574169158936,-116.75999999046326,-117.95905869081616,4.0999996662139893,6.0889363288879395,3,3.2169967889785767
1868,32.718000054359436,33.82651524245739,-116.04900002479553,-118.00295721529983,2.8999999165534973,6.2380099296569824,3.3999999761581421,3.2383451163768768
63,33.546332985162735,33.868323981761932,-118.1716669946909,-118.01480961311609,11.709999963641167,6.2968254089355469,3.5300000309944153,3.2477309703826904
394,35.960834980010986,33.977821841835976,-117.27300298213959,-118.06574008613825,2.8700003027915955,6.2723466753959656,3.2700000107288361,3.2528185844421387
1626,32.098000049591064,33.815586686134338,-117.52399998903275,-117.99383268970996,12.100000083446503,6.2609446048736572,3,3.2408668398857117
343,35.64549994468689,33.977820217609406,-117.4541699886322,-118.06573943048716,2.6899999380111694,6.2723466753959656,3.199999988079071,3.2528183162212372
1418,32.866199970245361,33.808725535869598,-116.21599996089935,-117.99076022114605,18.799999952316284,6.2601166963577271,3.5999999642372131,3.2403531074523926
1801,32.757500052452087,33.883246503770351,-117.36129999160767,-118.02616639062762,8.7000001966953278,6.2469148635864258,3.0999999940395355,3.2440758347511292
500,35.631168007850647,33.977834103628993,-117.40716600418091,-118.06574629247189,2.5199997425079346,6.2723511457443237,3.5099999606609344,3.252819299697876
1725,33.913000002503395,33.842124536633492,-117.79000000655651,-118.00777771882713,17.300000041723251,6.2489444017410278,3,3.2410576343536377
1173,34.026799999177456,33.977954654023051,-116.65240001678467,-118.06579945236444,16.299999989569187,6.2718647718429565,3.0999999940395355,3.2527978420257568
677,35.902832984924316,33.977820292115211,-117.73383298516273,-118.06573946028948,7.2699996829032898,6.2723475694656372,4.6000000052154064,3.2528184056282043
2250,34.354000002145767,33.693403631448746,-118.65100002288818,-117.95952996984124,12.999999895691872,6.0991457104682922,3.0999999940395355,3.2179877758026123
1944,35.730999946594238,33.816625699400902,-116.24500000476837,-117.9955488294363,4.400000274181366,6.2522041797637939,3.199999988079071,3.2399500608444214
2130,34.310000002384186,33.680146753787994,-116.85099995136261,-117.95711799710989,5.7999998331069946,6.0531753301620483,3.2999999821186066,3.2135815322399139
1576,33.019900023937225,33.815803304314613,-116.33210003376007,-117.985282340087,3.1999996304512024,6.398853063583374,3.9999999850988388,3.2522505819797516
272,35.623332977294922,33.977865094318986,-117.58349999785423,-118.06575483828783,11.059999912977219,6.2723663449287415,3.0999999940395355,3.2528243958950043
1463,33.021399974822998,33.784180521965027,-116.25520002841949,-117.97538968734443,14.599999990314245,6.3409209251403809,3.5999999642372131,3.2451632916927338
205,35.698166012763977,33.86834380030632,-117.5256649851799,-118.01481424737722,7.9699999094009399,6.2968522310256958,3.1500000357627869,3.2477352619171143
733,35.69933295249939,33.977820217609406,-117.4830020070076,-118.06573944538832,1.2099999189376831,6.2723457813262939,3,3.2528183162212372
152,35.370833039283752,33.86834380030632,-117.84233300387859,-118.01481424737722,2.8299996256828308,6.2968522310256958,3.2400000393390656,3.2477352619171143
1753,34.832300007343292,33.786123886704445,-116.33630001544952,-117.97593228518963,9.9999998509883881,6.3406741619110107,3,3.2454055845737457
557,35.911167025566101,33.977833954617381,-117.73883301019669,-118.06574620306492,5.1400002837181091,6.2723493576049805,4.6000000052154064,3.252819299697876
377,35.891834020614624,33.977820217609406,-117.72316700220108,-118.06573944538832,3.8700002431869507,6.2723457813262939,3.3400000333786011,3.2528183162212372
1461,34.056000001728535,33.784180521965027,-117.85439999401569,-117.97538968361914,13.100000023841858,6.3409209251403809,3,3.2451632916927338
535,35.800835013389587,33.977820217609406,-117.6334989964962,-118.06573944538832,6.550000011920929,6.2723466753959656,3.8999999910593033,3.2528184056282043
1234,33.917700000107288,33.808111369609833,-117.89169999957085,-117.99052896350622,17.899999916553497,6.2587925791740417,3.0999999940395355,3.2402155101299286
1044,32.830000042915344,33.810772478580475,-116.12849998474121,-117.99162256065756,10.36999985575676,6.2575802206993103,3.7999999970197678,3.2403693795204163
1973,34.052999999374151,34.165782079100609,-117.02200001478195,-118.14886702597141,16.799999959766865,6.3015174865722656,3.4999999701976776,3.2640458643436432
198,35.665832996368408,33.86834380030632,-117.48116302490234,-118.01481424737722,5.85999995470047,6.2968522310256958,3,3.2477352619171143
561,35.606335043907166,33.977820232510567,-117.39983397722244,-118.06573944538832,4.5699995756149292,6.2723466753959656,3.5999999642372131,3.2528184056282043
685,35.72599995136261,33.977823004126549,-117.56133300065994,-118.06574176996946,11.089999973773956,6.2723493576049805,4.0100000202655792,3.2528184056282043
2336,33.973999999463558,33.693694144487381,-117.22600001096725,-117.95958056300879,13.700000010430813,6.100425124168396,3,3.2181015014648438
590,35.715167999267578,33.977832464501262,-117.56666600704193,-118.06574563682079,6.6200003027915955,6.2723511457443237,3.7999999970197678,3.2528191208839417
519,35.888167977333069,33.977822005748749,-117.73266598582268,-118.06574016064405,5.7600000500679016,6.2723466753959656,3.6999999582767487,3.2528185844421387
308,35.775333046913147,33.977820217609406,-117.60116600990295,-118.06573944538832,7.8700000047683716,6.2723466753959656,3.4999999701976776,3.2528184056282043
604,35.874668002128601,33.977820217609406,-117.69883000850677,-118.06573944538832,1.9499999284744263,6.2723466753959656,4.3599999994039536,3.2528184056282043
2183,35.315000057220459,33.690079420804977,-118.65600001811981,-117.95868240296841,2.4000003933906555,6.0971063375473022,3.0999999940395355,3.2174282670021057
931,34.94083297252655,33.810724183917046,-116.66016697883606,-117.99160628486425,9.4400002062320709,6.257445216178894,3.129999965429306,3.2403557896614075
59,35.938832998275757,33.912350445985794,-117.31983298063278,-118.03724625706673,3.1300002336502075,6.2823271751403809,3.2700000107288361,3.2487144470214844
583,35.718999981880188,33.977832464501262,-117.6786670088768,-118.06574560701847,3.7000000476837158,6.2723511457443237,3.2999999821186066,3.2528191208839417
911,35.777166962623596,33.810619682073593,-118.24449999630451,-117.99156561680138,8.8699999451637268,6.2571018934249878,3.199999988079071,3.240325391292572
207,35.944000005722046,33.86834380030632,-117.37999999523163,-118.01481424737722,1.2900003790855408,6.2968513369560242,3.9399999976158142,3.2477352619171143
491,35.863332986831665,33.977832479402423,-117.67283299565315,-118.06574563682079,2.7399998903274536,6.2723511457443237,3.2999999821186066,3.2528191208839417
923,33.477167010307312,33.810718953609467,-116.80333304405212,-117.99160364363343,1.8899998068809509,6.2574362754821777,4.4299999997019768,3.2403548955917358
785,35.689666986465454,34.076703272759914,-117.48533600568771,-118.11440857499838,7.0800000429153442,6.1725926399230957,3.5600000023841858,3.2492595613002777
964,34.816833019256592,33.810706228017807,-116.07333302497864,-117.9915961259976,3.75,6.2574487924575806,4.0999999791383743,3.240355521440506
2467,34.662000000476837,33.702727138996124,-116.25399994850159,-117.96101136133075,3.3000004291534424,6.1410534381866455,3,3.2216764390468597
792,35.662333011627197,34.076705262064934,-117.52399998903275,-118.11440926790237,1.4900001883506775,6.1725926399230957,4.1599999889731407,3.249259740114212
831,35.63916802406311,34.076703429222107,-117.61866798996925,-118.1144086048007,7.6100000739097595,6.172594428062439,3.3799999952316284,3.2492596507072449
162,35.623167037963867,33.868350148200989,-117.4748330116272,-118.014817324467,8.2099999487400055,6.2968611717224121,3.0999999940395355,3.2477362453937531
2136,34.32600000500679,33.6800217628479,-116.86199998855591,-117.95709664002061,1.8999999761581421,6.0524725914001465,3,3.2135218977928162
526,35.860000967979431,33.977820217609406,-117.71083098649979,-118.06573944538832,8.2599999010562897,6.2723457813262939,3.3300000429153442,3.2528183162212372
891,34.407667011022568,33.810591831803322,-116.89199995994568,-117.99156208895147,1.5599995851516724,6.2567871809005737,3.4099999666213989,3.240300178527832
1159,34.025900000706315,33.808063596487045,-117.22060000896454,-117.99039442744106,19.100000113248825,6.2525922060012817,3,3.2398963272571564
256,35.892166018486023,33.868350148200989,-117.70933499932289,-118.01481731701642,7.0199999213218689,6.2968611717224121,3.4600000083446503,3.2477362453937531
506,35.885334014892578,33.977821841835976,-117.73016399145126,-118.06574008613825,4.4600003957748413,6.2723466753959656,3.8999999910593033,3.2528185844421387
2015,32.218600034713745,34.214003458619118,-116.09650003910065,-118.1692548841238,14.299999997019768,6.3627031445503235,3.5999999642372131,3.2722806036472321
2148,34.307000011205673,33.681257098913193,-116.84599995613098,-117.95728801563382,5.0999996066093445,6.0571584105491638,3,3.2139789462089539
2259,34.409999996423721,33.693720161914825,-116.4650000333786,-117.95958477631211,8.7000001966953278,6.1006951332092285,3.3999999761581421,3.2181209921836853
2193,33.530000001192093,33.69239729642868,-116.94000005722046,-117.95937406271696,6.1000004410743713,6.0953423380851746,3.0999999940395355,3.2176151275634766
1309,34.857999980449677,33.808759585022926,-119.2389999628067,-117.99077360518277,12.699999958276749,6.2602311372756958,3.199999988079071,3.2403632998466492
1946,32.003999948501587,33.816011041402817,-116.27600002288818,-117.99530074885115,7.9999999701976776,6.2506896257400513,3,3.2398083508014679
1728,33.826900005340576,33.8421231508255,-117.87299999594688,-118.00777724198997,16.19999997317791,6.2489408254623413,5.5000000298023224,3.2410571873188019
20,35.713500022888184,33.866214066743851,-117.56866699457169,-118.01400982029736,8.2599999010562897,6.2940403819084167,3.6999999582767487,3.2473614513874054
1450,33.622999995946884,33.808747336268425,-119.04299998283386,-117.99076598696411,10.700000077486038,6.260109543800354,3.5999999642372131,3.2403554320335388
439,35.686668038368225,33.977821841835976,-117.54149600863457,-118.06574008613825,1.5000003576278687,6.2723466753959656,3,3.2528185844421387
1893,33.249000012874603,33.816493466496468,-116.02799999713898,-117.99553689360619,3.7000000476837158,6.2520360946655273,3.3999999761581421,3.2399133145809174
381,35.628502011299133,33.977820217609406,-117.58216899633408,-118.06573943048716,9.1500002145767212,6.2723466753959656,3.2800000011920929,3.2528183162212372
1952,35.034999966621399,33.816007018089294,-119,-117.99529864778742,11.100000143051147,6.2506824731826782,3.199999988079071,3.2398077249526978
2283,33.923000000417233,33.691510945558548,-117.77400000393391,-117.95919738337398,11.799999922513962,6.0920003056526184,3.0999999940395355,3.2173207998275757
538,35.892501950263977,33.977821663022041,-117.72316700220108,-118.06574001163244,4.3500003218650818,6.2723457813262939,3.4999999701976776,3.2528185844421387
2031,35.600000023841858,33.812872812151909,-117.03500002622604,-117.99409844214097,5.6000000238418579,6.2447941303253174,3.199999988079071,3.2391720414161682
1941,33.997800000011921,33.81694583594799,-116.72370004653931,-117.99573289509863,8.4999999403953552,6.2528657913208008,3.8999999910593033,3.2399938702583313
83,34.012667000293732,33.868319436907768,-116.75183296203613,-118.01480722147971,17.330000102519989,6.2968182563781738,3.199999988079071,3.247730165719986
2121,35.20799994468689,33.681256979703903,-118.1169999986887,-117.95728800818324,4.9999997019767761,6.0571584105491638,3,3.2139789462089539
1237,33.884499996900558,33.808112397789955,-117.92279999703169,-117.99052934348583,13.499999977648258,6.2587934732437134,5.1000000089406967,3.2402156889438629
1350,34.068000003695488,33.808763712644577,-118.3910000026226,-117.99077571742237,2.4000003933906555,6.2602382898330688,3.2999999821186066,3.2403640151023865
883,35.365000009536743,33.81059318780899,-117.87083299458027,-117.99156258814037,2.6500001549720764,6.256788969039917,3.1700000166893005,3.2403004467487335
1263,33.682099997997284,33.808728605508804,-116.74609994888306,-117.99076179321855,20.799999833106995,6.260102391242981,3.4999999701976776,3.2403523921966553
2107,34.288800001144409,33.680106490850449,-118.77920001745224,-117.95711120218039,17.899999916553497,6.0530367493629456,3.3999999761581421,3.2135674953460693
1805,33.422699987888336,33.889899648725986,-117.73489999771118,-118.02858993038535,2.8999999165534973,6.2566405534744263,4.8000000044703484,3.2453264594078064
886,34.271499991416931,33.810590833425522,-119.58200001716614,-117.99156232364476,0.74000000953674316,6.2567853927612305,3.0999999940395355,3.2402999103069305
270,35.680667996406555,33.977877326309681,-117.51300099492073,-118.06576104462147,5.7300004363059998,6.2723708152770996,3.2999999821186066,3.2528250217437744
1746,34.019999999552965,33.811589613556862,-117.14300000667572,-117.99245286593214,5.899999737739563,6.2543141841888428,3.0999999940395355,3.2400500178337097
1179,35.406100034713745,33.865754917263985,-117.79549999535084,-118.01361795328557,12.899999991059303,6.2910443544387817,3.199999988079071,3.2472212612628937
2445,34.804000020027161,33.702727138996124,-116.13100004196167,-117.96101135760546,1.600000262260437,6.1410534381866455,3.4999999701976776,3.2216764390468597
2295,32.759999990463257,33.693693101406097,-118.32100000977516,-117.95958036184311,26.299999952316284,6.1004233360290527,3.2999999821186066,3.2181011438369751
1650,33.150499999523163,33.81619668006897,-116.52950000762939,-117.99406221369281,15.500000026077032,6.2622714042663574,3.3999999761581421,3.2410045266151428
1509,33.881999999284744,33.812819480895996,-116.692999958992,-117.99317161785439,12.899999991059303,6.2532797455787659,3.5999999642372131,3.2400140762329102
1452,33.983999999240041,33.808781325817108,-116.56200003623962,-117.99077930115163,12.499999925494194,6.2602239847183228,3,3.2403658032417297
429,35.807499051094055,33.977820217609406,-117.59366598725319,-118.06573944538832,6.5100002288818359,6.2723457813262939,3.4999999701976776,3.2528183162212372
1213,35.336400032043457,33.810720026493073,-118.55729997158051,-117.99160413537174,16.099999956786633,6.2574362754821777,3.0999999940395355,3.2403550744056702
2224,35.700000047683716,33.69369313120842,-118.08500000089407,-117.95958036929369,2.8999999165534973,6.1004224419593811,3,3.2181011438369751
2235,34.518999993801117,33.693693101406097,-116.29100000858307,-117.95958036184311,5.6000000238418579,6.1004224419593811,3.3999999761581421,3.2181011438369751
458,35.887665033340454,33.977820217609406,-117.69400000572205,-118.06573943048716,2.6199996471405029,6.2723466753959656,3.199999988079071,3.2528183162212372
927,33.930500000715256,33.81047797203064,-116.82383298873901,-117.9915259424597,5.9700000286102295,6.2567970156669617,3,3.2402849793434143
78,35.899166941642761,33.868324011564255,-117.70566698908806,-118.01480962801725,4.9399995803833008,6.2968254089355469,3.4999999701976776,3.2477309703826904
2469,35.031000018119812,33.696556150913239,-118.3459999859333,-117.95991181582212,3.1999996304512024,6.1225837469100952,3.8999999910593033,3.2197585701942444
2124,33.120000004768372,33.681256979703903,-116.10300004482269,-117.95728800818324,10.100000202655792,6.0571584105491638,3.199999988079071,3.2139789462089539
32,33.915500000119209,33.868319049477577,-116.72650003433228,-118.01480708830059,16.13000001758337,6.2968182563781738,3.3600000143051147,3.2477300763130188
906,34.338333010673523,33.810581937432289,-117.72416698932648,-117.99155068583786,5.1900002360343933,6.2569615244865417,3.0999999940395355,3.2403134107589722
1127,34.397199988365173,33.81074270606041,-118.97450000047684,-117.9916130984202,18.299999982118607,6.2575346231460571,3,3.2403629422187805
1027,32.503499984741211,33.810758292675018,-116.97016704082489,-117.99161964375526,12.110000029206276,6.2575596570968628,3.4500000178813934,3.2403659820556641
2274,34.638999998569489,33.69357830286026,-116.23099994659424,-117.95955802500248,3.5000002384185791,6.0997045040130615,3.2999999821186066,3.2180463373661041
380,35.900166034698486,33.977832479402423,-117.67717000842094,-118.06574563682079,3.2499995827674866,6.2723511457443237,3.070000022649765,3.2528191208839417
226,35.958500027656555,33.868351578712463,-117.28250098228455,-118.01481790561229,5.0499996542930603,6.2968629598617554,3.5999999642372131,3.2477364242076874
1776,34.129399999976158,33.811986401677132,-116.98580002784729,-117.99217858817428,6.8999996781349182,6.2585163116455078,3.8999999910593033,3.240492045879364
1229,33.895400002598763,33.808128878474236,-117.95479999855161,-117.99053252488375,15.599999986588955,6.2587782740592957,3,3.240217387676239
715,35.891167044639587,33.977712539955974,-117.67550000548363,-118.06568970531225,7.420000433921814,6.2723582983016968,4.0700000077486038,3.2528141140937805
1565,33.964999999850988,33.791217669844627,-118.71299999952316,-117.97719462029636,5.9999996423721313,6.3543239235877991,3.0999999940395355,3.2469621598720551
686,35.893332958221436,33.977793741971254,-117.72383299469948,-118.06572937220335,9.8899997770786285,6.2723511457443237,3.7999999970197678,3.2528167068958282
2374,33.631000012159348,33.692681550979614,-116.81200003623962,-117.95941293984652,18.500000014901161,6.0958465933799744,3.2999999821186066,3.2176919281482697
1562,33.075299978256226,33.813128396868706,-116.38750004768372,-117.98452279344201,9.2000001668930054,6.3932794332504272,3.5999999642372131,3.2515590190887451
305,35.641499042510986,33.977864975109696,-117.553337007761,-118.06575480848551,7.1199998259544373,6.2723672389984131,3.3799999952316284,3.2528243064880371
209,35.945999026298523,33.868343681097031,-117.3756639957428,-118.01481418032199,-0.04999995231628418,6.2968522310256958,3.0900000035762787,3.2477352619171143
2444,32.032999992370605,33.702567309141159,-116.2940000295639,-117.96098355203867,2.6000002026557922,6.1405438184738159,3.199999988079071,3.2216240465641022
1723,34.987999975681305,33.842124566435814,-119.68700003623962,-118.00777772627771,15.599999986588955,6.2489444017410278,3.0999999940395355,3.2410576343536377
2518,34.813000023365021,33.69369313120842,-116.3289999961853,-117.95958036929369,9.4999998807907104,6.1004224419593811,3,3.2181011438369751
1106,35.214333057403564,34.023649111390114,-117.28149998188019,-118.0931831151247,3.1700000166893005,6.2046521902084351,4.2499999925494194,3.2477899789810181
1992,32.700000047683716,34.204049810767174,-117.59099999070168,-118.16599413752556,7.9999999701976776,6.3151609897613525,3.0999999940395355,3.2678192853927612
1242,33.963300000876188,33.805397093296051,-118.42410001158714,-117.98930020816624,16.099999956786633,6.2539958953857422,3.199999988079071,3.2397526502609253
1174,35.668599963188171,33.868344277143478,-117.52860000729561,-118.01481579709798,14.400000013411045,6.2965178489685059,3.7999999970197678,3.2477146983146667
1566,33.151000022888184,33.791210487484932,-116.48199999332428,-117.97719279490411,11.499999985098839,6.3543051481246948,3.8999999910593033,3.2469601929187775
1005,33.891999997198582,33.810715347528458,-116.20383298397064,-117.99160146806389,8.9600001275539398,6.257171630859375,3,3.2403391599655151
1511,33.169000029563904,33.812848165631294,-119.32400000095367,-117.99318324448541,5.9999996423721313,6.2534138560295105,3.0999999940395355,3.2400247156620026
191,35.523499965667725,33.86834380030632,-117.38050001859665,-118.01481424737722,7.8599998354911804,6.2968522310256958,3.0999999940395355,3.2477352619171143
1535,34.316000014543533,33.817920804023743,-116.84700000286102,-117.99516156129539,1.600000262260437,6.2572109699249268,3.3999999761581421,3.2406980395317078
1110,33.837166994810104,34.023648664355278,-117.04783302545547,-118.09318295121193,13.880000039935112,6.2046521902084351,3.0500000417232513,3.2477898895740509
2497,34.639999985694885,33.69369313120842,-116.26800000667572,-117.95958037674427,3.3000004291534424,6.1004233360290527,3,3.2181011438369751
483,35.881999969482422,33.977820217609406,-117.72983598709106,-118.06573943048716,4.5600003004074097,6.2723466753959656,3.4099999666213989,3.2528183162212372
2423,34.441000014543533,33.693693101406097,-116.25399994850159,-117.95958036184311,5.9999996423721313,6.1004224419593811,3.3999999761581421,3.2181011438369751
915,33.482833027839661,33.810720026493073,-116.8026670217514,-117.99160413537174,1.9399997591972351,6.2574362754821777,3.2099999785423279,3.2403550744056702
1506,32.486500024795532,33.814865589141846,-118.09000000357628,-117.99404255207628,9.9999998509883881,6.2503722310066223,3.0999999940395355,3.2400045096874237
277,35.554000973701477,33.977877430617809,-117.31066900491714,-118.06576105952263,7.3600003123283386,6.2723708152770996,3.8099999874830246,3.2528250217437744
2408,34.225999996066093,33.693691343069077,-116.7849999666214,-117.95958004891872,8.8000001013278961,6.1004161834716797,4.0999999791383743,3.2181006073951721
221,35.944499969482422,33.868343681097031,-117.37733501195908,-118.01481418032199,-0.34999966621398926,6.2968522310256958,3.6999999582767487,3.2477352619171143
1261,35.658699989318848,33.808724597096443,-118.47020000219345,-117.99075972568244,11.700000017881393,6.2600952386856079,3.0999999940395355,3.240351676940918
571,35.87766695022583,33.977820232510567,-117.7248310148716,-118.06573943048716,2.9499998688697815,6.2723466753959656,3.2999999821186066,3.2528184056282043
411,35.662333965301514,33.977820217609406,-117.47016900777817,-118.06573944538832,5.2699998021125793,6.2723457813262939,3.0399999618530273,3.2528183162212372
2404,33.995000000111759,33.693694204092026,-116.71399998664856,-117.95958057790995,13.599999994039536,6.100425124168396,3.3999999761581421,3.2181015014648438
1398,33.233799993991852,33.808759614825249,-116.105299949646,-117.99077362753451,12.199999988079071,6.2602311372756958,3.3999999761581421,3.2403632998466492
1253,34.221100002527237,33.808758527040482,-119.55159997940063,-117.99077379889786,21.900000125169754,6.2602302432060242,3.0999999940395355,3.2403629422187805
585,35.916668057441711,33.977832330390811,-117.75533300638199,-118.06574556231499,9.0600000321865082,6.2723493576049805,3.5200000405311584,3.2528191208839417
2026,34.829999983310699,34.181096285581589,-118.34999999403954,-118.15221466124058,6.6999998688697815,6.3893723487854004,3.0999999940395355,3.2724997401237488
1266,35.753100037574768,33.808731973171234,-119.83599996566772,-117.99076371174306,4.6000000834465027,6.2601774930953979,4.0999999791383743,3.2403570413589478
2535,34.672999978065491,33.69270259141922,-116.33399999141693,-117.95941415429115,6.1000004410743713,6.0955452919006348,3.199999988079071,3.2176798582077026
1613,34.164000004529953,33.816786706447601,-117.42699998617172,-117.99430478038266,5.5000001192092896,6.2636348605155945,3.2999999821186066,3.2411337196826935
674,35.871832966804504,33.977824851870537,-117.70133298635483,-118.06574163585901,6.119999885559082,6.2723404169082642,3.5300000309944153,3.2528183162212372
2010,34.116999998688698,34.160507246851921,-117.43999999761581,-118.14440120756626,4.5000001788139343,6.3425141572952271,3.0999999940395355,3.2673055529594421
855,35.406167030334473,33.868317514657974,-118.84500002861023,-118.0148064699024,13.100000023841858,6.2968182563781738,3.4999999701976776,3.2477299869060516
447,35.885666012763977,33.977820217609406,-117.69833400845528,-118.06573944538832,7.0099997520446777,6.2723466753959656,3.1899999976158142,3.2528184056282043
1765,34.091499999165535,33.836374595761299,-117.49349999427795,-118.00571649475023,9.9999998509883881,6.2397587299346924,3.9999999850988388,3.239933967590332
2460,32.098999977111816,33.693693101406097,-116.39600002765656,-117.95958036184311,2.7000001072883606,6.1004224419593811,3.0999999940395355,3.2181011438369751
222,35.981333017349243,33.868351578712463,-117.38599997758865,-118.01481790561229,-0.44999957084655762,6.2968629598617554,3.6599999964237213,3.2477364242076874
1778,32.389999985694885,33.81201034784317,-116.35699999332428,-117.99220942193642,14.599999990314245,6.2588506937026978,3.199999988079071,3.2405054569244385
2309,35.937000036239624,33.693693190813065,-117.91200000047684,-117.95958039164543,0.99999994039535522,6.1004224419593811,3.6999999582767487,3.2181010544300079
2050,32.416499972343445,33.816416889429092,-117.82179999351501,-117.99547211872414,9.9999998509883881,6.2521907687187195,5.0000000149011612,3.2399318218231201
1606,34.349000006914139,33.816781848669052,-116.8918000459671,-117.99430239992216,9.5999997854232788,6.2636268138885498,3.5999999642372131,3.2411330044269562
1772,32.36300003528595,33.835689783096313,-117.4559999704361,-118.0054647042416,12.299999892711639,6.2381842732429504,3.2999999821186066,3.2397728562355042
45,35.34850001335144,33.868317574262619,-117.86349999904633,-118.0148065071553,3.8899996876716614,6.2968182563781738,3.0600000321865082,3.2477299869060516
2220,33.997999999905005,33.693502932786942,-118.35100001096725,-117.95954702422023,13.299999944865704,6.0995873808860779,3,3.2180262207984924
1665,32.392500042915344,33.816564559936523,-117.65779998898506,-117.99423614609987,4.3000003695487976,6.263173520565033,3.0999999940395355,3.2410752475261688
961,33.741167008876801,33.808023527264595,-117.48966699838638,-117.99038001522422,10.550000220537186,6.2526100873947144,3.1399999558925629,3.2398927509784698
294,35.872002005577087,33.977865109220147,-117.7131649851799,-118.06575483828783,7.8800001740455627,6.2723654508590698,3.550000011920929,3.2528243958950043
1196,35.518800020217896,33.810721322894096,-116.25769996643066,-117.99160463456064,4.5000001788139343,6.257438063621521,3.199999988079071,3.2403552532196045
988,33.221832990646362,33.810757920145988,-116.75016701221466,-117.99161414895207,11.53999999165535,6.2573620676994324,3,3.2403557002544403
588,35.80066704750061,33.977832494303584,-117.56600001454353,-118.06574563682079,3.0399996042251587,6.2723511457443237,3.3600000143051147,3.2528192102909088
2081,32.083999991416931,34.253675758838654,-116.3860000371933,-118.19826284050941,5.2000004053115845,6.2548345327377319,3.199999988079071,3.2637704908847809
257,35.572834014892578,33.868350028991699,-117.36150401830673,-118.0148172872141,1.8200004100799561,6.2968611717224121,3.4899999797344208,3.2477362453937531
1344,33.682200014591217,33.80876362323761,-116.80900001525879,-117.99077567271888,16.299999989569187,6.2602373957633972,3.8999999910593033,3.2403638362884521
1900,32.641999959945679,33.815690666437149,-117.33999997377396,-117.99518119730055,7.9999999701976776,6.2499368190765381,3.7999999970197678,3.2397322654724121
926,33.092499017715454,33.810479164123535,-116.5711669921875,-117.99152638949454,2.3900002241134644,6.2567979097366333,3.2099999785423279,3.2402850687503815
2252,34.462000012397766,34.259098470211029,-116.48300004005432,-118.19933554530144,3.8999998569488525,6.2637555599212646,3.0999999940395355,3.2647347450256348
2108,34.395000010728836,33.681217193603516,-118.64999997615814,-117.95728121325374,17.300000041723251,6.057019829750061,3.199999988079071,3.2139650881290436
436,35.379001975059509,33.977821812033653,-117.65083301067352,-118.06574008613825,-0.86000025272369385,6.2723457813262939,3.0500000417232513,3.2528185844421387
1033,33.239000022411346,33.810773745179176,-116.05350005626678,-117.99162306729704,5.1499995589256287,6.2575811147689819,3.6100000441074371,3.2403694689273834
1790,33.564000010490417,33.812239900231361,-118.22699999809265,-117.99272046843544,15.100000002421439,6.2560603022575378,3.0999999940395355,3.2402072846889496
393,35.636500000953674,33.977821826934814,-117.43400001525879,-118.06574010103941,2.7200004458427429,6.2723457813262939,3.070000022649765,3.2528185844421387
425,35.896667957305908,33.977820217609406,-117.72683000564575,-118.06573943048716,3.5799998044967651,6.2723466753959656,3.2199999690055847,3.2528184056282043
534,35.784667015075684,33.977820068597794,-117.60183298587799,-118.06573938578367,4.9999997019767761,6.2723466753959656,3.4400000274181366,3.2528184056282043
30,33.868833005428314,33.868324011564255,-116.19649994373322,-118.01480962801725,8.0900001525878906,6.2968254089355469,3.0999999940395355,3.2477309703826904
1010,34.863833010196686,33.810720100998878,-118.96433299779892,-117.9916041539982,0.18999963998794556,6.2574362754821777,3.4999999701976776,3.2403550744056702
1337,33.73199999332428,33.808760821819305,-118.81599998474121,-117.99077410809696,1.8000000715255737,6.2602311372756958,3.199999988079071,3.2403634786605835
2109,32.733999967575073,33.669907599687576,-116.01999998092651,-117.95505058765411,7.9000000655651093,6.0191076993942261,3.199999988079071,3.2102877795696259
1032,34.04016700014472,33.810776993632317,-117.23750001192093,-117.99162484426051,17.710000053048134,6.2575864791870117,3.4899999797344208,3.2403700947761536
2511,34.035999998450279,33.966974832117558,-117.25400000810623,-118.07976865023375,17.199999913573265,6.3578420877456665,3.0999999940395355,3.2493097186088562
1483,34.481299996376038,33.811123982071877,-118.708899974823,-117.9927188702859,17.100000008940697,6.2457811832427979,3.5999999642372131,3.2393351197242737
1307,35.157999992370605,33.808759912848473,-116.83899998664856,-117.99077373556793,1.8000000715255737,6.2602329254150391,3.199999988079071,3.2403633892536163
2063,35.751000046730042,33.805768728256226,-118.0230000000447,-117.99136202968657,5.5000001192092896,6.2341591715812683,3,3.2379070222377777
2243,34.172999992966652,33.693502128124237,-118.81300002336502,-117.95954642817378,18.500000014901161,6.0994470119476318,3.4999999701976776,3.2180198729038239
1616,34.163000002503395,33.814552515745163,-119.14100003242493,-117.99345877859741,3.3000004291534424,6.2601551413536072,3.0999999940395355,3.2407163679599762
556,35.8125,33.977834267541766,-117.63783299922943,-118.06574635207653,7.7170000970363617,6.2723493576049805,3.1899999976158142,3.252819299697876
1647,33.864999994635582,33.816197827458382,-117.77670000493526,-117.99406263837591,9.9999998509883881,6.2622740864753723,3.2999999821186066,3.2410047054290771
2024,33.5,34.232286542654037,-116.48300004005432,-118.17791648209095,6.9999995827674866,6.3575416803359985,3.3999999761581421,3.273113876581192
2260,34.612999975681305,33.693693190813065,-116.27799999713898,-117.95958038419485,5.6000000238418579,6.1004224419593811,3.199999988079071,3.2181010544300079
570,35.798832058906555,33.977832464501262,-117.62750199437141,-118.06574563682079,7.7700001001358032,6.2723511457443237,3.4999999701976776,3.2528191208839417
352,35.602833032608032,33.977820083498955,-117.46933001279831,-118.06573937088251,4.2699998617172241,6.2723466753959656,3.5999999642372131,3.2528183162212372
91,35.960332989692688,33.867965087294579,-117.4001669883728,-118.01467623282224,1.3300001621246338,6.2959188222885132,3.2099999785423279,3.2476396858692169
2134,34.340200006961823,33.680146753787994,-116.17589998245239,-117.95711802318692,3.8999998569488525,6.05317622423172,4.0999999791383743,3.2135815322399139
1073,33.431500017642975,33.810134172439575,-116.44266700744629,-117.99138423893601,12.310000061988831,6.2562087178230286,5.1900000125169754,3.2402259707450867
2414,35.452999949455261,33.69357830286026,-116.52100002765656,-117.95955802500248,9.3000000715255737,6.0997045040130615,3.5999999642372131,3.2180463373661041
1951,35.032999992370605,33.816011130809784,-119.00800001621246,-117.99530080100521,13.399999961256981,6.2506896257400513,3.0999999940395355,3.2398083508014679
2111,33.01800000667572,33.68094539642334,-116.02199995517731,-117.95723370462656,2.800000011920929,6.0556116700172424,3.0999999940395355,3.2138437628746033
348,35.580333948135376,33.977832479402423,-117.61216700077057,-118.06574563682079,9.60999995470047,6.2723493576049805,3.2999999821186066,3.2528191208839417
1124,32.144600033760071,33.810758322477341,-117.73719999194145,-117.99161965493113,10.700000077486038,6.2575596570968628,3.4999999701976776,3.2403661608695984
1908,35.929999947547913,33.743252873420715,-117.64300000667572,-117.9719873778522,3.7999999523162842,6.1370587348937988,3,3.2257338166236877
1818,33.696999996900558,33.816410571336746,-116.04200005531311,-117.99552530050278,12.400000020861626,6.2499779462814331,3.2999999821186066,3.2397767901420593
1050,33.99100000038743,33.810746565461159,-116.38966703414917,-117.99161319900304,8.6499997973442078,6.257280707359314,3.3999999761581421,3.2403489947319031
2409,34.990000009536743,33.693693190813065,-116.84099996089935,-117.95958038419485,3.1999996304512024,6.1004224419593811,3,3.2181010544300079
2395,34.287999987602234,33.693693190813065,-116.83599996566772,-117.95958039164543,5.899999737739563,6.1004224419593811,3,3.2181010544300079
2097,34.252600014209747,33.647327661514282,-118.75220000743866,-117.9486664943397,13.80000002682209,5.9971421957015991,3.5999999642372131,3.206376850605011
453,35.55649995803833,33.97783393971622,-117.35616701841354,-118.06574620306492,9.2099998891353607,6.2723511457443237,3.3600000143051147,3.2528192102909088
913,33.259167015552521,33.810720041394234,-116.7586669921875,-117.99160412792116,13.519999980926514,6.257438063621521,3,3.2403550744056702
1950,35.044000029563904,33.820520117878914,-119.01800000667572,-117.99688853579573,10.999999791383743,6.2583580613136292,3.199999988079071,3.2407293319702148
37,34.276167005300522,33.868319645524025,-119.2936669588089,-118.01480738539249,14.560000011697412,6.2968164682388306,3.4199999570846558,3.2477299869060516
974,33.149999976158142,33.805424615740776,-116.48166704177856,-117.98954020254314,11.07000008225441,6.2536776065826416,3,3.2396627068519592
1797,33.733000010251999,33.883239641785622,-117.48400002717972,-118.02616297267377,11.499999985098839,6.2469059228897095,3.199999988079071,3.2440750300884247
1411,32.786999940872192,33.808725714683533,-116.14100003242493,-117.99076029192656,5.9999996423721313,6.2601166963577271,3.0999999940395355,3.2403531074523926
39,35.748000025749207,33.868325471878052,-117.59266701340675,-118.01481016445905,8.5199998319149017,6.2968271970748901,3.4999999701976776,3.2477309703826904
1731,35.451300024986267,33.836374178528786,-119.12489998340607,-118.00571633828804,17.100000008940697,6.2397569417953491,3.0999999940395355,3.239933967590332
169,35.597332954406738,33.86834380030632,-117.37150001525879,-118.01481424737722,5.8800002932548523,6.2968513369560242,3.4799999892711639,3.2477352619171143
2045,34.061000000685453,33.816373035311699,-118.85199999809265,-117.99545346619561,13.499999977648258,6.2519431114196777,3.3999999761581421,3.2399132251739502
1116,34.342166990041733,33.810753986239433,-118.46616700291634,-117.99161751288921,3.2900002598762512,6.2575525045394897,3.4799999892711639,3.2403654456138611
1359,33.901000000536442,33.808763712644577,-117.78900000452995,-117.9907757025212,9.4999998807907104,6.2602382898330688,3.3999999761581421,3.2403638362884521
634,35.828335046768188,33.977820098400116,-117.67732998728752,-118.06573938578367,1.5400001406669617,6.2723466753959656,3.4500000178813934,3.2528183162212372
1377,33.663100004196167,33.806051135063171,-119.0407999753952,-117.98954786919057,9.9999998509883881,6.2554532289505005,3.4999999701976776,3.2399016916751862
579,35.832833051681519,33.977832479402423,-117.67649999260902,-118.06574563682079,3.670000433921814,6.2723511457443237,4.1799999922513962,3.2528192102909088
1584,32.220999956130981,33.816627979278564,-116.57099997997284,-117.98553257342428,5.9999996423721313,6.40178382396698,3,3.2525382936000824
892,33.481333017349243,33.810595914721489,-116.79900002479553,-117.99156420119107,4.0700000524520874,6.2567943334579468,3.4999999701976776,3.2403008937835693
780,35.677502036094666,34.076705113053322,-117.51483199000359,-118.11440928280354,2.8499999642372131,6.1725926399230957,3.3999999761581421,3.2492596507072449
159,35.682332992553711,33.86834380030632,-117.47200000286102,-118.01481424737722,5.7100000977516174,6.2968513369560242,3.0999999940395355,3.2477352619171143
2075,34.810000002384186,33.73977342247963,-116.30999994277954,-117.97110433876514,2.9999998211860657,6.1234384775161743,3.0999999940395355,3.2246478796005249
1558,32.623999953269958,33.815803304314613,-116.14900004863739,-117.98528236243874,2.8999999165534973,6.3988548517227173,3.0999999940395355,3.2522505819797516
61,35.54183304309845,33.868324011564255,-117.45083302259445,-118.01480964291841,5.3400000929832458,6.2968254089355469,3.3999999761581421,3.2477309703826904
849,34.989666998386383,33.868324011564255,-116.45899999141693,-118.01480964291841,1.5699997544288635,6.2968254089355469,3.1500000357627869,3.2477309703826904
1593,33.958000000566244,33.816164150834084,-116.89139997959137,-117.99404990579933,13.900000043213367,6.2621390819549561,3.7999999970197678,3.2409931719303131
2450,34.77700001001358,33.702617049217224,-116.25199997425079,-117.96098963171244,2.6000002026557922,6.1403453350067139,3,3.2216223478317261
1043,33.22333300113678,33.810777872800827,-116.08783304691315,-117.99162520933896,10.999999791383743,6.257588267326355,3.1500000357627869,3.2403701841831207
1389,35.41349995136261,33.806252062320709,-119.36059999465942,-117.98941701836884,9.4999998807907104,6.2579065561294556,3.3999999761581421,3.240142822265625
1163,34.822200000286102,33.807989299297333,-116.4206999540329,-117.99036834016442,11.100000143051147,6.2526708841323853,3.4999999701976776,3.23989337682724
1070,33.443666994571686,33.810128003358841,-116.46599996089935,-117.99138172436506,10.78000009059906,6.2561917304992676,3.199999988079071,3.2402244508266449
53,35.606166958808899,33.868317604064941,-117.41200000047684,-118.01480651460588,4.5100003480911255,6.2968182563781738,3.0999999940395355,3.2477299869060516
2202,34.718999981880188,33.69355782866478,-116.29100000858307,-117.9595565199852,5.6000000238418579,6.0998243093490601,3.2999999821186066,3.2180475890636444
505,35.703999042510986,33.977820202708244,-117.55799901485443,-118.06573943048716,7.0599997043609619,6.2723466753959656,3.9099999815225601,3.2528184056282043
752,35.726832985877991,33.977832360193133,-117.56416299939156,-118.06574556231499,1.5400001406669617,6.2723493576049805,3.1700000166893005,3.2528191208839417
1423,33.726999998092651,33.808729723095894,-119.38900005817413,-117.99076237063855,5.9999996423721313,6.2601256370544434,3,3.2403537333011627
1467,34.321799993515015,33.813331514596939,-116.83749997615814,-117.99355359748006,2.8999999165534973,6.2493717670440674,3.199999988079071,3.2397551536560059
1435,33.631999999284744,33.808616280555725,-118.51499998569489,-117.99072286393493,3.099999725818634,6.2598127126693726,3.2999999821186066,3.2403216361999512
2044,35.227800011634827,33.816007137298584,-119.5081000328064,-117.99529870366678,1.0999998450279236,6.2506824731826782,3.4999999701976776,3.2398078143596649
2077,34.368000000715256,33.748963683843613,-118.62199997901917,-117.97552900388837,12.100000083446503,6.1278212070465088,3,3.2248383164405823
771,35.747002005577087,34.076703272759914,-117.56816899776459,-118.11440857499838,2.4199998378753662,6.1725926399230957,3.7200000286102295,3.2492595613002777
2378,34.217999994754791,33.69422435760498,-116.932000041008,-117.95997871086001,6.2000003457069397,6.0973262786865234,3.5999999642372131,3.2178953289985657
2466,34.656000018119812,33.702727258205414,-116.3400000333786,-117.96101139485836,7.8000001609325409,6.1410534381866455,3.2999999821186066,3.2216764390468597
1085,34.521667003631592,33.897421427071095,-119.07483303546906,-118.03115228377283,19.299999922513962,6.2692567706108093,4.1299999952316284,3.2466654181480408
1837,32.687800049781799,33.883177660405636,-116.02960002422333,-118.02613661624491,13.999999947845936,6.246868371963501,3.2999999821186066,3.2440677881240845
1226,35.651000022888184,33.808457672595978,-118.44560000300407,-117.99022739380598,7.5,6.2630867958068848,3.0999999940395355,3.2406613826751709
2226,35.713000059127808,33.693591117858887,-118.07800000160933,-117.95956477895379,2.8999999165534973,6.1000889539718628,3,3.2180660963058472
1407,34.007000000216067,33.808730974793434,-116.32299995422363,-117.99076281394809,10.200000107288361,6.2601256370544434,3.199999988079071,3.2403538227081299
1784,33.511999994516373,33.811355456709862,-116.46800005435944,-117.99194373842329,4.9999997019767761,6.2572029232978821,3.2999999821186066,3.2403525710105896
2147,34.280600011348724,33.688962370157242,-116.83309996128082,-117.9585117995739,3.7000000476837158,6.093117892742157,3.4999999701976776,3.2170239686965942
963,34.702499985694885,33.810742676258087,-116.23183298110962,-117.99161136616021,3.0099999904632568,6.257472038269043,3,3.2403597235679626
1193,32.996999979019165,33.810720026493073,-117.64599999785423,-117.99160413537174,0,6.2574362754821777,3.199999988079071,3.2403550744056702
398,35.595332980155945,33.977832360193133,-117.3759999871254,-118.06574556231499,3.9200001955032349,6.2723493576049805,3.4600000083446503,3.2528191208839417
584,35.703999042510986,33.977832464501262,-117.55616798996925,-118.06574562191963,7.1599996089935303,6.2723511457443237,3,3.2528191208839417
948,34.852500021457672,33.859981060028076,-116.39716696739197,-118.01180597860366,1.1200001835823059,6.2839677929878235,3.2899999916553497,3.246098667383194
704,35.902500033378601,33.977827042341232,-117.72216698527336,-118.0657426789403,4.7600001096725464,6.2723386287689209,4.3999999947845936,3.2528183162212372
431,35.781833052635193,33.977820083498955,-117.58916699886322,-118.06573938578367,8.5999998450279236,6.2723466753959656,3.0299999713897705,3.2528184056282043
292,35.728999972343445,33.977865109220147,-117.56749698519707,-118.06575483828783,6.2400001287460327,6.2723654508590698,3.199999988079071,3.2528243064880371
1972,34.0489999987185,34.122944124042988,-117.00700002908707,-118.13285171985626,15.400000009685755,6.3027620315551758,3.3999999761581421,3.2607890367507935
1490,33.371100008487701,33.811154082417488,-116.36090004444122,-117.99273010948673,14.299999997019768,6.245911717414856,3.7999999970197678,3.2393460273742676
1857,34.344999998807907,33.816489979624748,-116.75300002098083,-117.99553497135639,2.6000002026557922,6.2520280480384827,3,3.2399129569530487
2,35.769999980926514,33.868216261267662,-117.59516701102257,-118.01476763188839,7.7799998223781586,6.2964248657226562,3.9300000071525574,3.2476961016654968
576,35.902667045593262,33.977833954617381,-117.72766700387001,-118.06574620306492,5.3000003099441528,6.2723511457443237,3.5999999642372131,3.252819299697876
1846,32.837000012397766,33.816379532217979,-117.66600000858307,-117.99550165235996,5.9999996423721313,6.2514191865921021,3.0999999940395355,3.2398615479469299
339,35.690834045410156,33.977820083498955,-117.53933000564575,-118.06573937088251,6.629999577999115,6.2723466753959656,3.4500000178813934,3.2528183162212372
1502,34.730000019073486,33.812848761677742,-116.77300000190735,-117.99317920999601,3.9999997615814209,6.2532448768615723,3.0999999940395355,3.240016758441925
925,34.00366699998267,33.81048358976841,-117.01950001716614,-117.99152868054807,16.030000001192093,6.256805956363678,3.0600000321865082,3.2402857840061188
265,35.900333046913147,33.977877326309681,-117.67316401004791,-118.06576102972031,8.0699998140335083,6.2723708152770996,3.1700000166893005,3.2528250217437744
376,35.860999941825867,33.977820217609406,-117.68399798870087,-118.06573944538832,6.7399996519088745,6.2723466753959656,3.5999999642372131,3.2528184056282043
271,35.624668002128601,33.977877207100391,-117.43016797304153,-118.06576098501682,3.7700003385543823,6.2723708152770996,3.1500000357627869,3.2528250217437744
696,35.893666982650757,33.977813290432096,-117.72166699171066,-118.06573688983917,9.3899998068809509,6.2723422050476074,3.550000011920929,3.2528174221515656
1670,33.942999999970198,33.816163614392281,-118.783999979496,-117.99404929857701,13.999999947845936,6.2621578574180603,3.0999999940395355,3.2409944236278534
244,35.663334012031555,33.868350148200989,-117.49800097942352,-118.014817324467,3.3000004291534424,6.2968611717224121,3.0800000131130219,3.2477362453937531
1885,32.128000020980835,33.815906792879105,-116.64900004863739,-117.99531704280525,11.100000143051147,6.2507504224777222,3.199999988079071,3.2397805452346802
476,35.909832954406738,33.977822959423065,-117.73233300447464,-118.06574089080095,4.1499996185302734,6.2723404169082642,4.5,3.25281822681427
1700,33.539000004529953,33.816197916865349,-116.57799994945526,-117.99406269425526,13.100000023841858,6.2622731924057007,3.0999999940395355,3.2410047054290771
1278,32.915500044822693,33.808763548731804,-116.25969994068146,-117.99077565781772,5.9999996423721313,6.2602373957633972,3.4999999701976776,3.2403638362884521
1325,35.82260000705719,33.808760851621628,-116.78910005092621,-117.99077410809696,9.9999998509883881,6.2602311372756958,3.2999999821186066,3.2403634786605835
2398,32.047999978065491,33.693693190813065,-116.42599999904633,-117.95958038419485,5.9999996423721313,6.1004224419593811,3.0999999940395355,3.2181010544300079
1375,35.787299990653992,33.808759644627571,-116.26549994945526,-117.9907736312598,12.800000086426735,6.2602311372756958,3,3.2403632998466492
250,35.88633394241333,33.868343681097031,-117.70149999856949,-118.01481418032199,4.9700000882148743,6.2968522310256958,3.2999999821186066,3.2477352619171143
413,35.634498953819275,33.977820217609406,-117.43183100223541,-118.06573943048716,2.8499999642372131,6.2723466753959656,3.0999999940395355,3.2528184056282043
1752,33.410799980163574,33.811590164899826,-116.43649995326996,-117.99245305219665,10.200000107288361,6.2543141841888428,3.4999999701976776,3.2400501072406769
1702,35.92929995059967,33.81619656085968,-116.75950002670288,-117.99406216898933,9.9999998509883881,6.2622731924057007,3.199999988079071,3.2410044372081757
310,35.654999017715454,33.977834088727832,-117.52600100636482,-118.06574629247189,9.7599998116493225,6.2723493576049805,3.1899999976158142,3.252819299697876
893,35.956833004951477,33.810596093535423,-116.73450005054474,-117.99156426079571,-0.34000039100646973,6.25679612159729,3.5999999642372131,3.2403009831905365
1131,35.870100021362305,33.783947587013245,-117.69049999117851,-117.97530697286129,5.9999996423721313,6.3358613848686218,3,3.2448416948318481
2462,34.579999983310699,33.679104000329971,-116.18099999427795,-117.95691837742925,1.8000000715255737,6.0491484403610229,3,3.2132185399532318
15,32.587499976158142,33.868222802877426,-117.92233300209045,-118.0147707760334,28.950000107288361,6.2964364886283875,3.3999999761581421,3.2476970851421356
721,35.891000032424927,33.977732058614492,-117.73649999499321,-118.06569962948561,9.0999998152256012,6.2723493576049805,5.0000000149011612,3.2528142035007477
2221,33.907999999821186,33.69369313120842,-119.57000005245209,-117.95958037674427,14.499999973922968,6.1004233360290527,3,3.2181011438369751
981,33.461833000183105,33.80585877597332,-118.18366700410843,-117.98926340695471,10.700000077486038,6.2583070993423462,3.6999999582767487,3.2401407659053802
2132,34.34689998626709,33.680146813392639,-116.82550001144409,-117.95711802691221,3.6000001430511475,6.05317622423172,3.7999999970197678,3.2135815322399139
2032,34.42399999499321,33.816190391778946,-117.68200001120567,-117.99540157662705,7.3000001907348633,6.2512439489364624,3.199999988079071,3.2398449182510376
363,35.873664975166321,33.977834088727832,-117.6623310148716,-118.06574629247189,5.2500003576278687,6.2723493576049805,3.4999999701976776,3.252819299697876
1436,34.958999991416931,33.808617576956749,-119.08200001716614,-117.99072335939854,3.7000000476837158,6.2598145008087158,3,3.2403218150138855
182,35.664499998092651,33.86834380030632,-117.50400000810623,-118.01481424737722,8.9800000190734863,6.2968513369560242,3.7999999970197678,3.2477352619171143
985,34.040667001157999,33.805534139275551,-117.23883301019669,-117.98957765195519,18.049999997019768,6.2538957595825195,3,3.2396890819072723
1960,33.167999982833862,33.815922424197197,-116.04100000858307,-117.9952693595551,1.2999996542930603,6.2505313754081726,3,3.2397883236408234
1264,33.37610000371933,33.808723375201225,-116.33550000190735,-117.9907592413947,15.80000001937151,6.2600943446159363,3.199999988079071,3.2403515875339508
1632,35.726999998092651,33.81619668006897,-117.62200000882149,-117.9940622174181,10.200000107288361,6.2622714042663574,3.7999999970197678,3.2410045266151428
1121,34.137167006731033,33.868353858590126,-116.85800004005432,-118.0148212434724,11.177000105381012,6.2969541549682617,4.0100000202655792,3.2477418780326843
187,35.978832006454468,33.86834380030632,-117.67166900634766,-118.01481424737722,1.7899999022483826,6.2968513369560242,3.4999999701976776,3.2477352619171143
619,35.923167943954468,33.977833954617381,-117.71666699647903,-118.06574621796608,1.8999999761581421,6.2723493576049805,3.4500000178813934,3.252819299697876
2278,34.865000009536743,33.693578362464905,-116.40199995040894,-117.95955804735422,4.7999998927116394,6.0997045040130615,3,3.2180463373661041
614,35.899665951728821,33.977821350097656,-117.72683000564575,-118.06573990732431,4.5000001788139343,6.2723448872566223,3.6599999964237213,3.2528184056282043
1547,35.52209997177124,33.843931645154953,-118.37850001454353,-118.00895176827908,4.0999996662139893,6.2431132793426514,3.2999999821186066,3.2406962513923645
994,33.993333000224084,33.810721412301064,-116.80116701126099,-117.9916046531871,16.810000017285347,6.257438063621521,3.0999999940395355,3.2403552532196045
934,34.946667015552521,33.810720026493073,-116.7413330078125,-117.99160413537174,4.4299998879432678,6.2574362754821777,3.3199999630451202,3.2403550744056702
371,35.727664947509766,33.977820217609406,-117.6086660027504,-118.06573944538832,5.9200000762939453,6.2723457813262939,3.4999999701976776,3.2528183162212372
1380,34.95440000295639,33.859092548489571,-118.57150000333786,-118.01134949643165,10.60000017285347,6.2896746397018433,3.5999999642372131,3.2463961243629456
593,35.876834988594055,33.977832360193133,-117.69066599011421,-118.06574556231499,6.8300002813339233,6.2723493576049805,3.5999999642372131,3.2528192102909088
726,35.769500017166138,33.977820068597794,-117.59933298826218,-118.06573937088251,7.9999999701976776,6.2723457813262939,7.1000000238418579,3.2528183162212372
2508,34.307000011205673,33.966852065175772,-116.75800001621246,-118.07975327968597,2.1999996900558472,6.3567253947257996,3.5999999642372131,3.2492139637470245
687,35.623999953269958,33.977824941277504,-117.48616701364517,-118.06574166566133,10.990000069141388,6.2723422050476074,4.2999999895691872,3.2528183162212372
1713,33.962999999523163,33.886181771755219,-117.78900000452995,-118.02578950859606,15.599999986588955,6.2613952159881592,3.0999999940395355,3.245805948972702
136,35.601166009902954,33.868317574262619,-117.40499901771545,-118.0148065071553,6.3600003719329834,6.2968182563781738,3,3.2477299869060516
628,35.661334991455078,33.977834103628993,-117.4836660027504,-118.06574627757072,4.1699999570846558,6.2723511457443237,3.4799999892711639,3.252819299697876
334,35.673167943954468,33.977834088727832,-117.52083599567413,-118.06574629247189,6.9999995827674866,6.2723493576049805,3.0999999940395355,3.252819299697876
2281,33.50900000333786,33.693578362464905,-116.51300001144409,-117.95955803990364,15.100000002421439,6.0997045040130615,3,3.2180464267730713
1855,33.745599985122681,33.814685180783272,-116.09280002117157,-117.99484898522496,10.499999821186066,6.2497052550315857,3,3.2396073639392853
1109,33.625499993562698,34.0236657243222,-117.9023329988122,-118.09319148212671,9.4699998199939728,6.2046521902084351,3.3600000143051147,3.2477903366088867
1901,33.520999997854233,33.816293835639954,-116.58500003814697,-117.99542680429295,12.100000083446503,6.2515237927436829,3.199999988079071,3.2398765683174133
1842,34.054999999701977,33.816705286502838,-118.06449999660254,-117.99563647760078,9.9999998509883881,6.250787079334259,3.3999999761581421,3.2398531436920166
710,35.887500047683716,33.977753603830934,-117.64950001239777,-118.06570781767368,10.860000103712082,6.2723726034164429,4.2999999895691872,3.2528174221515656
1039,33.068333029747009,33.810772597789764,-116.06449997425079,-117.99162260908633,13.729999959468842,6.2575811147689819,3.0299999713897705,3.2403693795204163
1349,34.065999999642372,33.80876362323761,-118.39800000190735,-117.99077568389475,1.5000003576278687,6.2602365016937256,3.4999999701976776,3.2403638362884521
1491,32.99179995059967,33.811153724789619,-116.45089995861053,-117.99272678280249,13.499999977648258,6.2457668781280518,3.6999999582767487,3.2393390536308289
2331,35.985000014305115,33.681085050106049,-117.89599999785423,-117.95651886239648,2.7000001072883606,6.0691934823989868,3.6999999582767487,3.2147367596626282
1112,34.072167001664639,33.810758948326111,-116.6710000038147,-117.99161993805319,10.460000038146973,6.2575614452362061,3.3199999630451202,3.2403659820556641
465,35.877334952354431,33.977820217609406,-117.70833599567413,-118.06573943048716,5.9099999070167542,6.2723466753959656,3.75,3.2528184056282043
1403,33.716899991035461,33.808729648590088,-116.04069995880127,-117.99076232220978,5.4000002145767212,6.2601238489151001,3.4999999701976776,3.2403537333011627
2512,33.953000001609325,33.967423368245363,-117.28100001811981,-118.07998475432396,20.600000023841858,6.3566172122955322,3.2999999821186066,3.2492600083351135
1911,32.827000021934509,33.743951261043549,-118.34200000762939,-117.97212874703109,3.1999996304512024,6.1407637596130371,3.0999999940395355,3.2260243892669678
1104,34.187666997313499,34.023665172979236,-117.40799999237061,-118.09319131821394,8.4900002181529999,6.2046521902084351,3.7699999809265137,3.2477901577949524
2000,34.423000007867813,34.194071471691132,-118.66799998283386,-118.16171361505985,14.400000013411045,6.3306176662445068,3.5999999642372131,3.2681017220020294
338,35.827000021934509,33.977820217609406,-117.64433300495148,-118.06573944538832,6.9599997997283936,6.2723457813262939,3,3.2528184056282043
1691,35.968700051307678,33.816200762987137,-117.37239998579025,-117.99406434455886,9.9999998509883881,6.2622785568237305,3.9999999850988388,3.2410050630569458
2119,34.305000007152557,34.252735048532486,-116.83500003814697,-118.19783315062523,7.3000001907348633,6.2533897161483765,3.199999988079071,3.2636610567569733
1560,32.840999960899353,33.815803334116936,-116.26300001144409,-117.98528236243874,6.5000000596046448,6.398853063583374,3.0999999940395355,3.2522505819797516
1207,35.824699997901917,33.880311906337738,-119.81780004501343,-118.02317693643272,14.400000013411045,6.2551411986351013,3.199999988079071,3.245037853717804
2126,33.014999985694885,33.68014669418335,-118.92799997329712,-117.95711801946163,5.9999996423721313,6.05317622423172,3.2999999821186066,3.2135815322399139
816,35.66466498374939,34.076703414320946,-117.52616900205612,-118.11440861970186,1.1999997496604919,6.172594428062439,3.0999999940395355,3.2492596507072449
1067,33.459333002567291,33.810130000114441,-116.42433297634125,-117.99138210806996,11.200000047683716,6.2562024593353271,3.4999999701976776,3.2402255237102509
274,35.931331992149353,33.977865109220147,-117.7333300113678,-118.06575483828783,7.7099999785423279,6.2723654508590698,3.199999988079071,3.2528243958950043
1755,33.788000002503395,33.786183461546898,-116.10899996757507,-117.97595054283738,0.50000041723251343,6.3407796621322632,3.199999988079071,3.2454187273979187
865,33.819499999284744,33.810611680150032,-119.3038330078125,-117.99156252853572,5.8899995684623718,6.2570938467979431,3.0299999713897705,3.2403243184089661
101,35.782999992370605,33.867958888411522,-117.61599999666214,-118.01467319298536,7.6700001955032349,6.2959098815917969,3.5999999642372131,3.2476387917995453
1590,32.063300013542175,33.816674515604973,-117.46619999408722,-117.98554266802967,9.9999998509883881,6.4016962051391602,4.3999999947845936,3.2525392770767212
107,35.68433403968811,33.911949425935745,-117.5453340113163,-118.03708646073937,3.3099997043609619,6.2813267111778259,3,3.2486165463924408
2530,34.301999986171722,33.693694204092026,-116.74199998378754,-117.95958058536053,4.0999996662139893,6.1004242300987244,3.3999999761581421,3.2181015014648438
1530,32.054000020027161,33.777163714170456,-116.28100001811981,-117.97221164405346,16.099999956786633,6.3214963674545288,3.199999988079071,3.2436517775058746
1405,34.3716000020504,33.80872830748558,-119.8043999671936,-117.99076147284359,18.200000077486038,6.2601149082183838,3,3.2403531074523926
1259,34.143299996852875,33.808758676052094,-117.4472000002861,-117.99077324010432,10.700000077486038,6.2602302432060242,4.2999999895691872,3.2403631210327148
1412,35.178799986839294,33.80872568488121,-119.37450003623962,-117.99076028075069,4.6000000834465027,6.2601166963577271,3,3.2403531074523926
1769,33.341000020503998,33.836258962750435,-116.39999997615814,-118.00568582816049,13.299999944865704,6.2389898300170898,3,3.2398706674575806
1255,35.313699960708618,33.808763548731804,-118.49380001425743,-117.99077565781772,13.700000010430813,6.2602373957633972,3.3999999761581421,3.2403638362884521
1546,32.034999966621399,33.843931496143341,-116.34700000286102,-118.00895169377327,13.499999977648258,6.2431132793426514,3.4999999701976776,3.2406962513923645
712,35.83316695690155,33.977784356102347,-117.64516699314117,-118.06572450697422,8.099999874830246,6.2723457813262939,4.1999999955296516,3.2528159916400909
72,35.597167015075684,33.868318930268288,-117.42433297634125,-118.01480703614652,5.4199996590614319,6.2968182563781738,3.4699999988079071,3.247730165719986
2053,34.888000011444092,33.820685669779778,-119.08700001239777,-117.99698998266831,5.0999996066093445,6.2589901685714722,3,3.2407668828964233
2501,33.82600000500679,33.693541169166565,-117.70899999141693,-117.95955361425877,3.5000002384185791,6.0997205972671509,3.0999999940395355,3.2180393636226654
481,35.747501015663147,33.977834088727832,-117.5709989964962,-118.06574629247189,3.9899995923042297,6.2723511457443237,3.129999965429306,3.252819299697876
1718,34.372000008821487,33.816200852394104,-117.66499999165535,-117.99406436318532,7.2000002861022949,6.2622785568237305,3.0999999940395355,3.241005152463913
1465,32.705000042915344,33.784180492162704,-116.00300002098083,-117.97538967989385,3.9999997615814209,6.3409209251403809,3.0999999940395355,3.2451632916927338
1171,35.015300035476685,33.880304574966431,-116.50520002841949,-118.02317329309881,15.700000002980232,6.2551313638687134,3,3.2450368702411652
2527,34.321000009775162,33.693693101406097,-116.76800000667572,-117.95958036184311,3.7000000476837158,6.1004224419593811,3,3.2181011438369751
1480,33.200100004673004,33.813336715102196,-116.74039995670319,-117.99355624616146,13.200000040233135,6.2494003772735596,3.0999999940395355,3.2397572100162506
405,35.880332946777344,33.977820202708244,-117.70833599567413,-118.06573943048716,4.0499997138977051,6.2723466753959656,3.199999988079071,3.2528184056282043
757,35.698333978652954,33.977820247411728,-117.48116302490234,-118.06573944538832,1.2599998712539673,6.2723466753959656,3.3999999761581421,3.2528184056282043
1406,33.209100008010864,33.808747336268425,-119.41589999198914,-117.99076591618359,15,6.2600129842758179,3.7999999970197678,3.2403499782085419
1672,35.980000019073486,33.789223849773407,-117.31400001049042,-117.97664314135909,3.099999725818634,6.3548558950424194,3.199999988079071,3.246725857257843
2234,34.521000027656555,33.69369313120842,-116.29299998283386,-117.95958037674427,5.6000000238418579,6.1004233360290527,3.0999999940395355,3.2181011438369751
1912,34.289000004529953,33.821589753031731,-116.8289999961853,-117.99736526771449,5.6999999284744263,6.2612718343734741,3.4999999701976776,3.2409765422344208
743,35.760332942008972,33.977834431454539,-117.57499998807907,-118.06574641168118,6.9499996304512024,6.2723493576049805,5.4000000357627869,3.252819299697876
806,35.727664947509766,34.076705262064934,-117.56416299939156,-118.11440926790237,1.6199997067451477,6.1725926399230957,3.2999999821186066,3.249259740114212
2341,35.799000024795532,33.693693101406097,-118.04500000178814,-117.95958036184311,9.8000000417232513,6.1004224419593811,3,3.2181011438369751
1813,34.270000010728836,33.816752299666405,-118.52100002765656,-117.99565433664247,14.599999990314245,6.2508559226989746,3.199999988079071,3.2398619055747986
1954,35.039000034332275,33.816012248396873,-119.01800000667572,-117.99530119961128,11.200000047683716,6.2506914138793945,3.3999999761581421,3.2398084402084351
2391,34.178000003099442,33.693555653095245,-118.48699998855591,-117.95955587178469,12.800000086426735,6.0997554659843445,3.5999999642372131,3.2180438339710236
148,35.913666963577271,33.868324011564255,-117.4365000128746,-118.01480962801725,0.9799996018409729,6.2968254089355469,3.1199999749660492,3.2477309703826904
2507,33.812999993562698,33.966849979013205,-117.71200001239777,-118.07975251972675,11.100000143051147,6.3567227125167847,3.0999999940395355,3.249213695526123
1580,34.012000000104308,33.815749436616898,-117.18800002336502,-117.9852650295943,7.3000001907348633,6.3983416557312012,3.199999988079071,3.2522098124027252
692,35.898167014122009,33.977822050452232,-117.72633299231529,-118.06574017554522,10.819999873638153,6.2723466753959656,3.6100000441074371,3.2528186738491058
818,35.723332047462463,34.076705098152161,-117.54033699631691,-118.11440928280354,1.2200000882148743,6.1725917458534241,3,3.2492596507072449
1812,32.473999977111816,33.816752359271049,-119.26699995994568,-117.99565434409305,17.000000104308128,6.2508541345596313,3.0999999940395355,3.2398618161678314
1488,35.944200038909912,33.81091932952404,-117.65810000896454,-117.99265541089699,6.2000003457069397,6.245276927947998,3.2999999821186066,3.2392770051956177
2251,34.540000021457672,33.691510945558548,-118.97100001573563,-117.95919738709927,24.200000166893005,6.0920003056526184,3.2999999821186066,3.2173207998275757
701,35.732499957084656,33.977827236056328,-117.5088329911232,-118.06574291735888,7.0300000905990601,6.2723386287689209,4.0700000077486038,3.25281822681427
2242,34.361999988555908,33.69349217414856,-118.66100001335144,-117.95954472199082,12.299999892711639,6.0994255542755127,3,3.2180171012878418
921,32.397498965263367,33.810725510120392,-117.76049800217152,-117.99160678777844,29.839999973773956,6.2574461102485657,3.129999965429306,3.2403558790683746
905,33.489832997322083,33.810578987002373,-116.8038330078125,-117.99154900945723,2.839999794960022,6.2569534778594971,3.2999999821186066,3.2403128743171692
454,35.648833990097046,33.977821871638298,-117.4544979929924,-118.06574008613825,2.9899996519088745,6.2723475694656372,3.5300000309944153,3.2528185844421387
1532,33.375299990177155,33.808304131031036,-116.42589998245239,-117.9904314968735,13.499999977648258,6.2432563304901123,4.3999999947845936,3.2393681108951569
1849,34.214000001549721,33.815796062350273,-117.50799998641014,-117.99528365721926,5.9999996423721313,6.2501370906829834,3.2999999821186066,3.2397291362285614
1918,34.340000003576279,33.820993334054947,-116.86099994182587,-117.99712201417424,5.5000001192092896,6.259692907333374,3.199999988079071,3.2408328652381897
167,35.988999962806702,33.868345201015472,-117.41100001335144,-118.01481476891786,0.8899998664855957,6.2968522310256958,3.4999999701976776,3.2477354407310486
730,35.775002002716064,33.977833969518542,-117.60067000985146,-118.06574621796608,2.3800000548362732,6.2723493576049805,3,3.252819299697876
1628,34.239099994301796,33.815586805343628,-117.37529999017715,-117.99383274558932,10.700000077486038,6.2609446048736572,3.4999999701976776,3.240867018699646
26,35.681332945823669,33.868323862552643,-117.51533299684525,-118.01480956096202,8.8899998366832733,6.2968271970748901,3.3400000333786011,3.2477309703826904
1387,33.304000020027161,33.80876362323761,-116.40380001068115,-117.99077568389475,5.899999737739563,6.2602373957633972,3.3999999761581421,3.2403638362884521
2305,35.983999967575073,33.691627949476242,-117.87699999660254,-117.95922016724944,3.9999997615814209,6.0927271842956543,3,3.217376321554184
997,35.622499942779541,33.815395832061768,-118.1494999974966,-117.99323062226176,9.0600000321865082,6.2655669450759888,3.4699999988079071,3.2413302361965179
1176,34.693499982357025,33.868344277143478,-116.24349999427795,-118.0148157896474,4.400000274181366,6.2965178489685059,3,3.2477146983146667
1040,34.151333004236221,33.810773029923439,-116.7071670293808,-117.99162280652672,10.919999778270721,6.2575802206993103,3.8999999910593033,3.2403692901134491
1673,35.99399995803833,33.816167920827866,-117.30900001525879,-117.994051492773,3.4000003337860107,6.2621650099754333,3.199999988079071,3.2409950494766235
2540,34.308999985456467,33.690898507833481,-116.0809999704361,-117.95910268649459,1.600000262260437,6.0894942283630371,3.199999988079071,3.2170843183994293
1945,32.567000031471252,33.815901473164558,-118.11900000274181,-117.99526285519823,9.9999998509883881,6.2503820657730103,3.4999999701976776,3.2397767901420593
41,35.633499979972839,33.868323862552643,-117.43683302402496,-118.0148095684126,5.1199999451637268,6.2968271970748901,3.2999999821186066,3.2477309703826904
1971,33.495000004768372,34.113450899720192,-116.52999997138977,-118.12565079331398,12.800000086426735,6.3214409351348877,3.2999999821186066,3.2626781165599823
2416,35.621000051498413,33.693693190813065,-119.56099998950958,-117.95958039164543,5.9999996423721313,6.1004224419593811,3,3.2181010544300079
2365,34.651000022888184,33.690898507833481,-116.28799998760223,-117.95910268649459,12.400000020861626,6.0894942283630371,3.199999988079071,3.2170843183994293
1419,34.684400022029877,33.808695912361145,-116.27610003948212,-117.99074866157025,7.1000003814697266,6.2601068615913391,3.4999999701976776,3.2403499782085419
1295,32.858199954032898,33.813390269875526,-116.20099997520447,-117.99238496972248,12.899999991059303,6.2683528661727905,3.7999999970197678,3.2413334548473358
609,35.903499960899353,33.977820247411728,-117.72683000564575,-118.06573944538832,3.6399999260902405,6.2723466753959656,3.550000011920929,3.2528184056282043
1132,35.866999983787537,33.808824822306633,-117.6899000108242,-117.9908793233335,10.700000077486038,6.2551018595695496,3.0999999940395355,3.2400417923927307
28,35.64549994468689,33.868317514657974,-117.47699999809265,-118.0148064699024,8.6100000143051147,6.2968182563781738,3.129999965429306,3.2477299869060516
441,35.892665982246399,33.977820217609406,-117.71466800570488,-118.06573944538832,1.7000001668930054,6.2723457813262939,3.0299999713897705,3.2528183162212372
2178,35.322999954223633,33.689913362264633,-118.6690000295639,-117.95865381136537,2.1999996900558472,6.0965770483016968,3,3.2173737287521362
1629,33.632999986410141,33.816200762987137,-116.71899998188019,-117.99406433338299,13.999999947845936,6.2622785568237305,3.4999999701976776,3.2410050630569458
493,35.702998995780945,33.977834103628993,-117.50766798853874,-118.06574627757072,2.4300000071525574,6.2723511457443237,3.3999999761581421,3.252819299697876
1258,33.820099994540215,33.808759465813637,-117.68560001254082,-117.99077358283103,18.700000047683716,6.2602302432060242,3.7999999970197678,3.2403632998466492
1939,32.567899942398071,33.815257012844086,-118.07959999889135,-117.99508295813575,11.999999955296516,6.2511616945266724,3.9999999850988388,3.2397404909133911
236,35.670665979385376,33.868350148200989,-117.51300099492073,-118.014817324467,7.420000433921814,6.2968611717224121,3.199999988079071,3.2477362453937531
551,35.902331948280334,33.977820217609406,-117.70883199572563,-118.06573943048716,7.590000182390213,6.2723466753959656,3.0600000321865082,3.2528184056282043
520,35.882500052452087,33.97783393971622,-117.74349999427795,-118.06574620306492,3.6000001430511475,6.2723511457443237,4.0999999791383743,3.2528192102909088
1716,32.720800042152405,33.81618158519268,-116.0320999622345,-117.99405144434422,12.100000083446503,6.2623411417007446,3.4999999701976776,3.2410091757774353
1232,33.942099999636412,33.808107286691666,-117.89029999822378,-117.99052685499191,16.400000005960464,6.2587863206863403,4.3999999947845936,3.2402149736881256
1138,33.816300004720688,33.833768725395203,-116.97790002822876,-118.00423298869282,19.100000113248825,6.2398114800453186,3.3999999761581421,3.2398842573165894
720,35.860999941825867,33.977689223363996,-117.67783299088478,-118.06567584723234,6.8200001120567322,6.2723886966705322,4.8000000044703484,3.2528160810470581
1965,34.843999981880188,34.188516527414322,-116.32000005245209,-118.16061982512474,2.6000002026557922,6.3111251592636108,3.7999999970197678,3.2659508585929871
2239,32.093999981880188,33.693706810474396,-117.91099999845028,-117.95958104357123,6.9999995827674866,6.1003965139389038,3.199999988079071,3.2181018590927124
58,35.830000042915344,33.91235226392746,-117.65916699171066,-118.03724703192711,2.8999999165534973,6.2823289632797241,3.2299999594688416,3.2487145364284515
631,35.584833025932312,33.977820590138435,-117.61449998617172,-118.06573957949877,9.6299998462200165,6.2723457813262939,4.8000000044703484,3.2528184056282043
1181,34.502900004386902,33.865682914853096,-118.78490000963211,-118.0135904988274,17.700000107288361,6.2908056378364563,3.6999999582767487,3.2471998929977417
2304,36,33.691628068685532,-117.8289999961853,-117.95922020450234,1.7000001668930054,6.0927271842956543,3.6999999582767487,3.217376321554184
592,35.880666971206665,33.977832375094295,-117.71616700291634,-118.06574557721615,2.8999999165534973,6.2723484635353088,3.070000022649765,3.2528191208839417
2206,35.889000058174133,33.692649811506271,-117.2960000038147,-117.95942071825266,3.5000002384185791,6.0966691374778748,3.4999999701976776,3.2177245616912842
939,34.016000000759959,33.862142771482468,-116.77983295917511,-118.012626003474,12.89000004529953,6.2868368625640869,4.4899999997578561,3.2464765906333923
2359,35.98199999332428,33.692972749471664,-117.81700000166893,-117.95946450531483,3.6000001430511475,6.0972225666046143,4.0999999791383743,3.2178120017051697
1249,32.953999996185303,33.808759585022926,-116.54799997806549,-117.99077360518277,9.9999998509883881,6.2602311372756958,3.199999988079071,3.2403632998466492
904,33.796333000063896,33.810582116246223,-116.96733295917511,-117.99155077151954,14.140000026673079,6.2569615244865417,3.0999999940395355,3.2403132319450378
1279,32.922099947929382,33.80876362323761,-116.24849998950958,-117.9907757062465,3.8999998569488525,6.2602365016937256,3.199999988079071,3.2403638362884521
2004,34.158000007271767,33.816250309348106,-117.42500001192093,-117.9954249006696,10.399999916553497,6.2515398859977722,3.199999988079071,3.2398686110973358
2438,34.712999999523163,33.691627949476242,-116.27499997615814,-117.95922015979886,2.0999997854232788,6.0927271842956543,3.0999999940395355,3.2173762321472168
1591,32.990000009536743,33.815786704421043,-116.36099994182587,-117.98527452163398,5.2000004053115845,6.3985991477966309,3.199999988079071,3.2522324323654175
1468,33.17960000038147,33.863374754786491,-116.73689997196198,-118.01414454262704,8.4999999403953552,6.2764745950698853,3.6999999582767487,3.2455533742904663
1914,34.023000000044703,33.820993468165398,-117.55700001120567,-117.99712204397656,10.700000077486038,6.2596946954727173,3.3999999761581421,3.2408329546451569
2522,35.715999960899353,33.69369313120842,-117.96900000050664,-117.95958036929369,8.1999997794628143,6.1004233360290527,3.5999999642372131,3.2181010544300079
706,35.841166973114014,33.977826312184334,-117.65983301401138,-118.06574250012636,11.450000032782555,6.2723368406295776,4.0899999886751175,3.2528179585933685
1022,34.247832998633385,33.810724452137947,-116.83616697788239,-117.99160674680024,-1.0699993371963501,6.2574979662895203,3.0999999940395355,3.2403590083122253
745,35.663166046142578,33.977820232510567,-117.50299799442291,-118.06573944538832,6.0900002717971802,6.2723466753959656,3.0999999940395355,3.2528184056282043
1886,33.269500017166138,33.814096137881279,-116.02909994125366,-117.99462866969407,4.400000274181366,6.2484204769134521,3.5999999642372131,3.2394742369651794
1472,34.467999994754791,33.838208392262459,-116.51600003242493,-118.00689403200522,10.60000017285347,6.2340831756591797,3.3999999761581421,3.2395883202552795
513,35.701331973075867,33.977833954617381,-117.50283101201057,-118.06574620306492,1.8000000715255737,6.2723493576049805,3.5999999642372131,3.2528192102909088
81,35.907333016395569,33.868317604064941,-117.70899999141693,-118.0148065071553,2.4000003933906555,6.2968164682388306,5.0000000149011612,3.2477299869060516
2246,32.228000044822693,33.693578362464905,-116.99300003051758,-117.95955804362893,7.8000001609325409,6.0997045040130615,3,3.2180464267730713
1308,33.583000004291534,33.808760792016983,-118.37900000810623,-117.99077411554754,0.29999971389770508,6.2602311372756958,3.2999999821186066,3.2403634786605835
914,34.435833007097244,33.810719966888428,-116.89900004863739,-117.99160410556942,2.5000002980232239,6.2574362754821777,3,3.2403550744056702
2334,34.221000000834465,33.691626280546188,-116.79700005054474,-117.95921983942389,6.7999997735023499,6.0927218198776245,3.0999999940395355,3.2173756062984467
1874,34.349999994039536,33.818495839834213,-116.46099996566772,-117.99640208133496,4.400000274181366,6.2493789196014404,3,3.2399096488952637
150,35.616000056266785,33.868351578712463,-117.45583301782608,-118.01481790561229,10.289999842643738,6.2968629598617554,3.2400000393390656,3.2477364242076874
774,35.747002005577087,34.076703295111656,-117.57849898934364,-118.11440854519606,2.1300002932548523,6.1725926399230957,3.0999999940395355,3.2492595613002777
329,35.716832995414734,33.977820232510567,-117.49599999189377,-118.06573944538832,3.1599998474121094,6.2723466753959656,3.2999999821186066,3.2528184056282043
6,35.652500033378601,33.868224188685417,-117.45099997520447,-118.0147713124752,3.1400004029273987,6.2964355945587158,3.8400000035762787,3.2476974427700043
943,33.379666984081268,33.862188190221786,-116.2983330488205,-118.01264180522412,13.949999995529652,6.2869065999984741,4.0999999791383743,3.2464858889579773
1644,35.024999976158142,33.886184871196747,-119.30999994277954,-118.02579087764025,17.800000011920929,6.2613934278488159,3.4999999701976776,3.2458060383796692
734,35.561332941055298,33.977832479402423,-117.61333501338959,-118.06574563682079,3.2800000905990601,6.2723511457443237,3.2099999785423279,3.2528192102909088
909,34.001333000021987,33.810617834329605,-117.01733297109604,-117.99156490527093,15.869999974966049,6.2571001052856445,3.4999999701976776,3.2403252124786377
468,35.702167987823486,33.977820217609406,-117.59133198857307,-118.06573944538832,2.879999577999115,6.2723466753959656,3.0999999940395355,3.2528184056282043
181,35.615165948867798,33.868349999189377,-117.60266900062561,-118.0148172872141,7.0300000905990601,6.2968611717224121,3.0199999809265137,3.2477362453937531
164,35.879166960716248,33.86834380030632,-117.69150000810623,-118.01481424737722,7.5199998915195465,6.2968522310256958,3.0500000417232513,3.2477352619171143
451,35.883834958076477,33.977821663022041,-117.69716599583626,-118.0657400265336,3.0899995565414429,6.2723457813262939,3.129999965429306,3.2528185844421387
490,35.618332028388977,33.977822080254555,-117.41666400432587,-118.06574016064405,2.7700003981590271,6.2723466753959656,4.0999999791383743,3.2528186738491058
1441,32.822800040245056,33.808718681335449,-116.10899996757507,-117.99075497221202,16.400000005960464,6.260160505771637,4.0999999791383743,3.2403558790683746
1143,32.034999966621399,33.808824732899666,-116.06700003147125,-117.99087929725647,18.200000077486038,6.2551009654998779,3.199999988079071,3.2400417923927307
1311,33.979000000283122,33.808760851621628,-116.76699995994568,-117.99077410437167,17.899999916553497,6.2602329254150391,3.0999999940395355,3.2403634786605835
2439,34.783999979496002,33.691627949476242,-116.25499999523163,-117.95922015979886,6.1000004410743713,6.0927271842956543,3,3.2173762321472168
1111,34.320666998624802,33.86218786239624,-116.85316705703735,-118.01264342200011,3.5100004076957703,6.2869933247566223,3.0099999904632568,3.2464908063411713
2420,33.223999977111816,33.69365194439888,-116.0900000333786,-117.95957174897194,1.2999996542930603,6.0999923944473267,3.3999999761581421,3.2180716395378113
1800,33.051400005817413,33.883246682584286,-117.76039999723434,-118.02616646513343,9.9999998509883881,6.2469148635864258,3.8999999910593033,3.2440758347511292
2410,34.926999986171722,34.075772225856781,-116.37199997901917,-118.10343356430531,4.400000274181366,7.0428076386451721,3.199999988079071,3.3166303038597107
1767,35.050300002098083,33.83704961836338,-119.0061000585556,-118.00551079306751,9.9999998509883881,6.2445759773254395,3.4999999701976776,3.2404504716396332
2506,34.499000012874603,34.016855362802744,-116.29299998283386,-118.105797290802,0.50000041723251343,6.3187980651855469,3.0999999940395355,3.2487309873104095
1563,32.534999966621399,33.791220679879189,-116.00399994850159,-117.97719561867416,11.200000047683716,6.3543418049812317,3.199999988079071,3.2469636797904968
1907,32.88100004196167,33.81708462536335,-116.22099995613098,-117.99577601859346,8.9999999105930328,6.2536221742630005,3.6999999582767487,3.2400573492050171
1786,35.429999947547913,33.809451907873154,-118.30500000715256,-117.99121511820704,9.3000000715255737,6.2547791004180908,3,3.2400330305099487
1848,32.720800042152405,33.81648114323616,-116.04480004310608,-117.99552867561579,15.299999993294477,6.2520682811737061,3.4999999701976776,3.2399157285690308
327,35.659000039100647,33.977820217609406,-117.4663320183754,-118.06573943048716,7.8300002217292786,6.2723466753959656,3.4999999701976776,3.2528184056282043
442,35.792667031288147,33.977821856737137,-117.62283301353455,-118.06574008613825,3.7000000476837158,6.2723466753959656,3.7999999970197678,3.2528186738491058
1642,34.06700000166893,33.81619668006897,-118.875,-117.99406221369281,13.399999961256981,6.2622714042663574,3.0999999940395355,3.2410045266151428
2207,35.894000053405762,33.693693190813065,-117.26899999380112,-117.95958038419485,3.7000000476837158,6.1004224419593811,4.0999999791383743,3.2181010544300079
832,35.641499042510986,34.076705276966095,-117.61000099778175,-118.11440926790237,10.159999877214432,6.1725926399230957,3.3999999761581421,3.2492596507072449
1957,33.195999979972839,33.815921917557716,-116.04299998283386,-117.99526897957548,2.9999998211860657,6.2505331635475159,3.6999999582767487,3.2397884130477905
1949,35.044000029563904,33.816006883978844,-119.01999998092651,-117.99529861053452,12.100000083446503,6.2506824731826782,3.6999999582767487,3.2398077249526978
1351,33.809000000357628,33.813390269875526,-117.81010000407696,-117.99238498462364,4.699999988079071,6.2683528661727905,3.2999999821186066,3.2413334548473358
86,35.601501941680908,33.867958918213844,-117.60133400559425,-118.01467319298536,3.3300000429153442,6.2959098815917969,3.0500000417232513,3.2476387917995453
2480,34.791999995708466,33.702727198600769,-116.37600004673004,-117.9610113799572,14.899999997578561,6.1410534381866455,3.5999999642372131,3.2216764390468597
777,35.744333028793335,34.076703399419785,-117.56633299589157,-118.1144086048007,1.9700002670288086,6.1725926399230957,4.1999999955296516,3.2492595613002777
1780,34.46900001168251,33.811901792883873,-116.50800001621246,-117.99217304494232,4.7999998927116394,6.2585243582725525,3.0999999940395355,3.240472286939621
54,35.949000000953674,33.868317633867264,-119.74383294582367,-118.0148065071553,20.279999971389771,6.2968182563781738,3.0199999809265137,3.2477299869060516
1933,35.047000050544739,33.816384539008141,-119.06500005722046,-117.99549923092127,19.699999988079071,6.2517285346984863,3,3.2398820221424103
1287,35.4617999792099,33.813386127352715,-118.2698999941349,-117.99238283140585,1.8000000715255737,6.2683457136154175,3.6999999582767487,3.2413328289985657
1740,35.269000053405762,33.811590075492859,-117.34109997749329,-117.99245301121846,7.1000003814697266,6.2543141841888428,3.6999999582767487,3.2400501072406769
1624,34.712000012397766,33.815542802214622,-116.26499998569489,-117.99381563533098,3.7999999523162842,6.2608793377876282,3.0999999940395355,3.2408589720726013
1245,35.97189998626709,33.805401027202606,-117.30610001087189,-117.98930225335062,8.4999999403953552,6.2540030479431152,3.0999999940395355,3.2397533655166626
113,35.935999989509583,33.868319049477577,-117.69983300566673,-118.01480707339942,2.8299996256828308,6.2968182563781738,3.199999988079071,3.247730165719986
2381,34.342000007629395,33.702013611793518,-117.04900002479553,-117.96089671552181,11.299999952316284,6.1378723382949829,3.199999988079071,3.2213854193687439
987,33.974500000476837,33.810755163431168,-116.92633295059204,-117.99161255825311,5.9200000762939453,6.2573575973510742,3.0299999713897705,3.2403552532196045
1942,32.470999956130981,33.816944628953934,-118.14399999380112,-117.99573241826147,18.000000044703484,6.2528640031814575,3.6999999582767487,3.239993691444397
1621,35.251999974250793,33.842049404978752,-118.55500000715256,-118.00774971256033,5.3000003099441528,6.2486779689788818,3.0999999940395355,3.2410335838794708
1009,33.869000002741814,33.81071449816227,-119.37983298301697,-117.99160202685744,6.9300001859664917,6.2574318051338196,3,3.2403541803359985
1198,33.402599990367889,33.810720026493073,-116.43630003929138,-117.99160413537174,15.100000002421439,6.2574362754821777,3.2999999821186066,3.2403550744056702
589,35.750167965888977,33.977821841835976,-117.57800298929214,-118.06574008613825,2.2800001502037048,6.2723457813262939,3.550000011920929,3.2528185844421387
768,35.703333020210266,34.076703414320946,-117.48283302783966,-118.11440863460302,0.99999994039535522,6.1725926399230957,4.0200000107288361,3.2492596507072449
17,35.558333039283752,33.868216261267662,-117.43433302640915,-118.01476761698723,4.7799995541572571,6.2964248657226562,3.129999965429306,3.2476961016654968
1042,34.383500009775162,33.810775697231293,-119.75483298301697,-117.99162406567484,10.269999951124191,6.2575793266296387,3.1199999749660492,3.2403693795204163
2266,32.610000014305115,33.69342166185379,-116.15499997138977,-117.95953073725104,7.5999999046325684,6.0992038249969482,3.0999999940395355,3.2179956436157227
285,35.671165943145752,33.977865109220147,-117.52383399009705,-118.06575483828783,8.9800000190734863,6.2723663449287415,3.2999999821186066,3.2528243958950043
428,35.901999950408936,33.977820247411728,-117.65582999587059,-118.06573944538832,7.3100003600120544,6.2723457813262939,3.2899999916553497,3.2528184056282043
1979,34.930000007152557,34.183147594332695,-116.72200000286102,-118.15764762461185,1.1999997496604919,6.3111841678619385,3.2999999821186066,3.2656680643558502
1658,35.41100001335144,33.816790744662285,-117.79000000655651,-117.9943074551411,7.5,6.2637895345687866,3,3.2411428391933441
669,35.902166962623596,33.97783668152988,-117.7426669895649,-118.06574767827988,8.8099998235702515,6.2723466753959656,3.8999999910593033,3.2528191208839417
31,33.868332996964455,33.868324011564255,-116.19583296775818,-118.01480962801725,8.1999997794628143,6.2968254089355469,3.4699999988079071,3.2477309703826904
1341,33.888999998569489,33.808763653039932,-118.56000000238419,-117.99077569879591,11.299999952316284,6.2602373957633972,3.2999999821186066,3.2403638362884521
722,35.616667032241821,33.977758921682835,-117.43016701936722,-118.06570854783058,9.3500000238418579,6.2724119424819946,5.1000000089406967,3.2528205513954163
951,33.837500005960464,33.808087825775146,-119.72583305835724,-117.99060036055744,9.869999885559082,6.253485381603241,5.3000000417232513,3.2398747801780701
1820,34.86599999666214,33.816409319639206,-119.24639999866486,-117.99552485346794,17.000000104308128,6.2499761581420898,3.4999999701976776,3.2397765219211578
214,35.9635009765625,33.868345081806183,-117.4820020198822,-118.01481472421438,0.55000036954879761,6.2968522310256958,3.0600000321865082,3.2477354407310486
1845,33.229700028896332,33.816406637430191,-116.00530004501343,-117.9955061301589,6.4000001549720764,6.2518805265426636,3.2999999821186066,3.2398938238620758
1164,33.871700003743172,33.808039903640747,-117.71059998869896,-117.99038866814226,9.9999998509883881,6.2527021765708923,3,3.2398992776870728
326,35.797333002090454,33.977820217609406,-117.62266498804092,-118.06573943048716,6.3899999856948853,6.2723466753959656,3.2999999821186066,3.2528184056282043
560,35.926334023475647,33.977821841835976,-117.6968309879303,-118.06574008613825,2.149999737739563,6.2723457813262939,4.1700000017881393,3.2528185844421387
1383,34.159999996423721,33.80876362323761,-116.42400002479553,-117.99077569879591,8.099999874830246,6.2602365016937256,3.0999999940395355,3.2403638362884521
1086,34.521000027656555,33.897360570728779,-119.07500004768372,-118.03112421743572,19.020000100135803,6.2696528434753418,3.3099999725818634,3.2466857135295868
1887,34.111000001430511,33.815908297896385,-117.31599998474121,-117.99531766865402,16.000000052154064,6.2507513165473938,3.2999999821186066,3.2397807240486145
341,35.908833026885986,33.977834088727832,-117.70866400003433,-118.06574629247189,1.7600002884864807,6.2723511457443237,3.199999988079071,3.252819299697876
147,33.309832990169525,33.868317604064941,-116.25683295726776,-118.01480651460588,11.53999999165535,6.2968164682388306,3.1500000357627869,3.2477299869060516
1897,32.067000031471252,33.817092195153236,-116.25199997425079,-117.99578067520633,15.200000004842877,6.2536132335662842,3,3.2400568127632141
2018,34.170000001788139,34.161384478211403,-117.44499999284744,-118.14561952650547,9.5999997854232788,6.3797110319137573,3,3.2696773409843445
1107,35.21150004863739,34.023649126291275,-117.27999997138977,-118.0931831151247,2.6100003719329834,6.2046521902084351,3.7800000160932541,3.2477899789810181
848,34.026832999661565,33.868323862552643,-117.56833299994469,-118.0148095684126,11.42999991774559,6.2968271970748901,3,3.2477309703826904
966,34.031667001545429,33.810720026493073,-117.59299999475479,-117.99160413537174,4.0800002217292786,6.2574362754821777,3.0900000035762787,3.2403550744056702
1072,33.442499995231628,33.810091406106949,-116.40499997138977,-117.99136676453054,12.73999996483326,6.256173849105835,3.75,3.2402205169200897
155,35.649832963943481,33.86834380030632,-117.45983302593231,-118.01481423992664,2.4500003457069397,6.2968513369560242,3.6100000441074371,3.2477352619171143
1717,33.680999994277954,33.816090822219849,-116.79499995708466,-117.99402643274516,18.700000047683716,6.2619692087173462,3,3.2409733235836029
1655,33.967999998480082,33.789227858185768,-117.76199999451637,-117.9766444452107,11.999999955296516,6.3548719882965088,3.0999999940395355,3.2467273771762848
1002,34.849833011627197,33.815397128462791,-118.9638329744339,-117.99323112517595,2.1800002455711365,6.2655678391456604,3.1899999976158142,3.2413305044174194
1902,35.963000059127808,33.817088171839714,-119.875,-117.99577857414261,22.000000029802322,6.2536060810089111,3.0999999940395355,3.2400562763214111
2120,32.86899995803833,34.252826511859894,-118.49599999189377,-118.19787767529488,5.9999996423721313,6.2527996301651001,3.199999988079071,3.2636159062385559
2213,33.712999999523163,33.693693190813065,-117.98799999989569,-117.95958038046956,12.899999991059303,6.1004224419593811,4.2999999895691872,3.2181010544300079
2240,34.108000002801418,33.693694770336151,-116.70500004291534,-117.95958069339395,7.4000000953674316,6.1004269123077393,3.3999999761581421,3.2181016802787781
2392,34.236000001430511,33.69355571269989,-118.5120000243187,-117.95955590903759,5.6999999284744263,6.0997563600540161,3.9999999850988388,3.2180438339710236
1203,35.140300035476685,33.810725480318069,-118.16580000519753,-117.99160678777844,10.799999982118607,6.2574461102485657,3,3.2403558790683746
1684,35.970000028610229,33.816200733184814,-117.31800001859665,-117.99406433338299,1.3999995589256287,6.2622785568237305,3.0999999940395355,3.2410050630569458
2385,34.224999994039536,33.702010542154312,-116.99100005626678,-117.96089613437653,9.0999998152256012,6.1378616094589233,4.6000000052154064,3.2213845252990723
1437,32.893700003623962,33.808725774288177,-116.24349999427795,-117.99076029192656,16.299999989569187,6.2601166963577271,3.3999999761581421,3.2403531074523926
1652,35.987300038337708,33.816167950630188,-117.28759998083115,-117.99405148532242,3.7999999523162842,6.2621650099754333,3.0999999940395355,3.2409950494766235
2332,35.75,33.680835038423538,-118.34000000357628,-117.95705749094486,1.2999996542930603,6.0565817356109619,3,3.2139029502868652
2039,34.145500004291534,33.84091529250145,-117.41310000419617,-118.00869371462613,6.4000001549720764,6.2371811270713806,3.3999999761581421,3.2397361993789673
2273,34.057000000029802,33.693578362464905,-118.39700001478195,-117.95955803990364,10.799999982118607,6.0997045040130615,3,3.2180463373661041
938,34.01766699925065,33.862145036458969,-116.80033302307129,-118.01262689009309,12.659999951720238,6.2868431210517883,3.199999988079071,3.2464771270751953
2275,33.500999987125397,33.693578362464905,-116.52100002765656,-117.95955803990364,12.60000005364418,6.0997045040130615,3.0999999940395355,3.2180464267730713
346,35.768167018890381,33.977832449600101,-117.57783299684525,-118.06574560701847,10.570000112056732,6.2723511457443237,4.5,3.2528191208839417
2112,34.706799983978271,33.681580901145935,-116.6525000333786,-117.95746459066868,7.5999999046325684,6.0495543479919434,3.8999999910593033,3.2135293185710907
2515,34.783999979496002,33.69357830286026,-116.38699996471405,-117.95955803245306,2.2999995946884155,6.0997045040130615,3,3.2180463373661041
1514,33.964000001549721,33.817892596125603,-117.76000000536442,-117.99515136890113,12.299999892711639,6.2571591138839722,3.0999999940395355,3.2406918704509735
385,35.715831995010376,33.977834088727832,-117.55816701054573,-118.06574629247189,5.4600003361701965,6.2723493576049805,3.3199999630451202,3.252819299697876
1645,34.491800010204315,33.816200882196426,-116.21270000934601,-117.99406436318532,10.799999982118607,6.2622785568237305,3.0999999940395355,3.241005152463913
1688,35.978000044822693,33.816200882196426,-117.30599999427795,-117.99406436318532,1.2999996542930603,6.2622785568237305,3,3.241005152463913
243,35.863667011260986,33.868350148200989,-117.68467000126839,-118.01481731701642,2.8700003027915955,6.2968611717224121,3.3999999761581421,3.2477362453937531
2057,34.05799999833107,33.816355630755424,-117.25999999046326,-117.99544857861474,12.60000005364418,6.2519198656082153,3,3.2399096488952637
936,33.92416699975729,33.868307366967201,-116.32249999046326,-118.01480258814991,8.7399999797344208,6.2967967987060547,3.7699999809265137,3.2477273941040039
2175,35.195500016212463,33.681257098913193,-118.78149998188019,-117.95728799700737,5.6000000238418579,6.0571584105491638,3.3999999761581421,3.213979035615921
312,35.595500946044922,33.977820217609406,-117.43049597740173,-118.06573944538832,5.6299996376037598,6.2723466753959656,3.5999999642372131,3.2528184056282043
2479,34.716000020503998,33.702727138996124,-116.34700000286102,-117.96101135388017,2.7000001072883606,6.1410534381866455,3,3.2216764390468597
1572,32.711400032043457,33.815633729100227,-116.02020001411438,-117.98523653671145,12.899999991059303,6.3979321718215942,3.3999999761581421,3.2521656453609467
1332,34.78600001335144,33.865121409296989,-119.48099994659424,-118.01347607094795,13.299999944865704,6.2995129823684692,3.199999988079071,3.2476258277893066
968,32.857332944869995,33.810742676258087,-118.71183300018311,-117.99161135870963,-0.22999942302703857,6.257472038269043,3,3.2403597235679626
660,35.886500000953674,33.977832509204745,-117.69383299350739,-118.06574563682079,9.4600000977516174,6.2723511457443237,3.8499999940395355,3.2528192102909088
935,34.114500001072884,33.810712724924088,-116.92366695404053,-117.99160186294466,3.9599999785423279,6.2574237585067749,3.3999999761581421,3.2403532862663269
370,35.963832974433899,33.977821663022041,-117.27700001001358,-118.06574001163244,1.8200004100799561,6.2723457813262939,3.1899999976158142,3.2528185844421387
566,35.868332982063293,33.977832330390811,-117.71299999952316,-118.06574556231499,5.0800001621246338,6.2723493576049805,3,3.2528191208839417
2016,34.694999992847443,34.196229562163353,-116.36800003051758,-118.16497701406479,2.8999999165534973,6.3193407654762268,3.0999999940395355,3.2667980790138245
824,35.599833965301514,34.076705291867256,-117.62266498804092,-118.11440925300121,-0.39999961853027344,6.1725926399230957,3.4999999701976776,3.249259740114212
982,33.159166991710663,33.805858805775642,-118.71783298254013,-117.98926341440529,4.8499998450279236,6.2583070993423462,3.8999999910593033,3.2401406764984131
2401,35.082000017166138,33.693693190813065,-117.06599998474121,-117.95958038419485,1.9999998807907104,6.1004224419593811,3,3.2181010544300079
1517,33.10699999332428,33.817923337221146,-116.42400002479553,-117.99515919946134,9.3999999761581421,6.2570732831954956,3,3.2406914234161377
2177,34.300000011920929,33.681257158517838,-118.57800000905991,-117.95728804916143,2.0999997854232788,6.0571584105491638,3.0999999940395355,3.213979035615921
1760,34.681999981403351,33.861756131052971,-116.35000002384186,-118.01303732581437,3.5000002384185791,6.28226637840271,3,3.245939701795578
813,35.666167020797729,34.076703175902367,-117.57233300805092,-118.11440857499838,4.0499997138977051,6.1725917458534241,4.2999999895691872,3.2492594718933105
1430,33.936800003051758,33.80869060754776,-117.08209997415543,-117.99074686970562,8.8000001013278961,6.2600299715995789,3.6999999582767487,3.2403443455696106
778,35.723199963569641,34.076705262064934,-117.45080000162125,-118.11440926790237,9.4499999284744263,6.1725926399230957,3.2999999821186066,3.249259740114212
1320,33.495000004768372,33.808759585022926,-116.44500005245209,-117.99077360518277,8.4999999403953552,6.2602311372756958,3.3999999761581421,3.2403632998466492
2127,33.795000001788139,33.681257098913193,-116.08800005912781,-117.95728800073266,8.5999998450279236,6.0571584105491638,3.199999988079071,3.213979035615921
1052,34.083167001605034,33.815458908677101,-116.71449995040894,-117.99325357330963,10.689999908208847,6.2654730677604675,3.1199999749660492,3.2413316667079926
1870,32.70770001411438,33.82652385532856,-116.04460000991821,-118.00296404003166,9.2000001668930054,6.2379616498947144,4.2999999895691872,3.2383416295051575
1013,34.432332992553711,33.810719907283783,-119.99983298778534,-117.99160409811884,1.7799997329711914,6.257438063621521,3.0299999713897705,3.2403550744056702
1401,32.771900057792664,33.808763712644577,-116.09930002689362,-117.99077569507062,15.299999993294477,6.2602382898330688,3,3.2403638362884521
1763,34.019999999552965,33.811590433120728,-117.24400001764297,-117.99245316023007,9.5999997854232788,6.2543141841888428,3,3.240050196647644
2099,34.035000000149012,33.681256979703903,-116.39699995517731,-117.95728800818324,11.900000050663948,6.0571584105491638,3.3999999761581421,3.213979035615921
1809,33.119300007820129,33.883238725364208,-116.02069997787476,-118.02616244368255,3.099999725818634,6.2469068169593811,3.199999988079071,3.2440750300884247
126,33.995833000168204,33.868324011564255,-116.04449999332428,-118.01480964291841,7.8800001740455627,6.2968254089355469,4.1799999922513962,3.2477309703826904
887,33.916166998445988,33.810591891407967,-117.79916700720787,-117.99156212247908,15.459999991580844,6.2567871809005737,3.1399999558925629,3.240300178527832
2069,33.815999999642372,33.816036596894264,-117.04199999570847,-117.99532950017601,15.100000002421439,6.251169741153717,3.5999999642372131,3.2398339211940765
1347,35.925600051879883,33.808763653039932,-117.67460000514984,-117.9907757062465,7.2000002861022949,6.2602365016937256,3.4999999701976776,3.2403638362884521
1007,33.876332998275757,33.810711398720741,-116.8093329668045,-117.99159941542894,16.409999951720238,6.2571635842323303,3.2299999594688416,3.2403384447097778
355,35.688500046730042,33.977821812033653,-117.53433200716972,-118.06574008613825,6.5399998426437378,6.2723457813262939,3.2999999821186066,3.2528185844421387
1003,34.001333000021987,33.815429896116257,-116.9025000333786,-117.9932436379604,13.900000043213367,6.2656277418136597,3.4999999701976776,3.241337388753891
682,35.905833005905151,33.977824404835701,-117.65733298659325,-118.06574145704508,9.4999998807907104,6.2723430991172791,3.7400000095367432,3.2528183162212372
827,35.702000021934509,34.076703265309334,-117.53610000014305,-118.11440856009722,9.9999998509883881,6.1725926399230957,3.4999999701976776,3.2492595613002777
1538,33.504999995231628,33.817922785878181,-116.46300005912781,-117.99516228400171,6.9999995827674866,6.25721275806427,3,3.2406983077526093
984,33.134167015552521,33.805534273386002,-116.65566694736481,-117.98957769665867,2.7299997210502625,6.2538957595825195,3.070000022649765,3.2396890819072723
1233,33.883699998259544,33.808108419179916,-117.96649999916553,-117.99052729830146,19.000000208616257,6.258787214756012,3.4999999701976776,3.2402151525020599
2149,34.202000007033348,33.68014669418335,-116.86549997329712,-117.95711801573634,2.9999998211860657,6.0531753301620483,4.5,3.2135815322399139
140,35.881832957267761,33.868324011564255,-117.68599998950958,-118.01480962801725,4.1800001263618469,6.2968254089355469,3.6999999582767487,3.2477309703826904
217,35.688832998275757,33.868350148200989,-117.51499998569489,-118.014817324467,7.1400001645088196,6.2968611717224121,3.8099999874830246,3.2477362453937531
2076,35.120000004768372,34.119442395865917,-118.60699999332428,-118.12555864453316,3.9999997615814209,6.3975870609283447,3,3.2691789865493774
2358,33.805999994277954,33.690898507833481,-117.75300000607967,-117.95910270139575,2.800000011920929,6.0894942283630371,3.199999988079071,3.2170843183994293
2249,34.224000006914139,33.693411886692047,-118.81400001049042,-117.95953150466084,7.4000000953674316,6.0991635918617249,4.1999999955296516,3.2179900109767914
1754,34.866999983787537,33.860921964049339,-116.34200000762939,-118.0021225803066,4.7999998927116394,6.4204832911491394,3,3.258786141872406
1499,33.129700005054474,33.808324977755547,-116.43929994106293,-117.99159897211939,13.399999961256981,6.2458080053329468,3.8999999910593033,3.2391048967838287
22,35.566333055496216,33.866240248084068,-117.35266697406769,-118.01401753164828,2.6699995994567871,6.2940752506256104,3.5899999737739563,3.247366726398468
711,35.899832963943481,33.977784162387252,-117.69549998641014,-118.0657244771719,6.8900004029273987,6.2723457813262939,3.5699999928474426,3.2528159916400909
1157,33.576200008392334,33.808085590600967,-118.27610000967979,-117.99040017556399,17.300000041723251,6.2525850534439087,3.9999999850988388,3.2398987412452698
2526,34.230000004172325,33.693693101406097,-116.43900001049042,-117.95958036184311,6.1000004410743713,6.1004224419593811,3,3.2181011438369751
871,33.520666986703873,33.810711041092873,-116.5723329782486,-117.991599005647,2.0399996638298035,6.2572950124740601,3.1099999845027924,3.2403464019298553
1507,32.834699988365173,33.81282639503479,-116.02849996089935,-117.99317233311012,13.499999977648258,6.2531179189682007,3.6999999582767487,3.2400060296058655
10,35.716500043869019,33.868353262543678,-117.57383298873901,-118.01481722015887,4.3299999833106995,6.2968137860298157,3.5999999642372131,3.2477341890335083
2447,32.64300000667572,33.702727138996124,-116.08399999141693,-117.96101136505604,6.9999995827674866,6.1410534381866455,3,3.2216764390468597
2396,33.502999991178513,33.693693190813065,-118.20100000500679,-117.95958038419485,5.9999996423721313,6.1004224419593811,3.199999988079071,3.2181010544300079
1749,35.485100030899048,33.811594218015671,-118.42260000109673,-117.99245516443625,6.6999998688697815,6.2543213367462158,3.6999999582767487,3.2400509119033813
1315,33.645999997854233,33.729172706604004,-116.74000000953674,-117.96820787340403,16.899999976158142,6.0903185606002808,3,3.2218625843524933
754,35.622334003448486,33.977832464501262,-117.57333400845528,-118.06574563682079,6.1900001764297485,6.2723511457443237,3.6500000059604645,3.2528191208839417
626,35.889333009719849,33.977733563631773,-117.71200001239777,-118.06570004671812,3.8600000739097595,6.2723475694656372,4.1999999955296516,3.2528142929077148
2133,34.367000013589859,33.680146753787994,-116.13199996948242,-117.95711801201105,3.3000004291534424,6.0531753301620483,3.3999999761581421,3.2135815322399139
1510,34.388000011444092,33.812848284840584,-117.50200000405312,-117.99318329663947,13.900000043213367,6.2534129619598389,3.0999999940395355,3.2400247156620026
129,35.656167030334473,33.868318870663643,-117.51333299279213,-118.0148070435971,9.9799999594688416,6.2968164682388306,3.1399999558925629,3.2477300763130188
843,35.644000053405762,34.07658214867115,-117.56716701388359,-118.11435495316982,4.6399998664855957,6.1726248264312744,4.4899999997578561,3.2492566108703613
323,35.567500948905945,33.977820083498955,-117.35016602277756,-118.06573938578367,1.2099999189376831,6.2723466753959656,3.4899999797344208,3.2528183162212372
1937,34.003000000026077,33.814975157380104,-118.44499999284744,-117.99440331337973,12.60000005364418,6.2530517578125,3.0999999940395355,3.240038126707077
1494,34.991999983787537,33.813370674848557,-116.94900000095367,-117.99356941133738,8.1999997794628143,6.2495148181915283,3,3.2397674024105072
1284,32.886399984359741,33.808760851621628,-116.19599997997284,-117.99077410437167,9.3000000715255737,6.2602329254150391,3,3.2403634786605835
2461,35.728999972343445,33.693693190813065,-117.57499998807907,-117.95958038419485,0.80000013113021851,6.1004233360290527,3.4999999701976776,3.2181010544300079
14,34.26800000667572,33.868222802877426,-117.45300000905991,-118.01477075368166,9.960000067949295,6.2964364886283875,3,3.2476971745491028
947,35.391999959945679,33.866177573800087,-118.54449999332428,-118.01399603765458,4.7700002789497375,6.2939402461051941,3.6999999582767487,3.2473514378070831
215,35.702332019805908,33.86834380030632,-117.509162992239,-118.01481426227838,1.3099998235702515,6.2968513369560242,3.5300000309944153,3.2477352619171143
2498,34.317999988794327,33.693693190813065,-116.45299994945526,-117.95958038419485,5.6999999284744263,6.1004224419593811,3.199999988079071,3.2181010544300079
1995,32.753100037574768,34.258401542901993,-116.81180000305176,-118.20009095966816,22.599999904632568,6.2551528215408325,3,3.2638522982597351
1182,32.187100052833557,33.865792840719223,-117.65110000967979,-118.01363341230899,7.9000000655651093,6.2912142276763916,4.0999999791383743,3.247235119342804
1703,35.907699942588806,33.816202148795128,-116.7311999797821,-117.99406488472596,2.9999998211860657,6.2622803449630737,3,3.2410054206848145
1611,33.209699988365173,33.816661581397057,-119.25409996509552,-117.99426369834691,11.599999889731407,6.2629920244216919,4.3999999947845936,3.2410796284675598
864,33.213333010673523,33.810614258050919,-116.06649994850159,-117.99156299047172,10.629999786615372,6.2570929527282715,3.4999999701976776,3.2403246760368347
516,35.703498959541321,33.977834073826671,-117.50516501069069,-118.06574629247189,4.5299997925758362,6.2723493576049805,3.2999999821186066,3.252819299697876
597,35.630000948905945,33.977833969518542,-117.43183100223541,-118.06574620306492,3.0700001120567322,6.2723511457443237,3.4999999701976776,3.252819299697876
195,35.941833972930908,33.868350148200989,-117.69132998585701,-118.014817324467,2.7899998426437378,6.2968611717224121,3.0399999618530273,3.2477362453937531
1277,32.165599942207336,33.808763548731804,-117.61829999089241,-117.99077565781772,1.2999996542930603,6.2602373957633972,3.2999999821186066,3.2403638362884521
288,35.650665044784546,33.977877341210842,-117.4641649723053,-118.06576102972031,8.7599998712539673,6.2723708152770996,3.4999999701976776,3.2528250217437744
950,34.243332996964455,33.808166489005089,-117.45800000429153,-117.99063096009195,11.639999896287918,6.2536346912384033,3.3999999761581421,3.2398915886878967
2390,34.671999990940094,33.692972749471664,-116.27400004863739,-117.95946451276541,17.800000011920929,6.0972225666046143,3,3.2178118228912354
2034,34.671000003814697,34.187326639890671,-116.35800004005432,-118.15729568898678,2.8999999165534973,6.3349360227584839,3.199999988079071,3.2683420479297638
2421,34.954999983310699,33.69369313120842,-116.37100005149841,-117.95958036929369,11.100000143051147,6.1004224419593811,3,3.2181011438369751
1120,34.196999996900558,33.810757353901863,-116.90683305263519,-117.99161934573203,10.109999924898148,6.2575596570968628,3.4699999988079071,3.2403658032417297
1622,32.935999989509583,33.81558683514595,-116.05200004577637,-117.99383272696286,6.3000002503395081,6.2609446048736572,3,3.240867018699646
549,35.674332022666931,33.977820083498955,-117.46933001279831,-118.06573937088251,6.3799998164176941,6.2723466753959656,3.3999999761581421,3.2528184056282043
156,35.899667024612427,33.868350148200989,-117.71766701340675,-118.014817324467,8.5600000619888306,6.2968611717224121,3.0800000131130219,3.2477362453937531
419,35.899502038955688,33.977821871638298,-117.69000199437141,-118.06574010103941,0.85000008344650269,6.2723466753959656,3.2299999594688416,3.2528185844421387
922,34.298667013645172,33.810725092887878,-116.93416702747345,-117.99160666484386,3.9800003170967102,6.257445216178894,3.1600000262260437,3.2403557896614075
2185,33.949000000953674,33.690079361200333,-119.18900001049042,-117.95868238806725,0.90000003576278687,6.0971063375473022,3.199999988079071,3.2174282670021057
477,35.881500005722046,33.977785160765052,-117.71733298897743,-118.06572499126196,5.6399998068809509,6.2723457813262939,4.7000000104308128,3.2528159022331238
1657,35.273699998855591,33.816047295928001,-119.42110002040863,-117.99401265289634,1.5000003576278687,6.2615284323692322,3.5999999642372131,3.24094158411026
1701,32.740599989891052,33.81619668006897,-117.37169998884201,-117.9940622174181,9.9999998509883881,6.2622714042663574,3.199999988079071,3.2410045266151428
1523,35.19379997253418,33.817923367023468,-118.59079998731613,-117.99515919946134,9.8000000417232513,6.2570732831954956,3.7999999970197678,3.2406914234161377
1471,35.35099995136261,33.813370674848557,-118.56099998950958,-117.99356942996383,5.4000002145767212,6.2495148181915283,3.3999999761581421,3.2397674024105072
553,35.575999975204468,33.977821856737137,-117.36216700077057,-118.06574008613825,2.9600000381469727,6.2723466753959656,3.4799999892711639,3.2528185844421387
1202,34.197999998927116,33.810717180371284,-116.93739998340607,-117.99160308111459,10.60000017285347,6.2574318051338196,4.5,3.2403544485569
390,35.870833992958069,33.977820217609406,-117.71383699774742,-118.06573944538832,6.770000159740448,6.2723466753959656,3.9800000041723251,3.2528184056282043
578,35.904999017715454,33.977824702858925,-117.71883401274681,-118.06574156135321,4.2099997401237488,6.2723422050476074,3.2800000011920929,3.2528183162212372
2346,35.802000045776367,33.692972719669342,-118.04500000178814,-117.95946448668838,9.2000001668930054,6.0972225666046143,3,3.2178117334842682
2357,35.925999999046326,33.690898507833481,-118.33300000429153,-117.95910269394517,5.6000000238418579,6.0894942283630371,3.6999999582767487,3.2170843183994293
2298,32.154000043869019,33.691627949476242,-117.33999997377396,-117.95922015979886,7.9000000655651093,6.0927271842956543,3,3.2173762321472168
820,35.704833030700684,34.076703280210495,-117.48083299398422,-118.11440857499838,8.4999999403953552,6.1725926399230957,3.4999999701976776,3.2492595613002777
2431,34.880999982357025,33.691627949476242,-116.38699996471405,-117.95922016724944,3.1999996304512024,6.0927271842956543,3.199999988079071,3.217376321554184
1006,33.881833001971245,33.810715585947037,-116.79883301258087,-117.99160158354789,15.380000006407499,6.2571707367897034,3.3700000047683716,3.2403391599655151
1248,35.305099964141846,33.808729723095894,-118.49180001020432,-117.99076237063855,7.9000000655651093,6.2601238489151001,3.6999999582767487,3.2403537333011627
2098,34.657999992370605,33.647327780723572,-116.29499995708466,-117.94866649806499,4.6000000834465027,5.9971430897712708,3,3.206376850605011
664,35.639832973480225,33.977832539007068,-117.43633300065994,-118.06574563682079,3.3099997043609619,6.2723511457443237,3.199999988079071,3.2528192102909088
2245,34.254999995231628,33.69337597489357,-118.77499997615814,-117.95952597260475,12.60000005364418,6.0990285873413086,3.5999999642372131,3.2179764211177826
142,33.452832996845245,33.868317455053329,-116.57633304595947,-118.01480644755065,10.799999982118607,6.2968164682388306,3.5899999737739563,3.2477299869060516
2204,34.577000021934509,33.69369313120842,-116.26600003242493,-117.95958037674427,3.3000004291534424,6.1004233360290527,3.0999999940395355,3.2181011438369751
1882,32.121999979019165,33.8164893835783,-116.64300000667572,-117.99553476274014,4.9999997019767761,6.2520280480384827,3.2999999821186066,3.2399126887321472
421,35.648998022079468,33.977832479402423,-117.51783001422882,-118.06574563682079,9.8600001633167267,6.2723493576049805,3.1700000166893005,3.2528191208839417
799,35.693832039833069,34.076703429222107,-117.49449902772903,-118.11440861970186,0.97000032663345337,6.1725926399230957,3.2600000202655792,3.2492596507072449
615,35.640166997909546,33.977820217609406,-117.4468309879303,-118.06573944538832,2.3099997639656067,6.2723466753959656,4.2999999895691872,3.2528184056282043
1318,33.782000005245209,33.808759585022926,-116.08120000362396,-117.99077361263335,4.7999998927116394,6.2602311372756958,3.4999999701976776,3.2403632998466492
295,35.949664950370789,33.977877207100391,-117.72233599424362,-118.06576099991798,2.0499998331069946,6.2723708152770996,3.1899999976158142,3.2528249323368073
401,35.609164953231812,33.977820217609406,-117.41483300924301,-118.06573943048716,3.020000159740448,6.2723466753959656,3.1600000262260437,3.2528184056282043
88,35.669832944869995,33.86796011030674,-117.47500002384186,-118.01467365492135,3.8499999046325684,6.2959080934524536,3.4999999701976776,3.2476388812065125
2072,34.989000022411346,33.816383674740791,-119.18850004673004,-117.9954595756717,12.100000083446503,6.2521094083786011,4.7000000104308128,3.2399234175682068
2500,34.670000016689301,33.693541169166565,-116.21300005912781,-117.95955363661051,5.9999996423721313,6.0997205972671509,3,3.2180393636226654
131,35.778833031654358,33.868323981761932,-117.6176669895649,-118.01480962056667,8.449999988079071,6.2968254089355469,3.0299999713897705,3.2477309703826904
1623,35.958999991416931,33.81558683514595,-117.33899998664856,-117.99383273068815,2.6000002026557922,6.2609446048736572,3,3.240867018699646
1612,33.913999997079372,33.816661521792412,-117.05900001525879,-117.99426363874227,13.499999977648258,6.2629920244216919,3.2999999821186066,3.2410796284675598
1721,35.98199999332428,33.814311489462852,-117.31900000572205,-117.9933427372016,3.6000001430511475,6.2598717212677002,3,3.2406870424747467
1402,33.718600004911423,33.808729648590088,-116.04879999160767,-117.99076232220978,11.599999889731407,6.2601238489151001,3.4999999701976776,3.2403537333011627
2080,34.041499998420477,34.25365224480629,-117.74869999289513,-118.19825018942356,16.700000055134296,6.2554442882537842,3.4999999701976776,3.2638161778450012
2196,34.275599986314774,33.693691462278366,-116.86160004138947,-117.95958006009459,7.1000003814697266,6.1004170775413513,3.5999999642372131,3.2181006968021393
1188,34.311300009489059,33.810719847679138,-116.41999995708466,-117.9916040385142,8.9999999105930328,6.2574362754821777,3.7999999970197678,3.2403550744056702
724,35.748000025749207,33.977842984721065,-117.54566699266434,-118.06575415283442,3.8999998569488525,6.2723100185394287,4.9000000208616257,3.2528158128261566
1314,33.958000000566244,33.729172706604004,-118.41800001263618,-117.96820788085461,11.900000050663948,6.0903185606002808,3.0999999940395355,3.2218625843524933
1862,34.367000013589859,33.8164903819561,-116.12300002574921,-117.99553512781858,5.9999996423721313,6.2520307302474976,3.3999999761581421,3.2399130463600159
269,35.862998962402344,33.977865109220147,-117.69400000572205,-118.06575483828783,7.8399999439716339,6.2723654508590698,3.199999988079071,3.2528243958950043
1836,34.215000003576279,33.883175224065781,-119.92799997329712,-118.02613889612257,5.9999996423721313,6.2468111515045166,3.0999999940395355,3.2440628707408905
2095,34.166999995708466,33.651682168245316,-117.40700000524521,-117.95001378282905,11.700000017881393,6.0002803802490234,3.2999999821186066,3.2070778012275696
1372,33.061699986457825,33.808763653039932,-116.0485999584198,-117.9907757062465,11.299999952316284,6.2602365016937256,3.2999999821186066,3.2403638362884521
917,34.135000005364418,33.810648128390312,-117.77099999785423,-117.99157604668289,4.440000057220459,6.2573504447937012,3.3899999856948853,3.240343451499939
1662,35.989300012588501,33.886737629771233,-117.29879999160767,-118.02602832578123,5.7999998331069946,6.2623608112335205,3.0999999940395355,3.2459034025669098
1319,33.454299986362457,33.808763548731804,-116.44060003757477,-117.99077565409243,8.4999999403953552,6.2602373957633972,3.5999999642372131,3.2403638362884521
2167,35.327999949455261,33.681256979703903,-118.6690000295639,-117.95728800818324,2.4000003933906555,6.0571584105491638,3.199999988079071,3.2139789462089539
2471,34.666000008583069,33.69369313120842,-116.25800001621246,-117.95958036929369,0.99999994039535522,6.1004224419593811,3.0999999940395355,3.2181011438369751
587,35.872833013534546,33.977834103628993,-117.66083499789238,-118.06574629247189,3.3500003814697266,6.2723493576049805,3.9599999785423279,3.252819299697876
2407,34.030999999493361,33.693693101406097,-116.46700000762939,-117.95958036184311,17.599999979138374,6.1004224419593811,3.199999988079071,3.2181011438369751
2532,32.044999957084656,33.69369313120842,-116.54299998283386,-117.95958036929369,3.7000000476837158,6.1004224419593811,3,3.2181011438369751
375,35.896000027656555,33.977821826934814,-117.72666901350021,-118.06574010103941,4.3900001049041748,6.2723457813262939,3.2999999821186066,3.2528185844421387
333,35.932834982872009,33.977821856737137,-117.70249900221825,-118.06574008613825,2.3599997162818909,6.2723466753959656,3.4999999701976776,3.2528185844421387
1847,33.244599997997284,33.816490679979324,-116.13359999656677,-117.99553453177214,8.4000000357627869,6.2520530819892883,4.3999999947845936,3.239914745092392
2388,32.432999968528748,33.692972719669342,-117.88000000268221,-117.95946449041367,8.8000001013278961,6.0972225666046143,3.3999999761581421,3.2178117334842682
1118,34.119167000055313,33.810752838850021,-116.91250002384186,-117.9916170546785,7.2299998998641968,6.2575507164001465,3.3099999725818634,3.2403650879859924
1442,35.388000011444092,33.808725714683533,-117.84000000357628,-117.99076029192656,5.899999737739563,6.2601166963577271,3.2999999821186066,3.2403531074523926
1599,34.014000000432134,33.816161900758743,-117.11599999666214,-117.99404851999134,11.200000047683716,6.2621355056762695,3.199999988079071,3.2409930825233459
910,34.002000000094995,33.810612976551056,-117.01783299446106,-117.99156250245869,16.330000050365925,6.2570911645889282,3.6100000441074371,3.2403244972229004
776,35.721168994903564,34.076703265309334,-117.52400198578835,-118.11440857499838,2.2099998593330383,6.1725926399230957,3.199999988079071,3.2492595613002777
2267,34.351999998092651,33.693336695432663,-116.47200000286102,-117.95951767265797,9.3999999761581421,6.0989284515380859,3.3999999761581421,3.2179666757583618
328,35.911834955215454,33.977821871638298,-117.73600000143051,-118.06574008613825,2.0600000023841858,6.2723466753959656,3.4699999988079071,3.2528185844421387
1342,34.170000001788139,33.808759614825249,-117.66699999570847,-117.99077361635864,2.9999998211860657,6.2602311372756958,3,3.2403632998466492
320,35.896167993545532,33.977820068597794,-117.69200098514557,-118.06573938578367,6.5100002288818359,6.2723466753959656,3.2600000202655792,3.2528184056282043
2060,33.424000024795532,33.805771753191948,-116.97200000286102,-117.99136357195675,11.700000017881393,6.234167218208313,3.3999999761581421,3.2379076480865479
12,35.616832971572876,33.868317514657974,-117.47200000286102,-118.0148064699024,6.7800003290176392,6.2968182563781738,3.4999999701976776,3.2477299869060516
897,33.49066698551178,33.810596033930779,-116.8038330078125,-117.991564264521,2.4199998378753662,6.2567952275276184,3.0999999940395355,3.2403009831905365
171,35.876000046730042,33.868350178003311,-117.67950001358986,-118.01481733191758,4.5399999618530273,6.2968611717224121,3,3.2477363348007202
260,35.683665990829468,33.977865109220147,-117.54116800427437,-118.06575483828783,4.5799997448921204,6.2723654508590698,3,3.2528243958950043
1921,35.657999992370605,33.820669576525688,-119.18799996376038,-117.99700063699856,25.599999725818634,6.2589320540428162,3,3.2407560646533966
689,35.902500033378601,33.977822750806808,-117.71633300185204,-118.0657407566905,8.4699998795986176,6.2723404169082642,4.0999999791383743,3.2528183162212372
901,33.779332995414734,33.810720041394234,-116.13383305072784,-117.99160414282233,7.8700000047683716,6.2574362754821777,3.199999988079071,3.2403550744056702
258,35.545333981513977,33.977865109220147,-117.38566601276398,-118.06575483828783,-0.040000677108764648,6.2723654508590698,3.2199999690055847,3.2528243958950043
844,35.705167055130005,34.076703503727913,-117.50600001215935,-118.11440867930651,10.709999799728394,6.1725926399230957,6.3999999761581421,3.2492595613002777
2335,35.797999978065491,33.693693190813065,-118.04100000113249,-117.95958038419485,7.1000003814697266,6.1004224419593811,3,3.2181010544300079
138,33.311333000659943,33.868324011564255,-116.25516700744629,-118.01480962801725,11.650000065565109,6.2968254089355469,3.1399999558925629,3.2477309703826904
1573,34.418999999761581,33.815635994076729,-119.98099994659424,-117.98523722961545,6.7999997735023499,6.3979321718215942,3,3.2521660923957825
319,35.644665002822876,33.977820083498955,-117.42350000143051,-118.06573938578367,4.1999995708465576,6.2723466753959656,3.2899999916553497,3.2528183162212372
653,35.883499979972839,33.977832434698939,-117.72766700387001,-118.06574559211731,7.5100001692771912,6.2723511457443237,3.5999999642372131,3.2528191208839417
1953,35.044999957084656,33.816012114286423,-119.00699996948242,-117.99530115490779,11.200000047683716,6.2506914138793945,3.8999999910593033,3.2398084402084351
1871,35.934999942779541,33.818491727113724,-117.68099999427795,-117.99639995791949,2.9999998211860657,6.249372661113739,3.0999999940395355,3.2399091124534607
558,35.556331992149353,33.97783393971622,-117.34316998720169,-118.06574620306492,3.1800001859664917,6.2723511457443237,3.550000011920929,3.2528192102909088
139,35.950667023658752,33.868324011564255,-117.70433300733566,-118.01480962801725,2.9499998688697815,6.2968254089355469,3.3799999952316284,3.2477309703826904
112,35.808166980743408,33.868317604064941,-117.6323330104351,-118.01480651460588,8.1599999964237213,6.2968182563781738,3,3.2477299869060516
531,35.922669053077698,33.977820217609406,-117.69249698519707,-118.06573944538832,2.290000319480896,6.2723466753959656,3.3199999630451202,3.2528184056282043
224,35.658668994903564,33.868343770503998,-117.46399700641632,-118.01481423247606,3.2900002598762512,6.2968513369560242,3.199999988079071,3.2477352619171143
723,35.617166996002197,33.977733444422483,-117.42750000953674,-118.06569691002369,8.449999988079071,6.272394061088562,4.8000000044703484,3.2528180480003357
2353,35.748999953269958,33.692972719669342,-118.01799999922514,-117.95946449041367,5.6000000238418579,6.0972225666046143,3.0999999940395355,3.2178117334842682
2165,34.894999980926514,33.680146753787994,-119.35699999332428,-117.9571180306375,12.999999895691872,6.05317622423172,3.0999999940395355,3.2135815322399139
1433,33.767000004649162,33.808725535869598,-118.1330000013113,-117.99076022114605,3.9999997615814209,6.2601166963577271,3,3.2403531074523926
325,35.757500052452087,33.977820232510567,-117.59116399288177,-118.06573944538832,2.7700003981590271,6.2723466753959656,3.199999988079071,3.2528184056282043
1323,33.482599973678589,33.808759227395058,-116.45239996910095,-117.99077345617115,10.200000107288361,6.2602293491363525,4.7000000104308128,3.2403631210327148
1997,33.881999999284744,34.195576176047325,-118.45100000500679,-118.16200317442417,11.200000047683716,6.3328331708908081,3.3999999761581421,3.2684895694255829
1458,34.832000017166138,33.808730527758598,-116.37800002098083,-117.99076225887984,3.9999997615814209,6.2602213025093079,3.199999988079071,3.2403602600097656
1736,35.371000051498413,33.81098572909832,-118.65299999713898,-117.99222622998059,5.6000000238418579,6.2529990077018738,3.0999999940395355,3.2399141192436218
2417,34.814000010490417,33.69369313120842,-116.26199996471405,-117.95958036929369,4.7999998927116394,6.1004224419593811,3.199999988079071,3.2181011438369751
714,35.902999997138977,33.97772553190589,-117.69116699695587,-118.06569042801857,7.0099997520446777,6.2724226713180542,4.0999999791383743,3.2528210878372192
846,35.050333023071289,33.868317514657974,-118.93599998950958,-118.0148064699024,8.7399999797344208,6.2968182563781738,3.4400000274181366,3.2477300763130188
193,35.888499975204468,33.868350148200989,-117.625,-118.014817324467,15.039999999571592,6.2968611717224121,3.0999999940395355,3.2477362453937531
1983,34.845000028610229,34.172350034117699,-116.32299995422363,-118.15185998380184,4.8999997973442078,6.3119995594024658,3.199999988079071,3.2652390003204346
573,35.841835021972656,33.977832539007068,-117.68382999300957,-118.06574562191963,7.0900002121925354,6.2723511457443237,3.7999999970197678,3.2528191208839417
946,35.043499946594238,33.866203367710114,-119.04233300685883,-118.01400360651314,7.7299998700618744,6.2939751148223877,4.0999999791383743,3.2473568022251129
503,35.754333972930908,33.977820202708244,-117.47816497087479,-118.06573943048716,-0.78000068664550781,6.2723466753959656,3.199999988079071,3.2528183162212372
1864,32.706300020217896,33.816732153296471,-116.02409994602203,-117.99564084364101,11.499999985098839,6.250913143157959,3.7999999970197678,3.2398655712604523
2014,34.270999997854233,34.211040988564491,-119.68299996852875,-118.17062720656395,0.19999980926513672,6.3234677910804749,3.4999999701976776,3.268433690071106
645,35.830832958221436,33.977824375033379,-117.67766600847244,-118.06574141234159,3.4699997305870056,6.2723422050476074,3.8199999779462814,3.2528183162212372
3,35.950832962989807,33.868217840790749,-117.36599999666214,-118.01476822048426,2.7399998903274536,6.2964266538619995,3.2999999821186066,3.2476964592933655
1833,34.123999997973442,33.883185766637325,-117.30199998617172,-118.02614306844771,14.100000020116568,6.2468183040618896,3.2999999821186066,3.2440642118453979
467,35.780334949493408,33.977821841835976,-117.60150200128555,-118.06574010103941,16.970000043511391,6.2723466753959656,3.0999999940395355,3.2528185844421387
1345,33.71000000834465,33.808759823441505,-117.34899997711182,-117.99077368713915,13.399999961256981,6.2602329254150391,3.2999999821186066,3.2403633892536163
5,35.647832989692688,33.868216380476952,-117.45916700363159,-118.01476767659187,4.0499997138977051,6.2964248657226562,3.8999999910593033,3.2476962804794312
1246,35.982300043106079,33.805395856499672,-117.27240002155304,-117.98929969780147,3.7000000476837158,6.2539941072463989,3.8999999910593033,3.2397525608539581
919,33.897832997143269,33.810685932636261,-116.21449995040894,-117.99159109313041,7.1799999475479126,6.2573772668838501,3.0299999713897705,3.2403481006622314
547,35.855666995048523,33.977832479402423,-117.67416700720787,-118.06574563682079,5.6600001454353333,6.2723493576049805,3.199999988079071,3.2528191208839417
228,35.672500967979431,33.868343681097031,-117.48983001708984,-118.01481418777257,3.059999942779541,6.2968522310256958,3.5999999642372131,3.2477352619171143
1063,34.202167004346848,33.810758501291275,-116.8313330411911,-117.99161975178868,6.9999995827674866,6.2575596570968628,3.070000022649765,3.2403661608695984
542,35.871333956718445,33.977820232510567,-117.71366900205612,-118.06573943048716,5.0499996542930603,6.2723466753959656,3.4400000274181366,3.2528184056282043
242,35.876499056816101,33.868351578712463,-117.70683300495148,-118.01481790561229,4.4299998879432678,6.2968629598617554,3.7999999970197678,3.2477364242076874
898,35.671200037002563,33.810593023896217,-116.13300001621246,-117.99156250990927,26.100000143051147,6.256788969039917,3.0999999940395355,3.2403004467487335
2496,34.59799998998642,33.693693101406097,-116.24199998378754,-117.95958036184311,3.099999725818634,6.1004224419593811,3,3.2181011438369751
1160,33.456200003623962,33.808039933443069,-118.08100000023842,-117.99038866441697,8.8000001013278961,6.2527021765708923,3,3.2398993670940399
1889,33.689999997615814,33.815906792879105,-116.79499995708466,-117.99531704280525,15.299999993294477,6.2507504224777222,3.199999988079071,3.2397805452346802
2118,34.18299999833107,33.66988331079483,-117.47899997234344,-117.95504603162408,3.3000004291534424,6.0187160968780518,3.0999999940395355,3.2102600634098053
1742,35.901999950408936,33.811585828661919,-117.02100002765656,-117.99244749406353,0.70000022649765015,6.2541657686233521,3.0999999940395355,3.2400428652763367
1866,32.723000049591064,33.816734537482262,-116.04200005531311,-117.99564218474552,3.099999725818634,6.2509149312973022,3.0999999940395355,3.2398657500743866
842,35.678500056266785,34.076580069959164,-117.45249998569489,-118.11435151100159,15.760000012814999,6.1726480722427368,3,3.2492589354515076
1373,33.877199999988079,33.808782920241356,-117.78309999406338,-117.99077934585512,13.599999994039536,6.260126531124115,3.199999988079071,3.2403602600097656
2531,34.674000024795532,33.69369313120842,-116.31299996376038,-117.95958036929369,1.3999995589256287,6.1004233360290527,3.0999999940395355,3.2181010544300079
2222,32.046000003814697,33.69369313120842,-116.31599998474121,-117.95958036929369,3.9999997615814209,6.1004233360290527,3,3.2181010544300079
1526,34.130999997258186,33.815219044685364,-117.44700002670288,-117.99413847364485,7.9000000655651093,6.252211332321167,3.2999999821186066,3.2401443421840668
1605,32.699900031089783,33.816792786121368,-118.20960000157356,-117.99430866958573,7.9999999701976776,6.2637725472450256,4.3999999947845936,3.2411420345306396
276,35.740165948867798,33.977865094318986,-117.56400299072266,-118.06575483828783,3.0399996042251587,6.2723663449287415,3,3.2528243958950043
661,35.878000020980835,33.977832509204745,-117.70166701078415,-118.06574562191963,4.5799997448921204,6.2723511457443237,4.0999999791383743,3.2528191208839417
1883,34.28999999165535,33.815906226634979,-116.90600001811981,-117.99531684536487,6.2000003457069397,6.2507486343383789,3.3999999761581421,3.2397803664207458
2144,35.332000017166138,33.690079361200333,-118.66100001335144,-117.95868238061666,2.0999997854232788,6.0971063375473022,3,3.2174282670021057
2397,34.861000001430511,33.693695425987244,-119.09800004959106,-117.95958086103201,21.599999964237213,6.100425124168396,4.3999999947845936,3.2181016802787781
1916,33.793999999761581,33.820966005325317,-116.182000041008,-117.99711122573353,9.700000137090683,6.2595069408416748,3.0999999940395355,3.2408190965652466
314,35.672500967979431,33.977832479402423,-117.52583301067352,-118.06574563682079,7.6600000262260437,6.2723511457443237,3.0500000417232513,3.2528191208839417
1466,32.944000005722046,33.813334465026855,-116.14300000667572,-117.99355525523424,20.000000149011612,6.2493762373924255,3.2999999821186066,3.2397556006908417
1343,34.328599989414215,33.808759585022926,-118.45370000600815,-117.99077361635864,10.799999982118607,6.2602329254150391,3.8999999910593033,3.2403633892536163
2091,33.694000005722046,33.678169101476669,-116.0349999666214,-117.9562022536993,12.499999925494194,6.0574400424957275,3.0999999940395355,3.2136222124099731
691,35.59850001335144,33.977811397984624,-117.41449999809265,-118.06573583185673,6.6899996995925903,6.2723466753959656,3.7999999970197678,3.2528178691864014
1541,32.126999974250793,33.817922666668892,-117.65189999341965,-117.99516222812235,1.2999996542930603,6.25721275806427,3.2999999821186066,3.2406982183456421
612,35.715499997138977,33.977821677923203,-117.62733501195908,-118.0657400265336,5.4199996590614319,6.2723457813262939,3.3999999761581421,3.2528185844421387
424,35.928333044052124,33.977820217609406,-117.70500001311302,-118.06573944538832,2.369999885559082,6.2723466753959656,4.5,3.2528184056282043
1577,32.719300031661987,33.815803304314613,-116.04019999504089,-117.98528236988932,11.499999985098839,6.398853063583374,3.4999999701976776,3.2522505819797516
594,35.887500047683716,33.977832509204745,-117.69699999690056,-118.06574563682079,4.1099998354911804,6.2723511457443237,3.5099999606609344,3.2528191208839417
2516,34.769999980926514,33.702617049217224,-116.40100002288818,-117.96098963171244,7.3000001907348633,6.1403453350067139,3.7999999970197678,3.2216223478317261
2008,34.114000000059605,34.195617511868477,-117.43300002813339,-118.16108760237694,4.5000001788139343,6.3421672582626343,3.2999999821186066,3.2694439888000488
622,35.801998019218445,33.977820098400116,-117.63166800141335,-118.06573938578367,1.4300000667572021,6.2723466753959656,3.6999999582767487,3.2528184056282043
1861,32.48199999332428,33.816490441560745,-117.50499999523163,-117.99553513526917,6.9999995827674866,6.2520307302474976,3.0999999940395355,3.2399130463600159
1493,33.771799996495247,33.835270628333092,-118.14309999346733,-118.00580886611715,16.400000005960464,6.2288510799407959,3.6999999582767487,3.2389915287494659
1677,34.142000004649162,33.813922137022018,-116.43400001525879,-117.99319940060377,5.5000001192092896,6.2585359811782837,3.0999999940395355,3.2405684888362885
227,35.944499969482422,33.868350178003311,-117.72116899490356,-118.01481734681875,2.4400001764297485,6.2968611717224121,3.5099999606609344,3.2477362453937531
2321,35.967000007629395,33.69369313120842,-117.84700000286102,-117.95958037674427,2.8999999165534973,6.1004233360290527,3.4999999701976776,3.2181011438369751
1169,34.00359999993816,33.880312204360962,-117.23369997739792,-118.02317701838911,19.299999922513962,6.2551411986351013,3.199999988079071,3.245037853717804
108,35.735999941825867,33.911949425935745,-117.58050000667572,-118.03708646073937,9.5600000023841858,6.2813267111778259,3.0999999940395355,3.2486165463924408
1756,34.395000010728836,33.864807859063148,-119.65499997138977,-118.01433266792446,13.399999961256981,6.2789404392242432,3.199999988079071,3.245981901884079
66,34.005667000077665,33.868317663669586,-116.76433300971985,-118.01480651460588,13.299999944865704,6.2968182563781738,3.3999999761581421,3.2477299869060516
1417,32.928400039672852,33.808725714683533,-116.36189997196198,-117.9907602770254,16.899999976158142,6.2601166963577271,3,3.2403531074523926
2286,34.275999993085861,33.847862809896469,-117.5,-118.01390866842121,13.700000010430813,6.80419921875,3.0999999940395355,3.2751489579677582
24,35.954666972160339,33.868317574262619,-119.93949997425079,-118.0148065071553,7.2199997305870056,6.2968182563781738,3.1700000166893005,3.2477299869060516
1235,33.911700002849102,33.808107316493988,-117.89119999855757,-117.99052686616778,11.799999922513962,6.2587854266166687,3.6999999582767487,3.2402149736881256
2096,35.133000016212463,33.65016508102417,-118.93800002336502,-117.94976526126266,14.700000006705523,5.9949392080307007,3.2999999821186066,3.2065572738647461
144,35.893833041191101,33.868319049477577,-117.68450000882149,-118.01480708830059,2.6100003719329834,6.2968182563781738,3.4999999701976776,3.247730165719986
536,35.895167946815491,33.977820217609406,-117.72666901350021,-118.06573944538832,7.4700003862380981,6.2723466753959656,4.2999999895691872,3.2528184056282043
811,35.675166964530945,34.076705127954483,-117.51483199000359,-118.11440928280354,1.7299997806549072,6.1725926399230957,3.2400000393390656,3.2492596507072449
1791,32.70990002155304,33.811988815665245,-117.17640000581741,-117.9921836880967,12.100000083446503,6.2586522102355957,3.199999988079071,3.2404990196228027
1497,35.963000059127808,33.808025911450386,-117.66299998760223,-117.99148735683411,2.9999998211860657,6.2451660633087158,3,3.2390381097793579
85,35.51783299446106,33.868324011564255,-117.41283297538757,-118.01480962801725,8.359999805688858,6.2968254089355469,3.2500000298023224,3.2477309703826904
1254,34.234400004148483,33.80875438451767,-119.55900001525879,-117.99077169783413,14.799999995157123,6.2602230906486511,3,3.2403623163700104
2093,33.350000023841858,33.681252688169479,-116.4190000295639,-117.95728702098131,12.400000020861626,6.0571503639221191,3.199999988079071,3.2139778733253479
2073,33.733000010251999,34.220520034432411,-117.50699999928474,-118.17504052817822,7.2000002861022949,6.3129401206970215,3,3.2683196067810059
1878,33.974999999627471,33.816490948200226,-117.07800000905991,-117.99553541094065,14.799999995157123,6.2520289421081543,3.0999999940395355,3.2399129569530487
2412,34.146999999880791,33.693578362464905,-116.46599996089935,-117.95955804735422,16.600000038743019,6.0997045040130615,3.0999999940395355,3.2180464267730713
484,35.671332955360413,33.977832360193133,-117.47200000286102,-118.06574556231499,2.8499999642372131,6.2723493576049805,3.3999999761581421,3.2528191208839417
1654,33.762999996542931,33.816167801618576,-116.01699995994568,-117.99405144061893,1.600000262260437,6.262165904045105,3,3.2409950494766235
2257,33.89299999922514,33.691422045230865,-117.77599999308586,-117.95918752625585,6.8999996781349182,6.0920405387878418,3.2999999821186066,3.2173053324222565
2426,35.991999983787537,33.69369313120842,-117.86900000274181,-117.95958036929369,2.4000003933906555,6.1004224419593811,3.7999999970197678,3.2181011438369751
738,35.722831964492798,33.977834088727832,-117.52850300073624,-118.06574629247189,3.1400004029273987,6.2723511457443237,3.2600000202655792,3.252819299697876
1826,34.162699997425079,33.816729038953781,-117.40090000629425,-117.99564410699531,8.1999997794628143,6.2507307529449463,3.8999999910593033,3.2398525178432465
2219,32.075999975204468,33.69354110956192,-116.3400000333786,-117.95955362543464,3.1999996304512024,6.0997205972671509,3,3.2180393636226654
2502,34.029999999329448,33.693541169166565,-116.2849999666214,-117.95955361425877,4.3000003695487976,6.0997205972671509,3.3999999761581421,3.2180393636226654
1798,33.713499993085861,33.879313722252846,-117.50420001149178,-118.02330565080047,14.599999990314245,6.2513476610183716,3.6999999582767487,3.2445056140422821
362,35.823500037193298,33.977820083498955,-117.66299998760223,-118.06573937088251,6.5100002288818359,6.2723466753959656,4.5,3.2528184056282043
749,35.601166009902954,33.977820217609406,-117.60399600863457,-118.06573944538832,4.1999995708465576,6.2723466753959656,3.4999999701976776,3.2528184056282043
2419,35.740000009536743,33.69365194439888,-117.61000001430511,-117.95957174897194,0.90000003576278687,6.0999923944473267,3.5999999642372131,3.2180716395378113
1646,33.895999997854233,33.886181943118572,-117.78599999845028,-118.02578956075013,3.9999997615814209,6.2613943219184875,3.0999999940395355,3.2458060383796692
1026,34.095333002507687,33.810754135251045,-116.4025000333786,-117.9916175538674,8.880000114440918,6.2575533986091614,3,3.2403652667999268
1030,33.219166994094849,33.810772597789764,-116.08249998092651,-117.99162261281163,13.35999995470047,6.2575811147689819,3.5400000214576721,3.2403693795204163
1926,34.247899994254112,33.820989638566971,-117.44110000133514,-117.99712002486922,9.9999998509883881,6.2596875429153442,3.2999999821186066,3.2408324182033539
1335,33.613000005483627,33.858440354466438,-116.66400003433228,-118.01110658515245,3.7999999523162842,6.2881636619567871,3.2999999821186066,3.2462402880191803
2087,33.379999995231628,33.678164690732956,-116.31700003147125,-117.95620121061802,13.100000023841858,6.0574328899383545,3,3.2136212289333344
1724,34.010999999940395,33.842126533389091,-117.21499997377396,-118.00777849368751,10.399999916553497,6.2489461898803711,3,3.2410579025745392
665,35.774166941642761,33.977820262312889,-117.61183300614357,-118.06573944538832,9.8800000548362732,6.2723466753959656,3.4899999797344208,3.2528184056282043
364,35.776833057403564,33.977834088727832,-117.58983600139618,-118.06574627757072,0.99999994039535522,6.2723511457443237,3.2400000393390656,3.252819299697876
2229,34.524999976158142,33.693693310022354,-116.29100000858307,-117.95958038792014,8.8000001013278961,6.100425124168396,3,3.2181013226509094
1239,34.123800002038479,33.805399194359779,-118.47510001063347,-117.98930152691901,15.200000004842877,6.2540030479431152,4.6000000052154064,3.2397530972957611
77,32.858999967575073,33.868317633867264,-116.18533301353455,-118.0148065071553,6.2799999117851257,6.2968182563781738,3,3.2477299869060516
27,33.49966698884964,33.868324011564255,-116.45816695690155,-118.01480962801725,5.7300004363059998,6.2968254089355469,3.4099999666213989,3.2477309703826904
473,35.884667038917542,33.977832375094295,-117.71083301305771,-118.06574556231499,4.6100002527236938,6.2723493576049805,3.5099999606609344,3.2528191208839417
525,35.675498962402344,33.977832479402423,-117.5455020070076,-118.06574563682079,1.0899996757507324,6.2723511457443237,3.4500000178813934,3.2528192102909088
725,35.921666979789734,33.977775162085891,-117.72900000214577,-118.06572195887566,8.1700001657009125,6.2723386287689209,4.6400000005960464,3.2528142929077148
55,35.743499994277954,33.868323981761932,-117.59299999475479,-118.01480962801725,5.9400004148483276,6.2968254089355469,3.5899999737739563,3.2477309703826904
638,35.876667022705078,33.977820232510567,-117.72000101208687,-118.06573944538832,3.1099998950958252,6.2723466753959656,3.6400000154972076,3.2528184056282043
302,35.556331992149353,33.977865124121308,-117.38449901342392,-118.06575485318899,7.8000001609325409,6.2723654508590698,3.4099999666213989,3.2528243064880371
718,35.80316698551178,33.977700173854828,-117.6178329885006,-118.06568107008934,11.440000087022781,6.2723904848098755,4.8400000110268593,3.2528167963027954
2201,33.747000008821487,33.69369313120842,-116.02400004863739,-117.95958036929369,8.8000001013278961,6.1004224419593811,3,3.2181011438369751
1929,34.328999996185303,33.816488638520241,-116.83200001716614,-117.99553506821394,5.0999996066093445,6.252027153968811,4.0999999791383743,3.2399124205112457
624,35.891499042510986,33.977832360193133,-117.6880039870739,-118.06574556231499,4.6399998664855957,6.2723493576049805,3.7400000095367432,3.2528192102909088
7,35.664000034332275,33.868222802877426,-117.56516700983047,-118.01477075368166,6.8200001120567322,6.2964364886283875,3.2299999594688416,3.2476971745491028
1280,33.449000000953674,33.808763548731804,-116.58599996566772,-117.99077563919127,14.400000013411045,6.2602373957633972,3.2999999821186066,3.2403638362884521
803,35.715999960899353,34.076703399419785,-117.56000000238419,-118.11440861970186,1.9200003147125244,6.1725926399230957,4.7000000104308128,3.2492595613002777
1049,35.898000001907349,33.810758203268051,-117.68316701054573,-117.99161959905177,2.5799998641014099,6.2575596570968628,3.3700000047683716,3.2403659820556641
336,35.917500019073486,33.977832360193133,-117.72066500782967,-118.06574554741383,2.369999885559082,6.2723493576049805,3.0999999940395355,3.2528191208839417
1596,35.712000012397766,33.816161602735519,-117.48500001430511,-117.99404838960618,9.8999999463558197,6.2621355056762695,3.0999999940395355,3.2409928143024445
47,35.560832977294922,33.868323981761932,-117.43433302640915,-118.01480962801725,4.5000001788139343,6.2968254089355469,3.4999999701976776,3.2477309703826904
2181,35.320000052452087,33.690079361200333,-118.66100001335144,-117.95868238061666,5.6000000238418579,6.0971063375473022,3,3.2174282670021057
106,35.825166940689087,33.911949425935745,-117.63600000739098,-118.03708646073937,6.1900001764297485,6.2813267111778259,3.5300000309944153,3.2486165463924408
349,35.873165011405945,33.977820217609406,-117.71383699774742,-118.06573943048716,6.8200001120567322,6.2723466753959656,3.3999999761581421,3.2528183162212372
1079,33.191833019256592,33.904114469885826,-118.03099999949336,-118.03396631404757,17.649999931454659,6.2725389003753662,3.199999988079071,3.2473910450935364
238,35.881332039833069,33.868351578712463,-117.68450200557709,-118.01481790561229,3.8999998569488525,6.2968629598617554,3.1700000166893005,3.2477364242076874
213,35.950166940689087,33.868350178003311,-117.70366701483727,-118.01481733191758,3.5199996829032898,6.2968611717224121,4.0999999791383743,3.2477362453937531
1144,34.796500027179718,33.807115405797958,-116.2639000415802,-117.99017421994358,14.400000013411045,6.2506163120269775,3.6999999582767487,3.2396389245986938
2405,35.25600004196167,33.693693101406097,-118.56499999761581,-117.95958036184311,8.099999874830246,6.1004224419593811,3,3.2181011438369751
1817,35.952999949455261,33.816432192921638,-117.29900002479553,-117.99553486704826,3.7999999523162842,6.2501004338264465,3,3.2397857308387756
793,35.608665943145752,34.076705113053322,-117.59033200144768,-118.11440928280354,4.8300004005432129,6.1725926399230957,3.0199999809265137,3.2492596507072449
1096,34.697166979312897,33.862157136201859,-116.23916697502136,-118.01263158395886,2.6100003719329834,6.2869852781295776,4.1100000143051147,3.2464877665042877
1873,33.443000018596649,33.817905128002167,-116.59800004959106,-117.99618094135076,11.100000143051147,6.2480753660202026,3,3.2397753596305847
1867,34.187999993562698,33.82653184235096,-117.56319999694824,-118.00296824960969,3.6000001430511475,6.237938404083252,3.4999999701976776,3.2383405566215515
2253,33.306999981403351,33.691624522209167,-116.39199995994568,-117.95921934023499,12.499999925494194,6.0927218198776245,4.1999999955296516,3.2173756062984467
345,35.665668964385986,33.977820217609406,-117.52383399009705,-118.06573943048716,7.0099997520446777,6.2723466753959656,3.4500000178813934,3.2528183162212372
523,35.883334994316101,33.977821871638298,-117.70549800992012,-118.06574010103941,5.0200000405311584,6.2723466753959656,3.129999965429306,3.2528185844421387
232,35.909999966621399,33.868343770503998,-117.70800000429153,-118.01481423247606,1.9100001454353333,6.2968513369560242,3,3.2477352619171143
644,35.91016697883606,33.977824702858925,-117.73899999260902,-118.06574157625437,10.709999799728394,6.2723422050476074,3.7900000065565109,3.2528183162212372
1975,33.499000012874603,34.165909975767136,-116.57200002670288,-118.14694601297379,12.299999892711639,6.3347133994102478,3.0999999940395355,3.2669886946678162
2306,34.287999987602234,33.691630303859711,-116.98699998855591,-117.95922061800957,11.40000008046627,6.0927397012710571,3,3.2173773050308228
1428,34.495999991893768,33.808726891875267,-118.43399998545647,-117.99076072778553,5.0999996066093445,6.2601184844970703,3.3999999761581421,3.2403533756732941
533,35.786999940872192,33.977821841835976,-117.61933299899101,-118.06574008613825,3.0099999904632568,6.2723466753959656,3.679999977350235,3.2528185844421387
2294,32.726999998092651,33.693693101406097,-118.39300000667572,-117.95958036184311,31.4000004529953,6.1004224419593811,3.0999999940395355,3.2181011438369751
603,35.867333054542542,33.977832479402423,-117.66349801421165,-118.06574563682079,3.9100000262260437,6.2723511457443237,3.7599999904632568,3.2528192102909088
1489,34.017000000923872,33.810919687151909,-117.22699999809265,-117.99265555618331,16.899999976158142,6.245276927947998,3.0999999940395355,3.2392770051956177
1915,35.121000051498413,33.820989370346069,-117.55599999427795,-117.99711992056109,2.0999997854232788,6.2596875429153442,3.6999999582767487,3.2408323287963867
1426,34.310000002384186,33.808724850416183,-116.97500002384186,-117.99075996037573,5.6999999284744263,6.2601149082183838,3.199999988079071,3.2403529286384583
1074,34.179666996002197,33.810134381055832,-117.29316699504852,-117.99138431344181,8.6799998581409454,6.2562114000320435,3.1399999558925629,3.240226149559021
2151,34.279100000858307,33.680146753787994,-116.84179997444153,-117.95711803436279,4.3000003695487976,6.05317622423172,3.8999999910593033,3.2135815322399139
60,35.66683304309845,33.91235226392746,-117.44783300161362,-118.03724702447653,9.4499999284744263,6.2823289632797241,3,3.2487145364284515
2384,34.33500000834465,33.702013611793518,-117.06400001049042,-117.96089671552181,11.799999922513962,6.1378723382949829,3.0999999940395355,3.2213854193687439
92,35.892166972160339,33.867965206503868,-117.67750000953674,-118.0146762849763,2.6799997687339783,6.2959188222885132,3.6999999582767487,3.2476397752761841
666,35.780166983604431,33.977822944521904,-117.62816700339317,-118.06574087589979,5.7399997115135193,6.2723404169082642,3.4999999701976776,3.25281822681427
1774,35.347000002861023,33.809143915772438,-118.56000000238419,-117.99112810380757,7.1000003814697266,6.2518018484115601,3,3.2398211359977722
2277,34.093999996781349,33.693578362464905,-118.26199999451637,-117.95955804362893,6.8999996781349182,6.0997045040130615,3,3.2180463373661041
280,35.620499014854431,33.977865109220147,-117.43116801977158,-118.06575482338667,2.3099997639656067,6.2723663449287415,3.3300000429153442,3.2528243958950043
1719,34.004999999888241,33.816196858882904,-117.11900001764297,-117.99406228819862,13.100000023841858,6.2622731924057007,3.2999999821186066,3.2410047054290771
1779,32.690000057220459,33.811981588602066,-116.07700002193451,-117.99219765746966,5.899999737739563,6.2587174773216248,3.0999999940395355,3.2404949069023132
359,35.82666802406311,33.977820217609406,-117.66433000564575,-118.06573943048716,3.020000159740448,6.2723466753959656,3.4999999701976776,3.2528184056282043
1804,33.921999998390675,33.889899663627148,-117.7660000026226,-118.02858993783593,0.80000013113021851,6.2566423416137695,3.199999988079071,3.2453265488147736
1543,34.088600002229214,33.843922898173332,-119.04200005531311,-118.00894831120968,10.999999791383743,6.2431061267852783,3.0999999940395355,3.2406949996948242
1397,34.151999995112419,33.808734521269798,-117.44999998807907,-117.99076376017183,13.700000010430813,6.2601068615913391,3.3999999761581421,3.2403533756732941
1859,34.171000003814697,33.816494405269623,-116.45299994945526,-117.99553722888231,9.700000137090683,6.2520378828048706,3,3.2399135828018188
847,35.051332950592041,33.868317633867264,-118.93683302402496,-118.01480652205646,7.7299998700618744,6.2968182563781738,3.3500000238418579,3.2477299869060516
1206,35.826200008392334,33.810720026493073,-119.817999958992,-117.99160413537174,11.799999922513962,6.2574362754821777,3.0999999940395355,3.2403550744056702
2231,33.872999995946884,33.69369313120842,-117.85600000619888,-117.95958036929369,9.4999998807907104,6.1004224419593811,3.199999988079071,3.2181011438369751
760,35.642665982246399,34.076703280210495,-117.52933499217033,-118.11440857499838,0.60999959707260132,6.1725926399230957,3.2999999821186066,3.2492595613002777
110,35.637166976928711,33.8679588586092,-117.47416698932648,-118.01467319298536,1.6500002145767212,6.2959098815917969,3.8999999910593033,3.2476387917995453
1775,35.337200045585632,33.81161193549633,-118.5692999958992,-117.99245891580358,5.2000004053115845,6.2543070316314697,3.7999999970197678,3.2400526106357574
42,33.700832009315491,33.868291839957237,-117.43399798870087,-118.01479705236852,9.0900000929832458,6.2966698408126831,3.0399999618530273,3.2477179169654846
1770,33.022000014781952,33.835653483867645,-118.92299997806549,-118.0054511516355,5.9999996423721313,6.2381136417388916,3.199999988079071,3.2397649884223938
125,35.743000030517578,33.868324011564255,-117.55966699123383,-118.01480962801725,2.9899996519088745,6.2968254089355469,3.8999999910593033,3.2477309703826904
204,35.547000050544739,33.868345201015472,-117.37716698646545,-118.01481476891786,4.0700000524520874,6.2968522310256958,3.0999999940395355,3.2477354407310486
1473,34.314000010490417,33.83817221224308,-118.72100001573563,-118.00688067357987,8.7000001966953278,6.2340080738067627,3.2999999821186066,3.2395800054073334
52,33.319666981697083,33.868323862552643,-116.4210000038147,-118.01480957586318,7.2099995613098145,6.2968271970748901,3,3.2477309703826904
545,35.920833945274353,33.977821812033653,-117.67849698662758,-118.06574010103941,7.6900000870227814,6.2723457813262939,3.5600000023841858,3.2528185844421387
68,35.671833038330078,33.868317514657974,-117.52333301305771,-118.0148064699024,10.139999985694885,6.2968182563781738,3.2199999690055847,3.2477299869060516
1814,34.91100001335144,33.816429570317268,-116.94700002670288,-117.99553045630455,7.8000001609325409,6.249956488609314,3.4999999701976776,3.2397783994674683
2009,34.118000000715256,34.184438124299049,-117.43699997663498,-118.15258033573627,4.699999988079071,6.392444372177124,3.5999999642372131,3.2732656896114349
2228,33.184000015258789,33.693686753511429,-116.74500000476837,-117.95957899838686,3.099999725818634,6.1004036664962769,3.4999999701976776,3.2180992662906647
1966,35.511000037193298,34.194825977087021,-119.46599996089935,-118.16302831470966,23.000000417232513,6.3009926676750183,3,3.265778660774231
1424,35.49399995803833,33.808725714683533,-118.39800000190735,-117.99076029192656,2.800000011920929,6.2601166963577271,3,3.2403531074523926
183,35.593500018119812,33.868351399898529,-117.38066697120667,-118.01481784600765,6.5299996733665466,6.2968620657920837,3.3999999761581421,3.2477364242076874
137,35.873667001724243,33.868317574262619,-117.70966699719429,-118.0148065071553,8.0100001394748688,6.2968182563781738,3.6699999868869781,3.2477299869060516
899,33.485333025455475,33.81071999669075,-116.80483305454254,-117.99160409066826,1.4300000667572021,6.2574362754821777,3.7800000160932541,3.2403550744056702
796,35.671499967575073,34.076705232262611,-117.47883301973343,-118.11440925300121,5.1599997282028198,6.1725926399230957,4.5,3.2492596507072449
132,35.64549994468689,33.868325412273407,-117.50350001454353,-118.01481017936021,4.8899996280670166,6.2968271970748901,3.3500000238418579,3.2477310597896576
80,35.905500054359436,33.868324011564255,-117.70733299851418,-118.01480962801725,4.8999997973442078,6.2968254089355469,3.199999988079071,3.2477309703826904
1586,32.687000036239624,33.816627979278564,-116.00800001621246,-117.98553257714957,13.499999977648258,6.40178382396698,3.199999988079071,3.2525382936000824
2186,33.992999999783933,33.688962310552597,-116.8639999628067,-117.958511762321,14.299999997019768,6.0931169986724854,3,3.2170239686965942
758,35.722668051719666,33.977820217609406,-117.55300098657608,-118.06573944538832,1.0200002789497375,6.2723457813262939,3.5300000309944153,3.2528184056282043
541,35.553666949272156,33.977820098400116,-117.43416702747345,-118.06573938578367,1.7699995636940002,6.2723466753959656,3.0999999940395355,3.2528183162212372
1019,34.423500001430511,33.810756146907806,-119.6438330411911,-117.99161911476403,10.929999947547913,6.2575525045394897,3.1199999749660492,3.2403651773929596
1822,33.832900002598763,33.821032032370567,-116.19550001621246,-117.99716974236071,9.9999998509883881,6.2577992677688599,3.7999999970197678,3.2407086789608002
983,33.135500013828278,33.805534198880196,-116.66016697883606,-117.98957767058164,2.6699995994567871,6.2538939714431763,3.4400000274181366,3.2396890819072723
2262,32.353000044822693,33.691628068685532,-118.1059999987483,-117.95922020450234,6.6999998688697815,6.0927271842956543,3.0999999940395355,3.217376321554184
165,35.677999973297119,33.868351519107819,-117.51766699552536,-118.01481789071113,6.4799997210502625,6.2968629598617554,3.5999999642372131,3.2477364242076874
248,35.642166018486023,33.868350148200989,-117.45283502340317,-118.014817324467,10.949999839067459,6.2968611717224121,3.5600000023841858,3.2477362453937531
1331,32.921000003814697,33.813374727964401,-117.49800002574921,-117.9923784355633,15.400000009685755,6.2683260440826416,3,3.2413303256034851
446,35.577666997909546,33.977820456027985,-117.37300097942352,-118.06573951989412,3.5899999737739563,6.2723457813262939,3.9999999850988388,3.2528184056282043
1832,33.074000000953674,33.883185736835003,-116.49899995326996,-118.02614296413958,11.799999922513962,6.2468209862709045,3.2999999821186066,3.2440643906593323
858,32.806167006492615,33.868323862552643,-118.48849999904633,-118.0148095684126,6.0699999332427979,6.2968271970748901,3.2999999821186066,3.2477309703826904
1358,33.827999994158745,33.808763548731804,-118.57099997997284,-117.99077564291656,8.4999999403953552,6.2602373957633972,3.3999999761581421,3.2403638362884521
2280,34.048000000417233,33.693578362464905,-116.76999998092651,-117.9595580548048,13.700000010430813,6.0997045040130615,3.0999999940395355,3.2180464267730713
97,35.651167035102844,33.867965087294579,-117.49933302402496,-118.01467624027282,10.399999916553497,6.2959170341491699,3.3199999630451202,3.2476396858692169
1850,32.983000040054321,33.817088201642036,-116.32000005245209,-117.99577840277925,5.899999737739563,6.2536096572875977,3.199999988079071,3.2400564551353455
805,35.597167015075684,34.076705098152161,-117.6001670062542,-118.11440925300121,5.5500000715255737,6.1725917458534241,4.2999999895691872,3.2492596507072449
737,35.771667003631592,33.977820217609406,-117.5706669986248,-118.06573944538832,6.8200001120567322,6.2723466753959656,4.0899999886751175,3.2528184056282043
1989,34.109999999403954,34.239221125841141,-117.30699998140335,-118.18878103792667,14.899999997578561,6.2587505578994751,3.3999999761581421,3.2641946375370026
1943,32.552899956703186,33.817092046141624,-118.0379999987781,-117.99578063050285,9.9999998509883881,6.2536132335662842,4.8000000044703484,3.2400569915771484
2311,34.287000000476837,33.69369313120842,-116.98800003528595,-117.95958036929369,8.3000001311302185,6.1004233360290527,3,3.2181011438369751
102,35.956166982650757,33.86796011030674,-117.7128329873085,-118.01467365492135,2.7700003981590271,6.2959080934524536,3.1700000166893005,3.2476388812065125
434,35.899832963943481,33.97783393971622,-117.73516699671745,-118.06574620306492,1.7199996113777161,6.2723493576049805,3.199999988079071,3.2528192102909088
74,35.830167055130005,33.868324011564255,-117.65083301067352,-118.01480962801725,2.9999998211860657,6.2968254089355469,3.3300000429153442,3.2477309703826904
577,35.649333000183105,33.977832464501262,-117.45783299207687,-118.06574563682079,2.369999885559082,6.2723511457443237,3.8999999910593033,3.2528191208839417
1904,33.787000000476837,33.816987603902817,-116.17799997329712,-117.9957452332601,9.3999999761581421,6.2533128261566162,3.5999999642372131,3.24002605676651
1988,33.687200009822845,34.216511309146881,-118.66180002689362,-118.17264519631863,10.100000202655792,6.3112860918045044,3.199999988079071,3.2680988609790802
1230,33.888599999248981,33.808108568191528,-117.94249999895692,-117.99052734673023,13.599999994039536,6.258787214756012,3.0999999940395355,3.2402151525020599
918,34.136333003640175,33.81068629026413,-117.7746669948101,-117.99159122724086,5.4600003361701965,6.2573781609535217,4.4100000020116568,3.2403481006622314
1326,33.979199999943376,33.808750078082085,-117.22600001096725,-117.99076853133738,3.3000004291534424,6.2599620223045349,3.5999999642372131,3.2403470277786255
2349,35.713000059127808,33.692973285913467,-118.03200000151992,-117.95946462452412,8.4000000357627869,6.0972261428833008,3.9999999850988388,3.217812180519104
2476,34.458999991416931,33.69369313120842,-116.51499998569489,-117.95958036929369,3.7999999523162842,6.1004233360290527,3.2999999821186066,3.2181010544300079
2276,34.819000005722046,33.693580001592636,-116.35399997234344,-117.95955825597048,2.8999999165534973,6.099708080291748,3.0999999940395355,3.2180467844009399
762,35.774665951728821,34.076705098152161,-117.6169970035553,-118.11440925300121,2.3500004410743713,6.1725926399230957,3.2999999821186066,3.249259740114212
2143,34.307000011205673,33.688962250947952,-116.83299994468689,-117.95851177349687,3.6000001430511475,6.0931169986724854,3,3.2170239686965942
989,35.032832980155945,33.810753867030144,-119.30316698551178,-117.99161202181131,11.480000093579292,6.257355809211731,3.2299999594688416,3.2403550744056702
388,35.917834997177124,33.977820217609406,-117.71566799283028,-118.06573944538832,2.10999995470047,6.2723457813262939,3.2700000107288361,3.2528183162212372
235,35.822666049003601,33.868350148200989,-117.63933598995209,-118.01481733191758,2.8100001811981201,6.2968611717224121,3.4099999666213989,3.2477362453937531
2325,35.911999940872192,33.682994663715363,-117.8289999961853,-117.95742869377136,1.8999999761581421,6.0646185278892517,3.5999999642372131,3.2146677374839783
267,35.683665990829468,33.977865124121308,-117.53800201416016,-118.06575483828783,9.7500000894069672,6.2723663449287415,3,3.2528243958950043
1329,33.014400005340576,33.80876362323761,-116.30089998245239,-117.99077569879591,17.000000104308128,6.2602365016937256,3.199999988079071,3.2403638362884521
2293,32.675999999046326,33.69369313120842,-118.36700001358986,-117.95958036929369,25.200000107288361,6.1004224419593811,3.9999999850988388,3.2181011438369751
117,35.940333962440491,33.868241816759109,-117.6953350007534,-118.01478745695204,2.5900000333786011,6.2960994243621826,3,3.2476733922958374
437,35.834499001502991,33.977820232510567,-117.66549700498581,-118.06573943048716,4.4600003957748413,6.2723466753959656,3.3500000238418579,3.2528184056282043
673,35.912832975387573,33.977820232510567,-117.7123329937458,-118.06573943048716,6.6999998688697815,6.2723466753959656,3.7900000065565109,3.2528184056282043
249,35.901833057403564,33.868343830108643,-117.69016700983047,-118.0148142548278,2.4799999594688416,6.2968513369560242,3.9599999785423279,3.2477352619171143
2157,34.310000002384186,33.68014669418335,-116.84800004959106,-117.95711801946163,5.4000002145767212,6.05317622423172,3.3999999761581421,3.2135815322399139
1574,33.26529997587204,33.815803274512291,-116.71000003814697,-117.98528235126287,2.0999997854232788,6.398853063583374,3.4999999701976776,3.2522505819797516
2538,34.096000000834465,33.694548904895782,-116.98199999332428,-117.95983388647437,9.4999998807907104,6.0949033498764038,3.4999999701976776,3.2178786098957062
94,35.646332979202271,33.867965206503868,-117.45349997282028,-118.0146762849763,3.569999635219574,6.2959188222885132,3.3099999725818634,3.2476396858692169
2449,33.902999997138977,33.702618032693863,-116.64800000190735,-117.96098984032869,4.0999996662139893,6.1403489112854004,3.6999999582767487,3.2216227948665619
33,34.273999989032745,33.868319764733315,-119.29016697406769,-118.01480743009597,11.309999898076057,6.2968164682388306,3.199999988079071,3.2477299869060516
2208,33.236999988555908,33.693689078092575,-116.10800004005432,-117.95957941561937,14.599999990314245,6.1004161834716797,3.7999999970197678,3.2181002497673035
2163,34.410800009965897,33.680150061845779,-116.84479999542236,-117.95711871981621,4.400000274181366,6.0531789064407349,3.9999999850988388,3.2135819792747498
2317,35.98800003528595,33.682801455259323,-117.87100000679493,-117.95739954710007,2.9999998211860657,6.0639426112174988,3,3.2145993411540985
448,35.672999978065491,33.977820232510567,-117.55133101344109,-118.06573943048716,1.1499997973442078,6.2723466753959656,3.3999999761581421,3.2528184056282043
1469,33.981000000610948,33.81334125995636,-118.81400001049042,-117.99355756118894,9.9999998509883881,6.2493807077407837,3.2999999821186066,3.2397567629814148
1795,34.788999974727631,33.811577826738358,-116.28799998760223,-117.99244861165062,2.5000002980232239,6.2544187903404236,3.199999988079071,3.2400554716587067
716,35.901833057403564,33.977730628103018,-117.72733300924301,-118.06569705158472,5.3000003099441528,6.2723654508590698,4.1900000050663948,3.2528159022331238
1999,35.930999994277954,34.111542485654354,-119.97000002861023,-118.12522985041142,28.600000441074371,6.3709169626235962,3.0999999940395355,3.2657439708709717
2489,35.968000054359436,33.702727138996124,-117.89000000059605,-117.96101135760546,2.6000002026557922,6.1410534381866455,3.2999999821186066,3.2216764390468597
0,33.926666997373104,33.868222773075104,-117.87650000303984,-118.01477074623108,8.6599999666213989,6.2964355945587158,3.199999988079071,3.2476971745491028
456,35.686000943183899,33.977820217609406,-117.5531690120697,-118.06573944538832,8.6100000143051147,6.2723457813262939,3.199999988079071,3.2528183162212372
1101,33.66049998998642,33.862221583724022,-116.77366697788239,-118.01265473943204,13.630000054836273,6.2870398163795471,3.2999999821186066,3.2464974224567413
1108,35.212167024612427,34.02366585098207,-117.28083300590515,-118.0931915268302,3.1400004029273987,6.2046521902084351,3.7400000095367432,3.2477903366088867
1940,34.003299999982119,33.816944390535355,-116.68669998645782,-117.99573238100857,16.000000052154064,6.2528622150421143,4.1999999955296516,3.2399935126304626
82,35.531999945640564,33.868323862552643,-117.37033301591873,-118.01480957586318,8.4699998795986176,6.2968254089355469,3.2299999594688416,3.2477309703826904
1481,33.825000002980232,33.437110662460327,-116.98599994182587,-117.92111723124981,12.699999958276749,4.8724240064620972,3.2999999821186066,3.1254580020904541
2035,34.138999998569489,34.208760902285576,-119.182000041008,-118.17026142776012,24.200000166893005,6.3169902563095093,3.0999999940395355,3.2676013112068176
676,35.662500023841858,33.977835400030017,-117.54449999332428,-118.06574711203575,3.1800001859664917,6.2723466753959656,3.8499999940395355,3.2528189420700073
1588,32.021900057792664,33.816676184535027,-117.48220002651215,-117.98554318211973,3.1999996304512024,6.4016979932785034,3.5999999642372131,3.2525396347045898
2155,34.31700000166893,33.681257039308548,-116.85599994659424,-117.95728799700737,2.1999996900558472,6.0571593046188354,3.0999999940395355,3.2139789462089539
1046,33.248833000659943,33.810124844312668,-116.41449999809265,-117.99137922096997,4.9499997496604919,6.2559342384338379,3.3099999725818634,3.2402095198631287
1460,32.876199960708618,33.784293338656425,-116.20729994773865,-117.97542169690132,16.19999997317791,6.3411793112754822,3.0999999940395355,3.2451959252357483
770,35.657166004180908,34.076703414320946,-117.52183499932289,-118.11440861970186,1.6699996590614319,6.1725926399230957,3.3300000429153442,3.2492596507072449
1668,34.097999997437,33.816791012883186,-117.30599999427795,-117.99430753709748,15.100000002421439,6.2637895345687866,3.199999988079071,3.2411429286003113
1924,32.082000017166138,33.820989280939102,-116.37600004673004,-117.99711989075877,3.9999997615814209,6.2596875429153442,3.8999999910593033,3.2408323287963867
2022,34.726000010967255,34.203964874148369,-116.04799997806549,-118.16768908500671,2.0999997854232788,6.3178467750549316,3.199999988079071,3.2674274146556854
517,35.946498990058899,33.977832479402423,-117.72283199429512,-118.06574563682079,1.2200000882148743,6.2723493576049805,3.1199999749660492,3.2528191208839417
822,35.659332036972046,34.076705113053322,-117.53817000985146,-118.11440928280354,8.4699998795986176,6.1725917458534241,3.4600000083446503,3.2492596507072449
404,35.880664944648743,33.977832449600101,-117.70066800713539,-118.06574560701847,2.1300002932548523,6.2723511457443237,3.3999999761581421,3.2528191208839417
384,35.906334042549133,33.977821663022041,-117.73916599154472,-118.06574001163244,2.2300001978874207,6.2723457813262939,3.7200000286102295,3.2528185844421387
2316,35.919000029563904,33.691628009080887,-117.85099999606609,-117.95922019705176,3.4000003337860107,6.0927271842956543,3.8999999910593033,3.2173764109611511
2102,32.50629997253418,33.681256920099258,-117.17659997940063,-117.95728796347976,9.8999999463558197,6.0571593046188354,3.8999999910593033,3.2139789462089539
104,35.666499972343445,33.911949306726456,-117.50583299994469,-118.03708637878299,10.280000120401382,6.2813258171081543,3.6300000250339508,3.2486165463924408
1633,32.715399980545044,33.81619668006897,-117.59340000152588,-117.99406221369281,7.5999999046325684,6.2622714042663574,3.7999999970197678,3.2410045266151428
2424,34.532000005245209,33.693693101406097,-116.31200003623962,-117.95958036184311,1.7000001668930054,6.1004224419593811,3.199999988079071,3.2181011438369751
688,35.71483302116394,33.977822929620743,-117.50516700744629,-118.06574084609747,1.7399999499320984,6.2723404169082642,4.1299999952316284,3.25281822681427
794,35.709499001502991,34.076703429222107,-117.55666399002075,-118.11440861970186,0.34000039100646973,6.1725926399230957,3.3400000333786011,3.2492596507072449
826,35.748165011405945,34.076705098152161,-117.54183200001717,-118.11440925300121,2.2599998116493225,6.1725917458534241,3.0199999809265137,3.2492596507072449
1877,32.737499952316284,33.816364794969559,-116.07410001754761,-117.99549131840467,2.800000011920929,6.2514817714691162,5.4000000357627869,3.2398658394813538
1240,32.885499954223633,33.805395767092705,-116.21539998054504,-117.9892996493727,12.499999925494194,6.2539932131767273,3.3999999761581421,3.239752471446991
62,33.319333016872406,33.868317604064941,-116.42033302783966,-118.01480651460588,8.359999805688858,6.2968182563781738,3.0999999940395355,3.2477299869060516
1305,34.419999986886978,33.808763712644577,-119.93400001525879,-117.99077540077269,10.60000017285347,6.2602302432060242,3.0999999940395355,3.2403635680675507
852,33.939667001366615,33.868325412273407,-116.67449998855591,-118.01481017190963,17.300000041723251,6.2968271970748901,3.0299999713897705,3.2477310597896576
2327,33.462000012397766,33.681085109710693,-116.41700005531311,-117.95651886612177,14.599999990314245,6.0691943764686584,3,3.2147367596626282
176,35.677999973297119,33.86834380030632,-117.50600001215935,-118.0148142548278,9.1599999368190765,6.2968522310256958,3.6899999678134918,3.2477352619171143
1262,33.488600015640259,33.808723405003548,-116.48210000991821,-117.99075923766941,12.60000005364418,6.2600943446159363,3,3.2403515875339508
223,35.89783501625061,33.86834380030632,-117.70899999141693,-118.0148142548278,9.1099999845027924,6.2968513369560242,3.4999999701976776,3.2477352619171143
145,35.623832941055298,33.868325263261795,-117.57383298873901,-118.01481011230499,7.9399998486042023,6.2968271970748901,3.2299999594688416,3.2477310597896576
1088,34.694333016872406,33.85628916323185,-116.24283301830292,-118.01035718340427,2.3500004410743713,6.2827035784721375,4.0999999791383743,3.2457004487514496
373,34.019501000642776,33.977820187807083,-117.21866601705551,-118.06573941558599,16.099999956786633,6.2723457813262939,3.0199999809265137,3.2528184056282043
1824,32.700799942016602,33.81672665476799,-116.03550004959106,-117.99564212514088,13.499999977648258,6.2507468461990356,3,3.2398537695407867
2137,34.28439998626709,34.024190051481128,-116.83239996433258,-118.06151213124394,4.6000000834465027,6.7050629854202271,3.6999999582767487,3.2999385595321655
1142,33.997900000074878,33.808828920125961,-118.35710000991821,-117.99088145419955,18.200000077486038,6.255108118057251,3,3.240042507648468
2432,35.605000019073486,33.691627949476242,-117.61000001430511,-117.95922016724944,3.7000000476837158,6.0927271842956543,3.4999999701976776,3.217376321554184
2192,34.802999973297119,33.69369313120842,-116.27499997615814,-117.95958036929369,3.7000000476837158,6.1004224419593811,3.0999999940395355,3.2181011438369751
1274,34.703000009059906,33.808749929070473,-116.27569997310638,-117.99076594598591,8.4999999403953552,6.2601104378700256,3.5999999642372131,3.2403568625450134
1265,32.417099952697754,33.808746799826622,-116.24360001087189,-117.99076499976218,15.500000026077032,6.2599879503250122,3.4999999701976776,3.2403488159179688
2264,34.162000000476837,33.702727198600769,-116.43400001525879,-117.96101138740778,9.5999997854232788,6.1410534381866455,3.2999999821186066,3.2216764390468597
2241,33.013000011444092,33.693580806255341,-116.37300002574921,-117.95955983176827,16.099999956786633,6.0997724533081055,3.5999999642372131,3.2180489301681519
9,35.913166999816895,33.868222624063492,-117.70966699719429,-118.0147707015276,3.3400002121925354,6.2964355945587158,3.0500000417232513,3.2476971745491028
449,35.911167025566101,33.977820083498955,-117.7333300113678,-118.06573938578367,5.2799999713897705,6.2723466753959656,3,3.2528184056282043
1838,33.426400005817413,33.883184045553207,-116.58249998092651,-118.026142263785,9.2000001668930054,6.2468183040618896,3.4999999701976776,3.2440642118453979
708,35.892667055130005,33.977796275168657,-117.69966700673103,-118.06572612375021,8.5699997842311859,6.2723636627197266,4.1999999955296516,3.2528195679187775
255,35.700832009315491,33.868350178003311,-117.49283599853516,-118.01481733191758,8.6400000751018524,6.2968611717224121,3.550000011920929,3.2477363348007202
882,32.770833015441895,33.810591831803322,-118.34633299708366,-117.99156210757792,1.7699995636940002,6.2567871809005737,3.3999999761581421,3.240300178527832
1617,33.974999999627471,33.81455172598362,-116.96399998664856,-117.99345848802477,14.899999997578561,6.2601542472839355,3.3999999761581421,3.2407161891460419
389,35.899665951728821,33.977820217609406,-117.73466500639915,-118.06573944538832,3.0099999904632568,6.2723457813262939,3.8999999910593033,3.2528183162212372
1276,33.723899990320206,33.808759585022926,-117.72020000219345,-117.99077361635864,4.1999995708465576,6.2602311372756958,3.199999988079071,3.2403632998466492
2435,34.71399998664856,33.691628009080887,-116.30900001525879,-117.95922018960118,4.7999998927116394,6.0927271842956543,3.2999999821186066,3.217376321554184
1581,34.010999999940395,33.815749675035477,-117.18900001049042,-117.98526509664953,7.4000000953674316,6.3983434438705444,3.3999999761581421,3.2522099018096924
908,32.737666964530945,33.810619682073593,-118.30266699194908,-117.99156561680138,12.970000058412552,6.2571018934249878,3.2700000107288361,3.240325391292572
924,33.932333000004292,33.81047797203064,-116.82783305644989,-117.99152593500912,6.1800000071525574,6.2567970156669617,3.0999999940395355,3.24028480052948
751,35.75,33.977834088727832,-117.56416299939156,-118.06574629247189,3.3799999952316284,6.2723511457443237,3.6999999582767487,3.2528192102909088
1947,35.381999969482422,33.81600821018219,-118.46700000762939,-117.99529913207516,5.9999996423721313,6.2506851553916931,3.5999999642372131,3.2398079037666321
460,35.789500951766968,33.977820083498955,-117.6169970035553,-118.06573937088251,8.5400001704692841,6.2723466753959656,3,3.2528184056282043
1747,33.204900026321411,33.811589986085892,-116.72669994831085,-117.99245300004259,9.9999998509883881,6.2543141841888428,3.6999999582767487,3.2400501072406769
2005,32.126000046730042,33.820753574371338,-117.61599999666214,-117.99701096350327,6.9999995827674866,6.2592038512229919,3.3999999761581421,3.2407888770103455
1224,32.123499989509583,33.810724183917046,-116.34920001029968,-117.99160628486425,18.000000044703484,6.257445216178894,3.5999999642372131,3.2403557002544403
1168,32.854400038719177,33.81072536110878,-118.62580001354218,-117.99160673934966,15.599999986588955,6.2574470043182373,3.4999999701976776,3.2403558790683746
958,33.652833014726639,33.865767329931259,-117.34183299541473,-118.01362477056682,3.710000216960907,6.2915191054344177,3.4999999701976776,3.2472508549690247
501,35.654332995414734,33.977832479402423,-117.33300000429153,-118.06574563682079,6.9099998474121094,6.2723493576049805,3.3999999761581421,3.2528191208839417
1727,33.931999996304512,33.842125847935677,-117.82569999992847,-118.00777821801603,14.100000020116568,6.2489461898803711,3.7999999970197678,3.241057813167572
739,35.763167023658752,33.977821663022041,-117.58383300900459,-118.06574001163244,7.9099997878074646,6.2723457813262939,3.199999988079071,3.2528185844421387
40,35.613335013389587,33.868323862552643,-117.4455029964447,-118.0148095684126,6.4899998903274536,6.2968271970748901,3,3.2477309703826904
868,34.110666997730732,33.810711398720741,-117.31616699695587,-117.99159915465862,16.150000020861626,6.2572950124740601,3.3999999761581421,3.2403464019298553
731,35.792500019073486,33.977820217609406,-117.61533400416374,-118.06573943048716,3.3300000429153442,6.2723466753959656,3.4199999570846558,3.2528183162212372
539,35.871497988700867,33.977834088727832,-117.68583700060844,-118.06574627757072,1.6899999976158142,6.2723511457443237,3.7999999970197678,3.252819299697876
1201,34.274899989366531,33.810720935463905,-117.01050001382828,-117.99160448927432,11.100000143051147,6.257438063621521,4.9000000208616257,3.2403551638126373
1339,33.004000008106232,33.808764815330505,-116.23500001430511,-117.99077612347901,6.2000003457069397,6.2602382898330688,3.5999999642372131,3.2403641045093536
697,35.906833052635193,33.977784534916282,-117.7039999961853,-118.06572475284338,8.8399998843669891,6.2723439931869507,4.0999999791383743,3.2528159022331238
1671,34.39300000667572,33.816077142953873,-118.74400001764297,-117.99401902314276,13.200000040233135,6.2620049715042114,3,3.2409746646881104
2115,32.000100016593933,33.667840152978897,-117.47070002555847,-117.95441414043307,18.59999991953373,6.0179275274276733,3.6999999582767487,3.209964394569397
2104,33.760000005364418,33.681256979703903,-116.02699995040894,-117.95728800818324,5.6000000238418579,6.0571584105491638,3.0999999940395355,3.2139789462089539
1371,34.061999998986721,33.808760821819305,-116.36600005626678,-117.99077409692109,7.3000001907348633,6.2602311372756958,3.199999988079071,3.2403634786605835
1145,33.92339999973774,33.807160615921021,-116.02999997138977,-117.99019189178944,17.500000074505806,6.2506413459777832,3.2999999821186066,3.2396441996097565
1031,33.379666984081268,33.810772597789764,-119.24399995803833,-117.99162261653692,9.6599999070167542,6.2575811147689819,3.0299999713897705,3.2403693795204163
372,35.691501975059509,33.977832479402423,-117.51300099492073,-118.06574563682079,1.7299997806549072,6.2723511457443237,3.3999999761581421,3.2528191208839417
667,35.913333058357239,33.977822050452232,-117.70300000905991,-118.06574017554522,7.0400002598762512,6.2723466753959656,3.6500000059604645,3.2528186738491058
1431,34.352999985218048,33.808729723095894,-118.45199999213219,-117.99076237808913,1.5000003576278687,6.2601238489151001,3,3.2403537333011627
2214,35.312000036239624,33.692649692296982,-119.44700002670288,-117.95942071452737,14.299999997019768,6.0966682434082031,3.0999999940395355,3.2177245616912842
357,35.669334053993225,33.977832479402423,-117.51166498661041,-118.06574563682079,2.2800001502037048,6.2723511457443237,3.3999999761581421,3.2528192102909088
967,34.315499991178513,33.810723274946213,-116.85066699981689,-117.99160593096167,1.5299999713897705,6.2574425339698792,3.199999988079071,3.240355521440506
783,35.615501046180725,34.076703414320946,-117.58933299779892,-118.11440861970186,5.429999828338623,6.1725926399230957,3.0800000131130219,3.2492596507072449
735,35.742831945419312,33.977832479402423,-117.56749698519707,-118.06574560701847,2.330000102519989,6.2723493576049805,3.9399999976158142,3.2528191208839417
1353,35.99370002746582,33.80876362323761,-118.37999999523163,-117.99077569134533,4.5000001788139343,6.2602373957633972,3.2999999821186066,3.2403638362884521
1035,34.05799999833107,33.810772597789764,-117.00083297491074,-117.99162262771279,12.760000079870224,6.2575811147689819,3.0999999940395355,3.2403693795204163
970,33.143167018890381,33.805537730455399,-116.47500002384186,-117.98957894463092,10.200000107288361,6.2539896368980408,3,3.2396948933601379
470,35.877997994422913,33.977820217609406,-117.71616399288177,-118.06573943048716,2.0899996161460876,6.2723466753959656,3.4099999666213989,3.2528184056282043
655,35.918666958808899,33.97782190144062,-117.71883299946785,-118.06574011594057,3.3199998736381531,6.2723466753959656,3.4699999988079071,3.2528185844421387
2393,32.016999959945679,33.69369313120842,-116.04700005054474,-117.95958036929369,19.600000083446503,6.1004224419593811,3.0999999940395355,3.2181011438369751
1909,33.821999996900558,33.740288972854614,-119.42799997329712,-117.97121196240187,6.5000000596046448,6.1240303516387939,3.199999988079071,3.224742203950882
2369,34.642000019550323,33.692834436893463,-116.28600001335144,-117.9594398625195,12.800000086426735,6.0965529084205627,3.2999999821186066,3.2177541553974152
1396,32.998999953269958,33.808734014630318,-116.41630005836487,-117.99076352920383,16.099999956786633,6.2601041793823242,3.2999999821186066,3.2403531074523926
1536,33.824200004339218,33.817925706505775,-118.45910000801086,-117.99516396410763,14.19999998062849,6.2572199106216431,3.4999999701976776,3.2406987547874451
2042,34.010999999940395,33.84089133143425,-117.24500000476837,-118.00868554133922,13.700000010430813,6.2369567155838013,3,3.2397199273109436
2212,33.920999996364117,33.69369313120842,-117.76899999380112,-117.95958036929369,11.700000017881393,6.1004224419593811,3,3.2181011438369751
1549,33.258000016212463,33.843933090567589,-116.05560004711151,-118.00895232707262,7.3000001907348633,6.2431150674819946,3.3999999761581421,3.2406964302062988
1328,33.242999970912933,33.80876362323761,-116.01960003376007,-117.99077569134533,5.4000002145767212,6.2602365016937256,3.4999999701976776,3.2403638362884521
1256,33.627900004386902,33.808759436011314,-116.74129998683929,-117.99077357910573,18.400000110268593,6.2602311372756958,3,3.2403632998466492
2190,35.949000000953674,33.68050342798233,-117.2950000166893,-117.95718642696738,5.3000003099441528,6.0519245266914368,3.0999999940395355,3.2135567665100098
1425,33.478999972343445,33.80872568488121,-116.4539999961853,-117.99076029192656,14.700000006705523,6.2601166963577271,3.199999988079071,3.2403531074523926
1464,33.46069997549057,33.78418405354023,-116.42369997501373,-117.9753909278661,11.799999922513962,6.3409405946731567,3.199999988079071,3.2451648116111755
1555,32.705000042915344,33.846814930438995,-116.00100004673004,-118.01021957397461,0,6.2397086620330811,3.2999999821186066,3.2407028675079346
2184,33.859400004148483,33.690079420804977,-116.23599994182587,-117.95868240296841,14.100000020116568,6.0971063375473022,3.4999999701976776,3.2174282670021057
1250,34.069700002670288,33.808763712644577,-118.28450000286102,-117.99077568762004,14.499999973922968,6.2602382898330688,3,3.2403638362884521
1699,33.498000025749207,33.842085957527161,-116.51300001144409,-118.00776345096529,13.399999961256981,6.2488406896591187,3,3.2410472631454468
1252,34.052299998700619,33.80876362323761,-117.55050000548363,-117.99077569879591,18.500000014901161,6.2602365016937256,3.0999999940395355,3.2403638362884521
2465,34.259999990463257,33.702727556228638,-116.86000001430511,-117.96101145446301,5.4000002145767212,6.1410543322563171,3.6999999582767487,3.2216765284538269
2352,35.796000003814697,33.692972749471664,-118.04300000146031,-117.95946451276541,8.099999874830246,6.0972225666046143,3,3.2178118228912354
1236,33.9391999989748,33.808105289936066,-117.89720000326633,-117.99052642658353,11.499999985098839,6.2587755918502808,3.199999988079071,3.2402139902114868
885,34.407667011022568,33.810592129826546,-116.89183294773102,-117.99156219698489,1.8600001931190491,6.2567871809005737,3.5600000023841858,3.240300178527832
79,35.885332942008972,33.868317514657974,-117.70199999213219,-118.0148064699024,5.6000000238418579,6.2968182563781738,3.5999999642372131,3.2477299869060516
1172,34.014000000432134,33.977954624220729,-116.31299996376038,-118.06579942256212,17.300000041723251,6.2718647718429565,3.199999988079071,3.2527978420257568
814,35.742666959762573,34.076703414320946,-117.55649998784065,-118.11440861970186,1.4500004053115845,6.1725926399230957,4.0999999791383743,3.2492595613002777
1852,32.989799976348877,33.791165471076965,-116.30299997329712,-117.97848615050316,8.7000001966953278,6.3492089509963989,3.6999999582767487,3.2461357712745667
2029,34.120999999344349,34.140536665916443,-116.40199995040894,-118.13887515664101,8.099999874830246,6.3054174184799194,3.5999999642372131,3.2625530362129211
671,35.716667056083679,33.977820217609406,-117.55149999260902,-118.06573944538832,10.520000159740448,6.2723466753959656,3.6899999678134918,3.2528184056282043
2217,34.128000006079674,33.692497760057449,-117.40799999237061,-117.95939394831657,6.1000004410743713,6.0959672927856445,3.6999999582767487,3.2176626026630402
2481,34.118000000715256,33.702727198600769,-117.47100001573563,-117.96101137250662,14.499999973922968,6.1410534381866455,3.5999999642372131,3.2216764390468597
57,35.841166973114014,33.912350654602051,-117.73666700720787,-118.03724632412195,4.7999998927116394,6.2823289632797241,3.2999999821186066,3.2487145364284515
133,35.672500014305115,33.868323862552643,-117.46649998426437,-118.0148095684126,8.7500001490116119,6.2968271970748901,3.1800000071525574,3.2477309703826904
1140,33.835600003600121,33.808828949928284,-118.25299999117851,-117.99088145419955,19.39999982714653,6.255108118057251,3.199999988079071,3.240042507648468
933,32.606832981109619,33.810720026493073,-117.54066699743271,-117.99160413537174,17.800000011920929,6.2574362754821777,3.4600000083446503,3.2403550744056702
928,34.010832999832928,33.810720339417458,-117.58466699719429,-117.99160425085574,4.3099996447563171,6.257438063621521,3.4999999701976776,3.2403551638126373
823,35.66700005531311,34.076705276966095,-117.51000198721886,-118.11440928280354,1.8100002408027649,6.172594428062439,3.5300000309944153,3.249259740114212
1432,34.331400007009506,33.808725714683533,-118.43320000171661,-117.99076028820127,8.9000000059604645,6.2601166963577271,4.2999999895691872,3.2403531074523926
1392,33.829799994826317,33.808763712644577,-116.11629998683929,-117.9907757025212,4.699999988079071,6.2602382898330688,3.0999999940395355,3.2403638362884521
1531,33.392000019550323,33.808300256729126,-116.39499998092651,-117.99043142981827,5.6000000238418579,6.2432268261909485,4.1999999955296516,3.2393653392791748
1214,34.087399996817112,33.810724064707756,-118.50239998102188,-117.99160623271018,9.700000137090683,6.257445216178894,4.1999999955296516,3.2403557002544403
504,35.67283296585083,33.977820098400116,-117.4743350148201,-118.06573938578367,1.8600001931190491,6.2723457813262939,3.679999977350235,3.2528183162212372
2510,34.771000027656555,33.906392395496368,-116.40799999237061,-118.0534513220191,4.699999988079071,6.2983095645904541,3.8999999910593033,3.2415918409824371
347,35.694831967353821,33.977820217609406,-117.52533000707626,-118.06573943048716,6.3899999856948853,6.2723466753959656,3.1199999749660492,3.2528183162212372
1996,35.322999954223633,34.221575647592545,-118.55699998140335,-118.17394842207432,2.800000011920929,6.3576337695121765,3.199999988079071,3.2720752358436584
386,35.596668004989624,33.977821826934814,-117.38916802406311,-118.06574010103941,2.0899996161460876,6.2723457813262939,3.1099999845027924,3.2528185844421387
1024,34.039666999131441,33.810758262872696,-117.24049997329712,-117.99161964002997,18.229999914765358,6.2575596570968628,3.0999999940395355,3.2403659820556641
1958,34.226999998092651,33.815923109650612,-117.44199997186661,-117.99526958307251,8.4000000357627869,6.2505322694778442,3.2999999821186066,3.2397884130477905
1384,34.142800003290176,33.808763429522514,-117.45120000839233,-117.99077561311424,11.100000143051147,6.2602373957633972,3.9999999850988388,3.2403638362884521
894,35.728667020797729,33.810597270727158,-117.0745000243187,-117.99156474880874,1.679999828338623,6.25679612159729,3.7300000190734863,3.2403010725975037
828,35.700832009315491,34.076703451573849,-117.5169979929924,-118.11440863460302,2.7700003981590271,6.1725926399230957,3.2899999916553497,3.2492596507072449
2474,34.583000004291534,33.693693190813065,-116.23300004005432,-117.95958038419485,5.5000001192092896,6.1004224419593811,3,3.2181010544300079
475,35.875167965888977,33.97783393971622,-117.72200000286102,-118.06574620306492,7.6799999177455902,6.2723493576049805,3.3300000429153442,3.252819299697876
1683,34.716300010681152,33.816133409738541,-116.45379996299744,-117.99403761606663,9.9999998509883881,6.2622365355491638,5.1000000089406967,3.2409967482089996
2536,34.825999975204468,33.693706870079041,-116.25600004196167,-117.95958106592298,0.39999961853027344,6.1003965139389038,3,3.2181018590927124
2364,35.746999979019165,33.692972719669342,-117.98399999924004,-117.95946449041367,3.6000001430511475,6.0972225666046143,3.4999999701976776,3.2178117334842682
2154,34.245199993252754,33.680146753787994,-116.85370004177094,-117.95711802318692,4.6000000834465027,6.05317622423172,3.4999999701976776,3.2135815322399139
2117,34.177000001072884,33.669883370399475,-117.47399997711182,-117.95504604652524,3.9999997615814209,6.0187160968780518,3.3999999761581421,3.2102600634098053
652,35.703667044639587,33.977820247411728,-117.50633299350739,-118.06573944538832,11.109999865293503,6.2723466753959656,3.6999999582767487,3.2528184056282043
172,35.851999998092651,33.868350148200989,-117.67500001192093,-118.014817324467,8.060000091791153,6.2968611717224121,3.2099999785423279,3.2477362453937531
1474,32.981400012969971,33.813332661986351,-116.33039999008179,-117.99355413764715,11.799999922513962,6.2493923306465149,3.4999999701976776,3.2397565841674805
1149,32.187899947166443,33.810754135251045,-117.70809999108315,-117.9916175538674,13.999999947845936,6.2575533986091614,3,3.2403652667999268
38,34.273999989032745,33.868325963616371,-119.29016697406769,-118.01481046248227,11.410000026226044,6.2968271970748901,3.199999988079071,3.2477310597896576
1554,32.694000005722046,33.843931972980499,-116.03900003433228,-118.00895201414824,4.9999997019767761,6.2431105971336365,3.0999999940395355,3.2406960725784302
2425,34.45100000500679,33.693693190813065,-116.27400004863739,-117.95958038419485,3.099999725818634,6.1004224419593811,3,3.2181010544300079
713,35.860666990280151,33.977714849635959,-117.67083299160004,-118.06568939238787,10.319999903440475,6.2723761796951294,4.6099999956786633,3.2528158128261566
90,35.635833024978638,33.867965206503868,-117.43049997091293,-118.0146762849763,7.9999999701976776,6.2959188222885132,3.2999999821186066,3.2476396858692169
166,35.783499956130981,33.868345111608505,-117.61533299088478,-118.01481472421438,3.5899999737739563,6.2968522310256958,4.4700000006705523,3.2477354407310486
1205,35.796000003814697,33.810721263289452,-119.84940004348755,-117.99160458985716,6.5999999642372131,6.2574398517608643,3.4999999701976776,3.2403552532196045
875,35.286332964897156,33.810591921210289,-118.53466701507568,-117.99156212992966,6.8599998950958252,6.2567871809005737,3.3999999761581421,3.240300178527832
444,35.86316704750061,33.977832360193133,-117.70883199572563,-118.06574556231499,7.4399998784065247,6.2723493576049805,3.5099999606609344,3.2528191208839417
2180,35.249500036239624,33.690079361200333,-118.64389997720718,-117.95868238434196,5.7999998331069946,6.0971063375473022,3.5999999642372131,3.2174282670021057
2324,35.953999996185303,33.682994663715363,-117.86499999463558,-117.95742869004607,2.7000001072883606,6.0646185278892517,3.4999999701976776,3.2146677374839783
2473,35.235000014305115,33.69369313120842,-118.55900001525879,-117.95958036929369,3.6000001430511475,6.1004224419593811,3.3999999761581421,3.2181011438369751
1093,35.732332944869995,33.85635133087635,-119.67716705799103,-118.01038256660104,25.969999730587006,6.2827455997467041,3.1099999845027924,3.2457082271575928
1827,34.162499994039536,33.816729635000229,-117.39730000495911,-117.99564436031505,9.2000001668930054,6.2507307529449463,3.8999999910593033,3.2398527860641479
1155,34.607999980449677,33.808081597089767,-118.62459999322891,-117.99039810802788,8.5999998450279236,6.2525779008865356,4.1999999955296516,3.2398981153964996
1324,34.004300000146031,33.808759823441505,-117.2432000041008,-117.99077369458973,16.000000052154064,6.2602329254150391,3.3999999761581421,3.2403633892536163
216,35.75333297252655,33.868343681097031,-117.55899998545647,-118.01481418032199,10.559999942779541,6.2968522310256958,3.1199999749660492,3.2477352619171143
510,35.781666040420532,33.977821663022041,-117.59349799156189,-118.06574001163244,8.0199998617172241,6.2723457813262939,3.0600000321865082,3.2528185844421387
1680,34.818000018596649,33.816163346171379,-116.41299998760223,-117.99404873978347,4.3000003695487976,6.2622553110122681,3,3.2410008609294891
499,35.895167946815491,33.977834103628993,-117.72283199429512,-118.06574627757072,4.1800001263618469,6.2723511457443237,3.199999988079071,3.252819299697876
2089,34.430000007152557,33.679258018732071,-119.14300000667572,-117.95636959001422,17.199999913573265,6.0610181093215942,3.0999999940395355,3.2139909267425537
1856,33.71110001206398,33.8164943754673,-116.05690002441406,-117.99553722143173,7.8000001609325409,6.2520378828048706,3.9999999850988388,3.2399135828018188
1388,33.79899999499321,33.80876362323761,-116.09399998188019,-117.99077569134533,1.5000003576278687,6.2602365016937256,3.0999999940395355,3.2403638362884521
1519,33.390999972820282,33.817922726273537,-116.45099997520447,-117.99515874125063,13.80000002682209,6.257062554359436,3,3.2406907975673676
2299,32.76800000667572,33.691628068685532,-118.20499999821186,-117.95922020450234,6.9999995827674866,6.0927271842956543,3,3.2173762321472168
1540,32.166000008583069,33.817922666668892,-117.64230000972748,-117.99516222812235,9.9999998509883881,6.25721275806427,3.5999999642372131,3.2406982183456421
1217,34.258399993181229,33.810723975300789,-116.83379995822906,-117.99160619545728,13.499999977648258,6.257445216178894,3.0999999940395355,3.2403557002544403
1416,35.688500046730042,33.808729723095894,-117.58340001106262,-117.99076237436384,11.40000008046627,6.2601238489151001,4.0999999791383743,3.2403537333011627
2122,35.79419994354248,34.254705160856247,-118.0544999986887,-118.19897712767124,8.9000000059604645,6.2505090236663818,3.5999999642372131,3.2633810341358185
1676,35.988199949264526,33.816167950630188,-117.26050001382828,-117.99405148532242,9.9999998509883881,6.2621650099754333,3.3999999761581421,3.2409950494766235
1197,32.896900057792664,33.810720026493073,-116.29100000858307,-117.99160412792116,16.299999989569187,6.2574362754821777,3,3.2403550744056702
1542,32.99399995803833,33.843931496143341,-116.35080003738403,-118.00895169377327,12.299999892711639,6.2431132793426514,3.4999999701976776,3.2406962513923645
953,35.396499991416931,33.810724183917046,-117.82500000298023,-117.99160628113896,7.6700001955032349,6.257445216178894,3.0600000321865082,3.2403557896614075
750,35.686000943183899,33.977820217609406,-117.48016399145126,-118.06573944538832,9.4900001585483551,6.2723466753959656,3.5999999642372131,3.2528184056282043
234,35.98466694355011,33.868343681097031,-117.78066700696945,-118.01481418032199,7.460000216960907,6.2968522310256958,3.2400000393390656,3.2477352619171143
732,35.617499947547913,33.977834103628993,-117.58216899633408,-118.06574627757072,9.9100001156330109,6.2723511457443237,3.8400000035762787,3.252819299697876
2534,34.565999984741211,33.693693190813065,-116.23599994182587,-117.95958038419485,1.2999996542930603,6.1004224419593811,3.199999988079071,3.2181010544300079
1156,34.630299985408783,33.808087036013603,-118.62330001592636,-117.99040073063225,12.60000005364418,6.2525850534439087,3.0999999940395355,3.2398988306522369
2168,35.327000021934509,33.681257098913193,-118.66600000858307,-117.95728801563382,1.5000003576278687,6.0571584105491638,3,3.2139789462089539
1209,35.849799990653992,33.81072424352169,-119.79289996623993,-117.99160629604012,17.700000107288361,6.2574461102485657,3.0999999940395355,3.2403557896614075
1065,33.459833025932312,33.810130029916763,-116.48833298683167,-117.99138210434467,10.810000151395798,6.2562024593353271,3.0399999618530273,3.2402255237102509
1062,34.305166989564896,33.820307388901711,-116.91916704177856,-117.9988230020972,1.3999995589256287,6.2446966767311096,3.0800000131130219,3.2388140559196472
1167,32.866099953651428,33.810724183917046,-118.62279999256134,-117.99160626996309,12.60000005364418,6.257445216178894,3.6999999582767487,3.2403557896614075
1492,33.986999999731779,33.811154529452324,-117.158999979496,-117.99273027712479,14.599999990314245,6.245911717414856,3.199999988079071,3.2393460273742676
2269,33.929999999701977,33.693594604730606,-118.2960000038147,-117.95956531539559,23.599999845027924,6.1000978946685791,3,3.2180672585964203
884,34.028167000040412,33.810592994093895,-117.22949999570847,-117.99156252108514,16.500000022351742,6.256788969039917,3.199999988079071,3.2403004467487335
143,35.715667009353638,33.868317514657974,-117.49550002813339,-118.01480646245182,4.4100004434585571,6.2968182563781738,3.5099999606609344,3.2477299869060516
2493,35.970000028610229,33.702727258205414,-117.85699999332428,-117.96101139485836,2.9999998211860657,6.1410534381866455,3.4999999701976776,3.2216764390468597
850,34.050500001758337,33.868317604064941,-117.50499999523163,-118.01480649970472,4.620000422000885,6.2968164682388306,3,3.2477299869060516
717,35.887666940689087,33.977730687707663,-117.72016701102257,-118.06569309532642,7.9500000178813934,6.2724190950393677,3.9099999815225601,3.2528209090232849
2411,33.920999996364117,33.69369313120842,-116.99300003051758,-117.95958037674427,14.400000013411045,6.1004233360290527,3.0999999940395355,3.2181011438369751
264,35.780665993690491,33.977878965437412,-117.61350300908089,-118.06576171517372,7.7299998700618744,6.2723717093467712,3.5999999642372131,3.2528252005577087
75,35.915166974067688,33.868325293064117,-117.68616700172424,-118.01481011230499,7.3500001430511475,6.2968271970748901,3.199999988079071,3.2477310597896576
395,35.884667038917542,33.977834073826671,-117.73116698861122,-118.06574629247189,5.2400001883506775,6.2723493576049805,3,3.252819299697876
2145,34.31700000166893,33.689934879541397,-116.84200000762939,-117.9586575217545,2.2999995946884155,6.0964697599411011,3.2999999821186066,3.2173694372177124
2375,36,33.692819982767105,-117.69900000095367,-117.95943760499358,0.60000032186508179,6.0965162515640259,3,3.2177497744560242
396,35.186332941055298,33.977832360193133,-117.34350001811981,-118.06574556231499,-0.59999942779541016,6.2723493576049805,3.0099999904632568,3.2528191208839417
1365,34.209000006318092,33.808760672807693,-117.55500000715256,-117.99077404476702,12.299999892711639,6.2602311372756958,3.0999999940395355,3.2403633892536163
2105,34.340000003576279,33.680146753787994,-118.74199998378754,-117.95711800828576,15.599999986588955,6.05317622423172,3.3999999761581421,3.2135815322399139
1903,35.60699999332428,33.817088052630424,-117.55480000376701,-117.9957785368897,10.300000011920929,6.2536060810089111,4.6000000052154064,3.2400560975074768
595,35.882168054580688,33.977834088727832,-117.70500200986862,-118.06574629247189,2.4400001764297485,6.2723511457443237,3.3999999761581421,3.252819299697876
1296,35.48199999332428,33.813386037945747,-118.28799998760223,-117.9923828127794,3.5000002384185791,6.2683457136154175,3.0999999940395355,3.2413328289985657
1821,34.851499974727631,33.816186159849167,-119.24210000038147,-117.99545508669689,16.500000022351742,6.2493628263473511,3.6999999582767487,3.2397095561027527
872,32.075166940689087,33.810580641031265,-116.34850001335144,-117.99155774898827,16.460000015795231,6.2567684054374695,3,3.2402978539466858
1548,35.006100058555603,33.838135495781898,-119.25800001621246,-118.00672492850572,9.0999998152256012,6.2390130758285522,3.7999999970197678,3.2399315536022186
36,35.830165982246399,33.868317604064941,-117.66332998871803,-118.01480651460588,4.0599998831748962,6.2968182563781738,3,3.2477299869060516
2129,33.898000001907349,33.680146634578705,-118.21699999272823,-117.95711800456047,13.999999947845936,6.0531753301620483,3.0999999940395355,3.2135815322399139
2152,34.308999985456467,33.681257098913193,-116.84399998188019,-117.95728801563382,5.3000003099441528,6.0571584105491638,3,3.2139789462089539
977,32.09850001335144,33.805537730455399,-116.61349999904633,-117.98957894463092,12.379999905824661,6.2539896368980408,3.0999999940395355,3.2396948933601379
1571,32.995399951934814,33.815633699297905,-116.33770000934601,-117.98523654043674,8.9000000059604645,6.397930383682251,4.3999999947845936,3.2521656453609467
1122,33.866200000047684,33.862092435359955,-118.23620000481606,-118.01260751951486,13.700000010430813,6.2866133451461792,3,3.2464583516120911
1892,33.79839999973774,33.815906822681427,-117.13209998607635,-117.99531705398113,16.799999959766865,6.2507486343383789,3.7999999970197678,3.2397805452346802
675,35.732666969299316,33.977807747200131,-117.52683299779892,-118.06573402881622,2.6299998164176941,6.2723493576049805,3.6300000250339508,3.2528178691864014
728,35.747166037559509,33.977832479402423,-117.58049800992012,-118.06574563682079,4.8999997973442078,6.2723493576049805,3.6300000250339508,3.2528191208839417
412,35.667667031288147,33.977820217609406,-117.5168299973011,-118.06573944538832,6.9400003552436829,6.2723457813262939,3.2999999821186066,3.2528183162212372
1516,33.477999985218048,33.817919120192528,-116.44200003147125,-117.99515703879297,9.0999998152256012,6.2570643424987793,3,3.2406907975673676
1649,33.245299994945526,33.816165864467621,-116.42410004138947,-117.99405055027455,8.1999997794628143,6.2621408700942993,3.9999999850988388,3.2409934401512146
825,35.659999966621399,34.076703444123268,-117.52783200144768,-118.11440861970186,1.1800003051757812,6.1725926399230957,3.9999999850988388,3.2492596507072449
616,35.88916802406311,33.977835236117244,-117.7418369948864,-118.06574705243111,6.9200000166893005,6.2723457813262939,3.0999999940395355,3.2528189420700073
114,35.921167016029358,33.868240356445312,-117.70500001311302,-118.01478690560907,1.8999999761581421,6.2960976362228394,3.1700000166893005,3.2476732134819031
417,35.587334036827087,33.977820217609406,-117.42283600568771,-118.06573943048716,5.7999998331069946,6.2723466753959656,3.1700000166893005,3.2528183162212372
1625,33.090900003910065,33.825698122382164,-116.14530003070831,-118.00125519174617,3.6000001430511475,6.2488415837287903,3.6999999582767487,3.2394100427627563
2491,35.983999967575073,33.702727138996124,-117.86100000143051,-117.96101135760546,3.5000002384185791,6.1410534381866455,3.0999999940395355,3.2216764390468597
89,35.919666051864624,33.86796523630619,-117.71099901199341,-118.01467629242688,2.6699995994567871,6.2959188222885132,3.070000022649765,3.2476397752761841
2082,34.691999971866608,33.678169101476669,-116.28999996185303,-117.95620224997401,1.8999999761581421,6.0574400424957275,3.2999999821186066,3.2136222124099731
753,35.703667044639587,33.977820217609406,-117.5084989964962,-118.06573943048716,2.330000102519989,6.2723466753959656,3.199999988079071,3.2528183162212372
1630,33.101999998092651,33.816200882196426,-116.22099995613098,-117.9940643706359,7.9999999701976776,6.2622785568237305,3.3999999761581421,3.241005152463913
11,35.671666979789734,33.868324011564255,-117.52733299136162,-118.01480964291841,9.1099999845027924,6.2968254089355469,3.5600000023841858,3.2477309703826904
284,35.715667963027954,33.977866748347878,-117.56866499781609,-118.06575549393892,6.1000004410743713,6.2723663449287415,3.070000022649765,3.2528243958950043
1066,33.459167003631592,33.810130029916763,-116.42466700077057,-117.99138211179525,11.079999804496765,6.2562024593353271,3,3.2402255237102509
1191,33.475600004196167,33.810720026493073,-116.47759997844696,-117.99160412792116,12.60000005364418,6.2574362754821777,3.2999999821186066,3.2403550744056702
1440,33.754999995231628,33.808725744485855,-116.93400001525879,-117.99076029937714,15.200000004842877,6.2601166963577271,3.0999999940395355,3.2403531074523926
2377,34.282000005245209,33.692820876836777,-116.90699994564056,-117.95943778008223,5.2000004053115845,6.0965198278427124,3,3.2177501320838928
2376,34.231000006198883,33.69281992316246,-116.97300004959106,-117.95943759381771,4.9999997019767761,6.0965162515640259,3.0999999940395355,3.2177497744560242
2289,33.647000014781952,33.682867288589478,-116.74199998378754,-117.95740582421422,14.100000020116568,6.0638433694839478,3.3999999761581421,3.2146040797233582
1568,34.351999998092651,33.791216731071472,-116.46300005912781,-117.97719430364668,4.5000001788139343,6.3543230295181274,3.0999999940395355,3.2469621598720551
2172,35.330999970436096,33.688962310552597,-118.6700000166893,-117.95851176977158,2.0999997854232788,6.0931169986724854,3,3.2170239686965942
1687,35.971699953079224,33.81619668006897,-117.31470000743866,-117.99406221369281,3.4000003337860107,6.2622714042663574,3.7999999970197678,3.2410045266151428
851,34.100166998803616,33.868317753076553,-116.92799997329712,-118.01480657421052,5.0099998712539673,6.2968164682388306,3,3.2477299869060516
895,35.730332970619202,33.810596242547035,-117.07766699790955,-117.99156432412565,0.83999991416931152,6.25679612159729,4.1999999955296516,3.2403008937835693
496,35.677665948867798,33.977821707725525,-117.4923329949379,-118.0657400265336,1.3099998235702515,6.2723457813262939,3.0999999940395355,3.2528185844421387
1782,33.169000029563904,33.810097053647041,-116.55400002002716,-117.99148145224899,13.399999961256981,6.2564331293106079,3.199999988079071,3.2401836812496185
335,35.68149995803833,33.977820217609406,-117.49400299787521,-118.06573944538832,1.1499997973442078,6.2723457813262939,3.2199999690055847,3.2528184056282043
515,35.934700012207031,33.977821871638298,-117.79170000553131,-118.06574008613825,4.9999997019767761,6.2723475694656372,3.6999999582767487,3.2528185844421387
1348,32.811900019645691,33.808753356337547,-116.1496000289917,-117.99076853506267,9.8000000417232513,6.2602758407592773,4.0999999791383743,3.2403663396835327
1015,34.313666999340057,33.810754895210266,-119.74233305454254,-117.99161861184984,1.7100003361701965,6.2575507164001465,3.199999988079071,3.2403650879859924
2383,34.243000000715256,33.702013671398163,-116.78299999237061,-117.96089673414826,6.8999996781349182,6.1378723382949829,3.199999988079071,3.2213854193687439
1781,35.432000041007996,33.811897695064545,-118.30000001192093,-117.99217092152685,8.7000001966953278,6.2585163116455078,3,3.2404716610908508
1785,34.397000014781952,33.809448540210724,-119.64900004863739,-117.99121411982924,13.200000040233135,6.2547683715820312,3.3999999761581421,3.2400319576263428
2070,35.095000028610229,33.816383793950081,-119.10800004005432,-117.9954596166499,17.599999979138374,6.2521094083786011,3,3.2399234175682068
356,35.915164947509766,33.977820217609406,-117.73266598582268,-118.06573944538832,2.6299998164176941,6.2723457813262939,3.0999999940395355,3.2528184056282043
2418,35.276000022888184,33.693693101406097,-119.09399998188019,-117.95958036184311,7.5,6.1004233360290527,3.0999999940395355,3.2181011438369751
1312,34.449299991130829,33.808759734034538,-119.29480004310608,-117.99077426083386,17.700000107288361,6.2602311372756958,3.6999999582767487,3.2403630316257477
1635,34.11599999666214,33.818260535597801,-117.32400000095367,-117.99493715120479,17.599999979138374,6.2594872713088989,3.2999999821186066,3.2410043478012085
550,35.577000021934509,33.977820560336113,-117.37316900491714,-118.06573956459761,3.8200002908706665,6.2723457813262939,4.0999999791383743,3.2528184056282043
1227,34.141000002622604,33.808107286691666,-117.45929998159409,-117.99052685126662,6.9999995827674866,6.2587863206863403,3,3.2402149736881256
2261,34.675000011920929,33.693578362464905,-116.2960000038147,-117.9595580548048,5.6000000238418579,6.0997045040130615,3,3.2180464267730713
957,34.04483300074935,33.859569162130356,-117.13999998569489,-118.01143958605826,13.379999957978725,6.2815260887145996,3.3400000333786011,3.2459946870803833
1773,34.039000000804663,33.811612024903297,-117.24299997091293,-117.99245895305648,14.599999990314245,6.2543070316314697,3,3.2400526106357574
2141,33.444999992847443,33.680142462253571,-116.43700003623962,-117.9571170322597,13.100000023841858,6.0531681776046753,3.199999988079071,3.2135805487632751
1008,35.397500038146973,33.810724183917046,-117.7128329873085,-117.99160627741367,7.4399998784065247,6.257445216178894,3.6400000154972076,3.2403557896614075
1092,33.891667000949383,33.856351539492607,-117.11766701936722,-118.01038264855742,13.610000051558018,6.2827473878860474,3.4300000369548798,3.2457082271575928
2255,32.075999975204468,33.693716257810593,-117.42500001192093,-117.95958529785275,11.100000143051147,6.1005556583404541,3.3999999761581421,3.2181118726730347
996,34.239666998386383,33.810723438858986,-116.88566696643829,-117.99160600174218,7.6499998569488525,6.2574416399002075,3.7999999970197678,3.240355521440506
1679,34.811999976634979,33.816115617752075,-116.41700005531311,-117.99403005372733,4.3000003695487976,6.2621283531188965,3.3999999761581421,3.240988701581955
153,35.64566695690155,33.86834380030632,-117.44700002670288,-118.01481424737722,4.9200001358985901,6.2968513369560242,3.3999999761581421,3.2477352619171143
580,35.890666961669922,33.977820083498955,-117.70749700069427,-118.06573937088251,5.7700002193450928,6.2723466753959656,3.0800000131130219,3.2528184056282043
1470,33.211000025272369,33.813365250825882,-116.21300005912781,-117.99356678873301,16.19999997317791,6.2495067715644836,3.2999999821186066,3.2397665977478027
703,35.656666994094849,33.977827563881874,-117.44650000333786,-118.06574305146933,2.2300001978874207,6.2723386287689209,4.0200000107288361,3.25281822681427
1212,35.002799987792969,33.810723945498466,-116.92190003395081,-117.99160621408373,10.300000011920929,6.257445216178894,3.9999999850988388,3.2403557002544403
896,33.484833002090454,33.810591891407967,-116.80366694927216,-117.9915621150285,1.2599998712539673,6.2567871809005737,3.2299999594688416,3.240300178527832
487,35.570832967758179,33.977834088727832,-117.36199998855591,-118.06574629247189,4.3400001525878906,6.2723511457443237,3,3.252819299697876
559,35.736333012580872,33.97783231548965,-117.56933298707008,-118.06574554741383,2.7399998903274536,6.2723493576049805,3.7999999970197678,3.2528191208839417
1141,32.057999968528748,33.808830097317696,-116.14300000667572,-117.99088192731142,20.000000149011612,6.2551090121269226,3.5999999642372131,3.240042507648468
1119,33.271166980266571,33.81075531244278,-116.78966701030731,-117.99161801207811,8.5300000011920929,6.2575551867485046,3.2700000107288361,3.2403656244277954
512,35.935333013534546,33.977832479402423,-117.71516400575638,-118.06574563682079,2.3599997162818909,6.2723511457443237,3.199999988079071,3.2528191208839417
633,35.680832028388977,33.977820217609406,-117.49500298500061,-118.06573943048716,2.4199998378753662,6.2723466753959656,3.6999999582767487,3.2528183162212372
2179,35.317000031471252,33.690079420804977,-118.64399999380112,-117.95868240296841,3.099999725818634,6.0971063375473022,3,3.2174282670021057
1664,34.196799993515015,33.816163703799248,-118.56220000982285,-117.99404933582991,18.700000047683716,6.2621578574180603,3.0999999940395355,3.2409944236278534
1012,34.030833000317216,33.810724183917046,-118.98816698789597,-117.99160627741367,11.009999960660934,6.257445216178894,3.3400000333786011,3.2403557896614075
1931,34.596000015735626,33.816494673490524,-116.35500001907349,-117.99553735554218,2.800000011920929,6.2520360946655273,3,3.2399135828018188
1150,33.936200000345707,33.808824881911278,-116.02439999580383,-117.9908793233335,9.8999999463558197,6.2551018595695496,3.3999999761581421,3.2400417923927307
2380,34.377000004053116,33.702013671398163,-117.09700000286102,-117.96089670062065,11.900000050663948,6.1378723382949829,3.0999999940395355,3.2213854193687439
116,35.920500040054321,33.868240356445312,-117.70866701006889,-118.01478690560907,2.1399995684623718,6.2960976362228394,3.199999988079071,3.2476732134819031
740,35.77183198928833,33.977832494303584,-117.56866499781609,-118.06574563682079,3.75,6.2723493576049805,3.0500000417232513,3.2528192102909088
2337,33.689000010490417,33.691628068685532,-116.81599998474121,-117.95922018960118,15.200000004842877,6.0927271842956543,3.0999999940395355,3.217376321554184
1974,34.061000000685453,34.166449323296547,-117.00499999523163,-118.14713084697723,6.7999997735023499,6.3334491848945618,4.9000000208616257,3.2669599056243896
1081,34.078832998871803,33.904117323458195,-119.29033303260803,-118.03396766260266,19.589999914169312,6.2725371122360229,3.4999999701976776,3.2473909556865692
1810,34.278600007295609,33.816749706864357,-118.65189999341965,-117.99564985139295,9.8999999463558197,6.2507110834121704,3.4999999701976776,3.239854484796524
830,35.744335055351257,34.076703414320946,-117.54966700077057,-118.11440864950418,1.4900001883506775,6.1725926399230957,3.5899999737739563,3.2492596507072449
119,35.926167011260986,33.868241786956787,-117.70750001072884,-118.01478745695204,3.7799996137619019,6.2960994243621826,4.739999994635582,3.2476733922958374
656,35.857332944869995,33.977824598550797,-117.64783298969269,-118.06574153155088,11.029999852180481,6.2723404169082642,3.7699999809265137,3.2528183162212372
2310,35.934999942779541,33.693693101406097,-117.68299999833107,-117.95958036184311,3.099999725818634,6.1004224419593811,3,3.2181011438369751
2270,33.837999999523163,33.693695366382599,-118.34799998998642,-117.95958076044917,9.8000000417232513,6.1004304885864258,3.6999999582767487,3.2181020379066467
2485,32.097000002861023,33.69369313120842,-117.11599999666214,-117.95958036929369,5.4000002145767212,6.1004224419593811,3.5999999642372131,3.2181011438369751
635,35.869166970252991,33.977821677923203,-117.66100001335144,-118.0657400265336,5.4799997806549072,6.2723457813262939,3.5699999928474426,3.2528185844421387
369,35.901999950408936,33.977832479402423,-117.67133298516273,-118.06574563682079,2.5699996948242188,6.2723493576049805,3.129999965429306,3.2528191208839417
268,35.921664953231812,33.977877356112003,-117.45966297388077,-118.06576102972031,7.1000003814697266,6.2723708152770996,3.5600000023841858,3.2528250217437744
46,35.896999955177307,33.868317574262619,-117.69983300566673,-118.0148065071553,4.440000057220459,6.2968182563781738,3,3.2477299869060516
991,34.505999982357025,33.810724094510078,-118.64216697216034,-117.99160624016076,17.599999979138374,6.2574461102485657,3.4300000369548798,3.2403557002544403
876,33.488833010196686,33.810593023896217,-116.80133295059204,-117.99156255088747,6.1800000071525574,6.256788969039917,3,3.2403004467487335
773,35.662333011627197,34.076703265309334,-117.52450001239777,-118.11440857499838,2.6100003719329834,6.1725926399230957,3.8199999779462814,3.2492595613002777
1219,33.950100000947714,33.810691669583321,-118.18269999325275,-117.99159251246601,18.099999949336052,6.2573039531707764,3.3999999761581421,3.2403443455696106
1126,32.996000051498413,33.810744181275368,-117.03799998760223,-117.99161364603788,8.9999999105930328,6.2575346231460571,3.3999999761581421,3.2403631210327148
4,32.923666954040527,33.868216410279274,-119.15816700458527,-118.01476767659187,5.8300003409385681,6.2964248657226562,3.7400000095367432,3.2476962804794312
1595,33.964999999850988,33.816161602735519,-116.87699997425079,-117.99404837470502,10.200000107288361,6.2621355056762695,3.0999999940395355,3.2409929037094116
1077,34.171666994690895,33.81012986600399,-117.63116699457169,-117.99138203356415,10.470000207424164,6.2562042474746704,3.4999999701976776,3.2402255237102509
837,35.706333041191101,34.076709814369678,-117.52200001478195,-118.11441165953875,2.6500001549720764,6.1725836992263794,4.3999999947845936,3.2492591142654419
681,35.580667018890381,33.977781614288688,-117.39616698026657,-118.06572324037552,13.220000043511391,6.2723484635353088,3.5200000405311584,3.2528160810470581
1715,33.040000021457672,33.805186450481415,-118.93000000715256,-117.98978558089584,6.9999995827674866,6.2440100312232971,3.199999988079071,3.2389371693134308
2197,34.707000017166138,33.693693190813065,-116.29499995708466,-117.95958039164543,2.2999995946884155,6.1004224419593811,3,3.2181010544300079
1148,32.202000021934509,33.810753986239433,-117.63600000739098,-117.99161750171334,19.100000113248825,6.257554292678833,3,3.2403654456138611
574,35.848667025566101,33.977832360193133,-117.68382999300957,-118.06574556231499,5.4699996113777161,6.2723493576049805,3.3999999761581421,3.2528191208839417
50,35.777667045593262,33.868319049477577,-117.58950001001358,-118.01480707339942,9.3199999630451202,6.2968182563781738,3.9200000166893005,3.247730165719986
853,34.073666997253895,33.868319019675255,-119.03983294963837,-118.01480707339942,18.46000000834465,6.2968182563781738,3.6999999582767487,3.2477300763130188
1982,33.458000004291534,34.032498747110367,-116.62699997425079,-118.08823540061712,7.5,6.3852149248123169,3.199999988079071,3.2633430361747742
1823,32.655900001525879,33.81671379506588,-116.09700000286102,-117.99563375068828,12.699999958276749,6.250796914100647,4.1999999955296516,3.2398568987846375
833,35.6875,34.076703205704689,-117.5071670114994,-118.11440854519606,1.5400001406669617,6.1725926399230957,4.0999999791383743,3.2492595613002777
1115,34.174999997019768,33.810652852058411,-117.43500000238419,-117.99157865066081,10.60000017285347,6.2572181224822998,3.3899999856948853,3.2403357625007629
1166,33.755999997258186,33.810724183917046,-116.00800001621246,-117.99160627741367,20.000000149011612,6.257445216178894,3,3.2403557896614075
1906,35.570999979972839,33.817088022828102,-117.5290000140667,-117.99577852943912,9.4999998807907104,6.2536060810089111,3.2999999821186066,3.2400560975074768
971,34.095167003571987,33.805424645543098,-118.6710000038147,-117.98954020254314,15.169999999925494,6.2536776065826416,3.129999965429306,3.2396627068519592
399,35.570500016212463,33.977832449600101,-117.52300000190735,-118.06574560701847,10.049999803304672,6.2723511457443237,4.0999999791383743,3.2528191208839417
19,33.929999999701977,33.868217840790749,-117.87416699528694,-118.01476822048426,9.2899999022483826,6.2964266538619995,3,3.2476964592933655
684,35.897667050361633,33.977813752368093,-117.70500001311302,-118.06573709845543,7.4299997091293335,6.2723422050476074,4.0200000107288361,3.2528175115585327
35,34.265500009059906,33.868319764733315,-119.28966701030731,-118.01480742264539,11.419999971985817,6.2968164682388306,3.3999999761581421,3.2477300763130188
2402,32.003999948501587,33.69369313120842,-116.31099998950958,-117.95958036929369,5.9999996423721313,6.1004224419593811,3.199999988079071,3.2181011438369751
524,35.89783501625061,33.977832345291972,-117.71633198857307,-118.06574556231499,8.1799998879432678,6.2723493576049805,3.1199999749660492,3.2528191208839417
920,33.487500011920929,33.81071999669075,-116.80616700649261,-117.99160410556942,2.1200001239776611,6.2574362754821777,3.0999999940395355,3.2403550744056702
1841,34.070000000298023,33.861717596650124,-118.95200002193451,-118.01302565820515,15.400000009685755,6.2824827432632446,3.3999999761581421,3.2459481060504913
1890,33.749599993228912,33.820409640669823,-117.49379998445511,-117.99690383928828,0.39999961853027344,6.2584090232849121,3.5999999642372131,3.2406999170780182
537,35.937000036239624,33.977832494303584,-117.65583300590515,-118.06574563682079,-0.10999917984008789,6.2723511457443237,3.199999988079071,3.2528192102909088
1705,32.105999946594238,33.81619668006897,-116.51999998092651,-117.9940622174181,7.9999999701976776,6.2622714042663574,3.199999988079071,3.2410045266151428
2484,34.503000020980835,33.702727198600769,-116.24899995326996,-117.96101138740778,0,6.1410534381866455,3.2999999821186066,3.2216764390468597
245,35.791499972343445,33.868350178003311,-117.61599698662758,-118.01481733191758,6.8999996781349182,6.2968611717224121,3.0099999904632568,3.2477363348007202
784,35.676666021347046,34.076703429222107,-117.52749601006508,-118.11440861970186,7.3899999260902405,6.1725926399230957,3,3.2492596507072449
1409,33.632999986410141,33.808726832270622,-119.05599999427795,-117.9907607389614,15.80000001937151,6.2601184844970703,3.3999999761581421,3.2403533756732941
154,35.903167009353638,33.86834380030632,-117.69266700744629,-118.01481423992664,2.7200004458427429,6.2968513369560242,3.3999999761581421,3.2477352619171143
1686,35.986500024795532,33.816196531057358,-117.27249997854233,-117.99406215408817,9.9999998509883881,6.2622731924057007,3.6999999582767487,3.2410044372081757
625,35.578667044639587,33.977834103628993,-117.58083298802376,-118.06574627757072,-0.89999914169311523,6.2723511457443237,3.3999999761581421,3.252819299697876
2436,33.139999985694885,33.700619727373123,-116.30299997329712,-117.96064350008965,13.80000002682209,6.1332052946090698,3.6999999582767487,3.2209285497665405
1346,33.019200026988983,33.808759585022926,-116.29980003833771,-117.99077358655632,14.19999998062849,6.2602311372756958,4.1999999955296516,3.2403632998466492
569,35.88633394241333,33.977820217609406,-117.67400398850441,-118.06573943048716,10.999999791383743,6.2723466753959656,3.2800000011920929,3.2528183162212372
1758,35.772500038146973,33.861762091517448,-117.67379999160767,-118.0130402687937,1.1999997496604919,6.2822753190994263,3.199999988079071,3.2459404170513153
1816,32.068099975585938,33.739544659852982,-116.36240005493164,-117.97131365910172,26.000000238418579,6.1192631721496582,3,3.2242594063282013
2065,33.222000002861023,33.912185378372669,-116.08700001239777,-118.04715991392732,6.9999995827674866,6.1907422542572021,3.199999988079071,3.2387479841709137
127,35.957167029380798,33.868323981761932,-117.71366700530052,-118.01480962801725,3.1300002336502075,6.2968254089355469,3.0999999940395355,3.2477309703826904
2521,34.400999993085861,33.69369313120842,-116.41600000858307,-117.95958036929369,3.7000000476837158,6.1004224419593811,3.5999999642372131,3.2181011438369751
2006,33.966499999165535,33.846465989947319,-116.33720004558563,-118.01069588493556,7.5999999046325684,6.2457007169723511,3.5999999642372131,3.2407940626144409
980,33.463832974433899,33.805541813373566,-116.47016704082489,-117.98958103451878,7.6199997961521149,6.2539976835250854,3.0999999940395355,3.2396956980228424
190,35.686164975166321,33.86834380030632,-117.54133599996567,-118.01481423992664,5.3600004315376282,6.2968513369560242,3.4799999892711639,3.2477352619171143
1139,33.994799999985844,33.808825999498367,-118.34509998559952,-117.99087977781892,16.000000052154064,6.2551027536392212,3.5999999642372131,3.2400418817996979
992,35.904332995414734,33.810724213719368,-116.92233300209045,-117.99160628486425,6.1400002241134644,6.257445216178894,4.1999999955296516,3.2403557002544403
699,35.983500003814697,33.977785116061568,-117.77750000357628,-118.0657249763608,14.840000001713634,6.2723457813262939,3.5999999642372131,3.2528159916400909
606,35.831799983978271,33.977832509204745,-117.78519999980927,-118.06574565172195,1.9800004363059998,6.2723511457443237,3.7999999970197678,3.2528191208839417
180,35.36899995803833,33.868350178003311,-117.84616899490356,-118.01481733191758,1.5500003099441528,6.2968611717224121,3.0800000131130219,3.2477363348007202
301,35.673499941825867,33.977877341210842,-117.48950201272964,-118.06576104462147,2.6100003719329834,6.2723690271377563,3.199999988079071,3.2528250217437744
1060,35.166332960128784,33.810753956437111,-119.33716702461243,-117.99161747191101,22.090000212192535,6.257554292678833,3.0199999809265137,3.2403654456138611
2394,32.646000027656555,33.69369313120842,-118.19099999964237,-117.95958036929369,5.9999996423721313,6.1004233360290527,3.2999999821186066,3.2181010544300079
2437,34.36599999666214,33.691627949476242,-116.47200000286102,-117.95922016724944,2.7000001072883606,6.0927271842956543,3.0999999940395355,3.217376321554184
1069,33.432332992553711,33.810130000114441,-116.45383298397064,-117.99138210806996,11.42999991774559,6.2562024593353271,3.1700000166893005,3.2402255237102509
2205,35.972000002861023,33.692649632692337,-117.26399999856949,-117.95942069962621,3.099999725818634,6.0966682434082031,3.6999999582767487,3.2177243828773499
1243,35.957800030708313,33.805399909615517,-117.3008000254631,-117.98930180259049,10.60000017285347,6.2540021538734436,3.199999988079071,3.2397531867027283
16,33.548500001430511,33.868216380476952,-118.31416699290276,-118.01476766914129,10.680000185966492,6.2964248657226562,3.199999988079071,3.2476962804794312
2524,32.578999996185303,33.69455087184906,-118.25600001215935,-117.95983424782753,5.9999996423721313,6.0949087142944336,3.199999988079071,3.2178793251514435
546,35.874331951141357,33.977820217609406,-117.69716599583626,-118.06573944538832,-1.0899996757507324,6.2723457813262939,3.4600000083446503,3.2528183162212372
658,35.904500007629395,33.977832300588489,-117.69299998879433,-118.06574554741383,6.4399999380111694,6.2723493576049805,3.9599999785423279,3.2528192102909088
2282,32.924999952316284,33.693386048078537,-117.76999999582767,-117.95952765271068,6.9999995827674866,6.0990607738494873,3.199999988079071,3.2179799973964691
2313,32.70799994468689,33.693693101406097,-116.06599998474121,-117.95958036184311,3.9999997615814209,6.1004224419593811,3.0999999940395355,3.2181011438369751
1504,35.518599987030029,33.812819570302963,-116.74539995193481,-117.99316836567596,14.899999997578561,6.2531375885009766,3,3.2400072813034058
959,33.64733299612999,33.865767478942871,-117.26083302497864,-118.01362482272089,27.339999675750732,6.2915199995040894,3.0800000131130219,3.2472509443759918
797,35.691166043281555,34.076703280210495,-117.51216900348663,-118.11440857499838,1.0299995541572571,6.1725926399230957,3.2299999594688416,3.2492595613002777
225,35.961333990097046,33.86834380030632,-117.2843319773674,-118.01481423992664,4.1400003433227539,6.2968522310256958,3.550000011920929,3.2477352619171143
2074,32.286999940872192,33.682446390390396,-116.2849999666214,-117.95749186351895,5.5000001192092896,6.0617244243621826,3.2999999821186066,3.2144064903259277
1799,32.753399968147278,33.882885046303272,-117.37879997491837,-118.02603605762124,9.9999998509883881,6.245943009853363,3.8999999910593033,3.2439800798892975
2509,33.699999988079071,33.96684991940856,-117.71200001239777,-118.07975248992443,11.299999952316284,6.3567227125167847,3.9999999850988388,3.249213695526123
2085,35.631999969482422,33.678169161081314,-117.57499998807907,-117.95620226114988,1.8999999761581421,6.0574400424957275,3.199999988079071,3.2136222124099731
1693,35.74399995803833,33.81608022749424,-118.00999999977648,-117.99402550887316,4.0999996662139893,6.2616437673568726,3.2999999821186066,3.2409517765045166
1045,34.327499985694885,33.810748696327209,-119.5,-117.99161553103477,2.3199999332427979,6.2575462460517883,3.2999999821186066,3.2403644621372223
469,35.892166018486023,33.977820217609406,-117.71933001279831,-118.06573944538832,6.9400003552436829,6.2723466753959656,3.2999999821186066,3.2528184056282043
954,33.956333000212908,33.80800099670887,-116.31916701793671,-117.99037284404039,8.3099998533725739,6.2525779008865356,3.0900000035762787,3.2398881018161774
2519,32.675999999046326,33.693693101406097,-116.09399998188019,-117.95958036184311,10.899999886751175,6.1004224419593811,3.0999999940395355,3.2181011438369751
639,35.908499956130981,33.977820217609406,-117.67550000548363,-118.06573943048716,2.3400002717971802,6.2723466753959656,4.2999999895691872,3.2528184056282043
2350,35.802999973297119,33.692972719669342,-118.04399999976158,-117.95946449041367,9.5999997854232788,6.0972225666046143,3,3.2178117334842682
1218,33.912699997425079,33.81072424352169,-116.72490000724792,-117.99160629231483,19.200000017881393,6.257445216178894,3,3.2403557002544403
1158,35.924299955368042,33.80808287858963,-117.21799999475479,-117.99039860721678,0.99999994039535522,6.2525787949562073,3.4999999701976776,3.2398982048034668
1415,33.367699980735779,33.80872967839241,-116.30019998550415,-117.99076237436384,13.299999944865704,6.2601238489151001,3,3.2403537333011627
2292,34.635999977588654,33.693693101406097,-116.31400001049042,-117.95958036184311,5.6000000238418579,6.1004224419593811,3.199999988079071,3.2181011438369751
1527,33.390999972820282,33.817923247814178,-116.41700005531311,-117.99515917338431,9.9999998509883881,6.257072389125824,3.3999999761581421,3.2406914234161377
2475,34.409000009298325,33.69369313120842,-116.27900004386902,-117.95958037674427,20.699999928474426,6.1004233360290527,3.199999988079071,3.2181011438369751
1300,34.904999971389771,33.813390269875526,-119.21099996566772,-117.99238496972248,13.999999947845936,6.2683528661727905,3,3.2413334548473358
2430,34.879000008106232,33.691628068685532,-116.41100001335144,-117.95922018960118,4.0999996662139893,6.0927271842956543,3.0999999940395355,3.217376321554184
1603,35.953999996185303,33.814553707838058,-117.33399999141693,-117.99345922563225,1.8000000715255737,6.2601560354232788,3.0999999940395355,3.2407166361808777
160,35.927167057991028,33.868350028991699,-117.68133300542831,-118.0148172872141,3.1300002336502075,6.2968593835830688,3.0399999618530273,3.2477362453937531
1704,33.931999996304512,33.816026881337166,-116.74199998378754,-117.99400463653728,13.900000043213367,6.261565089225769,3.3999999761581421,3.240942120552063
956,33.482500016689301,33.807963669300079,-116.50366699695587,-117.99035802856088,12.590000107884407,6.2524348497390747,3.6999999582767487,3.2398761212825775
2470,34.717000007629395,33.702727138996124,-116.33200001716614,-117.96101136505604,4.1999995708465576,6.1410534381866455,3.3999999761581421,3.2216764390468597
877,33.705000013113022,33.810591652989388,-116.83050000667572,-117.99156201444566,16.779999956488609,6.2567871809005737,3.3999999761581421,3.240300178527832
1919,35.819000005722046,33.82067383825779,-119.91199994087219,-117.99700280511752,12.400000020861626,6.2589401006698608,3.2999999821186066,3.2407566905021667
1884,33.980000000447035,33.815873697400093,-116.27199995517731,-117.99530454864725,5.2000004053115845,6.2506663799285889,3.199999988079071,3.239772230386734
2200,32.644999980926514,33.693693190813065,-118.07400000095367,-117.95958039164543,25.200000107288361,6.1004224419593811,3.199999988079071,3.2181010544300079
98,35.806666970252991,33.867958918213844,-117.62933298945427,-118.01467319298536,0.45999974012374878,6.2959098815917969,3.0999999940395355,3.2476387917995453
2400,34.037000000476837,33.693694263696671,-117.27100002765656,-117.95958058536053,7.9999999701976776,6.1004260182380676,3.3999999761581421,3.2181015014648438
253,35.921165943145752,33.86834380030632,-117.6884999871254,-118.01481424737722,6.1500003933906555,6.2968522310256958,3,3.2477352619171143
103,35.03516697883606,33.867965206503868,-116.80033302307129,-118.01467627752572,-0.76999962329864502,6.2959188222885132,3.129999965429306,3.2476397752761841
1445,33.004100024700165,33.808751404285431,-116.33399999141693,-117.99076807685196,11.100000143051147,6.2601166963577271,3.5999999642372131,3.2403561472892761
1443,33.030399978160858,33.808731064200401,-118.00400000018999,-117.99076287727803,8.8000001013278961,6.2601256370544434,3.6999999582767487,3.2403538227081299
1648,33.875299997627735,33.867735221982002,-117.80089999735355,-118.01515620201826,1.600000262260437,6.292036771774292,3.5999999642372131,3.2471542954444885
586,35.745666980743408,33.977833969518542,-117.56649801135063,-118.06574620306492,7.9999999701976776,6.2723511457443237,3.3999999761581421,3.252819299697876
627,35.91016697883606,33.977834163233638,-117.68483299016953,-118.06574630737305,7.4100002646446228,6.2723511457443237,5.4399999976158142,3.252819299697876
1696,34.003000000026077,33.816109001636505,-116.91199994087219,-117.99403146561235,17.500000074505806,6.2621176242828369,3.199999988079071,3.2409846782684326
2101,33.410000026226044,33.680142462253571,-116.40299999713898,-117.95711702480912,12.499999925494194,6.0531681776046753,3.0999999940395355,3.2135805487632751
2199,33.48199999332428,33.69369313120842,-116.5,-117.95958036929369,14.899999997578561,6.1004233360290527,3.0999999940395355,3.2181010544300079
403,35.592334985733032,33.977821841835976,-117.39399701356888,-118.06574008613825,4.0700000524520874,6.2723457813262939,3.3199999630451202,3.2528185844421387
1154,33.322200000286102,33.810776337981224,-116.33369994163513,-117.99162341747433,18.099999949336052,6.2575462460517883,3.3999999761581421,3.2403679490089417
2256,32.001000046730042,33.666143715381622,-117.38200002908707,-117.9526945464313,6.9999995827674866,6.0494542121887207,3.3999999761581421,3.2117940187454224
1682,33.866999998688698,33.816189795732498,-119.32400000095367,-117.99405958410352,11.499999985098839,6.2622642517089844,3.4999999701976776,3.2410033643245697
2056,33.971000000834465,33.861347064375877,-118.67699998617172,-118.01412170752883,13.399999961256981,6.2695929408073425,3.2999999821186066,3.244662344455719
2413,35.452000021934509,33.693578362464905,-116.48099994659424,-117.95955804362893,3.6000001430511475,6.0997045040130615,3.5999999642372131,3.2180464267730713
452,35.682999014854431,33.977821841835976,-117.52300301194191,-118.06574010103941,1.1700001358985901,6.2723466753959656,3.0999999940395355,3.2528185844421387
2303,35.980999946594238,33.691601127386093,-117.86499999463558,-117.95921615883708,2.1999996900558472,6.0926315188407898,3,3.2173666656017303
1327,32.060700058937073,33.808764904737473,-117.67039999365807,-117.99077617935836,1.600000262260437,6.2602382898330688,3.9999999850988388,3.2403641045093536
2049,32.401999950408936,33.816097795963287,-117.79700000584126,-117.9953530812636,11.999999955296516,6.2514388561248779,3.5999999642372131,3.239856094121933
880,34.709667026996613,33.807868584990501,-116.28299999237061,-117.99032903555781,1.7399999499320984,6.2519145011901855,3.199999988079071,3.2398324012756348
2472,34.670000016689301,33.69369313120842,-116.35899996757507,-117.95958036929369,2.9999998211860657,6.1004224419593811,3.3999999761581421,3.2181011438369751
623,35.887333035469055,33.977820098400116,-117.71283000707626,-118.06573937088251,3.8999998569488525,6.2723466753959656,3.5799999833106995,3.2528184056282043
2344,33.978000000119209,33.693694710731506,-116.75399994850159,-117.95958067849278,22.400000095367432,6.1004269123077393,3.7999999970197678,3.2181016802787781
1787,35.804399967193604,33.782369762659073,-117.66130000352859,-117.97416883148253,9.9999998509883881,6.3394349813461304,4.0999999791383743,3.2451767027378082
262,35.877833962440491,33.977878980338573,-117.6873320043087,-118.06576171517372,2.6600003242492676,6.2723717093467712,3.1600000262260437,3.2528252005577087
1634,35.042999982833862,33.818260252475739,-119.0349999666214,-117.99493704689667,11.799999922513962,6.2594863772392273,3.199999988079071,3.2410042583942413
1438,33.870000004768372,33.80869759619236,-118.28499999642372,-117.99074926134199,15.100000002421439,6.2599298357963562,3.199999988079071,3.2403392493724823
2198,32.633999943733215,33.69369313120842,-118.07999999821186,-117.95958036929369,6.9999995827674866,6.1004224419593811,3.199999988079071,3.2181011438369751
1969,34.054000001400709,34.136223345994949,-117.02999997138977,-118.13208892941475,12.100000083446503,6.3883942365646362,3.9999999850988388,3.2698094844818115
1802,33.736000001430511,33.883239701390266,-117.47000002861023,-118.02616298012435,1.2999996542930603,6.2469059228897095,3.3999999761581421,3.2440750300884247
640,35.902500033378601,33.977820113301277,-117.68550100922585,-118.06573940068483,3.0399996042251587,6.2723466753959656,4.2999999895691872,3.2528183162212372
2403,35.565999984741211,33.693693101406097,-117.22500002384186,-117.95958036184311,5.6999999284744263,6.1004224419593811,3.3999999761581421,3.2181011438369751
1959,32.516299962997437,33.815817549824715,-116.88020002841949,-117.99523362657055,19.000000208616257,6.2502318620681763,3.7999999970197678,3.2397576570510864
488,35.898167014122009,33.977832300588489,-117.73366698622704,-118.0657455176115,2.8299996256828308,6.2723493576049805,3.199999988079071,3.2528191208839417
1843,35.890799999237061,33.816701084375381,-117.68090000748634,-117.99563430203125,9.9999998509883881,6.2507808208465576,3.9999999850988388,3.2398525178432465
1734,33.498000025749207,33.810986995697021,-116.51900005340576,-117.99222672916949,13.100000023841858,6.2529999017715454,3,3.239914208650589
146,35.584833025932312,33.868317663669586,-117.35683298110962,-118.01480652205646,4.3599995970726013,6.2968182563781738,3.6500000059604645,3.2477300763130188
1534,34.31700000166893,33.817925289273262,-116.84700000286102,-117.99516377784312,1.7000001668930054,6.2572181224822998,3.2999999821186066,3.2406986653804779
1986,35.031000018119812,34.224462941288948,-119.17799997329712,-118.17447905242443,18.099999949336052,6.3466751575469971,3.199999988079071,3.2717494368553162
1369,34.301699995994568,33.808759018778801,-116.84150004386902,-117.99077339656651,9.9999998509883881,6.2602302432060242,3.4999999701976776,3.2403632998466492
2488,34.828999996185303,33.69455087184906,-116.39999997615814,-117.95983425155282,4.8999997973442078,6.0949087142944336,3.199999988079071,3.2178793251514435
659,35.91349995136261,33.977821663022041,-117.72766700387001,-118.06573999673128,6.9599997997283936,6.2723457813262939,3.8599999845027924,3.2528185844421387
1794,32.710000038146973,33.878935933113098,-116.03600001335144,-118.02316407114267,3.1999996304512024,6.2504428625106812,3.5999999642372131,3.2444144189357758
186,35.888499975204468,33.868351578712463,-117.72350299358368,-118.01481790561229,3.6399999260902405,6.2968629598617554,3.2999999821186066,3.2477364242076874
1147,32.103000044822693,33.810758262872696,-116.09599995613098,-117.99161965865642,20.000000149011612,6.2575596570968628,3,3.2403659820556641
608,35.749668002128601,33.977834118530154,-117.55733498930931,-118.06574629247189,4.660000205039978,6.2723511457443237,3.3199999630451202,3.252819299697876
2191,34.85290002822876,33.693126231431961,-119.08739995956421,-117.95950297266245,21.599999964237213,6.0959118604660034,3.4999999701976776,3.2177615761756897
1930,32.044999957084656,33.816493466496468,-116.40600001811981,-117.99553690105677,15.100000002421439,6.2520360946655273,3,3.2399133145809174
197,35.944167017936707,33.86834380030632,-117.37550002336502,-118.01481424737722,2.8999999165534973,6.2968522310256958,3.7999999970197678,3.2477352619171143
2329,35.975000023841858,33.680839031934738,-117.82600000500679,-117.95648042857647,3.6000001430511475,6.0683566331863403,3.199999988079071,3.2146513760089874
293,35.961333990097046,33.977864975109696,-117.2756649851799,-118.06575482338667,0.4099997878074646,6.2723672389984131,3,3.2528243064880371
766,35.658000946044922,34.076703280210495,-117.52216300368309,-118.11440857499838,1.380000114440918,6.1725926399230957,3.1199999749660492,3.2492595613002777
400,35.679501056671143,33.977832464501262,-117.53183001279831,-118.06574560701847,4.6899998188018799,6.2723511457443237,3.0600000321865082,3.2528191208839417
122,34.990832984447479,33.868323981761932,-116.46099996566772,-118.01480962801725,1.7500001192092896,6.2968254089355469,3.0299999713897705,3.2477309703826904
202,35.557335019111633,33.868350386619568,-117.56883201003075,-118.01481739897281,3.6000001430511475,6.2968611717224121,4.8400000110268593,3.2477363348007202
835,35.730167031288147,34.076707981526852,-117.55866700410843,-118.11441096663475,7.8399999439716339,6.1725854873657227,3.2199999690055847,3.2492592036724091
2296,32.730000019073486,33.69369313120842,-118.38400000333786,-117.95958036929369,9.8999999463558197,6.1004224419593811,4.3999999947845936,3.2181011438369751
1439,32.802500009536743,33.808698251843452,-116.12399995326996,-117.99074953701347,14.100000020116568,6.2599280476570129,3.9999999850988388,3.2403392493724823
1733,32.376999974250793,33.81130687892437,-116.34800004959106,-117.99235881119967,6.9999995827674866,6.2536400556564331,3.3999999761581421,3.2399743795394897
1695,33.083999991416931,33.816110268235207,-116.23099994659424,-117.99403198715299,5.7999998331069946,6.2621194124221802,3.2999999821186066,3.2409847676753998
1707,35.894000053405762,33.816196709871292,-116.75899994373322,-117.99406222859398,3.3000004291534424,6.2622731924057007,3.199999988079071,3.2410045266151428
2468,34.683000028133392,33.702727138996124,-116.37899994850159,-117.96101135760546,2.9999998211860657,6.1410534381866455,3.199999988079071,3.2216764390468597
1153,32.976799964904785,33.810776248574257,-116.42830002307892,-117.99162336159497,17.899999916553497,6.2575462460517883,3,3.2403679490089417
1661,32.701200008392334,33.816783398389816,-118.18420000374317,-117.99430310772732,16.000000052154064,6.2636500597000122,4.0999999791383743,3.2411345243453979
1759,35.572000026702881,33.861757516860962,-116.97599995136261,-118.01303785480559,5.9999996423721313,6.2822672724723816,3.199999988079071,3.2459397912025452
854,33.52233299612999,33.868317604064941,-116.73099994659424,-118.01480649970472,3.2800000905990601,6.2968164682388306,3,3.2477299869060516
1589,32.058599948883057,33.816676214337349,-117.44319999217987,-117.98554318957031,5.0999996066093445,6.4016979932785034,3.5999999642372131,3.2525396347045898
2268,35.906000018119812,33.693693190813065,-117.5959999859333,-117.95958038419485,3.7999999523162842,6.1004224419593811,3,3.2181010544300079
641,35.781834006309509,33.977820247411728,-117.58950001001358,-118.06573944538832,1.5799999237060547,6.2723466753959656,3.5400000214576721,3.2528184056282043
1,35.615499973297119,33.868216380476952,-117.42033302783966,-118.01476767659187,9.7699999809265137,6.2964248657226562,3.1500000357627869,3.2476962804794312
2160,34.340000003576279,33.68014669418335,-116.85300004482269,-117.95711800456047,0.099999904632568359,6.05317622423172,3.0999999940395355,3.2135815322399139
698,35.556666970252991,33.977784043177962,-117.35816699266434,-118.06572450697422,8.7099999189376831,6.2723439931869507,4.4899999997578561,3.2528157234191895
1636,32.843600034713745,33.818264588713646,-118.02710000053048,-117.99493926716968,13.80000002682209,6.259494423866272,4.0999999791383743,3.2410049736499786
1291,35.472300052642822,33.865120068192482,-118.2766999900341,-118.01347555685788,8.4000000357627869,6.2995129823684692,3.199999988079071,3.2476257383823395
2422,34.097999997437,33.69369313120842,-117.7339999973774,-117.95958037674427,6.7999997735023499,6.1004233360290527,3.0999999940395355,3.2181011438369751
1520,33.380900025367737,33.817922845482826,-116.50539994239807,-117.99515958316624,6.9999995827674866,6.2570509314537048,5.5000000298023224,3.2406899034976959
1853,33.706000000238419,33.790485486388206,-116.04499995708466,-117.97828117012978,13.700000010430813,6.3469594717025757,3,3.2459136843681335
1136,32.425999999046326,33.808828949928284,-117.3289999961853,-117.99088144674897,2.9999998211860657,6.255108118057251,3.199999988079071,3.240042507648468
2455,34.852999985218048,33.702617049217224,-116.40900003910065,-117.96098962426186,4.3000003695487976,6.1403453350067139,3.0999999940395355,3.2216223478317261
1631,33.928000003099442,33.816200852394104,-118.3589999973774,-117.99406437808648,15.899999979883432,6.2622785568237305,3.0999999940395355,3.241005152463913
1998,33.307699978351593,33.816848874092102,-116.20299994945526,-117.99566847784445,10.399999916553497,6.2531214952468872,3.6999999582767487,3.2400122880935669
663,35.892333030700684,33.977832509204745,-117.72200000286102,-118.06574563682079,7.8700000047683716,6.2723511457443237,3.9800000041723251,3.2528191208839417
683,35.766167044639587,33.977827519178391,-117.58750000596046,-118.06574300676584,1.8200004100799561,6.2723386287689209,3.6300000250339508,3.25281822681427
1257,34.1283999979496,33.808759793639183,-117.43900001049042,-117.99077366106212,13.299999944865704,6.2602329254150391,3.2999999821186066,3.2403633892536163
317,35.913833975791931,33.977832464501262,-117.71167001128197,-118.06574560701847,1.8100002408027649,6.2723511457443237,3.5999999642372131,3.2528191208839417
648,35.901167035102844,33.977821826934814,-117.7495000064373,-118.06574010103941,5.0400003790855408,6.2723466753959656,5.4000000357627869,3.2528185844421387
1434,32.018599987030029,33.80872568488121,-116.32659995555878,-117.99076028447598,7.3000001907348633,6.2601166963577271,4.2999999895691872,3.2403531074523926
1479,33.858999997377396,33.813336595892906,-118.45800000429153,-117.99355618655682,14.100000020116568,6.2494003772735596,3,3.2397571206092834
709,35.913833022117615,33.977786708623171,-117.72583299875259,-118.06572142243385,7.9999999701976776,6.2723618745803833,4.5,3.2528192102909088
1282,34.052999999374151,33.808759585022926,-117.78749999403954,-117.99077363498509,5.2000004053115845,6.2602311372756958,3.8999999910593033,3.2403632998466492
1768,35.950899958610535,33.836260288953781,-117.72139999270439,-118.00568633479998,4.3000003695487976,6.2389889359474182,3,3.2398707568645477
972,33.147000014781952,33.805424585938454,-116.47816705703735,-117.98954015411437,10.990000069141388,6.2536758184432983,3.5300000309944153,3.2396627068519592
1306,34.408100008964539,33.808735132217407,-119.79719996452332,-117.99076320882887,19.699999988079071,6.2602132558822632,4.9000000208616257,3.2403601706027985
1400,33.899300001561642,33.808752790093422,-119.3889000415802,-117.99077100120485,17.000000104308128,6.2602239847183228,3.4999999701976776,3.2403622269630432
1408,34.012799999676645,33.808730974793434,-117.58259999752045,-117.9907628102228,14.700000006705523,6.2601256370544434,3.5999999642372131,3.2403538227081299
2238,35.960000038146973,33.69369313120842,-117.68999999761581,-117.95958036929369,4.400000274181366,6.1004224419593811,3,3.2181011438369751
1496,32.748000025749207,33.808024317026138,-116.05099999904633,-117.99148715194315,4.9999997019767761,6.2451463937759399,3,3.239036500453949
2038,34.006000000052154,34.184770733118057,-117.58500000834465,-118.16285093128681,4.6000000834465027,6.2679558992385864,3,3.2614067494869232
1529,33.392000019550323,33.817922785878181,-116.43499994277954,-117.99516229145229,6.9999995827674866,6.25721275806427,3.0999999940395355,3.2406983077526093
1663,33.983999999240041,33.886730179190636,-118.46999999880791,-118.02602468989789,7.5,6.2623518705368042,3.2999999821186066,3.245902419090271
1354,33.87100000679493,33.80876362323761,-116.19700002670288,-117.99077569134533,8.4000000357627869,6.2602365016937256,3.2999999821186066,3.2403638362884521
2478,34.739000022411346,33.69369313120842,-116.2610000371933,-117.95958037674427,18.000000044703484,6.1004233360290527,3.6999999582767487,3.2181011438369751
2495,35.756999969482422,33.693693190813065,-117.61599999666214,-117.95958038419485,3.1999996304512024,6.1004224419593811,3,3.2181010544300079
1643,34.003400000045076,33.81618919968605,-118.91109997034073,-117.99405929353088,16.000000052154064,6.2622660398483276,4.2999999895691872,3.2410034537315369
1051,33.913999997079372,33.810759425163269,-118.29766699671745,-117.99162009079009,11.669999957084656,6.2575614452362061,3,3.2403661608695984
795,35.682834982872009,34.076703399419785,-117.49183702468872,-118.1144086048007,-0.17000019550323486,6.1725926399230957,3.199999988079071,3.2492595613002777
1597,35.712000012397766,33.816161513328552,-117.48199999332428,-117.9940483411774,9.3000000715255737,6.2621337175369263,3.3999999761581421,3.2409928143024445
1819,32.732900023460388,33.816184595227242,-118.22820000350475,-117.99545459868386,6.7999997735023499,6.2491053342819214,3.3999999761581421,3.2396941781044006
1722,33.680999994277954,33.816200792789459,-116.80799996852875,-117.99406435573474,15.100000002421439,6.2622785568237305,3.199999988079071,3.2410050630569458
1183,34.334199994802475,33.865791290998459,-119.53489995002747,-118.01363241393119,8.9999999105930328,6.291203498840332,3,3.2472344934940338
1059,33.195999979972839,33.810626089572906,-116.68250000476837,-117.99157552886754,11.850000098347664,6.2569034099578857,3.1899999976158142,3.2403105497360229
540,35.869166970252991,33.977834088727832,-117.65316799283028,-118.06574626266956,7.6999998092651367,6.2723511457443237,3.3099999725818634,3.252819299697876
1678,34.137600004673004,33.816164001822472,-117.38319998979568,-117.99404944013804,7.9000000655651093,6.2621587514877319,3.5999999642372131,3.2409945130348206
2446,34.814000010490417,33.702727198600769,-116.41700005531311,-117.96101138740778,3.1999996304512024,6.1410534381866455,3.0999999940395355,3.2216764390468597
1757,34.032999999821186,33.864794448018074,-116.44200003147125,-118.01432760152966,2.800000011920929,6.2788680195808411,3.3999999761581421,3.2459762692451477
1923,35.965399980545044,33.820989370346069,-119.76820003986359,-117.99711991311051,25.300000011920929,6.2596875429153442,3.2999999821186066,3.2408324182033539
95,35.67566704750061,33.867958888411522,-117.53933000564575,-118.01467318553478,6.9699999690055847,6.2959098815917969,3.129999965429306,3.2476387917995453
1020,34.40616700053215,33.810738131403923,-119.64566695690155,-117.99161107931286,14.15999997407198,6.2575364112854004,3.4400000274181366,3.2403629422187805
563,35.7066650390625,33.977820217609406,-117.55016300082207,-118.06573944538832,1.6199997067451477,6.2723466753959656,3.0999999940395355,3.2528184056282043
863,34.048333000391722,33.912207834422588,-117.50416699051857,-118.03718858584762,4.1599997878074646,6.2817683815956116,3.0999999940395355,3.2486666142940521
1484,33.368600010871887,33.811095476150513,-116.41390001773834,-117.99270731443539,7.3000001907348633,6.2456470727920532,3.199999988079071,3.2393244802951813
1881,33.945000000298023,33.816493526101112,-116.36800003051758,-117.99553691595793,8.8000001013278961,6.2520360946655273,3.4999999701976776,3.2399133145809174
1038,33.001833021640778,33.810736030340195,-118.89983302354813,-117.9916081475094,5.7399997115135193,6.2574407458305359,3.5999999642372131,3.2403573989868164
206,35.889832019805908,33.868350028991699,-117.7245030105114,-118.0148172872141,2.9300004243850708,6.2968611717224121,3.2600000202655792,3.2477362453937531
392,35.571998953819275,33.977821856737137,-117.36000102758408,-118.06574010103941,2.2400003671646118,6.2723466753959656,3.0199999809265137,3.2528185844421387
870,33.23233300447464,33.810677021741867,-116.77849996089935,-117.9915859894827,11.389999911189079,6.2572324275970459,3,3.2403393387794495
397,35.877333045005798,33.977820217609406,-117.7165000140667,-118.06573943048716,2.9899996519088745,6.2723466753959656,3.4999999701976776,3.2528184056282043
2440,33.827999994158745,33.693536758422852,-118.37700000405312,-117.9595531783998,7.5,6.0999244451522827,3,3.2180507183074951
1028,32.024832963943481,33.81077678501606,-116.91299998760223,-117.99162474367768,9.60999995470047,6.257588267326355,3.2299999594688416,3.2403700053691864
1485,32.932700037956238,33.835644751787186,-116.24349999427795,-118.00594184268266,16.19999997317791,6.2297183275222778,3.3999999761581421,3.2390828132629395
960,32.44350004196167,33.865090429782867,-116.01866698265076,-118.01337170042098,0.54000020027160645,6.2899401783943176,3.0500000417232513,3.2470884919166565
1570,33.988199999555945,33.815635472536087,-118.0671000033617,-117.98523703962564,15.400000009685755,6.3979339599609375,4.1999999955296516,3.2521660923957825
1895,33.883900001645088,33.816794440150261,-116.78610002994537,-117.99566672695801,17.899999916553497,6.2527540326118469,3.7999999970197678,3.2399777770042419
2146,34.362100005149841,33.690079361200333,-116.87779998779297,-117.95868238061666,5.899999737739563,6.0971063375473022,3.3999999761581421,3.2174282670021057
804,35.673833012580872,34.076703250408173,-117.48933297395706,-118.11440856009722,9.2299997806549072,6.1725926399230957,3.0999999940395355,3.2492595613002777
1751,35.431300044059753,33.811594069004059,-118.40139999985695,-117.9924551085569,9.9999998509883881,6.2543204426765442,4.2999999895691872,3.2400509119033813
502,35.914332985877991,33.977821841835976,-117.71749898791313,-118.06574008613825,2.3500004410743713,6.2723466753959656,3.5999999642372131,3.2528185844421387
779,35.655500054359436,34.076703444123268,-117.53633299469948,-118.11440863460302,7.5999999046325684,6.1725926399230957,3,3.2492596507072449
1863,32.705000042915344,33.816481247544289,-116.02699995040894,-117.99552873522043,2.5000002980232239,6.2520682811737061,3.199999988079071,3.2399155497550964
200,35.685165047645569,33.868350028991699,-117.52383399009705,-118.0148172872141,6.5700003504753113,6.2968593835830688,3.0999999940395355,3.2477362453937531
2182,33.333599984645844,33.688962370157242,-118.9718000292778,-117.9585117995739,6.9999995827674866,6.093117892742157,3.4999999701976776,3.2170239686965942
2088,35.592300057411194,33.678169101476669,-117.53900000452995,-117.95620226114988,5.3000003099441528,6.0574409365653992,3.6999999582767487,3.2136222124099731
2279,34.990000009536743,33.693578362464905,-119.45799994468689,-117.95955804362893,15.100000002421439,6.0997045040130615,3,3.2180464267730713
1796,32.744500041007996,33.816725209355354,-117.3604000210762,-117.99564350349829,9.9999998509883881,6.2507262825965881,3.0999999940395355,3.2398516237735748
378,35.901165008544922,33.977820217609406,-117.6786650121212,-118.06573944538832,2.0600000023841858,6.2723457813262939,3.0299999713897705,3.2528183162212372
2338,35.996999979019165,33.69369313120842,-117.87100000679493,-117.95958036929369,3.1999996304512024,6.1004224419593811,3,3.2181011438369751
418,35.862334966659546,33.977832479402423,-117.68483000993729,-118.06574563682079,7.4500000476837158,6.2723511457443237,3.2999999821186066,3.2528191208839417
1698,34.432700008153915,33.81619656085968,-119.01250004768372,-117.99406216898933,25.699999630451202,6.2622731924057007,3.4999999701976776,3.2410044372081757
391,35.780833959579468,33.977820217609406,-117.615837007761,-118.06573943048716,7.3299998044967651,6.2723466753959656,3.070000022649765,3.2528183162212372
1522,35.487900018692017,33.817923367023468,-118.44499999284744,-117.99515919946134,3.1999996304512024,6.2570732831954956,3.6999999582767487,3.2406914234161377
1162,35.994099974632263,33.808039903640747,-117.91830000281334,-117.99038866441697,3.4000003337860107,6.2527021765708923,3.0999999940395355,3.2398992776870728
1495,35.035199999809265,33.843568399548531,-119.04530000686646,-118.00881598424166,16.899999976158142,6.2420091032981873,3.6999999582767487,3.2405953109264374
2027,35.388000011444092,34.100323252379894,-118.625,-118.11645493656397,3.6000001430511475,6.3985991477966309,3,3.2684416472911835
1152,34.758499979972839,33.810776397585869,-118.44350001215935,-117.9916234286502,11.999999955296516,6.2575462460517883,3.0999999940395355,3.2403679490089417
1367,33.960999999195337,33.808760851621628,-116.13199996948242,-117.99077410437167,6.8999996781349182,6.2602329254150391,3.199999988079071,3.2403634786605835
64,33.59400001168251,33.868317991495132,-117.26999998092651,-118.01480667851865,13.689999952912331,6.2968164682388306,3.9599999785423279,3.2477299869060516
2062,35.347000002861023,33.805768877267838,-117.19300001859665,-117.99136210046709,5.6000000238418579,6.2341600656509399,3.199999988079071,3.2379070222377777
1180,33.760299995541573,33.865786463022232,-116.11749994754791,-118.01363035012037,16.500000022351742,6.291203498840332,3.3999999761581421,3.2472342252731323
492,35.677834033966064,33.977832464501262,-117.59700000286102,-118.06574560701847,5.4699996113777161,6.2723511457443237,3.2999999821186066,3.2528191208839417
379,35.570000052452087,33.977820217609406,-117.40666997432709,-118.06573943048716,6.4899998903274536,6.2723466753959656,3,3.2528184056282043
2236,34.845000028610229,33.693578362464905,-116.35199999809265,-117.95955803990364,7.5,6.0997045040130615,3.2999999821186066,3.2180463373661041
763,35.655833959579468,34.076703429222107,-117.52349901199341,-118.11440863460302,1.5699997544288635,6.1725926399230957,3.3400000333786011,3.2492595613002777
2265,33.47299998998642,33.693420916795731,-116.58899998664856,-117.95953062549233,15.200000004842877,6.0992002487182617,5.2000000029802322,3.217995285987854
791,35.698001980781555,34.076703414320946,-117.48816698789597,-118.11440861970186,8.7700000405311584,6.1725926399230957,3.3999999761581421,3.2492596507072449
1076,34.717000007629395,33.810131281614304,-116.03316700458527,-117.99138256628066,2.7700003981590271,6.2562042474746704,3.3099999725818634,3.240225613117218
878,34.703999996185303,33.8105598539114,-116.2861670255661,-117.99154964648187,1.5599995851516724,6.2567764520645142,3.9599999785423279,3.2402969598770142
337,35.557335019111633,33.977820217609406,-117.38666498661041,-118.06573944538832,-0.83000063896179199,6.2723457813262939,3.199999988079071,3.2528183162212372
2345,34.725000023841858,33.69369313120842,-116.30099999904633,-117.95958036929369,5.0999996066093445,6.1004224419593811,3,3.2181011438369751
1016,33.483833014965057,33.81076692044735,-116.80099999904633,-117.99161998275667,3.2699999213218689,6.257479190826416,3.3700000047683716,3.2403630316257477
1275,34.701799988746643,33.808733358979225,-116.27289998531342,-117.99075946118683,6.7999997735023499,6.2600952386856079,4.2999999895691872,3.2403546273708344
455,35.902667999267578,33.977821663022041,-117.72883599996567,-118.06574004143476,4.2900002002716064,6.2723457813262939,3.0299999713897705,3.2528185844421387
815,35.673832058906555,34.076703265309334,-117.51750200986862,-118.11440857499838,1.5699997544288635,6.1725926399230957,3.2899999916553497,3.2492595613002777
2319,34.222000002861023,33.682868421077728,-117.50900000333786,-117.95740605145693,10.899999886751175,6.0638469457626343,3.7999999970197678,3.2146044373512268
995,34.28600001335144,33.810725420713425,-117.05816698074341,-117.99160678032786,7.6999998092651367,6.2574470043182373,3.2099999785423279,3.2403558790683746
1981,33.281000018119812,34.161363318562508,-116.13950002193451,-118.14444291591644,18.400000110268593,6.3526949286460876,5.2000000029802322,3.2682157158851624
201,35.635334014892578,33.868349596858025,-117.58333599567413,-118.01481692958623,11.25,6.296846866607666,3.0999999940395355,3.2477354407310486
161,35.856834053993225,33.868350118398666,-117.68599700927734,-118.01481733191758,3.6799997091293335,6.2968611717224121,3.070000022649765,3.2477362453937531
1579,34.014999999664724,33.815748557448387,-117.18400001525879,-117.98526479117572,6.8999996781349182,6.3983398675918579,3.5999999642372131,3.2522095441818237
2457,34.633000016212463,33.700623512268066,-116.36099994182587,-117.96064441278577,7.3000001907348633,6.1332106590270996,3.9999999850988388,3.2209292650222778
702,35.86566698551178,33.977796379476786,-117.65266698598862,-118.06572625786066,15.109999997075647,6.2723618745803833,4.0100000202655792,3.2528194785118103
1500,33.106100022792816,33.812889263033867,-116.49580001831055,-117.99319688975811,13.900000043213367,6.2536579370498657,3,3.2400446534156799
1129,35.728500008583069,33.81071774661541,-117.5649000108242,-117.99160311836749,4.699999988079071,6.257413923740387,3.2999999821186066,3.2403534650802612
1021,33.373499989509583,33.810754135251045,-116.28483295440674,-117.9916175538674,13.640000000596046,6.2575533986091614,3.0099999904632568,3.2403654456138611
1585,32.240200042724609,33.816629841923714,-116.55390000343323,-117.98553315829486,9.2000001668930054,6.4017874002456665,3.5999999642372131,3.2525387406349182
1955,35.120599985122681,33.816006854176521,-118.98309999704361,-117.99529859563336,10.999999791383743,6.2506824731826782,4.8000000044703484,3.2398077249526978
2254,33.263999998569489,33.69369313120842,-116.14199995994568,-117.95958036929369,5.5000001192092896,6.1004224419593811,3,3.2181011438369751
34,34.278833001852036,33.868328019976616,-119.28750002384186,-118.01481138635427,11.509999930858612,6.2968254089355469,3.5999999642372131,3.2477311491966248
775,35.671165943145752,34.076705262064934,-117.47166401147842,-118.11440926790237,7.1099996566772461,6.1725926399230957,3.4999999701976776,3.2492596507072449
1478,34.335999995470047,33.813336595892906,-116.4559999704361,-117.99355618655682,3.1999996304512024,6.2493994832038879,3,3.2397571206092834
1390,33.447099983692169,33.808759585022926,-116.4695999622345,-117.99077361263335,10.60000017285347,6.2602311372756958,3.4999999701976776,3.2403632998466492
2139,34.283699989318848,33.680146872997284,-116.83790004253387,-117.95711804181337,2.7000001072883606,6.05317622423172,3.9999999850988388,3.2135815322399139
1363,33.931599996984005,33.808759555220604,-118.40599998831749,-117.99077359773219,13.200000040233135,6.2602311372756958,3.6999999582767487,3.2403633892536163
2041,34.349400013685226,33.836307242512703,-119.46319997310638,-118.00699309399351,3.6000001430511475,6.2292909622192383,3.9999999850988388,3.2388200461864471
241,35.724498987197876,33.868350148200989,-117.53016701340675,-118.014817324467,8.6599999666213989,6.2968611717224121,3.2299999594688416,3.2477362453937531
2061,34.050000000745058,33.805773079395294,-117.25999999046326,-117.99136421270669,12.400000020861626,6.2341663241386414,3.2999999821186066,3.237907737493515
2370,35.087000012397766,33.692834436893463,-117.52000001072884,-117.95943985506892,2.1999996900558472,6.0965529084205627,3.199999988079071,3.217754065990448
600,35.877333045005798,33.97783393971622,-117.704499989748,-118.06574620306492,10.990000069141388,6.2723511457443237,3,3.2528192102909088
2443,34.605000019073486,33.693536758422852,-119.067999958992,-117.95955313742161,11.599999889731407,6.0999253392219543,3,3.2180507183074951
1297,35.478000044822693,33.813390240073204,-118.30500000715256,-117.99238497717306,0.70000022649765015,6.2683528661727905,4.1999999955296516,3.2413334548473358
2215,34.166999995708466,33.693541169166565,-117.43599998950958,-117.95955361425877,7.3000001907348633,6.0997205972671509,3,3.2180393636226654
2068,34.057000000029802,33.816389501094818,-117.25800001621246,-117.99546236218885,10.60000017285347,6.2521165609359741,3.0999999940395355,3.2399243116378784
646,35.557167053222656,33.977754125371575,-117.38516700267792,-118.06570820510387,3.5100004076957703,6.2723690271377563,3.7800000160932541,3.2528172433376312
1528,35.202999949455261,33.817925676703453,-118.60299998521805,-117.99516394548118,6.3000002503395081,6.2572199106216431,3.4999999701976776,3.2406987547874451
1267,33.006399989128113,33.808725833892822,-116.4342999458313,-117.9907607017085,14.599999990314245,6.2601721286773682,3,3.2403563261032104
1899,32.654000043869019,33.815686702728271,-117.34600001573563,-117.99517908878624,5.9999996423721313,6.2499287724494934,3.2999999821186066,3.239731639623642
562,35.912166953086853,33.977820217609406,-117.71200001239777,-118.06573944538832,2.0999997854232788,6.2723457813262939,3.3899999856948853,3.2528183162212372
189,35.934165954589844,33.868343681097031,-117.69750198721886,-118.01481418032199,1.4800000190734863,6.2968522310256958,3.2199999690055847,3.2477352619171143
1806,34.617999970912933,33.88322826474905,-116.28100001811981,-118.02616017870605,12.899999991059303,6.2466645240783691,3.2999999821186066,3.2440585792064667
975,33.147832989692688,33.805424585938454,-116.47916698455811,-117.98954015411437,11.13999992609024,6.2536758184432983,3.9599999785423279,3.2396627068519592
2047,32.302999973297119,33.81609895825386,-117.87900000065565,-117.99535349104553,11.200000047683716,6.2514406442642212,3,3.2398563623428345
1082,34.363667011260986,33.940549310296774,-118.64933300018311,-118.05644910037518,10.289999842643738,6.2342968583106995,3.0999999940395355,3.2443143725395203
474,35.89033305644989,33.977833969518542,-117.72499999403954,-118.06574620306492,3.7799996137619019,6.2723511457443237,3.5699999928474426,3.252819299697876
747,35.703999042510986,33.977820232510567,-117.50250199437141,-118.06573944538832,7.2699996829032898,6.2723466753959656,3.5999999642372131,3.2528184056282043
2302,35.980000019073486,33.69369313120842,-117.85699999332428,-117.95958036929369,2.7000001072883606,6.1004224419593811,3.6999999582767487,3.2181011438369751
21,34.875167012214661,33.866209268569946,-117.39050000905991,-118.0140073094517,2.4000003933906555,6.2940323352813721,3.4999999701976776,3.2473607361316681
459,35.570498943328857,33.977834088727832,-117.51983600854874,-118.06574627757072,8.9000000059604645,6.2723511457443237,3.5200000405311584,3.252819299697876
1184,33.788599997758865,33.80799201130867,-116.96739995479584,-117.99036788195372,16.899999976158142,6.2522989511489868,3.5999999642372131,3.239871472120285
2326,35.91100001335144,33.682994723320007,-117.8830000013113,-117.95742869377136,0.70000022649765015,6.0646185278892517,5.2000000029802322,3.2146677374839783
955,33.177833020687103,33.808000907301903,-116.02916705608368,-117.99037278443575,8.9000000059604645,6.2525779008865356,3.5600000023841858,3.2398881912231445
1215,33.569700002670288,33.810724154114723,-118.37000000476837,-117.99160626251251,18.200000077486038,6.257445216178894,3.7999999970197678,3.2403557002544403
2441,34.819000005722046,33.693536818027496,-116.22000002861023,-117.95955316349864,5.9999996423721313,6.0999253392219543,3.2999999821186066,3.2180507183074951
1515,34.479000002145767,33.817892715334892,-116.26699995994568,-117.99515139125288,8.3000001311302185,6.2571591138839722,3.0999999940395355,3.2406918704509735
2399,34.384999990463257,33.693693190813065,-119.02100002765656,-117.95958039164543,7.8000001609325409,6.1004224419593811,3.0999999940395355,3.2181010544300079
769,35.771832942962646,34.076703421771526,-117.6178329885006,-118.11440861970186,2.5900000333786011,6.1725926399230957,4.2999999895691872,3.2492595613002777
1685,35.983100056648254,33.816200852394104,-117.29019999504089,-117.9940643706359,9.9999998509883881,6.2622785568237305,4.9000000208616257,3.241005152463913
130,35.607833027839661,33.868317574262619,-117.47566699981689,-118.0148065071553,8.4800000488758087,6.2968182563781738,3.199999988079071,3.2477299869060516
2135,34.698000013828278,33.680146753787994,-116.30299997329712,-117.9571180306375,5.6000000238418579,6.05317622423172,3,3.2135815322399139
1482,32.983000040054321,33.789324909448624,-116.34700000286102,-117.97684956900775,14.299999997019768,6.3375306129455566,3.7999999970197678,3.2453907430171967
330,35.74683403968811,33.977832360193133,-117.5461660027504,-118.06574556231499,8.4999999403953552,6.2723493576049805,3.4999999701976776,3.2528192102909088
1238,33.930699996650219,33.808112666010857,-117.94559999927878,-117.99052944034338,16.799999959766865,6.2587934732437134,3.6999999582767487,3.2402157783508301
466,35.951167941093445,33.977821841835976,-117.70483401417732,-118.06574008613825,1.9200003147125244,6.2723457813262939,3.0999999940395355,3.2528185844421387
2169,34.052000001072884,33.68014669418335,-117.2509999871254,-117.95711801201105,15.200000004842877,6.05317622423172,3,3.2135815322399139
1638,33.929499998688698,33.816185623407364,-118.30790001153946,-117.99405794870108,10.60000017285347,6.2622526288032532,3.7999999970197678,3.2410022020339966
1095,35.460667014122009,33.856352493166924,-119.97566699981689,-118.01038320735097,8.1499998271465302,6.2827455997467041,3.5099999606609344,3.2457081377506256
1130,35.473099946975708,33.810758322477341,-118.42519998550415,-117.99161965865642,9.0999998152256012,6.2575614452362061,3.199999988079071,3.2403659820556641
1294,32.888499975204468,33.813385903835297,-116.23450005054474,-117.9923827718012,11.200000047683716,6.2683457136154175,3.6999999582767487,3.2413326501846313
860,32.822832942008972,33.86834380030632,-118.48283299803734,-118.01481424737722,8.3800001442432404,6.2968522310256958,4.2999999895691872,3.2477353513240814
