event_id,true_latitude_deg,predicted_latitude_deg,true_longitude_deg,predicted_longitude_deg,true_depth_km,predicted_depth_km,true_magnitude,predicted_magnitude
1681,62.058300018310547,62.064561724662781,-149.55509997904301,-149.37222580611706,57.199999690055847,82.584753632545471,4.2999999895691872,4.4313944354653358
1591,61.107900001108646,61.011209236457944,-150.71299999952316,-150.3974349796772,19.900001585483551,92.810623347759247,3,3.5149481892585754
1469,61.480500012636185,61.365603774785995,-150.02059999946505,-149.74781327694654,37.299998104572296,86.2993523478508,3.199999988079071,3.6479051113128662
438,60.394299983978271,61.20567025244236,-152.80169999599457,-148.70553481578827,8.7599977850914001,88.357079774141312,3.3999999761581421,3.2055132687091827
1791,61.729200005531311,61.527791261672974,-149.45620000362396,-149.46158811450005,34.500002861022949,76.258625835180283,3,3.4221938252449036
1885,62.556100010871887,62.593286275863647,-151.19069999456406,-150.32413818687201,91.099999845027924,69.339025765657425,3.0999999940395355,3.4800277054309845
2063,62.932000041007996,62.961496591567993,-150.89400002360344,-150.45292380452156,108.4000002592802,82.298006862401962,3.0999999940395355,3.2262144684791565
408,60.432699978351593,60.252249479293823,-152.7389999628067,-151.99659633636475,12.900002300739288,105.39287701249123,4.0999999791383743,3.6731386184692383
1281,61.486600011587143,61.219196557998657,-149.96449999976903,-149.73669900745153,44.39999908208847,90.808693319559097,3.0999999940395355,3.4432632923126221
2084,61.220400005578995,61.036177087575197,-150.44609999656677,-150.08092207834125,52.599996328353882,99.472895264625549,3.199999988079071,3.3021949231624603
1755,59.805899977684021,59.649598836898804,-152.90010005235672,-151.13642746210098,104.90000061690807,116.41361005604267,3.5999999642372131,3.8538988083600998
495,60.009599983692169,59.513326644897461,-152.77179998159409,-151.39321884512901,91.299999505281448,90.34111350774765,3.0999999940395355,3.1940039992332458
1538,62.333899974822998,62.254231214523315,-149.60269998013973,-149.53795865178108,50.999999046325684,81.771038472652435,3.8999999910593033,4.1899682655930519
1929,61.444999992847443,61.095514111220837,-152.38630002737045,-151.00714275240898,143.89999955892563,82.228317856788635,3.199999988079071,3.620509922504425
831,60.401400029659271,60.211428880691528,-151.63479995727539,-151.13693618774414,63.099998980760574,106.31074011325836,4.2999999895691872,3.8488217443227768
387,59.964499950408936,59.913256287574768,-151.96199995279312,-151.4512465596199,78.899998217821121,117.10650008171797,3.0999999940395355,3.5107911229133606
1541,60.902699999511242,60.857312217354774,-150.85970002412796,-150.29747327417135,34.699998795986176,84.687996655702591,3.2999999821186066,3.6733623147010803
426,62.819900035858154,62.871129870414734,-148.37589991092682,-148.72309237718582,61.099998652935028,56.057214736938477,3.7999999970197678,4.0262560844421387
168,62.925999999046326,62.9526447057724,-151.31189998984337,-151.041768014431,107.40000009536743,74.091270565986633,3.3999999761581421,3.5661149024963379
1456,61.495000004768372,61.292688608169556,-149.92150000110269,-149.55103746056557,36.399997770786285,87.723799049854279,3.6999999582767487,4.245965838432312
1569,62.326500058174133,62.191583633422852,-149.21699997782707,-149.35000030696392,37.500001490116119,72.107192128896713,3.0999999940395355,3.5449209809303284
351,62.865100026130676,62.797914743423462,-148.19699996709824,-148.56944382190704,66.599998623132706,72.115156799554825,3.8999999910593033,4.330519326031208
1560,59.840000033378601,59.528002858161926,-152.83999997377396,-151.59141057729721,101.90000012516975,86.792372167110443,3.0999999940395355,3.4905621707439423
1845,61.347600013017654,61.189920410513878,-150.16159999743104,-149.77872084081173,16.999997198581696,94.250151887536049,3.199999988079071,3.2803870439529419
275,60.334699988365173,60.203931570053101,-151.43639999628067,-151.00473430752754,58.399997651576996,91.646749526262283,3.2999999821186066,3.5530396699905396
528,60.832800000905991,60.979674562811852,-150.61270000040531,-150.23857773095369,45.100003480911255,95.428960397839546,3.8999999910593033,3.6598140299320221
1623,62.800400018692017,62.659803867340088,-151.87959998846054,-151.56514531373978,8.7999999523162842,110.09643319994211,3.6999999582767487,4.1417267024517059
1990,62.003100037574768,61.796997010707855,-147.34790003299713,-147.83673334121704,34.999996423721313,61.313405632972717,3.7999999970197678,3.8803797215223312
680,59.458500027656555,59.309261441230774,-152.10459995269775,-151.52056342363358,64.19999897480011,110.55527161806822,3.4999999701976776,3.5380042791366577
29,61.30579999089241,61.520012378692627,-152.26009994745255,-151.44794028997421,8.299998939037323,90.578671544790268,3,3.1052634716033936
596,62.928300023078918,62.770614981651306,-148.32270008325577,-148.39572215080261,71.899998933076859,71.662727743387222,4.2999999895691872,4.8527064844965935
281,59.872099995613098,59.716673612594604,-152.89649999141693,-152.26517289876938,94.000000506639481,77.446363866329193,3,3.4311318397521973
1612,59.27020001411438,59.052806377410889,-152.72300004959106,-151.37442719936371,86.19999885559082,70.593003183603287,3.2999999821186066,3.5619286894798279
1298,61.465000003576279,61.143108367919922,-150.04760000109673,-149.78040408343077,20.599998533725739,96.056422218680382,3.0999999940395355,3.3303115367889404
1465,61.419200003147125,61.349976599216461,-150.0817000027746,-149.29684594273567,37.199996411800385,77.675998210906982,3.199999988079071,3.9028573036193848
1817,60.371399998664856,60.088204860687256,-152.22630000114441,-151.058613717556,88.599998503923416,95.492923632264137,3.199999988079071,3.511088490486145
1564,61.457800000905991,61.276044875383377,-150.96860003471375,-150.36971904337406,63.400000333786011,95.123402774333954,3.0999999940395355,3.6899294257164001
432,62.979200005531311,62.652238368988037,-150.42499999701977,-150.35484351217747,101.29999928176403,76.516568660736084,4.8000000044703484,4.8547213822603226
1567,61.404100000858307,61.348148107528687,-150.88730004429817,-150.32959402352571,61.999998986721039,98.762478679418564,4.1999999955296516,4.4284684639424086
231,61.211600005626678,61.092385970056057,-151.21729999780655,-150.52432009577751,61.300002038478851,98.998174071311951,3,3.4601320624351501
1849,59.863700032234192,59.359291911125183,-152.93080008029938,-151.56074112653732,98.799999803304672,110.14939565211535,3.7999999970197678,3.7392192184925079
2110,61.987399995326996,61.901772379875183,-149.86989999935031,-149.61777614057064,40.799997746944427,70.245318114757538,3.0999999940395355,3.1900050938129425
2197,61.668299973011017,61.40517783164978,-149.4961000084877,-149.45685642957687,38.699999451637268,84.055636078119278,3,3.1386429369449615
111,60.533600002527237,60.102141082286835,-152.97849994897842,-151.1965257525444,130.10000018402934,81.825055181980133,3.0999999940395355,3.0798783302307129
1490,61.362500011920929,61.014130521565676,-150.05460000224411,-149.59498652815819,31.000003218650818,93.83818507194519,3.4999999701976776,4.1089609712362289
1669,60.144400000572205,60.374703288078308,-147.11970001459122,-147.76462197303772,17.099998891353607,63.359737396240234,3.0999999940395355,3.6304669976234436
2116,62.700199961662292,62.738000512123108,-149.18130004405975,-149.30846875905991,64.500000327825546,56.618086993694305,3.0999999940395355,3.3223382234573364
1602,59.232499957084656,59.080897569656372,-151.98409992456436,-151.08001014590263,50.800003111362457,110.77137850224972,4.2999999895691872,4.4644959736615419
1823,62.152500033378601,62.036781549453735,-151.19839999079704,-150.8359340429306,13.999998569488525,81.044737249612808,3.2999999821186066,3.4136125445365906
617,60.803800001740456,60.68215212225914,-147.76469993591309,-148.44019907712936,9.8000019788742065,90.770918875932693,3.3999999761581421,3.5048878490924835
1561,61.702600002288818,61.747218549251556,-152.0275000333786,-151.08743333816528,111.9999997317791,88.880199939012527,3,3.5776712000370026
1316,61.476700007915497,61.192009150981903,-149.93800000101328,-149.70997841656208,41.4000004529953,90.851880609989166,3.3999999761581421,3.8951510936021805
926,62.865000009536743,62.838184595108032,-148.15339994430542,-148.67903888225555,70.099998265504837,66.708281636238098,4.0999999791383743,4.8196541145443916
1644,61.587400019168854,61.274372190237045,-150.60149998962879,-150.28096510469913,7.7999979257583618,94.541171565651894,3.3999999761581421,3.6860580146312714
2195,62.406200051307678,62.19059944152832,-148.13730007410049,-148.39469808340073,44.200003147125244,88.991284370422363,3.0999999940395355,3.4043567776679993
923,61.780099987983704,61.65742039680481,-149.9836000003852,-149.74566648155451,39.499998092651367,76.687514781951904,3.0999999940395355,3.5084412395954132
2175,62.057500004768372,61.974253118038177,-149.82429999858141,-149.61705507338047,34.999996423721313,67.776259034872055,3.199999988079071,3.3445267081260681
1410,61.38730001449585,61.157595306634903,-149.92120000161231,-149.71452274918556,41.199997067451477,92.445071786642075,3.6999999582767487,3.7972212284803391
1244,61.489199995994568,61.167592644691467,-149.90110000222921,-149.76533368974924,37.199996411800385,95.85760161280632,3,3.4121318757534027
1709,62.228399991989136,62.132009744644165,-151.37139996886253,-150.72017432749271,86.500000208616257,77.125269919633865,3.9999999850988388,4.1964964494109154
939,62.741899967193604,62.739882230758667,-151.87410002946854,-151.4777863919735,10.700002312660217,97.184838727116585,3.3999999761581421,3.7472892701625824
1737,61.493600010871887,61.319334983825684,-151.29699996113777,-150.49367102980614,16.00000262260437,96.079925075173378,3.4999999701976776,3.7640546858310699
1536,62.034800052642822,61.991333365440369,-149.83729999512434,-149.60386723279953,38.40000182390213,77.553421258926392,3.4999999701976776,3.8876463621854782
134,61.98470002412796,61.937412559986115,-150.72200001776218,-150.2733256816864,59.699997305870056,85.179172456264496,3.0999999940395355,3.6605488657951355
179,60.680400013923645,60.486914157867432,-151.73360002040863,-150.90839204192162,75.39999857544899,76.122280210256577,3.199999988079071,3.2665958404541016
96,59.854599952697754,59.430927276611328,-152.77229994535446,-151.92627990245819,103.19999977946281,106.2832847237587,3.5999999642372131,3.8245264738798141
367,60.257799983024597,60.215893566608429,-152.15779995918274,-151.39404031634331,92.300001531839371,107.45376907289028,3.199999988079071,3.8464901000261307
1723,61.834299981594086,61.630852699279785,-147.93030005693436,-148.19858014583588,23.199997842311859,90.194199234247208,4.1999999955296516,4.460440780967474
2092,62.174299955368042,62.026052236557007,-149.37029998004436,-149.36034750938416,40.200002491474152,70.238769054412842,3.2999999821186066,3.632737934589386
2007,60.521200001239777,60.253752171993256,-152.18340003490448,-151.21590310335159,91.600000858306885,93.941768631339073,3.0999999940395355,3.1488223671913147
943,61.387800008058548,61.082869216799736,-149.92220000177622,-149.74732585251331,41.299998760223389,180.86367845535278,3.199999988079071,3.630841076374054
321,61.902599990367889,61.97976154088974,-149.24750000238419,-149.26685070991516,4.1999965906143188,74.665836989879608,3.199999988079071,3.1449385285377502
433,60.548599988222122,62.686444640159607,-150.73500001430511,-150.31579709798098,41.000001132488251,70.934467017650604,3.7999999970197678,4.6640134491026402
1494,61.433099985122681,61.157259896397591,-149.978900000453,-149.42065009474754,32.399997115135193,79.305592924356461,3.2999999821186066,3.8764291405677795
585,61.256500005722046,61.077859781682491,-150.43390001356602,-150.23534832894802,44.39999908208847,125.10037047468359,3.0999999940395355,3.679295539855957
1563,59.3125,59.25503408908844,-151.24160000681877,-151.09308940172195,45.400001108646393,116.00333265960217,4.2999999895691872,3.9749283045530319
2015,59.545300006866455,59.113350391387939,-152.53859996795654,-151.34033086895943,80.499999225139618,84.559407085180283,3.5999999642372131,3.5442493557929993
360,59.52400004863739,59.368566632270813,-151.05189996957779,-151.01124581694603,50.099998712539673,138.56458477675915,3.199999988079071,3.743016242980957
196,59.48360002040863,59.335679292678833,-151.59769999980927,-151.28383058309555,45.000001788139343,99.93274137377739,3.2999999821186066,3.5767128467559814
1588,59.438400030136108,59.087356567382812,-152.97870004177094,-151.59926515817642,88.799998164176941,75.604688376188278,3,3.2130495607852936
427,59.720299959182739,59.742104053497314,-151.04060000181198,-150.99518430233002,45.999996364116669,123.23881790507585,3.8999999910593033,3.9296141713857651
2166,59.946099996566772,59.632572650909424,-152.80650007724762,-151.95762169361115,92.500001192092896,90.327367186546326,3,3.094508171081543
1216,60.993199999909848,60.917164221405983,-150.94459998607635,-150.27453768253326,41.4000004529953,90.795442461967468,3,3.4495514631271362
73,59.868899941444397,59.466840744018555,-152.78460001945496,-151.60455965995789,96.300000324845314,90.943891555070877,3,3.40165776014328
233,60.344500005245209,60.368772804737091,-150.71809999644756,-150.47999100387096,65.49999862909317,88.730607181787491,3.3999999761581421,3.5870445370674133
353,60.271200001239777,60.102559268474579,-152.50340008735657,-151.65921771526337,95.100000500679016,128.9149415679276,3.7999999970197678,4.148717388510704
1671,59.254400014877319,59.084464907646179,-152.56010001897812,-151.1956427693367,63.999999314546585,92.793971300125122,3.9999999850988388,3.797829732298851
332,62.265499949455261,62.126241445541382,-147.27060002088547,-147.97942060232162,21.499998867511749,72.778370231389999,3.199999988079071,3.5632874071598053
1892,60.716399997472763,60.66591078042984,-150.57719998061657,-150.10525337979198,45.299999415874481,85.889454931020737,3.199999988079071,3.3730477094650269
416,62.109300017356873,62.10301148891449,-149.65040000528097,-149.32283543050289,45.699998736381531,89.285094290971756,3.2999999821186066,3.7251548767089844
2019,59.928699970245361,59.440106391906738,-152.84530001878738,-151.48969396948814,93.400001525878906,92.566486448049545,3.0999999940395355,3.1840010583400726
1549,60.431599974632263,60.493064045906067,-147.36639994382858,-147.95886701345444,4.5000016689300537,64.462926238775253,3.7999999970197678,4.3951177932322025
1731,62.012500047683716,61.871714234352112,-150.01890000002459,-149.65262369066477,42.000003159046173,71.967218071222305,3.3999999761581421,3.7985761910676956
1917,60.870000004768372,60.791942000389099,-147.4481999874115,-148.01839292049408,34.999996423721313,100.01749359071255,3,3.5022819042205811
361,61.066699996590614,60.97887634858489,-152.22259998321533,-151.18824505805969,112.59999964386225,105.85905611515045,5.0000000149011612,4.7976549714803696
1736,61.441900014877319,61.346649646759033,-151.35940003395081,-150.4385742098093,86.899999529123306,95.022620633244514,3.2999999821186066,3.6971827447414398
100,60.715299993753433,60.659393906593323,-151.55619996786118,-150.96622154116631,74.09999892115593,82.694079726934433,3.2999999821186066,3.6917539536952972
1134,61.419699996709824,61.164421781897545,-149.84820000082254,-149.64828034490347,39.300002157688141,94.079287722706795,3.6999999582767487,4.1048017591238022
1716,60.145399987697601,59.851035118103027,-152.45990002155304,-151.32132777571678,84.300000220537186,104.58789020776749,3.4999999701976776,3.683898389339447
2137,59.829399943351746,59.521594047546387,-152.21830004453659,-151.40999141335487,68.999998271465302,103.42505760490894,3.199999988079071,3.1161687076091766
1301,61.44200000166893,61.191415563225746,-150.00539999990724,-149.74271906912327,34.699998795986176,89.263614267110825,3.0999999940395355,3.6687085926532745
368,60.007600009441376,59.949776172637939,-152.5164999961853,-151.45239651203156,94.299999997019768,125.73541968595237,3,3.4082288146018982
817,59.34660005569458,59.155320048332214,-152.07209998369217,-151.51176273822784,54.999999701976776,96.825996413826942,3.6999999582767487,4.035565584897995
70,60.311999976634979,60.033585250377655,-152.30010008811951,-151.32010969519615,85.799999535083771,129.23883832991123,4.2999999895691872,4.4185130763798952
632,62.667899966239929,62.60077428817749,-149.6532000079751,-149.49645946919918,25.499999523162842,79.293277114629745,3.6999999582767487,4.0246476083993912
414,61.141200006008148,61.084053531289101,-149.22699996829033,-149.42812930047512,28.3999964594841,90.397190302610397,3.0999999940395355,3.4565882384777069
1654,60.555200010538101,60.480773270130157,-147.43029999732971,-147.90193247795105,16.599997878074646,186.79548054933548,5.3000000417232513,4.7421243712306023
1864,60.758599996566772,60.610932588577271,-151.73900002241135,-150.73995892703533,75.300000607967377,84.75852757692337,3.5999999642372131,3.9011165499687195
1641,62.452700018882751,62.458455681800842,-151.42709997296333,-150.92312890291214,83.500001579523087,82.895193248987198,3,3.5505232214927673
1094,61.545199990272522,61.411676824092865,-151.67929995059967,-150.85873362421989,87.600000202655792,92.521384358406067,3.6999999582767487,3.8461784720420837
240,61.948599994182587,61.79551637172699,-149.30300000309944,-149.35637077689171,43.399997055530548,74.336472898721695,3.8999999910593033,4.260513536632061
2127,60.109499990940094,59.611539840698242,-152.95029991865158,-151.62925708293915,127.40000011399388,86.017217487096786,4.0999999791383743,3.5375627875328064
1284,61.467799991369247,61.246843472123146,-149.9529000017792,-149.79636065661907,41.100002825260162,91.396704316139221,3.8999999910593033,4.2228940799832344
383,60.200299978256226,60.144641101360321,-151.72589993476868,-151.2825423181057,67.000001668930054,101.26331262290478,3.3999999761581421,3.4390972852706909
254,60.958700001239777,60.828569531440735,-151.76319998502731,-151.08092442154884,78.699998557567596,80.89243620634079,3,3.1232185363769531
1009,61.321599990129471,61.138275131583214,-150.07500000111759,-149.85000796616077,40.899999439716339,94.592669978737831,4.0999999791383743,4.0268216282129288
1702,60.423399984836578,60.466194629669189,-147.33479994535446,-147.99895977973938,20.000003278255463,99.308542907238007,4.3999999947845936,4.3561008051037788
1553,61.772800028324127,61.683310747146606,-151.38330003619194,-150.69504216313362,73.69999960064888,85.699897259473801,3.0999999940395355,3.6995576620101929
109,60.517100006341934,60.429175436496735,-151.80330008268356,-151.06603798270226,67.000001668930054,98.151316866278648,3.6999999582767487,3.687448650598526
1911,61.992299973964691,61.966938674449921,-149.5569000095129,-149.25449877977371,41.699998080730438,76.010279357433319,3.9999999850988388,4.3616898022592068
1513,62.739799976348877,62.828935861587524,-150.6327999830246,-150.21766079217196,81.799998879432678,56.92223459482193,3.0999999940395355,3.6556560695171356
67,61.018300000578165,60.987282492220402,-148.28299999237061,-148.72546872496605,31.800001859664917,83.672575652599335,3.8999999910593033,3.8840122371912003
705,59.502699971199036,59.360018730163574,-152.6013999581337,-151.40771734714508,83.299998193979263,106.44182004034519,3.7999999970197678,3.9684691429138184
1448,61.434799998998642,61.276625096797943,-149.92339999973774,-149.70460007339716,34.000001847743988,88.890332728624344,3.7999999970197678,3.9118421673774719
1337,61.446599990129471,61.312984734773636,-149.94030000083148,-149.43667732179165,32.099999487400055,82.990337163209915,3.3999999761581421,3.3982113003730774
561,60.121999979019165,60.108267426490784,-148.38419991731644,-148.75248330831528,25.899998843669891,77.916387468576431,3.3999999761581421,3.8935880362987518
282,61.289499998092651,61.160138800740242,-149.59009999036789,-149.46029618382454,35.599999129772186,91.56358614563942,4.5,4.4467779099941254
1927,62.343600034713745,62.039085268974304,-148.09389996528625,-148.22020661830902,39.899997413158417,96.12339548766613,3.0999999940395355,3.6294883489608765
1175,61.298099994659424,61.095291964709759,-150.08349999971688,-149.88598997890949,20.099997520446777,97.515232861042023,3.199999988079071,3.3668421506881714
1017,60.508799999952316,60.64216822385788,-149.51170000433922,-149.61807301640511,31.499996781349182,72.521928697824478,3.0999999940395355,3.4316360056400299
1835,59.948899984359741,60.040480256080627,-148.91909998655319,-149.3638804256916,10.999999940395355,82.18858391046524,3.4999999701976776,3.841673880815506
1128,61.379400014877319,61.371260553598404,-147.21280002593994,-147.63404792547226,9.9999979138374329,69.782167673110962,3.5999999642372131,3.8220221847295761
2057,59.329100012779236,59.066166162490845,-152.60360008478165,-151.40522119402885,70.000000298023224,78.300345689058304,3.0999999940395355,3.3135139346122742
1770,59.581900000572205,59.393269300460815,-152.62129998207092,-151.59925156831741,80.899998545646667,71.312401443719864,3.5999999642372131,3.6854075789451599
184,62.787299990653992,62.798626661300659,-148.91499996185303,-149.06852602958679,9.1999992728233337,47.693490982055664,3.0999999940395355,3.4147428274154663
1287,61.431499987840652,61.141825899481773,-149.97119999863207,-149.79404957592487,20.199999213218689,91.782808303833008,3.199999988079071,3.6757503747940063
905,60.907799996435642,60.856628373265266,-151.25380003452301,-150.54738830029964,68.900000303983688,88.298201560974121,3.4999999701976776,3.8685914576053619
1786,59.751199960708618,59.378573775291443,-152.54210007190704,-151.20477971434593,83.999998867511749,102.42632031440735,3,3.5733738541603088
1132,60.069700002670288,59.956017374992371,-152.50239998102188,-151.50489288568497,95.69999948143959,77.718954533338547,3.2999999821186066,3.5416279435157776
507,61.483799993991852,61.341470420360565,-149.78100000321865,-149.6765626296401,30.799999833106995,88.203344494104385,3.7999999970197678,3.6939897537231445
1010,61.474400013685226,61.099490500986576,-150.11180000379682,-149.87625599652529,32.300002872943878,96.605692058801651,3.0999999940395355,3.4167840778827667
251,59.805600047111511,59.70114541053772,-152.6340000629425,-151.7271716594696,87.200000882148743,106.15604743361473,3.4999999701976776,3.6535976529121399
1036,61.541100025177002,59.114255309104919,-151.78359997272491,-151.7067779302597,51.500000059604645,94.781782478094101,3.7999999970197678,3.0833421349525452
1778,59.242900013923645,59.04871392250061,-152.79370003938675,-151.46322092413902,84.100000560283661,69.671228528022766,3.0999999940395355,3.4617016911506653
1083,61.404100000858307,61.113324262201786,-149.96349999960512,-149.81666557118297,19.599996507167816,113.46875037997961,3.2999999821186066,3.4722620844841003
1233,61.450399994850159,61.156009197235107,-150.07719999924302,-149.78474266827106,19.599996507167816,96.858395263552666,3.199999988079071,3.2292329370975494
135,62.557500004768372,62.371114730834961,-149.2165000140667,-149.26512823998928,66.500000655651093,82.823093980550766,3.3999999761581421,4.2108780518174171
1854,61.126499995589256,60.935573063790798,-149.17490002512932,-149.37625028192997,35.099998116493225,95.982087776064873,3.7999999970197678,4.0599700659513474
1953,59.805999994277954,59.370044827461243,-152.99469995498657,-151.91986513137817,100.60000047087669,58.103829622268677,3,3.4735087752342224
527,60.768999993801117,60.886097177863121,-149.61359998583794,-149.81434842199087,26.900000870227814,96.076367422938347,3.4999999701976776,3.7712881118059158
247,61.750199973583221,61.657597601413727,-150.44970001280308,-149.90548221766949,59.10000205039978,79.137790948152542,3.2999999821186066,3.708455353975296
350,62.153499960899353,62.217325448989868,-152.09209996461868,-151.11795482039452,104.6999990940094,98.22678379714489,3,3.2181857228279114
859,60.887199997901917,60.745259463787079,-149.08599999547005,-149.20299741625786,28.200000524520874,99.673524498939514,4.1999999955296516,4.1969233229756355
1761,59.667999982833862,59.535648345947266,-152.12520003318787,-151.31842830777168,63.299998641014099,85.580013692378998,3,3.5550481081008911
1575,62.902600049972534,62.7646564245224,-150.75720003247261,-150.3644834831357,90.599998831748962,64.866557717323303,4.5,4.3663058839738369
1113,61.468199998140335,61.133276641368866,-149.96069999970496,-149.68553870916367,37.600003182888031,102.19165869057178,4.3999999947845936,4.4592695832252502
1752,59.945799946784973,59.687875390052795,-152.66810005903244,-151.04314461350441,87.699998170137405,125.69876777706668,4.0999999791383743,4.431046212092042
1444,61.350400000810623,61.099626049399376,-150.08149999938905,-149.99255554424599,33.299997448921204,95.109254121780396,3.2999999821186066,3.6246151328086853
1412,61.402300000190735,61.134888336062431,-150.05790000222623,-149.72836853563786,40.899999439716339,96.441080793738365,3.7999999970197678,3.6335181891918182
128,61.92059999704361,61.91868644952774,-150.54399999976158,-150.1826261356473,58.600001037120819,70.411071181297302,3.3999999761581421,3.6498825252056122
1502,61.283300012350082,60.872102051973343,-149.90819999948144,-149.0987184047699,45.800000429153442,83.689749240875244,4.9000000208616257,4.829064354300499
2036,61.120999999344349,61.001342609291896,-151.47699996829033,-150.6732977181673,67.899998277425766,89.189581573009491,3.0999999940395355,3.3139936923980713
1263,61.489499986171722,61.220826670527458,-149.89710000157356,-149.62940508127213,40.600001811981201,88.845741003751755,3.7999999970197678,3.8358417749404907
1151,61.534099996089935,61.296911597251892,-149.96970000118017,-149.67304468899965,36.799997091293335,86.654104292392731,3.0999999940395355,3.5285718441009521
941,62.914499998092651,62.962990999221802,-151.25610002875328,-151.32510575652122,115.79999979585409,60.049466788768768,3.0999999940395355,3.4740001559257507
51,61.508599996566772,61.35023707151413,-149.94270000234246,-149.63957217335701,12.100003659725189,95.789870247244835,3.0999999940395355,3.3206343054771423
857,59.568699955940247,59.304481863975525,-152.66970008611679,-151.96800827980042,71.499999612569809,103.79907302558422,3.6999999582767487,3.980851337313652
694,61.342299997806549,61.17486546933651,-149.97990000061691,-149.71751191467047,43.799996376037598,95.176251605153084,4.8000000044703484,4.3598280809819698
1114,61.988600015640259,59.138248324394226,-149.37950000166893,-150.82284566760063,6.7000016570091248,114.94846176356077,3.4999999701976776,3.0152436196804047
552,60.005900025367737,59.846851348876953,-152.94309997558594,-152.04071581363678,112.30000015348196,91.114852577447891,3.2999999821186066,3.4539653956890106
1592,62.600000023841858,62.634624361991882,-151.17389997839928,-150.7853669822216,89.000001549720764,77.934715896844864,3,3.4969682693481445
599,60.141499996185303,60.131693720817566,-151.49020001292229,-150.98137664794922,45.19999772310257,116.08430463820696,4.9000000208616257,4.6203415095806122
771,60.354300022125244,60.138111352920532,-152.75760000944138,-151.79073750972748,127.89999996311963,89.535240083932877,3.199999988079071,3.5947980880737305
678,59.595100045204163,59.438685297966003,-152.67900002002716,-151.80099034309387,81.90000057220459,98.873995244503021,3.6999999582767487,4.0547381043434143
290,61.276800006628036,61.069955304265022,-150.10300000011921,-149.83505813777447,38.699999451637268,106.37060925364494,3.5999999642372131,3.6282058954238892
1102,62.054999947547913,61.79796826839447,-148.70269998908043,-148.96712359786034,39.599999785423279,105.76198250055313,3.2999999821186066,3.7293397486209869
1509,60.996100000105798,60.854335442185402,-151.10960000753403,-150.54155842959881,1.5999972820281982,79.31089773774147,3,3.2076119184494019
486,59.784199953079224,59.404147148132324,-152.208899974823,-151.38869261741638,71.199998259544373,93.552295118570328,3.0999999940395355,3.5726432204246521
1487,61.522599995136261,61.270092755556107,-149.91999999806285,-149.54379245638847,37.399999797344208,85.356369614601135,3.199999988079071,3.8240263313055038
2196,59.340999960899353,59.087172508239746,-152.30690002441406,-151.08512055873871,78.699998557567596,84.833104163408279,3.199999988079071,3.3533973097801208
554,61.403699994087219,61.237546026706696,-150.09939999505877,-149.96694503445178,37.799999117851257,101.81844420731068,3.4999999701976776,3.7163806557655334
1742,61.281100004911423,61.177042245864868,-151.21399998664856,-150.47911776602268,81.799998879432678,93.86618435382843,3.3999999761581421,3.7831195592880249
382,59.738600015640259,59.639585494995117,-151.9514000415802,-151.52874112129211,57.599999010562897,110.53463630378246,3.2999999821186066,3.2984848022460938
1646,60.896799996495247,60.925587311387062,-150.61360001564026,-150.02589416317642,127.0000000949949,100.3296785056591,3.0999999940395355,3.1190793514251709
1454,61.416599988937378,61.109401516616344,-150.072400001809,-148.98845860362053,42.700000107288361,69.988053292036057,3.9999999850988388,3.6982555389404297
1855,59.788100004196167,59.412784576416016,-152.65280002355576,-151.40774729847908,83.799999207258224,90.561076998710632,3,3.4161027073860168
298,60.254599988460541,60.321240723133087,-151.15539997816086,-150.78721913695335,57.300001382827759,98.224766552448273,3.199999988079071,3.3455936908721924
1468,61.41499999165535,61.226832211017609,-150.08590000122786,-148.84002193808556,30.400000512599945,64.708635210990906,3,3.4826853275299072
636,60.22460001707077,59.875702857971191,-151.81849998235703,-151.31035387516022,69.299999624490738,122.31525545939803,4.2999999895691872,4.447314664721489
1950,60.021399974822998,59.720629453659058,-152.99139994382858,-152.15875840187073,114.59999997168779,64.429696649312973,3.0999999940395355,3.5266857147216797
1745,62.226999998092651,62.047865033149719,-149.34510000050068,-149.45722733438015,41.699998080730438,79.933207482099533,4.1999999955296516,4.5908518452197313
1677,61.789399981498718,61.684590399265289,-150.78479996323586,-150.13470984622836,58.799996972084045,80.469608306884766,3.199999988079071,3.7839403599500656
303,59.919700026512146,59.677866458892822,-151.76859998703003,-151.46228465437889,54.600000381469727,128.41058033518493,3.4999999701976776,3.4546229839324951
1395,61.385800004005432,61.16877917945385,-149.99660000007134,-149.71033477038145,41.500002145767212,92.045918107032776,3.7999999970197678,3.7912782579660416
952,59.595499992370605,59.117674708366394,-152.88850003480911,-151.51758527755737,83.5999995470047,75.516343116760254,3,3.5225619077682495
1782,62.008299946784973,62.05500316619873,-152.38979995250702,-151.1323843896389,141.89999923110008,94.342401251196861,4.3999999947845936,4.7217323631048203
482,61.662599980831146,61.858841896057129,-151.80260002613068,-150.88800975680351,101.09999962151051,86.648371070623398,3,3.1629383862018585
188,62.14680004119873,62.292928457260132,-152.58319991827011,-151.99443590641022,0.90000033378601074,94.154242426156998,3.0999999940395355,3.2429949045181274
1724,61.721599996089935,61.630190312862396,-148.16829997301102,-148.56232810020447,0.10000169277191162,64.608804881572723,3.199999988079071,3.3131235837936401
849,59.94570004940033,59.846730947494507,-152.8332000374794,-152.00461184978485,98.799999803304672,97.7668147534132,3.199999988079071,3.6055140495300293
1978,62.530699968338013,62.478968858718872,-151.25909999012947,-150.64717184007168,85.799999535083771,77.554516494274139,3.199999988079071,3.7419896721839905
1034,61.501699984073639,61.186479613184929,-149.91820000112057,-149.81701837107539,38.199998438358307,91.020438820123672,3.0999999940395355,3.6457816958427429
1283,61.328399986028671,61.091954223811626,-149.97159999981523,-149.80199591070414,32.300002872943878,96.915444359183311,3.3999999761581421,3.9881019741296768
764,62.010400056838989,61.990701973438263,-150.01359999971464,-149.59455049037933,42.099997401237488,79.009994864463806,4.6000000052154064,4.4252028856426477
729,62.159199953079224,62.086579203605652,-149.36019998788834,-149.40010231733322,38.900002837181091,71.389950811862946,3.5999999642372131,3.672071099281311
48,60.254599988460541,60.276783883571625,-151.0911999642849,-150.67808344960213,56.400001049041748,115.29189068824053,3.8999999910593033,4.1099805682897568
1598,61.548399984836578,61.393091440200806,-149.9427999984473,-149.77962201833725,48.100002110004425,86.479842662811279,3.9999999850988388,3.9852244108915329
218,59.441900014877319,59.115424633026123,-152.68789994716644,-151.4303238093853,72.39999994635582,76.511811465024948,3.0999999940395355,3.4035496115684509
479,61.837700009346008,61.731549322605133,-150.76629996299744,-150.14279777929187,64.399998635053635,90.322703123092651,3.5999999642372131,3.774510070681572
944,60.603899985551834,60.496015071868896,-152.29419994354248,-151.67727363109589,104.00000028312206,87.6174196600914,4.0999999791383743,4.3949992842972279
1832,61.91949999332428,61.853544652462006,-151.74770003557205,-150.88315665721893,99.700000137090683,89.938804507255554,3.8999999910593033,4.141944631934166
120,62.921700000762939,62.903554081916809,-151.29420000314713,-151.26437312364578,120.39999989792705,67.399479448795319,3.0999999940395355,3.4074617028236389
1900,60.062300026416779,59.909272074699402,-151.44969999790192,-150.98741394281387,79.599998891353607,96.250100061297417,3.0999999940395355,3.3798113465309143
211,62.395099997520447,62.364380598068237,-151.07119998335838,-150.54926352202892,73.800001293420792,83.577588200569153,3,3.3619584739208221
707,61.736800014972687,61.587755024433136,-149.76380000263453,-149.54615892469883,43.49999874830246,80.851152539253235,3,3.125073105096817
721,62.885900020599365,62.83714747428894,-149.95250000059605,-149.74050425738096,79.199999570846558,53.733095526695251,3.7999999970197678,4.0296407639980316
56,59.027699947357178,59.042718172073364,-151.19000002741814,-151.01087880134583,28.899997472763062,81.891264766454697,3.199999988079071,3.4826257824897766
1307,61.325399994850159,61.11877515912056,-150.00490000017453,-149.80875458568335,33.900000154972076,97.316907718777657,3,3.3505083918571472
1619,61.687399983406067,61.468293368816376,-149.84329999610782,-149.60519072413445,28.700001537799835,80.976154655218124,3.4999999701976776,3.8269665241241455
1261,61.452600002288818,61.169731706380844,-149.95689999964088,-149.75921154767275,41.699998080730438,90.119548141956329,3,3.6401086449623108
1735,60.612300008535385,60.665495127439499,-148.90229997038841,-149.16412997245789,27.999997138977051,91.726720333099365,3.2999999821186066,3.6417887806892395
289,62.173799991607666,62.147813320159912,-151.10850003361702,-150.50123861432076,72.900000959634781,90.131916105747223,3.6999999582767487,3.7564679682254791
1909,60.635399997234344,60.670441627502441,-148.64659997820854,-149.0450068116188,16.699999570846558,100.28449818491936,3.199999988079071,3.5297837555408478
1546,62.708299994468689,62.780791759490967,-149.36289998888969,-149.47075563669205,55.799998342990875,50.46825110912323,3.0999999940395355,3.712033599615097
485,62.968899965286255,62.798097491264343,-150.40940000116825,-150.14708425104618,99.300000816583633,50.179995596408844,3,3.4425176382064819
1718,60.038900017738342,59.594956874847412,-152.88300007581711,-151.67547154426575,106.00000061094761,81.933807581663132,3.199999988079071,3.2709353864192963
535,61.798699975013733,61.768017709255219,-151.79989993572235,-151.02004417777061,107.99999907612801,99.973374977707863,4.1999999955296516,4.6527388170361519
1334,61.386900007724762,61.093007162213326,-150.00710000004619,-149.80176709592342,34.000001847743988,97.450889647006989,3.6999999582767487,4.2285022437572479
297,62.805600047111511,62.729829430580139,-148.96979999542236,-149.18712365627289,65.699998289346695,72.871692478656769,3,3.2906213700771332
1583,62.013399958610535,61.833636820316315,-149.58820000290871,-149.45517472922802,34.400001168251038,74.793640524148941,3.3999999761581421,3.8569569289684296
668,62.46399998664856,62.266512870788574,-148.26639997959137,-148.34652543067932,21.499998867511749,106.89167305827141,3.3999999761581421,3.6447263360023499
259,62.891899943351746,62.905304431915283,-149.02940002083778,-149.05133870244026,63.099998980760574,42.408868670463562,3.0999999940395355,3.67592453956604
2042,60.985500000417233,60.920515328645706,-150.91429996490479,-150.25497378408909,20.800001919269562,90.920649468898773,3.6999999582767487,3.737837165594101
519,62.94350004196167,62.951637148857117,-151.26309996843338,-150.74585728347301,104.80000078678131,63.333723694086075,3.0999999940395355,3.4984581470489502
1179,59.414700031280518,59.764307975769043,-149.067999958992,-149.76840054988861,20.000003278255463,84.500741213560104,3.9999999850988388,3.9232268482446671
1861,61.058100000023842,60.883577696979046,-150.19580000638962,-149.7385343760252,52.699998021125793,95.615694299340248,3.3999999761581421,3.9098267555236816
1027,61.516200006008148,61.265198886394501,-149.9096000008285,-149.59327612817287,38.599997758865356,87.209515273571014,3,3.4561439752578735
1684,62.18939995765686,61.806854844093323,-147.75870001316071,-147.94084596633911,15.900000929832458,68.377941846847534,3.199999988079071,3.4485998153686523
1576,62.841899991035461,62.828446269035339,-148.36409997940063,-148.57579725980759,64.500000327825546,64.560037106275558,3.9999999850988388,4.6143929064273834
44,61.288700014352798,61.156621158123016,-152.27660000324249,-152.06825530529022,6.5999999642372131,99.165530875325203,3.199999988079071,3.0439890325069427
163,61.948099970817566,61.797098815441132,-149.55289998650551,-149.4147320240736,55.900000035762787,77.829316258430481,3.2999999821186066,3.6320958137512207
1336,61.462000012397766,61.165889143943787,-149.94779999926686,-149.7691418454051,39.70000147819519,92.406567186117172,3.4999999701976776,3.9730123579502106
1841,61.474799990653992,61.429692029953003,-147.20110005140305,-147.62363362312317,21.499998867511749,28.350219130516052,3.8999999910593033,3.9479754567146301
1810,62.189599990844727,62.077554821968079,-149.98130000056699,-149.79501633346081,16.199998557567596,76.281428337097168,3.0999999940395355,3.6041162610054016
192,61.921999990940094,61.859631061553955,-150.90960001945496,-150.41777743399143,66.500000655651093,77.228531241416931,3.9999999850988388,3.8848573118448257
1572,61.426800012588501,61.21526363492012,-151.14629995822906,-150.29424896836281,50.700001418590546,96.744094043970108,3.5999999642372131,3.8442582786083221
1780,61.898899972438812,61.894736051559448,-152.09930008649826,-151.30854347348213,125.60000002849847,90.517185628414154,3.4999999701976776,3.7237472534179688
695,60.420400023460388,60.304474711418152,-147.6997999548912,-148.06628608703613,5.5000036954879761,90.310301631689072,4.0999999791383743,4.310376450419426
611,60.294000029563904,60.170460104942322,-151.32209998369217,-150.80500227212906,59.50000137090683,110.1345531642437,3.8999999910593033,4.010062113404274
1254,61.400099992752075,61.260863393545151,-150.05350000038743,-149.6314355134964,38.300000131130219,86.083196103572845,3,3.7770203500986099
1615,59.806399941444397,59.482656598091125,-152.94479995965958,-151.19995602965355,103.00000011920929,116.29272997379303,3.4999999701976776,3.9544402062892914
618,60.318599998950958,60.055545270442963,-152.23309993743896,-151.37964400649071,82.899998873472214,92.78237447142601,3.0999999940395355,3.2303492724895477
1223,61.380400002002716,61.107813768088818,-150.15610000491142,-149.83375565707684,20.199999213218689,93.899179250001907,3.3999999761581421,3.6581636667251587
1380,61.490399986505508,61.202577158808708,-149.90459999442101,-149.685212418437,30.900001525878906,90.460646897554398,3.199999988079071,3.486035943031311
69,61.649500012397766,61.658627927303314,-148.02310001850128,-148.3882874250412,17.30000227689743,38.733795285224915,3.199999988079071,3.6242823600769043
634,62.937399983406067,62.924309968948364,-148.32870000600815,-148.72515222430229,12.400001287460327,45.713938772678375,3,3.2326850295066833
480,62.976799964904785,62.904741406440735,-148.49750000238419,-148.72395023703575,4.0000006556510925,64.931891858577728,3.199999988079071,3.6185387670993805
1481,61.384600013494492,61.484641641378403,-150.01629999931902,-149.75324948877096,42.999997735023499,83.348017185926437,3.0999999940395355,3.4532890319824219
230,60.06580001115799,59.467345714569092,-152.99500000476837,-151.81997179985046,110.7999999076128,81.28703385591507,3.0999999940395355,3.3201428353786469
342,62.277699947357178,62.28970992565155,-151.00099995732307,-150.26676312088966,74.700001627206802,93.813715502619743,3,3.2650582194328308
1996,62.99810004234314,62.933523416519165,-151.04200002551079,-150.62542502582073,126.70000002253801,62.061354517936707,3.6999999582767487,3.8620642125606537
1700,60.498499989509583,60.142589867115021,-152.1739000082016,-151.01923209428787,81.999998539686203,96.9221331179142,3.2999999821186066,3.6637558043003082
1877,60.450999975204468,60.19678258895874,-152.12279999256134,-151.09197449684143,80.299999564886093,85.736662149429321,3,3.1597968935966492
538,61.684700012207031,61.71911895275116,-151.55119997262955,-150.91360768675804,72.200000286102295,89.935537427663803,3.0999999940395355,3.5883936882019043
1933,59.831500053405762,59.413634777069092,-152.94309997558594,-151.5754035115242,103.70000079274178,101.94339416921139,3,3.2225774824619293
239,62.902099967002869,62.681206583976746,-150.59260001778603,-149.8408362083137,102.90000028908253,67.378424108028412,4.6000000052154064,4.463153681717813
99,61.48769998550415,61.379838198423386,-149.92009999975562,-149.67039435356855,31.300000846385956,99.042238667607307,3.4999999701976776,3.7377749383449554
2065,60.313499987125397,59.718704223632812,-152.49279999732971,-150.78629100322723,109.20000076293945,93.137305229902267,3,3.2062061727046967
1653,60.067300021648407,59.883437275886536,-151.4286000430584,-150.98222145438194,78.000001609325409,105.3402628749609,3.0999999940395355,3.3359874486923218
1211,61.440600007772446,61.185513138771057,-149.88660000264645,-149.62474791705608,27.999997138977051,94.9898362159729,4.8000000044703484,4.8384091705083847
581,62.462599992752075,62.272281408309937,-148.87700003385544,-148.98037666082382,34.999996423721313,97.572252154350281,3.5999999642372131,3.6541836261749268
1989,62.208799958229065,62.39861273765564,-151.99979996681213,-150.85776007175446,106.00000061094761,95.326174050569534,4.3999999947845936,4.5345753282308578
1777,59.841799974441528,59.533259749412537,-152.86959993839264,-151.51177686452866,100.80000013113022,118.14718041568995,3.7999999970197678,4.0703951865434647
1628,62.159299969673157,62.126184105873108,-147.81760007143021,-148.14285904169083,38.500003516674042,96.799252554774284,4.0999999791383743,4.174656830728054
744,61.311599999666214,61.056212443858385,-149.97020000126213,-149.92331158742309,37.900000810623169,128.37720033712685,3,3.1800167262554169
124,62.148399949073792,62.156542897224426,-149.73880000412464,-149.4687711596489,44.699996709823608,79.270210117101669,4.1999999955296516,4.0747321397066116
1836,61.009999999776483,60.84073394536972,-147.45190000534058,-147.89534068107605,15.100002288818359,74.98718798160553,3.2999999821186066,3.6169871091842651
185,61.081500001251698,60.947078440338373,-152.22009998559952,-151.29397577047348,110.29999982565641,84.497813135385513,3.6999999582767487,3.8370814025402069
307,60.2810999751091,59.736692667007446,-152.97330003976822,-152.09029626846313,136.30000036209822,105.97855970263481,4.3999999947845936,4.337245836853981
1510,60.028299987316132,59.55893862247467,-152.8390000462532,-151.344702064991,93.199998140335083,102.95860469341278,3,3.45144984126091
65,59.906999945640564,59.578985929489136,-149.82299999892712,-150.62685017287731,0,147.63090573251247,3.0999999940395355,3.0161987543106079
532,61.155799999833107,61.088021412491798,-152.54269999265671,-151.49517148733139,139.39999975264072,78.729975968599319,3,3.3312665820121765
406,61.011199999600649,61.012409989722073,-148.93469998240471,-149.21989703178406,5.9000030159950256,85.702836513519287,3.4999999701976776,3.6448576748371124
1442,61.502099990844727,61.124240644276142,-149.97020000126213,-149.96606955863535,50.700001418590546,91.677363961935043,3.0999999940395355,3.4251036643981934
1413,61.38850000500679,61.082064419984818,-150.09819999709725,-149.44982153177261,37.399999797344208,80.344390124082565,4.5,3.9782695770263672
1963,62.955299973487854,62.923928141593933,-150.8337000310421,-150.08208391629159,104.6999990940094,41.543938219547272,3.2999999821186066,3.7065098583698273
1040,59.091400027275085,59.047272205352783,-152.4057000875473,-151.12192019820213,60.599997639656067,81.879455596208572,3.9999999850988388,4.1427741050720215
430,61.831700026988983,61.755533218383789,-147.57499998807907,-147.91355073451996,33.799998462200165,89.651159942150116,4.8000000044703484,4.9370263516902924
1200,61.513800024986267,61.201502129435539,-149.91249999962747,-149.78573139756918,37.600003182888031,92.629019170999527,3.199999988079071,3.4092228412628174
1457,61.42059999704361,61.257796585559845,-150.06340000033379,-149.59985594451427,35.199999809265137,86.393360048532486,3.2999999821186066,3.570669025182724
219,62.980599999427795,62.966909527778625,-150.28759999573231,-149.99128300161101,89.600000530481339,36.168232560157776,3.199999988079071,3.3935408592224121
1229,61.322299987077713,61.113677367568016,-150.00980000034906,-149.80709814280272,29.299996793270111,93.99120882153511,3.4999999701976776,3.6847226321697235
874,62.898399949073792,62.923222303390503,-150.50520001351833,-150.14732002839446,87.400000542402267,43.352112174034119,3.2999999821186066,3.6601291000843048
1189,61.441100001335144,61.145068868994713,-150.0819000005722,-149.78408861160278,20.000003278255463,94.830416142940521,3.199999988079071,3.3898943066596985
715,61.45320001244545,61.346759676933289,-151.92909997701645,-150.70123225450516,98.999999463558197,106.02435655891895,4.5,4.7489151880145073
212,60.02810001373291,59.888867616653442,-151.71570003032684,-151.22290393710136,72.200000286102295,112.90814820677042,3.3999999761581421,3.8627423644065857
2109,61.42960000038147,61.2644904255867,-151.01129999756813,-150.40900821983814,64.899999648332596,103.70113886892796,3.0999999940395355,3.1421756744384766
555,61.53710001707077,61.235054805874825,-149.94479999877512,-149.70939570665359,47.899998724460602,145.17746679484844,3.4999999701976776,3.4623487293720245
1659,61.747300028800964,61.582800567150116,-149.81390000134706,-149.60824356973171,44.699996709823608,76.50081068277359,3.0999999940395355,3.7061851322650909
1945,62.093199968338013,62.193457126617432,-151.11390003561974,-150.26897710561752,66.399998962879181,87.362039834260941,3.199999988079071,3.3838560283184052
1769,60.179899990558624,60.015847504138947,-152.42940008640289,-151.23520991206169,102.2999994456768,86.916655302047729,3.2999999821186066,3.7908471822738647
736,61.42849999666214,61.41547903418541,-147.15049999952316,-147.70578932762146,5.5000036954879761,41.471719741821289,3,3.2091679573059082
1514,61.385399997234344,61.209994554519653,-151.82929998636246,-151.11704170703888,111.39999981969595,88.615644723176956,3,3.8320408165454865
529,62.156599998474121,62.096806764602661,-151.20830002427101,-150.5084987282753,70.30000165104866,70.932962000370026,3.8999999910593033,4.0991664379835129
1801,59.877500057220459,59.740225076675415,-151.15689995884895,-150.96419924497604,41.199997067451477,137.84443773329258,3.2999999821186066,3.7798361331224442
210,61.753799974918365,61.689951837062836,-149.69640000164509,-149.48223571479321,46.700000762939453,65.725412219762802,3.0999999940395355,3.6335642337799072
1342,61.754599988460541,61.296783238649368,-150.16910000145435,-149.43518704175949,84.800001233816147,78.873023390769958,3.199999988079071,3.6142544746398926
299,61.401199996471405,61.270542412996292,-150.88900002837181,-150.5268062800169,62.299996614456177,100.12517124414444,3.9999999850988388,4.0194360315799713
306,59.47819995880127,59.342608571052551,-151.91970008611679,-151.39573726058006,70.500001311302185,97.803683951497078,3,3.2368479073047638
752,61.918200016021729,61.860233247280121,-151.35349997878075,-150.58148503303528,75.699999928474426,80.226622521877289,3.199999988079071,3.6946738958358765
921,61.133900001645088,61.022697055712342,-148.49070006608963,-148.97777912020683,7.3999986052513123,96.059948205947876,3,3.403789222240448
435,59.962800025939941,59.456820011138916,-152.92869991064072,-151.57315331697464,120.09999994188547,102.32635773718357,4.6000000052154064,4.3038328215479851
929,61.640799999237061,61.530064225196838,-147.90889996290207,-148.23502671718597,25.79999715089798,56.24978244304657,3.7999999970197678,4.2900845110416412
220,61.872500002384186,61.851000428199768,-148.03970003128052,-148.14569556713104,8.9000016450881958,48.664629459381104,3.6999999582767487,3.9465726613998413
1198,61.358799993991852,61.136262506246567,-150.04319999925792,-149.79601795971394,37.199996411800385,92.875655740499496,3.199999988079071,3.587507039308548
237,62.358000040054321,62.322259664535522,-150.91409996151924,-150.40202844142914,72.00000062584877,75.634442269802094,3.9999999850988388,4.1398486196994781
809,61.363999992609024,61.123973801732063,-150.06250000186265,-149.82693425193429,40.399998426437378,137.41728104650974,3.2999999821186066,3.6468876600265503
1446,61.459699988365173,61.219075754284859,-149.75500001013279,-149.78319800645113,52.799999713897705,89.39853310585022,3.0999999940395355,3.6435475945472717
354,61.526899993419647,61.380879402160645,-150.5443000048399,-150.11266896128654,65.099999308586121,121.17467354983091,3.9999999850988388,3.9654284566640854
988,59.019400000572205,59.042200088500977,-152.89770001173019,-152.2244074344635,60.999996960163116,73.473203927278519,3.2999999821186066,3.0750666260719299
1381,61.496899992227554,61.150066241621971,-149.93649999797344,-149.71657271683216,38.900002837181091,97.418297082185745,3.3999999761581421,3.297379195690155
986,60.681400001049042,60.787244707345963,-148.76549997925758,-149.24409753084183,37.900000810623169,98.911184817552567,3,3.1288381218910217
324,62.365700006484985,62.314487457275391,-149.12509998679161,-149.18167036771774,0.29999762773513794,88.675219565629959,3.4999999701976776,3.5258360803127289
2123,60.189199984073639,59.802008986473083,-152.72510004043579,-151.39741480350494,91.899998486042023,116.457749158144,3,3.0525451004505157
445,62.616199970245361,62.640368938446045,-151.36800000071526,-150.86086919903755,3.2000020146369934,68.044628947973251,3.8999999910593033,3.9150106161832809
13,62.261399984359741,62.191726446151733,-150.80630001425743,-150.34611144661903,67.099999636411667,70.706438273191452,3.0999999940395355,3.495754212141037
785,61.125900000333786,60.982202090322971,-150.58400000631809,-150.20288092643023,53.999997675418854,99.745847284793854,3.0999999940395355,3.222243458032608
296,62.497300028800964,62.325551986694336,-148.81510001420975,-148.96217545866966,41.000001132488251,82.519661635160446,3,3.6104907989501953
1375,61.500299990177155,61.073322311043739,-149.91009999811649,-149.91469459980726,38.999997079372406,95.591092482209206,3,3.7796678692102432
621,59.636399984359741,59.254863739013672,-151.8986000418663,-152.37774467468262,183.49999934434891,79.265892505645752,3.4999999701976776,4.0309484302997589
2070,62.952000021934509,62.985040783882141,-149.26799999177456,-149.49065083265305,70.999998599290848,20.976617932319641,3.199999988079071,3.7065764665603638
1800,62.395900011062622,62.609954595565796,-152.61959999799728,-151.98927676677704,7.7999979257583618,135.1896645501256,3.199999988079071,3.441462904214859
746,62.166399955749512,61.97928661108017,-148.12700003385544,-148.25018405914307,31.700000166893005,87.138678878545761,3.0999999940395355,3.4109750390052795
755,62.791399955749512,62.790914297103882,-148.78049996495247,-148.95055067539215,75.599998235702515,62.589820474386215,3.2999999821186066,3.7621053904294968
1411,61.389800012111664,61.184762507677078,-150.10770000144839,-149.69161272794008,20.199999213218689,92.450715601444244,3.0999999940395355,3.4450043141841888
1116,59.345499992370605,59.098834753036499,-152.59309995174408,-151.73568820953369,66.599998623132706,58.222375810146332,3.4999999701976776,3.7227318584918976
2117,62.981899976730347,62.981200098991394,-149.31420001387596,-149.49451021850109,75.699999928474426,22.559940814971924,3.0999999940395355,3.4298963248729706
1642,59.92550003528595,59.408095121383667,-152.99309992790222,-151.80146795511246,94.699999317526817,79.748481512069702,3,3.3421575129032135
1870,59.854900002479553,59.499432802200317,-152.61210000514984,-151.17035499215126,82.299999892711639,99.489679560065269,3.199999988079071,3.5372931361198425
2055,61.47299998998642,61.361961364746094,-152.2150000333786,-151.20705154538155,110.70000007748604,96.31667472422123,3,3.1721670627593994
976,60.663700014352798,60.596285283565521,-151.83479994535446,-150.95455884933472,78.999999910593033,76.262760907411575,3.0999999940395355,3.3319343626499176
1181,61.982299983501434,61.869591355323792,-151.07440003752708,-150.64682932198048,3.8999989628791809,107.90355317294598,3.199999988079071,3.4489202499389648
1086,62.208400011062622,62.171902298927307,-151.24700000882149,-150.59737792611122,76.600000262260437,93.004334717988968,3.9999999850988388,4.3419395796954632
203,60.342299997806549,60.015897154808044,-152.55970001220703,-151.41887640953064,98.799999803304672,100.91889835894108,3.0999999940395355,3.1482052803039551
2132,60.979599999263883,60.826338991522789,-147.15910005569458,-147.83842778205872,19.900001585483551,76.046343892812729,3.199999988079071,3.5943714380264282
1344,61.35479998588562,61.145192950963974,-149.99130000011064,-149.70626916736364,42.900003492832184,98.004356026649475,5.0000000149011612,4.9017182886600494
786,62.986999988555908,62.953356623649597,-148.83920001983643,-148.88266092538834,12.000001966953278,38.222640752792358,3.2999999821186066,3.7349171340465546
478,62.335899949073792,62.234762668609619,-149.72629999369383,-149.46567687392235,31.099997460842133,98.684040829539299,3.5999999642372131,3.8211198002099991
410,60.240599989891052,60.271854102611542,-152.38630002737045,-151.71404385566711,89.200001209974289,103.66983897984028,3,3.2877196669578552
2168,61.849799990653992,61.691874742507935,-150.47290000319481,-150.11478088796139,63.999999314546585,81.03802427649498,3.9999999850988388,4.024074912071228
316,60.03930002450943,59.876840233802795,-152.69310003519058,-151.73292285203934,104.59999926388264,96.864389255642891,3.2999999821186066,3.2659696340560913
1427,61.47350001335144,61.198013424873352,-149.92410000041127,-149.69076959788799,36.200001835823059,93.843787908554077,3.0999999940395355,3.3724344670772552
105,59.768800020217896,59.513954758644104,-152.68119996786118,-151.19052949547768,92.955999076366425,114.81572408229113,3.3999999761581421,3.8277647942304611
1196,61.405099987983704,61.12493097782135,-150.06169999949634,-149.82947043702006,35.899996757507324,92.849340289831161,3.3999999761581421,3.7785221189260483
121,62.315199971199036,62.278330564498901,-150.86910000443459,-150.32541728764772,68.500000983476639,70.32003253698349,3.6999999582767487,3.8265236914157867
807,60.767399996519089,60.820107758045197,-150.16340000554919,-150.01953333523124,41.79999977350235,94.184828922152519,3.3999999761581421,3.8412158042192459
1187,61.41159999370575,61.131699606776237,-150.10879999771714,-149.85899726673961,19.900001585483551,105.58034852147102,3,3.0662118494510651
2130,59.311900019645691,59.09505021572113,-152.03679996728897,-151.1904017329216,57.099997997283936,99.716287106275558,3,3.2538378238677979
1518,62.967900037765503,62.976800799369812,-150.32429999113083,-150.05466420762241,88.700000196695328,34.897670149803162,3.0999999940395355,3.699586808681488
1359,61.461499989032745,61.502398431301117,-149.95469999872148,-149.93761457875371,38.199998438358307,86.499553173780441,3.2999999821186066,3.5948495864868164
2048,61.969299972057343,61.659135460853577,-152.15689998865128,-151.16451215744019,125,103.27310115098953,5.2000000029802322,4.9801300764083862
115,59.930299997329712,59.701346158981323,-151.40720003843307,-151.0688324868679,44.100001454353333,145.89113928377628,3.0999999940395355,3.7427226305007935
76,59.515200018882751,59.630522489547729,-152.85180008411407,-150.82314303517342,106.10000044107437,83.437718451023102,3.0999999940395355,3.5277873873710632
1938,59.769299983978271,59.084496974945068,-152.90489995479584,-151.35534060001373,18.700003623962402,80.008015036582947,3.3999999761581421,3.6082354187965393
422,61.38289999961853,61.180862009525299,-149.79349999129772,-149.61587485671043,36.640003323554993,127.3814276792109,3.199999988079071,3.247636467218399
1193,61.397000014781952,61.102423287928104,-150.04160000011325,-149.86840476840734,20.199999213218689,106.19069263339043,3,3.2293360233306885
1982,60.197000026702881,60.061771810054779,-151.76600003242493,-151.16554033756256,70.599999278783798,109.32748578488827,3.3999999761581421,3.7250550091266632
2052,60.721399992704391,60.672703236341476,-151.81470000743866,-151.22990816831589,86.399998515844345,86.476404219865799,3.0999999940395355,3.1884142756462097
1391,61.393799990415573,61.093260511755943,-150.06519999727607,-149.91799995303154,37.799999117851257,95.211340114474297,3.2999999821186066,3.8085272312164307
1876,61.442699998617172,61.270455569028854,-150.97579997777939,-150.33846028894186,66.100001335144043,95.026733353734016,3.0999999940395355,3.6885073184967041
700,61.671999990940094,61.636110186576843,-151.37690001726151,-150.82818326354027,75.100000947713852,94.676114618778229,3.199999988079071,3.2769967317581177
798,61.642799973487854,61.531696975231171,-151.06260001659393,-150.35308080911636,68.799998611211777,89.930925518274307,4.0999999791383743,4.5376209989190102
942,59.930500030517578,59.814163684844971,-152.20349997282028,-151.29888877272606,80.60000091791153,124.1919138119556,3.7999999970197678,4.384184829890728
940,61.4932000041008,61.289845377206802,-149.85659999772906,-149.68015906959772,42.199999094009399,91.691836714744568,3.6999999582767487,3.629817008972168
994,62.174200057983398,62.074877262115479,-147.79539996385574,-148.07062768936157,34.199997782707214,89.343037456274033,3.8999999910593033,3.8813229203224182
1493,61.454299986362457,61.41186448931694,-150.04649999924004,-149.42879748344421,40.10000079870224,63.931737095117569,3.4999999701976776,3.5393842756748199
620,62.973399996757507,60.461798548698425,-148.46769994497299,-149.97224515769631,11.399999260902405,86.4078588783741,3.5999999642372131,3.0851629972457886
420,61.684300005435944,61.46536922454834,-149.91420000046492,-149.59102562069893,9.9999979138374329,138.24599049985409,3.6999999582767487,3.5914016962051392
997,60.710200011730194,59.205109596252441,-151.8863999247551,-151.58379453420639,170.00000178813934,69.091644138097763,3.9999999850988388,3.5434632897377014
1934,59.832800030708313,59.598435163497925,-152.88699996471405,-151.55932009220123,101.09999962151051,103.6249827593565,3.4999999701976776,3.6066133975982666
1732,60.495800018310547,60.543622076511383,-147.26079994440079,-148.16060078144073,8.6999982595443726,83.392839878797531,3,3.5194687843322754
1562,61.633000016212463,61.562902450561523,-151.54820001125336,-151.16800510883331,77.500000596046448,94.824343919754028,3.199999988079071,3.7461807131767273
178,59.521900057792664,59.36525285243988,-151.95909994840622,-151.15824910998344,58.600001037120819,98.726628348231316,3,3.1640211939811707
1828,61.749300003051758,61.653575003147125,-148.20350003242493,-148.53262263536453,12.100003659725189,82.758493721485138,4.1999999955296516,4.1081631481647491
613,61.496399998664856,61.16289222240448,-150.25159998983145,-149.85194209590554,61.800003051757812,93.771575018763542,3,3.3750911951065063
1673,61.08330000191927,60.933102138340473,-151.37949997186661,-150.40312211215496,66.700000315904617,90.068202465772629,3.2999999821186066,3.9006565064191818
2008,62.700999975204468,62.659050583839417,-149.44799999892712,-149.49335476756096,68.900000303983688,69.717682898044586,3.199999988079071,3.2060506939888
781,61.545799970626831,61.234463468194008,-149.91650000028312,-149.71130552887917,43.399997055530548,99.072063341736794,3.3999999761581421,3.2910175323486328
1137,61.471500009298325,61.26987636089325,-149.87779999896884,-149.77033862471581,48.600003123283386,88.801134377717972,3.7999999970197678,3.9051331579685211
651,62.472699999809265,62.305296540260315,-148.25250005722046,-148.12561225891113,21.399997174739838,114.96091075241566,3,3.3386236131191254
1018,61.053399998694658,60.916124083101749,-148.23649996519089,-148.83669850230217,10.300002992153168,124.24429308157414,3,3.1535324156284332
409,61.596499979496002,61.520496904850006,-148.25989991426468,-148.68159404397011,9.0999975800514221,42.330220341682434,4.1999999955296516,3.9086829274892807
1103,61.367500007152557,61.119315922260284,-150.05859999731183,-149.68125008046627,40.799997746944427,158.12762081623077,3.0999999940395355,3.4295203685760498
782,61.568499982357025,61.265510976314545,-149.94519999995828,-149.23895484209061,42.900003492832184,80.967061221599579,3.6999999582767487,3.3649405539035797
1942,59.292099952697754,59.117847681045532,-151.71940004825592,-151.14346343278885,23.999996483325958,64.026843756437302,3.199999988079071,3.6346555352210999
1594,60.578999996185303,60.488485217094421,-147.61329996585846,-148.10937470197678,6.5999999642372131,94.492362812161446,4.0999999791383743,4.523730562068522
450,62.921200037002563,62.91459858417511,-149.53570000827312,-149.40405808389187,59.399999678134918,37.667885422706604,3,3.2337032854557037
1714,62.043799996376038,61.886606156826019,-149.52530001103878,-149.35957708954811,19.900001585483551,68.894434720277786,3.0999999940395355,3.6061140596866608
1613,61.018500000238419,60.902624696493149,-147.60190004110336,-148.06713724136353,25.100000202655792,86.464527994394302,3.5999999642372131,4.2959988489747047
1078,61.236699998378754,61.137731835246086,-149.86389999836683,-149.73370333760977,40.50000011920929,96.919523552060127,3.199999988079071,3.6517782211303711
1330,61.335200011730194,61.156778618693352,-149.98379999957979,-149.69652801007032,40.200002491474152,91.685488820075989,3,3.7635887861251831
63,61.517300009727478,61.503149032592773,-150.69879998266697,-150.2281921505928,34.900002181529999,90.517047792673111,3.0999999940395355,3.2853789925575256
508,62.979599952697754,62.907791018486023,-150.53630000352859,-149.95854109805077,0.79999864101409912,40.050044655799866,3.199999988079071,3.6546297669410706
2191,61.930800020694733,61.898423135280609,-151.14919996261597,-150.63911703228951,67.499998956918716,86.696460843086243,3.2999999821186066,3.1774426102638245
1521,60.083500027656555,60.117802381515503,-150.45450000464916,-150.45008477568626,48.699997365474701,107.36951418220997,3.3999999761581421,3.698157012462616
1161,61.39190000295639,61.104887641966343,-150.08899999782443,-149.88425580784678,35.700000822544098,94.087939709424973,3.3999999761581421,3.6626212298870087
1058,62.320199966430664,62.031188011169434,-148.49750000238419,-148.88603916764259,44.900000095367432,78.914877027273178,3.2999999821186066,3.6648069620132446
1293,61.189400002360344,61.124318048357964,-149.96499999985099,-149.78723844140768,17.200000584125519,96.212496981024742,3.0999999940395355,3.4196830987930298
949,62.616700053215027,62.516572594642639,-151.36699998378754,-150.65009218454361,86.100000888109207,82.130677998065948,3.0999999940395355,3.6152617335319519
1347,61.483300000429153,61.223870977759361,-149.93619999848306,-149.54924355447292,51.299996674060822,93.872345983982086,5.0000000149011612,4.8387884572148323
1973,60.31470000743866,59.966040015220642,-152.5256000161171,-151.34772437810898,97.200000658631325,105.04727810621262,3.3999999761581421,3.4176194071769714
1111,61.875899970531464,61.627142012119293,-149.30290000140667,-149.36919857561588,6.8999975919723511,96.073620021343231,3.2999999821186066,3.8147526830434799
674,62.483299970626831,62.173014402389526,-148.25449991226196,-148.3272864818573,42.300000786781311,81.310614943504333,3.2999999821186066,3.6434018611907959
903,61.167899996042252,61.109117828309536,-151.26759999990463,-150.6348815113306,70.199999958276749,98.627228289842606,3.5999999642372131,3.8740192204713821
471,61.479900002479553,61.343031167984009,-149.90570000186563,-149.70049303025007,30.199997127056122,110.87040603160858,3,3.2217614650726318
1672,60.678000003099442,60.427088260650635,-151.22020000219345,-150.50450183451176,67.600000649690628,95.916323363780975,4.0999999791383743,4.4003472737967968
205,59.411200046539307,59.114003777503967,-152.96250003576279,-152.19688725471497,85.599999874830246,75.380470603704453,3.0999999940395355,3.2015030980110168
530,60.975999999791384,60.872053936123848,-147.27060002088547,-147.92763304710388,16.999997198581696,75.781252235174179,3.7999999970197678,4.1730834469199181
2073,60.804000005125999,60.62307146191597,-152.28999996185303,-151.32728192210197,102.09999978542328,73.262974619865417,3.199999988079071,3.2331410944461823
907,61.7189000248909,61.762604176998138,-152.07480007410049,-151.17803388834,123.60000004991889,94.599500298500061,3,3.6580794453620911
1890,59.072199940681458,59.105237722396851,-150.9451000392437,-150.97090503573418,29.200002551078796,94.788428395986557,3.199999988079071,3.627810537815094
1966,61.417600005865097,61.376705467700958,-151.64490008354187,-150.79173436760902,87.900001555681229,99.800864234566689,3,3.4125521779060364
670,62.47979998588562,62.322348356246948,-148.24979996681213,-148.29535639286041,20.800001919269562,121.28538894467056,3.199999988079071,3.3589522540569305
855,60.977099999785423,60.975592589005828,-147.05369997024536,-147.68759375810623,15.100002288818359,97.154326736927032,3,3.4574450254440308
1157,61.150800004601479,61.074083387851715,-151.15789997577667,-150.3849508613348,88.799998164176941,93.44177320599556,3.6999999582767487,3.847924992442131
23,62.64330005645752,62.666925549507141,-148.82389998435974,-148.91703781485558,32.099999487400055,80.273494124412537,3,3.8588692098855972
1871,59.854200005531311,59.536929368972778,-152.92199993133545,-151.67108738422394,101.29999928176403,81.457529217004776,3,3.2326992452144623
2004,60.7516999989748,60.556805402040482,-152.48430007696152,-151.4102595448494,124.30000002495944,76.711196452379227,3.2999999821186066,3.2953999042510986
985,60.605800002813339,60.412038922309875,-152.63320004940033,-151.55420833826065,118.19999990984797,82.362331449985504,3.5999999642372131,3.6231874823570251
198,62.762099981307983,62.931952834129333,-148.88870000839233,-148.81196549534798,2.8999969363212585,46.849355101585388,3.199999988079071,3.3127653300762177
49,59.257799983024597,59.060515284538269,-152.36189997196198,-151.37075632810593,84.699999541044235,75.079955160617828,3,3.5468601286411285
173,59.425899982452393,59.249662637710571,-151.5353000164032,-150.97873109579086,45.500002801418304,89.62704986333847,3.0999999940395355,3.4111433029174805
873,62.889899969100952,62.953400611877441,-150.45540001988411,-150.1261791922152,86.500000208616257,37.303589284420013,3.3999999761581421,3.7487738728523254
1508,61.010900000110269,60.811786130070686,-151.11640003323555,-150.54164206981659,4.0000006556510925,78.025881201028824,3.0999999940395355,3.2476674020290375
973,60.120599985122681,59.634239554405212,-152.82240003347397,-151.52226573228836,118.10000007972121,79.971957951784134,3.3999999761581421,3.5460832715034485
308,60.298699975013733,59.612857818603516,-152.98410004377365,-152.07751536369324,136.19699981063604,113.78451064229012,4.2999999895691872,4.4357553608715534
1315,61.457300007343292,61.19044853746891,-150.05450000055134,-149.69111359119415,21.399997174739838,93.43399852514267,3,3.3451521098613739
931,60.166999995708466,60.055380642414093,-152.72289991378784,-151.42558416724205,95.599999651312828,107.12552629411221,3.3999999761581421,3.708132416009903
829,59.798900008201599,59.738048315048218,-152.89359998703003,-151.86211717128754,106.20000027120113,111.59215681254864,3.5999999642372131,3.914595901966095
59,62.29229998588562,62.210909008979797,-148.84429997205734,-148.82110583782196,34.999996423721313,85.287988185882568,3,3.1728691756725311
71,62.966199994087219,62.951585531234741,-150.65760000050068,-150.28530945628881,110.70000007748604,57.280264794826508,3,3.2707773149013519
2091,62.726500034332275,62.790368556976318,-150.54480001330376,-150.15178051963449,86.500000208616257,62.508083879947662,3.2999999821186066,3.7314944565296173
1968,61.3716000020504,61.099857792258263,-150.10260000452399,-149.81821413338184,41.699998080730438,94.054555520415306,3.199999988079071,3.7635203450918198
1557,62.420400023460388,62.262598752975464,-149.21929997205734,-149.3355103880167,52.599996328353882,69.558333605527878,3.199999988079071,3.8589697033166885
1486,61.497299998998642,61.24439537525177,-149.96540000103414,-149.24710848927498,30.000001192092896,79.212278127670288,3.199999988079071,3.4905515313148499
759,60.893399998545647,60.997488768305629,-150.27130001038313,-150.15956971049309,48.299998044967651,95.720471814274788,4.0999999791383743,3.726762056350708
1320,61.541999995708466,61.255198955535889,-149.8522000014782,-149.57290953397751,47.600001096725464,88.750138878822327,3.8999999910593033,4.1184536218643188
1505,61.47859999537468,61.37605482339859,-149.92310000024736,-149.70841806381941,37.199996411800385,94.873368740081787,4.6000000052154064,4.2454907074570656
1185,61.340099990367889,61.125713810324669,-150.08060000091791,-149.79443523287773,19.900001585483551,99.99026358127594,3.199999988079071,3.2075398564338684
162,61.404199987649918,61.216893136501312,-150.68730001151562,-150.22805732488632,57.40000307559967,95.55773064494133,3.4999999701976776,3.7478728294372559
1531,61.317299991846085,61.372033685445786,-147.38309991359711,-147.78441596031189,20.199999213218689,45.705951750278473,3.9999999850988388,3.8618964850902557
1068,60.274200022220612,60.231976687908173,-150.933100014925,-150.45998767018318,51.399998366832733,87.225981056690216,4.3999999947845936,4.1244325786828995
1397,61.401300013065338,61.135575085878372,-149.96149999927729,-149.40583147108555,38.779996335506439,85.805434733629227,3.4999999701976776,3.6717879474163055
564,60.538599997758865,61.434954404830933,-147.3306999206543,-149.00198739767075,46.899996697902679,88.41300755739212,3.2999999821186066,3.0346981287002563
1764,60.207899987697601,60.088745296001434,-151.85009998083115,-151.10151439905167,66.899999976158142,79.010441899299622,3,3.5063780844211578
787,60.581099987030029,60.527534008026123,-150.59280002117157,-150.38081230223179,40.10000079870224,82.046601921319962,3,3.3839839696884155
256,61.458000004291534,61.228360339999199,-150.6921000033617,-150.18035205826163,41.79999977350235,98.542174324393272,3.8999999910593033,4.1425141096115112
1511,59.41509997844696,59.185652732849121,-152.01090002059937,-151.28305399417877,53.900003433227539,98.217727616429329,3.3999999761581421,3.769528716802597
2126,59.628999948501587,59.142438173294067,-152.64820003509521,-152.48029285669327,84.49999988079071,106.24565742909908,3.0999999940395355,3.033911257982254
440,62.647500038146973,62.494431495666504,-149.38590002059937,-149.31869731843472,65.799999982118607,69.909799844026566,3,3.5562907755374908
1362,61.472000002861023,61.223031342029572,-149.93419999815524,-149.63406383246183,40.399998426437378,88.237214833498001,3.199999988079071,3.7284004390239716
1958,62.969900012016296,62.940280795097351,-150.44690001010895,-150.11545567587018,99.500000476837158,72.099931538105011,3.0999999940395355,3.1418008804321289
2192,60.591500014066696,60.580470651388168,-150.21030000597239,-150.08941244333982,48.19999635219574,76.994959264993668,3.7999999970197678,3.6260604858398438
1022,59.994799971580505,59.693389654159546,-152.67959994077682,-151.66509175300598,103.9000004529953,77.275689691305161,3.7999999970197678,4.0369273871183395
2122,59.936499953269958,59.564141869544983,-152.70180004835129,-151.59386032819748,98.30000065267086,100.11056438088417,3.199999988079071,3.1265074610710144
2022,59.948799967765808,59.708809852600098,-152.66759991645813,-151.18914636969566,101.70000046491623,113.0981370806694,3.8999999910593033,3.8992335051298141
1278,61.461699992418289,61.122065924108028,-150.11640000343323,-149.79441428929567,29.299996793270111,96.160652115941048,3.4999999701976776,3.426823765039444
20,59.744799971580505,59.484162449836731,-152.72729998826981,-151.44445967674255,83.299998193979263,103.5008579492569,3.7999999970197678,3.8856697976589203
1419,61.407700002193451,61.297428131103516,-150.04330000095069,-149.63053802400827,34.209996461868286,89.119099080562592,3.4999999701976776,4.0855460464954376
1477,61.347099989652634,61.350766628980637,-150.02580000087619,-149.30883237719536,40.600001811981201,72.992980480194092,3.199999988079071,3.6614297032356262
1582,61.42739999294281,61.356025725603104,-152.62599992752075,-151.64179801940918,9.4999969005584717,94.994083046913147,3.2999999821186066,3.3402581512928009
381,59.673400044441223,59.708300113677979,-152.29999995231628,-151.72082877159119,69.699998944997787,98.535848781466484,3.0999999940395355,3.1450268626213074
1286,61.221200004220009,61.12710790336132,-149.94700000248849,-149.77441790699959,36.70000284910202,95.022328197956085,3.0999999940395355,3.5124351382255554
610,61.497999995946884,61.279551386833191,-149.90849999897182,-149.5755008161068,37.10000216960907,85.277814418077469,3.3999999761581421,3.7559444457292557
1887,61.367500007152557,61.332307815551758,-147.88479995727539,-148.3513251543045,16.599997878074646,64.036767929792404,3,3.1348308026790619
1037,60.445100009441376,60.523235589265823,-147.34780007600784,-148.08256334066391,5.3000003099441528,92.589560896158218,3.199999988079071,3.5984551906585693
686,60.329999983310699,60.219115912914276,-151.62949991226196,-151.30623149871826,61.099998652935028,105.29441572725773,3.9999999850988388,3.929667055606842
83,62.32449996471405,62.516026139259338,-148.41560000181198,-149.02561631798744,0,76.732128858566284,3.0999999940395355,3.6076313853263855
461,60.878499999642372,60.98534126020968,-149.84890000149608,-149.85710395127535,30.400000512599945,97.380921244621277,3.5999999642372131,3.9088137298822403
1004,61.277700006961823,62.887326598167419,-150.19990000873804,-150.46175663173199,46.700000762939453,65.324191004037857,3,3.1816377639770508
2079,60.041700005531311,60.042992174625397,-151.09540003538132,-150.67754021286964,64.899999648332596,107.67072066664696,3,3.1464759707450867
1727,61.796999990940094,61.697583079338074,-151.46960002183914,-150.68367719650269,10.200001299381256,88.878866285085678,3.4999999701976776,3.8700916618108749
1121,61.408499985933304,61.095840774476528,-150.02979999873787,-149.75721160322428,34.299999475479126,107.67922177910805,4.1999999955296516,4.0820271670818329
867,59.447900056838989,59.182957649230957,-152.57700008153915,-152.25347453355789,69.299999624490738,70.394005626440048,3,3.4928602874279022
1124,61.927999973297119,61.858076870441437,-149.82130000367761,-149.66216484457254,42.000003159046173,84.986645728349686,3.6999999582767487,3.8334028422832489
494,59.52049994468689,59.210655689239502,-152.07539999485016,-151.3163959980011,53.700000047683716,115.11978320777416,3.9999999850988388,4.1987259685993195
374,61.899100005626678,61.88332325220108,-150.77320003509521,-150.33109020441771,58.899998664855957,79.982269555330276,3.2999999821186066,3.6667671203613281
270,60.019599974155426,59.972553849220276,-151.52780002355576,-151.06117388606071,65.49999862909317,108.32073725759983,3.4999999701976776,3.8903755098581314
1851,59.860200047492981,59.0733802318573,-151.8396999835968,-152.14241015911102,61.399996280670166,112.15922236442566,3.2999999821186066,3.0176250636577606
741,62.971099972724915,62.8771812915802,-149.5925999879837,-149.53369054198265,78.000001609325409,45.178145170211792,3.5999999642372131,3.7524336576461792
836,61.012400000356138,60.863977178931236,-147.23350006341934,-147.74522441625595,15.600003302097321,76.834052801132202,3.199999988079071,3.6690986752510071
629,59.985299944877625,59.778638243675232,-151.76380008459091,-151.31144526600838,57.499997317790985,125.77838933793828,3.7999999970197678,3.9064492285251617
464,60.051800012588501,59.828230857849121,-152.92189997434616,-151.43187698721886,110.99999956786633,114.92966115474701,3.199999988079071,3.8776262104511261
1915,59.956500053405762,59.517104148864746,-152.95910006761551,-151.77352219820023,107.10000060498714,84.350138902664185,3,3.3852429986000061
514,61.541999995708466,61.347168654203415,-149.87020000442863,-149.71845493465662,37.600003182888031,95.005370676517487,3.3999999761581421,3.6462571620941162
601,61.877699971199036,61.850159645080566,-149.33329997956753,-149.16241416335106,0.20000338554382324,104.11623492836952,3,3.2464467287063599
429,60.953699998557568,60.952084369957447,-150.80759999155998,-150.29706674069166,65.900001674890518,99.683459848165512,3.2999999821186066,3.3403523862361908
2180,60.545100003480911,60.379167795181274,-151.54249995946884,-150.86456537246704,74.599999934434891,97.613701596856117,3.6999999582767487,3.7521355301141739
25,60.929300002753735,60.82740992307663,-147.38209998607635,-147.64323431253433,20.599998533725739,71.269083768129349,3,3.6155628561973572
1829,61.514400005340576,61.364037841558456,-148.82340002059937,-149.17801693081856,25.200001895427704,71.57466933131218,3.199999988079071,3.646673172712326
1499,61.559599995613098,60.887723848223686,-149.58709998428822,-149.41264410316944,28.700001537799835,76.234254986047745,3.0999999940395355,3.7065801322460175
458,62.349300026893616,62.333128690719604,-149.1520000398159,-149.21416747570038,0,100.5437932908535,3.0999999940395355,3.6672199666500092
1378,61.428799986839294,61.241830289363861,-149.99130000011064,-149.58906354010105,51.409997045993805,88.029365986585617,3.8999999910593033,3.8929260224103928
727,62.105800032615662,61.978670239448547,-149.53439998626709,-149.4555554240942,60.500003397464752,79.284772276878357,3.7999999970197678,3.9548104405403137
78,59.715199947357178,59.592368841171265,-150.53400000929832,-150.7859915792942,35.499997437000275,151.70232951641083,3.7999999970197678,4.0480615049600601
366,60.986200000159442,60.955054625868797,-151.00960001349449,-150.41409024596214,20.000003278255463,98.303968086838722,3.199999988079071,3.5394957661628723
1833,62.515300035476685,62.410740613937378,-151.27369996905327,-150.61269620060921,99.799999967217445,85.314780473709106,3.8999999910593033,4.0916251838207245
32,62.87279999256134,62.943934202194214,-150.55659998953342,-150.0616335645318,86.899999529123306,28.602071106433868,4.0999999791383743,3.9643325507640839
602,59.515400052070618,59.303099393844604,-152.39599996805191,-151.75753176212311,63.299998641014099,91.32867306470871,3.2999999821186066,3.6975710391998291
839,59.936300039291382,59.960248470306396,-149.63939999789,-149.78644931316376,7.7999979257583618,99.939994513988495,3.199999988079071,3.5138143301010132
647,59.858800053596497,60.163959801197052,-147.52870005369186,-148.30344343185425,5.3000003099441528,46.852253377437592,3,3.4690834879875183
1920,62.820999979972839,62.915517926216125,-149.56260001659393,-149.52424684166908,12.400001287460327,48.78060519695282,3,3.1896353960037231
930,61.092799998819828,61.005894390400499,-150.59619998931885,-150.15101433545351,53.900003433227539,94.82920914888382,3.3999999761581421,3.6552232503890991
812,60.589700013399124,60.402072429656982,-151.93900001049042,-151.27794769406319,100.50000064074993,83.751514554023743,3,3.5824970304965973
1862,61.045099999755621,60.952053256332874,-150.21739999204874,-149.81058000773191,49.599997699260712,95.003567636013031,3.3999999761581421,3.7112036347389221
1159,61.392199993133545,61.110991887748241,-149.9947000000393,-149.82047465443611,41.000001132488251,94.548583030700684,3.7999999970197678,3.8783003389835358
305,61.165099993348122,61.223785921931267,-151.95590007305145,-151.39686691761017,85.000000894069672,86.755618453025818,3,3.2345869839191437
209,61.276300013065338,61.059640377759933,-150.31980000436306,-150.00611337181181,45.619003474712372,98.70324470102787,3.2999999821186066,3.3346338272094727
1176,59.412799954414368,59.33221697807312,-151.60989993810654,-151.10616427659988,32.300002872943878,115.56135024875402,3.199999988079071,3.1406100690364838
1273,61.54119998216629,61.515386462211609,-149.64549998939037,-149.72451136261225,198.10000061988831,73.157444596290588,3.199999988079071,3.6125088930130005
2186,62.189800024032593,62.015943884849548,-150.57469998300076,-150.14893760159612,9.7000002861022949,74.236251413822174,4.1999999955296516,4.094424694776535
891,62.873600006103516,62.916299700737,-149.57600001990795,-149.55744557082653,77.100001275539398,40.250509977340698,3.9999999850988388,4.3867642991244793
543,60.926399998366833,60.967867158353329,-151.36829996109009,-150.67936939001083,84.49999988079071,93.006350100040436,3.199999988079071,3.4723343253135681
1694,60.437900006771088,60.4390709400177,-147.39389991760254,-148.0666943192482,5.5999979376792908,77.445227652788162,3.0999999940395355,3.4602940678596497
1466,61.403400003910065,60.779264613986015,-150.07149999774992,-149.80852713435888,46.700000762939453,87.952662259340286,3,3.1744975447654724
2200,60.078599989414215,59.806174993515015,-152.57109993696213,-151.11079582571983,104.59999926388264,94.359669834375381,3.3999999761581421,3.5047684013843536
483,60.623600006103516,60.629392296075821,-151.8040999174118,-151.00905016064644,73.100000619888306,84.236834198236465,3.9999999850988388,3.6757882833480835
1117,61.272799998521805,61.122528709471226,-149.93040000088513,-149.7316113486886,45.599997043609619,99.618285894393921,3.6999999582767487,3.8385725766420364
2177,60.776999995112419,60.634563028812408,-151.39500001072884,-150.77252492308617,65.49999862909317,81.203173846006393,3,3.0863104462623596
1234,61.505200028419495,61.237330630421638,-149.96459999866784,-149.85075717419386,52.000001072883606,86.805269122123718,4.0999999791383743,3.7398273646831512
998,61.455199986696243,61.190884590148926,-149.98650000058115,-149.82257146015763,38.000002503395081,96.684267744421959,3,3.1617366671562195
1545,59.875900030136108,59.728615999221802,-152.47919994592667,-151.44270783662796,80.299999564886093,114.33490086346865,3.4999999701976776,3.6585478484630585
411,60.741200000047684,60.770330801606178,-150.92640003561974,-150.61207723617554,58.499999344348907,95.325203612446785,3.199999988079071,3.4503251910209656
548,62.747099995613098,62.568358659744263,-148.70490002632141,-148.89123192429543,61.599999666213989,102.71709412336349,5.2000000029802322,5.2455154806375504
544,59.001799941062927,59.092526078224182,-151.2247000336647,-151.15147733688354,47.100000083446503,87.041094899177551,3.3999999761581421,3.7425621449947357
840,61.151099994778633,61.016003312543035,-150.10180000215769,-149.96098419371992,3.600001335144043,95.565447583794594,3.0999999940395355,3.6116850972175598
1231,61.401600003242493,61.095863714814186,-150.08750000037253,-149.87887811288238,19.599996507167816,95.842396840453148,3.3999999761581421,3.492683619260788
1926,62.471300005912781,62.398953557014465,-149.58310000598431,-149.50614166259766,56.299999356269836,72.131801396608353,3.8999999910593033,4.101955309510231
1556,61.241799995303154,61.029192296788096,-147.02940005064011,-147.42727464437485,4.5000016689300537,76.741334050893784,3.199999988079071,3.1309196949005127
792,60.931699998676777,60.911685712635517,-151.35570001602173,-150.71192027628422,68.599998950958252,88.668584823608398,3.2999999821186066,3.699137270450592
447,62.418900012969971,62.276566505432129,-149.53229999542236,-149.4422572106123,44.200003147125244,71.634095162153244,3.5999999642372131,3.8354892432689667
1194,61.482499986886978,61.166427865624428,-150.01190000027418,-149.79463291168213,19.599996507167816,93.748606741428375,3.199999988079071,3.4188399910926819
1992,62.972000002861023,62.933136105537415,-149.41380000114441,-149.45970587432384,76.400000602006912,40.140293538570404,3.199999988079071,3.6080492734909058
1358,61.479999989271164,61.32755708694458,-149.74540000408888,-149.48314788937569,44.79999840259552,80.399144440889359,3.199999988079071,3.6724981963634491
1543,59.545400023460388,59.790794372558594,-148.84929996728897,-149.9326577167958,32.600000500679016,131.93964818492532,3.199999988079071,3.0510454773902893
816,61.458799988031387,61.200113460421562,-149.93640000186861,-149.72480694204569,31.700000166893005,88.790502399206161,3.9999999850988388,3.8763722777366638
45,60.894599996507168,60.623417586088181,-151.32879996299744,-152.22008335590363,119.89999981597066,84.698371589183807,3,3.0250385999679565
1827,59.868499994277954,59.477170944213867,-152.9060999751091,-151.4442153275013,105.1000002771616,90.351328253746033,3.0999999940395355,3.2126441895961761
588,62.935999989509583,62.698846101760864,-147.2435000538826,-147.78067517280579,35.700000822544098,50.550602376461029,3.5999999642372131,3.1937954127788544
294,62.433300018310547,62.39755380153656,-150.57080000638962,-150.10650489851832,63.700001686811447,70.033315569162369,3.7999999970197678,3.8670285791158676
767,62.165799975395203,62.157058715820312,-152.08969992399216,-151.42064782977104,102.90000028908253,96.674034371972084,3.2999999821186066,3.5417433679103851
1846,61.471399992704391,61.145782247185707,-149.95299999788404,-149.79121736437082,39.800003170967102,97.327155992388725,3,3.2429952621459961
1754,62.181699991226196,61.455218136310577,-151.66910004615784,-149.18207851052284,86.500000208616257,109.76768843829632,3,3.3174827992916107
925,61.493099987506866,61.180567696690559,-149.94239999726415,-149.78711159527302,51.899999380111694,98.313385620713234,3.2999999821186066,3.7494634687900543
1708,60.930500000715256,60.681645452976227,-151.76499992609024,-150.65047703683376,83.900000900030136,81.77749440073967,3.5999999642372131,3.8900651335716248
436,59.869400024414062,59.541844129562378,-151.60430002212524,-151.23722112178802,52.299998700618744,123.13686695415527,3.199999988079071,3.69580078125
571,61.36939999461174,61.11942470818758,-150.0152000002563,-149.79872102290392,43.899998068809509,116.62937048822641,3.199999988079071,3.2391859889030457
393,59.603299975395203,59.447447299957275,-152.78269994258881,-152.18514651060104,86.59999817609787,77.658247202634811,3.0999999940395355,3.3306904435157776
1459,61.486000001430511,61.436209380626678,-149.91209999844432,-149.7067234441638,54.700002074241638,86.621098220348358,3,3.3919458389282227
534,59.885900020599365,59.779336452484131,-152.30930006504059,-151.35407200455666,84.300000220537186,133.96913651376963,4.0999999791383743,4.0174396187067032
30,59.89110004901886,59.488706350326538,-152.90279996395111,-151.57359534502029,111.70000024139881,78.350570052862167,3,3.134536474943161
2094,61.41100001335144,61.136140912771225,-149.84199999645352,-149.73166088014841,27.999997138977051,100.91677494347095,3.0999999940395355,3.1392497420310974
1340,61.470800012350082,61.435179173946381,-149.98320000059903,-149.65178820490837,40.10000079870224,84.130901843309402,3.199999988079071,3.8499315977096558
1047,61.513700008392334,61.265200585126877,-149.92090000212193,-149.74316880851984,41.100002825260162,89.438255876302719,3,3.4493629932403564
2204,60.14410001039505,59.694973587989807,-152.76559996604919,-151.339240193367,108.20000059902668,106.93943686783314,3.2999999821186066,3.1948134005069733
1865,61.831499993801117,61.733992040157318,-151.73699998855591,-150.879728525877,108.59999991953373,94.748599454760551,3.6999999582767487,4.1193476468324661
861,62.128900051116943,62.214303731918335,-150.27169999480247,-149.57335129380226,17.30000227689743,78.334711492061615,3.0999999940395355,3.6470849812030792
1898,59.988700032234192,59.778096199035645,-151.64800000190735,-151.11410120129585,55.699996650218964,119.92686009034514,3.3999999761581421,3.6467089354991913
344,62.129299998283386,62.099182963371277,-150.36519999057055,-150.01184173487127,53.599998354911804,78.172184526920319,3.6999999582767487,3.892255425453186
556,59.758599996566772,59.719316244125366,-152.62339997291565,-152.04189079999924,81.999998539686203,86.007356643676758,3.0999999940395355,3.3841220140457153
2151,60.104200005531311,59.75943922996521,-152.85259991884232,-151.96435743570328,112.39999998360872,61.663538217544556,3.4999999701976776,3.5493888258934021
1960,59.424200057983398,59.111424565315247,-152.58509999513626,-151.23432925343513,77.799998223781586,83.490557968616486,3,3.4115944504737854
2174,62.905900001525879,62.967214465141296,-151.12540000677109,-151.04601386189461,123.4000000404194,140.47776907682419,3,3.0776180326938629
352,62.532799959182739,62.427344560623169,-151.07309997081757,-150.39860107004642,83.500001579523087,75.599920004606247,3.2999999821186066,3.7329756617546082
91,59.971199989318848,59.699063062667847,-152.97339999675751,-151.91577994823456,126.30000000353903,88.562473654747009,3.3999999761581421,3.4140213131904602
845,60.146899998188019,60.339426040649414,-150.71890000998974,-150.55468636751175,59.900000691413879,104.50119897723198,3.0999999940395355,3.2290667295455933
1687,60.595099985599518,60.56790879368782,-150.64230000972748,-150.25523867458105,56.400001049041748,86.750026792287827,3,3.3933407664299011
932,62.718700051307678,62.82640016078949,-148.63079997897148,-148.83567363023758,63.599999994039536,44.717922806739807,3.7999999970197678,4.3684566132724285
808,62.391499996185303,62.195456027984619,-148.33919996023178,-148.26047211885452,29.200002551078796,98.945457488298416,3.199999988079071,3.6993134021759033
261,62.747900009155273,62.885203123092651,-148.99070003628731,-148.94115534424782,67.800000309944153,36.995068192481995,3.5999999642372131,3.9132392853498459
2189,62.914399981498718,62.973884105682373,-151.21080002188683,-151.34133410453796,107.89999924600124,136.88277546316385,3.0999999940395355,3.0251272022724152
582,62.080299973487854,62.066338419914246,-151.26340001821518,-150.58049190044403,75.300000607967377,79.952068626880646,3,3.3255403339862823
590,60.028699994087219,60.00286477804184,-151.60260003805161,-151.26200276613235,56.800000369548798,119.43732341751456,3,3.2737995386123657
567,61.845099985599518,61.213258907198906,-148.37690001726151,-149.74047392606735,78.299999237060547,135.03322657197714,3,3.0883880853652954
765,62.971400022506714,62.948647499084473,-148.85100004076958,-148.92677968740463,9.0999975800514221,38.799956440925598,3.199999988079071,3.6876468658447266
888,61.185699999332428,61.076045997440815,-149.18280002474785,-149.33084012567997,35.899996757507324,88.288489729166031,3.7999999970197678,3.9303207993507385
2156,59.352100014686584,59.114317536354065,-152.7775000333786,-151.90483349561691,72.200000286102295,78.400004655122757,3.199999988079071,3.1026589572429657
2183,62.842200040817261,62.806318879127502,-148.2807000875473,-148.65936380624771,73.800001293420792,59.708170592784882,4.0999999791383743,4.2626944184303284
1423,61.371300011873245,61.224215298891068,-149.710399992764,-149.46874523162842,35.199999809265137,87.866738438606262,4.3999999947845936,4.2234796956181526
300,61.364100009202957,61.415346771478653,-151.69879996776581,-151.02384656667709,87.699998170137405,100.85114650428295,3,3.4006237685680389
605,61.767199993133545,61.149804338812828,-151.66509997844696,-151.58646941184998,91.600000858306885,85.736148059368134,3.0999999940395355,3.7244135141372681
999,61.71969997882843,61.588640034198761,-150.89039996266365,-150.05059802345932,63.099998980760574,86.624022573232651,5.2000000029802322,5.0297617614269257
1647,60.842099994421005,60.711130261421204,-151.61630004644394,-150.70228140056133,73.399998247623444,76.289214193820953,3.2999999821186066,3.7607814967632294
315,62.335800051689148,62.193553686141968,-149.59839999675751,-149.43982802331448,44.299997389316559,94.971535727381706,3.7999999970197678,4.2927225306630135
1622,59.178400039672852,59.045552372932434,-152.91100001335144,-151.51210981607437,72.900000959634781,81.124678254127502,3.199999988079071,3.5406439304351807
453,61.00760000012815,61.021807812154293,-149.04910004138947,-149.31334979832172,12.299999594688416,88.544275611639023,3.5999999642372131,3.7387908697128296
175,61.478899985551834,61.462442815303802,-147.47569996118546,-147.93665224313736,1.5999972820281982,30.800394713878632,3.0999999940395355,3.5919951796531677
1676,59.177199959754944,59.292177319526672,-149.2703999876976,-150.21921173483133,24.999998509883881,94.443328678607941,3.2999999821186066,3.3632710576057434
1033,60.856800004839897,60.575434535741806,-148.54119998216629,-150.17198601365089,67.200001329183578,75.428731739521027,3.0999999940395355,3.5649660229682922
1912,61.658100008964539,61.477109044790268,-147.73400008678436,-148.28975504636765,18.299996852874756,78.812338411808014,3.3999999761581421,3.0558734536170959
123,60.255900025367737,60.050128817558289,-152.60549998283386,-151.27575990557671,106.3000001013279,104.96793873608112,3,3.3758348822593689
637,62.60450005531311,62.792418360710144,-151.46199998259544,-150.84477066993713,2.0999982953071594,69.524135440587997,3,3.7444775998592377
394,61.652300000190735,61.564771831035614,-149.84770000353456,-149.51189602911472,38.300000131130219,89.693069458007812,3.2999999821186066,3.6594347655773163
1725,61.731800019741058,61.628573775291443,-148.18169993162155,-148.52546972036362,13.999998569488525,64.834278076887131,3.199999988079071,3.3198897242546082
1574,61.228300005197525,61.033172201365232,-147.00879997014999,-147.73717296123505,0.6999969482421875,67.033257335424423,3.7999999970197678,3.4561194777488708
39,60.344200015068054,60.372808337211609,-151.30439999699593,-150.73284959793091,33.699996769428253,94.340980052947998,3.199999988079071,3.4701598584651947
462,59.866500020027161,59.501936078071594,-152.20330005884171,-151.27688053250313,68.900000303983688,110.5920197442174,3.199999988079071,3.4499305486679077
630,61.884700000286102,61.810833036899567,-151.05050003528595,-150.35071894526482,80.099999904632568,79.195428639650345,3.199999988079071,3.7902702838182449
693,61.705200016498566,61.647826015949249,-149.78309999406338,-149.50634108483791,28.899997472763062,62.369547784328461,3.0999999940395355,3.4057985544204712
331,59.61710000038147,59.41886031627655,-152.60009998083115,-152.01500576734543,84.300000220537186,95.758965238928795,3,3.3060505986213684
194,61.439399987459183,62.295647621154785,-151.89030003547668,-151.75427377223969,66.300000995397568,98.423365503549576,3.0999999940395355,3.9403442144393921
2098,60.635600000619888,60.620670408010483,-147.40919995307922,-147.83893901109695,11.299997568130493,87.005164474248886,3.2999999821186066,3.549687534570694
322,61.305099993944168,61.072039522230625,-150.44859999418259,-150.14627062529325,41.599996387958527,135.79265959560871,3,3.2763538062572479
266,59.872900009155273,59.693306922912598,-151.06360003352165,-150.98400986194611,46.700000762939453,114.24505803734064,3,3.5695165693759918
1975,62.884999990463257,62.927629232406616,-148.89120000600815,-149.07608234882355,70.599999278783798,32.541163265705109,3.199999988079071,3.6533499956130981
1936,61.758099973201752,61.823513269424438,-152.42170000076294,-151.54662841558456,140.90000092983246,74.672713875770569,3.4999999701976776,3.5392413139343262
579,62.28849995136261,62.276714324951172,-150.87490001320839,-150.24852166324854,60.999996960163116,65.657276660203934,3.5999999642372131,3.7107180655002594
1173,61.446999996900558,61.17425625026226,-150.12640000507236,-149.81781887635589,18.899999558925629,96.081586554646492,3.199999988079071,3.2663535475730896
1422,61.477899998426437,61.297419279813766,-150.05450000055134,-149.75399914383888,30.000001192092896,86.271658539772034,3.4999999701976776,3.7274979650974274
1746,59.003700017929077,59.027908205986023,-152.40929996967316,-151.37649258971214,59.699997305870056,74.616946280002594,3,3.4405880570411682
1683,60.759700000286102,60.540829956531525,-152.16470003128052,-151.20746952295303,94.499999657273293,80.277219414710999,3.0999999940395355,3.5895869135856628
1314,61.421499997377396,61.140742287039757,-149.98730000015348,-149.76769157499075,31.599998474121094,92.826426029205322,3.4999999701976776,3.8029112219810486
756,62.365900039672852,62.299028038978577,-151.49859997630119,-150.72252036631107,96.599999815225601,79.400800168514252,3.199999988079071,3.7304621636867523
1138,61.470800012350082,61.278766870498657,-149.89910000190139,-149.77883742749691,49.800001084804535,91.310519725084305,4.3999999947845936,4.3749707154929638
650,62.07669997215271,62.066431641578674,-151.73659998178482,-151.00377640128136,102.09999978542328,76.825004070997238,3.0999999940395355,3.7103511393070221
2128,62.858000040054321,62.827258944511414,-150.78960004448891,-150.24344142526388,105.20000010728836,57.907558977603912,3.8999999910593033,4.3063790425658226
719,60.012000024318695,59.552825212478638,-152.7127999663353,-151.22530326247215,94.79999914765358,90.247724205255508,3.5999999642372131,3.6565979719161987
572,61.653400003910065,61.572561144828796,-150.9757000207901,-150.54076766967773,51.200002431869507,98.892232403159142,3.0999999940395355,3.6818228960037231
1821,59.429399967193604,59.130023717880249,-152.77870005369186,-151.28135168552399,90.1000015437603,83.639051765203476,3.0999999940395355,3.4069453775882721
1878,59.70990002155304,59.503333330154419,-152.04799997806549,-151.12768310308456,81.999998539686203,127.6370098348707,3.4999999701976776,3.7361368238925934
2160,62.983700037002563,62.97073233127594,-151.22240003943443,-151.37260213494301,130.40000014007092,88.389530777931213,3.0999999940395355,3.4182339906692505
1452,61.38629999756813,61.215152844786644,-150.03729999996722,-149.44723632931709,43.399997055530548,89.784745126962662,3.5999999642372131,4.4951451293891296
965,60.110400021076202,60.176729440689087,-148.30759996175766,-148.95205092430115,18.899999558925629,78.282110393047333,3,3.2278135120868683
1812,62.337800025939941,62.167976140975952,-149.80380000919104,-149.77375001460314,48.299998044967651,78.684229403734207,3,3.5373967587947845
1182,61.350899994373322,61.013400279916823,-150.08890000171959,-149.78653925657272,24.199999868869781,189.8936852812767,3.0999999940395355,3.3125511109828949
1824,60.437699973583221,60.446972548961639,-150.88260000944138,-150.47572705149651,66.300000995397568,90.475078672170639,3.2999999821186066,3.5415104627609253
2115,61.74099999666214,61.844913601875305,-152.12879991531372,-151.20220157504082,118.6000001616776,91.338217258453369,3.0999999940395355,3.1028784513473511
649,60.913800001144409,60.850196778774261,-149.49269999563694,-149.51235593855381,37.399999797344208,96.264112740755081,3.8999999910593033,3.9768670946359634
1289,61.388200014829636,61.148624703288078,-149.94660000130534,-149.72342155873775,33.399999141693115,93.985587358474731,3.4999999701976776,4.1423746570944786
1044,60.08899998664856,59.549696087837219,-152.9708000421524,-151.39348867535591,106.00000061094761,88.644690811634064,3.199999988079071,3.5525346994400024
365,62.954300045967102,62.907029509544373,-149.64640000462532,-149.56402391195297,75.800001621246338,39.442069828510284,3.7999999970197678,4.1134728044271469
1266,61.511099994182587,61.165121734142303,-149.92689999751747,-149.79482755064964,32.399997115135193,90.820770710706711,3.2999999821186066,3.6401695311069489
1317,61.3716000020504,61.25773024559021,-149.98400000017136,-149.48731201887131,29.299996793270111,85.028756409883499,3,3.409362405538559
1249,61.468600004911423,61.20946192741394,-149.90240000188351,-149.68013124167919,35.80000251531601,89.026201516389847,3.0999999940395355,3.5663385987281799
1922,61.108499996364117,60.981508946046233,-151.52679991722107,-150.7178763449192,81.50000125169754,85.662044584751129,3.4999999701976776,3.8240418881177902
583,59.653800010681152,59.463458776473999,-152.69449996948242,-152.17229282855988,98.30000065267086,92.530027031898499,3.0999999940395355,3.3289798200130463
742,60.549199998378754,60.713483452796936,-149.67410000413656,-149.70639373362064,36.70000284910202,88.661022484302521,3.4999999701976776,3.6164586246013641
2138,61.298000007867813,61.250764042139053,-147.98199999332428,-148.56376245617867,18.500000238418579,63.266202807426453,3.2999999821186066,3.3515878915786743
856,61.456499993801117,61.223844766616821,-149.91070000268519,-149.25161209702492,35.80000251531601,79.7407366335392,3.0999999940395355,3.8112590610980988
906,61.687600016593933,61.506183862686157,-150.34520000964403,-149.78436604142189,42.199999094009399,141.04161038994789,3.2999999821186066,3.5668058395385742
1614,59.807700037956238,59.463951945304871,-152.88440001010895,-151.26513621211052,102.39999927580357,116.52041506022215,3.4999999701976776,3.9791308790445328
819,59.812199950218201,59.639225959777832,-152.21219998598099,-151.62737703323364,70.099998265504837,119.69952192157507,3.3999999761581421,4.0633294880390167
1299,61.472099989652634,61.15904538333416,-150.04990000091493,-149.80760036408901,34.599997103214264,91.957632452249527,3.0999999940395355,3.5000348389148712
1091,61.271899998188019,61.167624741792679,-151.17949998378754,-150.2593819051981,65.600000321865082,98.25347363948822,3,3.8573638647794724
318,61.051699999719858,60.926476590335369,-151.14419996738434,-150.71626143157482,16.099996864795685,96.468294039368629,4.6000000052154064,4.1805339530110359
679,62.707599997520447,62.539169311523438,-149.78279998898506,-149.51841272413731,49.800001084804535,73.179453611373901,3.0999999940395355,3.5898508429527283
2032,60.105599999427795,59.827229142189026,-151.74070000648499,-151.00760167837143,63.999999314546585,128.73095064423978,4.1999999955296516,4.1891117691993713
780,61.551699995994568,61.54781711101532,-149.92710000090301,-149.65168869495392,44.500000774860382,95.974130555987358,3,3.4999988079071045
1893,59.60860002040863,59.383914113044739,-152.56720000505447,-151.61107152700424,69.699998944997787,89.802935719490051,3.4999999701976776,3.555155485868454
1190,61.420500010251999,61.281116366386414,-151.66200006008148,-150.79664665460587,84.699999541044235,95.57485394179821,3.9999999850988388,4.0476658791303635
343,60.022800028324127,59.632989645004272,-152.95189994573593,-152.07351672649384,107.00000077486038,77.1491639316082,3,3.4778410792350769
398,61.350400000810623,61.22536127269268,-150.16780000180006,-149.7273345887661,42.900003492832184,115.99140521138906,4.9000000208616257,4.6717538237571716
584,61.692099988460541,61.483528822660446,-150.71529999375343,-150.37541829049587,2.8999969363212585,130.86752826347947,3.3999999761581421,3.4252392053604126
1710,62.577499985694885,62.567885994911194,-150.64899998903275,-150.14137480035424,13.199999928474426,78.610405325889587,3,3.2190516293048859
1866,61.197799995541573,60.994377553462982,-149.61230000853539,-149.53312902152538,36.399997770786285,96.658587455749512,3.199999988079071,3.4225189089775085
292,60.033699989318848,59.954232215881348,-152.62190008163452,-151.64748537540436,101.39999911189079,120.28808565810323,3.3999999761581421,3.6690577268600464
865,62.11489999294281,62.291499614715576,-152.57529991865158,-152.2257644534111,0.79999864101409912,96.049986779689789,3.0999999940395355,3.4582387804985046
1106,61.718500018119812,61.541574835777283,-149.94790000095963,-149.73858191817999,37.299998104572296,91.712620109319687,3.0999999940395355,3.7440790235996246
1165,61.280200004577637,61.092478297650814,-150.10009999573231,-149.87735347822309,32.899998128414154,93.836458399891853,3.2999999821186066,3.6583821773529053
141,62.226400017738342,62.130244255065918,-148.19770002365112,-148.63664755225182,32.200001180171967,80.174963921308517,4.1999999955296516,4.3377850838005543
1974,59.127099990844727,59.045275330543518,-152.26709997653961,-151.1001164317131,60.699999332427979,85.431121289730072,3.5999999642372131,3.7902975976467133
2,61.275799989700317,59.407464504241943,-152.27089995145798,-151.92318946123123,9.9999979138374329,121.79092434234917,3,3.1793204247951508
576,61.556500017642975,61.470044106245041,-150.77369999885559,-150.2929470911622,59.399999678134918,123.79554286599159,3.0999999940395355,3.4262285828590393
1776,61.352400004863739,61.19840307533741,-150.71370001137257,-150.22742613404989,63.000001013278961,97.642043605446815,3.2999999821186066,3.4291993975639343
339,60.321699976921082,60.252309799194336,-151.4602999985218,-150.93116855621338,53.599998354911804,125.33837847877294,3.5999999642372131,3.8663834631443024
889,59.920500040054321,60.218262791633606,-148.26710003614426,-149.94861716218293,26.100002229213715,65.711323171854019,3,3.5419045686721802
265,60.46780002117157,60.340899705886841,-150.83930003643036,-150.33501736074686,58.20000171661377,81.926587969064713,3.8999999910593033,4.1384451314806938
376,60.004800021648407,60.04648756980896,-147.40589994192123,-147.89838695526123,10.099999606609344,82.123611122369766,3,3.4123826622962952
963,62.922199964523315,62.940693855285645,-150.51199999451637,-150.04180823732167,86.59999817609787,36.250017583370209,3.9999999850988388,4.0811505317687988
439,60.455699980258942,60.18442714214325,-152.76399993896484,-151.60355347394943,13.099998235702515,110.84343306720257,4.0999999791383743,3.9539414942264557
271,61.987500011920929,61.933881282806396,-149.80610000342131,-149.50093227624893,35.40000319480896,79.761449247598648,3.0999999940395355,3.6478117704391479
244,60.331700026988983,60.101228952407837,-152.59649991989136,-151.56911641359329,115.69999996572733,94.177795574069023,3.199999988079071,3.5090909600257874
1475,61.478100001811981,61.248668879270554,-150.00020000000222,-149.97306761238724,39.70000147819519,89.235629886388779,3.199999988079071,3.2389051616191864
1533,61.31580001115799,61.216278612613678,-147.39690005779266,-147.95418226718903,18.10000091791153,71.84353843331337,3.6999999582767487,4.0054123252630234
2074,59.936400055885315,59.445857405662537,-152.39130002260208,-151.03299343585968,81.599999219179153,107.51792415976524,3.3999999761581421,3.1892395913600922
916,59.28849995136261,59.065397262573242,-152.42879998683929,-151.67769294977188,62.10000067949295,70.232223719358444,3.4999999701976776,3.6772105693817139
607,59.840399980545044,59.626410722732544,-151.97510004043579,-151.22825333476067,76.200000941753387,128.67150618694723,3.199999988079071,3.4773284196853638
415,61.817799985408783,61.818339765071869,-151.10060003399849,-150.37709185481071,68.300001323223114,81.857345998287201,4.3999999947845936,4.1625577881932259
273,60.491299986839294,60.451904296875,-151.86750000715256,-151.35961139202118,77.899999916553497,63.964754343032837,3.4999999701976776,3.7783920764923096
1087,59.953299999237061,60.019881188869476,-149.15740004181862,-149.45463274419308,0.6000027060508728,60.049630701541901,3,3.3852731287479401
250,61.224800005555153,61.096632152795792,-151.31029996275902,-150.64384652674198,69.699998944997787,91.115668416023254,3,3.5842735469341278
413,61.643400013446808,61.788130939006805,-151.95970004796982,-151.07995909452438,113.30000031739473,87.339665740728378,3.0999999940395355,3.1994723081588745
2201,61.052999999374151,60.957777947187424,-151.07699999213219,-150.34126024693251,64.800001680850983,94.63631734251976,3,3.1729747653007507
1554,62.942199945449829,62.925811171531677,-148.78529995679855,-149.18388703465462,65.400000661611557,43.248735368251801,3.4999999701976776,4.1999087333679199
310,62.015300035476685,61.881158709526062,-148.26759999990463,-148.38978660106659,26.799999177455902,74.689194560050964,3.199999988079071,3.6500855684280396
788,59.991299986839294,59.968636512756348,-147.19200003147125,-147.81678593158722,1.1999979615211487,93.818441033363342,3.199999988079071,3.6538479924201965
772,61.450899988412857,61.424137562513351,-147.12170004844666,-147.58732026815414,14.899998903274536,40.702208876609802,3.4999999701976776,3.7735365629196167
425,61.168099999427795,59.218192219734192,-151.96619993448257,-152.26978397369385,136.40000019222498,67.193012684583664,3.9999999850988388,3.366755872964859
2140,61.864000022411346,61.961487472057343,-151.8659999370575,-151.1501490175724,114.69999980181456,95.81543505191803,3.3999999761581421,3.1793387532234192
1357,61.365099996328354,61.159919172525406,-150.00839999970049,-149.71136916428804,27.300000190734863,93.699108809232712,3.5999999642372131,4.1748296990990639
1935,60.89130000025034,60.839632049202919,-150.01710000028834,-149.58983127772808,49.400001764297485,99.073773249983788,4.0999999791383743,4.1646366566419601
1610,60.80120000243187,60.25698322057724,-149.60510002076626,-150.59220358729362,100.19999928772449,92.479925602674484,3.6999999582767487,3.5315122604370117
974,61.553900003433228,61.352362096309662,-149.91630000248551,-149.70135332643986,46.199999749660492,84.022011607885361,3.8999999910593033,3.8005046993494034
1225,61.405600011348724,61.106458514928818,-150.0903999991715,-149.86755741387606,20.099997520446777,98.835494369268417,3.2999999821186066,3.2623442709445953
964,59.880200028419495,59.997394680976868,-148.86790001392365,-149.39849491417408,11.600002646446228,64.063303172588348,3.2999999821186066,3.568402111530304
526,59.799399971961975,59.457392334938049,-152.18099999427795,-151.32589638233185,59.900000691413879,94.253532588481903,3,3.2619020640850067
2010,60.06029999256134,59.422075867652893,-152.98530006408691,-151.49924048781395,123.49999998696148,78.930344432592392,3.199999988079071,3.0966875553131104
900,59.935400009155273,59.712280750274658,-152.92119991779327,-151.31515225768089,83.900000900030136,129.60190884768963,4.2999999895691872,4.0387643873691559
182,60.328400015830994,60.453126490116119,-150.32750000059605,-150.09129837714136,55.100001394748688,79.45038378238678,3.199999988079071,3.1996284127235413
170,62.956099987030029,62.883324146270752,-147.93360006809235,-148.36062383651733,64.300000667572021,46.93855345249176,3,3.8145053386688232
1655,60.286899983882904,60.091225147247314,-152.32489997148514,-151.77404540777206,88.700000196695328,65.393660217523575,3.7999999970197678,3.5041646361351013
810,59.836199998855591,59.765434265136719,-152.86369997262955,-151.88079196214676,103.80000062286854,109.35174487531185,3.5999999642372131,3.924998939037323
187,60.996199999935925,60.869766369462013,-152.41870003938675,-151.12352505326271,117.39999987185001,81.741157919168472,3.4999999701976776,3.9931490868330002
619,59.701900005340576,59.477833032608032,-152.0741999745369,-151.52967470884323,61.800003051757812,105.32406717538834,3.8999999910593033,3.5300482213497162
1965,62.380399942398071,62.247652769088745,-148.31849992275238,-148.85544258356094,41.900001466274261,84.647860378026962,3.199999988079071,3.6208324134349823
158,59.052199959754944,59.036250710487366,-152.49949997663498,-151.51309794187546,61.700001358985901,71.095041930675507,3,3.1354061365127563
886,61.531000018119812,61.523550808429718,-151.95970004796982,-151.17448210716248,108.20000059902668,97.762681543827057,3.3999999761581421,3.7348290681838989
272,59.78410005569458,59.657783269882202,-152.17750006914139,-151.58744090795517,63.79999965429306,99.803872406482697,3,3.2209828197956085
614,59.023000001907349,59.065657019615173,-152.90789991617203,-152.15112340450287,70.199999958276749,59.372171759605408,3.2999999821186066,3.5364654064178467
1842,60.31029999256134,60.256177186965942,-151.27409997582436,-150.66656769812107,63.700001686811447,87.089180946350098,3.199999988079071,3.6321440935134888
1061,60.495000004768372,60.292411804199219,-151.46199998259544,-150.84116220474243,72.099998593330383,64.410705119371414,3,3.4254845380783081
2173,59.221300005912781,59.119383811950684,-151.52230006456375,-151.1127470433712,45.500002801418304,101.43409296870232,3.0999999940395355,3.124727189540863
371,60.253899991512299,60.040830314159393,-152.50110000371933,-151.52851831912994,87.699998170137405,119.43758931010962,3.9999999850988388,3.984233558177948
222,60.952500000596046,60.930763371288776,-150.6618999838829,-150.1501803919673,44.900000095367432,95.312284305691719,3.9999999850988388,4.0913368910551071
593,60.499300003051758,60.48381245136261,-148.12070006132126,-148.60360479354858,1.5999972820281982,101.61448456346989,3,3.1708413362503052
1848,59.085999965667725,59.042419910430908,-152.6068999171257,-151.53614723682404,61.999998986721039,74.144300073385239,3.4999999701976776,3.5593960583209991
1057,60.246100008487701,60.036937415599823,-152.51539993286133,-151.98228961229324,99.400000646710396,74.160277843475342,4.1999999955296516,3.9099082946777344
1921,60.149200022220612,59.611426591873169,-152.98790001869202,-151.25442087650299,129.80000022798777,90.68666398525238,3.2999999821186066,3.4334702789783478
136,60.351100027561188,60.341986775398254,-150.37479999661446,-150.37839066982269,43.999999761581421,81.051189452409744,3.2999999821186066,3.5711016654968262
518,61.745100021362305,61.751409411430359,-148.15850007534027,-148.48510158061981,20.099997520446777,52.718095481395721,3,3.265036940574646
2009,59.557899951934814,59.649540185928345,-152.8561999797821,-152.20428872108459,92.199999839067459,54.8810213804245,3.2999999821186066,3.6012967228889465
334,60.987599999643862,60.849685505032539,-150.82929995656013,-150.19521537423134,55.500000715255737,100.74836947023869,4.8000000044703484,4.3379178866744041
2181,62.695000052452087,62.708808541297913,-148.85799998044968,-149.0267621576786,56.800000369548798,54.424077272415161,3.3999999761581421,3.6367614269256592
1382,61.486200004816055,61.303773254156113,-149.9311999976635,-149.5638964176178,40.799997746944427,85.536535829305649,3.4999999701976776,3.953333392739296
1251,61.318500012159348,61.080585405230522,-150.03359999880195,-149.79496964067221,36.499999463558197,98.568283021450043,3.7999999970197678,4.1782367303967476
838,59.610399961471558,59.97122848033905,-149.71650000661612,-149.76225703954697,56.999996304512024,99.058471620082855,3.199999988079071,3.4033248424530029
710,60.096400022506714,59.879456758499146,-152.58569991588593,-151.51193654537201,91.200001537799835,109.49597228318453,3.2999999821186066,3.384587287902832
15,62.974900007247925,62.801474690437317,-150.84149998426437,-150.34273738414049,110.39999965578318,53.705811500549316,3.2999999821186066,3.5705626308917999
1651,60.246599972248077,59.931267499923706,-152.67280000448227,-151.32379683852196,103.29999960958958,113.5113975033164,4.1999999955296516,4.1445550918579102
1107,60.725800007581711,60.590737104415894,-148.64550000429153,-149.4200517386198,247.19999730587006,111.15531343966722,3.3999999761581421,3.1640734970569611
1830,60.387199997901917,60.209481418132782,-151.71520006656647,-150.77039551734924,71.499999612569809,83.544876426458359,3.0999999940395355,3.1072221100330353
2006,61.209800004959106,61.140009880065918,-151.49729999899864,-150.53054197132587,74.09999892115593,92.451523989439011,3.0999999940395355,3.4754253029823303
570,62.967399954795837,62.95518958568573,-150.31099998950958,-149.87145663052797,84.89999920129776,28.073519468307495,3,3.7843764871358871
654,62.965700030326843,62.925183653831482,-150.37880001962185,-150.16588604450226,86.500000208616257,37.69741952419281,3.199999988079071,3.772116556763649
1105,61.39300000667572,61.148282155394554,-150.03010000102222,-149.7100663036108,38.500003516674042,97.305130213499069,3,3.3080922961235046
1645,60.254899978637695,60.199551820755005,-150.99199998378754,-150.63996693491936,60.699999332427979,86.503960192203522,3,3.2002298533916473
465,59.848600029945374,59.570411682128906,-152.92380005121231,-151.87903761863708,114.90000039339066,91.655448079109192,3.3999999761581421,3.329689621925354
1054,61.520699977874756,61.272167980670929,-149.91479999944568,-149.7150915786624,43.200001120567322,86.714792996644974,3.2999999821186066,3.6422291994094849
199,62.099599957466125,61.966343462467194,-147.55769991874695,-147.96096950769424,22.299997508525848,60.952894389629364,3,3.2021970748901367
1041,59.22599995136261,59.070727109909058,-152.09110003709793,-151.28333920240402,52.000001072883606,95.705172047019005,4.6000000052154064,4.2416302040219307
1426,61.444700002670288,61.102001398801804,-150.05079999938607,-149.62931294739246,39.099998772144318,91.826774179935455,3.0999999940395355,3.8869940489530563
1255,61.478399991989136,61.167680263519287,-149.93870000168681,-149.75815176218748,39.899997413158417,93.89398992061615,3.0999999940395355,3.3545906245708466
869,59.642799973487854,59.677842855453491,-149.66890000551939,-149.99472334049642,9.9000036716461182,112.72940877825022,3,3.2746304869651794
1341,61.4307000041008,61.226366475224495,-149.94089999981225,-149.63129608333111,24.999998509883881,88.678095489740372,3,3.5554001927375793
1133,59.848299980163574,59.581340074539185,-152.39019995927811,-151.52033239603043,74.000000953674316,76.704088598489761,3.0999999940395355,3.6192677915096283
1544,62.425400018692017,62.31024956703186,-149.20389997959137,-149.32334688305855,35.80000251531601,71.655567735433578,3.199999988079071,3.6541981101036072
1110,60.974300000816584,60.883579455316067,-147.44319999217987,-147.82533985376358,19.900001585483551,93.920333310961723,3.0999999940395355,3.5619210004806519
591,60.210300028324127,60.127400815486908,-151.65880000591278,-151.20443174242973,58.20000171661377,111.19567509740591,3.6999999582767487,3.7472207844257355
1345,61.470099985599518,61.258702665567398,-149.8994999974966,-149.57056586444378,33.699996769428253,87.109915912151337,3.5999999642372131,3.9477592706680298
1665,62.074699997901917,62.031416177749634,-151.33129996061325,-150.75426909327507,82.499999552965164,80.828923732042313,3.3999999761581421,3.7126661539077759
2193,61.614400029182434,61.37686824798584,-150.66060000658035,-150.2118119224906,57.599999010562897,92.222217470407486,3.9999999850988388,3.792451411485672
1581,62.535599946975708,62.492387533187866,-151.33769997954369,-150.7862366437912,89.999999850988388,82.746054977178574,3.7999999970197678,3.9536309838294983
937,61.625400006771088,61.455510765314102,-150.20120000839233,-149.92464837245643,44.699996709823608,89.711267501115799,3,3.457489550113678
1471,61.58490002155304,61.348025470972061,-149.83739999681711,-149.51869359612465,49.900002777576447,82.360561937093735,3.7999999970197678,3.7816423773765564
43,62.666499972343445,62.572479844093323,-149.84040000289679,-149.45046436786652,7.2000026702880859,96.795899793505669,3.199999988079071,3.6108502149581909
1232,61.353199988603592,61.11302337795496,-150.11259999498725,-149.83925267681479,20.000003278255463,101.10196843743324,3,3.1758772730827332
274,62.225200057029724,62.048893928527832,-147.86479997634888,-148.06586837768555,31.800001859664917,76.431900262832642,3.3999999761581421,3.6456450819969177
1303,61.381000012159348,61.096986457705498,-149.95099999755621,-149.8488567955792,41.299998760223389,94.739863649010658,3.3999999761581421,3.7325981855392456
101,59.861400008201599,59.705955982208252,-152.3435999751091,-151.20806032419205,84.699999541044235,145.62139287590981,4.3999999947845936,4.1173498928546906
1839,59.128100037574768,59.041192173957825,-152.24570006132126,-151.2007871568203,57.300001382827759,82.484975457191467,3.4999999701976776,3.6820022463798523
1023,60.39819997549057,60.121289908885956,-152.23519992828369,-151.65125441551208,103.39999943971634,67.251443862915039,3.0999999940395355,3.5113299787044525
1177,61.374399989843369,61.118292294442654,-150.10799999535084,-149.81707494333386,19.299998879432678,99.487069994211197,3,3.2345994114875793
107,59.497699975967407,59.260440468788147,-152.6457000374794,-151.18435263633728,71.100000292062759,105.17745278775692,3.9999999850988388,4.0438590198755264
962,60.53439998626709,60.461912930011749,-147.66329991817474,-148.216443836689,5.0000026822090149,92.007897794246674,3,3.6074278056621552
497,60.887800000607967,60.937428891658783,-151.65719997882843,-150.8195495903492,76.299998909235001,90.904407203197479,3,3.4747707545757294
2194,62.323500037193298,62.362582445144653,-151.36019995808601,-150.99084404110909,86.399998515844345,88.652964681386948,3.3999999761581421,3.3140590488910675
1525,61.286799997091293,61.107554279267788,-150.52229999005795,-150.12756997346878,72.099998593330383,101.93364694714546,4.5,4.4729606285691261
1608,60.360099971294403,60.21168178319931,-152.42150008678436,-151.12799799442291,96.000000834465027,89.560277760028839,3.0999999940395355,3.53776815533638
862,61.796000003814697,61.75659853219986,-149.68269999325275,-149.4623941630125,39.800003170967102,74.368037283420563,3,3.3889757394790649
1146,61.313699990510941,61.112738527357578,-149.91909999959171,-149.80829481035471,44.500000774860382,94.070365652441978,3.5999999642372131,3.6912708878517151
1313,61.436500012874603,61.426150977611542,-149.93689999915659,-149.46170501410961,30.299998819828033,77.366217970848083,3,3.8574597537517548
1537,62.167400002479553,61.974671065807343,-148.55409997701645,-148.80965021252632,19.900001585483551,86.601961404085159,3.2999999821186066,3.7911998480558395
1999,59.526999950408936,59.124665141105652,-152.88680005073547,-151.74944293498993,100.70000030100346,73.201529681682587,3.2999999821186066,3.286605030298233
1352,61.335900008678436,61.11116735637188,-149.9906000001356,-149.75601453334093,37.10000216960907,95.961110666394234,3.9999999850988388,3.9063141793012619
841,61.451400011777878,61.184635505080223,-149.96060000080615,-149.73962596803904,37.199996411800385,88.185086846351624,4.0999999791383743,3.713569164276123
712,59.583099961280823,59.814792394638062,-147.89689993858337,-148.55431509017944,21.99999988079071,77.682372182607651,3.7999999970197678,4.0694788992404938
72,62.935400009155273,62.756406903266907,-150.49529998004436,-149.71893882751465,89.600000530481339,63.925750553607941,3.8999999910593033,4.5447545684874058
500,60.807199999690056,60.799340590834618,-151.26130002737045,-150.7456111907959,62.89999932050705,89.311767369508743,3.7999999970197678,3.8644357323646545
1436,61.412200003862381,61.137553617358208,-150.06489999778569,-149.75637410581112,38.80000114440918,97.701640799641609,3,3.2970065474510193
1383,61.523299992084503,61.256047546863556,-149.93500000052154,-149.62787619978189,41.100002825260162,91.720674186944962,3.0999999940395355,3.3631164729595184
2003,59.914000034332275,59.576098203659058,-152.5722000002861,-151.38848599791527,84.699999541044235,110.06588395684958,3.0999999940395355,3.5648149251937866
481,60.288699984550476,60.178171634674072,-152.2846999168396,-151.45543107390404,90.199999511241913,97.968695685267448,3,3.2938472628593445
1269,61.295700013637543,61.098127402365208,-150.01029999973252,-149.83330087736249,33.299997448921204,95.098709687590599,3.3999999761581421,3.7750153541564941
506,60.992300000041723,60.955137342214584,-151.97640001773834,-150.89738032221794,94.299999997019768,88.166788220405579,4.3999999947845936,4.0064025968313217
948,60.976299999281764,60.939230870455503,-149.36980001628399,-149.60443907976151,28.700001537799835,94.314886257052422,3.199999988079071,3.5810878872871399
1055,60.002399981021881,59.662647008895874,-152.85720008611679,-151.2628088593483,111.60000041127205,110.54790858179331,3.5999999642372131,3.8136020600795746
1258,61.39410001039505,61.23731817305088,-150.07630000077188,-149.83396661281586,38.300000131130219,93.792634084820747,4.6000000052154064,4.2532273605465889
2199,62.004799962043762,61.922258675098419,-149.88860000297427,-149.68039510399103,39.70000147819519,72.201363742351532,3.0999999940395355,3.2144914269447327
1264,61.365799993276596,61.104738168418407,-150.01670000050217,-149.8555770367384,41.599996387958527,97.649257630109787,3,3.3464534282684326
1566,62.978899955749512,62.665960669517517,-150.63579998910427,-150.46966736018658,113.4000001475215,82.933057099580765,5.0000000149011612,4.6764750257134438
1447,61.463099986314774,61.068819627165794,-150.12789999693632,-149.56431846320629,45.19999772310257,92.748761177062988,3.0999999940395355,3.384917825460434
1697,62.113299965858459,62.105016946792603,-150.25719999521971,-149.84950217977166,14.799997210502625,77.993452548980713,3.7999999970197678,3.5786950886249542
1241,61.44530001282692,61.16395927965641,-150.07340000197291,-149.72523041814566,20.099997520446777,93.421362340450287,3,3.4588356614112854
311,62.393399953842163,61.981242775917053,-149.88870000466704,-149.0470524430275,1.9999966025352478,111.62177193909883,3.0999999940395355,3.0944910049438477
1730,60.78659999370575,60.625096619129181,-151.75140005350113,-150.82912302017212,74.900001287460327,81.029821187257767,3.2999999821186066,3.3056904673576355
405,62.041599988937378,62.097017765045166,-150.516999989748,-150.13553482666612,60.000002384185791,67.151498049497604,3.199999988079071,3.2041332721710205
879,60.250999987125397,60.173021674156189,-151.58010005950928,-151.01235061883926,63.499998301267624,106.18604719638824,3.2999999821186066,3.6709303557872772
1043,61.493099987506866,61.2065389752388,-149.75379998981953,-149.65140062570572,52.699998021125793,90.603485703468323,3.0999999940395355,3.504513144493103
1491,61.506399989128113,61.108843758702278,-149.94899999722838,-149.12546083331108,35.999998450279236,86.733285337686539,3,3.5421717166900635
979,61.374900013208389,61.208254471421242,-150.59039998054504,-150.22106424719095,53.900003433227539,94.720900058746338,3.199999988079071,3.5767002403736115
2087,59.956799983978271,59.594660758972168,-152.98099994659424,-151.85127067565918,115.39999954402447,78.798975795507431,3,3.1855625510215759
309,61.704200029373169,61.610872089862823,-150.82549998164177,-150.34681364893913,56.599996984004974,106.3807737082243,4.1999999955296516,4.2875598818063736
226,59.705899953842163,59.536753296852112,-152.17250007390976,-151.40310591459274,68.900000303983688,86.388081312179565,3.199999988079071,3.3792504072189331
743,62.578999996185303,62.518789649009705,-151.37489998340607,-150.94077005982399,91.80000051856041,95.018493011593819,3,3.1700150370597839
806,62.416900038719177,62.195763349533081,-148.50390002131462,-148.45665442943573,37.399999797344208,123.27539315447211,3,3.4795842468738556
2024,62.238100051879883,62.203629493713379,-150.85950002074242,-150.51517470180988,62.800001353025436,76.227836310863495,3.3999999761581421,3.6579512357711792
1000,59.946900010108948,59.74800181388855,-151.54150003194809,-151.12734138965607,59.299997985363007,118.00436954945326,3,3.3044518232345581
1461,61.398299992084503,61.212180882692337,-150.05899999849498,-149.69697712361813,39.099998772144318,90.242862701416016,3.5999999642372131,4.0154895186424255
1818,59.862499952316284,59.521650552749634,-151.7661999464035,-151.11744904518127,48.699997365474701,117.6305846311152,3,3.2830450236797333
1784,61.684000015258789,61.597810626029968,-151.61849999427795,-150.92265772819519,93.800000846385956,96.113352105021477,3.5999999642372131,3.9131053984165192
2025,59.561499953269958,59.269246816635132,-152.63559991121292,-151.39971202611923,88.500000536441803,95.174573361873627,3.2999999821186066,3.1312800943851471
1071,62.935999989509583,62.910448789596558,-150.88559997081757,-151.09867715835571,113.4000001475215,86.297616362571716,3,3.216813325881958
148,62.809700012207031,62.723619222640991,-149.43119998276234,-149.40537106990814,66.300000995397568,55.824242532253265,4.3999999947845936,4.9099700599908829
1164,61.343300014734268,61.093413531780243,-150.12480000033975,-149.90511203929782,20.000003278255463,103.49461063742638,3.0999999940395355,3.1638767123222351
1100,61.152999997138977,61.272067099809647,-151.6696999669075,-149.54008823633194,58.700002729892731,94.979096204042435,3,3.2193435430526733
1005,60.080999970436096,59.763655185699463,-152.86709994077682,-151.48085215687752,117.30000004172325,97.147813066840172,3.199999988079071,3.5569383502006531
291,61.041600000113249,60.984692142345011,-152.32180005311966,-151.8949311375618,14.899998903274536,73.866892606019974,3,3.0999209582805634
692,60.055299997329712,59.882602691650391,-151.70620000362396,-151.48707032203674,46.800002455711365,127.57372995838523,3.5999999642372131,3.8437865674495697
818,61.356099992990494,61.307798981666565,-151.37000003457069,-150.73523198068142,70.199999958276749,101.18654742836952,3.0999999940395355,3.3094477951526642
704,62.89549994468689,62.884520411491394,-149.65359999239445,-149.62370114028454,71.400001645088196,46.406179666519165,3.3999999761581421,3.8324795365333557
1090,59.859699964523315,59.658559083938599,-151.59500008821487,-151.21279460191727,48.699997365474701,107.45474882423878,3.2999999821186066,3.9322274029254913
1940,59.787999987602234,59.523030042648315,-152.97460001707077,-151.79153180122375,108.30000042915344,98.026787862181664,4.0999999791383743,3.6038732528686523
1104,62.80019998550415,62.931015014648438,-149.62399998307228,-149.67610790580511,73.69999960064888,35.557523369789124,3.0999999940395355,3.7701898813247681
575,61.013399999588728,60.894356451928616,-149.55579999089241,-149.52872447669506,28.300002217292786,95.722854137420654,3.4999999701976776,3.744635134935379
557,59.765599966049194,59.603403329849243,-151.91129994392395,-151.49040341377258,55.500000715255737,114.85321167856455,3,3.3620849847793579
1706,60.315900027751923,60.002452969551086,-152.69039994478226,-151.41772878170013,105.20000010728836,96.11072950065136,3.2999999821186066,3.5356217622756958
701,59.047700047492981,59.09942090511322,-152.26190006732941,-152.00191390514374,69.899998605251312,75.071152299642563,3.3999999761581421,3.6672077178955078
1085,62.150799989700317,61.961054503917694,-150.88380002975464,-150.45213487744331,57.700000703334808,96.759475767612457,3.199999988079071,3.2329798936843872
1370,61.376700013875961,61.119549997150898,-150.06959999911487,-149.76621472835541,37.900000810623169,95.434494316577911,3.2999999821186066,4.062249943614006
1506,61.397799998521805,61.429978042840958,-149.99800000002142,-149.47242365777493,46.999998390674591,81.966094672679901,4.5,4.2774090394377708
1601,60.774399995803833,60.70989328622818,-152.88659995794296,-151.62001955509186,5.0999969244003296,78.546341508626938,3.4999999701976776,3.5627226233482361
1951,60.037899971008301,59.96819543838501,-152.5692999958992,-151.83508461713791,99.799999967217445,67.183930426836014,3.199999988079071,3.4848392307758331
748,61.620100021362305,61.41617476940155,-150.1794999986887,-149.80986162275076,52.199997007846832,84.058817476034164,3.5999999642372131,3.7550611943006516
1376,61.470699995756149,61.208164617419243,-149.94739999808371,-149.71396907418966,38.40000182390213,88.909115642309189,3.0999999940395355,3.64952552318573
1025,62.359799981117249,62.345515489578247,-151.31589996814728,-150.5987603366375,84.699999541044235,94.916470348834991,3.2999999821186066,4.0045823156833649
167,62.158400058746338,62.282505869865417,-152.54350000619888,-151.83518850803375,2.5999993085861206,99.82011653482914,3.6999999582767487,3.9033019691705704
730,59.174100041389465,59.032225489616394,-151.66280007362366,-151.06668850779533,44.600002467632294,94.887934625148773,4.2999999895691872,4.3130945451557636
1208,61.467000007629395,61.175446033477783,-149.97599999886006,-149.74745243042707,20.70000022649765,104.8005186021328,3,3.0488026142120361
286,59.274099946022034,59.324689865112305,-148.84199997782707,-149.36846494674683,29.700003564357758,71.1834616959095,3.0999999940395355,3.3563375473022461
1067,61.633000016212463,61.284922271966934,-149.70580000430346,-149.57719253003597,39.399996399879456,89.979231357574463,3.5999999642372131,3.9655351191759109
1905,61.832099974155426,61.792145490646362,-149.94839999824762,-149.53763066232204,37.600003182888031,68.98963451385498,3,3.4208831191062927
1029,60.522100001573563,60.901746839284897,-150.1896999925375,-150.23940192908049,41.900001466274261,93.428749591112137,3.199999988079071,3.663420706987381
628,59.864400029182434,59.688919305801392,-152.45969992876053,-151.65149438381195,81.399999558925629,101.94822773337364,4.0999999791383743,3.643358588218689
598,62.658100008964539,62.464885234832764,-149.58830000460148,-149.55075690150261,71.699999272823334,79.699918627738953,3.8999999910593033,4.3206521943211555
1163,61.414299994707108,61.202113196253777,-149.88140000402927,-149.68187161535025,29.399998486042023,88.881246745586395,3.2999999821186066,3.6747162044048309
377,59.929000020027161,59.850644588470459,-151.58050006628036,-151.24496546387672,65.799999982118607,126.94659363478422,3.0999999940395355,3.5649756789207458
1947,60.341400027275085,60.125342667102814,-152.39000004529953,-151.7558012008667,103.80000062286854,62.841631472110748,3.199999988079071,3.5039904713630676
1401,61.327499985694885,61.088423781096935,-150.04879999905825,-149.79581873863935,38.000002503395081,97.543567419052124,3.7999999970197678,4.0574980527162552
1886,61.844900012016296,61.75396466255188,-148.10580003261566,-148.18871355056763,28.599999845027924,81.874214112758636,3.2999999821186066,3.6915162205696106
1237,61.496899992227554,61.223737314343452,-149.90860000066459,-149.66051732003689,39.300002157688141,92.130672186613083,3.199999988079071,3.2869088351726532
1453,61.485700011253357,61.395164370536804,-150.07080000266433,-149.78226191550493,42.099997401237488,86.704831570386887,3.3999999761581421,3.4124556183815002
1080,61.894200026988983,61.630868375301361,-151.05269998311996,-150.23234908282757,54.700002074241638,90.784989297389984,3,3.2635048627853394
41,60.049799978733063,59.401964068412781,-152.94349998235703,-151.13581985235214,110.60000024735928,80.632168799638748,3,3.2818314135074615
2089,62.116000056266785,61.856933534145355,-147.75999999046326,-148.00665682554245,24.999998509883881,81.33532851934433,3,3.2791948914527893
892,62.279399991035461,62.211507678031921,-151.26079997420311,-150.54856047034264,81.90000057220459,77.33558863401413,3.4999999701976776,3.8888555914163589
1424,61.370700001716614,61.153987869620323,-150.00390000001062,-149.65957340598106,39.800003170967102,95.51587700843811,4.8000000044703484,4.4125569574534893
1918,61.29559999704361,61.126849636435509,-149.3614000082016,-149.31577531993389,34.000001847743988,85.536878556013107,3.7999999970197678,3.876143753528595
1053,59.608700037002563,61.424776792526245,-148.44599997997284,-149.66205290704966,26.799999177455902,94.236677512526512,3.0999999940395355,3.1671376526355743
1170,61.494500011205673,61.21272274851799,-149.92629999853671,-149.66052509844303,34.900002181529999,88.485848158597946,3.7999999970197678,3.6987359225749969
893,61.436100006103516,61.330774962902069,-149.95999999903142,-149.87121529877186,45.500002801418304,93.12015026807785,3.3999999761581421,3.6472247242927551
609,59.719099998474121,59.661396145820618,-151.03350001573563,-151.00244164466858,45.800000429153442,129.17743343859911,3.2999999821186066,3.4060783982276917
1242,61.314000010490417,61.105300821363926,-149.95889999996871,-149.79402405023575,40.700003504753113,95.466732978820801,3.2999999821186066,3.8330287635326385
1547,61.93419998884201,61.964107096195221,-149.91820000112057,-149.55837397277355,35.999998450279236,80.920781940221786,3,3.5027294754981995
2049,62.304000020027161,61.901243925094604,-149.79599998891354,-149.8979298658669,57.300001382827759,75.338684022426605,3.0999999940395355,3.4793642163276672
1523,61.086599998176098,61.000026389956474,-151.52629995346069,-150.47611118853092,70.099998265504837,83.312533795833588,3.3999999761581421,3.6802749037742615
1577,62.741999983787537,62.811154842376709,-149.0741999745369,-149.21987476944923,13.40000331401825,47.321818768978119,3,3.5530176758766174
493,59.881999969482422,59.760675072669983,-152.55460005998611,-151.37327715754509,84.89999920129776,115.13644270598888,3.6999999582767487,3.9292379021644592
2099,59.983800053596497,59.788283824920654,-152.00950008630753,-151.24826949834824,75.39999857544899,118.97899117320776,3,3.1242023706436157
277,62.853999972343445,62.93908417224884,-148.90720000863075,-148.80900576710701,11.799998581409454,41.933082044124603,3.199999988079071,3.662418007850647
757,61.487199991941452,61.346424520015717,-152.39969998598099,-151.31762892007828,132.69999995827675,94.572147354483604,3,3.4740360975265503
2124,60.367799997329712,59.058581948280334,-152.8274000287056,-152.05607163906097,127.79999990016222,103.92449423670769,3,3.0118808448314667
358,60.07039999961853,59.964204788208008,-152.88499993085861,-151.7666682600975,106.59999959170818,114.66074921190739,3.199999988079071,3.5725910067558289
1319,61.327199995517731,61.099246725440025,-150.03950000088662,-149.82220925018191,35.40000319480896,95.31654417514801,3.5999999642372131,3.8024053573608398
236,60.783999994397163,60.713136792182922,-150.90040004253387,-150.37981514632702,14.899998903274536,87.591167539358139,3,3.2945128083229065
551,60.065900027751923,60.031541466712952,-152.964399933815,-152.16315060853958,114.40000031143427,83.795182406902313,3,3.4379593133926392
520,59.105499982833862,59.217025637626648,-149.18320003151894,-150.01447679847479,4.3999999761581421,86.406134068965912,3.0999999940395355,3.440942645072937
2176,61.799499988555908,61.85030871629715,-151.59340006113052,-150.75949904322624,99.199999123811722,86.766824126243591,3.4999999701976776,3.6190854907035828
208,61.287600010633469,61.054474607110023,-150.29640001058578,-150.02663037367165,41.900001466274261,99.877862259745598,3,3.2744917273521423
1649,60.084800004959106,59.658954858779907,-152.79979991912842,-151.24880146980286,107.69999958574772,100.47488659620285,3.2999999821186066,3.3961120247840881
881,61.706300020217896,61.592624723911285,-149.5012000054121,-149.42622046172619,34.299999475479126,78.122716397047043,3,3.4085838496685028
720,61.901400029659271,61.806739926338196,-149.87159999459982,-149.56648752093315,38.900002837181091,71.999926120042801,3.0999999940395355,3.2217217683792114
1472,61.518299996852875,61.116181701421738,-149.99730000004638,-149.58435662090778,47.849997878074646,91.438908129930496,3.3999999761581421,3.7810956984758377
1858,59.306900024414062,59.093522071838379,-152.65060007572174,-151.42956510186195,99.99999962747097,78.554309904575348,3.0999999940395355,3.3379389345645905
1658,60.619500011205673,60.568875223398209,-150.71110001206398,-150.32592013478279,49.09999668598175,96.392165869474411,4.3999999947845936,4.611932560801506
58,61.253199994564056,61.261270731687546,-147.03450000286102,-147.53243958950043,18.899999558925629,36.769747734069824,3.7999999970197678,3.6988213062286377
631,60.536199986934662,60.227867424488068,-151.5819000005722,-150.84516629576683,54.099999368190765,91.420203447341919,3.0999999940395355,3.3141445219516754
1883,61.95770001411438,61.959876656532288,-152.15649998188019,-151.03454393148422,127.60000000707805,82.119844853878021,3.199999988079071,3.7220768630504608
1558,60.054400026798248,60.061881244182587,-151.01080003380775,-150.71272605657578,61.999998986721039,104.33072783052921,3,3.2306080162525177
592,60.195599973201752,60.104052841663361,-151.67679995298386,-151.23243007063866,56.299999356269836,104.13110069930553,3,3.5561518371105194
1954,59.675600051879883,59.241271734237671,-152.86480003595352,-151.87954366207123,100.50000064074993,53.862616419792175,3.199999988079071,3.5174229741096497
363,61.91509997844696,61.935617923736572,-152.12010008096695,-151.23669120669365,118.40000003576279,94.143128022551537,3.3999999761581421,3.7504927217960358
1808,61.85589998960495,61.688096404075623,-150.27350000292063,-150.02283032191917,17.999999225139618,78.215006738901138,3.199999988079071,3.6592938601970673
505,62.910599946975708,62.918945670127869,-149.3391999900341,-149.3907333612442,53.599998354911804,35.131312906742096,3,3.6866281628608704
1552,62.666800022125244,62.600619077682495,-149.43689998984337,-149.52022849023342,57.300001382827759,67.157354205846786,3,3.6978054642677307
1617,59.884999990463257,59.776845455169678,-150.65639998018742,-150.75188291072845,28.999999165534973,126.03945122100413,3.4999999701976776,3.8143938928842545
2023,62.909000039100647,62.955497026443481,-150.40150000154972,-150.21172998100519,91.699998825788498,45.003071427345276,3.0999999940395355,3.3879699110984802
1904,59.914199948310852,59.646767854690552,-151.21879997849464,-150.96050298213959,43.799996376037598,128.08137154206634,3.4999999701976776,3.7695109695196152
904,60.489099979400635,60.370493769645691,-150.77979996800423,-150.42960740625858,44.79999840259552,91.215390712022781,3.8999999910593033,4.0982944965362549
733,62.218799948692322,62.223896980285645,-151.10000002384186,-150.69450335204601,86.399998515844345,83.610061556100845,3,3.273717999458313
1480,61.458999991416931,61.222197189927101,-149.95409999974072,-149.64905253052711,40.200002491474152,91.582052409648895,4.8000000044703484,4.5521674063056707
2119,60.884199999272823,60.677263528108597,-152.00779992341995,-151.23200556635857,84.399998188018799,77.535044401884079,3,3.0550169348716736
1178,62.999899983406067,62.95613694190979,-150.91750001907349,-150.60822325944901,114.90000039339066,51.777563989162445,3.2999999821186066,3.6914439797401428
1192,61.372000008821487,61.130253985524178,-150.03420000057667,-149.80908583849669,40.299996733665466,92.907123267650604,3.2999999821186066,3.6091024875640869
1089,61.381099998950958,61.12794429063797,-150.03659999929368,-149.75565735250711,38.099996745586395,103.69765385985374,3.2999999821186066,3.6323531270027161
118,61.784200012683868,61.666722655296326,-151.1468999683857,-150.56491027772427,83.20000022649765,88.501181453466415,3.199999988079071,3.6892711222171783
1476,61.378500014543533,60.786638975143433,-150.02290000068024,-149.40913416445255,42.000003159046173,85.512667894363403,3.0999999940395355,3.4913093447685242
706,60.851999998092651,60.810020491480827,-151.67189991474152,-150.91049686074257,76.600000262260437,83.149872720241547,3.4999999701976776,3.6259000897407532
1888,60.009100019931793,59.809894561767578,-151.53539997339249,-151.12431657314301,58.20000171661377,112.7160657197237,3.0999999940395355,3.2047516107559204
745,59.447000026702881,59.528646469116211,-152.23420000076294,-151.94738405942917,80.800000578165054,96.892474219202995,3.2999999821186066,3.4730360805988312
522,60.011099994182587,60.163805365562439,-150.97800001502037,-150.61550053954124,48.100002110004425,108.72457735240459,3,3.7189550399780273
915,61.635500013828278,61.566069185733795,-151.0911999642849,-150.44716393947601,68.799998611211777,85.939642041921616,3.2999999821186066,3.6843826174736023
1405,61.505699992179871,61.397678136825562,-149.92959999851882,-149.60462039709091,39.300002157688141,84.091480821371078,3,3.4031332433223724
2012,60.030900001525879,59.65997838973999,-152.66049993038177,-151.29091134667397,84.100000560283661,107.90722817182541,3.0999999940395355,3.1796869039535522
993,61.461499989032745,61.237499922513962,-150.0093000002671,-149.82674990594387,21.600000560283661,98.690396174788475,3,3.1557514071464539
513,60.036099970340729,60.013525426387787,-151.03959998488426,-150.52762725949287,49.599997699260712,106.17706179618835,3.0999999940395355,3.2003193497657776
81,60.505299985408783,60.447906494140625,-151.45710003376007,-151.02026572823524,60.000002384185791,87.645057588815689,3.0999999940395355,3.3383021056652069
1868,61.625,61.505115449428558,-150.33079998940229,-149.66137200593948,60.300000011920929,83.648830652236938,3.9999999850988388,4.2740844190120697
1985,61.986400008201599,61.805448591709137,-149.87280000373721,-149.64850064367056,49.199998378753662,88.32196518778801,3.4999999701976776,3.8696855753660202
1584,62.239099979400635,61.941904187202454,-147.90229994058609,-148.1344381570816,34.699998795986176,85.210304707288742,3,3.5727220773696899
914,59.79419994354248,59.563444137573242,-152.96809995174408,-151.78103506565094,103.9000004529953,95.956835895776749,3,3.5221664607524872
380,61.905399978160858,61.845226466655731,-148.276899933815,-148.44638425111771,29.700003564357758,76.880276203155518,3.199999988079071,3.2896013259887695
1226,61.472099989652634,61.233646422624588,-149.96909999940544,-149.76470339298248,20.099997520446777,89.891191571950912,3.2999999821186066,3.809628814458847
2011,60.396799981594086,60.132130265235901,-151.79550004005432,-150.83848205208778,71.199998259544373,81.503067165613174,3,3.2687484920024872
84,62.847100019454956,62.783335328102112,-148.93960002064705,-148.85245352983475,4.3999999761581421,81.348922103643417,3.2999999821186066,3.5127016603946686
1994,62.963099956512451,62.957412958145142,-149.36519998311996,-149.45855087041855,86.699999868869781,37.365823984146118,3.9999999850988388,4.6407267898321152
672,61.174600005149841,60.658784568309784,-152.04490005970001,-151.55010688304901,108.13000053167343,82.69154280424118,3.2999999821186066,3.0052165389060974
774,61.547900021076202,61.417915135622025,-149.91590000130236,-149.31565046310425,46.999998390674591,69.61909681558609,3.8999999910593033,3.7371518611907959
329,60.519300013780594,59.796239614486694,-147.93940007686615,-150.1081514954567,250,141.0773117095232,3.2999999821186066,3.0179825127124786
6,60.061100006103516,59.939356207847595,-151.37040004134178,-150.99940574169159,53.400002419948578,119.88796945661306,3,3.5286325514316559
1222,61.470400005578995,61.170834749937057,-149.91909999959171,-149.75723998993635,29.500000178813934,92.341501265764236,3.8999999910593033,3.9493550509214401
1599,61.674300014972687,61.726076006889343,-147.02089995145798,-147.78377169370651,27.400001883506775,40.758773684501648,3.0999999940395355,3.65708327293396
909,61.240799993276596,61.301309585571289,-151.94779998064041,-150.70225708186626,100.89999996125698,109.4594607129693,3.4999999701976776,3.8990336358547211
468,59.732200026512146,59.585294485092163,-152.55699992179871,-151.36968183517456,84.100000560283661,113.12214005738497,3.5999999642372131,3.7941862642765045
181,60.417900025844574,60.162134051322937,-152.41490006446838,-151.43833288550377,94.000000506639481,92.259906232357025,3.3999999761581421,3.6529296040534973
164,62.919800043106079,62.881466269493103,-148.50830000638962,-148.73741734027863,64.699999988079071,35.924769937992096,3.0999999940395355,3.6205252110958099
1620,62.29229998588562,62.182403683662415,-148.47490006685257,-148.91141912341118,37.199996411800385,73.672223836183548,3.199999988079071,3.6212866902351379
451,62.247200012207031,62.155197143554688,-148.3863000869751,-148.45749431848526,23.500002920627594,79.822864383459091,4.3999999947845936,3.941944420337677
1713,62.627300024032593,62.440688490867615,-148.90139999985695,-148.98471906781197,43.999999761581421,76.758973300457001,3.199999988079071,3.6951476633548737
490,59.797199964523315,59.538076400756836,-151.84439992904663,-151.23885476589203,61.399996280670166,114.99965097755194,3.2999999821186066,3.5950679183006287
1720,61.262600004673004,61.032705131918192,-151.97810000181198,-150.64188721776009,103.70000079274178,86.217831820249557,3.6999999582767487,4.1217208653688431
1763,62.841400027275085,62.801942467689514,-149.37190000712872,-149.52050976455212,72.200000286102295,50.032958388328552,3,3.7700579613447189
287,62.47759997844696,62.402524828910828,-148.23329991102219,-148.52680984139442,42.999997735023499,81.531722098588943,3.7999999970197678,4.1297252252697945
1967,61.698499977588654,61.565975666046143,-147.26529997587204,-147.69749701023102,35.80000251531601,70.323675870895386,4.6000000052154064,4.6142350360751152
87,60.576200008392334,60.543770134449005,-151.48819997906685,-151.04747959971428,52.400000393390656,92.205975204706192,3.2999999821186066,3.5960451364517212
1652,60.083299994468689,60.382984757423401,-147.11630004644394,-147.98548150062561,8.9000016450881958,67.957460880279541,3.3999999761581421,3.5701913237571716
802,60.164499998092651,60.07856696844101,-152.40130001306534,-151.57441341876984,91.299999505281448,101.69637389481068,3.2999999821186066,3.7193916141986847
1050,60.496800005435944,60.56744185090065,-150.72599999606609,-150.45542657375336,50.200000405311584,91.630127280950546,3.0999999940395355,3.2681942582130432
1084,62.996500015258789,62.933068513870239,-150.88769996166229,-151.3608755171299,116.99999962002039,73.060579597949982,3.2999999821186066,3.4689445495605469
1075,59.577700018882751,59.444883108139038,-151.65630000829697,-151.27805426716805,46.09999805688858,90.185645967721939,3.199999988079071,3.803203359246254
2134,62.631999969482422,62.752854585647583,-151.20969995856285,-150.9163253903389,88.799998164176941,106.65583796799183,3.199999988079071,3.1627859473228455
1073,61.399100005626678,61.155810207128525,-149.93470000103116,-149.6612129509449,40.399998426437378,96.085181459784508,4.0999999791383743,4.2851001620292664
1131,61.503000020980835,61.312310189008713,-150.23729999363422,-149.89078128710389,45.500002801418304,98.831893876194954,4.5,4.5119372773915529
1483,61.407999992370605,61.063202165067196,-150.13109999522567,-149.54910273849964,40.10000079870224,86.576353758573532,3.199999988079071,3.7737954407930374
1292,61.456900000572205,61.171535953879356,-150.06580000184476,-149.76978255808353,20.000003278255463,91.789819300174713,3.199999988079071,3.5794512033462524
2136,59.818099975585938,59.347643852233887,-152.27499997615814,-151.40259164571762,88.100001215934753,102.74968110024929,3.0999999940395355,3.0409929156303406
1964,61.543200016021729,61.326947599649429,-152.38279992341995,-151.38148471713066,0.6999969482421875,87.989691644906998,3.3999999761581421,3.7370995581150055
327,59.98580002784729,59.713250875473022,-151.4665000140667,-151.10648319125175,53.400002419948578,126.66067399550229,3.0999999940395355,3.7616948336362839
1368,61.469199985265732,61.241252928972244,-150.02380000054836,-149.77535196393728,49.900002777576447,90.884234756231308,3.199999988079071,3.6060426235198975
442,60.157999992370605,60.106768727302551,-151.3889000415802,-150.90456613898277,54.499998688697815,85.420724004507065,3,3.2570997476577759
834,61.245299994945526,61.027370592579246,-151.21430003643036,-150.46244046092033,70.799998939037323,100.39527155458927,3,3.3147711753845215
1220,61.350800007581711,61.095331691205502,-150.10500000044703,-149.86890291050076,39.300002157688141,94.301722943782806,3.4999999701976776,3.6824073493480682
2097,60.149399995803833,59.656099319458008,-152.81719994544983,-151.21334052085876,115.19999988377094,99.122071638703346,3.199999988079071,3.2492639422416687
832,62.404600024223328,62.324471950531006,-149.51150000095367,-149.40073339641094,49.500003457069397,78.869860619306564,3.8999999910593033,4.2369571924209595
2164,61.488299995660782,61.194823950529099,-149.92529999837279,-149.88730098679662,41.500002145767212,95.380941405892372,3.2999999821186066,3.3455553352832794
348,59.006700038909912,59.158982634544373,-151.16800001263618,-151.24616611003876,24.199999868869781,100.86338967084885,4.5,3.8903519511222839
2203,59.142400026321411,59.068750143051147,-150.90049999952316,-150.78930714726448,26.100002229213715,82.685604691505432,3.2999999821186066,3.5561934113502502
177,60.329200029373169,60.165421664714813,-151.74470007419586,-151.0077877342701,72.276998311281204,88.525623083114624,3.199999988079071,3.5676738023757935
1001,61.585500001907349,61.625586450099945,-147.67920005321503,-148.37021666765213,40.799997746944427,58.793328702449799,3,3.3109133541584015
1310,61.337399989366531,61.104462094604969,-150.02149999933317,-149.8172548301518,36.600001156330109,94.984762370586395,3.7999999970197678,3.8096624761819839
990,61.205799996852875,61.080721355974674,-147.74290001392365,-148.09502559900284,11.600002646446228,77.231112867593765,3.3999999761581421,3.678870677947998
86,59.495700001716614,59.121561288833618,-152.84619998931885,-151.70239162445068,93.800000846385956,99.047942087054253,4.1999999955296516,4.0637011975049973
1728,62.855100035667419,62.903528571128845,-149.5288999825716,-149.590596601367,75.899999588727951,40.545687079429626,3.2999999821186066,3.4139176905155182
2154,59.670899987220764,59.450090646743774,-152.13419991731644,-151.24638506770134,68.799998611211777,125.7728724158369,3.5999999642372131,3.6746138334274292
1961,59.84879994392395,59.62682032585144,-152.48579996824265,-151.36812570691109,77.599998563528061,119.97233331203461,3.7999999970197678,3.7345084547996521
978,61.495799988508224,61.201729238033295,-149.89959999918938,-149.81609275192022,45.500002801418304,93.264419585466385,3.199999988079071,3.3532555103302002
457,62.941400051116943,62.896853804588318,-150.57060000300407,-150.03982464317232,88.300000876188278,38.693830370903015,3.5999999642372131,3.7576792985200882
777,61.534799993038177,61.281555026769638,-149.90269999578595,-149.69086834788322,37.699997425079346,94.324614852666855,4.3999999947845936,3.781764954328537
1463,61.409799993038177,61.541023433208466,-150.05790000222623,-149.42173692584038,42.000003159046173,75.356561690568924,3,3.6331774592399597
642,62.508499979972839,62.654604434967041,-151.19629999995232,-150.62762515246868,87.099999189376831,72.958409786224365,3.2999999821186066,3.918588861823082
2111,61.832799971103668,61.672409236431122,-150.11879999935627,-149.79723617434502,41.599996387958527,81.194061785936356,3,3.1421813070774078
54,59.816400051116943,59.510612964630127,-151.3561999797821,-151.00477364659309,49.300000071525574,133.75222869217396,3.6999999582767487,3.9490169584751129
1640,60.050499975681305,59.847803354263306,-151.71549993753433,-151.23638167977333,53.599998354911804,122.43121326901019,3.4999999701976776,3.7504665702581406
1788,62.021999955177307,61.882816970348358,-150.87729996442795,-150.47760070860386,7.6000019907951355,78.671842813491821,3.0999999940395355,3.4743314981460571
1739,60.182799994945526,59.990431785583496,-151.68030005693436,-150.71323035657406,66.599998623132706,123.52824676781893,5.2000000029802322,4.9357511848211288
643,62.482300043106079,62.40015721321106,-148.25760000944138,-148.24449384212494,35.099998116493225,100.20879283547401,3.0999999940395355,3.3474348485469818
1288,61.48649999499321,61.158564105629921,-149.95250000059605,-149.75173982977867,29.700003564357758,93.34254264831543,3.2999999821186066,3.768962636590004
1204,61.367599993944168,61.123638190329075,-150.08690000139177,-149.80244187265635,36.300003528594971,100.39209388196468,3,3.1937071681022644
677,62.062899947166443,62.007950305938721,-149.35239998996258,-149.33199495077133,38.599997758865356,75.732722878456116,3.2999999821186066,3.6942653059959412
221,61.54040002822876,61.509194910526276,-147.75530004501343,-147.96034491062164,7.6000019907951355,41.659265756607056,3.2999999821186066,3.6174134910106659
113,61,61.017263535410166,-151.62300002574921,-150.78799393773079,72.299998253583908,88.95433321595192,3.3999999761581421,3.747240275144577
1555,62.207299947738647,62.162253141403198,-149.56780001521111,-149.53117056190968,54.999999701976776,74.290763586759567,3.3999999761581421,3.6635213792324066
987,61.379799991846085,61.300489962100983,-147.02980005741119,-147.56701862812042,14.70000296831131,46.7938631772995,3.199999988079071,3.5972002744674683
1451,61.405800014734268,61.645522952079773,-150.03850000072271,-149.55231557786465,41.500002145767212,76.374389231204987,3.5999999642372131,4.1732671558856964
1202,61.489100009202957,61.173968449234962,-149.94249999895692,-149.78360822796822,35.599999129772186,93.450706452131271,3,3.4209979176521301
174,61.5310999751091,61.32062178850174,-149.85399999842048,-149.57783737778664,45.19999772310257,85.351556539535522,3.0999999940395355,3.2801332175731659
1064,62.986999988555908,62.934504151344299,-151.06780001521111,-150.37552070617676,125.19999999494758,72.318274527788162,3.3999999761581421,3.5743249654769897
589,60.100899994373322,59.775902032852173,-152.93099999427795,-151.68239450454712,118.49999986588955,100.73859058320522,3.4999999701976776,3.7033901810646057
1766,59.760599970817566,59.34393322467804,-152.97809994220734,-151.78442394733429,109.20000076293945,83.929963409900665,3.9999999850988388,4.3017178326845169
1857,59.53659999370575,59.350922822952271,-152.31930005550385,-151.34554249048233,49.999997019767761,99.278360605239868,3.0999999940395355,3.6170859932899475
18,60.932700000703335,60.979357589036226,-150.46240000426769,-150.26963755488396,55.900000035762787,99.450103938579559,3.199999988079071,3.3861572742462158
423,61.374599993228912,61.221760362386703,-149.81800000369549,-149.68783865869045,28.800003230571747,86.975909769535065,3.5999999642372131,3.6440503299236298
1593,62.392500042915344,62.27763819694519,-149.25360001623631,-149.3673432469368,51.600001752376556,74.931196868419647,3.8999999910593033,4.0314708352088928
285,59.156499981880188,59.117625117301941,-152.19840002059937,-151.9643007516861,55.500000715255737,77.074840664863586,3.0999999940395355,3.513303816318512
1882,61.865700006484985,61.763912975788116,-150.31320000439882,-149.72538104653358,21.700002253055573,71.332365274429321,3.199999988079071,3.6612002849578857
428,60.436900019645691,60.261683464050293,-152.04689991474152,-151.55230218172073,83.700001239776611,98.356856033205986,4.3999999947845936,3.8921515792608261
1797,60.778200000524521,60.634967446327209,-151.86900007724762,-150.95764526724815,80.299999564886093,77.64950767159462,3.0999999940395355,3.5647484064102173
1689,59.840800046920776,59.494950413703918,-152.90600001811981,-151.71950393915176,99.899999797344208,95.529759302735329,3,3.2453931570053101
669,62.467000007629395,62.475200295448303,-148.28290003538132,-148.59145841002464,44.100001454353333,88.526174426078796,4.3999999947845936,4.6656309105455875
31,60.039900004863739,59.745029807090759,-152.75849997997284,-151.42181003093719,95.000000670552254,102.8294563293457,3.199999988079071,3.5151114463806152
1916,61.456400007009506,61.145438656210899,-149.92369999922812,-149.54318878054619,40.10000079870224,91.643683612346649,3.9999999850988388,4.3425894565880299
722,62.285899996757507,62.224720358848572,-148.54499995708466,-148.7062848508358,9.4999969005584717,92.464841902256012,3.199999988079071,3.5563712418079376
951,61.233799993991852,61.092020630836487,-150.7674999833107,-150.25931143015623,54.399996995925903,100.0978946685791,3,3.3082784414291382
1586,61.975000023841858,61.924927711486816,-150.42129997909069,-149.97500310558826,54.799996316432953,77.936120331287384,3,3.3912445306777954
1351,61.47299998998642,61.240956485271454,-149.96929999999702,-149.64965815097094,35.199999809265137,86.193371564149857,3.199999988079071,3.6677092015743256
214,61.952899992465973,61.948029279708862,-147.74290001392365,-148.01763796806335,15.299998223781586,55.57309091091156,3.2999999821186066,3.6430120468139648
1874,60.298500001430511,60.276756465435028,-150.93359997868538,-150.55197751522064,65.799999982118607,89.562892913818359,3,3.2507632970809937
326,62.894400000572205,62.523380041122437,-150.67890000343323,-150.31089473515749,107.79999941587448,61.091355979442596,3.2999999821186066,3.576903373003006
560,60.316299974918365,60.015909373760223,-152.36029994487762,-151.42837375402451,115.29999971389771,136.90681848675013,5.1000000089406967,4.8194304183125496
1406,61.508599996566772,60.948123961687088,-149.94290000014007,-150.30825584381819,39.599999785423279,93.425970524549484,3.2999999821186066,3.6363245844841003
341,60.146200001239777,59.927729487419128,-151.64099997282028,-151.18762421607971,68.100001662969589,117.59552592411637,3.199999988079071,3.455249547958374
147,59.389600038528442,59.047717213630676,-152.65070003271103,-151.71448230743408,69.299999624490738,77.987998723983765,3,3.2268741130828857
1414,61.38400000333786,61.175654157996178,-150.07949999906123,-149.58509284257889,37.699997425079346,96.007583662867546,5.3000000417232513,5.0588779896497726
1657,59.401600003242493,59.06525981426239,-152.48940002918243,-151.36393135786057,64.100001007318497,78.620016574859619,3,3.611139178276062
966,61.33390000462532,61.139477401971817,-149.98080000048503,-149.79795963317156,46.599999070167542,92.600792646408081,4.0999999791383743,3.9027632474899292
155,62.848899960517883,62.79654324054718,-150.52080000936985,-150.20369640737772,93.499999493360519,48.780843615531921,3.199999988079071,3.743183434009552
1268,61.443899989128113,61.126430720090866,-150.12360000237823,-149.87935684248805,38.699999451637268,94.121100381016731,3.0999999940395355,3.5014452338218689
1228,61.452899992465973,61.197916746139526,-149.97109999973327,-149.79315166175365,39.499998092651367,90.764474123716354,3.3999999761581421,3.5516221225261688
1792,61.075499996542931,61.692865490913391,-147.5181999206543,-149.47479808330536,77.799998223781586,91.591492295265198,3.3999999761581421,3.2776020169258118
1418,61.392300009727478,61.183191657066345,-150.02359999995679,-149.66159869730473,32.31000155210495,88.830281049013138,3.4999999701976776,3.7575926631689072
1667,59.873200058937073,59.447419881820679,-152.83310008049011,-151.51907300949097,91.80000051856041,91.426067054271698,3.199999988079071,3.4807409048080444
1421,61.353199988603592,61.145451739430428,-150.02489999961108,-149.73427478224039,34.999996423721313,93.804314732551575,3.5999999642372131,3.9635477811098099
2076,61.579599976539612,61.544752180576324,-147.90210002660751,-148.2620764374733,14.30000364780426,51.875568926334381,3,3.2902472019195557
1245,61.322699993848801,61.062749780714512,-150.05339999869466,-149.81277279183269,41.79999977350235,100.26090405881405,4.5,4.3725545592606068
2069,62.409000039100647,62.298892736434937,-148.50700002908707,-148.73361763358116,43.300002813339233,77.512536197900772,3.3999999761581421,3.7356911301612854
1386,61.357600003480911,61.12917372584343,-150.03579999972135,-149.76596231013536,34.900002181529999,94.202341511845589,3.4999999701976776,3.9166558384895325
1530,61.424100011587143,61.25957652926445,-150.80750003457069,-150.21225325763226,57.599999010562897,95.210207626223564,3.2999999821186066,3.8523336946964264
1928,59.76830005645752,59.424139022827148,-152.58080005645752,-151.22559803724289,82.600001245737076,93.330711126327515,3.4999999701976776,3.6464259624481201
938,60.20880001783371,60.058049917221069,-152.68180006742477,-151.79787254333496,108.69999974966049,96.354702487587929,3,3.4296988248825073
2101,61.89410001039505,61.837601125240326,-149.42480000853539,-149.4051206856966,37.600003182888031,66.547755151987076,3.4999999701976776,3.6121891736984253
346,61.484899997711182,61.321094989776611,-149.44930002093315,-149.20907601714134,44.900000095367432,102.42271795868874,3.7999999970197678,3.7296781539916992
1650,61.602800011634827,61.344834327697754,-150.72920000553131,-150.10124153271317,66.899999976158142,91.58826619386673,3.4999999701976776,3.6193891167640686
2184,60.230700016021729,59.540130853652954,-152.81040000915527,-151.51773369312286,120.80000014975667,96.730083227157593,3.199999988079071,3.0688763558864594
385,61.482100009918213,61.358891844749451,-151.22049996256828,-150.67083871364594,14.399997889995575,116.29203427582979,3.7999999970197678,3.9927130490541458
1210,61.446099996566772,61.190986469388008,-150.0840000025928,-149.88214759156108,26.500001549720764,93.121502548456192,3.6999999582767487,3.9074330627918243
1248,61.466199994087219,61.157411754131317,-149.93970000185072,-149.7884282246232,39.099998772144318,90.745650231838226,3.0999999940395355,3.6254589557647705
243,59.452800035476685,59.660858631134033,-152.79570007324219,-152.31709170341492,86.399998515844345,44.226214289665222,3.0999999940395355,3.3877721428871155
1428,61.480399996042252,61.263740301132202,-149.95469999872148,-149.62182605266571,42.300000786781311,85.833270102739334,3.0999999940395355,3.4631588459014893
936,59.718299984931946,59.56181788444519,-152.29390007257462,-151.683021068573,66.700000315904617,98.162213340401649,3.3999999761581421,3.7573995888233185
1756,61.572200000286102,61.178635105490685,-149.96249999944121,-149.82426891848445,44.200003147125244,107.5168140232563,3.199999988079071,3.5672632455825806
312,60.741100013256073,60.862452372908592,-150.59690000116825,-150.30371372401714,54.899998009204865,100.08973255753517,3.0999999940395355,3.4187153577804565
2153,59.756999969482422,59.229453325271606,-152.75859993696213,-151.74324917793274,83.500001579523087,60.69512665271759,3.199999988079071,3.2649478912353516
968,60.613999992609024,60.744686305522919,-150.36840000003576,-150.20175956189632,35.40000319480896,91.885589063167572,3,3.0995762050151825
660,62.279600024223328,62.20677661895752,-149.85040000453591,-149.5606555044651,52.199997007846832,77.936872839927673,3.3999999761581421,3.8080623596906662
1772,59.578500032424927,59.429578423500061,-152.65459996461868,-151.27523812651634,78.000001609325409,117.66155157238245,5.5000000298023224,4.9978871494531631
370,61.64139997959137,61.731510043144226,-151.86339998245239,-151.14082413911819,107.79999941587448,95.759950578212738,3.3999999761581421,3.5113447308540344
566,61.746299982070923,61.708932638168335,-149.83450000360608,-149.42403575778008,52.599996328353882,107.79519192874432,3.0999999940395355,3.4446331858634949
1512,61.683499991893768,61.418799579143524,-150.75490003824234,-150.27503545582294,72.00000062584877,90.760219842195511,3,3.596366286277771
824,61.488599985837936,61.289127111434937,-149.90469999611378,-149.66978504508734,47.600001096725464,84.857497364282608,3.3999999761581421,3.7952905744314194
982,60.076200008392334,59.873463749885559,-152.63089996576309,-151.36001774668694,92.099998146295547,98.85292686522007,3.2999999821186066,3.3315791487693787
1125,61.41100001335144,61.127246782183647,-149.96980000007898,-149.74003981053829,45.999996364116669,101.85237601399422,3.3999999761581421,3.9242260605096817
813,62.300899982452393,62.290305376052856,-150.45409999787807,-150.15268632397056,14.70000296831131,81.375621259212494,3.0999999940395355,3.3713698983192444
778,61.534799993038177,61.315152019262314,-149.90190000459552,-149.67712037265301,38.300000131130219,89.123394340276718,3.8999999910593033,3.6777125000953674
1052,61.552500009536743,61.272959291934967,-149.70939999818802,-149.59933952987194,38.300000131130219,87.413843721151352,3.0999999940395355,3.3818666338920593
1393,61.404100000858307,61.100626215338707,-150.07270000129938,-149.93346814624965,39.599999785423279,94.936909154057503,3.199999988079071,3.5278197526931763
1013,59.261899948120117,59.155305147171021,-152.04889994859695,-151.49112948775291,56.000001728534698,69.593802094459534,3,3.5974352359771729
1309,61.472499996423721,61.202313482761383,-149.94109999760985,-149.70885778963566,35.599999129772186,90.767379850149155,3.0999999940395355,3.8436094522476196
1626,62.961699962615967,62.753040313720703,-150.85550004243851,-150.42358374595642,108.79999957978725,84.125269204378128,3.0999999940395355,3.3804726004600525
126,60.916400000452995,60.638600468635559,-152.72140002250671,-151.29720443487167,153.10000069439411,73.99093359708786,3.9999999850988388,3.9013990312814713
887,61.507099986076355,61.23301562666893,-149.85640000551939,-149.74343300610781,45.800000429153442,85.779443383216858,3.199999988079071,3.6417393386363983
1007,60.71450001001358,60.853184938430786,-149.60569998621941,-149.72751047462225,33.399999141693115,90.209435671567917,3.199999988079071,3.6024211049079895
355,61.65310001373291,61.515847444534302,-150.54700000584126,-150.26728085428476,4.9000009894371033,97.380569204688072,3.2999999821186066,3.4028000235557556
1785,60.275799989700317,60.080591380596161,-152.57679998874664,-151.23428276181221,109.30000059306622,94.261668622493744,3.2999999821186066,3.5268670320510864
682,60.368300020694733,60.310566306114197,-151.60140001773834,-151.14339637756348,60.300000011920929,92.863332480192184,3.4999999701976776,3.3251150250434875
1826,61.76419997215271,61.635855793952942,-150.70239999890327,-150.24782643467188,63.400000333786011,83.338536322116852,3.199999988079071,3.5820209383964539
1501,61.431499987840652,61.265504121780396,-150.00629999977536,-148.98121449351311,41.100002825260162,75.799331068992615,3.9999999850988388,3.8654666841030121
984,62.000900030136108,61.957864284515381,-150.41149999201298,-150.07819835655391,59.799998998641968,71.687709540128708,3.0999999940395355,3.6001437306404114
1717,60.150799989700317,59.883996725082397,-152.44400006532669,-151.41119483113289,93.299999833106995,104.38626259565353,3.6999999582767487,3.6763381361961365
140,59.979200005531311,59.807361960411072,-152.16140002012253,-151.2044318318367,87.600000202655792,115.53929280489683,3.3999999761581421,3.6250298917293549
1712,62.196200013160706,62.225482940673828,-151.03910002112389,-150.47108817100525,67.200001329183578,74.554238468408585,3.199999988079071,3.2818153202533722
2056,62.345000028610229,62.26081645488739,-148.92329996824265,-149.16034269332886,46.800002455711365,67.825503647327423,3.6999999582767487,4.0485041588544846
1740,60.576200008392334,60.421731650829315,-151.77689999341965,-150.88771373033524,76.200000941753387,92.011876404285431,3.3999999761581421,3.5898661315441132
1872,60.802799999713898,60.687271445989609,-147.14259999990463,-147.67901104688644,17.899997532367706,85.928812623023987,3.5999999642372131,4.0962587893009186
1302,61.341699987649918,61.115805730223656,-149.99569999985397,-149.76001703739166,44.500000774860382,99.354872480034828,4.5,4.7385636046528816
1112,59.451599955558777,59.68467116355896,-147.02669996023178,-147.77496349811554,12.900002300739288,119.38552837818861,3.2999999821186066,3.1200251877307892
1703,62.778800010681152,62.64322566986084,-150.66759999096394,-150.08656638488173,94.39999982714653,67.150939255952835,3,3.6594895720481873
711,62.27839994430542,62.296014785766602,-150.96930000185966,-150.43993028998375,72.500001639127731,75.167838484048843,3.2999999821186066,3.8015216588973999
1701,61.150999993085861,61.098179623484612,-148.42399996519089,-148.93212980031967,20.300000905990601,90.130116790533066,3.199999988079071,3.6197153627872467
2000,62.817700028419495,62.879593849182129,-150.98079997301102,-150.67772278189659,95.599999651312828,78.066121786832809,3,3.2963797152042389
10,60.609200000762939,60.604866325855255,-151.83569991588593,-151.01779478788376,75.899999588727951,85.930664092302322,3.5999999642372131,3.6227182745933533
1333,61.456699997186661,61.241072654724121,-149.9579999987036,-149.77665077894926,47.200001776218414,88.839277625083923,3,3.5949372053146362
2172,61.633400022983551,61.596361935138702,-151.59399998188019,-151.00074738264084,93.400001525878906,95.126114785671234,3.3999999761581421,3.6515327990055084
754,61.984000027179718,62.080734968185425,-151.88530004024506,-151.03017228841782,97.899999469518661,84.141727536916733,3.9999999850988388,3.7323760092258453
626,62.721500039100647,62.774245262145996,-149.02349996566772,-149.07920578122139,60.999996960163116,58.296859264373779,3.199999988079071,3.6542143821716309
1323,61.504299998283386,61.444061458110809,-149.96279999893159,-149.47741144895554,37.600003182888031,76.695606112480164,3.8999999910593033,3.6266326904296875
129,61.629499971866608,61.852081298828125,-151.97399997711182,-150.44641850888729,92.799998819828033,82.536622881889343,3,3.2052505910396576
843,62.315299987792969,61.997828483581543,-149.09139999747276,-148.94482782483101,50.399996340274811,110.59860698878765,3.2999999821186066,3.4090802371501923
323,62.347900032997131,62.301407098770142,-149.11889997124672,-149.1998296380043,0.10000169277191162,96.487147733569145,3,3.2068661749362946
1738,61.902899980545044,61.775210976600647,-150.79179999232292,-150.39099436998367,57.199999690055847,79.55438643693924,3.199999988079071,3.679632693529129
14,59.578500032424927,59.451144099235535,-152.43580001592636,-151.40124651789665,73.100000619888306,98.07378426194191,3.5999999642372131,3.6559322476387024
2093,61.281399995088577,61.176116198301315,-147.2140000462532,-147.67142057418823,18.799997866153717,47.525301575660706,3.0999999940395355,3.5916972756385803
215,60.096599996089935,60.037195086479187,-152.82799994945526,-151.88758116960526,108.79999957978725,106.30934685468674,3.0999999940395355,3.4107934534549713
1270,61.460999995470047,61.166658565402031,-149.95199999772012,-149.74957030266523,41.599996387958527,92.457696795463562,3.4999999701976776,3.9889611750841141
2066,62.417999982833862,62.420942068099976,-150.983000010252,-150.62116111814976,68.700000643730164,82.336578518152237,3.199999988079071,3.4128915667533875
1259,61.478500008583069,61.207996338605881,-149.92569999955595,-149.62495672702789,44.79999840259552,90.896874666213989,3.4999999701976776,4.156983844935894
864,60.96339999884367,60.936877213418484,-150.80849996209145,-150.35450776666403,47.600001096725464,96.172068268060684,3.0999999940395355,3.518505334854126
516,61.323399990797043,61.495396912097931,-147.02600008249283,-147.78295254707336,15.199996531009674,36.692231893539429,3.199999988079071,3.6600619554519653
597,62.128700017929077,62.133269548416138,-149.67410000413656,-149.37935775518417,37.10000216960907,97.471712157130241,3.3999999761581421,3.670318990945816
195,60.092999994754791,59.691221833229065,-152.85610002279282,-151.83772087097168,108.50000008940697,89.021481573581696,3,3.1775488257408142
288,61.506399989128113,61.376346915960312,-149.84560000151396,-149.49433641135693,42.800001800060272,96.167795360088348,3.0999999940395355,3.42204549908638
950,61.486000001430511,61.273846954107285,-150.61519999802113,-150.22142721712589,57.40000307559967,97.189031541347504,3.4999999701976776,3.6641640365123749
1402,61.402200013399124,61.255166232585907,-150.01900000032037,-149.38046532869339,38.099996745586395,78.538499772548676,3,3.5916624069213867
1637,59.470100045204163,59.269677519798279,-151.32240003347397,-151.16453352570534,45.400001108646393,109.2082317918539,3.8999999910593033,3.7301909923553467
1120,61.375900000333786,61.090096473693848,-150.0246000001207,-149.81525334343314,42.999997735023499,109.0940535068512,3.7999999970197678,3.9069337248802185
549,61.981800019741058,61.963873326778412,-152.16720002889633,-151.1830353140831,126.20000005699694,89.795447885990143,3.3999999761581421,3.628051221370697
156,61.881399989128113,61.75298684835434,-149.22819998860359,-149.2385159432888,3.2000020146369934,54.123282432556152,3.2999999821186066,3.4557337760925293
419,61.666299998760223,61.523281157016754,-149.91039999760687,-149.53420695662498,19.199997186660767,138.47058266401291,3.4999999701976776,3.6215584874153137
922,60.440599977970123,60.228934943675995,-152.02590000629425,-151.26081177592278,81.599999219179153,85.999168455600739,3.2999999821186066,3.4243761599063873
477,60.397499978542328,60.542803913354874,-149.01170003414154,-149.30176855623722,30.100002884864807,92.831436544656754,4.2999999895691872,4.4325233716517687
2071,61.521700024604797,61.248727440834045,-149.84650000557303,-149.59856423735619,55.699996650218964,86.767125874757767,3.8999999910593033,3.7299221456050873
553,61.926800012588501,62.022576928138733,-152.09969991445541,-151.47258827090263,121.19999993592501,90.860027819871902,3,3.2645239233970642
390,60.921899996697903,60.913179457187653,-150.8774000108242,-150.39743761718273,15.000000596046448,101.6052570194006,3.3999999761581421,3.313584566116333
578,60.314499974250793,60.273362874984741,-151.77149999141693,-151.31168156862259,61.300002038478851,100.61101615428925,3.3999999761581421,3.5951875448226929
2033,62.853000044822693,62.827921748161316,-148.9685999751091,-149.14646950364113,63.499998301267624,45.796394348144531,4.2999999895691872,4.5178287872113287
1364,61.460200011730194,61.245871156454086,-150.00020000000222,-149.77061623334885,45.699998736381531,90.170886367559433,3.2999999821186066,3.6085204482078552
2016,59.232300043106079,59.086504697799683,-152.59299999475479,-151.53913396596909,71.600001305341721,77.359039336442947,3.199999988079071,3.304170548915863
820,59.727300047874451,59.692901134490967,-152.42620003223419,-151.7379886507988,87.999999523162842,100.00473633408546,3.199999988079071,3.6478157043457031
2113,60.44379997253418,60.300099909305573,-152.18830007314682,-151.52001768350601,86.800001561641693,97.679203376173973,3.199999988079071,3.2308333218097687
1006,61.454699993133545,61.156267389655113,-149.93540000170469,-149.83132665976882,41.4000004529953,95.48315592110157,3.199999988079071,3.4900800883769989
1247,61.319799989461899,61.09687851369381,-150.04949999973178,-149.86998160555959,34.900002181529999,94.073144719004631,3.3999999761581421,3.6616358757019043
664,60.142400026321411,59.752862215042114,-152.9821999669075,-152.17217516899109,119.7999999858439,84.550138562917709,3.0999999940395355,3.122271716594696
1789,60.100499987602234,59.901015758514404,-152.79919999837875,-151.27529320120811,108.59999991953373,99.367188289761543,3.3999999761581421,3.4796001613140106
142,60.329200029373169,59.912101268768311,-152.6431000828743,-151.46236932277679,105.90000078082085,104.67570647597313,3,3.2316962778568268
1804,60.929099999368191,60.819381609559059,-147.00950002670288,-147.90641140937805,8.1999972462654114,77.775225043296814,3,3.3207364082336426
1403,61.406100004911423,61.133955240249634,-150.10809999704361,-149.85644333437085,39.999999105930328,93.63415464758873,3.5999999642372131,3.7454348802566528
421,61.379700005054474,61.169415533542633,-149.8146000020206,-149.66904198378325,31.099997460842133,122.64757067896426,3,3.2523613572120667
799,61.420199990272522,61.154767438769341,-149.93289999850094,-149.82294883579016,38.900002837181091,96.764571964740753,3,3.5604526698589325
615,59.35860002040863,59.176630973815918,-152.39330005645752,-151.87217724323273,71.100000292062759,85.351374000310898,3.7999999970197678,3.5073486864566803
295,59.740599989891052,59.560327649116516,-152.15779995918274,-151.57775169610977,62.800001353025436,96.391657367348671,3.3999999761581421,3.6729590892791748
401,61.697399973869324,61.75297999382019,-150.94200003147125,-150.40251888334751,65.600000321865082,75.715851038694382,3.4999999701976776,3.6222847402095795
88,62.156599998474121,62.141216635704041,-150.69770000874996,-150.30260089784861,10.999999940395355,85.799854248762131,3.4999999701976776,3.6800436079502106
1578,60.375,60.452733278274536,-150.28369999676943,-150.28262230753899,43.200001120567322,86.105182766914368,3,3.5526867806911469
2171,59.643900036811829,59.430871725082397,-151.87339997291565,-151.23645830154419,57.300001382827759,115.36979768425226,3,3.2188485860824585
131,62.434200048446655,62.311884164810181,-151.11759996414185,-150.57916353642941,13.199999928474426,77.727317810058594,3,3.454559326171875
1699,60.276099979877472,60.300868928432465,-150.96889999508858,-150.41009996831417,62.800001353025436,97.007794305682182,3.7999999970197678,3.8819536864757538
1271,61.45770001411438,61.259166270494461,-150.05390000157058,-149.71806836128235,21.700002253055573,88.557776063680649,3.199999988079071,3.5248721837997437
1596,60.017099976539612,59.709307551383972,-152.86419993638992,-151.55002892017365,103.9000004529953,90.848952531814575,3.4999999701976776,3.4173879325389862
1783,59.936900019645691,59.592561960220337,-152.81309992074966,-151.50491237640381,104.00000028312206,96.499321982264519,3.199999988079071,3.2829265594482422
724,60.174499988555908,60.236839175224304,-151.20129999518394,-150.83969646692276,56.199997663497925,111.68578080832958,3.8999999910593033,3.5722092390060425
1473,61.406199991703033,61.188612386584282,-150.06250000186265,-149.54004245996475,32.200001180171967,90.317707508802414,3.2999999821186066,3.4035637378692627
269,62.885900020599365,62.857954859733582,-150.54289998114109,-150.09502193704247,90.900000184774399,51.46634578704834,3.6999999582767487,4.0268841683864594
1616,59.701200008392334,59.21945858001709,-152.94370007514954,-151.7656597495079,91.40000119805336,81.322558224201202,3,3.5145193040370941
917,61.801199972629547,61.724910497665405,-150.30999999493361,-150.0123868631199,48.900000751018524,75.669713318347931,3.2999999821186066,3.6529385447502136
1748,60.321600019931793,59.142996072769165,-151.93249994516373,-151.5117421746254,193.9999982714653,81.513348966836929,3.0999999940395355,3.2419992685317993
1565,62.32260000705719,62.232619404792786,-151.19420000910759,-150.48741969466209,84.100000560283661,78.307166695594788,3.4999999701976776,3.8595115095376968
1221,61.468699991703033,61.180473834276199,-149.91230000182986,-149.72754147648811,35.80000251531601,92.283476144075394,3.6999999582767487,4.0306117236614227
375,61.368999987840652,61.149518251419067,-150.1744000017643,-149.86880687624216,46.999998390674591,118.96458175033331,3.3999999761581421,3.5513665080070496
333,62.337000012397766,62.213442087173462,-148.92090001702309,-149.16463682055473,4.9000009894371033,87.493285536766052,3,3.6414638757705688
1374,61.379900008440018,61.158461764454842,-149.99790000007488,-149.73663452267647,40.200002491474152,93.999378383159637,3.0999999940395355,3.4344837069511414
2072,61.619199991226196,61.507038652896881,-150.87979996204376,-150.38124503195286,63.999999314546585,89.252952486276627,3.6999999582767487,3.7312467098236084
1118,61.337300002574921,61.119454391300678,-149.97750000050291,-149.80617894977331,41.599996387958527,114.9364123120904,3,3.2729694843292236
910,62.952399969100952,62.884988903999329,-148.1042999625206,-148.59113189578056,58.20000171661377,47.636635601520538,3.0999999940395355,4.0704223662614822
776,61.516600012779236,61.32045242190361,-149.91750000044703,-149.47430554032326,43.700002133846283,84.856092929840088,4.3999999947845936,4.3838640935719013
1335,61.358599990606308,61.109828874468803,-149.98260000022128,-149.81369888037443,37.699997425079346,94.331361353397369,3.4999999701976776,3.7273907661437988
328,60.307399988174438,59.896934509277344,-152.95490008592606,-152.06741917133331,138.60000018030405,71.143701672554016,3.3999999761581421,3.5844758749008179
1820,60.02240002155304,59.713385105133057,-152.74130004644394,-150.9991734623909,92.799998819828033,114.81659021228552,3.9999999850988388,3.9277217388153076
12,60.057299971580505,59.72430419921875,-152.94470000267029,-151.65740758180618,113.4000001475215,93.420322984457016,3,3.1889917552471161
897,59.417600035667419,59.092471361160278,-152.87779998779297,-151.35888880491257,76.499998569488525,77.993579208850861,3.0999999940395355,3.5850985944271088
171,60.619899988174438,60.600662797689438,-151.19569998979568,-150.63617934286594,50.700001418590546,80.170150846242905,3,3.3155669867992401
260,60.431999981403351,60.184808909893036,-151.89929991960526,-151.0746006667614,73.899999260902405,90.225033462047577,3.0999999940395355,3.3952557742595673
1435,61.375099986791611,61.229622453451157,-149.98959999997169,-149.46816059947014,39.599999785423279,84.243174642324448,3,3.5376702547073364
1680,59.513499975204468,59.261278390884399,-152.71979999542236,-151.40007528662682,78.600000590085983,80.169469118118286,3,3.5869653224945068
901,60.743099987506866,60.624955326318741,-147.15349996089935,-147.85180807113647,16.999997198581696,89.293345808982849,3.199999988079071,3.7149965465068817
258,61.201299995183945,61.208274260163307,-147.40379995107651,-147.91400170326233,8.1999972462654114,73.281537741422653,3.199999988079071,3.3791778087615967
844,59.956799983978271,59.668891429901123,-152.89840006828308,-151.85540324449539,107.59999975562096,117.64161055907607,3.8999999910593033,4.2515643462538719
138,59.89110004901886,59.263646125793457,-152.9297000169754,-151.73359715938568,91.899998486042023,98.516004160046577,3.3999999761581421,3.6586496829986572
319,61.588900029659271,61.423969030380249,-148.94830003380775,-149.13100084662437,26.799999177455902,63.978105783462524,3.4999999701976776,3.6095146536827087
1856,62.92929995059967,62.944709777832031,-151.33209997415543,-150.95919406414032,110.7999999076128,63.551466912031174,3.199999988079071,3.7041803598403931
1460,61.53659999370575,61.425034254789352,-149.91079999879003,-149.54602682590485,51.399998366832733,79.069711267948151,3,3.6311013400554657
1394,61.375299990177155,61.257649064064026,-150.0702999997884,-149.57279379665852,41.599996387958527,82.336544990539551,3.2999999821186066,3.6951789557933807
558,59.476899981498718,59.339510321617126,-152.43059992790222,-151.85029596090317,88.100001215934753,86.262203752994537,3.199999988079071,3.3043228983879089
139,62.854400038719177,62.557037711143494,-150.50800001621246,-149.7990962639451,101.60000063478947,61.843372881412506,3.8999999910593033,4.3097540438175201
112,61.389299988746643,61.176927655935287,-150.09530000388622,-149.97363031748682,19.199997186660767,100.15767253935337,3,3.2055793404579163
531,59.990900039672852,59.868368148803711,-152.46320003271103,-151.34771499037743,100.09999945759773,131.72919675707817,3.6999999582767487,4.0703836977481842
224,59.334499955177307,59.251802325248718,-152.95809996128082,-151.9446040391922,80.60000091791153,82.890953868627548,4.0999999791383743,3.7103462219238281
723,59.548799991607666,59.221565246582031,-152.96660006046295,-151.96960955858231,94.900000840425491,82.165747880935669,3.6999999582767487,3.5021633505821228
2045,61.717499971389771,61.693502426147461,-152.08520007133484,-151.25528374314308,117.10000038146973,90.204477310180664,3.3999999761581421,3.602420300245285
1744,61.349599987268448,61.294125199317932,-151.68530005216599,-150.9698880314827,77.599998563528061,92.460144311189651,3,3.7151460349559784
325,59.545300006866455,59.378716230392456,-152.08560007810593,-151.45932501554489,56.10000342130661,119.44177746772766,3.6999999582767487,4.0467404276132584
1949,62.49619996547699,62.027327537536621,-148.33959996700287,-148.47105914354324,16.800001263618469,99.551735445857048,3.0999999940395355,3.6160409152507782
1285,61.392199993133545,61.120352163910866,-150.09090000204742,-149.80513270944357,20.000003278255463,97.804255783557892,3.199999988079071,3.318793773651123
714,61.319999992847443,61.106135100126266,-150.03359999880195,-149.85492476820946,39.999999105930328,93.9805768430233,3.4999999701976776,3.6202647686004639
846,59.947199940681458,59.899359703063965,-148.4410999417305,-149.85663581639528,8.1000030040740967,79.273059964179993,3.0999999940395355,3.1476894915103912
193,62.156700015068054,62.342394113540649,-152.59359991550446,-151.67289555072784,1.0000020265579224,95.108915120363235,3.8999999910593033,3.8600867092609406
573,61.927500009536743,62.021949410438538,-152.09650003910065,-151.21391674876213,110.39999965578318,88.296364992856979,3,3.6213895082473755
946,61.410800009965897,61.23191511631012,-150.4387000054121,-149.96083218511194,61.999998986721039,95.097767189145088,4.0999999791383743,4.1830417290329933
503,60.924800001084805,61.010154904797673,-152.8154000043869,-151.95510935783386,131.30000000819564,53.011506795883179,3.0999999940395355,3.2342232763767242
1389,61.420800000429153,61.118743784725666,-149.91509999893606,-149.81396237388253,46.400003135204315,101.81485861539841,3,3.2473757565021515
1379,61.480399996042252,61.263461828231812,-149.91349999979138,-149.56852197647095,30.000001192092896,86.556196212768555,3.4999999701976776,3.8784211724996567
645,60.048200011253357,59.450438737869263,-152.97130000591278,-152.03208446502686,111.70000024139881,78.126862645149231,3,3.451813817024231
3,60.204999983310699,60.038483858108521,-151.73360002040863,-151.18717181682587,63.999999314546585,122.38849326968193,3.9999999850988388,3.978063628077507
1361,61.371800005435944,61.115298926830292,-150.04319999925792,-149.83685111626983,34.400001168251038,96.186652779579163,3,3.4038740694522858
467,61.704599976539612,61.62112957239151,-151.00119996070862,-150.21669488400221,53.900003433227539,125.94462622655556,3.5999999642372131,3.6138753890991211
5,60.657400012016296,60.631644666194916,-151.20469996333122,-150.84607422351837,63.700001686811447,84.958888590335846,3.3999999761581421,3.5030357837677002
1901,60.425000011920929,59.071337103843689,-152.15199995040894,-151.0048103928566,78.499998897314072,92.19847247004509,3.8999999910593033,4.1845171004533768
547,62.514899969100952,62.363272666931152,-151.54820001125336,-150.8188784122467,97.100000828504562,77.432639896869659,4.0999999791383743,4.0682744979858398
228,60.171500027179718,60.102701783180237,-152.00300002098083,-151.37338301539421,68.399999290704727,90.799678117036819,3.4999999701976776,3.686570405960083
1063,61.466399997472763,61.181129589676857,-149.63819999992847,-149.68026794493198,46.899996697902679,99.680328741669655,3.5999999642372131,3.9100743681192398
542,60.901799999177456,60.868479862809181,-147.63230001926422,-148.27611154317856,28.700001537799835,79.728212207555771,3,3.7009002864360809
242,59.640499949455261,59.07008683681488,-152.79290002584457,-151.83625423908234,99.99999962747097,68.594515323638916,3.2999999821186066,3.2086891829967499
898,60.005999982357025,59.626319766044617,-152.84999996423721,-151.32434338331223,112.30000015348196,120.45911001041532,3.9999999850988388,4.0280599594116211
1343,61.302899986505508,61.096218183636665,-149.93749999813735,-149.73611576110125,45.000001788139343,98.72015006840229,3.8999999910593033,4.2949811071157455
1160,61.442999988794327,61.16347174346447,-149.85389999672771,-149.78647141903639,43.600000441074371,90.91583639383316,3.4999999701976776,3.6547518968582153
2082,61.010800000280142,60.945361889898777,-151.38299998641014,-150.48262640833855,82.299999892711639,84.803387522697449,3.3999999761581421,3.6177148818969727
1290,61.359699994325638,61.103726089000702,-150.0846999976784,-149.84876261651516,27.500003576278687,94.428258016705513,3.0999999940395355,3.610918790102005
842,60.789599999785423,60.643418043851852,-151.44800001382828,-150.77096316218376,69.40000131726265,84.728442132472992,3.8999999910593033,4.0820257365703583
1690,60.004599988460541,59.600290656089783,-152.95139998197556,-151.49223652482033,112.30000015348196,91.783985495567322,3.0999999940395355,3.5222113430500031
2054,61.32490000128746,61.133273214101791,-150.63289998471737,-150.16117867827415,53.599998354911804,96.397411078214645,3.6999999582767487,3.8069490641355515
276,61.441700011491776,61.315884351730347,-149.47649998962879,-149.37830494344234,40.50000011920929,63.884254544973373,3.5999999642372131,3.5459471940994263
661,62.466899991035461,62.447584390640259,-148.24300003051758,-148.59082219004631,42.000003159046173,74.287928640842438,3.9999999850988388,4.1123780161142349
1430,61.38510000705719,61.199380710721016,-150.05230000242591,-149.4186860024929,38.999997079372406,87.327133864164352,3,3.3134897947311401
314,61.996900022029877,61.956306874752045,-150.73139999806881,-150.45207180082798,5.9999972581863403,64.723260700702667,3.0999999940395355,3.6771057844161987
691,62.069499969482422,62.005011677742004,-148.40840005874634,-148.67372739315033,0,99.890246987342834,3,3.4653790891170502
1790,61.722500026226044,61.689247012138367,-148.20260006189346,-148.45960986614227,8.6999982595443726,74.960898607969284,3,3.3517885208129883
424,59.658599972724915,59.573741912841797,-152.67129993438721,-151.65834134817123,82.299999892711639,102.94096730649471,3.5999999642372131,3.6131317019462585
594,59.778300046920776,59.515892505645752,-152.99620002508163,-152.27546274662018,100.09999945759773,82.384310662746429,3.2999999821186066,3.4068376421928406
2185,60.633799999952316,60.60010153055191,-150.2381000071764,-150.11221474036574,42.499996721744537,77.30541005730629,3.4999999701976776,3.3159281015396118
622,62.676300048828125,62.597944736480713,-149.69770000129938,-149.61421363055706,12.299999594688416,74.626896530389786,3.3999999761581421,3.7140699326992035
1387,61.465799987316132,61.138266280293465,-149.90100000053644,-149.77157387137413,31.860001385211945,95.671746879816055,3.0999999940395355,3.3930884599685669
1991,62.775500059127808,62.698903799057007,-149.27470001578331,-149.35644288361073,66.700000315904617,63.740093261003494,4.0999999791383743,4.5685665775090456
227,59.024500012397766,59.063531637191772,-152.54350000619888,-151.84620201587677,63.099998980760574,67.166805267333984,3.199999988079071,3.3513880670070648
1980,59.505499958992004,59.157941102981567,-152.5922999382019,-151.64796245098114,73.100000619888306,76.132584363222122,3.0999999940395355,3.2688136696815491
1169,61.46560001373291,61.250427454710007,-149.62839999049902,-149.58844980597496,44.39999908208847,87.070219218730927,3.5999999642372131,3.8102389723062515
1668,62.898300051689148,62.880710959434509,-149.92129999771714,-149.80192995071411,79.599998891353607,57.966582477092743,4.3999999947845936,4.4409483522176743
1304,61.413199990987778,61.443022400140762,-149.61349998414516,-149.79555071890354,180.39999902248383,79.080827534198761,3.3999999761581421,3.8208960592746735
66,61.745899975299835,61.817351162433624,-150.91909995675087,-150.47353774309158,63.000001013278961,80.466005951166153,3,3.3949517011642456
24,59.103399991989136,59.064915299415588,-152.42370003461838,-151.86389118432999,49.400001764297485,59.508383274078369,3.199999988079071,3.728573352098465
1235,61.345800012350082,61.154352471232414,-149.99869999999646,-149.66872798651457,40.299996733665466,96.385758370161057,4.8000000044703484,4.8618731796741486
144,60.406300008296967,60.194053411483765,-152.14220005273819,-151.21240711212158,82.899998873472214,94.090521335601807,3,3.1640703678131104
536,60.952899999916553,61.056735206395388,-151.38299998641014,-150.6223007440567,53.000003099441528,97.928298637270927,3.0999999940395355,3.4324133992195129
811,60.31879997253418,60.146927952766418,-151.76569998264313,-151.21766424179077,68.700000643730164,93.320954591035843,3.3999999761581421,3.6167190670967102
1355,61.364399999380112,61.110766246914864,-150.05859999731183,-149.79227319359779,32.700002193450928,94.835234805941582,3.0999999940395355,3.771201878786087
85,62.088000059127808,61.994408965110779,-151.40529996156693,-150.78423929214478,81.90000057220459,96.951056271791458,3.0999999940395355,3.405708521604538
1580,62.58840000629425,62.515857696533203,-149.62550000846386,-149.59126049280167,63.499998301267624,71.387074887752533,3.2999999821186066,3.6879050731658936
2081,62.889400005340576,62.856175541877747,-149.05799996852875,-149.24736893177032,73.69999960064888,44.139854609966278,4.0999999791383743,4.2775116115808487
1272,61.361799985170364,61.103798285126686,-150.14410000294447,-149.87612681463361,9.9999979138374329,94.309007748961449,3.199999988079071,3.5668966770172119
484,61.592999994754791,61.492547333240509,-149.65129999816418,-149.38024319708347,38.599997758865356,94.774836674332619,3.4999999701976776,3.6707735359668732
1889,62.137699961662292,62.139130115509033,-150.39920000731945,-149.86355602741241,9.9000036716461182,75.107786804437637,3,3.3514640629291534
2108,62.218299984931946,62.163125276565552,-149.95139999873936,-149.77417369186878,54.300002753734589,75.675278902053833,3.0999999940395355,3.2844753563404083
2120,60.491999983787537,60.658861219882965,-148.85690000653267,-149.21975344419479,38.900002837181091,84.819506853818893,3.3999999761581421,3.4989266395568848
1356,61.489399999380112,61.385810196399689,-149.94800000265241,-150.0345043586567,37.500001490116119,97.473602741956711,3.0999999940395355,3.1567026972770691
362,59.922700047492981,59.998668074607849,-148.87810000777245,-149.4303399771452,10.099999606609344,85.869621485471725,3.5999999642372131,3.6794348359107971
1914,59.817000031471252,59.515453338623047,-152.90189999341965,-151.36316755414009,106.39999993145466,106.34514875710011,3.9999999850988388,3.652621865272522
1366,61.485500007867813,61.18620240688324,-149.94290000014007,-149.82933279499412,39.800003170967102,90.264752507209778,3.3999999761581421,3.7190218269824982
1026,61.432200014591217,61.200798317790031,-149.88800000399351,-149.65617442131042,33.299997448921204,89.438587427139282,3.0999999940395355,3.6503984928131104
1030,60.522100001573563,60.901746839284897,-150.1896999925375,-150.23940192908049,41.900001466274261,93.428749591112137,3.199999988079071,3.663420706987381
2182,61.874000012874603,61.799730062484741,-150.82100003957748,-150.26096577197313,74.09999892115593,78.395392745733261,3.2999999821186066,3.5771353840827942
1609,60.208199977874756,60.244147837162018,-151.01170000433922,-150.61528891324997,60.000002384185791,97.430121153593063,3.0999999940395355,3.5201874375343323
1467,61.411100000143051,61.044900365173817,-150.09160000272095,-148.81404429674149,31.199999153614044,79.076424241065979,3.199999988079071,3.2592321932315826
665,62.481799960136414,62.300530195236206,-148.23880004882812,-148.44354647397995,20.499996840953827,99.416468292474747,3,3.6328006982803345
364,61.733799993991852,61.6916543841362,-151.70200002193451,-151.04185742139816,90.599998831748962,95.565484836697578,3.3999999761581421,3.5616676211357117
1239,61.399300009012222,61.193425938487053,-150.06469999998808,-149.88834579661489,36.100000143051147,96.737021580338478,3.9999999850988388,4.3401004560291767
77,60.074599981307983,59.480450749397278,-152.93510001897812,-151.70663702487946,112.59999964386225,90.877123177051544,3,3.3594542741775513
27,61.504899978637695,61.31675186753273,-150.00310000008903,-149.73922900110483,35.099998116493225,108.36317576467991,3.5999999642372131,3.6516804099082947
1711,62.757300019264221,62.821561932563782,-148.31660002470016,-148.74450811743736,56.50000274181366,51.701441407203674,3.7999999970197678,4.5286257080733776
525,60.779699996113777,60.649092376232147,-152.03450006246567,-151.13125902414322,88.399998843669891,99.784441292285919,4.8000000044703484,5.0889907032251358
725,62.14520001411438,62.137027502059937,-150.38140001893044,-149.85960359126329,60.199998319149017,86.74953505396843,3.0999999940395355,3.0285871624946594
55,60.326300024986267,60.175030946731567,-152.18099999427795,-151.33807799220085,104.10000011324883,88.873058557510376,3,3.3597924113273621
638,62.232800006866455,62.146527409553528,-150.50270001590252,-149.85905772820115,6.4999982714653015,84.958668798208237,3.9999999850988388,4.2426438331604004
302,60.701900005340576,60.650126248598099,-152.08410000801086,-151.68966847658157,88.799998164176941,83.811841905117035,3.4999999701976776,3.4805244505405426
718,61.319000005722046,61.17327319085598,-149.93340000137687,-149.64599217474461,45.999996364116669,95.732878893613815,5.3000000417232513,5.0642723143100739
1441,61.432900011539459,61.231546431779861,-149.920399999246,-149.51625587046146,41.79999977350235,85.143022239208221,3.199999988079071,3.6978224515914917
624,62.866999983787537,62.757800936698914,-149.81819999590516,-149.67948140949011,78.000001609325409,62.972627580165863,3.2999999821186066,3.9173897802829742
7,60.525499999523163,60.486429989337921,-147.18089997768402,-148.02727746963501,1.5999972820281982,68.831030279397964,3.2999999821186066,3.5757384896278381
1280,61.482699990272522,61.168098226189613,-150.05190000124276,-149.76214315742254,31.199999153614044,93.194544315338135,3.0999999940395355,3.3929707109928131
803,62.326799988746643,62.368001937866211,-150.51860001683235,-150.0806343331933,61.599999666213989,84.260441362857819,3.199999988079071,3.4681070744991302
1049,59.840399980545044,59.372718572616577,-152.96670001745224,-151.22572562098503,95.69999948143959,79.223118722438812,3.0999999940395355,3.5362729132175446
336,62.369199991226196,62.303803443908691,-150.13630000501871,-149.73126440495253,59.10000205039978,78.974127769470215,3.199999988079071,3.2868108451366425
47,61.652700006961823,61.598032653331757,-150.97940003871918,-150.30172837525606,62.399998307228088,96.067547798156738,3.0999999940395355,3.3470630943775177
1762,61.940599977970123,61.685698330402374,-149.24180004000664,-149.39580787718296,3.300003707408905,81.649724394083023,3.5999999642372131,4.1898469403386116
106,62.348000049591064,62.359386444091797,-149.15850001573563,-149.38947629928589,3.4999996423721313,65.360225737094879,4.0999999791383743,4.4067296292632818
349,59.02839994430542,59.022104740142822,-151.19259998202324,-150.6982918381691,41.699998080730438,88.08569610118866,4.7000000104308128,4.7663687691092491
1079,61.503000020980835,61.157590284943581,-149.88670000433922,-149.75582438707352,45.800000429153442,107.57242888212204,3.199999988079071,3.6990810334682465
238,61.26460000872612,61.122943535447121,-149.93400000035763,-149.72406213730574,39.899997413158417,95.052702352404594,4.1999999955296516,3.9532035738229752
213,60.150799989700317,59.976942896842957,-152.89010006189346,-152.14546859264374,117.10000038146973,84.698446094989777,3,3.4234512448310852
1144,61.248199999332428,61.119172684848309,-149.89200000464916,-149.80280589312315,46.49999737739563,95.829712226986885,3.199999988079071,3.4569911956787109
2106,59.167999982833862,59.047091007232666,-152.73710006475449,-151.76134693622589,72.700001299381256,88.209338486194611,3,3.0804082453250885
1691,61.419999986886978,61.106102861464024,-149.94890000112355,-149.86408226564527,30.100002884864807,98.610334098339081,3,3.2781258523464203
793,61.173500001430511,61.068412408232689,-149.32369999587536,-149.41795259714127,34.699998795986176,90.560279786586761,4.0999999791383743,3.890913650393486
1096,61.365700006484985,61.117181226611137,-150.01610000012442,-149.80904898047447,39.200000464916229,98.522571846842766,3.0999999940395355,3.4478285908699036
2075,62.554800033569336,62.416694283485413,-151.44369998574257,-150.89998769760132,91.80000051856041,79.182419925928116,3.199999988079071,3.7465552389621735
1332,61.356400012969971,61.082538515329361,-150.09339999966323,-149.89709339663386,33.500000834465027,94.99971941113472,3.3999999761581421,3.732305109500885
2107,60.071200013160706,59.69855785369873,-152.88239997625351,-151.77855509519577,120.99999981001019,96.241386607289314,3.9999999850988388,3.5726588666439056
1987,61.195899993181229,61.19847272336483,-147.72059994935989,-148.13889169692993,38.999997079372406,107.40409232676029,3.199999988079071,3.7696654200553894
523,61.241400003433228,61.165451809763908,-150.66940002143383,-150.15629886835814,41.199997067451477,101.36542469263077,3,3.2083429098129272
232,60.357100009918213,60.369108498096466,-150.69699999690056,-150.45333664119244,61.899997293949127,90.311981737613678,3.2999999821186066,3.5870524048805237
644,60.581699997186661,60.333196818828583,-151.78289991617203,-151.07576259970665,82.100000232458115,104.1646022349596,4.5,4.1159703880548477
2020,62.678599953651428,62.665522575378418,-149.80419999361038,-149.72580356150866,6.9999992847442627,75.839206576347351,3.199999988079071,3.4604054689407349
533,62.545799970626831,62.422443985939026,-151.49759995937347,-150.78498235344887,90.700000524520874,68.378601223230362,3.3999999761581421,3.9017890244722366
1795,61.045400001108646,60.905871152877808,-148.37610000371933,-148.77399972081184,12.599997222423553,96.144706010818481,3.4999999701976776,3.6255383491516113
603,59.106299996376038,59.080695390701294,-152.27640008926392,-151.7399765253067,66.899999976158142,76.192878186702728,3.0999999940395355,3.2902901172637939
1429,61.465799987316132,61.201643735170364,-149.95910000056028,-149.80224466323853,39.499998092651367,91.336391866207123,3.6999999582767487,3.6871872246265411
1074,61.480800002813339,61.11395376175642,-149.91079999879003,-149.82032722234726,26.299998164176941,116.22636020183563,3.0999999940395355,3.3355561494827271
1550,62.135599970817566,62.099742531776428,-149.70939999818802,-149.53011099994183,54.999999701976776,85.592202842235565,4.1999999955296516,4.6906260699033737
60,61.199000000953674,61.05557007342577,-149.6626999899745,-149.61471082270145,38.699999451637268,93.168843537569046,3.7999999970197678,3.7676072269678116
2100,60.403999984264374,60.050060033798218,-152.057000041008,-150.98034560680389,86.800001561641693,105.19095323979855,3,3.1381663084030151
92,60.025499999523163,60.040404438972473,-152.67190003395081,-151.91943329572678,107.10000060498714,94.383407384157181,3.0999999940395355,3.3603099882602692
666,61.632000029087067,61.449995875358582,-149.52979999780655,-149.42780989408493,20.400002598762512,79.097691923379898,3.0999999940395355,3.0722149014472961
1318,61.50220000743866,61.28228360414505,-149.92469999939203,-149.62121656537056,37.500001490116119,86.545854806900024,3,3.5380621254444122
1925,62.954200029373169,62.976141810417175,-149.55220001935959,-149.59361355006695,80.099999904632568,27.136005461215973,3,3.5246463418006897
280,61.252499997615814,61.170707374811172,-149.32359999418259,-149.32017807662487,31.000003218650818,82.341402769088745,3.3999999761581421,3.6645104885101318
1322,61.355199992656708,61.125030174851418,-150.08220000006258,-149.79198986291885,20.000003278255463,98.481118679046631,3,3.2765523791313171
359,59.65719997882843,59.41212797164917,-152.45589995384216,-151.25391107797623,73.600001633167267,97.385087981820107,3.2999999821186066,3.7130832374095917
1338,61.459399998188019,61.370428800582886,-149.98730000015348,-149.67466809600592,32.600000500679016,86.364042013883591,3.4999999701976776,3.4899426698684692
1385,61.532700002193451,61.29913267493248,-149.9472000002861,-149.60224762558937,39.70000147819519,86.854699999094009,4.0999999791383743,3.9316629767417908
847,62.331200003623962,62.303225636482239,-148.74009999632835,-148.97125098109245,19.100002944469452,71.76976278424263,3.5999999642372131,4.1146883815526962
1206,59.905799984931946,59.56865668296814,-152.67030000686646,-148.93867456912994,137.40000035613775,135.58110501617193,3.3999999761581421,3.0708949863910675
1674,59.889400005340576,59.719165802001953,-151.16220000386238,-150.90282252430916,40.799997746944427,117.08456557244062,3.0999999940395355,3.4044186472892761
110,59.827999949455261,59.68108344078064,-152.85140007734299,-150.99789851903915,94.599999487400055,130.26277860626578,4.8000000044703484,4.2076435089111328
42,62.75629997253418,62.5839684009552,-148.94230002164841,-148.9948473572731,70.999998599290848,90.275987982749939,4.6000000052154064,4.9797341823577881
125,59.420500040054321,59.120832920074463,-152.66119998693466,-151.70472532510757,71.100000292062759,80.592326819896698,3.199999988079071,3.5803356170654297
204,62.530400037765503,62.624097347259521,-151.18250003457069,-150.80111253261566,84.399998188018799,67.428726702928543,3.2999999821186066,3.7483294308185577
52,62.243199944496155,59.332925319671631,-150.91770002245903,-150.922941416502,71.699999272823334,130.55286323651671,3.3999999761581421,4.5375145822763443
545,59.187199950218201,59.065387845039368,-152.38330006599426,-151.23277831077576,65.299998968839645,81.121094524860382,3.199999988079071,3.6054908037185669
68,59.535300016403198,59.214418768882751,-152.91279995441437,-152.49980843067169,105.59999942779541,65.729111433029175,3,3.3017101585865021
1894,61.640399992465973,61.48395699262619,-150.53160001337528,-149.93035188317299,45.900002121925354,87.516296654939651,3.6999999582767487,4.3243979997932911
1840,62.347599983215332,62.372191429138184,-151.2418999671936,-150.69703915715218,12.999996542930603,78.655976802110672,3.3999999761581421,3.8036217391490936
183,62.71560001373291,62.742143630981445,-149.40870000422001,-149.38741435110569,69.099999964237213,57.817213237285614,3,3.5737370252609253
137,62.009500026702881,61.97818398475647,-151.42379996180534,-150.80300635099411,81.999998539686203,81.429861485958099,3.8999999910593033,3.9281340837478638
899,61.480800002813339,61.276301503181458,-149.88819999620318,-149.72860289365053,41.100002825260162,87.904836982488632,3.8999999910593033,3.8910010010004044
796,61.687799990177155,61.56937438249588,-150.52590000629425,-150.09229031391442,59.399999678134918,84.195472300052643,3.9999999850988388,4.0539962947368622
132,61.187600001692772,61.231165006756783,-152.28480005264282,-151.52722674608231,10.099999606609344,92.378754168748856,3.0999999940395355,3.2671196758747101
80,60.548000007867813,60.481545686721802,-151.78699994087219,-151.16962042450905,69.299999624490738,102.10215486586094,3.4999999701976776,3.7953639328479767
1767,62.24399995803833,61.888771593570709,-148.0314000248909,-148.18252980709076,18.899999558925629,99.391758441925049,3,3.7906423062086105
1831,62.864099979400635,62.777368068695068,-150.49230001866817,-150.18534350395203,99.700000137090683,60.900866985321045,3.2999999821186066,3.7176837623119354
541,60.401700019836426,60.447716057300568,-151.09389996528625,-150.68129575252533,50.800003111362457,95.677832141518593,3.2999999821186066,3.7152479588985443
2118,60.268400013446808,59.186138391494751,-152.91199994087219,-152.36397975683212,131.3999998383224,96.654549241065979,3,3.0787233710289001
983,59.694300055503845,59.418439984321594,-152.91510003805161,-151.67759907245636,101.19999945163727,97.893238067626953,3.5999999642372131,3.6005400717258453
165,59.597599983215332,59.461790800094604,-152.88459992408752,-152.38637280464172,97.799999639391899,72.128497064113617,3,3.0704683363437653
248,60.229300022125244,59.835965871810913,-152.78460001945496,-151.96129274368286,12.800000607967377,122.26678407751024,3.3999999761581421,3.6331263184547424
1331,61.493999987840652,61.218499734997749,-149.91390000097454,-149.66542200744152,35.599999129772186,91.379217803478241,3.5999999642372131,4.1486908122897148
446,59.530699968338013,59.070847749710083,-152.93120008707047,-151.65173757076263,91.200001537799835,64.45544958114624,3,3.3450754880905151
1360,61.501299977302551,61.430612146854401,-149.96989999897778,-149.66284024715424,24.499997496604919,83.788763731718063,3.199999988079071,3.7986790984869003
858,62.263299942016602,62.301670074462891,-151.1865000128746,-150.47762954235077,74.499998241662979,76.500773429870605,3.3999999761581421,3.7174559533596039
1433,61.411700010299683,61.021265562623739,-150.02890000026673,-149.27939634025097,41.100002825260162,83.964139223098755,3.4999999701976776,3.7281672656536102
97,60.119799971580505,60.01088947057724,-148.46660006046295,-149.00470635294914,6.099998950958252,74.811782687902451,3.2999999821186066,3.7020863592624664
1811,60.903099998831749,60.745226562023163,-152.45889991521835,-151.22721737623215,112.49999981373549,77.226012945175171,3.2999999821186066,3.6985748112201691
805,61.933200001716614,62.080457806587219,-151.89660000801086,-150.97293332219124,111.39999981969595,85.741367191076279,3,3.4115664660930634
737,61.156900003552437,60.877464793622494,-152.84909999370575,-152.16721343994141,169.79999840259552,45.868776738643646,3.2999999821186066,3.2176801264286041
1489,61.551999986171722,61.219808503985405,-147.80510008335114,-149.50777038931847,67.200001329183578,87.856393307447433,3.4999999701976776,4.0975768268108368
102,60.019299983978271,59.744699954986572,-152.8063999414444,-151.25819957256317,122.10000003688037,103.48249413073063,3.2999999821186066,3.5541840791702271
434,61.750699996948242,61.614023387432098,-149.77590000629425,-149.49429389834404,36.200001835823059,74.34530183672905,3.9999999850988388,4.0191637873649597
74,59.95389997959137,59.682917356491089,-152.69940000772476,-151.3099068403244,100.29999911785126,109.56469550728798,3.2999999821186066,3.7345982193946838
577,59.096300005912781,59.068810939788818,-152.91819995641708,-152.15567529201508,80.499999225139618,70.050090551376343,3.6999999582767487,3.7545762062072754
1420,61.370200008153915,61.197292745113373,-150.04139999952167,-149.57382179796696,40.700003504753113,91.570261865854263,4.1999999955296516,4.3602308928966522
1488,61.428900003433228,61.271941274404526,-149.89520000293851,-149.37409226596355,43.399997055530548,82.718312740325928,3.3999999761581421,3.4599363505840302
1230,61.478799998760223,61.218270227313042,-149.98659999947995,-149.72525337338448,34.800000488758087,95.201572403311729,3.0999999940395355,3.2382813692092896
918,59.652899980545044,59.529280424118042,-150.54609999060631,-150.698824390769,43.899998068809509,128.59232863411307,3.2999999821186066,3.7931574136018753
1326,61.505200028419495,61.230172246694565,-149.91439999826252,-149.69192180782557,36.200001835823059,92.647496610879898,3,3.3237124085426331
2039,61.971000015735626,61.979829907417297,-151.81300002336502,-151.14073848724365,102.700000628829,87.476231157779694,3,3.1693315207958221
2013,61.313100010156631,61.277936041355133,-147.46760004758835,-147.98151004314423,29.600001871585846,66.39452651143074,3.5999999642372131,3.595887154340744
1924,62.302099943161011,61.976699471473694,-148.34930008649826,-148.22967320680618,35.80000251531601,106.04266077280045,3,3.6254910528659821
762,61.564899981021881,61.340804874897003,-149.78449999541044,-149.61649323999882,39.899997413158417,84.26973968744278,3,3.4071856141090393
989,62.575999975204468,62.609879732131958,-151.2127999663353,-150.94176122546196,88.399998843669891,67.295301705598831,3.3999999761581421,3.8423781394958496
388,59.277899980545044,59.46088695526123,-150.64260001480579,-150.78884330391884,36.70000284910202,143.36229115724564,4.7000000104308128,4.3559555299580097
235,60.66049998998642,60.513228595256805,-151.11520001292229,-150.5752299875021,56.400001049041748,79.322826117277145,3.0999999940395355,3.1591290235519409
1793,62.979400038719177,62.96664559841156,-148.92199999094009,-149.27582694590092,78.200001269578934,24.806618690490723,3.2999999821186066,3.6947844922542572
267,60.726000010967255,60.626670509576797,-151.07929998636246,-150.57363143563271,59.299997985363007,77.169634401798248,3.199999988079071,3.35683473944664
1329,61.350899994373322,61.120765835046768,-149.9947000000393,-149.73607257753611,40.600001811981201,96.36688232421875,4.0999999791383743,4.2515776008367538
1404,61.413399994373322,61.111699737608433,-150.05350000038743,-149.77144572883844,40.299996733665466,95.315352082252502,3.5999999642372131,4.0946870595216751
117,62.720600008964539,62.760345578193665,-151.00099995732307,-150.5754556953907,85.900001227855682,52.860468626022339,3.5999999642372131,4.0085597634315491
1908,61.542699992656708,59.245990872383118,-151.87669998407364,-151.42773109674454,16.199998557567596,121.43605342134833,3.0999999940395355,3.1247954070568085
673,62.46150004863739,62.226769685745239,-148.24769997596741,-148.42653393745422,42.099997401237488,60.211755335330963,3,3.3761368989944458
249,62.124899983406067,62.237043142318726,-152.59280008077621,-151.76943898200989,1.100003719329834,94.515129923820496,3,3.6281465291976929
1941,60.478900015354156,60.484308123588562,-148.47149991989136,-148.83566254377365,12.599997222423553,126.69204268604517,3.0999999940395355,3.5694082975387573
2202,60.645000010728836,60.605650424957275,-151.26499995589256,-150.68165892362595,68.700000643730164,82.82369002699852,3.0999999940395355,3.2869448661804199
94,61.607800006866455,61.400125175714493,-150.08590000122786,-149.88976732268929,38.40000182390213,104.31853868067265,3.2999999821186066,3.5992051362991333
2044,61.345699995756149,61.252112120389938,-151.1734000146389,-150.46204671263695,68.300001323223114,97.600581124424934,3.2999999821186066,3.4456202387809753
33,62.723099946975708,62.676271080970764,-149.6655999943614,-149.41618202626705,57.899996638298035,99.07057136297226,3.199999988079071,3.1361749470233917
1741,61.457500010728836,61.292754888534546,-152.13959991931915,-151.04830035567284,107.99999907612801,94.302618876099586,4.9000000208616257,4.147115595638752
1983,60.46399998664856,60.545150488615036,-150.61399997770786,-150.26846837997437,51.399998366832733,87.586063891649246,3.199999988079071,3.4185605943202972
448,61.976700007915497,61.968155682086945,-149.95489999931306,-149.73857000470161,28.599999845027924,70.389449596405029,3.0999999940395355,3.5047463178634644
716,60.207000017166138,59.945256114006042,-152.589399933815,-151.36900305747986,103.70000079274178,98.583811894059181,3.2999999821186066,3.3847893476486206
1962,61.038199998438358,60.904980108141899,-148.93279999494553,-149.24912559986115,21.399997174739838,96.170710399746895,3.5999999642372131,3.6396552622318268
1807,61.004600000102073,60.713532716035843,-152.19550001621246,-151.31342777609825,124.39999997150153,70.268146693706512,3,3.1844517588615417
0,61.59469997882843,61.593737065792084,-152.18250006437302,-151.08982354402542,115.79999979585409,100.40521062910557,3.9999999850988388,3.7598274797201157
2034,60.998999999952503,60.848561376333237,-151.42570003867149,-150.69852903485298,66.899999976158142,79.539705067873001,3.3999999761581421,3.5969104170799255
1101,61.466800004243851,61.112253963947296,-149.96509999874979,-149.7831494808197,45.100003480911255,107.6213251799345,3.199999988079071,3.7466427683830261
1108,61.338899999856949,61.140596702694893,-150.09160000272095,-149.72847095131874,18.799997866153717,110.74384581297636,3,3.1472746431827545
1449,61.407799988985062,61.111106030642986,-150.09439999982715,-149.14292746782303,38.999997079372406,73.307130485773087,3.7999999970197678,3.7111255824565887
82,60.955899998545647,60.991477615199983,-150.91620004177094,-150.48613259196281,48.100002110004425,98.718691617250443,3.199999988079071,3.515361875295639
1526,61.364199995994568,61.255765318870544,-151.24970000982285,-150.52731585502625,9.4999969005584717,104.02246005833149,3,3.1643878519535065
676,61.337099999189377,61.318302154541016,-147.28800004720688,-147.59067159891129,10.899998247623444,68.08045506477356,3.199999988079071,3.378165990114212
1726,60.17629998922348,59.944878101348877,-152.69600003957748,-151.33314889669418,103.09999994933605,101.54612921178341,3,3.0365644991397858
1046,60.874699994921684,60.92271975427866,-149.47599998116493,-149.54576870799065,24.999998509883881,91.718532145023346,3.2999999821186066,3.6884240806102753
770,60.914899997413158,60.872078657150269,-151.17059996724129,-150.6142460256815,65.600000321865082,87.580759078264236,3.0999999940395355,3.6335121989250183
1437,61.439500004053116,61.287033468484879,-150.10920000448823,-149.54229600727558,33.600002527236938,87.837532162666321,3.199999988079071,3.2619266510009766
1517,60.958099998533726,60.893760323524475,-152.15699994564056,-151.27694642543793,99.799999967217445,77.630214393138885,3.0999999940395355,3.4638842940330505
1879,60.610199987888336,60.540988057851791,-151.03970003128052,-150.5631098896265,61.800003051757812,80.50234243273735,3.0999999940395355,3.5686583518981934
1773,59.708299994468689,59.428568363189697,-152.98179996013641,-152.11700749397278,96.999999135732651,55.750757455825806,3.2999999821186066,3.5286857485771179
404,59.473299980163574,59.145994782447815,-152.53340005874634,-152.13759291172028,70.399999618530273,73.873728513717651,3.0999999940395355,3.4049157500267029
384,62.956200003623962,62.9523766040802,-150.43380001187325,-149.96106375474483,104.49999943375587,28.823822736740112,3.199999988079071,3.4937714338302612
1891,61.131500005722046,60.858563378453255,-151.33629995584488,-150.35882643610239,67.299999296665192,85.632719099521637,3.2999999821186066,3.7874929010868073
1590,61.133200004696846,60.745264410972595,-150.76260003447533,-149.94243780523539,19.900001585483551,85.913825780153275,3.4999999701976776,3.2451684772968292
104,60.964899998158216,60.989702047780156,-151.85370004177094,-151.03067001700401,90.599998831748962,87.618649005889893,3,3.6830422282218933
688,60.160700023174286,60.019365429878235,-152.76349997520447,-151.98547142744064,109.50000025331974,100.25227256119251,3.6999999582767487,3.6703113913536072
1551,62.370499968528748,62.293041944503784,-151.27349996566772,-150.59211198985577,81.799998879432678,77.652696520090103,3.2999999821186066,3.7764774262905121
826,59.818600058555603,59.775445938110352,-151.39649999141693,-151.11091437935829,72.200000286102295,124.00414294097573,3.4999999701976776,3.8227971196174622
1240,61.411199986934662,61.123218297958374,-149.94400000199676,-149.78302209824324,35.199999809265137,93.733221292495728,3.2999999821186066,3.6448685824871063
62,62.337700009346008,62.386565685272217,-149.73959999531507,-149.47403579950333,41.79999977350235,67.174021154642105,3.199999988079071,3.5934132635593414
1305,61.337900012731552,61.126967579126358,-150.03479999955744,-149.78305971622467,19.00000125169754,97.639171406626701,3,3.3210517466068268
852,61.736599981784821,61.716543734073639,-147.15330004692078,-147.69587051868439,28.999999165534973,49.980863928794861,3.4999999701976776,3.912495419383049
1607,59.353099942207336,59.376186966896057,-151.21999999880791,-151.05448499321938,42.499996721744537,122.04911443404853,3.199999988079071,3.4849540293216705
1262,61.363099992275238,61.077723629772663,-150.06159999780357,-149.90611933171749,39.999999105930328,95.313999801874161,3.4999999701976776,3.7574183195829391
223,59.819700002670288,59.653630018234253,-151.87410002946854,-151.43043771386147,58.20000171661377,115.28249643743038,3.2999999821186066,3.6649731695652008
145,60.39410001039505,59.857991695404053,-152.81549996137619,-151.26967719197273,125.39999998989515,96.494870260357857,3.199999988079071,3.1269782781600952
1088,59.825099945068359,60.052075386047363,-147.78640007972717,-149.48660543560982,85.499998182058334,62.826063483953476,3,3.3735738694667816
373,61.351000010967255,61.222008556127548,-149.56510001420975,-149.51584285497665,30.299998819828033,112.33191285282373,3.0999999940395355,3.1824438571929932
1692,61.681599974632263,61.455063313245773,-149.66780000925064,-149.45747101306915,35.199999809265137,79.38038557767868,4.1999999955296516,4.2130794301629066
1142,59.254999995231628,60.136371791362762,-147.63899999856949,-148.56996899843216,20.999997854232788,66.315367817878723,3,3.1060531139373779
2114,59.823799967765808,59.108261585235596,-152.93050003051758,-152.12351739406586,103.4999992698431,95.636673271656036,3.0999999940395355,3.0360420048236847
1779,61.665700018405914,62.007022023200989,-152.53930002450943,-151.2067004442215,6.099998950958252,87.185565382242203,3,3.6384381651878357
1274,61.420800000429153,61.129420042037964,-149.98260000022128,-149.73998276889324,37.000000476837158,95.024863258004189,3.7999999970197678,4.0272291898727417
1265,62.912199974060059,60.082385420799255,-152.92739993333817,-149.38237792253494,11.200003325939178,128.99324717000127,3.2999999821186066,3.0765243172645569
1902,61.02309999987483,60.939631775021553,-150.3213000074029,-149.83069773763418,51.299996674060822,103.12934964895248,3,3.1174590289592743
1897,59.811200022697449,59.428906440734863,-152.90430003404617,-151.6392679810524,103.9000004529953,87.841268628835678,3.0999999940395355,3.187836617231369
9,60.394500017166138,60.367823839187622,-151.1370000243187,-150.71553361415863,47.300003468990326,96.17900475859642,3.199999988079071,3.6430476307868958
449,60.857600003480911,60.842733234167099,-151.0973000228405,-150.35588454455137,58.300003409385681,85.528917610645294,3.199999988079071,3.4159784317016602
708,59.732399940490723,59.523592233657837,-152.38319993019104,-151.50124722719193,69.699998944997787,96.495477482676506,3,3.1788132190704346
255,61.504000008106232,61.242964968085289,-150.04869999736547,-149.73302026838064,45.400001108646393,91.570708900690079,3,3.4014909267425537
882,60.749000012874603,60.73613029718399,-151.32629996538162,-150.83578231930733,54.899998009204865,84.840521216392517,3,3.3687056601047516
389,60.031199991703033,59.93121325969696,-152.28860002756119,-151.70993757247925,69.099999964237213,98.844991996884346,3,3.1702977418899536
1559,59.996899962425232,59.815130472183228,-152.1742000579834,-151.21882796287537,80.699998885393143,126.58418423961848,3.0999999940395355,3.6719194650650024
908,62.831099987030029,62.785574197769165,-149.57919998466969,-149.58010813593864,83.099998533725739,65.603364259004593,4.2999999895691872,4.5020685181953013
924,60.575800001621246,61.888531744480133,-152.12709993124008,-149.59017030894756,62.5,81.059049814939499,3.5999999642372131,3.3213509917259216
2029,62.793300032615662,62.739701271057129,-149.20150002837181,-149.35325910151005,61.599999666213989,57.238176465034485,3.0999999940395355,3.4545124769210815
1455,61.477400004863739,61.173576608300209,-149.9753000009805,-149.29037900269032,48.19999635219574,84.946975111961365,3.5999999642372131,4.1620966717600822
460,59.212599992752075,59.047798156738281,-152.15859997272491,-150.97451484203339,72.00000062584877,101.42275132238865,4.1999999955296516,4.6747124455869198
1503,61.282200008630753,61.162885591387749,-149.95710000023246,-149.58305333554745,40.799997746944427,97.496971487998962,5.7000000178813934,4.9044130593538284
2026,61.36829999089241,61.084722898900509,-150.11209999769926,-149.93315628916025,45.400001108646393,101.58989019691944,3.0999999940395355,3.1779212951660156
1168,61.375699996948242,61.11198565363884,-150.0890999995172,-149.83776322379708,19.900001585483551,99.524850025773048,3.0999999940395355,3.2383365333080292
958,61.311199992895126,61.20400558412075,-152.31400001049042,-151.56534218788147,127.30000005103648,94.737892970442772,3.0999999940395355,3.1610190868377686
501,61.664900004863739,61.507678627967834,-150.68809998035431,-150.27276420593262,39.899997413158417,113.27417846769094,3.2999999821186066,3.4517043828964233
739,59.442299962043762,59.363592982292175,-152.74750006198883,-152.19131255149841,80.099999904632568,84.346301853656769,3.3999999761581421,3.6291191875934601
40,61.303900003433228,61.090212769806385,-150.02560000028461,-149.86476561427116,39.999999105930328,110.55892892181873,3,3.2993457913398743
868,61.333299994468689,61.092880196869373,-150.64560002088547,-150.21705899387598,53.400002419948578,97.267938777804375,3.0999999940395355,3.4968814551830292
731,61.691600024700165,61.537146866321564,-149.46559998393059,-149.41930130124092,30.199997127056122,73.526948690414429,3.199999988079071,3.5621874332427979
539,62.924499988555908,62.894201517105103,-150.94020000100136,-150.39106728136539,105.1000002771616,46.94734513759613,3,3.525841623544693
1201,61.364100009202957,61.111895732581615,-150.04960000142455,-149.84743217378855,34.500002861022949,94.458442181348801,3.2999999821186066,3.5435264110565186
1339,61.471100002527237,61.255000919103622,-149.93889999948442,-149.63672918826342,44.900000095367432,88.375445455312729,3,3.8540241122245789
697,61.545199990272522,61.307081371545792,-150.0245000012219,-149.75839767605066,44.900000095367432,100.67508928477764,3,3.1425455510616302
1656,60.036800026893616,59.952615976333618,-151.62220001220703,-150.8748422563076,70.000000298023224,94.883337616920471,3.0999999940395355,3.6165477633476257
2050,59.947499990463257,59.732852458953857,-152.84619998931885,-151.26200330257416,119.29999990388751,105.55755160748959,3.4999999701976776,3.3803578913211823
1371,61.375699996948242,61.128647297620773,-150.02130000013858,-149.80950126796961,34.599997103214264,92.713255435228348,3.4999999701976776,3.7075161337852478
1145,61.879999995231628,61.713967263698578,-147.32059997320175,-147.80162072181702,41.79999977350235,56.689679622650146,3.4999999701976776,3.8685633391141891
1031,61.360300004482269,60.532185465097427,-149.27899999916553,-150.06278623826802,0,77.201500535011292,3.3999999761581421,3.5281725525856018
372,60.208599984645844,59.982488751411438,-152.4404000043869,-151.3413465321064,87.600000202655792,126.11394037958235,4.0999999791383743,3.8792056292295456
667,62.478500008583069,62.255073308944702,-148.24970000982285,-148.25788110494614,20.300000905990601,122.83485988155007,3.199999988079071,3.432628870010376
1431,61.37950000166893,61.533605337142944,-150.01449999958277,-149.90104484930634,46.999998390674591,82.795869559049606,3.0999999940395355,3.4054568409919739
1850,61.67059999704361,61.606239259243011,-151.68809992074966,-150.79933252930641,96.999999135732651,94.074271619319916,3.2999999821186066,3.7708274871110916
357,60.138000011444092,59.910638809204102,-152.8150999546051,-151.93233919143677,114.29999954998493,87.871838361024857,3.199999988079071,3.3529778122901917
967,62.013100028038025,61.865797698497772,-148.46259999275208,-148.80209237337112,41.599996387958527,74.91593062877655,3,3.7012180387973785
783,61.519299983978271,61.251865476369858,-149.91620000079274,-149.44157722592354,40.299996733665466,88.167380541563034,4.9000000208616257,4.82491135597229
735,60.353600025177002,60.164654016494751,-152.47699999809265,-151.71856641769409,101.80000029504299,91.317363083362579,3.0999999940395355,3.487551212310791
1353,61.375999987125397,61.113454177975655,-149.97809999948367,-149.73817867040634,44.79999840259552,97.847040742635727,4.5,4.5829807966947556
1035,62.585800051689148,62.756024599075317,-151.34079998731613,-150.95584157109261,93.800000846385956,69.962363690137863,3,3.710536926984787
970,60.711899995803833,60.811854481697083,-151.67669999599457,-150.72057518362999,77.700000256299973,83.738837391138077,3.3999999761581421,3.6941372752189636
1814,60.377799987792969,60.372808635234833,-148.29189991950989,-149.078547924757,23.900002241134644,76.039675623178482,3,3.5411362051963806
1771,59.764899969100952,59.795256495475769,-150.61560000479221,-150.72590397298336,35.499997437000275,105.13671487569809,3.199999988079071,3.5643283724784851
2077,60.075500011444092,59.679410457611084,-152.99719995260239,-151.43773010373116,115.60000013560057,101.42074897885323,3.0999999940395355,3.1147222816944122
1880,62.182700037956238,62.010964512825012,-148.88870000839233,-149.18161788582802,4.3999999761581421,81.444390118122101,3,3.6431436538696289
1532,60.297299981117249,59.998834609985352,-152.70480000972748,-151.24293512105942,114.79999963194132,96.590086817741394,3.2999999821186066,3.7281675338745117
1813,60.650200009346008,60.678025037050247,-151.64279991388321,-150.97879162430763,68.300001323223114,79.107813537120819,3,3.5866461396217346
1328,61.479299992322922,61.17397166788578,-149.90789999999106,-149.7346198707819,31.000003218650818,91.746088117361069,3.2999999821186066,3.5043572187423706
1604,61.925999999046326,61.893805265426636,-147.31620007753372,-147.94106715917587,39.300002157688141,64.078167080879211,3,3.6448131501674652
1775,60.126600027084351,60.014200389385223,-152.77530008554459,-151.8226380944252,112.09999956190586,62.479056417942047,3.0999999940395355,3.4703429639339447
1425,61.388999998569489,61.167455330491066,-150.00500000012107,-149.6529685780406,42.800001800060272,92.41851419210434,3.0999999940395355,3.865869015455246
1464,61.504000008106232,61.409828186035156,-149.93159999884665,-149.43437433242798,45.800000429153442,78.111831098794937,3.199999988079071,3.7951476573944092
1952,59.826200008392334,59.621647715568542,-152.9031999707222,-151.78510630130768,107.79999941587448,73.113739490509033,3.5999999642372131,3.6341401934623718
1252,61.477899998426437,61.235869854688644,-149.90560000017285,-149.73621133714914,41.199997067451477,89.83539417386055,3.0999999940395355,3.8150205463171005
2018,62.042600035667419,61.950061321258545,-150.67960001528263,-150.24817572534084,61.700001358985901,72.681982070207596,3.3999999761581421,3.5630502998828888
2043,60.135999977588654,59.679256439208984,-152.74769997596741,-151.1552147269249,97.100000828504562,99.116578698158264,3,3.180637389421463
1236,61.471500009298325,61.142345160245895,-150.09210000000894,-149.81432871893048,18.10000091791153,96.893124282360077,3.2999999821186066,3.2537992000579834
885,59.371600031852722,59.124939680099487,-152.84379994869232,-152.10599201917648,90.199999511241913,72.618093341588974,3.0999999940395355,3.6632730960845947
79,60.601700007915497,60.527205765247345,-147.51510000228882,-148.14439952373505,19.40000057220459,75.40607824921608,3,3.1440925598144531
1172,61.362199991941452,61.133467555046082,-150.0245000012219,-149.76472388952971,40.600001811981201,93.781145289540291,3.6999999582767487,3.8912908583879471
814,61.347699999809265,61.149125248193741,-149.83209999650717,-149.75483827292919,36.399997770786285,96.294490620493889,3.2999999821186066,3.7386734783649445
2131,61.194100007414818,61.064776256680489,-149.63710000365973,-149.70549552887678,35.700000822544098,101.29914060235023,3,3.1715623140335083
671,62.487499952316284,62.349186062812805,-148.26809996366501,-148.27844953536987,19.500002264976501,112.95668408274651,3.199999988079071,3.3818548321723938
1822,62.63129997253418,62.508193850517273,-150.76700001955032,-150.27005166560411,84.100000560283661,76.695743948221207,3.4999999701976776,3.8227884918451309
57,61.096799999475479,61.035926826298237,-150.82629999518394,-150.39613822102547,41.299998760223389,110.2396072819829,3.0999999940395355,3.2229765951633453
133,61.52020001411438,61.486894816160202,-151.44599997997284,-150.7625886797905,76.900001615285873,94.643827527761459,3.199999988079071,3.6587340831756592
1140,60.214200019836426,60.278656542301178,-150.9655000269413,-150.49227949976921,65.900001674890518,127.27987440302968,4.3999999947845936,4.3922092281281948
933,60.029500007629395,59.873467683792114,-152.84339994192123,-151.88481992483139,96.599999815225601,82.867596298456192,3.0999999940395355,3.6386391520500183
2005,62.768800020217896,62.851190328598022,-148.90340003371239,-149.06495234370232,64.399998635053635,47.103434801101685,4.2999999895691872,4.7495002001523972
823,60.289200007915497,60.388658821582794,-150.91980001330376,-150.58763171732426,65.799999982118607,93.068797141313553,3.0999999940395355,3.608375608921051
1432,61.442099988460541,61.213612571358681,-149.75939999520779,-149.70762833207846,40.799997746944427,91.385256499052048,3.0999999940395355,3.6872361302375793
1621,60.239300012588501,60.26966804265976,-149.01929998397827,-149.6264418438077,20.599998533725739,70.477299392223358,3.199999988079071,3.5472967028617859
1214,61.409099996089935,61.145353987812996,-150.0339999999851,-149.82328241318464,21.300002932548523,95.670377835631371,3.8999999910593033,4.1405458375811577
504,60.054799973964691,59.92350172996521,-152.73439997434616,-151.43952575325966,93.299999833106995,127.25491565652192,3.9999999850988388,3.8386525511741638
2179,62.277199983596802,62.204470872879028,-151.40160003304482,-150.77346315979958,94.200000166893005,79.577039927244186,3.6999999582767487,3.7133507430553436
347,60.206900000572205,60.148083329200745,-152.660600066185,-151.68692153692245,103.4999992698431,102.83663496375084,3.0999999940395355,3.6380363702774048
386,60.324100017547607,60.299996316432953,-151.40560001134872,-151.09549936652184,56.50000274181366,100.13186559081078,3.0999999940395355,3.55831378698349
1024,61.455599993467331,61.187127783894539,-149.96210000105202,-149.67085269838572,40.700003504753113,92.134356498718262,3,3.4877108931541443
1384,61.494100004434586,61.24733130633831,-149.92880000174046,-149.71930494904518,40.299996733665466,87.444853037595749,3.199999988079071,3.6484194695949554
894,59.486199975013733,59.24787449836731,-152.40450006723404,-151.48618268966675,65.49999862909317,106.27099499106407,3.5999999642372131,4.0858470797538757
828,62.595199942588806,62.709345102310181,-151.21999999880791,-150.63765884935856,77.799998223781586,56.664392352104187,3.0999999940395355,3.686311662197113
2149,59.897699952125549,59.467979907989502,-152.74059998989105,-151.39944756031036,99.400000646710396,98.843241110444069,3.0999999940395355,3.3055737018585205
475,60.21560001373291,60.353323221206665,-150.85419997572899,-150.60226634144783,74.299998581409454,103.38943637907505,3.7999999970197678,3.9135313779115677
1750,61.482400000095367,61.214072078466415,-149.6799999922514,-149.66535001248121,30.299998819828033,91.55607596039772,3,3.3635691404342651
2095,61.368000000715256,61.134482115507126,-149.7850000038743,-149.78680595755577,32.300002872943878,97.443694248795509,3.2999999821186066,3.2905738055706024
1660,59.841799974441528,59.549419164657593,-152.873399913311,-151.51043611764908,99.400000646710396,100.25093145668507,3.199999988079071,3.2300294637680054
652,62.824000000953674,62.88851010799408,-150.50689999759197,-150.40355698764324,85.599999874830246,53.78270149230957,3.199999988079071,3.5803431272506714
172,59.424900054931641,59.303309440612793,-151.5375999212265,-150.96666392683983,46.300001442432404,118.27491689473391,4.9000000208616257,4.6197461374104023
1474,61.512499988079071,61.415159821510315,-149.92050000093877,-149.65565834194422,38.300000131130219,86.625620722770691,3.0999999940395355,3.2480930685997009
1149,61.30460000038147,61.070724934339523,-149.9499999973923,-149.75635700672865,41.299998760223389,97.679905593395233,4.1999999955296516,4.1636743694543839
38,62.664299964904785,62.620203614234924,-149.86259999871254,-149.39433977007866,4.69999760389328,117.72735510021448,3.0999999940395355,3.2352181077003479
713,59.20930004119873,59.066936492919922,-152.35899996757507,-151.40038686990738,73.30000028014183,70.213794708251953,3,3.4781516790390015
90,62.362499952316284,62.373999357223511,-149.14460000395775,-149.22985142469406,0,92.686746269464493,3.3999999761581421,3.8365862667560577
166,62.959400057792664,62.8672194480896,-150.77419996261597,-150.68105162680149,108.69999974966049,70.368044078350067,3,3.1977913677692413
1205,61.360300004482269,61.097370214760303,-150.09470000490546,-149.88738544285297,20.300000905990601,101.58580355346203,3,3.2185537219047546
875,60.272300004959106,60.32921838760376,-150.9979000389576,-150.71887564659119,46.09999805688858,102.1888367831707,3.0999999940395355,3.2896959185600281
1605,61.369599997997284,61.492919415235519,-147.19230008125305,-147.88251882791519,3.2000020146369934,47.162681818008423,3.199999988079071,3.4822370409965515
1993,62.63730001449585,62.655305624008179,-151.7046999335289,-151.13736498355865,1.100003719329834,79.759668558835983,3.0999999940395355,3.8129867166280746
2148,61.702000021934509,61.71844881772995,-151.58730000257492,-150.86383178830147,105.90000078082085,89.623443782329559,3.3999999761581421,3.7218021154403687
1093,61.526300013065338,61.23027178645134,-149.86160000413656,-149.59128119051456,47.399997711181641,92.461004853248596,4.0999999791383743,4.4534847624599934
1155,61.36719998717308,61.097252026200294,-150.03450000006706,-149.87804805859923,45.100003480911255,93.801660463213921,3.199999988079071,3.6750215291976929
1324,61.401199996471405,61.214659795165062,-150.07819999940693,-149.80176533013582,34.000001847743988,93.748696148395538,3.6999999582767487,3.9997315853834152
1618,61.70279997587204,61.501834273338318,-150.23989999294281,-149.63352629542351,99.99999962747097,79.378850758075714,3.7999999970197678,3.7070621252059937
1350,61.477999985218048,61.167962267994881,-149.96360000129789,-149.81684856489301,34.800000488758087,92.984948307275772,3,3.4597456455230713
510,61.300000011920929,61.292671412229538,-152.40170001983643,-151.57404148578644,122.90000007487833,85.196632891893387,3,3.4256263375282288
499,61.728900015354156,61.578339755535126,-150.79920002818108,-150.31182852387428,47.499999403953552,108.14466699957848,3.2999999821186066,3.5160155296325684
1611,62.349499940872192,62.380315542221069,-148.728600025177,-148.91244730353355,39.499998092651367,72.584908455610275,4.2999999895691872,4.5995097756385803
1910,59.217499971389771,59.050776600837708,-152.53880006074905,-151.30544999241829,63.400000333786011,73.193818330764771,3.0999999940395355,3.3078351616859436
1519,62.050799965858459,61.966714143753052,-149.87930000200868,-149.64332643896341,46.09999805688858,72.13166356086731,3.3999999761581421,3.7105198502540588
338,62.22189998626709,62.10760760307312,-151.16110002994537,-150.43478465080261,80.400001257658005,78.139286488294601,3.4999999701976776,3.7657473385334015
1956,60.876299999654293,60.699056386947632,-150.56070001423359,-149.82962252944708,48.19999635219574,88.429179042577744,3.5999999642372131,3.8778412342071533
1188,61.46340000629425,61.174508348107338,-149.98550000041723,-149.76373866945505,39.999999105930328,90.69586917757988,3.3999999761581421,3.711172878742218
28,59.740800023078918,59.502690434455872,-151.90459996461868,-151.27883899211884,54.899998009204865,119.70856180414557,3,3.1802852153778076
1540,60.036700010299683,59.810681343078613,-151.77859997749329,-151.25616779923439,40.399998426437378,117.90959630161524,3,3.5564543008804321
1217,61.389999985694885,61.111031040549278,-150.06140000000596,-149.84873762726784,20.000003278255463,94.698620960116386,3.0999999940395355,3.5271965861320496
1573,61.431400001049042,61.216188564896584,-150.95550003647804,-150.2614424675703,63.700001686811447,97.254566848278046,3.2999999821186066,3.9141723811626434
794,60.052699983119965,59.888936400413513,-151.9925000667572,-151.48959133028984,65.000001341104507,109.75127294659615,3,3.6021394729614258
945,61.602999985218048,61.608064770698547,-147.83489996194839,-148.10976541042328,21.799996495246887,42.687088251113892,3.0999999940395355,3.6581119894981384
1753,62.239099979400635,62.080545544624329,-149.433100014925,-149.50240485370159,39.300002157688141,67.523665726184845,3,3.636282205581665
169,61.586199998855591,61.538601338863373,-151.12660002708435,-150.40117898583412,66.79999828338623,90.722821652889252,3.6999999582767487,4.2680707722902298
1670,62.993000030517578,62.939549922943115,-150.91069999337196,-150.45342233777046,122.80000001192093,50.626546144485474,3.2999999821186066,3.8076629340648651
1197,61.352800011634827,61.106430098414421,-149.98600000049919,-149.84181196242571,39.800003170967102,95.02076730132103,3.199999988079071,3.5482038259506226
1542,60.068400025367737,59.927275061607361,-152.59830003976822,-151.34807887673378,101.80000029504299,110.85577867925167,3.3999999761581421,3.7092323005199432
1253,61.478199988603592,61.267663657665253,-150.02400000113994,-149.85645597428083,37.399999797344208,91.438457369804382,3.0999999940395355,3.4555503129959106
1844,61.125400006771088,61.021502470597625,-151.38589999079704,-150.50965449213982,72.200000286102295,87.708994746208191,3.0999999940395355,3.4211544692516327
912,59.723000049591064,59.736324071884155,-148.05519998073578,-148.91293922066689,11.799998581409454,76.542336493730545,3.6999999582767487,3.9848937839269638
491,60.392799973487854,60.733803570270538,-148.92389997839928,-149.32532885670662,19.799999892711639,89.763112366199493,3.0999999940395355,3.6110491454601288
953,59.962900042533875,59.598730325698853,-152.89609998464584,-151.25792133808136,113.30000031739473,106.76188766956329,3.5999999642372131,3.9258324801921844
1097,59.564299941062927,59.133372783660889,-152.92040008306503,-151.77569532394409,89.099999517202377,53.858347237110138,3.3999999761581421,3.5213524997234344
1032,60.507099986076355,60.600785672664642,-150.16840000078082,-150.10488208383322,42.599998414516449,82.163285464048386,3.7999999970197678,3.6972590982913971
587,62.945299983024597,62.915039777755737,-148.44199991226196,-148.69781050086021,0,57.735584676265717,3,3.3156861662864685
750,61.931900024414062,61.876792430877686,-152.26400005817413,-151.16911634802818,119.40000019967556,89.024264365434647,4.2999999895691872,3.7809389680624008
657,61.756200015544891,61.627949714660645,-149.75119999051094,-149.54402361810207,34.699998795986176,68.453554064035416,3,3.564238429069519
234,60.319700002670288,60.400041580200195,-150.6993999928236,-150.47749637067318,79.252000898122787,89.13746103644371,3.3999999761581421,3.5840717554092407
732,62.512500047683716,62.556129455566406,-149.89799999445677,-149.59026226401329,13.899996876716614,74.706777930259705,3.199999988079071,3.397679328918457
2198,61.767000019550323,61.746662557125092,-151.60500007867813,-150.89945876598358,94.499999657273293,90.655453503131866,3.3999999761581421,3.3745420575141907
1939,60.42110002040863,60.379944860935211,-150.23709999024868,-150.03926243819296,42.499996721744537,84.153387695550919,3.3999999761581421,3.6508757472038269
1156,61.336600005626678,61.105526469647884,-149.99200000008568,-149.85115062072873,45.800000429153442,97.055930644273758,3.0999999940395355,3.3847401738166809
1749,61.498699992895126,61.466397881507874,-151.94709992408752,-151.11992114782333,7.2000026702880859,99.244518205523491,3.0999999940395355,3.5855289995670319
2129,62.020900011062622,61.911881983280182,-150.50869998335838,-150.14983320236206,54.600000381469727,75.820721685886383,3.0999999940395355,3.2765133082866669
1932,62.766800045967102,62.674044609069824,-150.51010000705719,-149.81799985840917,82.199998199939728,61.429247260093689,3,3.4891544580459595
934,60.669900000095367,60.758576050400734,-150.36169999837875,-150.24547498673201,43.300002813339233,89.137591421604156,3.199999988079071,3.4189828634262085
1209,61.426899999380112,61.136682331562042,-149.85869999974966,-149.81092567741871,36.200001835823059,99.817471578717232,3,3.1671865582466125
1065,61.32030001282692,61.135101556777954,-149.95550000108778,-149.67787662148476,46.300001442432404,96.034558489918709,4.0999999791383743,4.1051453948020935
108,62.335700035095215,62.382449150085449,-149.1564000248909,-149.07461848855019,5.9000030159950256,98.75783696770668,3.0999999940395355,3.2552023530006409
1837,59.847300052642822,59.422813057899475,-152.92949992418289,-151.54042518138885,96.699999645352364,109.70767308026552,3.6999999582767487,3.7706091105937958
568,61.375699996948242,61.185912430286407,-149.9906999997329,-149.77617354691029,35.499997437000275,110.93978118151426,3,3.1680202782154083
1167,62.896999955177307,62.857068657875061,-149.62759999930859,-149.82666341587901,67.000001668930054,41.601255536079407,3,3.9406044334173203
1174,61.533999979496002,61.248065948486328,-149.84539999812841,-149.67632047086954,34.199997782707214,96.475370228290558,3,3.0940937697887421
1507,61.346399992704391,61.105109393596649,-149.95519999880344,-149.62841556966305,46.700000762939453,100.3491785377264,6.9999999403953552,5.2135566920042038
1492,61.483300000429153,61.23171728849411,-149.94969999790192,-149.65991768985987,45.900002121925354,90.193994343280792,3.0999999940395355,3.6834238171577454
890,61.689400017261505,61.538048923015594,-149.77960000187159,-149.62356542050838,38.300000131130219,70.023853331804276,3.2999999821186066,3.4017296433448792
947,61.731400012969971,61.577571153640747,-149.54150001704693,-149.48182815313339,40.200002491474152,75.198065489530563,3.6999999582767487,4.0354019701480865
1048,62.295799970626831,61.413857817649841,-148.5557000041008,-149.63055364787579,0,83.353154361248016,3.0999999940395355,3.4406545758247375
1606,59.46940004825592,59.068744897842407,-152.97519993782043,-151.69792056083679,101.5000008046627,68.106342107057571,3.0999999940395355,3.3466140925884247
1629,62.914800047874451,62.95336639881134,-151.26670002937317,-151.08333340287209,107.49999992549419,76.007504016160965,3.0999999940395355,3.5247150957584381
1805,61.970000028610229,61.841260075569153,-150.90230002999306,-150.41354325413704,8.9000016450881958,81.911053508520126,4.8000000044703484,4.2786669954657555
884,62.918099999427795,62.764641284942627,-150.0853000022471,-149.80461075156927,81.700000911951065,74.217643588781357,3,3.5451273322105408
1988,62.225200057029724,62.138344526290894,-150.88730004429817,-150.37461932748556,74.299998581409454,87.300140410661697,3.5999999642372131,3.8083610236644745
2165,62.555299997329712,62.356249928474426,-151.15889999270439,-150.52044765651226,92.599999159574509,79.862732440233231,3.7999999970197678,3.8491653352975845
1825,60.038100004196167,59.831852912902832,-151.79229998588562,-151.14129245281219,56.599996984004974,129.60602343082428,3.0999999940395355,3.5465787649154663
850,61.758899986743927,61.659250140190125,-149.64250000566244,-149.43275651335716,46.49999737739563,86.594637483358383,3.199999988079071,3.6460160315036774
1587,59.737100005149841,59.400793313980103,-152.61169999837875,-151.37999796867371,91.099999845027924,96.800591796636581,3.199999988079071,3.5544823408126831
1407,61.423799991607666,61.227616369724274,-149.94070000201464,-149.82860900089145,32.799996435642242,94.838555902242661,3,3.4689175486564636
734,61.332599997520447,61.154580220580101,-149.80600000172853,-149.75373671203852,57.099997997283936,99.225161597132683,3,3.2238447368144989
717,60.205999970436096,59.972608685493469,-152.58269995450974,-151.37454503774643,104.00000028312206,96.226131543517113,3.2999999821186066,3.3896387815475464
454,60.442799985408783,60.448251962661743,-151.37150001525879,-150.78409945964813,47.499999403953552,88.453929871320724,3.199999988079071,3.5802707076072693
264,62.160400032997131,62.29233455657959,-152.11129993200302,-151.25597164034843,105.1000002771616,87.200026959180832,3.0999999940395355,3.5275948047637939
75,59.171800017356873,59.080254316329956,-152.40399992465973,-151.89844143390656,55.900000035762787,81.527885049581528,3.2999999821186066,3.4545239210128784
1972,59.728500008583069,59.319130897521973,-152.98669999837875,-151.86065304279327,99.400000646710396,91.036267578601837,3.9999999850988388,3.6359597146511078
444,59.724699974060059,59.377133846282959,-152.79719996452332,-151.6264032125473,89.200001209974289,90.65493568778038,3.4999999701976776,3.5611461997032166
395,61.732299983501434,61.508268594741821,-149.60430000722408,-149.24177464842796,38.000002503395081,106.58779367804527,4.2999999895691872,4.3013560473918915
176,60.326799988746643,60.182418525218964,-151.74010008573532,-150.9724754691124,63.299998641014099,89.987069368362427,3,3.5482333302497864
1042,61.67220002412796,61.460322856903076,-150.03920000139624,-149.76086839288473,46.09999805688858,84.461990743875504,3.199999988079071,3.8281794637441635
2059,62.136500000953674,61.993856906890869,-150.80340000987053,-149.98203898128122,73.69999960064888,84.501847624778748,5.0000000149011612,4.1968304514884949
1666,60.239400029182434,59.589889526367188,-152.95849996805191,-151.31450191140175,134.30000003427267,88.172189891338348,3,3.3540646433830261
1798,61.434599995613098,61.27085953950882,-152.31489998102188,-151.43315953016281,2.7000010013580322,94.646088778972626,3,3.4368394017219543
1639,60.763199999928474,60.786046177148819,-150.7267000079155,-150.3455129340291,56.000001728534698,91.842044144868851,3,3.1064256727695465
595,60.306599974632263,60.444580614566803,-150.24819999933243,-150.30662336200476,33.900000154972076,99.480150267481804,3.3999999761581421,3.873645544052124
61,61.226899996399879,61.243092939257622,-151.23080000281334,-150.75782972574234,67.200001329183578,100.83752125501633,3.5999999642372131,3.6354352533817291
1296,61.415600001811981,61.122915774583817,-149.91130000166595,-149.75024970620871,38.500003516674042,94.982285052537918,3.6999999582767487,3.8827362209558487
872,61.493400007486343,61.291013687849045,-149.89110000059009,-149.58563625812531,42.999997735023499,85.690118372440338,3.0999999940395355,3.4922232627868652
1774,61.659799993038177,61.586803615093231,-151.83509999513626,-150.88382801413536,96.699999645352364,96.428388729691505,3.3999999761581421,3.9065840989351273
216,59.524799942970276,59.118750810623169,-152.93899995088577,-151.82019817829132,98.30000065267086,73.84222000837326,3.6999999582767487,3.5150950849056244
278,62.986999988555908,62.908927083015442,-150.46649998426437,-150.11439905315638,101.5000008046627,41.909828782081604,3.5999999642372131,4.0819975733757019
1548,60.376999974250793,60.540363758802414,-147.35910004377365,-148.17709082365036,7.7000036835670471,61.149142682552338,3.2999999821186066,3.8157856017351151
1392,61.574100017547607,61.224897384643555,-149.97679999982938,-149.76642941683531,42.429998517036438,89.886322617530823,3.2999999821186066,3.6856078505516052
36,60.629700005054474,60.592880755662918,-147.78110003471375,-148.38406777381897,16.699999570846558,97.529388964176178,3.199999988079071,3.4793069958686829
1803,62.718500018119812,62.756298899650574,-149.61310002207756,-149.54271648824215,7.6000019907951355,63.96804004907608,3.0999999940395355,3.5114643573760986
662,62.416000008583069,62.364813089370728,-148.29679995775223,-148.62214869260788,34.1000035405159,81.212479621171951,3.9999999850988388,4.126902848482132
2102,59.892899990081787,59.722578525543213,-152.91600000858307,-151.82248449325562,117.39999987185001,79.892165958881378,3.6999999582767487,3.1866701245307922
1719,60.700500011444092,60.63167530298233,-151.11580002307892,-150.46597369015217,50.099998712539673,83.140924572944641,3,3.1112765371799469
977,61.485900014638901,61.248989269137383,-149.85319999605417,-149.74379921704531,42.199999094009399,90.71224182844162,3.6999999582767487,3.6958819627761841
1571,60.032599985599518,59.874460220336914,-151.43419995903969,-150.76119491457939,75.39999857544899,129.76640975102782,3.9999999850988388,4.2959258481860161
1869,61.725399971008301,61.605792462825775,-148.55179998278618,-148.82966485619545,29.299996793270111,88.099945336580276,3.3999999761581421,3.9784252345561981
738,59.44570004940033,59.276603698730469,-152.74430000782013,-152.16659384965897,79.300001263618469,84.160033613443375,3.3999999761581421,3.6421065330505371
191,62.879400014877319,62.899271130561829,-150.44430001080036,-150.14101845771074,101.99999995529652,50.275295972824097,3,3.357243150472641
919,61.289700001478195,61.08179297298193,-149.98619999969378,-149.92355546727777,38.900002837181091,94.334632158279419,3.3999999761581421,3.6565516591072083
456,62.356299996376038,62.515479803085327,-149.12199997901917,-149.07435259222984,13.199999928474426,95.803609117865562,3.199999988079071,3.6699292659759521
1417,61.42849999666214,61.131948471069336,-149.84030000120401,-149.6961380392313,50.300002098083496,97.409263253211975,3.7999999970197678,4.1936152875423431
675,62.449200034141541,62.331995010375977,-148.25120007991791,-148.56084966659546,43.999999761581421,114.81935810297728,6.1000000834465027,5.4362926483154297
760,60.575199991464615,60.406680881977081,-152.90829992294312,-152.20817542076111,143.50000023841858,69.765854626893997,3.2999999821186066,3.4236796796321869
2103,60.429000020027161,60.277498364448547,-151.83599996566772,-151.01754274964333,72.999998927116394,87.296299636363983,3,3.0374630391597748
1903,62.738999962806702,62.815049052238464,-149.68470000475645,-149.41313543915749,73.30000028014183,57.255849242210388,4.6000000052154064,4.8075293675065041
728,61.339700013399124,61.10182399302721,-149.96909999940544,-149.86464833468199,49.000002443790436,101.88534297049046,3.3999999761581421,3.4539521634578705
1957,62.10319995880127,61.93362033367157,-150.63990001380444,-149.84395338222384,10.099999606609344,77.943053096532822,4.8000000044703484,4.6404063329100609
1399,61.444999992847443,61.315263032913208,-149.95530000049621,-149.47941662371159,38.80000114440918,82.406144589185715,3.199999988079071,3.4466747045516968
412,60.73769998550415,60.726795464754105,-150.91980001330376,-150.57503405213356,68.937998265028,91.718960553407669,3.2999999821186066,3.3818010091781616
1098,62.879999995231628,62.801691293716431,-150.52620001137257,-150.39141838252544,88.700000196695328,58.12632292509079,3.0999999940395355,3.4760738611221313
1516,59.621500015258789,59.384053230285645,-152.0006999373436,-151.0695641040802,67.800000309944153,115.40854535996914,4.1999999955296516,4.4689578618854284
1524,60.1182000041008,59.877089500427246,-152.54420006275177,-151.29853758215904,93.900000676512718,100.82650184631348,3,3.2495269775390625
825,59.473299980163574,59.377719163894653,-152.56309998035431,-151.98227816820145,73.30000028014183,94.034284353256226,3.8999999910593033,4.0782956331968307
1781,61.758099973201752,61.779599785804749,-147.79749995470047,-148.08397257328033,27.599997818470001,75.891461223363876,3,3.1962954998016357
616,61.568300008773804,61.296124279499054,-149.94830000214279,-149.65673533827066,40.200002491474152,93.010034412145615,3.2999999821186066,3.2546187043190002
114,59.976500034332275,59.662106275558472,-152.74899995326996,-151.16953495144844,88.700000196695328,140.1096610352397,4.2999999895691872,4.8286433815956116
417,60.939100001007318,60.890920847654343,-150.23369999974966,-149.97198925260454,49.400001764297485,112.6136239618063,3.6999999582767487,3.668842077255249
2159,60.023000001907349,60.01337331533432,-150.62350000441074,-150.61209583282471,42.599998414516449,107.02957585453987,3.2999999821186066,3.5988323986530304
1625,60.717299997806549,60.737286746501923,-149.91100000217557,-150.01279794797301,39.099998772144318,84.229279309511185,3.3999999761581421,3.6125648617744446
969,61.426999986171722,61.172360137104988,-150.15610000491142,-150.08323520421982,43.899998068809509,98.442865535616875,3,3.2530129551887512
604,62.204399943351746,62.155182123184204,-150.68899999558926,-150.33404474705458,0,82.934428006410599,3.199999988079071,3.2678938508033752
2163,61.166500002145767,60.804856806993484,-152.76090002059937,-151.72653239965439,177.49999836087227,54.615378379821777,3.2999999821186066,3.1044924259185791
89,62.149799942970276,62.124211072921753,-147.40379995107651,-147.96596932411194,31.700000166893005,55.569484829902649,3.0999999940395355,3.6783664226531982
848,60.897699996829033,60.803522512316704,-151.01009997725487,-150.50168104469776,54.399996995925903,88.589157909154892,3.2999999821186066,3.6340330839157104
1809,60.001200020313263,59.678234457969666,-152.67320001125336,-151.17431983351707,97.999999299645424,136.80043630301952,4.3999999947845936,4.4209029357880354
2162,59.902400016784668,59.48175060749054,-152.9941999912262,-151.53752839565277,110.89999973773956,104.24436628818512,3.2999999821186066,3.146587997674942
753,61.4375,61.191330149769783,-149.85719999670982,-149.72673960775137,37.600003182888031,92.410504817962646,3.2999999821186066,3.4921204447746277
498,62.402500033378601,62.259322881698608,-149.58719998598099,-149.50530968606472,25.200001895427704,72.703823447227478,3.0999999940395355,3.6658726036548615
1276,61.475199997425079,61.166634142398834,-150.00749999983236,-149.79980899393559,40.600001811981201,94.136785715818405,3.4999999701976776,4.0212436616420746
1325,61.377799987792969,61.128143757581711,-150.07140000164509,-149.78795029968023,29.200002551078796,93.284524977207184,3,3.732562243938446
1630,59.15339994430542,59.091633915901184,-151.22479999065399,-150.96821442246437,38.40000182390213,82.138627767562866,3.199999988079071,3.3421486616134644
11,61.32370001077652,61.344409018754959,-152.34409993886948,-151.59271395206451,4.1000023484230042,105.83994165062904,3.2999999821186066,3.0588956773281097
396,61.71780002117157,61.691059947013855,-149.58409997820854,-149.30516673624516,43.899998068809509,101.42871178686619,3.7999999970197678,3.9654999822378159
284,59.965199947357178,59.533372402191162,-152.00050002336502,-150.37544032931328,63.099998980760574,143.95187981426716,3,3.0149076282978058
2155,61.740100026130676,61.796996653079987,-151.74239999055862,-150.97788190841675,90.799998492002487,93.078125268220901,3.2999999821186066,3.5182206630706787
1066,62.865300059318542,62.846168041229248,-150.88989999890327,-150.45074209570885,87.200000882148743,81.593815237283707,3,3.2738951146602631
1191,61.311800003051758,61.095012649893761,-150.02550000138581,-149.81327491253614,20.000003278255463,105.11373728513718,3,3.0745834708213806
1440,61.461699992418289,61.371699750423431,-149.92139999940991,-149.53704839944839,46.999998390674591,80.912373960018158,3.3999999761581421,3.5414896309375763
1600,59.030099987983704,59.037291407585144,-152.46509993076324,-151.33307227492332,62.200002372264862,75.88808611035347,3.9999999850988388,3.8764058500528336
2170,62.163699984550476,62.099075078964233,-149.61980000138283,-149.54653626680374,49.000002443790436,71.414534002542496,3.3999999761581421,3.4765726625919342
2060,62.130499958992004,62.001796126365662,-150.7984000146389,-150.24452845752239,73.69999960064888,92.619452625513077,4.2999999895691872,4.4692085422575474
1450,61.47639998793602,61.301512897014618,-149.93429999984801,-149.67651104182005,38.900002837181091,88.572610169649124,3.7999999970197678,4.3655721321702003
690,61.980400025844574,62.009914755821228,-149.90190000459552,-149.55448141694069,35.199999809265137,67.541651427745819,3,3.3850988745689392
1937,60.010999977588654,59.557945489883423,-152.80780005455017,-151.20708605647087,94.39999982714653,100.30056536197662,3,3.2449268102645874
1568,62.205100059509277,62.132654190063477,-150.04700000211596,-149.84315823018551,45.500002801418304,79.674232751131058,3.4999999701976776,3.9396558701992035
2141,61.5,61.321200370788574,-150.85600000619888,-150.25572366267443,61.20000034570694,102.3680567741394,3.199999988079071,3.1227441430091858
689,60.321900010108948,60.310577869415283,-151.13510003685951,-150.86618936061859,42.599998414516449,102.23366692662239,3.6999999582767487,3.6170723140239716
851,61.192200005054474,61.034427653998137,-149.98220000043511,-149.86314626410604,45.100003480911255,96.993844956159592,3.5999999642372131,3.9121639877557755
1498,61.420899987220764,61.165610924363136,-149.96140000037849,-149.26311206817627,43.399997055530548,87.136503309011459,3.9999999850988388,4.5954334661364555
159,62.538599967956543,62.346376419067383,-149.24549996852875,-149.35203851759434,59.799998998641968,61.853267252445221,3.3999999761581421,3.7133654952049255
895,60.257099986076355,59.967005014419556,-152.57330006361008,-151.3980365395546,99.199999123811722,101.15986689925194,3,3.273396760225296
1873,62.153200030326843,62.108601212501526,-150.81179997324944,-150.38888977468014,67.800000309944153,72.227433323860168,3.0999999940395355,3.6839330792427063
257,59.595100045204163,59.141221880912781,-152.67039996385574,-151.35725390911102,77.500000596046448,78.603025525808334,3.0999999940395355,3.230505645275116
335,62.538100004196167,62.415555000305176,-149.79440000653267,-149.64451418817043,64.19999897480011,81.052009016275406,3.0999999940395355,3.4510221183300018
2143,60.702600002288818,60.595967173576355,-151.56619995832443,-150.67940577864647,77.399998903274536,87.189193814992905,3.7999999970197678,3.7520707994699478
1039,60.325699985027313,60.233340740203857,-151.3052000105381,-150.60761274397373,60.999996960163116,111.10467929393053,4.7000000104308128,4.6587155386805534
515,61.519699990749359,61.35061439871788,-149.89070000499487,-149.70797138661146,37.10000216960907,94.502868130803108,3.3999999761581421,3.6730583310127258
1348,61.48199999332428,61.238070994615555,-149.93859999999404,-149.69848933070898,38.099996745586395,88.162075728178024,3.2999999821186066,3.7718941569328308
1015,61.996800005435944,61.742562532424927,-149.08370000123978,-149.33362233638763,3.4999996423721313,97.029075026512146,3,3.6478064060211182
768,60.176800012588501,60.245516061782837,-150.94669997692108,-150.73492053151131,62.5,90.399231761693954,3.0999999940395355,3.3699853420257568
2067,59.274199962615967,59.143383860588074,-152.50850003957748,-151.35850980877876,73.100000619888306,83.517353981733322,3.4999999701976776,3.608970433473587
441,61.56029999256134,61.59487521648407,-151.84450006484985,-151.10960045456886,102.80000045895576,100.42944550514221,3,3.4050478935241699
1765,62.35699999332428,62.011163234710693,-147.81550008058548,-148.17185890674591,44.39999908208847,75.784116983413696,3.199999988079071,3.8656134903430939
761,60.218699991703033,60.123370587825775,-151.63990008831024,-151.10901063680649,70.799998939037323,93.530945479869843,3.199999988079071,3.5590299367904663
1246,61.462000012397766,61.161961019039154,-149.91039999760687,-149.7522536739707,31.800001859664917,94.164462760090828,3.2999999821186066,3.4798674881458282
1203,60.224699974060059,59.985044240951538,-151.84920001029968,-151.21848723292351,60.300000011920929,103.71851548552513,3.199999988079071,3.5303379893302917
1747,59.613100051879883,59.377740025520325,-152.88529998064041,-151.65714490413666,98.30000065267086,96.765119582414627,3.3999999761581421,3.6994293630123138
1123,61.751500010490417,61.486380100250244,-150.7572999894619,-150.11719497665763,70.900000631809235,97.102202475070953,3.199999988079071,3.7829973846673965
521,60.608399987220764,60.950531113892794,-149.96060000080615,-150.08789510093629,23.100003600120544,94.648946076631546,3,3.4707330465316772
22,60.15530002117157,60.090533852577209,-152.4345999956131,-151.52406585216522,86.399998515844345,97.903365269303322,3.199999988079071,3.7547108083963394
356,62.741899967193604,62.548808217048645,-150.55530001223087,-150.16991943866014,86.699999868869781,65.439101308584213,3.5999999642372131,3.7932494133710861
1277,61.337199985980988,61.116464830935001,-150.07740000262856,-149.81217040121555,20.499996840953827,96.00113146007061,3.199999988079071,3.4474343061447144
1312,61.488499999046326,61.158391624689102,-149.92729999870062,-149.788763679564,37.600003182888031,92.521600425243378,3.0999999940395355,3.5098096132278442
1635,61.425300002098083,61.267774909734726,-151.48600003123283,-150.45276090502739,91.699998825788498,97.897553816437721,3,3.5159242451190948
2002,60.107900023460388,59.896367907524109,-152.6363999247551,-151.36902442574501,92.500001192092896,104.0154229849577,3.0999999940395355,3.3331090807914734
340,62.164399981498718,62.189135193824768,-152.10230004787445,-151.11865594983101,101.29999928176403,95.131445676088333,3.199999988079071,3.5389940142631531
431,61.84850001335144,61.773076057434082,-147.57539999485016,-147.78213357925415,28.800003230571747,68.904455751180649,4.0999999791383743,4.3751888684928417
473,61.591099977493286,61.70612108707428,-151.62120008468628,-150.91040629148483,86.59999817609787,92.128816992044449,3,3.1570302844047546
217,60.018899977207184,59.774331092834473,-152.62099993228912,-151.33759725093842,97.999999299645424,101.05330497026443,3.0999999940395355,3.387542724609375
911,61.26570001244545,61.082710318267345,-150.03309999871999,-149.92636841721833,46.199999749660492,97.291043028235435,3.0999999940395355,3.3988426923751831
1227,61.446999996900558,61.193539246916771,-150.0093999998644,-149.71684947609901,20.099997520446777,95.230072736740112,3,3.2161774635314941
1896,59.904500007629395,60.16027045249939,-150.25819998979568,-150.34072136878967,55.200003087520599,104.19315472245216,3.2999999821186066,3.6130503416061401
1011,60.367500007152557,60.148359537124634,-152.59790003299713,-151.54060596227646,106.39999993145466,99.534887820482254,3.6999999582767487,3.7736169844865799
957,59.75820004940033,59.377763271331787,-152.56510001420975,-151.37530016899109,78.800000250339508,87.245844304561615,3.7999999970197678,3.2615345120429993
93,61.44200000166893,61.351725310087204,-150.79539996385574,-150.44674703478813,49.599997699260712,90.437900274991989,3,3.3018843233585358
1008,61.958700001239777,61.848709583282471,-150.49230001866817,-150.19089610129595,16.300000250339508,74.117954820394516,3.0999999940395355,3.6624255180358887
1070,60.912000000476837,60.974698761478066,-150.58900000154972,-150.06683359108865,61.499997973442078,89.32201936841011,3.0999999940395355,3.4151787757873535
1092,61.336400002241135,61.134982034564018,-150.01359999971464,-149.7101798504591,38.099996745586395,91.901455074548721,3.2999999821186066,3.6443920433521271
1946,62.117499947547913,62.193457126617432,-151.14550003409386,-150.26897710561752,70.500001311302185,87.362039834260941,3.0999999940395355,3.3838560283184052
1308,61.326099991798401,61.107933007180691,-150.03220000024885,-149.83960269391537,21.300002932548523,96.270937472581863,3.0999999940395355,3.4678433239459991
696,62.230800032615662,62.004058480262756,-148.19029998779297,-148.1939982175827,21.899998188018799,85.873845964670181,3.0999999940395355,3.6107017993927002
1109,61.386900007724762,61.138106539845467,-150.02439999952912,-149.73621406406164,39.399996399879456,98.674530163407326,3,3.5294204950332642
996,62.729699969291687,62.809864044189453,-148.59109997749329,-148.94293355941772,66.700000315904617,47.397077083587646,3,3.6210840940475464
1458,61.485199987888336,61.242496028542519,-149.92729999870062,-149.98683488555253,37.799999117851257,97.717408090829849,3.0999999940395355,3.3368090093135834
1679,62.15939998626709,62.279068946838379,-152.0949000120163,-151.18413689732552,103.70000079274178,85.145901888608932,3.199999988079071,3.6603053212165833
153,60.297800004482269,60.299690723419189,-151.36039996147156,-150.74433749914169,55.100001394748688,104.70174066722393,3.3999999761581421,3.6513493359088898
1099,61.897199988365173,61.803361892700195,-151.18349996209145,-150.41685658693314,72.39999994635582,90.792670845985413,3.4999999701976776,3.9839540272951126
2046,60.674400001764297,60.519569963216782,-151.19719997048378,-150.57795770466328,60.900002717971802,77.529441565275192,3.0999999940395355,3.2072543799877167
2205,61.555000007152557,61.431597381830215,-151.48699995875359,-150.9102863073349,74.000000953674316,103.34143601357937,3.0999999940395355,3.1197770833969116
789,60.893200002610683,60.765806376934052,-147.60499995946884,-148.02714854478836,9.7000002861022949,83.424154669046402,3,3.3613636493682861
580,61.84469997882843,61.785135686397552,-150.52439998090267,-150.0273702442646,45.800000429153442,87.943956255912781,3.0999999940395355,3.6514861285686493
1470,61.514900028705597,61.329933226108551,-149.92789999768138,-149.46771530807018,38.099996745586395,82.356590777635574,3.199999988079071,3.4603369832038879
703,62.773499965667725,62.780768156051636,-149.67099999636412,-149.57639837265015,70.999998599290848,60.918018221855164,3.199999988079071,3.4630914330482483
1212,61.392100006341934,61.095712661743164,-150.07789999991655,-149.87990224733949,19.799999892711639,96.011286601424217,3.3999999761581421,3.4786600470542908
1295,61.488400012254715,61.20830774307251,-149.93949999846518,-149.78339640051126,32.799996435642242,91.448269784450531,3,3.5014764368534088
2125,60.03439998626709,59.679187774658203,-152.60110008716583,-151.35625460743904,91.899998486042023,108.11709985136986,3.199999988079071,3.2483904361724854
1260,61.267399996519089,61.114708423614502,-149.95969999954104,-149.8171226195991,40.50000011920929,95.754440873861313,3.0999999940395355,3.4700223505496979
487,62.457499980926514,62.411126613616943,-148.22630006074905,-148.44576054811478,35.499997437000275,101.79528407752514,3.2999999821186066,3.7531891912221909
1624,61.195700004696846,61.060000196099281,-150.33229999244213,-150.01426991494372,59.299997985363007,101.71196609735489,3,3.1904619634151459
559,61.950100004673004,61.942171156406403,-150.66640001535416,-150.19146481901407,63.599999994039536,73.559634387493134,3.3999999761581421,3.6593775451183319
1141,61.405099987983704,61.17720827460289,-149.88499999791384,-149.71867487579584,36.399997770786285,90.708542615175247,3.6999999582767487,3.8138854801654816
2053,59.811699986457825,59.213031411170959,-152.72680002450943,-151.62277686595917,109.89999957382679,90.984895825386047,3.2999999821186066,3.0997267663478851
1119,61.957300007343292,61.882680296897888,-150.67489998042583,-150.23385094106197,55.600002408027649,84.306944161653519,3,3.4627725183963776
801,62.995100021362305,62.928711652755737,-151.54879993200302,-151.18492510914803,3.4999996423721313,82.985896617174149,3.8999999910593033,3.4961887300014496
512,62.418499946594238,62.409615755081177,-151.49750000238419,-150.86362400650978,87.900001555681229,102.75602526962757,3.199999988079071,3.2410543262958527
633,62.9757000207901,62.916770219802856,-148.47769993543625,-148.69657632708549,7.3999986052513123,51.725059747695923,3.0999999940395355,3.2303870916366577
1760,61.561100006103516,61.507494509220123,-148.06519997119904,-148.35410624742508,20.000003278255463,86.223620921373367,3.2999999821186066,3.7509905397891998
1664,62.783100008964539,62.856816530227661,-148.87560001015663,-148.96463799476624,20.300000905990601,49.947932362556458,4.0999999791383743,4.3578881956636906
1012,61.49779999256134,61.511980772018433,-147.79640007019043,-148.01363039016724,9.0000033378601074,57.193972170352936,3.3999999761581421,3.9548458009958267
1838,59.802899956703186,59.596944808959961,-151.77720004320145,-151.12043488025665,62.89999932050705,132.11933756247163,3.9999999850988388,4.1599695682525635
1150,61.530900001525879,61.25669738650322,-149.99219999997877,-149.66852485388517,34.900002181529999,89.617546647787094,3,3.3172386288642883
790,62.899600028991699,62.881120443344116,-149.97360000014305,-149.71427122503519,80.099999904632568,46.700432896614075,4.6000000052154064,4.1576612144708633
116,59.47379994392395,59.339502334594727,-150.72549998760223,-150.80827635526657,31.499996781349182,122.80226987786591,3.4999999701976776,3.7550046890974045
1497,61.428299993276596,61.264662593603134,-149.94179999828339,-149.47659976780415,36.600001156330109,87.897550314664841,3.9999999850988388,4.456015532836318
740,59.953400015830994,59.758221864700317,-152.867899954319,-152.20512038469315,106.69999942183495,83.673141896724701,3.199999988079071,3.1293864548206329
2014,62.81470000743866,62.87526798248291,-150.56119997799397,-150.11559695005417,87.900001555681229,48.916861414909363,3.199999988079071,3.5946568250656128
1081,61.427899986505508,61.109697997570038,-150.02979999873787,-149.76815072447062,40.200002491474152,106.37371055781841,3.2999999821186066,3.841130331158638
1627,61.75110000371933,61.692536950111389,-148.13740003108978,-148.60484719276428,3.4999996423721313,93.989362940192223,4.6000000052154064,4.4691308811306953
830,62.917099952697754,62.945623397827148,-149.34709998965263,-149.40246221423149,75.500000268220901,34.796848893165588,3.0999999940395355,3.7167657315731049
119,59.760599970817566,59.556533098220825,-152.09709995985031,-151.23196023702621,68.500000983476639,111.35277710855007,3.199999988079071,3.5834176540374756
656,62.241899967193604,62.147103071212769,-149.60639999806881,-149.47031356394291,42.999997735023499,79.230573028326035,3.2999999821186066,3.67283034324646
1970,59.878999948501587,59.510718703269958,-151.84990006685257,-151.19540879130363,55.600002408027649,113.79901133477688,3.0999999940395355,3.2565120756626129
1913,62.874500036239624,62.902286052703857,-148.23779994249344,-148.59256911277771,66.300000995397568,44.887088239192963,3.2999999821186066,4.0008805990219116
2158,59.738399982452393,59.067230224609375,-152.80980008840561,-152.40330058336258,90.500000864267349,115.10173790156841,3,3.0448319613933563
635,61.408499985933304,61.094224400818348,-150.00679999985732,-149.86723228543997,36.899998784065247,95.749629661440849,3.5999999642372131,3.7552011609077454
369,61.720300018787384,61.629923939704895,-149.55190001428127,-149.37534771859646,34.800000488758087,97.550539299845695,4.5,4.4419064931571484
268,59.935799956321716,59.845087051391602,-152.18040007352829,-151.6023833155632,71.699999272823334,108.64792205393314,3.199999988079071,3.6134353280067444
655,62.436599969863892,62.296979904174805,-148.21510004997253,-148.4148166179657,46.599999070167542,80.452363938093185,3.3999999761581421,3.7749655544757843
935,61.540899991989136,61.252537667751312,-149.76199999451637,-149.6656736433506,39.300002157688141,92.509288340806961,3.0999999940395355,3.447584867477417
822,61.875,61.92267507314682,-152.07490003108978,-151.54373770952225,115.5000003054738,81.179041415452957,3,3.4172407686710358
866,59.741299986839294,59.409788370132446,-152.85730004310608,-152.22846937179565,87.600000202655792,76.157514005899429,3.2999999821186066,3.4252030849456787
46,60.935000002384186,60.976569637656212,-150.34139999002218,-150.21104852110147,55.900000035762787,103.78273017704487,3.0999999940395355,3.166876494884491
1373,61.385699987411499,61.304411679506302,-150.06180000118911,-149.98749916814268,37.500001490116119,91.582294553518295,3.3999999761581421,3.2946511209011078
2035,61.342000007629395,61.085766144096851,-150.14800000190735,-149.91566592268646,39.70000147819519,97.059866413474083,3.2999999821186066,3.4113518893718719
991,62.496399998664856,62.403457641601562,-151.56879991292953,-150.77737900614738,92.799998819828033,93.869997188448906,5.0000000149011612,4.7689692154526711
876,61.418500006198883,61.272206008434296,-151.39549997448921,-150.70008467137814,87.900001555681229,96.180057153105736,3.4999999701976776,3.9397732615470886
773,61.537000000476837,61.291972309350967,-149.82140000537038,-149.59431374073029,39.599999785423279,85.389565676450729,3.0999999940395355,3.4135315418243408
1219,61.460799992084503,61.145635887980461,-149.97630000114441,-149.76811748743057,33.600002527236938,98.197972401976585,3,3.2282429337501526
1126,61.489699989557266,61.252580136060715,-150.22450000047684,-150.04167209845036,46.400003135204315,106.86705075204372,3.0999999940395355,3.4730533361434937
4,60.351400017738342,60.249188542366028,-152.2681000828743,-151.39543282985687,83.799999207258224,118.75636642798781,4.5,4.5753814447671175
2090,59.871700048446655,59.453407287597656,-152.52659994363785,-151.19207480549812,92.399999499320984,91.700371354818344,3.5999999642372131,3.6308854222297668
1003,60.142000019550323,59.893924713134766,-151.97989994287491,-151.29293856024742,67.800000309944153,107.82428272068501,3.0999999940395355,3.6187655031681061
1984,62.187700033187866,62.086911916732788,-150.37020000815392,-150.16070778295398,54.700002074241638,78.658595681190491,3.2999999821186066,3.479819655418396
2051,62.350000023841858,62.294893741607666,-149.68429999798536,-149.49085874855518,57.199999690055847,81.983048468828201,4.1999999955296516,4.8655436486005783
263,61.864300012588501,61.69071227312088,-148.9685999751091,-148.9988089799881,35.478003323078156,79.911183565855026,3.3999999761581421,3.71485635638237
1867,59.288900017738342,59.049943804740906,-152.90460008382797,-151.6519535779953,81.199999898672104,68.769536912441254,3.2999999821186066,3.3978555500507355
612,60.346599996089935,60.161437034606934,-151.76989996433258,-151.00819417834282,65.699998289346695,92.264913022518158,3.2999999821186066,3.530785471200943
443,62.922099947929382,62.829748272895813,-150.78329998254776,-150.14303163439035,105.90000078082085,64.240485429763794,4.0999999791383743,3.9605509042739868
1002,60.917000003159046,60.830713406205177,-151.76489996910095,-150.88764783740044,83.399999886751175,83.614062517881393,3.4999999701976776,3.6561208963394165
1077,62.780099987983704,62.631152629852295,-148.77759996056557,-148.84980520606041,29.200002551078796,61.917997896671295,3.199999988079071,3.6641693115234375
837,61.26460000872612,61.046907085925341,-150.33079998940229,-150.05071173794568,12.100003659725189,99.680045619606972,3,3.2925262749195099
681,59.282099962234497,59.469208240509033,-152.78339999914169,-150.95985576510429,70.399999618530273,73.187720030546188,4.0999999791383743,3.7880954146385193
1715,62.461899995803833,62.458548307418823,-149.10269996523857,-149.18675082921982,37.799999117851257,71.00905105471611,3.6999999582767487,4.146151565015316
304,59.899500012397766,59.891524791717529,-152.39010000228882,-151.64115464687347,89.299999177455902,105.56950606405735,3,3.1101822853088379
1365,61.528900027275085,61.657980024814606,-149.94049999862909,-149.90071253478527,37.799999117851257,89.591428637504578,3,3.1032493114471436
2064,61.683899998664856,61.483739942312241,-152.1127000451088,-150.73265795409679,121.49999989196658,104.80138473212719,5.800000011920929,5.2037566602230072
313,59.96560001373291,59.860995531082153,-152.76559996604919,-151.89428204298019,103.4999992698431,107.8890822827816,3.4999999701976776,3.6966237723827362
149,61.717999994754791,61.700068056583405,-151.25729995965958,-150.6171939522028,68.599998950958252,85.258852690458298,3.199999988079071,3.6359615921974182
1148,61.130700007081032,61.06720294803381,-150.08049999922514,-149.93949716538191,10.200001299381256,94.852365553379059,3.199999988079071,3.4801955223083496
1213,61.320600003004074,61.122039161622524,-150.05799999833107,-149.80825696885586,20.000003278255463,102.69810259342194,3,3.1244496703147888
574,60.270699977874756,60.224402487277985,-152.53729999065399,-151.80382740497589,93.800000846385956,101.39166750013828,3.199999988079071,3.4726206958293915
1721,60.081700026988983,60.061329483985901,-151.08590000867844,-150.60889014601707,61.800003051757812,107.24475979804993,3.8999999910593033,4.1428058445453644
1688,60.066500008106232,59.822284460067749,-152.47699999809265,-151.25044691562653,95.499999821186066,131.46583549678326,4.9000000208616257,4.5944523364305496
50,60.70660001039505,60.49062979221344,-152.82700002193451,-151.77859675884247,126.9000000320375,74.323408305644989,3.2999999821186066,3.3789505362510681
1847,59.956900000572205,59.72460675239563,-152.69199997186661,-151.34713670611382,98.999999463558197,109.5695486292243,3.199999988079071,3.4014549851417542
726,60.224300026893616,60.017092406749725,-152.62200003862381,-151.36754536628723,106.39999993145466,102.11648792028427,3.7999999970197678,3.6286523938179016
833,59.386700034141541,59.237689256668091,-151.94100004434586,-151.41241371631622,56.50000274181366,95.246102660894394,3.0999999940395355,3.2673434615135193
1377,61.322299987077713,61.101939909160137,-150.08579999953508,-149.85543422028422,33.299997448921204,98.413698375225067,3.3999999761581421,3.5575851202011108
1115,61.303099989891052,61.130054920911789,-149.74359999597073,-149.72950000315905,38.40000182390213,115.17901998013258,3,3.2507960200309753
1166,61.28999999165535,61.090912237763405,-150.10269999504089,-149.60265912115574,34.999996423721313,97.037578001618385,4.9000000208616257,4.5146850720047951
470,61.14360000193119,61.16866746544838,-151.09960001707077,-150.51858441531658,50.999999046325684,104.48219440877438,3.0999999940395355,3.3915783762931824
971,61.501699984073639,61.298837780952454,-149.87889999523759,-149.57604190707207,42.199999094009399,151.2395478785038,3.4999999701976776,3.5692715048789978
653,60.980100000277162,60.867134347558022,-151.47790002822876,-150.78607267141342,64.100001007318497,91.773033142089844,3.199999988079071,3.6718622446060181
399,61.785399973392487,61.669526159763336,-151.01790001988411,-150.33207848668098,79.700000584125519,108.49572531878948,3.6999999582767487,3.8361262232065201
511,60.786899998784065,60.8370600938797,-149.06479999423027,-149.33311200141907,10.600000619888306,90.444531291723251,3,3.4945289790630341
1907,61.749000012874603,61.654139935970306,-148.18049991130829,-148.33038014173508,14.499999582767487,60.82538515329361,3.3999999761581421,3.9427617788314819
320,61.149499997496605,61.029082855209708,-150.72210001945496,-150.36493474245071,15.100002288818359,109.06201601028442,3,3.2163623571395874
19,61.172099992632866,61.167006120085716,-149.1695000231266,-149.37611438333988,13.199999928474426,83.655182272195816,3.3999999761581421,3.637719601392746
684,59.239400029182434,59.30095899105072,-149.86470000073314,-150.4574698805809,36.70000284910202,105.52243515849113,3,3.1345928907394409
35,61.856599986553192,61.799455165863037,-149.9847999997437,-149.66706747561693,23.000001907348633,94.34092603623867,3,3.3506832718849182
902,60.9510000012815,60.904457107186317,-150.97769996523857,-150.35567242652178,56.999996304512024,92.930376529693604,3,3.4395153522491455
2085,62.037199974060059,61.936370491981506,-149.52679999172688,-149.42477296292782,38.599997758865356,64.303174614906311,3.2999999821186066,3.6138820052146912
827,61.495299994945526,61.3139728307724,-149.88019999489188,-149.646155834198,46.09999805688858,82.331396639347076,3.199999988079071,3.5547782778739929
524,62.805500030517578,62.839196085929871,-148.87430003285408,-148.97787854075432,50.999999046325684,70.350121706724167,3.199999988079071,3.3464605808258057
407,61.587599992752075,61.498467803001404,-150.57600000500679,-150.12140220031142,53.800001740455627,112.946392968297,3.2999999821186066,3.6692603230476379
920,60.106199979782104,60.097372651100159,-150.45409999787807,-150.58238978683949,39.200000464916229,107.76437073945999,3.5999999642372131,3.623242199420929
537,62.373900055885315,62.04353129863739,-147.46609997749329,-148.01571214199066,11.200003325939178,52.333235740661621,3.0999999940395355,3.8043216615915298
758,61.467500001192093,61.232361510396004,-150.71479998528957,-150.31132873892784,73.69999960064888,106.14338889718056,3.2999999821186066,3.4143653512001038
1705,59.572299957275391,59.314855575561523,-152.62370002269745,-151.11368563771248,75.300000607967377,97.45122492313385,3.7999999970197678,3.9040131121873856
2157,61.50900000333786,61.516299843788147,-151.51289999485016,-151.21834507584572,4.1999965906143188,108.87746326625347,3.4999999701976776,3.3545342087745667
1062,59.136800050735474,59.05422568321228,-152.9970999956131,-151.71279144287109,69.699998944997787,59.675879776477814,3.7999999970197678,3.7618943005800247
1199,61.350699990987778,61.09845919162035,-149.99080000002868,-149.88105000928044,42.000003159046173,103.53894717991352,3,3.2465023398399353
245,59.908100008964539,59.805715203285217,-152.79830002784729,-151.81245929002762,99.199999123811722,104.39862869679928,3.199999988079071,3.4968209266662598
1834,59.716899991035461,59.392370581626892,-152.6952999830246,-151.54581499099731,94.79999914765358,104.63283956050873,3.3999999761581421,3.7297659516334534
1416,61.439099997282028,61.196371108293533,-150.07730000093579,-149.80824983865023,30.28000146150589,90.919949114322662,3.5999999642372131,3.7058620154857635
1127,61.507700026035309,61.108452454209328,-149.90120000392199,-149.83476264774799,36.200001835823059,117.67336307093501,3,3.4034138917922974
784,61.519999980926514,61.241911128163338,-149.91439999826252,-149.50778965651989,41.500002145767212,87.659217417240143,5.1000000089406967,4.6186220236122608
1409,61.37729999423027,61.163115650415421,-150.11780000478029,-149.85980091243982,21.799996495246887,98.981121554970741,3.0999999940395355,3.412356823682785
489,60.315299987792969,60.247254371643066,-152.31419992446899,-151.48548173904419,85.799999535083771,107.69660212099552,3.3999999761581421,3.6743917465209961
154,59.473999977111816,59.279256582260132,-152.76380002498627,-151.44209495186806,90.900000184774399,80.102954059839249,3.3999999761581421,3.5252270400524139
1662,59.621000051498413,59.456005811691284,-152.24219995737076,-151.0628100335598,83.5999995470047,129.47373045608401,4.2999999895691872,4.1103944331407547
961,62.180799961090088,61.967827379703522,-148.38949996232986,-148.58866372704506,38.80000114440918,70.56846097111702,3,3.6164051592350006
1686,60.70100000500679,60.725686490535736,-150.51369997859001,-150.06734266318381,56.699998676776886,88.043797761201859,3,3.3100651502609253
853,61.326200008392334,61.11690603941679,-150.13249999657273,-149.86359993740916,41.4000004529953,93.078713864088058,3.7999999970197678,3.857690691947937
1311,61.356700003147125,61.09660366922617,-150.10229999944568,-149.84755223616958,35.80000251531601,94.83005478978157,3.2999999821186066,3.7417683899402618
625,61.860099971294403,61.808069109916687,-150.55530001223087,-150.02362185996026,60.400001704692841,77.132690697908401,4.0999999791383743,4.0110597610473633
1815,60.061800003051758,60.10159957408905,-151.08110001683235,-150.64087669551373,60.099996626377106,103.64974848926067,3.4999999701976776,3.8196633160114288
685,62.51830005645752,62.386962890625,-149.18039998412132,-149.21023723483086,9.0999975800514221,69.163061678409576,3.6999999582767487,3.8143927752971649
1859,61.289200007915497,61.090202502906322,-150.39730001986027,-149.95479056518525,49.400001764297485,96.067225560545921,3.3999999761581421,3.8245279043912888
569,59.245300054550171,59.075674295425415,-152.13369995355606,-151.20179012417793,60.300000011920929,87.374165654182434,3.3999999761581421,3.753049448132515
565,62.902099967002869,62.834254145622253,-149.30259999632835,-149.3521695882082,66.500000655651093,46.509422361850739,3.8999999910593033,4.0738619863986969
1758,60.692699998617172,60.437765955924988,-152.77009999752045,-152.2087624669075,8.9000016450881958,60.073643922805786,3.0999999940395355,3.4911171197891235
1816,60.770600005984306,60.820062473416328,-150.1984000056982,-149.95448982529342,50.399996340274811,90.197905898094177,3.9999999850988388,4.1016248166561127
17,62.00380003452301,61.998442471027374,-150.88269996643066,-150.43595744669437,63.900001347064972,70.603851228952408,3.6999999582767487,3.6691779792308807
127,61.974799990653992,61.894432365894318,-151.45509999990463,-150.94547268748283,77.899999916553497,84.913976490497589,3.6999999582767487,3.7557433694601059
1346,61.489100009202957,61.139747500419617,-149.93840000219643,-149.80665421485901,41.599996387958527,92.144109308719635,3,3.6054997444152832
1279,61.349000006914139,61.143332734704018,-149.99259999976493,-149.62332952022552,39.300002157688141,93.918796628713608,3.4999999701976776,4.2713375240564346
2188,61.595000028610229,61.442931324243546,-150.87329998612404,-150.45697885751724,61.20000034570694,95.795515924692154,3.199999988079071,3.3731769919395447
927,60.699200004339218,60.475764334201813,-152.83700001239777,-151.80878305435181,130.59999980032444,66.419083625078201,3.2999999821186066,3.2899753153324127
980,62.654099941253662,62.540019273757935,-148.77370002865791,-149.16291636228561,55.600002408027649,63.633445650339127,3.3999999761581421,3.6429800391197205
252,60.615500003099442,60.428521871566772,-151.22129997611046,-150.67105883359909,59.000000357627869,99.811350926756859,3.6999999582767487,3.8217611163854599
190,59.031700015068054,59.214897751808167,-150.09590000286698,-150.43179635703564,32.899998128414154,91.154150664806366,3.0999999940395355,3.3956311941146851
1139,61.44870001077652,61.311364501714706,-149.883499994874,-149.65061348676682,32.300002872943878,130.81244751811028,3.9999999850988388,3.9106518924236298
992,62.243199944496155,62.089690446853638,-148.22710007429123,-148.42444610595703,28.200000524520874,76.188880950212479,3.199999988079071,3.7539516538381577
699,61.363299995660782,61.10079038143158,-150.02969999983907,-149.91533439606428,38.699999451637268,107.9170610755682,3.2999999821186066,3.1444717347621918
1971,59.854099988937378,59.2741779088974,-152.97259998321533,-151.9059065580368,96.300000324845314,77.054463326931,3.2999999821186066,3.3009909689426422
606,61.373600006103516,61.14207361638546,-149.96229999884963,-149.8955789655447,43.300002813339233,110.52590701729059,3.3999999761581421,3.4612956047058105
180,59.973399996757507,59.612347722053528,-152.88919991254807,-151.66138601303101,118.49999986588955,84.763236343860626,3.2999999821186066,3.3679928183555603
301,59.912600040435791,59.67399537563324,-151.81729996204376,-151.47928082942963,59.10000205039978,115.50417821854353,3.2999999821186066,3.4526951909065247
496,60.425700008869171,60.587196558713913,-148.97810000181198,-149.39640006422997,30.599996447563171,84.723830223083496,3.199999988079071,3.6106224954128265
2021,62.678400039672852,62.696916460990906,-149.80210000276566,-149.72932552546263,6.099998950958252,74.401605874300003,3,3.2896496057510376
2037,62.2882000207901,62.206789493560791,-150.72529998421669,-150.4178766310215,66.899999976158142,74.624590575695038,3.5999999642372131,3.7012104392051697
1997,62.814499974250793,62.934295058250427,-150.57100000977516,-150.13680031523108,86.699999868869781,45.110225677490234,3.0999999940395355,3.7282678484916687
2078,61.840099990367889,61.84471982717514,-151.69160002470016,-151.02669578790665,98.200000822544098,87.761886417865753,3.3999999761581421,3.7319517731666565
1948,59.843199968338013,59.450206279754639,-152.89069998264313,-152.09821736812592,100.50000064074993,55.310681462287903,3.6999999582767487,3.7713811844587326
517,59.075799942016602,59.027565598487854,-152.32649999856949,-151.40875804424286,49.300000071525574,77.953405678272247,3.199999988079071,3.6534988582134247
1396,61.513800024986267,61.143082618713379,-149.90440000221133,-149.45531697571278,35.599999129772186,83.120908588171005,3.0999999940395355,3.6762712597846985
1069,61.382699996232986,61.10499119758606,-150.00609999988228,-149.84220602363348,40.200002491474152,117.67957406118512,3.199999988079071,3.4974188804626465
476,60.980499999597669,60.969031440094113,-150.93649998307228,-150.16877266019583,51.100000739097595,104.21065241098404,4.7000000104308128,4.6370944976806641
157,60.430299997329712,60.217518866062164,-151.82069993019104,-151.11876171827316,69.200001657009125,80.725323408842087,3.0999999940395355,3.1376380026340485
1243,61.325300008058548,61.088213913142681,-150.04169999901205,-149.85787842795253,41.900001466274261,95.552153885364532,3.2999999821186066,3.8064355999231339
1195,61.410600006580353,61.102074518799782,-150.04490000009537,-149.86737115681171,37.600003182888031,98.644217476248741,3,3.2912231683731079
16,59.247099995613098,59.030720114707947,-152.4582000374794,-151.38654854893684,60.999996960163116,72.88191094994545,3.0999999940395355,3.3577333688735962
1535,61.345299988985062,61.133101612329483,-149.62739999592304,-149.60428047180176,30.799999833106995,97.810991108417511,3,3.1937323808670044
1072,61.388799995183945,61.142381653189659,-149.88540000468493,-149.67134602367878,38.000002503395081,95.506342127919197,3.6999999582767487,4.0955800116062164
2190,60.235400021076202,59.742259621620178,-152.48049992322922,-151.1370964050293,115.60000013560057,101.67491622269154,3.199999988079071,3.0773684978485107
546,60.118099987506866,59.943010330200195,-152.62709999084473,-151.584119617939,83.5999995470047,107.98155330121517,3,3.1150659620761871
1539,61.983699977397919,61.894713580608368,-147.62879991531372,-147.97296738624573,10.099999606609344,66.203638911247253,3.3999999761581421,3.7484429776668549
658,61.738200008869171,61.646409809589386,-149.64079999923706,-149.46637755632401,30.100002884864807,66.839165985584259,3.0999999940395355,3.4988772869110107
2031,59.768900036811829,59.404619097709656,-152.52829992771149,-151.59799182415009,83.000000566244125,94.918685033917427,4.1999999955296516,3.9507577568292618
1852,62.157500028610229,62.180352210998535,-152.1156000494957,-151.27627283334732,104.19999994337559,86.11571416258812,3,3.6473361253738403
1019,61.479699999094009,61.120360195636749,-149.94249999895692,-149.79788162559271,43.700002133846283,111.44698783755302,3,3.3825521171092987
1977,61.698400020599365,61.619924306869507,-147.54429996013641,-147.91519457101822,24.999998509883881,51.854491233825684,3.6999999582767487,3.9413663595914841
1504,61.335999995470047,61.325833410024643,-149.91009999811649,-148.98357224464417,39.300002157688141,78.291341662406921,4.2999999895691872,3.7715405523777008
959,60.46340000629425,60.552750796079636,-151.23269999027252,-150.81174150109291,54.300002753734589,81.04310929775238,3.2999999821186066,3.3773500621318817
2145,59.148100018501282,59.044519066810608,-152.82490003108978,-151.90946781635284,70.000000298023224,78.955106437206268,3,3.152385950088501
283,60.084399998188019,59.708025574684143,-152.93680000305176,-151.97417861223221,109.20000076293945,95.985665917396545,3.5999999642372131,3.6333122849464417
1632,59.341899991035461,59.043081402778625,-152.89550006389618,-151.47612744569778,76.400000602006912,71.81953638792038,4.1999999955296516,3.5658822655677795
797,62.037500023841858,62.007400989532471,-150.50800001621246,-150.11313518509269,51.100000739097595,70.793367922306061,3.2999999821186066,3.5500132441520691
1931,59.790199995040894,59.331798911094666,-152.9646999835968,-151.85773837566376,109.40000042319298,82.319814711809158,3,3.2318646311759949
225,60.277899980545044,59.993565797805786,-152.51140004396439,-151.67206102609634,101.80000029504299,104.78639043867588,3.6999999582767487,3.8370121568441391
26,60.94480000063777,60.800982728600502,-147.36059993505478,-147.63080531358719,16.199998557567596,84.71124991774559,4.2999999895691872,4.9529016762971878
2080,61.946099996566772,61.864173829555511,-150.47139997780323,-149.96700535342097,28.599999845027924,76.179683208465576,4.3999999947845936,4.3034458234906197
1799,61.50110000371933,61.234888508915901,-150.00880000018515,-149.91791003197432,44.39999908208847,91.195303946733475,3.4999999701976776,3.6641600131988525
437,62.189100027084351,62.144196748733521,-149.86499999463558,-149.60653674602509,45.400001108646393,74.240643531084061,3,3.1605242192745209
2178,60.41839998960495,60.253735065460205,-151.60859996080399,-150.80820733308792,78.499998897314072,93.345224857330322,3.2999999821186066,3.1974679827690125
1388,61.486999988555908,61.207423388957977,-149.95030000247061,-149.66513235121965,37.900000810623169,89.500702917575836,3.199999988079071,3.5686635375022888
229,61.423900008201599,61.105143867433071,-150.64810001850128,-150.22574340552092,60.400001704692841,100.55284202098846,3.0999999940395355,3.2722177505493164
37,61.444999992847443,61.328533202409744,-150.71559999883175,-150.33711753040552,42.300000786781311,97.173711284995079,3.0999999940395355,3.2795277535915375
1693,62.010499954223633,61.85167384147644,-149.29939998686314,-149.33894030749798,7.3999986052513123,68.820063024759293,3.199999988079071,3.6269165575504303
749,62.846500039100647,62.758604884147644,-150.49400000274181,-149.92846326716244,95.200000330805779,58.751404285430908,4.2999999895691872,3.778424397110939
1045,62.268399953842163,62.241066694259644,-151.16280001401901,-150.69863060116768,78.000001609325409,85.498020052909851,3.0999999940395355,3.7443957030773163
1398,61.497599989175797,61.182015582919121,-149.90399999544024,-149.70299300551414,35.999998450279236,92.365924268960953,3,3.9322224855422974
469,61.691500008106232,61.4549241065979,-150.70489999651909,-150.11744328215718,53.900003433227539,124.29416185477749,3,3.3265336453914642
1906,62.633599996566772,62.733180522918701,-151.21580001711845,-150.54133129119873,83.099998533725739,60.83323061466217,3.2999999821186066,3.7481862008571625
2017,59.57260000705719,59.068405747413635,-152.67610001564026,-151.03218895196915,82.899998873472214,85.514802485704422,3.2999999821186066,3.3109032511711121
2187,62.116199970245361,61.984845876693726,-149.44489999115467,-149.38655014336109,4.0000006556510925,69.295503199100494,3.0999999940395355,3.1831557154655457
687,60.939699999988079,60.831455126404762,-151.23999997973442,-150.63256774842739,56.10000342130661,87.023582309484482,3.2999999821186066,3.4751309752464294
1056,59.357800006866455,59.10225784778595,-152.79519993066788,-151.70844125747681,75.39999857544899,63.670013099908829,3,3.4032483100891113
639,59.928200006484985,59.819076776504517,-152.68029999732971,-151.78720271587372,89.699998497962952,92.45748445391655,3,3.2314345836639404
2040,60.455999970436096,60.271257400512695,-152.30299991369247,-151.30853042006493,86.399998515844345,84.621090441942215,3.199999988079071,3.162044495344162
1218,61.45210000872612,61.236410513520241,-150.06489999778569,-149.82192192971706,23.100003600120544,89.790452271699905,3.3999999761581421,3.7599511742591858
1158,61.383300006389618,61.161728948354721,-149.8711999990046,-149.87326980382204,47.700002789497375,93.279775232076645,3.3999999761581421,3.7811324000358582
1415,61.468400001525879,61.253935962915421,-149.92459999769926,-149.80548255890608,36.799997091293335,88.683877140283585,4.1999999955296516,3.6548978090286255
1944,60.141799986362457,59.962403893470764,-152.43969994783401,-151.74611520767212,96.300000324845314,69.712273776531219,3.0999999940395355,3.4093132317066193
1527,61.429899990558624,61.257279992103577,-149.43739999830723,-149.51650424301624,36.799997091293335,90.912643820047379,3,3.1672386825084686
1995,60.072700023651123,59.982662796974182,-151.52249997854233,-150.90770253539085,71.899998933076859,93.393534421920776,3.199999988079071,3.5206419825553894
1300,61.363499999046326,61.116354644298553,-150.13319999724627,-149.8274475261569,20.300000905990601,100.79819150269032,3,3.1841288208961487
2112,60.23989999294281,59.980471730232239,-152.34579992294312,-151.34039720892906,97.899999469518661,97.716193646192551,3.0999999940395355,3.0590380132198334
800,61.502499997615814,61.20859856903553,-149.96729999966919,-149.79491796344519,39.300002157688141,98.425734788179398,3.0999999940395355,3.2157905101776123
1603,59.48800003528595,59.52988600730896,-149.74290000647306,-150.43510477244854,10.099999606609344,124.5935648039449,3.2999999821186066,3.5004410147666931
160,62.000800013542175,61.81826376914978,-147.14620006084442,-147.85877877473831,39.499998092651367,46.332515776157379,3.4999999701976776,3.7260380387306213
1704,59.794000029563904,59.365557551383972,-152.94500005245209,-151.55070573091507,105.00000044703484,96.099331974983215,3.5999999642372131,3.8591060042381287
956,59.604699969291687,59.110307335853577,-152.78339999914169,-151.10415065288544,88.199999183416367,96.072789281606674,4.5,4.250667616724968
1743,60.836899995803833,60.863835260272026,-150.70139998197556,-150.29716723412275,26.299998164176941,85.785157978534698,3.2999999821186066,3.6548302173614502
1186,61.38740000128746,61.116818301379681,-149.98850000021048,-149.81138822436333,19.100002944469452,96.119191497564316,3.2999999821186066,3.4376694560050964
821,61.928900003433228,61.875507771968842,-151.95550006628036,-151.13996869325638,112.80000023543835,91.404307633638382,4.2999999895691872,3.8785958290100098
1729,60.223599970340729,60.471053957939148,-149.55599999427795,-149.70662306249142,37.699997425079346,80.009236931800842,3.0999999940395355,3.1639313399791718
2001,60.01419997215271,59.89248788356781,-151.50650006532669,-150.96236872673035,73.800001293420792,114.97008986771107,3.199999988079071,3.7448808252811432
877,61.171000003814697,61.036073960363865,-147.53979992866516,-147.76026320457458,9.7000002861022949,66.554147750139236,3.2999999821186066,3.6646592617034912
1919,60.202099978923798,59.737693786621094,-152.8215000629425,-151.70582127571106,126.00000004749745,90.676356106996536,3.2999999821186066,3.4936149716377258
913,60.580399990081787,60.296739637851715,-152.36210006475449,-151.36392268538475,93.499999493360519,97.894839942455292,4.2999999895691872,4.2544535547494888
1884,62.359799981117249,62.743192315101624,-152.46259993314743,-150.44828054308891,143.50000023841858,84.122925996780396,4.5,4.4489294774830341
152,60.768500000238419,60.854887902736664,-149.88940000534058,-149.80404847115278,42.499996721744537,96.686771139502525,3.3999999761581421,3.5486747324466705
98,60.125800013542175,59.951662659645081,-148.51390001177788,-148.93814143538475,5.4000020027160645,69.793887436389923,3.2999999821186066,3.8061308562755585
2083,59.970999956130981,59.228829979896545,-152.59559994935989,-151.05628234148026,93.600001186132431,94.301663339138031,3.0999999940395355,3.100159764289856
509,61.481799989938736,61.308536022901535,-149.92229999788105,-149.73928935080767,29.500000178813934,104.24895957112312,3.9999999850988388,3.7668241560459137
1135,61.359899997711182,61.125799059867859,-150.03959999978542,-149.7741370126605,45.000001788139343,98.737316206097603,3,3.4449430704116821
1250,61.508300006389618,61.311388492584229,-149.91769999824464,-149.71390235424042,35.999998450279236,93.530066311359406,3.199999988079071,3.2505940496921539
1979,61.415199995040894,61.30338779091835,-151.11399999260902,-150.36060456186533,65.799999982118607,94.93943490087986,3,3.6915347278118134
1875,61.837199985980988,61.813284873962402,-151.80819994211197,-150.95755791664124,99.300000816583633,90.715080499649048,3.8999999910593033,3.8771106898784637
103,61.926100015640259,61.981831729412079,-147.74370002746582,-148.18491286039352,27.199998497962952,64.48620930314064,3.4999999701976776,4.0061399191617966
1445,61.35479998588562,61.016515579074621,-150.09559999778867,-149.81257343664765,41.100002825260162,94.151979312300682,3,3.8075442910194397
1443,61.476599991321564,61.381796151399612,-149.89790000393987,-149.37921680510044,31.300000846385956,76.201532036066055,3.3999999761581421,3.4864892363548279
1648,61.460599988698959,61.225829035043716,-149.70289999991655,-149.5741446018219,30.799999833106995,89.765504002571106,4.1999999955296516,4.1119797974824905
586,61.677200019359589,61.490992397069931,-150.28349999338388,-150.01095970300958,20.999997854232788,123.28046606853604,3.5999999642372131,3.3348846137523651
627,62.888299942016602,62.96452522277832,-151.3652999997139,-151.01307141780853,117.69999982789159,71.595046669244766,3,3.5698689222335815
1943,59.888200044631958,59.635958075523376,-152.77000004053116,-151.93733775615692,92.399999499320984,55.826947093009949,3,3.2875367403030396
1696,59.667099952697754,59.479106664657593,-152.5103999376297,-151.25419673323631,91.699998825788498,105.43685220181942,3.6999999582767487,3.7744880318641663
1143,60.969900000840425,60.798581168055534,-147.08300006389618,-147.83172672986984,21.300002932548523,79.50795441865921,3.0999999940395355,3.6712318360805511
53,59.655099987983704,59.28347384929657,-151.52150005102158,-150.9047022163868,48.19999635219574,133.87201633304358,4.6000000052154064,4.6751256175339222
151,61.734200000762939,61.657077670097351,-149.60519997775555,-149.41584357619286,14.600001275539398,72.992440313100815,3.4999999701976776,3.9655536264181137
403,60.847800001502037,60.749462127685547,-152.569600045681,-152.01592576503754,9.4999969005584717,70.553086698055267,3.6999999582767487,3.6354716420173645
1154,61.297500014305115,61.182700783014297,-149.9522999972105,-149.75407082587481,44.39999908208847,156.60824626684189,5.0000000149011612,4.4899924693163484
207,61.242799997329712,61.129345610737801,-147.4452999830246,-147.74244904518127,6.8999975919723511,58.265030384063721,3.199999988079071,3.6240094900131226
2150,62.66569995880127,62.574421167373657,-149.52530001103878,-149.46250878274441,70.000000298023224,76.863996684551239,4.1999999955296516,4.7053209766745567
1682,59.169999957084656,59.041763067245483,-152.89550006389618,-151.58738493919373,68.500000983476639,64.2269067466259,3.2999999821186066,3.5681886076927185
1122,61.38629999756813,61.2238539904356,-150.05430000275373,-149.75199819356203,39.999999105930328,116.32690392434597,3.4999999701976776,3.9312892109155655
1256,61.477200001478195,61.227732926607132,-149.97640000004321,-149.76707216352224,36.300003528594971,89.869897812604904,3.5999999642372131,3.7821789085865021
8,59.494199991226196,59.230594873428345,-152.61269992589951,-151.19827929139137,83.20000022649765,87.493155151605606,3.0999999940395355,3.6205068826675415
1014,61.900200009346008,61.755162179470062,-149.22690001130104,-149.3259518891573,1.8000006675720215,99.709978327155113,3,3.6407416462898254
2096,60.007000029087067,59.810961365699768,-151.30100002884865,-150.86392378807068,65.299998968839645,115.89746456593275,3.0999999940395355,3.0615241527557373
1060,60.655699998140335,60.448118150234222,-151.64109992980957,-150.80218291282654,79.900000244379044,64.578663557767868,3,3.526469886302948
452,59.886000037193298,59.853597640991211,-151.07579997181892,-150.91281920671463,59.900000691413879,117.35675018280745,3.4999999701976776,3.8525134921073914
1675,59.963099956512451,59.773690342903137,-151.53680008649826,-151.13191992044449,51.600001752376556,119.35931816697121,3,3.3396913111209869
253,62.882500052452087,62.83961033821106,-150.95620000362396,-150.44105252623558,102.60000079870224,52.269890904426575,3.199999988079071,3.753891259431839
1327,61.473100006580353,61.139897897839546,-149.89759999886155,-149.72287579625845,34.400001168251038,95.352975651621819,4.5,4.3829854689538479
896,62.874400019645691,62.915717124938965,-149.44910001754761,-149.44350546598434,79.100001603364944,38.94294798374176,3.0999999940395355,3.8038220554590225
2058,60.249300003051758,60.008998274803162,-152.00239992141724,-151.15911859273911,83.900000900030136,99.638300016522408,3.199999988079071,3.3026066422462463
880,61.895699977874756,61.928339958190918,-149.29800000786781,-149.29644307494164,3.8999989628791809,66.582370549440384,3,3.3215327560901642
1595,59.747400045394897,59.671995878219604,-151.97750008106232,-151.03655532002449,76.499998569488525,130.14105008915067,3,3.2053395509719849
2147,62.606099963188171,62.914144992828369,-152.06990003585815,-151.65749037265778,1.2999996542930603,137.08315510302782,3,3.1857775747776031
623,61.870400011539459,61.803658485412598,-150.55290001630783,-150.08488009683788,59.699997305870056,77.36489549279213,4.1999999955296516,4.2078560069203377
345,59.609500050544739,59.46247923374176,-151.90700000524521,-151.03868097066879,65.400000661611557,152.73105911910534,5.4000000357627869,5.1468115299940109
2028,62.519600033760071,62.523576974868774,-151.15840002894402,-150.65126582980156,84.89999920129776,77.163398265838623,3,3.1866616308689117
1787,61.491499990224838,61.422672390937805,-151.32100000977516,-150.47198309004307,84.49999988079071,92.076774686574936,3.2999999821186066,3.6940767467021942
262,61.849500000476837,61.717063903808594,-148.97220003604889,-149.00129681825638,36.799997091293335,79.564925283193588,3.0999999940395355,3.7270487844944
1634,62.527500033378601,62.43360424041748,-149.2722000181675,-149.344342187047,53.400002419948578,68.600255995988846,3.199999988079071,3.7731753587722778
1321,61.337599992752075,61.069997183978558,-150.04990000091493,-149.8376190662384,34.500002861022949,98.519135266542435,4.1999999955296516,4.1442993655800819
1438,61.279100000858307,60.85735148191452,-149.97779999999329,-149.69754237681627,38.300000131130219,75.392339378595352,3.0999999940395355,3.3164344131946564
150,62.041300058364868,62.067351460456848,-151.47219997644424,-150.78125524520874,81.700000911951065,75.835969299077988,3.0999999940395355,3.6565620303153992
1969,59.395699977874756,59.052782297134399,-152.93370008468628,-151.81323623657227,84.49999988079071,67.067038267850876,3,3.2608786225318909
472,62.964699983596802,62.932753443717957,-149.45950001478195,-149.41479049623013,80.899998545646667,30.509419739246368,3.0999999940395355,3.6987158060073853
1976,59.828999996185303,59.389848947525024,-152.90189999341965,-151.52141386270523,93.400001525878906,87.854806333780289,3.0999999940395355,3.4469853937625885
1802,61.205200001597404,61.070400252938271,-150.55349998176098,-150.13349691778421,52.900001406669617,96.024585887789726,3.2999999821186066,3.7408988177776337
640,62.300600051879883,62.330460786819458,-151.12819996476173,-150.70509923994541,83.099998533725739,86.875256150960922,3.0999999940395355,3.41802978515625
871,60.842899993062019,60.666625827550888,-147.65699994564056,-148.02810162305832,20.099997520446777,83.700940012931824,3.2999999821186066,3.9080391973257065
2146,59.589100003242493,59.108523845672607,-152.7742999792099,-152.02723360061646,101.90000012516975,106.09562508761883,3,3.0967592597007751
550,59.957900047302246,59.891041398048401,-152.78420001268387,-151.81181502342224,102.80000045895576,133.76814592629671,3.9999999850988388,4.1245633363723755
2086,62.284700036048889,62.177599430084229,-150.49770002067089,-150.25459630787373,57.300001382827759,74.584320187568665,3.0999999940395355,3.4200325906276703
1959,59.640499949455261,59.317020535469055,-152.80009996891022,-151.61879539489746,105.20000010728836,85.342206060886383,3.2999999821186066,3.5564264953136444
928,60.698399990797043,60.652040839195251,-151.68589997291565,-150.94799512624741,72.599999606609344,77.200062572956085,3.0999999940395355,3.193732738494873
488,61.459500014781952,61.373815506696701,-149.35370001196861,-149.18255558609962,21.899998188018799,83.981830626726151,3.4999999701976776,3.7392945885658264
1843,60.878700003027916,60.902310132980347,-149.51599998772144,-149.51222558319569,24.499997496604919,95.241116359829903,3.8999999910593033,3.9876279383897781
1734,60.065299987792969,59.928656578063965,-151.95449995994568,-151.16284140944481,80.699998885393143,123.27078962698579,3.8999999910593033,4.0313776284456253
2105,60.136099994182587,59.203289031982422,-152.94849997758865,-151.98160743713379,121.8000000808388,89.979749172925949,3.0999999940395355,3.104587733745575
1171,61.366600006818771,61.111302241683006,-150.03880000021309,-149.82945125922561,41.199997067451477,95.276657491922379,3.5999999642372131,3.848919153213501
146,61.13459999859333,61.031365066766739,-150.24369999021292,-150.05701506324112,61.700001358985901,96.078500151634216,3.4999999701976776,3.7503197193145752
2030,61.534900009632111,61.257016539573669,-149.74189998954535,-149.58486311137676,43.899998068809509,86.490865796804428,4.1999999955296516,3.7799177616834641
1986,61.996500015258789,61.858245015144348,-149.87610000371933,-149.53423565626144,46.09999805688858,90.849563479423523,4.6000000052154064,4.9260590672492981
1369,61.356900006532669,61.197702124714851,-150.02270000008866,-149.71120382845402,53.499996662139893,91.875746846199036,3.3999999761581421,3.5290071666240692
402,62.535500049591064,62.450848579406738,-150.99110001325607,-150.37819840013981,79.399999231100082,68.905752152204514,4.2999999895691872,3.8421440273523331
2161,61.565599977970123,61.295965045690536,-149.79070001095533,-149.65505980700254,33.699996769428253,86.674045771360397,3.4999999701976776,3.4524473547935486
954,59.353099942207336,59.068924903869629,-152.90920007228851,-151.98245072364807,72.900000959634781,48.064693808555603,3,3.5181324183940887
2142,62.105999946594238,61.920437037944794,-147.86100000143051,-148.1737967133522,17.999999225139618,83.096735179424286,3.0999999940395355,3.229184478521347
659,61.550499975681305,61.473150432109833,-147.80350005626678,-147.97655242681503,19.500002264976501,45.416876673698425,3.8999999910593033,3.8238275796175003
1794,59.827900052070618,59.541692018508911,-152.88959991931915,-151.48791816830635,101.80000029504299,87.73740753531456,3.2999999821186066,3.4933533668518066
1372,61.374500006437302,61.121905535459518,-149.94739999808371,-149.79377058148384,41.900001466274261,93.675747513771057,3,3.7227048575878143
463,60.344399988651276,60.307878613471985,-151.39700004458427,-150.81015756726265,58.499999344348907,100.98608210682869,3.5999999642372131,3.7297188341617584
1349,61.427799999713898,61.122104778885841,-150.06399999931455,-149.82025132700801,32.999999821186066,100.71618296205997,3,3.1849518120288849
186,60.095099985599518,59.942755579948425,-151.44960004091263,-151.08887806534767,50.700001418590546,112.54922393709421,3.2999999821186066,3.6608631312847137
1147,61.512499988079071,61.196563601493835,-149.88749999552965,-149.78690106421709,37.600003182888031,94.526046887040138,3,3.2680129408836365
1224,61.487899988889694,61.206539779901505,-149.92999999970198,-149.75022355467081,34.299999475479126,89.704073965549469,3.4999999701976776,3.7397085428237915
608,61.417600005865097,61.347891092300415,-151.49330002069473,-150.80323934555054,86.300000548362732,96.463834866881371,3.3999999761581421,3.7098488509654999
143,62.151100039482117,62.108559489250183,-152.3031000494957,-151.46475166082382,7.3999986052513123,95.611445605754852,3.0999999940395355,3.4606152176856995
751,59.989599943161011,60.024763762950897,-152.73040008544922,-152.24125635623932,102.49999910593033,78.565273433923721,3,3.1107918620109558
1534,59.366000056266785,59.081705570220947,-152.50869995355606,-151.43611568212509,66.199999302625656,83.641838282346725,3,3.5185849964618683
1930,61.780499994754791,61.708777606487274,-150.68720000982285,-149.90599401667714,62.200002372264862,80.628622323274612,4.2999999895691872,4.5861106999218464
981,62.879899978637695,62.783928871154785,-148.30229991674423,-148.86110928654671,74.900001287460327,81.726457923650742,4.5,4.7867616042494774
197,62.957399964332581,62.60215151309967,-150.4350999891758,-149.96368613932282,101.70000046491623,78.035973012447357,5.1000000089406967,5.1085242033004761
1633,60.120199978351593,60.050415337085724,-151.24539998173714,-150.86922642588615,52.799999713897705,117.56822653114796,3.4999999701976776,3.6695433855056763
883,61.339100003242493,61.117220588028431,-149.82720000296831,-149.80837753415108,33.900000154972076,97.967473790049553,3,3.2697841823101044
1860,60.052600026130676,59.73055374622345,-152.67320001125336,-151.31206700205803,99.700000137090683,104.91380095481873,3.0999999940395355,3.2127917110919952
279,61.256199985742569,61.018692128360271,-150.45349998772144,-150.13597813993692,50.300002098083496,99.04886782169342,3,3.3615040183067322
293,62.186499953269958,62.131054639816284,-149.4382000118494,-149.2947703152895,31.099997460842133,93.318425118923187,3.7999999970197678,4.135767973959446
766,61.707799971103668,61.697698891162872,-147.98209995031357,-148.21794104576111,34.999996423721313,53.758539259433746,3.5999999642372131,3.5414189100265503
400,61.130400002002716,61.076269961893559,-150.84080001711845,-150.44692897796631,55.299997329711914,98.722688853740692,3.0999999940395355,3.4739181697368622
122,62.245300054550171,62.191577434539795,-149.68480000644922,-149.47856457531452,52.599996328353882,78.507665544748306,3.6999999582767487,3.88387531042099
1207,61.420199990272522,61.140478417277336,-150.07779999822378,-149.84528361260891,20.000003278255463,97.404180094599724,3.0999999940395355,3.2117936611175537
202,60.339600026607513,59.801003694534302,-152.75630003213882,-151.36481112241745,130.70000009611249,94.201337546110153,3,3.2663370966911316
1462,61.44420000910759,61.176512956619263,-149.87200000137091,-149.69848910719156,35.80000251531601,93.038268387317657,3.5999999642372131,3.9792221635580063
835,59.006100058555603,59.065738677978516,-151.57079994678497,-151.18440833687782,46.999998390674591,83.189625293016434,3.0999999940395355,3.6991049945354462
246,62.018499970436096,62.027812123298645,-150.15439999848604,-149.74451058357954,49.400001764297485,77.205050736665726,3,3.4051981866359711
1439,61.468300014734268,61.428100854158401,-149.93759999983013,-150.02473633456975,39.099998772144318,90.142644941806793,3,3.3320037424564362
1733,62.169800043106079,62.046059727668762,-147.83699995279312,-148.28680372238159,42.599998414516449,82.08654448390007,4.0999999791383743,4.2433687895536423
1695,59.304000020027161,59.075508236885071,-152.54069995880127,-151.52908819913864,60.500003397464752,73.090285062789917,3.199999988079071,3.6370281279087067
1707,60.475499987602234,60.237548470497131,-151.76010006666183,-150.85182219743729,70.599999278783798,104.00358587503433,4.2999999895691872,4.5161709487438202
2144,60.21560001373291,59.924694061279297,-151.55510008335114,-150.88843175768852,60.400001704692841,106.52925074100494,3,3.0656870305538177
1153,61.504899978637695,61.268340408802032,-149.91929999738932,-149.72748222202063,38.999997079372406,87.730526924133301,3.6999999582767487,3.8370965570211411
1661,61.578199982643127,61.323046058416367,-149.57099997997284,-149.53489364683628,28.499998152256012,82.42272213101387,3,3.5344176292419434
1759,61.83950001001358,61.630076944828033,-149.54289999604225,-149.57186222076416,50.399996340274811,99.466651678085327,3.199999988079071,3.7460829019546509
854,60.990000000223517,59.794354200363159,-150.8027999997139,-150.7353913038969,160.30000150203705,141.69914461672306,3,3.0327059626579285
1589,60.461399972438812,60.240096628665924,-152.07120001316071,-151.08624574542046,85.200000554323196,81.782858818769455,3,3.2061833739280701
641,62.29610002040863,62.270785808563232,-151.14050003886223,-150.69655738770962,64.699999988079071,85.30794084072113,3.0999999940395355,3.2854746580123901
1,59.898100018501282,59.621618747711182,-151.54039996862411,-151.10210734605789,30.599996447563171,134.69749968498945,3.3999999761581421,3.8325576335191727
698,60.17960000038147,60.190427482128143,-151.92480003833771,-151.80186581611633,64.300000667572021,98.935279995203018,3,3.1026172041893005
1636,61.60369998216629,61.636085987091064,-151.72589993476868,-150.83149212598801,93.199998140335083,91.711781919002533,3.199999988079071,3.7193291187286377
1291,61.446900010108948,61.203842639923096,-149.98210000013933,-149.75721504539251,30.900001525878906,91.780822724103928,3.3999999761581421,3.8439023047685623
2104,59.861999988555908,59.530211925506592,-152.67499995231628,-151.97918432950974,79.100001603364944,89.641079306602478,3.3999999761581421,3.2982981204986572
1520,62.372300028800964,61.926540493965149,-150.43880000710487,-149.61227881908417,100.09999945759773,73.840789496898651,3.8999999910593033,3.7118864357471466
1853,61.301499992609024,61.120268173515797,-152.17319995164871,-151.04495617747307,131.09999988228083,91.344747692346573,4.5,4.5484969206154346
1136,61.299299985170364,61.089996427297592,-150.06469999998808,-149.67505495995283,44.79999840259552,108.17303881049156,5.0000000149011612,4.9608318954706192
2133,61.986299991607666,61.878747701644897,-150.60999999940395,-150.1735806427896,60.80000102519989,73.800202459096909,3.2999999821186066,3.6065967679023743
1631,61.409599989652634,59.642086505889893,-152.83910000324249,-149.31765849888325,240.69999903440475,144.39527131617069,3,3.0313217639923096
1998,59.872499942779541,59.885510444641113,-150.89079996943474,-150.68909659981728,62.800001353025436,113.5965920984745,3.199999988079071,3.729703813791275
663,59.158599972724915,59.074765205383301,-152.91909992694855,-152.24519312381744,64.300000667572021,68.112310022115707,3,3.647336483001709
683,60.962200000882149,60.922664403915405,-149.09880003333092,-149.36529417335987,13.300001621246338,102.5569885969162,3.0999999940395355,3.2835058271884918
1257,61.414799988269806,61.10294421762228,-149.95810000039637,-149.85518329963088,29.100000858306885,98.663656041026115,3.0999999940395355,3.4758927226066589
317,62.190099954605103,62.250219345092773,-151.35420003533363,-150.9643597304821,80.499999225139618,76.769936829805374,3.5999999642372131,3.7721534818410873
648,60.026400029659271,60.089053928852081,-152.575100004673,-151.74401289224625,93.600001186132431,103.43968868255615,3,3.2840153574943542
1434,61.412600010633469,61.109257556498051,-150.02969999983907,-149.68844754248857,37.600003182888031,95.31017579138279,3.5999999642372131,4.032867506146431
1479,61.466399997472763,61.349749743938446,-149.97790000028908,-149.65986205637455,42.800001800060272,83.830267190933228,3.7999999970197678,3.7338644564151764
709,62.245100021362305,62.25280225276947,-150.97079998254776,-150.48169992864132,76.000001281499863,71.920007467269897,3.199999988079071,3.6498044729232788
1282,61.478399991989136,61.184571176767349,-149.98389999987558,-149.71997947990894,23.800000548362732,93.209501355886459,3,3.3532569408416748
1768,62.266999959945679,61.934175908565521,-148.43660008907318,-148.60077470541,31.400002539157867,89.614391326904297,3,3.6797030568122864
972,61.30009999871254,61.126772031188011,-149.93589999899268,-149.83677418157458,42.499996721744537,92.600364238023758,3.9999999850988388,3.7987618446350098
1306,61.468600004911423,61.15349243581295,-149.95150000043213,-149.79117178916931,29.899999499320984,90.757258236408234,3.2999999821186066,3.6534383296966553
1400,61.398799985647202,61.190238431096077,-149.9870000006631,-149.67326357960701,38.589999079704285,91.55857190489769,3.199999988079071,3.5077537000179291
1408,61.48769998550415,61.259359955787659,-149.95610000006855,-149.75232949107885,32.200001180171967,93.755519017577171,3.0999999940395355,3.2153535783290863
1496,61.535700023174286,61.496348857879639,-149.94860000163317,-149.80194333940744,43.300002813339233,82.777231931686401,4.6000000052154064,4.1119801998138428
2038,61.621999979019165,61.428292006254196,-149.81899999827147,-149.56637866795063,40.600001811981201,79.292174428701401,3.199999988079071,3.6318216919898987
1529,59.080700039863586,59.037167429924011,-151.92289996147156,-151.19149509072304,48.799999058246613,80.667544156312943,3.199999988079071,3.5779439806938171
1663,62.804100036621094,62.904707551002502,-148.79649996757507,-148.99666759371758,16.099996864795685,38.586884737014771,3.3999999761581421,3.6837129592895508
1354,61.463299989700317,61.199352383613586,-149.88489999622107,-149.66989036649466,31.099997460842133,90.521723031997681,3.9999999850988388,4.0792248398065567
2152,61.163000002503395,60.861695319414139,-152.64459997415543,-152.10001927614212,145.50000056624413,55.745407938957214,3.6999999582767487,3.7749932259321213
2167,59.58270001411438,59.061206102371216,-152.93409991264343,-152.50049203634262,100.29999911785126,112.50429321080446,3,3.0492904186248779
1643,62.513100028038025,62.623063325881958,-151.94289994239807,-151.32824635505676,106.49999976158142,98.634716123342514,3.6999999582767487,3.7046606540679932
1051,62.248900055885315,62.123976230621338,-150.4966000020504,-150.25495793670416,18.200002610683441,83.339419215917587,3.7999999970197678,4.016743540763855
795,60.802000001072884,60.859396785497665,-150.49690000712872,-150.24931946396828,9.9999979138374329,100.66433437168598,3.0999999940395355,3.2271037995815277
1597,59.576099991798401,59.227557301521301,-152.61830002069473,-151.18377515673637,77.100001275539398,85.236441344022751,3.2999999821186066,3.5546836853027344
1819,59.173400044441223,59.038959860801697,-152.03549998998642,-151.31696507334709,49.09999668598175,74.480734765529633,3,3.3316797316074371
1722,60.838200002908707,60.550123751163483,-151.82769995927811,-150.67969885468483,78.400000929832458,101.54331102967262,5.2000000029802322,5.1406651586294174
1183,60.115100026130676,59.868129730224609,-152.64959996938705,-151.39307141304016,87.900001555681229,110.43187789618969,3.3999999761581421,3.6407169699668884
1059,59.444800019264221,59.127303719520569,-152.83139991760254,-151.73047292232513,76.299998909235001,51.712930202484131,3.199999988079071,3.4691516160964966
540,60.541700005531311,60.55714276432991,-147.69370007514954,-148.26704978942871,13.700000941753387,74.638407677412033,3,3.6537001132965088
1678,60.416599988937378,60.137289762496948,-151.90379995107651,-151.02260917425156,77.700000256299973,103.89735549688339,4.3999999947845936,4.3117290884256363
1757,62.544800043106079,62.452059745788574,-151.11689999699593,-150.6715317517519,74.499998241662979,84.756195545196533,3.199999988079071,3.738638699054718
1923,60.260900020599365,59.966175198554993,-152.30400002002716,-150.92551732063293,99.799999967217445,118.18967387080193,4.8000000044703484,4.5127992806956172
95,61.476599991321564,61.496638923883438,-151.90240001678467,-151.19307813048363,92.099998146295547,95.629461109638214,3,3.5156261622905731
1020,61.503099977970123,61.121533468365669,-149.89850000292063,-149.7447455227375,44.79999840259552,110.99846754223108,4.0999999791383743,4.1400505229830742
563,59.41540002822876,59.461306810379028,-151.9368000626564,-151.56767284870148,58.600001037120819,111.83173954486847,3.0999999940395355,3.5690746307373047
863,59.920199990272522,59.829749822616577,-152.45419996976852,-151.51795381307602,86.399998515844345,108.68571884930134,3.2999999821186066,3.6258392930030823
1484,61.499300003051758,61.18253168463707,-149.96579999942333,-148.58155453205109,36.399997770786285,69.946475327014923,3.6999999582767487,3.4467715322971344
1881,60.162699997425079,59.940525889396667,-152.76279991865158,-151.30513733625412,115.10000005364418,103.61058078706264,3.4999999701976776,3.6033182144165039
1038,60.311100006103516,60.238772869110107,-151.30430004000664,-150.68612860143185,61.899997293949127,99.007781594991684,3,3.2899852395057678
206,60.061999976634979,60.061086416244507,-147.04839992523193,-147.65184026956558,9.4999969005584717,76.844453811645508,3.2999999821186066,3.652587890625
392,60.003099977970123,59.973178267478943,-152.67119997739792,-151.82872080802917,97.899999469518661,87.285988032817841,3,3.3259049355983734
870,59.643200039863586,59.677022218704224,-152.07660001516342,-151.26784390211105,78.699998557567596,129.18145954608917,3.9999999850988388,3.8587678670883179
397,62.135800004005432,62.063401460647583,-150.76999998092651,-150.173045899719,70.30000165104866,83.502378314733505,3.5999999642372131,3.6816492676734924
2121,59.708600044250488,59.517982721328735,-151.00360000133514,-150.89934602379799,46.09999805688858,133.26810579746962,3.0999999940395355,3.2237101793289185
1028,59.718299984931946,59.606465220451355,-152.02920001745224,-151.41134932637215,64.19999897480011,87.587963789701462,3.199999988079071,3.4603180289268494
1485,61.406199991703033,61.187680304050446,-149.95569999888539,-149.52160710096359,35.300001502037048,89.848481118679047,3.7999999970197678,4.094524472951889
960,61.725399971008301,61.686501801013947,-152.11320000886917,-151.32791233062744,113.59999980777502,93.847889453172684,3.5999999642372131,3.7505969703197479
1570,60.254299998283386,60.073657333850861,-152.60660004615784,-151.67803645133972,104.6999990940094,101.56475193798542,3.3999999761581421,3.5518839955329895
1895,59.829499959945679,59.340281128883362,-152.9708000421524,-151.37986198067665,98.899999633431435,91.700036078691483,3.0999999940395355,3.482274055480957
804,61.731899976730347,61.624089658260345,-149.64159999042749,-149.46228571236134,39.999999105930328,66.001564264297485,3.0999999940395355,3.5403940379619598
1751,61.932200014591217,61.845897495746613,-151.31669998168945,-150.65633900463581,79.900000244379044,81.919211894273758,3,3.6856989562511444
502,59.904299974441528,59.765548467636108,-151.46570000052452,-151.01869788765907,67.999999970197678,154.4279120862484,3.5999999642372131,4.2905587926506996
779,61.570100009441376,61.532647848129272,-149.90069999545813,-149.22032475471497,46.400003135204315,88.148720562458038,3.4999999701976776,3.8345979452133179
1863,62.049000024795532,61.870393753051758,-149.39090001583099,-149.2855044901371,38.199998438358307,73.85779544711113,4.0999999791383743,4.507040657568723
200,59.07889997959137,59.058549046516418,-152.87230002880096,-151.35977205634117,72.00000062584877,81.212356686592102,3.8999999910593033,3.8775836527347565
2088,61.246700003743172,61.085264146327972,-150.16419999673963,-149.92857465147972,45.400001108646393,100.67933425307274,3.0999999940395355,3.2112096548080444
1796,59.496999979019165,59.11256217956543,-152.8834000825882,-151.02592858672142,94.79999914765358,109.49130356311798,4.1999999955296516,4.7014418318867683
378,62.404899954795837,62.380953788757324,-151.15470001101494,-150.61073313653469,6.5999999642372131,72.926335036754608,3,3.5141176879405975
418,62.97409999370575,62.912553191184998,-149.29889997839928,-149.29405765235424,71.100000292062759,46.154908835887909,3.2999999821186066,3.5263806581497192
1698,60.364499986171722,60.509222030639648,-147.38270008563995,-148.10214042663574,6.099998950958252,88.375259190797806,3.199999988079071,3.2761464715003967
391,59.613800048828125,59.330595731735229,-152.83780002593994,-152.26393604278564,94.100000336766243,79.954229295253754,3.3999999761581421,3.4676379561424255
1522,60.780699998140335,60.701997756958008,-150.68950000405312,-150.35904244333506,57.899996638298035,77.795792371034622,3.5999999642372131,3.6564189791679382
1162,61.360799998044968,61.120589539408684,-150.09619999676943,-149.82046390324831,34.699998795986176,93.141950666904449,3.3999999761581421,3.6937994956970215
1495,61.511699974536896,61.042700290679932,-149.91590000130236,-149.44148504734039,36.600001156330109,86.077898740768433,3.6999999582767487,3.8994313180446625
2027,61.502399981021881,61.477772414684296,-152.31850004196167,-151.34656620025635,134.4999996945262,91.062121093273163,3.0999999940395355,3.1291956603527069
1152,60.99820000003092,59.235469460487366,-151.82019996643066,-151.75538098812103,85.799999535083771,67.660704255104065,3.9999999850988388,3.8439488857984543
1367,61.465000003576279,61.196008011698723,-149.90009999647737,-149.69427245110273,28.200000524520874,89.361440390348434,3.2999999821186066,3.6198144257068634
64,59.180400013923645,59.597558259963989,-148.79760003089905,-150.57339741289616,64.699999988079071,146.6742530465126,3,3.0182504653930664
2062,60.645900011062622,60.511651456356049,-151.97960007190704,-151.0952236354351,78.699998557567596,84.101680666208267,3.5999999642372131,3.4637244343757629
1180,61.432399988174438,61.120344549417496,-150.11079999804497,-149.80645754188299,16.900002956390381,116.14227760583162,3,3.2238417863845825
492,60.314499974250793,60.319979786872864,-151.35659998655319,-150.79248493909836,28.700001537799835,109.59768481552601,3.3999999761581421,3.7576243579387665
379,59.69130003452301,59.362635254859924,-152.79549998044968,-151.95081299543381,88.500000536441803,105.40289059281349,3.9999999850988388,4.2231330871582031
763,61.047600001096725,60.951878793537617,-149.59170001745224,-149.62365151941776,33.900000154972076,103.91573421657085,3.0999999940395355,3.1214426457881927
791,61.644500017166138,61.3987075984478,-149.90500000119209,-149.56792733073235,52.599996328353882,80.339550971984863,3.0999999940395355,3.6416444778442383
1076,59.52590000629425,59.146444201469421,-152.86260008811951,-152.01451832056046,88.799998164176941,50.968602299690247,3.7999999970197678,3.4323484897613525
878,60.003000020980835,59.88121771812439,-152.69630008935928,-151.67829787731171,95.000000670552254,100.14848783612251,3.2999999821186066,3.6147067844867706
337,61.358799993991852,61.103241331875324,-150.1816000007093,-149.96956896968186,40.899999439716339,96.827154979109764,3.8999999910593033,3.9819115698337555
1016,61.477200001478195,61.111198730766773,-149.91309999860823,-149.80341287702322,36.799997091293335,113.29918261617422,3.199999988079071,3.7712316513061523
1275,61.407599985599518,61.57581639289856,-150.03429999947548,-149.5438452064991,166.4000004529953,89.304942637681961,3.7999999970197678,4.1398506760597229
455,59.388000011444092,59.063039660453796,-152.73489993810654,-151.54735672473907,70.599999278783798,84.58491787314415,3.3999999761581421,3.9215231984853745
815,61.629999995231628,61.438053697347641,-152.17859995365143,-151.2127580344677,121.70000001788139,100.4358846694231,4.2999999895691872,4.5352755412459373
995,60.90429999679327,60.934999391436577,-149.78319999575615,-149.86146203801036,33.900000154972076,95.480863004922867,3.0999999940395355,3.2679246068000793
1981,60.364600002765656,60.393865525722504,-147.64770001173019,-148.26824855804443,12.699998915195465,88.505342602729797,3.5999999642372131,4.0964087694883347
201,60.964600000530481,60.805568113923073,-151.13220003247261,-150.61270178854465,9.8000019788742065,89.440252631902695,3.0999999940395355,3.3300288319587708
161,61.727800011634827,61.604035794734955,-148.55739998817444,-148.95249232649803,9.0000033378601074,63.126124441623688,3.8999999910593033,4.4201718606054783
1579,62.75380003452301,62.78013026714325,-149.08479997515678,-149.04518803954124,13.599999248981476,56.472443044185638,4.2999999895691872,4.5017317228484899
702,61.140699997544289,61.058384396135807,-152.00349998474121,-151.33953782916069,97.999999299645424,87.444640696048737,3.0999999940395355,3.2978370487689972
1500,61.453999996185303,61.378498107194901,-150.08960000239313,-149.84890558943152,33.900000154972076,87.700493633747101,3.5999999642372131,3.7642521858215332
1129,61.289400011301041,61.092788241803646,-150.08070000261068,-149.73908704519272,43.700002133846283,106.32386058568954,3.7999999970197678,4.2196971774101257
1021,62.234699964523315,62.114402890205383,-150.76829999685287,-150.34956577420235,11.799998581409454,90.049423277378082,3.199999988079071,3.5543650388717651
1585,59.882799983024597,59.618960857391357,-151.75239998102188,-151.21903726458549,49.400001764297485,121.40615261159837,3,3.1550801396369934
1955,59.846500039100647,59.636421322822571,-152.96490007638931,-149.06898951530457,104.00000028312206,114.85157068818808,3.3999999761581421,3.1055831909179688
34,60.435100018978119,60.573616087436676,-150.37810000777245,-150.26383888721466,38.000002503395081,84.934242069721222,3.199999988079071,3.08744877576828
775,61.516499996185303,61.335088968276978,-149.91730000264943,-149.48527988791466,42.599998414516449,83.964701741933823,4.3999999947845936,4.3181228041648865
1478,61.437999993562698,60.884111292660236,-149.93470000103116,-148.53813725709915,38.40000182390213,61.635248363018036,3.3999999761581421,3.7190483808517456
1390,61.35359999537468,61.097505785524845,-150.08660000190139,-149.86694503203034,21.0999995470047,94.092175364494324,3.199999988079071,3.664756178855896
2139,60.815999999642372,60.86318051815033,-150.0500000026077,-150.07020564749837,44.200003147125244,99.722420796751976,3.0999999940395355,3.1228598356246948
1363,61.438100010156631,61.241288155317307,-149.95030000247061,-149.78399379551411,35.099998116493225,93.388095498085022,3.0999999940395355,3.3109545707702637
2041,59.853999972343445,59.610270500183105,-152.90739995241165,-151.7863290309906,117.50000016763806,85.252765566110611,3.4999999701976776,3.4336711764335632
241,61.173600003123283,61.033096197992563,-150.64760001003742,-150.23292016983032,53.400002419948578,96.798783168196678,3.199999988079071,3.5611847341060638
2061,60.94990000128746,60.79499851167202,-147.42839992046356,-147.8293896317482,31.000003218650818,75.100187212228775,3.8999999910593033,3.7545100450515747
600,61.990800023078918,61.972315669059753,-150.01929999981076,-149.62814701348543,27.09999680519104,71.336660534143448,3,3.4483138918876648
1297,61.423799991607666,61.095247194170952,-150.05660000257194,-149.88086387515068,29.600001871585846,95.833947882056236,3,3.4944093525409698
2068,61.749000012874603,61.554273009300232,-150.48199997842312,-150.01549940882251,62.89999932050705,85.60534194111824,3.3999999761581421,3.5734036266803741
646,59.653800010681152,59.438690900802612,-152.83070003986359,-152.31421548128128,85.400000214576721,85.025805979967117,3,3.2303629517555237
1528,60.073400020599365,59.572855710983276,-152.95059996843338,-151.51681566238403,126.30000000353903,102.45440527796745,3.6999999582767487,3.6210954487323761
1267,61.425900012254715,61.238747611641884,-150.00500000012107,-149.59835663437843,33.900000154972076,88.288795202970505,3.5999999642372131,3.8743664771318436
1899,60.113600015640259,59.295232057571411,-152.99299997091293,-151.66243171691895,129.4999998062849,92.216283082962036,4.7000000104308128,4.3116643354296684
562,61.057799998670816,61.018281815573573,-150.85809999704361,-150.37526696920395,54.600000381469727,106.87686130404472,3.4999999701976776,3.6751554608345032
189,61.051100000739098,60.942696060985327,-151.42459997534752,-150.71974056959152,69.099999964237213,89.275103062391281,3.2999999821186066,3.5509244799613953
1806,61.443599998950958,61.157991632819176,-150.41889998316765,-150.06434689834714,13.999998569488525,94.676963984966278,3.2999999821186066,3.6860847473144531
975,59.783400058746338,59.550775289535522,-151.36099997162819,-150.87885698676109,60.699999332427979,120.35821285098791,3,3.2916347980499268
2047,60.664700001478195,60.506722420454025,-151.16590002179146,-150.60792423784733,73.899999260902405,88.06060254573822,3.9999999850988388,4.1346219554543495
1082,60.9375,60.95970730483532,-150.86780002713203,-150.1527401022613,0,92.876851558685303,3,3.2814489305019379
474,59.904199957847595,59.646133780479431,-152.85980004072189,-151.73119139671326,100.40000081062317,96.056599169969559,3.0999999940395355,3.4239506721496582
747,61.632499992847443,61.317273110151291,-150.16699999943376,-149.79544727504253,49.800001084804535,88.82923424243927,3.6999999582767487,3.5839934349060059
21,61.773000001907349,61.716451704502106,-149.72310000658035,-149.39184938371181,35.199999809265137,145.16854844987392,3.0999999940395355,3.6556232571601868
459,61.170900002121925,61.051753476262093,-150.04269999917597,-149.94602044858038,44.699996709823608,110.12651957571507,3.0999999940395355,3.3499908149242401
1184,61.470699995756149,61.221307948231697,-150.29259999096394,-149.95814362540841,57.199999690055847,96.800731495022774,4.1999999955296516,4.2374873086810112
955,62.946900010108948,62.913436412811279,-151.31970003247261,-151.18268170952797,125.89999998454005,80.574586987495422,3.7999999970197678,3.5170136690139771
1215,61.363599985837936,61.088805787265301,-150.08130000159144,-149.8657985329628,26.799999177455902,95.221579074859619,3.5999999642372131,3.7697122693061829
1515,62.936100006103516,62.936670422554016,-148.10639995336533,-148.77370244264603,65.600000321865082,34.820124506950378,3.0999999940395355,3.480629950761795
769,60.136300027370453,60.019537568092346,-152.41030007600784,-151.71094357967377,88.199999183416367,98.083812743425369,3.0999999940395355,3.5749821960926056
1685,62.128999948501587,61.94239753484726,-148.86410003900528,-148.96571570634842,7.6000019907951355,91.75463393330574,3,3.531180202960968
130,62.361600041389465,62.300032615661621,-149.13239997625351,-149.34993436932564,3.3999979496002197,79.651482403278351,3.2999999821186066,3.6667732000350952
2135,60.225399971008301,59.752186298370361,-152.56120008230209,-151.06456053256989,102.90000028908253,113.45700081437826,3,3.1376318335533142
1482,61.391299992799759,61.209133639931679,-150.04860000126064,-149.27884505689144,42.199999094009399,82.179397344589233,3.3999999761581421,3.9309014081954956
330,62.852499961853027,62.876548886299133,-148.40779995918274,-148.64550286531448,61.899997293949127,48.183493316173553,3.3999999761581421,3.9437942504882812
1238,61.40149998664856,61.118064172565937,-150.02689999993891,-149.81707648560405,32.700002193450928,93.958798795938492,3.4999999701976776,3.8636860996484756
466,61.145600005984306,61.131324052810669,-151.12310001254082,-150.59088890254498,64.399998635053635,98.621385172009468,3.0999999940395355,3.6909032464027405
2169,62.312100052833557,62.177837610244751,-150.93729999661446,-150.42283263802528,99.199999123811722,73.404576629400253,3.3999999761581421,3.6151166260242462
1638,61.579500019550323,61.244382902979851,-149.85139999911189,-149.61553998291492,54.899998009204865,91.091986745595932,3.0999999940395355,3.2943165600299835
1095,61.390100002288818,61.124279163777828,-149.89759999886155,-149.78172502666712,22.699996829032898,107.21707902848721,3.0999999940395355,3.4784302711486816
1130,61.492700010538101,61.199966952204704,-150.21580000966787,-149.8435402661562,48.799999058246613,95.235824584960938,3.199999988079071,3.489748477935791
1294,61.43639999628067,61.15907971560955,-149.97119999863207,-149.76238339394331,20.000003278255463,97.607793286442757,3,3.207974910736084
860,62.873200058937073,62.915515899658203,-149.97330000065267,-149.7422988563776,80.499999225139618,41.616074740886688,3.4999999701976776,3.8652782142162323
