event_id,true_latitude_deg,predicted_latitude_deg,true_longitude_deg,predicted_longitude_deg,true_depth_km,predicted_depth_km,true_magnitude,predicted_magnitude
2312,35.991999983787537,35.973145842552185,-117.87799999862909,-118.18119537830353,4.0999996662139893,0.10193824768066406,3.0999999940395355,3.1766476929187775
2058,33.555999994277954,33.440270602703094,-118.36700001358986,-118.39617440104485,15.500000026077032,1.7308321595191956,3.199999988079071,3.1130260527133942
194,35.917168021202087,35.978337645530701,-117.67633101344109,-117.86147664487362,1.0299995541572571,1.4695045351982117,3.0900000035762787,3.3473430275917053
1393,33.691000014543533,33.500975281000137,-119.1360000371933,-118.89086669683456,11.40000008046627,4.2832490801811218,3.0999999940395355,3.0856042206287384
764,35.640166997909546,35.520415663719177,-117.54616698622704,-117.49163544178009,11.299999952316284,2.9924279451370239,3.9999999850988388,3.5411113500595093
170,35.792333006858826,35.873865127563477,-117.6245000064373,-117.79067845642567,3.0700001120567322,0.13521552085876465,3.550000011920929,3.3069368004798889
1660,32.702000021934509,32.706115484237671,-118.20450000464916,-118.40074011683464,9.9999998509883881,2.6758253574371338,3.0999999940395355,3.0896941423416138
2389,33.880999997258186,33.724083095788956,-117.75900000333786,-117.7775789052248,4.8999997973442078,4.3098092079162598,3,3.0865265429019928
990,33.97533299960196,33.875693418085575,-116.27600002288818,-116.86212372779846,3.9100000262260437,1.9888687133789062,3.2600000202655792,3.160717785358429
1134,33.316299974918365,33.058747172355652,-116.29729998111725,-116.79599165916443,18.400000110268593,3.435407280921936,3.6999999582767487,3.6144012808799744
1936,34.007000000216067,33.924010723829269,-118.43999999761581,-118.41537141799927,12.800000086426735,1.8236812949180603,3,3.2263485789299011
1476,33.564999997615814,33.377898812294006,-118.31499999761581,-118.40152761340141,2.9999998211860657,1.1355185508728027,3.0999999940395355,3.0898371934890747
1451,33.91499999910593,33.806107923388481,-118.27399998903275,-118.30599880218506,25.000000298023224,3.435998260974884,3.4999999701976776,3.1614485085010529
1525,32.016199946403503,32.048823237419128,-117.18129998445511,-117.0575138926506,6.5000000596046448,2.9090327024459839,3.6999999582767487,3.1669768095016479
2233,33.706000000238419,33.509883344173431,-119.47899997234344,-119.04783129692078,11.999999955296516,3.9974910020828247,4.8000000044703484,3.6227191686630249
251,35.893833041191101,34.733030736446381,-117.72716701030731,-117.49161839485168,7.6600000262260437,4.3214508891105652,3.2500000298023224,3.1849276721477509
1001,33.874166995286942,34.323609352111816,-117.11133301258087,-117.51240256428719,11.999999955296516,5.2746462821960449,3.2500000298023224,3.1533880233764648
1194,32.900099992752075,32.428313136100769,-116.28100001811981,-116.53715682029724,8.7000001966953278,0.59713751077651978,3.3999999761581421,3.1677135229110718
952,33.492500007152557,33.368039786815643,-116.80449998378754,-117.14703184366226,2.9100000858306885,2.6554396748542786,3.3700000047683716,3.4520493149757385
321,35.645668029785156,35.660087704658508,-117.48133099079132,-117.57789331674576,3.3599996566772461,0.306968092918396,3.2999999821186066,3.1472550630569458
1075,34.717832982540131,34.761862397193909,-116.0353330373764,-116.51215243339539,2.980000376701355,0.57561904191970825,3.199999988079071,3.2295598089694977
2514,34.810000002384186,34.829566359519958,-116.39100003242493,-117.01163482666016,3.4000003337860107,4.0850204229354858,3.2999999821186066,3.2377910614013672
134,35.912832975387573,35.97350811958313,-117.73449999094009,-117.93345028907061,2.7299997210502625,2.8043192625045776,3.3999999761581421,3.4041659832000732
2503,34.101999998092651,34.107858590781689,-117.45800000429153,-117.63211542367935,4.9999997019767761,4.2053014039993286,3.0999999940395355,3.0941045880317688
2051,32.379999995231628,32.384037971496582,-117.83599999547005,-118.0937911272049,15.200000004842877,3.5194480419158936,3.0999999940395355,4.1325520053505898
940,32.783833026885986,32.935347080230713,-118.4446670114994,-118.48577243089676,7.7299998700618744,3.0566561222076416,3.2999999821186066,3.0549687445163727
1444,35.922999978065491,35.981385231018066,-117.74000000953674,-117.94433115795255,4.5000001788139343,0.66937118768692017,3.199999988079071,3.2751710414886475
654,35.902667045593262,34.641226232051849,-117.7426669895649,-117.76908940076828,8.4699998795986176,4.2023992538452148,3.5999999642372131,3.2523974776268005
1289,33.399900019168854,33.294284582138062,-117.09740000963211,-117.26378446817398,10.899999886751175,1.9268783926963806,3.5999999642372131,3.384813666343689
2541,34.834999978542328,34.864023268222809,-116.28799998760223,-116.93898808956146,6.5000000596046448,4.8605972528457642,3.0999999940395355,3.3262508511543274
1099,35.404999971389771,35.526524305343628,-117.81016699969769,-118.00015884637833,6.6499999165534973,0.086629092693328857,3.3400000333786011,3.1582890450954437
1241,34.5939000248909,34.549170434474945,-118.62070000171661,-118.66919541358948,11.200000047683716,0.37548065185546875,3.9999999850988388,3.5548540949821472
2011,32.072000026702881,32.143351078033447,-116.38499999046326,-116.85591804981232,5.9999996423721313,3.0015429854393005,3.0999999940395355,3.1007233858108521
56,35.747666954994202,35.857550859451294,-117.55666700005531,-117.94745444878936,7.420000433921814,0.069747269153594971,3.0999999940395355,3.2466355562210083
485,35.796300053596497,35.792868733406067,-117.6351999938488,-117.62759208679199,6.5700003504753113,6.8355846405029297,3,3.2435706853866577
324,35.805832028388977,35.863576650619507,-117.59166699647903,-117.7240052819252,9.8399998247623444,0.40282219648361206,4.1999999955296516,3.6086499094963074
1968,34.705999970436096,34.566917061805725,-116.05999994277954,-116.85491359233856,3.6000001430511475,4.7104579210281372,3.0999999940395355,3.2071974277496338
2415,34.51800000667572,34.373470097780228,-118.93999999761581,-118.87905699014664,19.500000178813934,1.4933234453201294,3.6999999582767487,3.3911923170089722
44,33.228166997432709,33.027351975440979,-116.74333298206329,-117.08523565530777,10.209999829530716,2.8105661273002625,3.5999999642372131,3.1331392228603363
1729,34.996999979019165,34.777038276195526,-116.94500005245209,-117.1430361866951,5.9999996423721313,0.9844207763671875,3.0999999940395355,3.1797823905944824
1524,33.964000001549721,33.802717804908752,-117.75900000333786,-117.81477780640125,11.599999889731407,4.3855136632919312,3.0999999940395355,3.0515218377113342
2513,35.652999997138977,35.794678688049316,-117.65700000524521,-117.82546846568584,2.5000002980232239,0.37708818912506104,3,3.2367428541183472
1793,33.762099996209145,33.763435542583466,-117.46539998054504,-117.58210656046867,9.8000000417232513,4.2295360565185547,4.6000000052154064,3.6154744327068329
2351,35.72599995136261,35.929445266723633,-118.01899999938905,-118.21056865155697,4.1999995708465576,0.50565809011459351,3.9999999850988388,3.6118618547916412
2086,34.17059999704361,33.995891278609633,-117.28659999370575,-117.51103594899178,17.100000008940697,4.1741636395454407,3.3999999761581421,3.2389907240867615
2248,34.210999995470047,34.48448172211647,-118.77999997138977,-118.79680746793747,14.499999973922968,0.61165273189544678,3.8999999910593033,3.6098134517669678
1449,33.689999997615814,33.56663966178894,-116.74000000953674,-117.1038436293602,18.099999949336052,3.0070817470550537,3.5999999642372131,3.3435532450675964
457,35.897999048233032,35.383851051330566,-117.72683000564575,-117.32434856891632,4.0400004386901855,5.1216414570808411,3.1899999976158142,3.20330411195755
410,35.883334994316101,35.928121209144592,-117.7243350148201,-117.88454281538725,3.7799996137619019,1.6708660125732422,3.2999999821186066,3.2842274308204651
2036,32.047999978065491,32.1279456615448,-117.48000001907349,-117.55612522363663,8.4000000357627869,2.6919043064117432,3.3999999761581421,3.127063661813736
1288,35.483000040054321,35.447737455368042,-118.20790000259876,-118.70732390880585,0.60000032186508179,0.32354235649108887,4.0999999791383743,3.6708236038684845
471,35.806331992149353,35.939308524131775,-117.62750199437141,-117.48967546224594,2.800000011920929,1.9304966926574707,3.3400000333786011,3.1383068561553955
1175,33.152899980545044,32.9649738073349,-118.28589999675751,-118.40948265790939,11.700000017881393,2.6986438035964966,3.199999988079071,3.1273770332336426
1737,33.668000012636185,33.499291777610779,-116.72399997711182,-117.04936730861664,14.700000006705523,3.4802448749542236,3.0999999940395355,3.0858500003814697
1247,35.962000012397766,35.925171732902527,-117.30250000953674,-117.46681725978851,10.399999916553497,0.059849023818969727,3.3999999761581421,3.1715171635150909
1023,34.041000001132488,33.793178707361221,-117.2416689991951,-117.31048458814621,18.210000023245811,1.2312233448028564,3.2800000011920929,3.090758889913559
2092,32.167999982833862,32.042691946029663,-117.66699999570847,-117.90238472819328,7.9999999701976776,2.8472417593002319,3,3.0623529553413391
239,35.765498995780945,35.769380569458008,-117.55783098936081,-117.67322179675102,8.3300001919269562,3.1165802478790283,3.2999999821186066,3.2596804797649384
1273,34.717299997806549,34.552320003509521,-116.15349996089935,-117.2620724439621,0.99999994039535522,0.98328262567520142,3.2999999821186066,3.1032570004463196
1068,33.457832992076874,33.210393011569977,-116.46433305740356,-116.90873634815216,11.86999998986721,3.9669549465179443,3.0999999940395355,3.0768688917160034
1875,34.574999988079071,34.54628574848175,-116.54200005531311,-116.83121824264526,4.7999998927116394,0.45354545116424561,3.0999999940395355,3.297152191400528
430,35.759997963905334,35.794188737869263,-117.58149701356888,-117.58294606208801,7.7400000393390656,0.26355385780334473,3.6999999582767487,3.2095708250999451
1170,34.28659999370575,34.139332219958305,-117.03359997272491,-117.2659022808075,16.400000005960464,0.28031408786773682,3.0999999940395355,3.1016074419021606
1720,33.861000001430511,33.853587314486504,-119.36899995803833,-119.41146755218506,5.9999996423721313,4.1100534796714783,3.3999999761581421,3.3037926256656647
1967,34.703999996185303,34.489066779613495,-116.06200003623962,-116.8436222076416,3.5000002384185791,4.5970425009727478,3.0999999940395355,3.1965792775154114
289,35.917667031288147,35.882224559783936,-117.29799997806549,-118.09735934436321,12.930000051856041,0.23420065641403198,3.0199999809265137,3.5967568159103394
218,35.821334958076477,35.889103770256042,-117.64250200986862,-117.78879283368587,7.0900002121925354,2.9541617631912231,3.1399999558925629,3.2235716879367828
43,35.547500014305115,35.639319777488708,-117.52966699004173,-117.57682180404663,4.2500004172325134,0.36769688129425049,3.5099999606609344,3.1694499850273132
1669,34.035599999129772,33.963105097413063,-117.32929998636246,-117.44098252058029,12.499999925494194,4.2192202806472778,4.3999999947845936,4.0702649652957916
2354,35.799000024795532,35.9154372215271,-118.04500000178814,-118.55500417947769,7.9999999701976776,0.0095397233963012695,3,3.2510404586791992
2232,33.666999995708466,33.489377439022064,-119.32599997520447,-119.03021931648254,6.9999995827674866,4.4296503067016602,3.199999988079071,3.0628613233566284
2523,35.726999998092651,35.845646500587463,-118,-118.28490567207336,6.8999996781349182,0.13177871704101562,3.3999999761581421,3.2245635688304901
2211,34.054000001400709,33.794638052582741,-116.32000005245209,-116.9355571269989,10.499999821186066,4.6988564729690552,3.2999999821186066,3.1862845122814178
1366,34.056699998676777,34.064295552670956,-116.41840004920959,-116.81948757171631,13.599999994039536,3.1166884303092957,3.4999999701976776,3.7194592952728271
212,35.552332997322083,35.007495641708374,-117.32433301210403,-117.46053093671799,4.7799995541572571,0.082110464572906494,3.0199999809265137,3.1238125562667847
1533,33.872899994254112,33.781647086143494,-118.43110001087189,-118.43696802854538,16.299999989569187,3.6662399768829346,3.6999999582767487,3.3813461065292358
2138,34.300599992275238,34.166916608810425,-116.85860002040863,-117.32412749528885,3.3000004291534424,1.0710883140563965,3.5999999642372131,3.4059184491634369
1762,33.627000004053116,33.55771541595459,-117.90600000321865,-117.86588513851166,11.299999952316284,2.0836812257766724,3,3.0536879897117615
759,35.682335019111633,35.478114604949951,-117.5,-117.53762349486351,0.59000015258789062,0.11780083179473877,3.0999999940395355,3.214003711938858
1567,32.228999972343445,32.183614015579224,-116.58899998664856,-116.7331178188324,5.9999996423721313,1.4332285523414612,3.2999999821186066,3.1209086179733276
1792,32.057999968528748,32.134915232658386,-116.18499994277954,-117.59142810106277,5.5000001192092896,1.9535592198371887,3.0999999940395355,3.0652175545692444
2244,34.368000000715256,34.332212895154953,-118.66100001335144,-118.80595433712006,13.100000023841858,0.92579931020736694,3.0999999940395355,3.1685191690921783
1374,34.964399993419647,34.878971517086029,-116.70539999008179,-116.97747707366943,12.100000083446503,0.37377655506134033,3.0999999940395355,3.1403490006923676
1113,33.02649998664856,32.717227101325989,-116.43383300304413,-116.74031209945679,6.8900004029273987,3.0818670988082886,3.2899999916553497,3.1318219900131226
2176,33.895000003278255,33.712841510772705,-118.55099999904633,-118.5820592045784,13.499999977648258,2.5453644990921021,3,3.0629207789897919
1084,35.332499980926514,35.333148717880249,-118.55216699838638,-118.89809912443161,8.060000091791153,0.048986077308654785,3.1099999845027924,3.1377764940261841
979,33.462000012397766,33.151510238647461,-116.46666705608368,-117.06718838214874,7.4399998784065247,4.769521951675415,3.6999999582767487,3.3564457297325134
1321,32.554000020027161,33.719472020864487,-116.76800000667572,-119.37933540344238,4.9999997019767761,0.61380118131637573,3.3999999761581421,3.0435030162334442
1151,33.303799986839294,33.02272891998291,-116.28740000724792,-116.72354364395142,18.799999952316284,3.0511566996574402,3.0999999940395355,3.0878525376319885
1091,34.302666991949081,34.195343881845474,-116.86333298683167,-117.15653157234192,3.1400004029273987,1.6548997163772583,3.8700000196695328,3.6577397882938385
976,34.845166981220245,34.749520778656006,-118.90383297204971,-118.97057074308395,9.4799999892711639,0.18243670463562012,3.1099999845027924,3.1434287130832672
798,35.652667999267578,35.667297959327698,-117.53933000564575,-117.24832397699356,1.6500002145767212,3.816266655921936,3,3.4394404292106628
1272,35.668400049209595,35.840638279914856,-118.46039998531342,-118.96707952022552,10.499999821186066,0.005098879337310791,3.4999999701976776,3.1992584466934204
422,35.796664953231812,35.907179594039917,-117.6256639957428,-117.5827331840992,2.6299998164176941,0.049259662628173828,3.0999999940395355,3.2670059502124786
2083,34.019999999552965,33.854837745428085,-117.22299998998642,-117.31513673067093,15.100000002421439,3.1653821468353271,3,3.1423415243625641
867,35.391000032424927,35.403985738754272,-118.54483300447464,-119.00865840911865,3.970000147819519,0.036871433258056641,3.2999999821186066,3.1249000132083893
296,35.676334023475647,35.854868292808533,-117.54733300209045,-117.75607360899448,3.9499998092651367,0.0534018874168396,3.0900000035762787,3.2199285328388214
1057,33.167666971683502,32.856086730957031,-116.42066705226898,-116.87112092971802,13.760000020265579,3.1236112117767334,3.3899999856948853,3.0818794369697571
368,35.894665002822876,35.935535907745361,-117.68116798996925,-117.89046584814787,2.0399996638298035,0.74486374855041504,3,3.1846386194229126
2285,34.041000001132488,34.042408961802721,-118.49200001358986,-118.90031909942627,4.8999997973442078,0.021901130676269531,4.1999999955296516,3.3303838670253754
282,35.659000039100647,35.687488079071045,-117.48616802692413,-117.6618557870388,3.710000216960907,0.28762936592102051,3.1800000071525574,3.1431092619895935
1298,33.94200000166893,33.758322924375534,-116.73599994182587,-117.08289611339569,18.299999982118607,1.6629427671432495,3.0999999940395355,3.1535217761993408
1133,35.851799964904785,35.967069983482361,-117.69190001487732,-117.95253642275929,11.900000050663948,0.50099372863769531,3,3.2078973948955536
1190,35.165199995040894,35.006016135215759,-118.65939998626709,-119.191157579422,8.5999998450279236,0.097886323928833008,3.199999988079071,3.1114567816257477
318,35.656666040420532,35.667223930358887,-117.58466300368309,-117.78458786010742,7.8300002217292786,0.69280833005905151,3.199999988079071,3.138070821762085
1336,33.031199991703033,32.642359972000122,-116.22580003738403,-116.57584595680237,10.499999821186066,3.28378826379776,3.8999999910593033,3.2763249278068542
1807,32.693099975585938,32.750291109085083,-117.4375,-117.4611354470253,9.9999998509883881,2.9950466752052307,3.5999999642372131,3.1106982529163361
993,33.957832999527454,33.797585219144821,-116.67050004005432,-117.03813409805298,15.969999991357327,0.73688775300979614,3.199999988079071,3.1054952144622803
568,35.78049898147583,35.556112885475159,-117.58916500210762,-117.27918809652328,5.1499995589256287,6.3099789619445801,3.6999999582767487,3.6176964640617371
787,35.700832009315491,35.645269870758057,-117.47766900062561,-117.41645234823227,0.039999783039093018,0.84421902894973755,3.0900000035762787,3.2754335403442383
736,35.750831961631775,35.735574722290039,-117.5633319914341,-117.49138551950455,6.8999996781349182,0.47643363475799561,3.8999999910593033,3.2826516330242157
2301,35.922999978065491,35.968259215354919,-117.85199999809265,-117.95776096731424,0,1.3409247994422913,3.7999999970197678,3.2495120465755463
2483,34.43299999833107,34.266450017690659,-116.26999998092651,-116.80070757865906,2.7000001072883606,6.3184475898742676,3.199999988079071,3.1622647047042847
668,35.902832984924316,34.960702419281006,-117.72083300352097,-117.56814777851105,8.2400000095367432,4.4500583410263062,3.2400000393390656,3.3492354154586792
93,35.895166993141174,35.970523238182068,-117.67683300375938,-117.90774681419134,3.9999997615814209,0.12534677982330322,3.5999999642372131,3.3927427232265472
2477,35.963000059127808,35.979030609130859,-117.79000000655651,-118.19127056002617,2.7000001072883606,0.11676549911499023,3.199999988079071,3.2659381628036499
1378,34.931999981403351,34.984562814235687,-116.71930003166199,-116.8105297088623,9.3000000715255737,2.1512800455093384,3.7999999970197678,3.3873075842857361
196,35.631500005722046,35.787898659706116,-117.43083202838898,-117.648417532444,3.9999997615814209,0.10389268398284912,3.0999999940395355,3.3091771602630615
2505,35.654999971389771,35.701421618461609,-117.60299998521805,-117.8411091119051,1.3999995589256287,0.088551342487335205,3,3.176217645406723
1835,34.287999987602234,34.059087540954351,-118.47499999403954,-118.45661154389381,12.899999991059303,2.6993215084075928,3.0999999940395355,3.1615446209907532
1334,35.476699948310852,35.545758128166199,-118.28049999475479,-118.72778952121735,5.0999996066093445,0.027531981468200684,3.5999999642372131,3.2054220736026764
254,35.727833032608032,35.897840619087219,-117.54816401004791,-117.66184064745903,9.1099999845027924,0.34352928400039673,3.4699999988079071,3.2360612154006958
2314,35.988999962806702,35.971423983573914,-117.87199999392033,-118.08335480093956,3.1999996304512024,0.32802611589431763,3.3999999761581421,3.230462372303009
1498,33.005999982357025,32.72927713394165,-116.48599994182587,-116.61804699897766,6.9999995827674866,2.2831732034683228,3.0999999940395355,3.1068593859672546
2382,34.217999994754791,34.084003411233425,-116.90400004386902,-117.26945036649704,8.099999874830246,3.8523325324058533,4.1999999955296516,3.6552906632423401
168,35.658668994903564,35.776163220405579,-117.47366297245026,-117.77533462643623,4.1400003433227539,0.107765793800354,3.0800000131130219,3.1951103210449219
2066,33.513000011444092,33.212530195713043,-116.57500004768372,-116.98148214817047,14.599999990314245,2.8316795825958252,3.0999999940395355,3.139900267124176
1340,34.33899998664856,34.090560756623745,-118.4839999973774,-118.41832441091537,1.0999998450279236,3.3524376153945923,3.199999988079071,3.1088952720165253
1656,35.968400001525879,35.964740872383118,-117.28409999608994,-117.6019169986248,0,0.042487978935241699,3.5999999642372131,3.2756031453609467
173,35.632166981697083,35.742437481880188,-117.43033301830292,-117.45029425621033,4.8200002312660217,0.39873182773590088,3.7999999970197678,3.4380239546298981
2054,33.648999989032745,33.506669193506241,-116.73500001430511,-116.90509939193726,12.60000005364418,1.7497220635414124,3.0999999940395355,3.0799471735954285
1146,35.267600059509277,35.191519737243652,-118.5673999786377,-118.99698024988174,14.700000006705523,0.062783360481262207,3.199999988079071,3.1550929248332977
1128,33.13400000333786,32.65475058555603,-117.28799998760223,-117.51612269878387,20.000000149011612,0.41287422180175781,3.4999999701976776,3.0704401731491089
611,35.888332009315491,35.70477557182312,-117.72683000564575,-117.2987539768219,5.0099998712539673,4.9979370832443237,3.0999999940395355,3.2874813973903656
602,35.925166964530945,34.530762374401093,-117.72866699099541,-117.95060932636261,-0.27999937534332275,4.4301930069923401,3.0199999809265137,3.1617258489131927
1653,33.244700014591217,32.955720543861389,-116.43550002574921,-116.82903480529785,9.0999998152256012,2.6786702871322632,3.3999999761581421,3.1172532141208649
705,35.869500041007996,34.877355217933655,-117.69066700339317,-117.64218905568123,2.6600003242492676,4.2669886350631714,4.1999999955296516,3.6647696793079376
1610,33.175899982452393,33.001120209693909,-119.26670002937317,-118.80416369438171,15.299999993294477,4.4900786876678467,3.4999999701976776,3.1847984790802002
2003,35.115000009536743,34.994771659374237,-116.99699997901917,-117.07203561067581,4.3000003695487976,1.3933771848678589,3,3.1585132777690887
817,35.637501001358032,35.458975434303284,-117.61433398723602,-117.63723877072334,5.9700000286102295,0.15621364116668701,3.2999999821186066,3.1770149767398834
433,35.886167049407959,35.733779430389404,-117.73100000619888,-117.51413327455521,5.130000114440918,1.8337315320968628,3.5999999642372131,3.2291555106639862
819,35.610000014305115,35.578117370605469,-117.60199999809265,-117.55271539092064,1.8000000715255737,0.5850711464881897,3.199999988079071,3.1842641830444336
755,35.77000105381012,35.888441920280457,-117.61250299215317,-117.49341183900833,2.3400002717971802,0.64262419939041138,3.4500000178813934,3.3322893083095551
1475,33.67969998717308,33.643273711204529,-116.83399999141693,-117.09080880880356,16.799999959766865,3.2597440481185913,3.6999999582767487,3.6887499690055847
599,35.871665954589844,35.29022216796875,-117.66533699631691,-117.51712134480476,4.2500004172325134,5.2669250965118408,3.0999999940395355,3.18410924077034
2328,35.993000030517578,35.961161494255066,-117.85999999940395,-118.05631221830845,5.3000003099441528,0.091727077960968018,3.3999999761581421,3.2397714257240295
807,35.676498055458069,35.566468000411987,-117.5,-117.44689333438873,0.91000020503997803,2.4113667011260986,3.6999999582767487,3.2036494016647339
175,35.945332050323486,35.987392783164978,-117.70349898934364,-118.04099072143435,2.1999996900558472,0.80287188291549683,3.0800000131130219,3.3887752890586853
613,35.879166007041931,34.581432640552521,-117.68949899077415,-117.90941184014082,1.4699998497962952,4.5775178074836731,3.5999999642372131,3.2111499309539795
2433,34.816999971866608,34.868382930755615,-116.32799994945526,-116.95575726032257,7.1000003814697266,2.4541836977005005,3,3.2894023060798645
1544,35.965999960899353,35.939098715782166,-117.32480001449585,-117.73876675963402,9.9999998509883881,0.018451809883117676,3.4999999701976776,3.2496039569377899
942,32.787166953086853,32.874373435974121,-118.43900001049042,-118.40392336249352,8.4199999272823334,2.52531498670578,3.8999999910593033,3.169051855802536
1739,32.512899994850159,32.309786200523376,-117.86710000038147,-118.09472390264273,1.8999999761581421,3.4845632314682007,3.3999999761581421,3.107708752155304
246,35.942000985145569,35.980719327926636,-117.72316700220108,-117.94154035672545,2.4799999594688416,1.2061196565628052,3.0299999713897705,3.2896504104137421
1317,34.712000012397766,34.73412948846817,-116.28699994087219,-116.6092301607132,1.7000001668930054,0.35449504852294922,3.199999988079071,3.1626817882061005
1505,34.224999994039536,34.107187584042549,-119.51699995994568,-119.78462564945221,11.799999922513962,4.0097004175186157,3,3.1731606423854828
1355,34.254999995231628,33.989948104135692,-117.07300001382828,-117.32184052467346,3.6000001430511475,0.98182260990142822,3.0999999940395355,3.1314338743686676
610,35.626000046730042,35.58823573589325,-117.57583600282669,-117.30096036195755,5.0499996542930603,5.7744821906089783,3.2999999821186066,3.3495891094207764
211,35.538334012031555,35.476684808731079,-117.38616901636124,-117.3388444185257,4.1999995708465576,2.3895987868309021,3.2899999916553497,3.2482506036758423
1894,33.184000015258789,32.975577712059021,-116.02470004558563,-116.43746018409729,9.9999998509883881,2.7730563282966614,3.3999999761581421,3.5430015921592712
998,32.893666982650757,32.430136203765869,-116.26833295822144,-116.6678614616394,10.049999803304672,2.5536131858825684,3,3.0638257563114166
1604,32.652999997138977,32.730746030807495,-118.25,-118.39081394672394,15,3.2921987771987915,3.2999999821186066,3.1078526079654694
1844,34.773999989032745,34.571726977825165,-117.22399997711182,-117.31587356328964,4.8999997973442078,0.44706970453262329,3,3.3624755144119263
861,33.955667000263929,33.789144665002823,-116.82333302497864,-117.13528883457184,15.599999986588955,0.76454579830169678,3.199999988079071,3.1355487406253815
1208,35.825500011444092,35.724062442779541,-119.81180000305176,-119.57159960269928,17.39999994635582,0.084670186042785645,3.3999999761581421,3.0353018045425415
2537,34.77700001001358,35.070127010345459,-116.30900001525879,-117.10378742218018,1.9999998807907104,4.3813052773475647,3,3.1813954710960388
178,35.911833047866821,35.963621258735657,-117.69783300161362,-117.9069306999445,3.8399997353553772,0.70338428020477295,3,3.2905392050743103
111,35.533833026885986,35.583701729774475,-117.36699998378754,-117.34980189800262,8.9499999582767487,0.64140200614929199,3.5600000023841858,3.289173424243927
1990,33.6216000020504,33.768870323896408,-119.99720001220703,-119.59114789962769,5.9999996423721313,6.8276900053024292,3.9999999850988388,3.140350341796875
1980,32.587399959564209,32.385515213012695,-117.60760000348091,-117.54528519511223,4.5000001788139343,2.6720881462097168,3.4999999701976776,3.8611284792423248
461,35.854168057441711,35.582226276397705,-117.6798329949379,-117.41937166452408,8.5400001704692841,1.537443995475769,3.199999988079071,3.3518405556678772
2539,34.560000002384186,34.268872946500778,-116.02600002288818,-116.32030713558197,2.9999998211860657,7.2802591323852539,3,3.176143616437912
2318,35.952000021934509,35.966474533081055,-117.86300000548363,-117.95024609565735,3.8999998569488525,0.23770004510879517,3.7999999970197678,3.2197748422622681
1100,35.405666947364807,35.439874649047852,-117.80983300507069,-118.01543531473726,6.8800002336502075,0.1144525408744812,3.7999999970197678,3.2332166433334351
1598,32.166900038719177,32.197108149528503,-116.65170001983643,-116.65296125411987,16.299999989569187,0.65706968307495117,3.8999999910593033,3.2069478034973145
1788,34.353100001811981,34.228954806923866,-117.65040001273155,-117.89562681317329,2.5000002980232239,1.5167498588562012,4.0999999791383743,3.5749460756778717
617,35.899999976158142,35.67728066444397,-117.73766699433327,-117.61104860901833,1.8999999761581421,6.8315112590789795,5.0000000149011612,3.8176850974559784
596,35.699000954627991,35.124838590621948,-117.57399800419807,-117.40329366922379,2.0600000023841858,4.7167646884918213,3.8800000101327896,3.3937634825706482
605,35.890835046768188,35.863502025604248,-117.74400299787521,-117.52632865309715,4.479999840259552,6.7197328805923462,3.5999999642372131,3.8341033011674881
1880,32.717000007629395,32.325853705406189,-116.04200005531311,-116.46840441226959,2.9999998211860657,0.13332635164260864,3.199999988079071,3.0883106589317322
554,35.687667965888977,35.185255646705627,-117.31700098514557,-117.37726426124573,-0.98000049591064453,0.43089687824249268,3.1899999976158142,3.3201372921466827
873,33.225832998752594,33.124576807022095,-116.74733304977417,-117.2376434803009,10.230000168085098,3.1210890412330627,3.2600000202655792,3.13520747423172
1018,35.567832946777344,35.765217781066895,-118.33116701245308,-118.79746747016907,2.7600002288818359,0.0068879127502441406,3.0999999940395355,3.1536958515644073
1192,35.837700009346008,35.600002765655518,-119.81649994850159,-119.86512446403503,11.100000143051147,0.054558813571929932,3.0999999940395355,3.1496104896068573
834,35.678300023078918,35.172166347503662,-117.54879999160767,-117.44174247980118,5.1499995589256287,2.4236136674880981,3.5999999642372131,3.1432092189788818
508,35.702666997909546,35.75565779209137,-117.55783098936081,-117.4543097615242,3.710000216960907,6.7169764637947083,3.199999988079071,3.2255953252315521
188,35.975834012031555,35.984002709388733,-117.67216500639915,-117.94231267273426,2.0100000500679016,0.34991651773452759,3.0800000131130219,3.3069330453872681
1056,33.980333000421524,33.863164022564888,-116.71783304214478,-117.05287861824036,11.530000045895576,1.6399803757667542,3.3199999630451202,3.1482346057891846
1735,34.008899999782443,33.936284355819225,-117.25859999656677,-117.4059277176857,10.999999791383743,4.0317749977111816,3.5999999642372131,3.2931116223335266
869,33.86599999666214,33.788083836436272,-117.72766700387001,-117.71166691184044,4.7499999403953552,2.063981294631958,3.6100000441074371,3.0943021774291992
438,35.924998998641968,35.874510645866394,-117.70200398564339,-117.48850643634796,1.380000114440918,2.8863984346389771,3.199999988079071,3.3314720392227173
2342,33.678000003099442,33.336839914321899,-116.75999999046326,-117.19812881946564,16.400000005960464,2.0742952823638916,3.0999999940395355,3.1692682206630707
2456,35.601999998092651,35.546164870262146,-116.15699994564056,-117.15310817956924,5.9999996423721313,1.2472209334373474,3.0999999940395355,3.2224481105804443
1047,34.007499999832362,33.918896891176701,-117.25216698646545,-117.45031070709229,14.110000021755695,1.9286173582077026,3.7400000095367432,3.6099010705947876
693,35.890166997909546,34.5472731590271,-117.7121669948101,-117.67789080739021,6.2900000810623169,4.1382497549057007,3.8599999845027924,3.3848216235637665
259,35.674167990684509,35.733450651168823,-117.48449701070786,-117.63637220859528,2.10999995470047,0.35552144050598145,3.4999999701976776,3.2231529951095581
2230,34.266999989748001,34.058395709842443,-116.77400004863739,-117.16173887252808,2.9999998211860657,3.7733942270278931,3.3999999761581421,3.3214444220066071
463,35.672333002090454,35.635690927505493,-117.54266399145126,-117.49786895513535,4.0999996662139893,0.3169173002243042,3.0900000035762787,3.2851675450801849
1333,34.00800000037998,33.88673073798418,-117.12999999523163,-117.29061579704285,13.900000043213367,0.77197104692459106,3,3.0585250854492188
1913,33.793999999761581,33.802839308977127,-119.39300000667572,-119.51005625724792,5.9999996423721313,3.9705777168273926,3.0999999940395355,3.201095312833786
1459,35.348999977111816,35.434134721755981,-118.56400001049042,-119.21436893939972,6.4000001549720764,0.022233724594116211,3,3.1438454389572144
1399,33.250800013542175,32.854445934295654,-116.08850002288818,-116.77650237083435,13.599999994039536,2.9237973690032959,3.4999999701976776,3.0724979639053345
233,35.665500044822693,35.675911426544189,-117.52383300662041,-117.39670825004578,9.2899999022483826,2.7639394998550415,4.1700000017881393,3.7850309461355209
2263,34.153999999165535,33.923287525773048,-116.43400001525879,-116.9663188457489,5.4000002145767212,4.7107967734336853,3,3.1253276467323303
2142,34.312000006437302,34.132946312427521,-116.85199999809265,-117.31442248821259,6.2000003457069397,2.4849629402160645,3.2999999821186066,3.2589002251625061
1195,32.41100001335144,32.380434393882751,-117.70500001311302,-117.95861455053091,16.799999959766865,3.2943570613861084,3.0999999940395355,3.0700400769710541
1025,33.037500023841858,32.609571218490601,-116.44666695594788,-116.66711616516113,5.7300004363059998,2.5966832041740417,3.1800000071525574,3.065609872341156
51,35.978500008583069,35.954856872558594,-117.3299999833107,-117.73702290654182,2.8299996256828308,0.34372776746749878,3,3.2006392478942871
522,35.65283203125,35.584897994995117,-117.53666698932648,-117.29990786314011,7.9899998009204865,6.1562597751617432,3.4500000178813934,3.2333752512931824
464,35.728168964385986,35.588425874710083,-117.59866300225258,-117.50581610202789,7.6700001955032349,1.046065092086792,3.199999988079071,3.1396463513374329
1537,33.251999974250793,32.715735912322998,-116.04900002479553,-116.59981822967529,5.4000002145767212,3.5815268754959106,3.0999999940395355,3.0947625339031219
965,33.114166975021362,32.532732009887695,-116.07383298873901,-116.53397059440613,11.530000045895576,2.8515717387199402,3.5899999737739563,3.1134260594844818
1041,33.970499999821186,33.736407518386841,-118.90866702795029,-118.71489691734314,14.80999999679625,4.4710931181907654,3.2899999916553497,3.23140749335289
1561,33.044000029563904,32.815155506134033,-116.4099999666214,-116.81211805343628,14.700000006705523,2.9320621490478516,3.199999988079071,3.0569576025009155
1910,33.803000003099442,33.805328443646431,-119.39900004863739,-119.30977988243103,10.300000011920929,4.0247029066085815,3.0999999940395355,3.1276815533638
1270,34.195299997925758,33.953462358564138,-117.0149000287056,-117.29246062040329,11.900000050663948,1.1568447947502136,3,3.1413558125495911
96,35.895166993141174,35.955247402191162,-117.6786670088768,-117.98012956790626,4.1200000047683716,1.0548967123031616,3,3.1930554807186127
2128,32.879999995231628,32.515255212783813,-117.58199998736382,-117.85264599323273,15.100000002421439,3.4789073467254639,3,3.0526320934295654
1993,35.089800000190735,34.928388655185699,-119.08650004863739,-119.29778599739075,10.799999982118607,2.2640660405158997,5.2000000029802322,3.9713742434978485
2330,35.953999996185303,35.85327935218811,-117.79399999976158,-117.9726658500731,3.7000000476837158,0.34965097904205322,3.7999999970197678,3.6046382188796997
862,33.840167000889778,33.579038023948669,-117.09683299064636,-117.21249210834503,10.840000212192535,0.7059207558631897,3.0999999940395355,3.0932212471961975
1455,33.273000001907349,32.905133724212646,-116.62399995326996,-117.24978470802307,14.299999997019768,1.3538593053817749,3.5999999642372131,3.0502970516681671
2347,35.797999978065491,35.959928512573242,-118.04500000178814,-118.68526566028595,7.8000001609325409,0.040163397789001465,3.0999999940395355,3.2038450241088867
929,34.802833020687103,34.90540599822998,-116.27883303165436,-116.97455513477325,3.1400004029273987,1.96239173412323,3.5999999642372131,3.2081174254417419
1034,34.038832999765873,33.953522469848394,-117.23866701126099,-117.43306738138199,17.639999985694885,2.4424409866333008,3.6100000441074371,3.3653122186660767
1385,33.694000005722046,33.614551484584808,-116.85769999027252,-117.09135860204697,7.5,1.4374861121177673,3.199999988079071,3.2411119043827057
1368,33.86599999666214,33.699130207300186,-119.30999994277954,-119.22476267814636,0.099999904632568359,4.4175159931182861,3.199999988079071,3.1636321842670441
1876,32.735999941825867,32.28404176235199,-116.04200005531311,-116.45561218261719,1.9999998807907104,0.23582875728607178,3.6999999582767487,3.1116714477539062
1552,34.402999997138977,33.793937876820564,-119.307000041008,-118.63150215148926,13.200000040233135,4.9339377880096436,3,3.053266167640686
2161,34.308400005102158,34.26763516664505,-116.84230005741119,-118.08188316226006,13.200000040233135,4.6152681112289429,3.6999999582767487,3.0510807037353516
727,35.725332975387573,35.826061487197876,-117.55349999666214,-117.70714876055717,0.87999969720840454,0.84591060876846313,4.9000000208616257,4.1309873163700104
1726,33.892899997532368,33.878446996212006,-117.77750000357628,-117.78087590634823,10.100000202655792,4.1589921712875366,3.5999999642372131,3.2810667157173157
1709,34.059000000357628,33.951558619737625,-116.98010003566742,-117.24420148134232,6.4000001549720764,1.4713320136070251,3.9999999850988388,3.6391528844833374
1935,35.032999992370605,34.985487580299377,-116.95799994468689,-117.11903816461563,3.8999998569488525,1.2407425045967102,3.4999999701976776,3.2317827343940735
420,35.674499988555908,35.741094589233398,-117.48799902200699,-117.3219381570816,1.3099998235702515,6.6388177871704102,3.6500000059604645,3.3306301832199097
2071,35.054999947547913,35.00371778011322,-119.10699999332428,-119.49414002895355,14.299999997019768,0.077869892120361328,3.3999999761581421,3.2065047919750214
1382,33.244599997997284,33.085101008415222,-116.45980000495911,-116.81111812591553,4.3000003695487976,3.9427453279495239,3.5999999642372131,3.168789267539978
1036,35.202999949455261,35.133072853088379,-117.28083300590515,-117.39762532711029,1.6199997067451477,0.60422211885452271,3.3899999856948853,3.2795531451702118
498,35.639000058174133,35.680511832237244,-117.4913330078125,-117.22470766305923,3.1400004029273987,4.508364200592041,4.6000000052154064,3.8314154148101807
1228,34.047499999403954,33.816791981458664,-118.94630002975464,-118.7963690161705,17.39999994635582,3.3326482772827148,3.0999999940395355,3.1257675290107727
1123,32.235999941825867,32.251531362533569,-116.02999997138977,-117.47679901123047,9.9999998509883881,0.64272522926330566,3.4999999701976776,3.0926668345928192
1639,33.934000000357628,33.748108446598053,-118.3459999859333,-118.36787581443787,14.899999997578561,2.5843164324760437,3.0999999940395355,3.1334478557109833
1934,33.527999997138977,33.328688859939575,-116.68499994277954,-117.09713965654373,12.899999991059303,1.1661350727081299,3.2999999821186066,3.2301895022392273
1225,33.196699976921082,32.617601156234741,-116.08350002765656,-116.58973789215088,4.3000003695487976,3.8516789674758911,3.0999999940395355,3.0941615402698517
210,35.945168018341064,35.954882621765137,-117.70050099492073,-117.90394196659327,2.8200003504753113,0.73899954557418823,3.6400000154972076,3.3765395879745483
650,35.657333016395569,35.120782375335693,-117.44999998807907,-117.45910346508026,2.1200001239776611,4.722197949886322,3.8999999910593033,3.7231483161449432
1448,32.984300017356873,32.74692690372467,-116.27160000801086,-116.6138311624527,15,2.2113043069839478,3.6999999582767487,3.092723160982132
2372,33.69200000166893,33.529253631830215,-116.76499998569489,-117.1182022690773,18.099999949336052,0.75814872980117798,3.0999999940395355,3.1185275316238403
532,35.731500029563904,34.752155244350433,-117.56733301281929,-117.76077443361282,8.2899999618530273,4.3873080611228943,3.0500000417232513,3.1684534549713135
1503,35.761700034141541,35.802512884140015,-116.91369998455048,-117.11703282594681,7.4000000953674316,0.6869843602180481,3.4999999701976776,3.2699198126792908
1619,32.707599997520447,32.670993208885193,-118.21549999713898,-118.31085121631622,12.299999892711639,1.8961215019226074,3.5999999642372131,3.1241034865379333
1508,33.508300006389618,33.552900910377502,-119.00929999351501,-118.89050769805908,8.5999998450279236,4.3442541360855103,3.8999999910593033,3.5941436290740967
1712,32.559000015258789,32.623488187789917,-118.70099997520447,-118.65373170375824,15,1.8425926566123962,3,3.1058030426502228
1268,33.017099976539612,32.678686618804932,-116.4407000541687,-116.81241142749786,11.799999922513962,2.9351574182510376,3.0999999940395355,3.0987197756767273
1948,35.039999961853027,34.971926093101501,-119.01800000667572,-119.38182258605957,10.999999791383743,0.18576711416244507,3.4999999701976776,3.4470871388912201
761,35.628666043281555,35.554922461509705,-117.5633319914341,-117.48201179504395,3.9499998092651367,1.7187318205833435,3.2999999821186066,3.2492170035839081
632,35.909167051315308,34.902319014072418,-117.68933299183846,-117.62353408336639,8.3899998664855957,4.653393030166626,3.6300000250339508,3.6801068186759949
2486,34.041000001132488,33.761073842644691,-116.32200002670288,-116.86015772819519,5.6999999284744263,4.2928415536880493,3.5999999642372131,3.3517862856388092
2463,34.598999977111816,34.619071006774902,-116.22500002384186,-116.88676929473877,0,4.3296200037002563,3.0999999940395355,3.0939390063285828
809,35.675832986831665,35.686935067176819,-117.48533302545547,-117.36948090791702,8.5300000011920929,1.6184914112091064,4.3399999961256981,3.7879999279975891
1330,34.783999979496002,34.62524151802063,-118.62900000810623,-118.77906614542007,4.7999998927116394,0.32180875539779663,3,3.0831408798694611
1260,33.973600000143051,33.85235407948494,-118.45570001006126,-118.38143867254257,16.600000038743019,2.0691829919815063,3,3.1239640116691589
298,35.607833981513977,35.56258237361908,-117.38749700784683,-117.61477071046829,2.330000102519989,0.22060900926589966,3,3.2291492521762848
2195,33.480000019073486,33.160345911979675,-116.51020002365112,-117.03772503137589,18.400000110268593,0.72491168975830078,3.7999999970197678,3.3090614676475525
521,35.740501046180725,35.912450075149536,-117.56516999006271,-117.48047769069672,2.0999997854232788,6.7465478181838989,3.199999988079071,3.3444199562072754
937,33.495832979679108,33.372101128101349,-116.80833303928375,-117.12694007158279,2.6199996471405029,2.0214208960533142,3.4500000178813934,3.3266123235225677
856,32.83916699886322,33.132907867431641,-118.4753330051899,-118.57175248861313,7.5600001215934753,3.566221296787262,3.4999999701976776,3.03389972448349
1896,33.25,32.884592771530151,-116.12300002574921,-116.74000597000122,8.8000001013278961,3.4932106733322144,3,3.0790076851844788
1888,33.249000012874603,32.809312343597412,-116.12800002098083,-116.66065764427185,3.099999725818634,2.1568268537521362,3,3.0701086521148682
1285,35.760900020599365,35.892785549163818,-117.59409999847412,-117.99274040944874,12.199999988079071,0.031401515007019043,3,3.2140524387359619
237,35.871497988700867,35.856756806373596,-117.68416601419449,-117.80524276196957,2.7399998903274536,1.2969884276390076,3.5600000023841858,3.3831194937229156
109,35.99733304977417,35.952454686164856,-117.40883302688599,-117.63954201340675,-0.39999961853027344,0.1090666651725769,3.4999999701976776,3.2760847806930542
1777,32.654700040817261,32.312198638916016,-116.16509997844696,-116.48782467842102,9.9999998509883881,0.029717087745666504,3.8999999910593033,3.1054489016532898
1486,34.030999999493361,33.846400737762451,-118.93699997663498,-118.80993276834488,2.9999998211860657,2.138555645942688,3.2999999821186066,3.1733654737472534
387,35.447167038917542,35.476920604705811,-117.32700002193451,-117.3796518445015,3.9999997615814209,0.36824673414230347,3.5400000214576721,3.1593612134456635
252,35.901669025421143,35.983686447143555,-117.71816998720169,-117.94793721288443,2.2999995946884155,1.2078666687011719,3.0999999940395355,3.2302291095256805
1404,34.002000000094995,33.883074939250946,-116.33700001239777,-116.84490728378296,4.8999997973442078,3.4246382117271423,3,3.0728952884674072
1578,34.019999999552965,33.827220007777214,-117.18099999427795,-117.26313298940659,7.8000001609325409,1.5783727169036865,3,3.0750294327735901
1925,34.239999994635582,34.017929162830114,-117.45200002193451,-117.33977663516998,13.200000040233135,1.7265486717224121,3,3.0566933155059814
620,35.832831978797913,35.40762186050415,-117.66816699504852,-117.39951425790787,1.5400001406669617,3.9225742220878601,3.4799999892711639,3.2545793652534485
1651,33.25,32.885409235954285,-116.43400001525879,-116.81454133987427,3.7999999523162842,4.3160802125930786,3,3.0907802581787109
695,35.659667015075684,34.589011549949646,-117.48533302545547,-117.89837300777435,5.2000004053115845,4.4200712442398071,3.7999999970197678,3.530688464641571
2170,33.745000004768372,32.779486417770386,-116.02100002765656,-116.73654007911682,10.999999791383743,7.2134122252464294,3.199999988079071,3.1358177661895752
670,35.613667011260986,35.055322647094727,-117.43300002813339,-117.45385372638702,9.8000000417232513,4.4159495830535889,3.8400000035762787,3.2507234215736389
1620,35.401999950408936,35.35466194152832,-117.43300002813339,-117.48280370235443,0.60000032186508179,0.25186389684677124,3.3999999761581421,3.1787586808204651
678,35.613999962806702,34.764804422855377,-117.4453330039978,-117.74872449040413,5.899999737739563,4.608798623085022,3.3899999856948853,3.5557392239570618
2052,34.294999986886978,34.086178377270699,-116.87699997425079,-117.06732112169266,5.6000000238418579,0.63596159219741821,3.0999999940395355,3.1837527751922607
367,35.628833055496216,35.677488565444946,-117.45883297920227,-117.53853097558022,2.6799997687339783,0.36027252674102783,3.0299999713897705,3.1532550752162933
2002,34.801999986171722,34.816466987133026,-116.25800001621246,-116.64531266689301,7.3000001907348633,0.98167508840560913,3.3999999761581421,3.2512827515602112
1828,34.204600006341934,34.006035935599357,-118.57639998197556,-118.47500339150429,17.899999916553497,4.1442328691482544,3,3.1168091297149658
618,35.707499980926514,34.789652585983276,-117.51116698980331,-117.4068529009819,2.2499996423721313,2.9575806856155396,3.2999999821186066,3.7118877768516541
528,35.670501947402954,34.620744347572327,-117.49299597740173,-117.85018664598465,1.3499996066093445,1.6146183013916016,3.5999999642372131,3.162906289100647
907,32.734833002090454,32.65693187713623,-118.30083298683167,-118.45734825730324,10.449999868869781,3.1436276435852051,3,3.0418761670589447
1011,33.582500010728836,33.430266797542572,-116.63766694068909,-117.00984567403793,14.259999990463257,1.4154741168022156,3.199999988079071,3.0576603412628174
1927,35.126999974250793,34.876189291477203,-117.55700001120567,-117.65060168504715,0,4.5626887679100037,3.6999999582767487,3.237787127494812
2225,35.654000043869019,35.832322120666504,-118.02800000086427,-118.43600812554359,7.5999999046325684,0.01953810453414917,3,3.1992522776126862
2528,34.583999991416931,34.439825773239136,-116.26199996471405,-116.18438422679901,0.60000032186508179,5.8114528656005859,3,3.1170825362205505
1744,35.884500026702881,35.89891791343689,-116.97909998893738,-117.29422777891159,9.9999998509883881,0.032037198543548584,3.3999999761581421,3.2345954775810242
1187,33.919100001454353,33.825052857398987,-118.76340001821518,-118.63967788219452,14.899999997578561,4.3341672420501709,3.2999999821186066,3.2155986428260803
1421,32.907699942588806,32.587971925735474,-116.40139997005463,-116.77298331260681,23.100000321865082,0.79167187213897705,3.0999999940395355,3.0589369833469391
100,35.619500041007996,35.830080032348633,-117.45033299922943,-117.43504625558853,3.0899995565414429,0.32616376876831055,3.3400000333786011,3.2623774409294128
999,34.969833016395569,34.729996144771576,-117.42716699838638,-117.52022656798363,1.8399998545646667,2.2751516103744507,3.4300000369548798,3.2193262875080109
261,35.956001043319702,35.54163658618927,-117.67783400416374,-117.74659916758537,0.76000034809112549,0.56290805339813232,3.6999999582767487,3.3831253945827484
748,35.692664980888367,35.652436494827271,-117.4909970164299,-117.54810711741447,7.0400002598762512,0.13085693120956421,3.0900000035762787,3.2815307378768921
1811,34.246900007128716,34.055993717163801,-118.65759998559952,-118.63162064552307,8.099999874830246,1.540425717830658,4.5,3.9984487295150757
2012,33.869000002741814,33.772110357880592,-118.73299998044968,-118.69437032938004,0,4.2864042520523071,3.5999999642372131,3.43464195728302
179,35.672000050544739,35.72983181476593,-117.41250002384186,-117.43534797430038,8.5400001704692841,0.47123372554779053,3.7999999970197678,3.2951011061668396
1748,35.480000019073486,35.505632877349854,-118.43000000715256,-118.82760065793991,9.5999997854232788,0.035858452320098877,3.2999999821186066,3.1315841674804688
782,35.669167041778564,35.572411179542542,-117.51883700489998,-117.44958245754242,2.0399996638298035,2.1557199954986572,3.4199999570846558,3.2002288699150085
1304,33.685999989509583,33.425137221813202,-119.12999999523163,-118.92536127567291,10.700000077486038,4.4133996963500977,3.0999999940395355,3.1257053911685944
2013,34.150000005960464,33.976562559604645,-116.98199999332428,-117.23427128791809,11.499999985098839,2.002832293510437,3.6999999582767487,3.6287646889686584
1185,33.664600014686584,33.686219602823257,-118.27169999480247,-118.30188477039337,10.700000077486038,2.8623175621032715,3.2999999821186066,3.1941298842430115
2291,34.043999999761581,33.863879442214966,-117.25,-117.41174679994583,15.700000002980232,4.0343570709228516,3,3.1168790459632874
291,35.545833945274353,35.473330140113831,-117.37850201129913,-117.42926073074341,2.0200002193450928,0.42178183794021606,3.3999999761581421,3.1899068355560303
141,35.651999950408936,35.782811999320984,-117.49183297157288,-117.58611655235291,8.7200000882148743,0.24105995893478394,3.4699999988079071,3.2524363696575165
1098,34.691999971866608,34.799527883529663,-116.23683297634125,-116.5691990852356,2.369999885559082,0.50687670707702637,3.6500000059604645,3.3271065652370453
1055,35.989667057991028,35.979627728462219,-117.9213330000639,-118.28197011351585,4.2500004172325134,0.49443840980529785,3.0800000131130219,3.1832221448421478
1513,33.970799999311566,33.880672343075275,-116.4186999797821,-116.99757277965546,10.899999886751175,3.1887924671173096,4.0999999791383743,3.7064141929149628
1370,33.38239997625351,32.976631045341492,-116.26699995994568,-116.8525869846344,12.499999925494194,3.2778722047805786,3.3999999761581421,3.1005072891712189
930,34.941999971866608,34.927575707435608,-116.65866696834564,-116.76541566848755,8.1799998879432678,1.1123800277709961,3.0999999940395355,3.1447060704231262
1879,33.175999999046326,32.674533843994141,-116.04299998283386,-116.5361909866333,12.899999991059303,2.2373852133750916,3.5999999642372131,3.1142794489860535
1177,35.898599982261658,35.959418535232544,-117.98849999997765,-118.3435161113739,12.800000086426735,0.24821251630783081,3.199999988079071,3.2368521094322205
840,35.621500015258789,34.919460475444794,-117.57820001244545,-117.71344265341759,9.700000137090683,4.2842084169387817,3.4999999701976776,3.5785279870033264
354,35.791668057441711,35.83246898651123,-117.59349799156189,-117.66506496071815,6.9800001382827759,0.3463214635848999,3.5999999642372131,3.2567862868309021
1244,33.919699996709824,33.721125662326813,-116.35199999809265,-116.94941103458405,14.19999998062849,3.511013388633728,3,3.0682042837142944
1808,35.258000016212463,35.170837163925171,-118.58700001239777,-119.22648870944977,5.6999999284744263,0.018344521522521973,3,3.1385340392589569
247,35.945667028427124,35.97101616859436,-117.68266299366951,-117.88239393383265,3.4099996089935303,0.63067406415939331,3.0299999713897705,3.2137571275234222
2059,33.940999999642372,33.803942874073982,-116.9889999628067,-117.23219114542007,8.9999999105930328,0.88245391845703125,3.3999999761581421,3.218841165304184
986,34.086667001247406,33.998620242113248,-118.47566699981689,-118.4513156414032,10.479999929666519,2.7957835793495178,3.6100000441074371,3.4364277720451355
1706,33.671000003814697,33.549132436513901,-116.71399998664856,-117.0157613158226,16.500000022351742,1.9863134622573853,3,3.068540096282959
1078,34.364167004823685,34.125115126371384,-118.6446670293808,-118.43938785791397,10.769999921321869,1.1755111813545227,3.0800000131130219,3.100262850522995
2164,34.270500004291534,34.034751940518618,-116.90629994869232,-117.255799472332,1.1999997496604919,4.0233126282691956,5.2000000029802322,4.0866061002016068
2458,35.743000030517578,35.944378852844238,-117.61199998855591,-117.89860953390598,2.7000001072883606,0.30483931303024292,3.0999999940395355,3.2155224680900574
29,35.605167031288147,35.589131355285645,-117.40750002861023,-117.30550962686539,9.0900000929832458,5.7380586862564087,3.9200000166893005,3.833518847823143
786,35.708832025527954,35.648422002792358,-117.47716498374939,-117.44922935962677,0.19999980926513672,0.13683915138244629,3.3999999761581421,3.1829495429992676
544,35.883499026298523,34.465503394603729,-117.72183200716972,-117.55361688137054,4.6700003743171692,4.4681471586227417,3.199999988079071,3.2773299515247345
1125,34.080399997532368,34.023678939789534,-117.44800001382828,-117.64514330029488,11.40000008046627,1.8114110827445984,3.8999999910593033,3.5868931710720062
1738,34.021999999880791,33.921034783124924,-117.14300000667572,-117.30348968505859,5.899999737739563,2.5654247403144836,3.199999988079071,3.0803806185722351
582,35.662166953086853,35.42563009262085,-117.42533302307129,-117.24105459451675,3.5100004076957703,5.343174934387207,3.2999999821186066,3.1464260816574097
1223,35.430899977684021,35.480024099349976,-118.4995000064373,-118.92632007598877,2.0999997854232788,0.090835690498352051,4.0999999791383743,3.6257993280887604
1872,33.276099979877472,32.909830570220947,-116.05920004844666,-116.49586057662964,7.2000002861022949,3.279111385345459,3.8999999910593033,3.346680611371994
507,35.804165005683899,35.409095883369446,-117.62816599011421,-117.46186721324921,1.9299995899200439,5.7519382238388062,3.0999999940395355,3.4819289445877075
509,35.601832985877991,35.428771734237671,-117.39550000429153,-117.36343103647232,7.3899999260902405,5.3174936771392822,3.0800000131130219,3.2958542704582214
480,35.799998998641968,35.696094632148743,-117.63150000572205,-117.24482423067093,3.2099997997283936,5.8513391017913818,3.5999999642372131,3.2287596166133881
1364,34.089000001549721,33.944380413740873,-116.39199995994568,-116.98200297355652,10.799999982118607,2.0935231447219849,3.0999999940395355,3.1328481137752533
581,35.708500027656555,35.212139844894409,-117.36816400289536,-117.42952257394791,1.3099998235702515,1.9054591655731201,3.3999999761581421,3.2321379482746124
707,35.910666942596436,34.521132290363312,-117.73166701197624,-117.95613586902618,8.1599999964237213,4.5568665862083435,4.0899999886751175,3.6107452511787415
332,35.759498953819275,35.706764817237854,-117.57250198721886,-117.47201055288315,6.2500002980232239,5.7826870679855347,3.1199999749660492,3.2507710754871368
1920,34.24099999666214,33.730502218008041,-119.80999994277954,-119.87521386146545,7.9000000655651093,3.7563085556030273,3.199999988079071,3.0887791514396667
1829,34.021999999880791,33.721121340990067,-119.29200005531311,-119.63629841804504,0.099999904632568359,0.31752169132232666,3,3.0408060550689697
486,35.666668057441711,35.973845839500427,-117.30200201272964,-117.71649366617203,-0.8199995756149292,2.0143693685531616,3,3.090095579624176
1427,34.519999980926514,34.414645373821259,-118.79900002479553,-118.94429922103882,16.600000038743019,0.34406661987304688,3,3.1557209193706512
1860,32.77400004863739,32.39136528968811,-116.10899996757507,-116.50585782527924,6.9999995827674866,0.18420517444610596,3,3.0471433103084564
2355,34.196999996900558,34.127222612500191,-117.44300001859665,-117.7378301024437,10.100000202655792,4.4323253631591797,3.7999999970197678,3.5272650718688965
353,35.597668051719666,35.400561213493347,-117.40466302633286,-117.38254535198212,6.0900002717971802,2.6482263207435608,3.199999988079071,3.1904319226741791
2106,33.316999971866608,32.795758843421936,-116.36000001430511,-116.72186088562012,14.599999990314245,0.689983069896698,3.0999999940395355,3.0461286306381226
208,35.868332028388977,35.947307467460632,-117.70616900920868,-118.05509280413389,3.9100000262260437,1.5623974800109863,3.0500000417232513,3.2918260395526886
1293,32.893599987030029,32.397727966308594,-116.21370005607605,-116.48740720748901,13.200000040233135,0.82159638404846191,3.0999999940395355,3.1132124662399292
414,35.816334009170532,35.717432737350464,-117.6336669921875,-117.67364311218262,6.3799998164176941,0.12039095163345337,3.0299999713897705,3.156210333108902
1386,33.509499996900558,33.63023367524147,-117.73359999060631,-117.76537609100342,1.600000262260437,3.8587233424186707,3.2999999821186066,3.6115410625934601
1379,34.947899997234344,34.88754791021347,-116.71560001373291,-116.95174813270569,13.700000010430813,0.41263461112976074,3.199999988079071,3.1698899567127228
2166,34.89300000667572,34.667075872421265,-119.36199998855591,-119.55564904212952,11.900000050663948,2.8427383303642273,3.3999999761581421,3.1694351434707642
530,35.6875,35.541762471199036,-117.48199999332428,-117.50505304336548,8.410000205039978,1.0607734322547913,3.3999999761581421,3.1307244300842285
1251,35.01639997959137,34.997775137424469,-119.10749995708466,-119.45325875282288,16.299999989569187,0.41154026985168457,3.5999999642372131,3.2546482980251312
1083,33.676499992609024,33.6668940782547,-118.05350000038743,-118.11076844483614,15,4.4481763243675232,3.1899999976158142,3.0899081826210022
2001,33.305999994277954,32.965543746948242,-116.85199999809265,-117.12959104776382,13.200000040233135,1.5228044986724854,3.6999999582767487,3.1272980868816376
1761,35.48199999332428,35.463322877883911,-119.33700001239777,-119.76812529563904,30.099999904632568,0.0065097212791442871,3,3.0640743970870972
1681,35.976999998092651,35.934898734092712,-117.30900001525879,-117.52061778306961,1.1999997496604919,0.38042306900024414,3.2999999821186066,3.2787580490112305
445,35.924834966659546,34.45232230424881,-117.70266699790955,-117.63282749056816,1.1200001835823059,0.676841139793396,3.4999999701976776,3.5056796371936798
199,35.750831961631775,35.945992469787598,-117.56833699345589,-117.83079935610294,4.4699996709823608,0.080993771553039551,3.199999988079071,3.2600283622741699
229,35.6163330078125,35.673461198806763,-117.43833202123642,-117.54629266262054,7.6499998569488525,0.15035927295684814,3.2600000202655792,3.1949589550495148
1582,34.007000000216067,33.852522000670433,-117.19099998474121,-117.27647376060486,8.099999874830246,1.2735038995742798,3.2999999821186066,3.1706199645996094
527,35.686000943183899,35.70836353302002,-117.48149901628494,-117.380515396595,6.8300002813339233,6.4203751087188721,3.1800000071525574,3.2076678872108459
1029,33.47316700220108,33.055552005767822,-116.4650000333786,-117.00992888212204,7.5300000607967377,1.2955069541931152,3,3.0754914879798889
1564,33.15200001001358,32.851979494094849,-116.4559999704361,-117.54164028167725,9.700000137090683,3.1399208307266235,3.4999999701976776,3.1135977208614349
1557,32.723000049591064,32.195805668830872,-116.04799997806549,-116.70950150489807,3.1999996304512024,4.1427630186080933,3.0999999940395355,3.0895382165908813
2123,33.699200004339218,34.022076336666942,-116.06700003147125,-117.33543848991394,8.1999997794628143,0.033214688301086426,3.8999999910593033,3.3890030086040497
315,35.868332028388977,35.883571982383728,-117.69883000850677,-118.00266997353174,3.1999996304512024,1.9425961375236511,3.2999999821186066,3.1812654733657837
1391,33.840000003576279,33.651432722806931,-116.15880000591278,-116.66091954708099,0.70000022649765015,4.123159646987915,3.4999999701976776,3.0854707360267639
2189,34.382999986410141,34.2270597666502,-116.4650000333786,-116.97273111343384,3.099999725818634,4.4224646687507629,3.3999999761581421,3.2573828995227814
973,33.150166988372803,32.803577423095703,-116.47950005531311,-116.90175461769104,11.379999965429306,2.9604309797286987,3.5699999928474426,3.2796133160591125
69,35.516332983970642,35.656190633773804,-117.41466701030731,-117.51770171523094,8.1700001657009125,0.17307937145233154,3.0999999940395355,3.1899846196174622
1299,33.005999982357025,32.221967697143555,-116.98500001430511,-118.31638365983963,9.9999998509883881,0.067726671695709229,3.4999999701976776,3.0748795866966248
1114,33.791999995708466,33.587924838066101,-116.10333299636841,-116.68403339385986,6.6200003027915955,4.2183887958526611,3.0099999904632568,3.0668230354785919
1303,34.00899999961257,33.844366297125816,-117.17199999094009,-117.24521762132645,4.400000274181366,0.96460998058319092,3,3.0700031518936157
1964,34.847000002861023,34.739873647689819,-116.31299996376038,-116.86766123771667,2.4000003933906555,4.1113051772117615,3.4999999701976776,3.1960921883583069
902,35.391332983970642,35.490549564361572,-118.54433298110962,-119.00666844844818,4.6399998664855957,0.04436194896697998,3.0999999940395355,3.1075726747512817
435,35.896499991416931,35.832541704177856,-117.73416900634766,-117.67064315080643,1.7600002884864807,0.33389478921890259,4.0999999791383743,3.5803256034851074
1080,34.674499988555908,34.377000778913498,-117.48049998283386,-117.69213792681694,7.3299998044967651,0.8199504017829895,3.199999988079071,3.0997860431671143
1014,34.227166995406151,34.040183827280998,-116.74300003051758,-117.07478225231171,0.5699998140335083,0.670490562915802,3.5799999833106995,3.2708637714385986
231,35.671332955360413,35.965310215950012,-117.45649999380112,-118.04632154107094,5.0800001621246338,0.4395487904548645,3.1399999558925629,3.4398102164268494
482,35.874168038368225,35.946413636207581,-117.72366300225258,-117.61663621664047,6.6899996995925903,1.6293329000473022,3.0999999940395355,3.1097875535488129
2156,34.312999993562698,34.112000912427902,-116.85099995136261,-117.20339095592499,5.7999998331069946,1.1668950319290161,3.199999988079071,3.1992908120155334
2223,35.715000033378601,35.935621023178101,-118.06800000369549,-118.48637375235558,3.1999996304512024,0.048569440841674805,3.3999999761581421,3.2044511139392853
741,35.749832987785339,35.779135227203369,-117.56949999928474,-117.71035143733025,4.2800000309944153,0.028401017189025879,3,3.0348418056964874
407,35.845832943916321,35.080477952957153,-117.66366600990295,-117.61785286664963,8.1499998271465302,1.3473978638648987,3.199999988079071,3.1754487454891205
2258,34.086000002920628,33.956182159483433,-116.67499995231628,-117.12618291378021,9.3000000715255737,0.68312555551528931,3.6999999582767487,3.2925157248973846
1102,33.958500001579523,33.841991752386093,-116.88833296298981,-117.14853036403656,16.669999994337559,3.1032505631446838,4.3900000043213367,3.7346218228340149
621,35.872666954994202,35.980343341827393,-117.67466700077057,-117.30896538496017,8.6700001358985901,7.0384150743484497,3.2600000202655792,3.2486924529075623
443,35.8211669921875,35.904696941375732,-117.63049998879433,-117.85482729971409,11.239999830722809,0.058394372463226318,3.1899999976158142,3.1593996584415436
2159,34.312000006437302,34.236391559243202,-116.85000002384186,-117.29438018798828,4.7999998927116394,4.1236066818237305,3.199999988079071,3.5315383672714233
2360,33.355000019073486,32.747924447059631,-116.21700000762939,-116.72740721702576,9.2000001668930054,2.8612688183784485,3.4999999701976776,3.0927697420120239
279,35.743831992149353,35.763738751411438,-117.56466698646545,-117.76894703507423,7.0400002598762512,6.2740480899810791,3.0399999618530273,3.162960022687912
2442,34.039000000804663,33.956218652427197,-116.9559999704361,-117.15526288747787,14.799999995157123,0.82619637250900269,3.199999988079071,3.1191182434558868
440,35.646332025527954,35.743141651153564,-117.46516400575638,-117.43652087450027,-0.19999980926513672,2.0018184185028076,3.679999977350235,3.2425907850265503
2021,35.032999992370605,34.917826950550079,-116.91199994087219,-117.06237500905991,4.7999998927116394,1.9470709562301636,3.6999999582767487,3.4207576811313629
479,35.615501046180725,35.475420713424683,-117.58466300368309,-117.36879462003708,9.9100001156330109,6.013948917388916,3.4999999701976776,3.4348029792308807
1204,35.398100018501282,35.399607181549072,-118.51630002260208,-118.88242828845978,11.900000050663948,0.050268173217773438,3.8999999910593033,3.1887032389640808
322,35.91700005531311,35.969203591346741,-117.70933499932289,-117.98843362368643,1.419999897480011,2.1564477682113647,3.2199999690055847,3.2443996667861938
2174,35.148900032043457,35.479351878166199,-118.76639997959137,-119.01047897338867,5.6000000238418579,0.061750710010528564,4.3999999947845936,3.6002553105354309
1556,32.662999987602234,32.095842123031616,-116.00999999046326,-117.38641810417175,13.200000040233135,1.38377845287323,3.199999988079071,3.1204698085784912
478,35.898000001907349,35.833208441734314,-117.72716701030731,-117.82160806655884,3.9499998092651367,4.9330964684486389,4.9000000208616257,3.9888252764940262
651,35.680500030517578,35.218278288841248,-117.47033298015594,-117.3936630487442,6.849999725818634,5.1287734508514404,4.260000005364418,3.486261248588562
836,35.726667046546936,34.626498937606812,-117.52883300185204,-117.69660612940788,1.9700002670288086,0.059283971786499023,3.2999999821186066,3.1487133800983429
1362,35.53600001335144,35.702483415603638,-118.4040000140667,-118.90575379133224,1.2999996542930603,0.0025159120559692383,3.0999999940395355,3.1644980013370514
408,35.901669025421143,35.934544801712036,-117.73583200573921,-117.82396963238716,2.3400002717971802,0.90569257736206055,3.4600000083446503,3.2125074863433838
2297,32.488999962806702,32.125426173210144,-116.29799997806549,-116.73336625099182,9.8999999463558197,3.558306097984314,3.3999999761581421,3.1520254611968994
2366,33.314999997615814,32.853291511535645,-116.41499996185303,-116.67737603187561,13.999999947845936,0.55410236120223999,3.0999999940395355,3.0656374990940094
2033,32.287999987602234,32.162851572036743,-116.64100003242493,-116.69721245765686,14.700000006705523,1.7808625102043152,3.0999999940395355,3.0688806474208832
1803,32.71780002117157,32.654959678649902,-117.40700000524521,-117.52345737814903,9.9999998509883881,2.8322607278823853,3.8999999910593033,3.619558721780777
829,35.690834045410156,35.669239521026611,-117.53916901350021,-117.43204748630524,0.1600000262260437,2.7150428295135498,3.3999999761581421,3.187176525592804
1071,33.449333012104034,34.454737991094589,-116.45050001144409,-118.01197326742113,11.909999996423721,4.6777510643005371,3.199999988079071,3.6033970713615417
1338,34.368000000715256,34.119046732783318,-117.17900002002716,-117.40744721889496,7.5999999046325684,0.84814578294754028,3.3999999761581421,3.232073575258255
2386,34.671999990940094,34.718427717685699,-116.26699995994568,-117.01625818014145,5.6000000238418579,5.2773678302764893,3,3.2182981967926025
2320,35.950000047683716,35.971511006355286,-117.87000000476837,-118.12734857201576,1.9999998807907104,0.4970964789390564,3.199999988079071,3.2077571153640747
149,35.785333037376404,35.872284650802612,-117.62533301115036,-117.81191594898701,6.1500003933906555,0.13459682464599609,3.8099999874830246,3.282844215631485
1231,33.890799999237061,33.913256675004959,-117.95800000056624,-117.96996153332293,14.299999997019768,4.4353169202804565,3.3999999761581421,3.0554445683956146
802,35.708667039871216,35.248575091362,-117.5541670024395,-117.50016760826111,1.1599999666213989,5.4955565929412842,4.2100000083446503,4.3022864833474159
978,33.931332997977734,33.739335149526596,-118.30199998617172,-118.37574705481529,11.940000057220459,2.133253812789917,3.0999999940395355,3.1521826386451721
1089,34.694666981697083,34.76546573638916,-116.23683297634125,-116.57038080692291,2.4599996209144592,0.53108811378479004,3.4799999892711639,3.3705161511898041
495,35.922669053077698,35.861019968986511,-117.71150198578835,-117.55834060907364,1.8399998545646667,1.5555292367935181,3.1199999749660492,3.2033901214599609
450,35.61083197593689,35.335862398147583,-117.38116502761841,-117.20609134435654,-0.83000063896179199,3.7349224090576172,3.7999999970197678,3.2421053946018219
657,35.897166967391968,34.637991428375244,-117.73050001263618,-117.85842946171761,9.8399998247623444,4.4340401887893677,3.2899999916553497,3.3410309851169586
1422,34.720000028610229,34.793757915496826,-116.02799999713898,-116.54987907409668,7.5999999046325684,0.67140698432922363,3.3999999761581421,3.2629770934581757
637,35.578333020210266,35.193146944046021,-117.37416702508926,-117.29715931415558,6.3500002026557922,3.3261671662330627,3.9999999850988388,3.5975412726402283
163,35.621166944503784,35.719838619232178,-117.43449997901917,-117.44421792030334,7.720000147819519,0.33681929111480713,3.2999999821186066,3.2585058510303497
402,35.686000943183899,35.746232748031616,-117.5456700026989,-117.66652423143387,2.9300004243850708,0.18969923257827759,3.2999999821186066,3.1601947546005249
2162,34.272300004959106,34.186252415180206,-116.87039995193481,-117.39217895269394,4.400000274181366,3.8730937242507935,4.2999999895691872,3.1797645092010498
1830,33.365000009536743,33.164053618907928,-116.38699996471405,-116.74434900283813,9.3999999761581421,3.3541309833526611,3,3.079950213432312
1766,34.3091000020504,34.20382322371006,-116.8507000207901,-117.16993063688278,12.999999895691872,0.6810915470123291,3.6999999582767487,3.4438081383705139
2037,32.713000059127808,32.289555430412292,-116.04499995708466,-116.59064197540283,3.5000002384185791,1.5853357315063477,3.2999999821186066,3.0976339280605316
879,34.707499980926514,34.707402348518372,-116.2861670255661,-116.60993647575378,2.1999996900558472,0.56942224502563477,3.4600000083446503,3.2628751695156097
866,33.314999997615814,32.988578915596008,-116.41983294487,-116.89603281021118,8.2099999487400055,2.4198487401008606,3.3099999725818634,3.0881243348121643
2153,34.268599987030029,34.14610630273819,-116.84710001945496,-117.26186645030975,4.1999995708465576,2.919999361038208,4.0999999791383743,3.5394839644432068
1641,34.428799986839294,34.361351519823074,-119.16279995441437,-119.17764043807983,8.3000001311302185,3.9528384804725647,4.0999999791383743,3.6713564693927765
49,33.891332998871803,33.784403830766678,-118.21850000321865,-118.30400076508522,23.630000352859497,2.9841667413711548,3.5400000214576721,3.177663266658783
67,35.702999949455261,35.702119827270508,-117.58866700530052,-117.66256412863731,7.1000003814697266,0.42288511991500854,3.4699999988079071,3.2665365636348724
1512,33.373000025749207,33.086003839969635,-116.41299998760223,-116.89419746398926,9.8000000417232513,3.0323758721351624,3.3999999761581421,3.1332544684410095
1414,32.907400012016296,32.427351236343384,-116.31270003318787,-116.64221799373627,17.199999913573265,1.494499146938324,3,3.0932507514953613
881,32.799000024795532,33.077871203422546,-118.33666700124741,-118.74920862913132,8.7099999189376831,2.5498214364051819,3,3.0494285523891449
48,33.892667002975941,33.743223786354065,-116.630499958992,-117.05859768390656,14.930000002495944,1.4288350939750671,3.0399999618530273,3.1155460774898529
765,35.773499011993408,35.61818528175354,-117.61499801278114,-117.43461167812347,0.22000014781951904,6.5239423513412476,3.2099999785423279,3.8149419575929642
841,35.742166996002197,34.685301780700684,-117.55316698551178,-117.81370334327221,4.1499996185302734,4.2590707540512085,4.0999999791383743,3.6298597455024719
839,35.684200048446655,35.200409889221191,-117.49949997663498,-117.67006543278694,10.200000107288361,5.3734517097473145,3.6999999582767487,3.7113833427429199
1061,35.611667037010193,35.650493502616882,-116.29866695404053,-116.76458871364594,3.099999725818634,2.5505545735359192,3,3.4295276999473572
124,35.626167058944702,35.672585248947144,-117.42816698551178,-117.29008859395981,5.1499995589256287,1.5699854493141174,4.0999999791383743,3.7891696393489838
647,35.902500033378601,34.58993262052536,-117.68999999761581,-117.89694433659315,0.50000041723251343,4.5231306552886963,4.1999999955296516,3.9630189836025238
1961,32.588000059127808,32.440641760826111,-118.10999999940395,-118.35072347521782,18.000000044703484,3.4705924987792969,3.5999999642372131,3.1354660391807556
1186,34.333299994468689,34.243425861001015,-116.82910001277924,-117.12087732553482,7.9000000655651093,0.34648776054382324,3.6999999582767487,3.3924890756607056
1090,34.609833002090454,34.745252430438995,-116.62883305549622,-116.79607701301575,6.6999998688697815,3.7339863181114197,4.3100000023841858,3.9016805291175842
2434,32.27400004863739,32.062200665473938,-117.733000010252,-118.10014317929745,5.9999996423721313,2.4627918004989624,3,3.0545536279678345
25,32.94350004196167,32.813056230545044,-117.54899999499321,-117.7169708609581,15.109999997075647,3.3394378423690796,3.199999988079071,3.1183792054653168
2428,33.964999999850988,33.771615475416183,-118.4370000064373,-118.5364254117012,9.0999998152256012,2.4235457181930542,3.2999999821186066,3.1496661901473999
572,35.669998049736023,34.917833089828491,-117.51633501052856,-117.17225593328476,1.6899999976158142,4.5124733448028564,3.0600000321865082,3.1601112484931946
821,35.672333002090454,35.567499995231628,-117.56099998950958,-117.54106625914574,6.9099998474121094,1.336321234703064,3.3999999761581421,3.3287520110607147
1987,33.79899999499321,33.671567559242249,-118.62999999523163,-118.58716171979904,4.3000003695487976,4.8701620101928711,3.2999999821186066,3.2209243476390839
1627,34.141000002622604,33.975519865751266,-117.4879999756813,-117.60485544800758,3.8999998569488525,1.0592964291572571,3.2999999821186066,3.1618715822696686
2194,34.735499978065491,34.859452188014984,-116.29180002212524,-116.74790489673615,4.6000000834465027,5.4636892676353455,3.9999999850988388,3.8051485419273376
1550,35.955899953842163,35.598536372184753,-117.30930000543594,-117.50254467129707,6.6999998688697815,0.012285411357879639,3.6999999582767487,3.2739941775798798
518,35.903998970985413,35.676161289215088,-117.75316600501537,-117.96003769338131,5.2400001883506775,6.4568361639976501,3.2400000393390656,3.1548337340354919
2448,34.856000006198883,34.739316821098328,-116.4539999961853,-116.97073256969452,4.8999997973442078,4.1872841119766235,3.7999999970197678,3.2705234885215759
1178,33.79389999806881,33.621856838464737,-116.96249997615814,-117.14377099275589,18.000000044703484,1.373048722743988,3,3.0741056799888611
361,35.820332050323486,35.87187135219574,-117.65866899490356,-117.87136019766331,5.8399996161460876,1.8670552968978882,3.5999999642372131,3.2695264220237732
1615,34.112999998033047,33.910484284162521,-116.91400003433228,-117.13259035348892,9.8000000417232513,0.7398909330368042,3.199999988079071,3.2142519950866699
1825,32.690099954605103,32.378350615501404,-116.03090000152588,-116.47390270233154,11.799999922513962,0.1882597804069519,3.2999999821186066,3.0957124829292297
1199,33.491199970245361,33.329080402851105,-116.50890004634857,-116.88886606693268,18.099999949336052,2.238180935382843,3,3.1011191010475159
1891,35.519999980926514,35.406522035598755,-116.42599999904633,-116.77200710773468,5.9999996423721313,0.60007721185684204,3.3999999761581421,3.3766624331474304
1689,35.978000044822693,35.953489661216736,-117.31300002336502,-117.67847448587418,1.9999998807907104,0.027770698070526123,3.0999999940395355,3.2528727650642395
2482,34.89300000667572,34.744839251041412,-116.37199997901917,-116.91196691989899,5.0999996066093445,5.5530381202697754,3.0999999940395355,3.1937626898288727
1984,34.802999973297119,34.892280995845795,-116.27799999713898,-116.63421320915222,6.4000001549720764,0.54015845060348511,3.199999988079071,3.2601930499076843
1614,33.263899981975555,32.779250621795654,-116.01979994773865,-116.49965381622314,8.8000001013278961,3.9341443777084351,3.5999999642372131,3.1184215843677521
1105,34.190999999642372,34.102752141654491,-117.41316699981689,-117.64389565587044,6.9800001382827759,1.9967168569564819,4.3999999947845936,3.6623287796974182
2218,34.103000000119209,33.988460966385901,-116.65100002288818,-117.1154345870018,9.9999998509883881,0.45361608266830444,3.2999999821186066,3.1763708889484406
941,32.798333048820496,32.913321733474731,-118.44549998641014,-118.38098266720772,7.7400000393390656,3.6204832792282104,3.3899999856948853,3.0617938041687012
2114,32.669000029563904,32.575410127639771,-118.18099999427795,-118.34476286172867,5.9999996423721313,3.9108020067214966,3.199999988079071,3.0482279062271118
729,35.724833965301514,35.815582871437073,-117.55516800284386,-117.6628752052784,2.10999995470047,1.8093216419219971,3.4999999701976776,3.2570681869983673
1991,34.893999993801117,34.819889426231384,-119.08700001239777,-119.14709961414337,11.299999952316284,2.9244723916053772,3.5999999642372131,3.2708680629730225
240,35.642501950263977,35.831983804702759,-117.48316997289658,-117.5431941151619,3.2199999690055847,0.10398387908935547,3.2400000393390656,3.2099421322345734
1545,32.784999966621399,32.288013696670532,-116.12699997425079,-116.51697611808777,8.8000001013278961,0.18281847238540649,3,3.0920676290988922
2116,32.668799996376038,32.174655556678772,-116.14859998226166,-116.77636504173279,12.60000005364418,0.67328721284866333,3.5999999642372131,3.0866493880748749
70,33.648999989032745,33.480277895927429,-117.33350002765656,-117.43143463134766,5.7300004363059998,2.3558315634727478,3.199999988079071,3.2318455874919891
2019,34.390100002288818,34.169505923986435,-116.76440000534058,-117.21130657196045,3.099999725818634,1.0692340135574341,4.0999999791383743,3.6498312950134277
2079,33.972999999299645,33.80848990380764,-117.81499999761581,-117.92491231113672,16.299999989569187,1.946486234664917,3.199999988079071,3.0846689343452454
1666,35.980000019073486,35.953707337379456,-117.30000001192093,-117.66038590669632,5.9999996423721313,0.021493434906005859,3.3999999761581421,3.2231939435005188
73,35.915333032608032,35.955865979194641,-117.25733298063278,-117.55205827951431,4.4600003957748413,0.022191703319549561,3,3.2679323852062225
1200,34.271600008010864,34.074999704957008,-117.0281999707222,-117.2399228811264,17.100000008940697,0.20064443349838257,3.0999999940395355,3.1004313826560974
350,35.747334003448486,35.764556765556335,-117.59100300073624,-117.71161323785782,6.5100002288818359,0.68579882383346558,3.8999999910593033,3.298011839389801
2322,35.998000025749207,35.97423255443573,-117.87100000679493,-118.0134054645896,5.3000003099441528,0.1880219578742981,3.2999999821186066,3.2099960446357727
767,35.691002011299133,35.711758613586426,-117.50966599583626,-117.48582065105438,3.6799997091293335,0.39185553789138794,4.1999999955296516,3.4851797819137573
1710,33.954999998211861,33.820225313305855,-118.38499999046326,-118.38704299926758,13.399999961256981,4.0356320142745972,3,3.1187348663806915
2158,34.295399993658066,34.192058578133583,-116.87199997901917,-117.26820063591003,5.6000000238418579,3.9785465598106384,4.5,3.3782077431678772
1898,34.043000001460314,33.953235685825348,-117.02799999713898,-117.13666540384293,12.199999988079071,0.81522434949874878,3.199999988079071,3.194860965013504
1551,35.50600004196167,35.644830226898193,-118.28200000524521,-118.73441129922867,5.5000001192092896,0.010038614273071289,3,3.1621626019477844
76,35.904500007629395,35.885789155960083,-117.70483300089836,-117.91153010725975,4.9499997496604919,0.8372730016708374,4.3200000040233135,3.6953387260437012
432,35.787997961044312,35.671404361724854,-117.62783101201057,-117.65617123246193,7.3899999260902405,6.4295750856399536,3.2999999821186066,3.1590760052204132
1048,35.897667050361633,35.98200798034668,-117.68399998545647,-117.91626474261284,2.409999668598175,0.64001083374023438,3.0399999618530273,3.2041465044021606
1994,34.875,34.868070006370544,-119.22500002384186,-119.59283757209778,13.499999977648258,1.3953101634979248,3.0999999940395355,3.1520583629608154
157,35.895166993141174,35.959210395812988,-117.71900001168251,-117.92052987962961,8.1700001657009125,2.2905939817428589,3.3099999725818634,3.3210434317588806
2030,35.088000059127808,34.881753742694855,-117.516999989748,-117.65154021978378,5.6000000238418579,3.8877922296524048,3.6999999582767487,3.3159719109535217
790,35.699167013168335,35.646145820617676,-117.51249998807907,-117.48755443096161,5.7499998807907104,0.47185331583023071,4.1999999955296516,3.4985251128673553
2078,35.633999943733215,35.725579142570496,-117.58000001311302,-117.81667150557041,1.5000003576278687,0.016054809093475342,3.199999988079071,3.2250595986843109
135,35.76783299446106,35.894117951393127,-117.58883300423622,-117.84695595502853,5.0200000405311584,0.15475541353225708,3.3099999725818634,3.2208791971206665
2125,32.333999991416931,32.071148872375488,-117.86200000345707,-118.29673811793327,5.9999996423721313,3.1231212615966797,3.199999988079071,3.0637659430503845
1413,33.970000000670552,33.852105110883713,-117.22600001096725,-117.23231106996536,11.999999955296516,1.3430401682853699,3.0999999940395355,3.0510003268718719
564,35.927834033966064,35.691566705703735,-117.70300298929214,-117.44470185041428,2.1399995684623718,0.61080604791641235,3,3.2671464085578918
2017,33.854000002145767,33.800764933228493,-117.77699999511242,-117.78092084825039,9.3000000715255737,3.6383503675460815,3,3.0684874355792999
2187,33.780000001192093,33.185215473175049,-116.12000000476837,-116.6508526802063,2.7000001072883606,6.1612486839294434,3.0999999940395355,3.0637874901294708
2272,32.111999988555908,33.601299107074738,-117.33499997854233,-118.27786907553673,12.999999895691872,0.071157217025756836,3.0999999940395355,3.0600664615631104
2025,34.453999996185303,34.430329382419586,-119.11699998378754,-119.06483352184296,26.900000274181366,4.5409896969795227,3.2999999821186066,3.3176449835300446
567,35.867499947547913,35.961953639984131,-117.72416698932648,-117.42936831712723,9.6599999070167542,1.3821834325790405,3.4999999701976776,3.1835761964321136
1447,34.510999977588654,34.378512233495712,-119.0789999961853,-119.19113159179688,2.9999998211860657,3.6230206489562988,3.3999999761581421,3.2732440531253815
1103,34.187999993562698,34.091580882668495,-117.41000002622604,-117.55125731229782,7.3000001907348633,1.6144600510597229,3.0199999809265137,3.054457426071167
123,35.889333009719849,35.943884372711182,-117.71416699886322,-117.91374846547842,8.2500001788139343,1.7774748802185059,3.6999999582767487,3.4097206592559814
1097,34.691332995891571,34.71454268693924,-116.23666703701019,-116.97763884067535,1.3900002837181091,4.0395712852478027,3.1600000262260437,3.3491409122943878
601,35.709998965263367,35.334240913391113,-117.55066698789597,-117.81097812950611,2.6100003719329834,0.87812304496765137,3.199999988079071,3.1610068380832672
406,35.693164944648743,35.696600914001465,-117.5540010035038,-117.69299593567848,8.2899999618530273,0.32370954751968384,3.3999999761581421,3.1390920281410217
742,35.746665954589844,34.081287644803524,-117.59332999587059,-117.50498819351196,6.4899998903274536,2.3049446940422058,3.4400000274181366,3.1208038330078125
2517,34.783999979496002,34.807373225688934,-116.24500000476837,-116.89770722389221,5.0999996066093445,5.5492562055587769,3.0999999940395355,3.2685661911964417
719,35.56850004196167,34.391977936029434,-117.5164999961853,-117.90079202502966,10.819999873638153,4.6735820174217224,4.5,4.0133079439401627
497,35.039832949638367,34.640313446521759,-118.08500000089407,-117.43492591381073,8.9800000190734863,0.79656064510345459,3.5300000309944153,3.5529918372631073
1064,34.072333000600338,34.031074734404683,-116.37849998474121,-116.84477877616882,2.4300000071525574,2.6857012510299683,3.5300000309944153,3.3368605971336365
342,35.616665005683899,35.720525145530701,-117.4384999871254,-117.41544568538666,2.980000376701355,0.62994807958602905,3.3999999761581421,3.2498471438884735
1789,33.71000000834465,33.586974531412125,-116.83899998664856,-117.07295960187912,17.199999913573265,2.5809386372566223,3.0999999940395355,3.1454792618751526
299,35.665001034736633,35.766181230545044,-117.50333398580551,-117.69971597194672,7.2900000214576721,0.16602873802185059,3.1099999845027924,3.2123697996139526
2504,34.813000023365021,34.896139144897461,-116.41499996185303,-117.07609075307846,5.6000000238418579,0.69181859493255615,3,3.2133868038654327
649,35.901999950408936,34.807090818881989,-117.74366700649261,-117.70533883571625,8.4600001573562622,4.1907602548599243,3.5699999928474426,3.6494503319263458
1601,35.754999995231628,35.374579548835754,-119.00699996948242,-118.28581622242928,19.000000208616257,1.1049467325210571,3,3.001785010099411
679,35.978999972343445,34.86586058139801,-117.7576670050621,-117.65567803382874,6.5200003981590271,4.4454288482666016,3.6699999868869781,3.52800053358078
1211,34.300799995660782,34.161075547337532,-117.4961000084877,-117.71914479136467,15.400000009685755,2.2067070007324219,3.4999999701976776,3.2980195283889771
220,35.711333990097046,35.635154962539673,-117.36966699361801,-117.25947463512421,6.4000001549720764,6.4790636301040649,3.5300000309944153,3.3866504430770874
2499,33.99599999981001,33.783625319600105,-118.76300001144409,-118.74338978528976,13.999999947845936,3.2991161942481995,3.3999999761581421,3.1283360123634338
1922,33.216000020503998,32.852909088134766,-116.09200000762939,-116.7310950756073,6.9999995827674866,2.8810948133468628,3,3.058961033821106
1054,34.41949999332428,34.398186534643173,-116.54949998855591,-116.95023632049561,8.060000091791153,1.6320392489433289,3.4300000369548798,3.3065314292907715
84,35.715000033378601,35.83825957775116,-117.57383298873901,-117.73584243655205,4.8700001835823059,0.20831286907196045,3.4199999570846558,3.2927205562591553
1394,34.006000000052154,33.820734247565269,-118.8309999704361,-118.65230053663254,12.199999988079071,4.1690522432327271,3,3.142598569393158
266,35.897166967391968,35.967201113700867,-117.68699699640274,-117.92629846185446,1.8999999761581421,1.6071850061416626,3.0099999904632568,3.2575710117816925
565,35.921833038330078,35.873018264770508,-117.71450001001358,-117.58361408114433,2.4199998378753662,5.0362873077392578,3.3999999761581421,3.2224290668964386
290,35.892166972160339,35.46372663974762,-117.6001670062542,-117.41384410858154,24.530000388622284,0.50394058227539062,3.3199999630451202,3.1927373707294464
1730,34.115000002086163,33.9432636462152,-116.90499997138977,-117.16178250312805,5.6000000238418579,0.50999075174331665,3,3.098884105682373
643,35.903499960899353,34.887206614017487,-117.70016700029373,-117.63671347498894,8.2599999010562897,4.5755749940872192,4.9000000208616257,3.6750662326812744
416,35.617668032646179,35.649696946144104,-117.47883599996567,-117.47239851951599,7.3600003123283386,1.5851470828056335,3.5999999642372131,3.3341678380966187
472,35.868831992149353,35.974390506744385,-117.70500200986862,-118.12245965003967,4.3199998140335083,3.0223363637924194,3.2400000393390656,3.1035100221633911
1454,34.223800003528595,34.061898246407509,-117.02490001916885,-117.27455586194992,8.4000000357627869,1.4714312553405762,3.199999988079071,3.2542775273323059
2084,34.168999999761581,34.716322958469391,-117.23900002241135,-117.62991800904274,6.9999995827674866,0.51229298114776611,3.0999999940395355,3.3768335580825806
2459,34.712999999523163,34.607078731060028,-116.36500000953674,-117.04998022317886,2.7000001072883606,5.1154240965843201,3,3.1865698993206024
857,34.047499999403954,33.962286591529846,-117.50549998879433,-117.60695812106133,4.620000422000885,3.9460980892181396,3.199999988079071,3.0803742706775665
845,35.707000017166138,35.76809823513031,-117.50583299994469,-117.40238988399506,10.280000120401382,1.1798107624053955,3.9800000041723251,3.7996773719787598
2533,34.456999987363815,34.369421660900116,-116.16600000858307,-116.81811153888702,1.1999997496604919,5.6602272391319275,3.2999999821186066,3.2758511602878571
1161,34.029500000178814,33.805569902062416,-116.97819995880127,-117.07397085428238,19.799999892711639,0.49312859773635864,3,3.0804980993270874
278,35.668835043907166,35.682028889656067,-117.50216698646545,-117.49388509988785,0.8899998664855957,0.58888345956802368,3.4999999701976776,3.1903248131275177
2171,32.044000029563904,32.033809781074524,-117.57699999213219,-117.53660401701927,8.9999999105930328,4.5382484793663025,3.0999999940395355,3.0863996744155884
932,33.640832990407944,33.471075475215912,-116.73083305358887,-116.96657037734985,13.499999977648258,3.046850860118866,3,3.0692261159420013
1446,32.036999940872192,32.163450002670288,-116.68110001087189,-116.76063299179077,4.9999997019767761,2.1314898133277893,3.0999999940395355,3.0751086473464966
18,35.696666955947876,35.727551937103271,-117.61166700720787,-117.60590243339539,8.1700001657009125,3.6161524057388306,4.0999999791383743,3.6187180280685425
1271,34.709699988365173,34.720537006855011,-116.27180004119873,-116.57075607776642,10.999999791383743,0.26234686374664307,3.199999988079071,3.2593331336975098
1487,33.144699990749359,32.866748571395874,-116.45910000801086,-116.86565923690796,14.700000006705523,3.2548302412033081,3.8999999910593033,3.3817500472068787
680,35.652166962623596,34.67473703622818,-117.46683299541473,-117.82541111111641,1.9700002670288086,4.2575660347938538,4.0899999886751175,3.2695910632610321
1429,33.632999986410141,33.590568870306015,-117.85490000247955,-117.94502184912562,10.799999982118607,1.7227131128311157,3.4999999701976776,3.1885063648223877
1117,34.061167001724243,33.861951097846031,-118.76333302259445,-118.61130118370056,9.4999998807907104,4.2474621534347534,3.3899999856948853,3.3276396989822388
1609,33.398000001907349,33.174737215042114,-116.63230001926422,-117.1017432808876,7.8000001609325409,1.0685411095619202,3.5999999642372131,3.2189183235168457
2140,34.314000010490417,34.138399928808212,-116.85099995136261,-117.22680014371872,5.2000004053115845,3.437945544719696,3,3.1991413235664368
1732,32.669399976730347,32.289400696754456,-116.01189994812012,-116.4979065656662,13.499999977648258,0.13754189014434814,3.199999988079071,3.076101690530777
219,35.945999026298523,35.947109341621399,-117.37983697652817,-117.53172138333321,0.13999968767166138,0.67084282636642456,3.5200000405311584,3.3049997985363007
1970,35.180999994277954,34.431648015975952,-118.625,-118.52712500095367,6.8999996781349182,0.31743675470352173,3.0999999940395355,3.1525961458683014
2150,34.319999992847443,34.155336961150169,-116.85099995136261,-117.26185530424118,3.4000003337860107,1.1807575821876526,3.0999999940395355,3.2696072459220886
303,35.828498959541321,35.859525680541992,-117.67133298516273,-117.83732879161835,3.9999997615814209,0.21646678447723389,4.0999999791383743,3.5866911113262177
2340,34.569000005722046,34.448868453502655,-116.23099994659424,-116.77029752731323,6.9999995827674866,6.1897194385528564,3.0999999940395355,3.1288720071315765
662,35.758000016212463,34.922370791435242,-117.56133300065994,-117.60324066877365,7.5699998438358307,4.3959653377532959,3.2999999821186066,3.4234462380409241
1708,35.059900045394897,34.989370584487915,-119.14400005340576,-119.38804602622986,16.799999959766865,0.11618524789810181,3.0999999940395355,3.1437522768974304
801,35.709998965263367,35.746065020561218,-117.55616798996925,-117.51253363490105,0.099999904632568359,2.3143082857131958,3.2099999785423279,3.3391615748405457
344,35.753334045410156,35.68256688117981,-117.57199901342392,-117.61970552802086,4.1599997878074646,6.9680589437484741,3,3.1703896522521973
1221,34.141499996185303,34.011411826126277,-117.45450001955032,-117.63711538910866,7.5999999046325684,0.96108108758926392,3,3.0599471032619476
2387,33.805000007152557,33.467439472675323,-116.15900003910065,-116.73575305938721,13.900000043213367,3.7528181076049805,3.3999999761581421,3.6747468709945679
1854,32.715399980545044,32.321284532546997,-116.03439998626709,-116.4970098733902,12.60000005364418,0.15240848064422607,3.0999999940395355,3.071735680103302
1357,35.936900019645691,35.967985033988953,-117.65320000052452,-117.87319013476372,1.600000262260437,0.59407442808151245,3.4999999701976776,3.3208372592926025
2203,34.708999991416931,34.685517489910126,-116.29799997806549,-116.93716883659363,2.9999998211860657,4.5790734887123108,3.3999999761581421,3.1928128302097321
2343,33.997999999905005,33.832699030637741,-116.56099998950958,-117.63787725567818,11.900000050663948,0.078817605972290039,3.0999999940395355,3.079809308052063
1087,35.542333006858826,35.367738604545593,-119.37283301353455,-119.56687843799591,22.14000016450882,0.46664267778396606,4.8700000047683716,4.3806170336902142
808,34.180167004466057,34.9502894282341,-116.73516702651978,-117.58785107731819,-0.040000677108764648,3.1347844004631042,3.2700000107288361,3.6712878942489624
1135,33.877499997615814,33.751945808529854,-116.1574000120163,-116.54257726669312,10.899999886751175,3.6929190158843994,3.4999999701976776,3.5775482654571533
192,35.691501975059509,35.838793396949768,-117.53516399860382,-117.67265352606773,6.3299998641014099,0.18052965402603149,3.2700000107288361,3.2252118587493896
174,35.868499994277954,35.955447912216187,-117.70566600561142,-118.24380849301815,6.6899996995925903,0.59759080410003662,3,3.238928496837616
810,35.718999981880188,35.525592446327209,-117.55866700410843,-117.5856871008873,2.0600000023841858,0.96336722373962402,3.0999999940395355,3.2362604141235352
2323,35.945000052452087,35.977863430976868,-117.89899999648333,-118.02832233719528,0.39999961853027344,0.15507906675338745,4.6000000052154064,3.6726062893867493
1815,34.855000019073486,34.946486711502075,-119.66989994049072,-119.94033467769623,8.9000000059604645,0.052875280380249023,3.6999999582767487,3.5448246002197266
1962,33.627000004053116,33.209678053855896,-118.53799998760223,-118.48141664266586,2.2999995946884155,4.1017109155654907,3,3.0725318491458893
1281,33.328299999237061,33.121743977069855,-116.39310002326965,-116.87304139137268,14.19999998062849,2.6580619812011719,3.7999999970197678,3.557505190372467
128,35.698500037193298,35.91579282283783,-117.54316699504852,-117.77139350771904,10.059999972581863,0.077924430370330811,3,3.243184357881546
340,35.780166983604431,35.827241778373718,-117.6419979929924,-117.70414957404137,8.2400000095367432,1.1997100710868835,3.3999999761581421,3.2529365122318268
2356,35.965999960899353,35.956559658050537,-117.87100000679493,-117.95869018509984,4.7999998927116394,0.64314901828765869,3.0999999940395355,3.2449527382850647
1985,35,35.048861145973206,-119.13460004329681,-119.44147658348083,9.9999998509883881,1.1647707223892212,3.6999999582767487,3.7484608590602875
2055,33.761000007390976,33.593233019113541,-118.97500002384186,-118.84023267030716,5.9999996423721313,4.5377111434936523,3.199999988079071,3.1418761610984802
307,35.947834014892578,35.944320797920227,-117.69183400273323,-117.85958921909332,1.419999897480011,1.085822582244873,3.7900000065565109,3.3473445475101471
383,35.651501059532166,35.671828985214233,-117.46450001001358,-117.41879659891129,3.9499998092651367,4.5972275733947754,3.8999999910593033,3.2513000965118408
1521,32.883900046348572,32.405776977539062,-116.21949994564056,-116.57176446914673,14.599999990314245,0.66004514694213867,3.4999999701976776,3.0952599942684174
2348,35.794000029563904,35.877717614173889,-118.0489999987185,-118.35198712348938,9.0999998152256012,0.091274678707122803,3.0999999940395355,3.2241894006729126
789,35.699501037597656,35.571766257286072,-117.48383301496506,-117.41661530733109,1.0299995541572571,0.59121072292327881,3.0600000321865082,3.2987209260463715
177,35.671664953231812,35.797202587127686,-117.52583301067352,-117.74243706464767,6.3799998164176941,0.098705291748046875,3.199999988079071,3.2064315676689148
426,35.602664947509766,35.433188915252686,-117.39450097084045,-117.47907185554504,7.0800000429153442,0.22682100534439087,3.199999988079071,3.1690742075443268
2210,33.404999971389771,33.314168214797974,-116.7059999704361,-117.19513684511185,16.000000052154064,1.2908211350440979,3.6999999582767487,3.2733340859413147
1905,34.580999970436096,34.630595982074738,-116.2610000371933,-116.55206573009491,2.800000011920929,0.20634323358535767,3.0999999940395355,3.19080850481987
781,35.632168054580688,35.495100736618042,-117.60716998577118,-117.47247886657715,8.9999999105930328,0.552387535572052,3.2999999821186066,3.2248157858848572
1352,35.843999981880188,35.956756830215454,-117.77799999713898,-117.97380360215902,9.3999999761581421,0.21324813365936279,3.2999999821186066,3.2342289090156555
184,35.765498995780945,35.8813636302948,-117.58249700069427,-117.65998867154121,6.3299998641014099,0.33065736293792725,3.0299999713897705,3.2925834059715271
1058,34.53566700220108,34.151549160480499,-119.96449995040894,-119.92745101451874,4.6299996972084045,0.56411772966384888,3.0500000417232513,3.0990540683269501
2048,35.965999960899353,35.959259033203125,-117.98200000077486,-118.3047696352005,4.6000000834465027,0.16944050788879395,3.0999999940395355,3.1884194612503052
1690,35.970000028610229,35.971749782562256,-117.31999999284744,-117.87599585950375,3.099999725818634,0.10794013738632202,3.0999999940395355,3.2341046333312988
700,35.902832984924316,34.893050193786621,-117.71149998903275,-117.62946620583534,3.1800001859664917,4.3645817041397095,4.5100000002421439,3.5481682419776917
1587,33.788800001144409,33.918957643210888,-117.28890001773834,-117.38747441768646,11.999999955296516,3.9624810218811035,3.6999999582767487,3.6205979883670807
1501,35.84309995174408,35.907109260559082,-117.66260001063347,-117.83307728171349,3.6000001430511475,0.1951172947883606,3.8999999910593033,3.4086678922176361
2028,35.345700025558472,35.123224258422852,-118.64300000667572,-118.45602431893349,3.5000002384185791,7.0965734124183655,5.0000000149011612,4.2163620516657829
489,35.550999999046326,35.289212107658386,-117.38599997758865,-117.34230715036392,4.699999988079071,5.3107094764709473,3.9599999785423279,3.6328661441802979
756,35.707332968711853,35.704401254653931,-117.47533398866653,-117.38539797067642,6.1099997162818909,1.747376024723053,3.199999988079071,3.2446022629737854
2094,33.902999997138977,33.626428157091141,-116.89999997615814,-117.21435898542404,13.999999947845936,1.415272057056427,3.2999999821186066,3.1576627492904663
2287,33.376999974250793,33.585844248533249,-116.4190000295639,-117.82020454108715,11.200000047683716,0.20485281944274902,3.0999999940395355,3.1224118173122406
859,32.837666988372803,33.161259949207306,-118.50316697359085,-118.41111245751381,8.4000000357627869,1.1090478301048279,4.2999999895691872,3.442774772644043
2451,33.953000001609325,33.833862379193306,-117,-117.21580892801285,17.700000107288361,1.2470224499702454,3,3.128307580947876
2288,33.232999980449677,32.996339201927185,-116.37800002098083,-116.74740052223206,9.5999997854232788,0.6140291690826416,3.4999999701976776,3.2014347910881042
1963,33.695800006389618,33.356860399246216,-119.69270002841949,-119.40082359313965,5.9999996423721313,6.3940376043319702,4.1999999955296516,3.5086355209350586
118,35.934999942779541,35.952615022659302,-117.6956669986248,-117.99193479027599,2.7000001072883606,4.1350570321083069,3.4999999701976776,3.3070681393146515
2023,34.34400001168251,34.067964270710945,-116.91700005531311,-117.21438884735107,5.0999996066093445,1.448398232460022,3.7999999970197678,3.5376926064491272
281,35.679000973701477,35.718648910522461,-117.51216900348663,-117.55826270580292,1.9100001454353333,0.70910453796386719,3.8300000131130219,3.3154904544353485
2216,34.552999973297119,34.468546569347382,-116.47000002861023,-116.94983375072479,2.9999998211860657,4.4767069816589355,3.6999999582767487,3.3449974358081818
746,35.647999048233032,35.654661178588867,-117.5453340113163,-117.53542339801788,3.7600001692771912,0.21119624376296997,3.4999999701976776,3.1937397122383118
2103,33.186999976634979,32.868297338485718,-116.17200005054474,-116.59333992004395,3.9999997615814209,1.5428996086120605,3,3.0576271712779999
1165,33.958999998867512,33.801649630069733,-116.63170003890991,-117.05280786752701,19.200000017881393,2.6883584260940552,3.5999999642372131,3.2448688745498657
1851,32.983999967575073,33.607009917497635,-116.307000041008,-118.56190556287766,4.8999997973442078,0.016600191593170166,3.0999999940395355,3.0348992049694061
2308,35.980999946594238,35.944596409797668,-117.86900000274181,-118.29058906435966,2.9999998211860657,0.075310170650482178,3.199999988079071,3.5663663148880005
366,35.634335041046143,35.422337889671326,-117.45133197307587,-117.69250363111496,3.099999725818634,6.6071569919586182,3.0999999940395355,3.1385727524757385
1395,33.304000020027161,33.161615014076233,-116.87899994850159,-117.14095598459244,15.100000002421439,2.3525324463844299,3.2999999821186066,3.1259317696094513
555,35.885501980781555,35.74864137172699,-117.71050301194191,-117.60070195794106,2.839999794960022,5.1615142822265625,3.6999999582767487,3.2420039176940918
1674,35.97599995136261,35.951801061630249,-117.32400000095367,-117.71996074914932,1.8999999761581421,0.055765807628631592,3.3999999761581421,3.2794264554977417
1839,34.131999999284744,34.014606439508498,-117.47500002384186,-117.54762184619904,5.6999999284744263,4.0825313329696655,3,3.047804206609726
838,35.725833058357239,35.328513622283936,-117.57183301448822,-117.57867300510406,6.8200001120567322,5.5781275033950806,3.9999999850988388,3.6840383112430573
1322,33.513000011444092,33.233580589294434,-116.47500002384186,-116.93656253814697,11.799999922513962,3.2283908128738403,3.2999999821186066,3.1240540444850922
203,35.638332962989807,35.773055195808411,-117.58533298969269,-117.58393031358719,9.9499998986721039,0.86573213338851929,4.9000000208616257,4.2532996907830238
1741,34,33.872325226664543,-116.85699999332428,-117.17465436458588,14.299999997019768,0.43191075325012207,3,3.0996382534503937
120,35.964499950408936,35.978484511375427,-117.68933299183846,-118.00688790064305,4.4900000095367432,0.23563742637634277,3.2500000298023224,3.3058791160583496
283,35.558997988700867,35.522368431091309,-117.39399701356888,-117.42769533395767,2.0600000023841858,0.43754875659942627,3,3.1425468027591705
575,35.890498995780945,34.635019063949585,-117.72966799139977,-117.32922112941742,2.4799999594688416,2.8904646635055542,3,3.2371507287025452
2487,32.105000019073486,32.224032878875732,-117.12000000476837,-117.58296117186546,5.3000003099441528,6.2215662002563477,3.2999999821186066,3.1268071532249451
1569,32.037899971008301,32.137413859367371,-117.53650000691414,-117.53802916407585,6.3000002503395081,3.213559091091156,3.4999999701976776,3.1056206524372101
275,35.671501040458679,35.720871686935425,-117.49483501911163,-117.65689182281494,1.7299997806549072,0.27796626091003418,3,3.1632273495197296
1711,34.848999977111816,34.815527260303497,-116.682000041008,-116.87119114398956,7.9999999701976776,0.25482326745986938,3.0999999940395355,3.1898459494113922
2131,33.268999993801117,33.320608258247375,-117.89500000327826,-118.02417621016502,9.9999998509883881,4.2250263690948486,3.0999999940395355,3.0579245388507843
360,35.682999014854431,35.633069515228271,-117.52417001128197,-117.6043256521225,8.4300000965595245,1.8023541569709778,3,3.1509133279323578
1659,35.417500019073486,35.378679394721985,-117.75890000164509,-117.88357449322939,10.499999821186066,0.99886715412139893,3.7999999970197678,3.652521550655365
812,35.601333022117615,35.633549213409424,-117.59700000286102,-117.49410372972488,2.8100001811981201,2.2573310136795044,4.5899999979883432,3.7996528297662735
2064,32.080000042915344,32.130916953086853,-116.40199995040894,-116.71478319168091,10.799999982118607,2.5968700647354126,3,3.1196283102035522
629,35.825500965118408,35.72635018825531,-117.67150101065636,-117.59528389573097,6.4199995994567871,0.43142259120941162,3.5400000214576721,3.2774775624275208
1592,33.895599998533726,33.801618799567223,-117.06169998645782,-117.1851219534874,3.4000003337860107,3.4810701012611389,3.4999999701976776,3.6477171778678894
1764,34.136000007390976,34.017677398398519,-117.466000020504,-117.59510308504105,4.6000000834465027,3.6251959204673767,3.3999999761581421,3.0810922980308533
286,35.624668002128601,35.568855762481689,-117.43599700927734,-117.48015892505646,7.1400001645088196,1.4549902081489563,3.5999999642372131,3.1963398456573486
903,35.48816704750061,35.786640763282776,-118.30300000309944,-118.83153957128525,1.9399997591972351,0.011651515960693359,3.0199999809265137,3.1995849609375
1094,35.464333057403564,35.095664739608765,-119.97333300113678,-119.93537938594818,7.6400001347064972,0.031000971794128418,3.5400000214576721,3.4133495986461639
944,33.976999999955297,33.726958423852921,-117.21549999713898,-117.35827487707138,14.179999977350235,1.0341131687164307,3.199999988079071,3.1056738495826721
423,35.607334017753601,33.907401919364929,-117.44983702898026,-118.18799491226673,10.129999816417694,0.19098669290542603,3.0999999940395355,3.1693804264068604
1865,32.715999960899353,32.274409055709839,-116.0440000295639,-116.56787967681885,2.7000001072883606,0.12253940105438232,3.0999999940395355,3.0720932185649872
1694,33.848000004887581,33.73376801609993,-117.7039999961853,-117.7861123085022,10.100000202655792,4.384036660194397,3.0999999940395355,3.096463680267334
1637,33.376999974250793,33.122840821743011,-116.40299999713898,-116.86977028846741,13.399999961256981,2.9224276542663574,3.199999988079071,3.0664604902267456
890,33.49966698884964,33.377853691577911,-116.80783295631409,-117.11513018608093,2.5699996948242188,3.6529120802879333,3.0999999940395355,3.2022715508937836
65,35.581500053405762,35.517707109451294,-117.41333299875259,-117.22491425275803,5.5700004100799561,5.5730670690536499,3.5899999737739563,3.2949798703193665
1697,33.472800016403198,33.376957893371582,-116.88779997825623,-117.10548275709152,4.6000000834465027,3.4399920701980591,3.7999999970197678,3.6723596155643463
2464,32.605000019073486,32.172239422798157,-116.11500000953674,-117.13416111469269,14.100000020116568,0.63229233026504517,3,3.0738648176193237
916,33.487833023071289,33.387298345565796,-116.80649995803833,-117.13097649812698,2.2800001502037048,1.2312868237495422,3.0999999940395355,3.1352903544902802
1840,32.732200026512146,32.337907552719116,-116.05939996242523,-116.49148762226105,6.5999999642372131,1.0811322927474976,4.2999999895691872,3.2040076553821564
230,35.95750105381012,35.944430351257324,-117.28483599424362,-117.54741260409355,4.5100003480911255,0.18941223621368408,3,3.2833990752696991
2113,33.232999980449677,32.684055209159851,-116.39800000190735,-116.73820161819458,5.9999996423721313,0.013143718242645264,3,3.1336390972137451
1220,35.45389997959137,35.459054708480835,-118.35550001263618,-118.69003510475159,10.799999982118607,0.068072676658630371,3.5999999642372131,3.206277072429657
1222,35.466199994087219,35.824520826339722,-118.52179998159409,-119.16576528549194,3.6000001430511475,0.00492095947265625,3.2999999821186066,3.152592658996582
945,33.920999996364117,33.695813834667206,-116.32166695594788,-116.95147407054901,8.2500001788139343,3.5323664546012878,3.8700000196695328,3.3972702026367188
1360,33.850899994373322,33.952149286866188,-117.78309999406338,-117.84635716676712,5.899999737739563,4.0562340617179871,4.2999999895691872,3.6338460445404053
772,35.601166963577271,35.572256684303284,-117.61066699028015,-117.55211868882179,4.7499999403953552,0.5201384425163269,4.0399999916553497,3.6180235147476196
2525,34.86599999666214,34.9198197722435,-116.317999958992,-116.90886116027832,8.8000001013278961,4.463944137096405,3.4999999701976776,3.2380980849266052
2315,35.991999983787537,35.964952230453491,-117.87399999797344,-118.17406828701496,3.8999998569488525,0.21787852048873901,3,3.220189243555069
374,35.810500979423523,35.983715534210205,-117.63733699917793,-117.88165654987097,6.6399997472763062,5.038396418094635,3.0600000321865082,3.16525599360466
2173,35.315000057220459,35.301169157028198,-118.65100002288818,-118.91411006450653,4.1999995708465576,0.38688093423843384,3,3.1132894456386566
1575,33.421000003814697,33.306200683116913,-119.14699995517731,-118.92285567522049,11.700000017881393,4.3868798017501831,3.199999988079071,3.0669334530830383
2492,35.91100001335144,35.94506824016571,-117.83799999952316,-118.38658961653709,2.9999998211860657,0.17777055501937866,3.199999988079071,3.2692893147468567
297,35.871497988700867,35.968099594116211,-117.72283199429512,-118.01343168970197,6.2699997425079346,0.94010978937149048,3.0999999940395355,3.2186797857284546
598,35.776332974433899,35.44795560836792,-117.59299999475479,-117.65928485989571,9.3999999761581421,1.9036933779716492,3.1399999558925629,3.4813138246536255
2379,34.141000002622604,34.063152559101582,-116.89400005340576,-117.2475613951683,6.2000003457069397,0.32962292432785034,3.4999999701976776,3.4250841736793518
99,35.847167015075684,35.967153072357178,-117.67550000548363,-117.82146906852722,4.9800002574920654,1.2306350469589233,3.2999999821186066,3.3142586052417755
874,33.89299999922514,33.783657193183899,-118.08833300322294,-118.20045731961727,12.060000076889992,0.75255811214447021,3.1399999558925629,3.0561732351779938
1292,35.962399959564209,35.963930606842041,-117.74300000071526,-117.92645602673292,3.6000001430511475,0.35829484462738037,4.0999999791383743,3.5222334265708923
2043,33.277999997138977,33.105485618114471,-116.18299996852875,-117.12981879711151,1.0999998450279236,0.55041342973709106,3,3.0782440602779388
529,35.562000036239624,35.337018966674805,-117.39450097084045,-117.30646324157715,1.340000331401825,4.0418529510498047,3.7999999970197678,3.4276394248008728
1917,34.421000003814697,34.218448176980019,-119.05999994277954,-119.14659595489502,14.899999997578561,2.2934639453887939,3.0999999940395355,3.1409568786621094
1302,33.625,33.411220669746399,-116.69599997997284,-116.97345805168152,15.599999986588955,3.386986255645752,3.199999988079071,3.0859756171703339
1356,34.428999990224838,34.254982054233551,-119.10000002384186,-119.6375298500061,14.599999990314245,3.5042309761047363,3,3.1944357454776764
636,35.555333018302917,35.113439559936523,-117.52366700768471,-117.5675590634346,5.5799996852874756,4.978986382484436,5.010000005364418,3.7099938690662384
2227,34.477999985218048,34.480225384235382,-116.29799997806549,-116.95965170860291,5.6000000238418579,5.2370882034301758,4.1999999955296516,3.7472466230392456
185,35.657001972198486,35.770477533340454,-117.48766297101974,-117.59476602077484,-0.27999937534332275,0.93823760747909546,3,3.3134593963623047
2007,34.138600006699562,34.044837098568678,-117.39020001888275,-117.7105927169323,4.1999995708465576,3.2794556021690369,4.0999999791383743,3.6161788702011108
1004,33.676167011260986,33.498126029968262,-116.76066696643829,-117.0908779501915,15.919999983161688,3.6538133025169373,3.1800000071525574,3.0799127519130707
1618,34.991999983787537,34.861414074897766,-116.94900000095367,-117.14622342586517,9.0999998152256012,0.54900974035263062,3,3.1677743196487427
2100,34.273200005292892,34.052463799715042,-116.3992999792099,-117.0105128288269,1.7000001668930054,4.2514282464981079,3.4999999701976776,3.302877813577652
1834,34.717000007629395,34.783231973648071,-116.29700005054474,-116.55215728282928,5.3000003099441528,0.31040847301483154,3,3.1361446380615234
511,35.730499982833862,35.762523531913757,-117.58233299851418,-117.46811538934708,8.2400000095367432,0.8033984899520874,3.4400000274181366,3.1496090590953827
1783,34.231000006198883,34.082096375524998,-116.71000003814697,-116.97380864620209,3.099999725818634,0.84706932306289673,3.0999999940395355,3.1588207483291626
1216,34.255699992179871,34.076406888663769,-116.82000005245209,-117.1247034072876,13.200000040233135,1.2982651591300964,3.7999999970197678,3.5805879235267639
1976,33.572899997234344,33.070736348628998,-116.51919996738434,-116.97204506397247,15.299999993294477,2.249874472618103,5.2000000029802322,4.3150668516755104
2110,33.389999985694885,33.548708409070969,-118.66500002145767,-118.68305945396423,2.800000011920929,4.3603348731994629,3,3.0497562289237976
607,35.876335024833679,35.894844055175781,-117.73433700203896,-117.61586251854897,4.7700002789497375,1.2647134065628052,3.5899999737739563,3.2570784687995911
1743,35.912999987602234,35.878677129745483,-117,-117.36153596639633,0.50000041723251343,0.046792030334472656,3.0999999940395355,3.1641520857810974
2429,34.912999987602234,35.00067412853241,-116.41100001335144,-116.95085108280182,2.5000002980232239,0.4890596866607666,3.6999999582767487,3.305528998374939
151,35.752500057220459,35.846616506576538,-117.57749998569489,-117.62381464242935,6.6800004243850708,1.5294760465621948,3.3400000333786011,3.3008786737918854
1607,35.550999999046326,35.611420273780823,-117.28299999237061,-117.39736074209213,3.8999998569488525,0.83294481039047241,3,3.2336167395114899
1932,32.976999998092651,32.8321533203125,-116.31700003147125,-116.81715106964111,12.999999895691872,1.5303289890289307,3.3999999761581421,3.1217266917228699
1956,35.034000039100647,34.823770761489868,-119.00800001621246,-119.25893807411194,11.200000047683716,0.13304024934768677,3.3999999761581421,3.9675789177417755
1938,32.462000012397766,32.550951242446899,-118.18199999630451,-118.46062707901001,11.999999955296516,3.1829354166984558,3.2999999821186066,3.0704024434089661
2307,35.983999967575073,35.509956359863281,-117.86100000143051,-117.89682235568762,1.8999999761581421,0.09160459041595459,3.2999999821186066,3.5250612795352936
23,35.610499978065491,35.734025001525879,-117.58583301305771,-117.85917057096958,6.4899998903274536,0.10557085275650024,3.0600000321865082,3.1401050090789795
158,35.896499991416931,35.967424273490906,-117.71866700053215,-117.95153651759028,8.2200001180171967,0.75265288352966309,3,3.2053130865097046
1559,33.269999980926514,32.658836960792542,-116.13699996471405,-117.88781832158566,9.3000000715255737,2.3180517554283142,3,3.1332027912139893
331,35.930667042732239,35.667041540145874,-117.70216700434685,-117.74171885848045,3.0499997735023499,6.3108354806900024,3.0500000417232513,3.1948594450950623
1037,34.130500003695488,33.983474124222994,-117.0460000038147,-117.32002741098404,9.6700000762939453,0.92155963182449341,3.4400000274181366,3.2758394479751587
2427,33.960999999195337,33.821450024843216,-116.8289999961853,-117.16970986127853,19.600000083446503,3.7677276134490967,3.0999999940395355,3.1114997863769531
1771,35.937399983406067,35.942162752151489,-117.72220000624657,-117.8949575945735,6.6999998688697815,0.88908970355987549,3.5999999642372131,3.2828473448753357
2040,32.585000038146973,32.256763339042664,-116.16799998283386,-116.55981647968292,1.9999998807907104,0.22334575653076172,3.4999999701976776,3.0931679606437683
2490,35.967000007629395,35.963630557060242,-117.85099999606609,-118.28262442350388,1.8000000715255737,0.3356480598449707,3.0999999940395355,3.2222065329551697
1750,35.485000014305115,35.305182695388794,-118.44569998979568,-118.86969941854477,9.9999998509883881,0.12115180492401123,3.4999999701976776,3.0932229459285736
642,35.841999053955078,34.605715155601501,-117.66049998998642,-117.88784657418728,3.6100003123283386,4.4790744781494141,3.4600000083446503,3.2057356238365173
1283,34.020600000396371,34.088307775557041,-117.78560000658035,-117.87552656233311,3.7999999523162842,1.4274591207504272,3.7999999970197678,3.3784001469612122
311,35.654167056083679,35.726217150688171,-117.47266399860382,-117.48391461372375,2.9499998688697815,0.77313512563705444,3.2500000298023224,3.1529437601566315
351,35.803001046180725,35.915209293365479,-117.6334989964962,-117.87023748457432,2.6399999856948853,0.39127528667449951,3.3999999761581421,3.2194457352161407
548,35.637001037597656,34.908761084079742,-117.43699699640274,-117.4063783288002,11.13999992609024,4.6641647815704346,3.0600000321865082,3.2739429473876953
2494,35.965999960899353,35.949157476425171,-117.88400000333786,-117.90099570155144,0,1.9352799654006958,3.7999999970197678,3.3236542046070099
1376,33.174199998378754,32.861243486404419,-118.82300001382828,-118.65238976478577,16.899999976158142,3.7003487348556519,3.4999999701976776,3.1255963146686554
2454,34.773999989032745,34.79690945148468,-116.35699999332428,-116.86328864097595,5.6999999284744263,4.9171918630599976,4.1999999955296516,3.7896794825792313
306,35.683833956718445,35.820378541946411,-117.53099799156189,-117.61859026551247,1.1499997973442078,0.14924526214599609,3.2600000202655792,3.1933473944664001
287,35.906666040420532,35.952527761459351,-117.70833599567413,-117.93540006130934,4.5899999141693115,3.1297668814659119,3.199999988079071,3.3106228709220886
694,35.888332962989807,34.921823978424072,-117.69783300161362,-117.58186054229736,8.9300000667572021,4.2640775442123413,4.1999999955296516,3.4353360235691071
1410,33.225600004196167,32.943836808204651,-116.27339994907379,-116.66008722782135,5.3000003099441528,2.9721388220787048,3.8999999910593033,3.2777599096298218
630,35.926334023475647,35.525107145309448,-117.72567000985146,-117.5708424448967,8.789999932050705,2.1222415566444397,3.3999999761581421,3.390997052192688
2067,34.30799999833107,34.212068751454353,-116.932000041008,-117.22899252176285,10.100000202655792,0.80967754125595093,3.4999999701976776,3.4388290643692017
1869,32.725299954414368,32.215375542640686,-116.03480005264282,-116.61089301109314,12.699999958276749,0.3227725625038147,3.5999999642372131,3.0986180305480957
1301,33.249000012874603,32.776135683059692,-116.00499999523163,-116.5810649394989,1.8000000715255737,3.596625030040741,3.0999999940395355,3.0769399702548981
1553,34.208000004291534,33.999982759356499,-117.53499999642372,-117.65164655447006,8.5999998450279236,1.4610546827316284,3,3.095643013715744
1310,33.652700006961823,33.650853365659714,-118.36629998683929,-118.29892826080322,7.3000001907348633,4.7240352630615234,3.7999999970197678,3.5076621472835541
888,33.121167004108429,32.647164225578308,-116.0593329668045,-116.63591170310974,3.7000000476837158,3.7902858853340149,3.0399999618530273,3.102359801530838
1640,33.928000003099442,33.874137654900551,-118.34610000252724,-118.36315479874611,8.9000000059604645,5.1198908686637878,5.0000000149011612,4.3645847216248512
2020,34.748399972915649,34.809818506240845,-116.03069996833801,-116.62234091758728,2.2999995946884155,0.2516019344329834,3.6999999582767487,3.3362366259098053
1420,34.681400001049042,34.691470682621002,-116.28340005874634,-116.60354900360107,7.4000000953674316,0.3345644474029541,3.9999999850988388,3.4735446274280548
1518,33.458000004291534,33.227713584899902,-116.47599995136261,-116.92847275733948,12.899999991059303,3.4959277510643005,3.2999999821186066,3.0876178443431854
1456,33.522199988365173,33.498933613300323,-119.09829998016357,-118.9877102971077,16.099999956786633,4.5948886871337891,3.6999999582767487,3.3303622305393219
1189,35.975800037384033,34.993589639663696,-116.09660005569458,-117.28927433490753,5.5000001192092896,4.6288150548934937,3.0999999940395355,3.3576552271842957
13,35.675832986831665,35.74060070514679,-117.52366700768471,-117.48725157976151,9.5100000500679016,0.94520777463912964,3.5099999606609344,3.4375705718994141
1462,35.980000019073486,35.949391722679138,-117.66699999570847,-117.92358706146479,8.1999997794628143,0.075220763683319092,3.199999988079071,3.1471104919910431
1453,34.218999996781349,34.090028144419193,-116.75399994850159,-117.08334004878998,2.9999998211860657,0.41017055511474609,3.0999999940395355,3.1640040278434753
514,35.906666994094849,35.649311184883118,-117.68466699123383,-117.50750944018364,1.9399997591972351,1.5476971864700317,3,3.1951718330383301
409,35.651165008544922,35.633798718452454,-117.5626679956913,-117.75895917415619,3.6000001430511475,0.64992249011993408,3.0800000131130219,3.14481121301651
1053,33.267000019550323,32.867374897003174,-116.11466705799103,-116.58348596096039,3.0899995565414429,3.7547770142555237,3.129999965429306,3.0747773051261902
313,35.887665033340454,35.942650079727173,-117.73116299510002,-118.0551682934165,4.5000001788139343,4.0126848220825195,3.2800000011920929,3.2262258231639862
1928,33.611000001430511,33.47191447019577,-117.26999998092651,-117.36013376712799,13.80000002682209,3.712829053401947,3.2999999821186066,3.2973219752311707
1977,32.527999997138977,32.275472044944763,-117.5789999961853,-117.53092435002327,11.999999955296516,2.7075156569480896,3.199999988079071,3.0714246332645416
1583,34.007000000216067,33.848772555589676,-117.19199997186661,-117.28547072410583,7.8000001609325409,2.7835965156555176,3.0999999940395355,3.1058163642883301
912,34.101667001843452,33.955032806843519,-117.31000000238419,-117.490678191185,15.889999978244305,1.7181801795959473,3.4300000369548798,3.1791121065616608
1316,35.491000056266785,35.629300117492676,-118.39399999380112,-118.91112053394318,9.3999999761581421,0.0044649839401245117,3.0999999940395355,3.1152382493019104
382,35.697666049003601,35.234405517578125,-117.48249799013138,-117.57983222603798,3.6199995875358582,5.5170947313308716,3.1899999976158142,3.2392559945583344
1137,35.026100039482117,35.013461112976074,-119.06200003623962,-119.46865320205688,17.899999916553497,0.10998129844665527,3.4999999701976776,3.5535769164562225
1675,35.978000044822693,35.967483878135681,-117.32200002670288,-117.61040928959846,1.600000262260437,0.40256112813949585,3.199999988079071,3.2962637543678284
1313,33.981000000610948,33.783213540911674,-118.78200000524521,-118.7117520570755,12.999999895691872,3.0084255337715149,3.0999999940395355,3.1217081844806671
1594,33.965999998152256,33.863993525505066,-116.87699997425079,-117.16129785776138,10.799999982118607,1.3506630063056946,3.199999988079071,3.193341851234436
2271,33.28600001335144,33.223473846912384,-118.68199998140335,-118.60761106014252,5.6000000238418579,4.2830997705459595,3.0999999940395355,3.0654338300228119
1290,35.470800042152405,35.573389530181885,-118.28139999508858,-118.7904480099678,3.7000000476837158,0.021053552627563477,3.0999999940395355,3.134553462266922
263,35.662498950958252,35.71392035484314,-117.54516598582268,-117.76445353031158,7.9800000786781311,0.32063215970993042,3.1099999845027924,3.1582652628421783
949,34.13816699385643,33.968047417700291,-117.42383301258087,-117.55828908085823,4.0499997138977051,3.822600245475769,3.0099999904632568,3.0911778509616852
2188,34.805000007152557,34.772969841957092,-116.26999998092651,-116.8198983669281,6.3000002503395081,5.8233547210693359,3,3.2500165700912476
2529,34.861999988555908,34.86695659160614,-116.36000001430511,-117.0665665268898,6.6999998688697815,2.7381911873817444,3,3.2009452879428864
415,35.86316704750061,35.826833963394165,-117.70300298929214,-117.7429476082325,6.990000307559967,1.3101616501808167,3.5400000214576721,3.2212668657302856
2046,33.710999995470047,33.4831503033638,-116.05299997329712,-116.34357178211212,12.899999991059303,4.4106888771057129,3,3.0564135611057281
358,35.647498965263367,35.270363569259644,-117.45066797733307,-117.58001807332039,9.8399998247623444,1.3190647959709167,3.0500000417232513,3.1173825860023499
1210,35.019899964332581,34.998308300971985,-119.32710003852844,-119.76800894737244,7.8000001609325409,0.60403704643249512,3.2999999821186066,3.1359484791755676
900,33.483500003814697,33.406976222991943,-116.80216705799103,-117.06770831346512,2.0499998331069946,1.6035255789756775,3.6999999582767487,3.1520020365715027
8,35.907166957855225,35.966090798377991,-117.70550000667572,-118.12640768289566,2.9399996995925903,1.3950714468955994,3.0999999940395355,3.2595570087432861
1978,33.498000025749207,33.237945437431335,-116.52300000190735,-116.82689189910889,14.400000013411045,1.5457695722579956,3.0999999940395355,3.0925160944461823
316,35.820332050323486,35.924478650093079,-117.6618350148201,-117.86696009337902,3.8399997353553772,2.3687294125556946,3.4500000178813934,3.1984153389930725
304,35.545833945274353,35.411397695541382,-117.40966802835464,-117.4652773141861,2.3099997639656067,2.7247783541679382,3,3.299457460641861
427,35.853667974472046,35.949870109558105,-117.67150101065636,-117.5069831609726,7.7799998223781586,0.3232419490814209,3.0999999940395355,3.3308492302894592
105,35.927000045776367,35.948360085487366,-117.69316700100899,-117.9531274586916,4.1300001740455627,1.0412800312042236,3.129999965429306,3.2613263726234436
1539,32.258999943733215,32.261725783348083,-116.6360000371933,-116.71121048927307,7.9999999701976776,0.82746416330337524,3,3.075760155916214
121,35.60699999332428,35.653424501419067,-117.60400000214577,-117.64673200249672,3.9899995923042297,0.49198508262634277,3.75,3.4250067472457886
1477,35.080000042915344,34.984746336936951,-118.99889999628067,-119.50813829898834,14.499999973922968,0.080451071262359619,3.199999988079071,3.1038249135017395
1602,32.897699952125549,32.834734201431274,-117.87550000101328,-118.09781830757856,2.8999999165534973,3.7733334302902222,3.5999999642372131,3.1336266696453094
889,32.641332983970642,32.476394176483154,-118.04983299970627,-118.35335183143616,5.8399996161460876,3.3231863379478455,3.1500000357627869,3.0543035566806793
1361,33.81530000269413,33.886912725865841,-117.83290000259876,-117.88438904285431,1.2999996542930603,3.5790297389030457,4.0999999791383743,3.7428086400032043
1831,32.692000031471252,32.295071005821228,-116.01139998435974,-116.44744336605072,16.000000052154064,0.093726217746734619,3.2999999821186066,3.0892164409160614
1269,32.678099989891052,32.666438817977905,-118.24819999933243,-118.35196420550346,18.200000077486038,3.1959879398345947,3.0999999940395355,3.0708675384521484
115,35.645833015441895,35.60841703414917,-117.45300000905991,-117.64381831884384,9.9799999594688416,0.18749892711639404,3.0999999940395355,3.1979232430458069
1457,35.144000053405762,35.032212257385254,-116.86300003528595,-116.96678686141968,2.6000002026557922,0.52407234907150269,3.2999999821186066,3.1978614628314972
744,35.604168057441711,35.643956661224365,-117.59266701340675,-117.50108602643013,1.9700002670288086,0.25570213794708252,3.5400000214576721,3.2658575177192688
1381,33.476000010967255,33.20849084854126,-116.48699998855591,-116.96303808689117,15.500000026077032,3.7068271636962891,3.3999999761581421,3.1323910653591156
1608,35.541399955749512,35.520579218864441,-117.25919997692108,-117.17956668138504,9.9999998509883881,4.8576843738555908,5.1000000089406967,3.8219609409570694
2373,34.479000002145767,34.253915399312973,-116.19400000572205,-116.67632079124451,5.6000000238418579,7.2699585556983948,3,3.0852832496166229
969,33.498667001724243,33.207188487052917,-116.80066704750061,-117.12932670116425,5.2900001406669617,3.5796323418617249,3.4799999892711639,3.2002934217453003
1286,33.279399991035461,33.024891972541809,-116.39520001411438,-116.88466572761536,11.999999955296516,1.6628909111022949,3.0999999940395355,3.0947253406047821
672,35.648332953453064,35.258189678192139,-117.46733301877975,-117.43454468250275,4.2099997401237488,5.0897294282913208,3.5999999642372131,3.3234613537788391
2339,34.225999996066093,34.099489845335484,-117.46399998664856,-117.64818227291107,14.799999995157123,4.2929041385650635,3.199999988079071,3.2285020351409912
2453,34.843999981880188,34.854726016521454,-116.33599996566772,-116.95853304862976,4.699999988079071,4.2939859628677368,3.6999999582767487,3.2129279673099518
1692,35.9617999792099,35.903403639793396,-117.33880001306534,-117.42651414871216,9.9999998509883881,2.9767307639122009,4.0999999791383743,3.3272252082824707
309,35.814998984336853,35.851437568664551,-117.59783199429512,-117.81997041404247,7.539999783039093,0.08003532886505127,3.2500000298023224,3.1409843266010284
591,35.916831970214844,35.804214239120483,-117.75316600501537,-117.79275691509247,3.0800002813339233,0.98988264799118042,3.199999988079071,3.1880814135074615
462,35.898334980010986,35.765876293182373,-117.72866800427437,-117.30552667379379,2.6699995994567871,6.0390910506248474,3.4300000369548798,3.2369970381259918
1017,34.026333000510931,33.790879234671593,-118.51933300495148,-118.40776899456978,9.5600000023841858,4.4886195659637451,3.0600000321865082,3.1772364377975464
1000,34.414499998092651,34.095722757279873,-117.6791670024395,-117.73484352231026,3.7799996137619019,1.0235550999641418,3,3.1097858548164368
1714,35.198300004005432,35.103629350662231,-119.41159999370575,-119.62722992897034,13.80000002682209,1.7125144600868225,3.2999999821186066,3.1513722538948059
962,33.74099999666214,33.660437256097794,-117.4911670088768,-117.63187080621719,11.150000095367432,4.2026710510253906,3.9700000137090683,3.6170146465301514
552,35.622833013534546,34.974770128726959,-117.42066699266434,-117.30342346429825,6.7100000381469727,1.440674364566803,3.3999999761581421,3.2688611447811127
87,35.671833038330078,35.780624151229858,-117.46933299303055,-117.44828671216965,9.179999828338623,0.63592582941055298,3.6999999582767487,3.3273423314094543
690,35.89033305644989,34.912268877029419,-117.73033300042152,-117.60597902536392,6.1500003933906555,4.5190823078155518,4.5,3.5013607442378998
1745,33.425100028514862,33.245724081993103,-116.41480004787445,-116.98049008846283,9.700000137090683,3.8748800754547119,4.9000000208616257,3.6740564703941345
2300,35.730999946594238,35.931231737136841,-118.48199999332428,-118.99961888790131,4.8999997973442078,0.0034001469612121582,3.199999988079071,3.2288675308227539
2452,34.800000011920929,34.803036987781525,-116.33000004291534,-116.86650490760803,4.6000000834465027,5.6536799669265747,3.0999999940395355,3.2418448626995087
1667,34.303299993276596,34.144128352403641,-116.90670001506805,-117.2394443154335,7.5,0.45470684766769409,3.5999999642372131,3.4406057596206665
2406,34.05799999833107,33.911759719252586,-117.25999999046326,-117.25040745735168,11.200000047683716,0.64522862434387207,3,3.1078174710273743
800,35.786700010299683,35.522372484207153,-117.54780000448227,-117.50768655538559,4.9999997019767761,1.4646515250205994,3,3.1951906085014343
2090,33.8175999969244,33.272324502468109,-116.19539999961853,-116.81867659091949,5.6000000238418579,5.3014916181564331,3.3999999761581421,3.1245870888233185
300,35.830165982246399,35.841225147247314,-117.66483300924301,-117.94854845106602,4.2800000309944153,0.62335968017578125,3.0099999904632568,3.1908947825431824
1858,32.802000045776367,32.711222648620605,-117.71500000357628,-117.75790725648403,6.9999995827674866,3.1039005517959595,3.0999999940395355,3.0394653975963593
543,35.707667946815491,35.374276399612427,-117.50700399279594,-117.11370366811752,4.4699996709823608,2.300562858581543,3.0099999904632568,3.2318776845932007
2237,35.422000050544739,35.532901048660278,-116.4539999961853,-116.95697057247162,6.7999997735023499,0.045447349548339844,3.199999988079071,3.2205199599266052
2247,34.250999987125397,34.117568865418434,-118.7940000295639,-118.46368610858917,5.7999998331069946,4.848807156085968,3.3999999761581421,3.5907057523727417
494,35.60716700553894,35.189919471740723,-117.41750001907349,-117.61281874775887,4.2300000786781311,5.2024447917938232,3.199999988079071,3.2839819192886353
365,35.700332999229431,35.621695518493652,-117.5093309879303,-117.45701706409454,6.849999725818634,6.2284398078918457,3.7100000381469727,3.6289232969284058
2290,34.595000028610229,34.546649932861328,-116.27100002765656,-116.83209681510925,5.6000000238418579,6.2372151017189026,3.0999999940395355,3.3474231362342834
1600,35.973999977111816,35.954472303390503,-117.40499997138977,-117.62389481067657,2.8999999165534973,0.08417665958404541,3.5999999642372131,3.2908721566200256
273,35.929000020027161,35.926565408706665,-117.31133300065994,-117.54743522405624,6.0499995946884155,0.27489691972732544,3.199999988079071,3.2119256258010864
788,35.640334963798523,35.548467755317688,-117.59966999292374,-117.57233271002769,9.9199998378753662,0.43563723564147949,3.3999999761581421,3.1860730648040771
71,35.871999979019165,35.963473439216614,-117.58100000023842,-117.93742328882217,8.9499999582767487,0.053573548793792725,3.0600000321865082,3.2310711443424225
2333,34.257999986410141,34.033441107720137,-116.75999999046326,-117.06800454854965,4.0999996662139893,0.97024708986282349,3,3.1109088063240051
1868,32.718000054359436,32.23555850982666,-116.04900002479553,-116.55109691619873,2.8999999165534973,0.22435694932937622,3.3999999761581421,3.166113942861557
63,33.546332985162735,33.540707379579544,-118.1716669946909,-118.2447647601366,11.709999963641167,3.5621166229248047,3.5300000309944153,3.3061986565589905
394,35.960834980010986,35.918732166290283,-117.27300298213959,-117.33201605081558,2.8700003027915955,6.9231444597244263,3.2700000107288361,3.2865816056728363
1626,32.098000049591064,32.082026243209839,-117.52399998903275,-117.2421333193779,12.100000083446503,4.3449121713638306,3,3.0384052991867065
343,35.64549994468689,35.721618056297302,-117.4541699886322,-117.43251442909241,2.6899999380111694,2.4483677744865417,3.199999988079071,3.1758202314376831
1418,32.866199970245361,32.314481019973755,-116.21599996089935,-116.86367666721344,18.799999952316284,1.0613679885864258,3.5999999642372131,3.0584904849529266
1801,32.757500052452087,32.737464189529419,-117.36129999160767,-117.28883051872253,8.7000001966953278,2.41557776927948,3.0999999940395355,3.0574539005756378
500,35.631168007850647,35.531258821487427,-117.40716600418091,-117.39112198352814,2.5199997425079346,2.622528076171875,3.5099999606609344,3.2902493476867676
1725,33.913000002503395,33.687709361314774,-117.79000000655651,-117.85936740040779,17.300000041723251,4.3382969498634338,3,3.0690812766551971
1173,34.026799999177456,33.970806466415524,-116.65240001678467,-117.03239774703979,16.299999989569187,2.231980562210083,3.0999999940395355,3.094202846288681
677,35.902832984924316,34.821407675743103,-117.73383298516273,-117.69676950573921,7.2699996829032898,4.43805992603302,4.6000000052154064,3.4296750426292419
2250,34.354000002145767,34.26146611571312,-118.65100002288818,-118.81591081619263,12.999999895691872,5.2305051684379578,3.0999999940395355,3.6046707630157471
1944,35.730999946594238,35.928224802017212,-116.24500000476837,-116.83246898651123,4.400000274181366,1.5192022919654846,3.199999988079071,3.2557216286659241
2130,34.310000002384186,34.109619565308094,-116.85099995136261,-117.21070837974548,5.7999998331069946,3.9626508951187134,3.2999999821186066,3.1861592531204224
1576,33.019900023937225,32.696899175643921,-116.33210003376007,-116.70644390583038,3.1999996304512024,1.6486430168151855,3.9999999850988388,3.1694505214691162
272,35.623332977294922,35.961633324623108,-117.58349999785423,-118.10452993959188,11.059999912977219,0.42064636945724487,3.0999999940395355,3.2718015611171722
1463,33.021399974822998,32.705226302146912,-116.25520002841949,-116.64067769050598,14.599999990314245,2.881123423576355,3.5999999642372131,3.1309643089771271
205,35.698166012763977,35.817197799682617,-117.5256649851799,-117.84706780314445,7.9699999094009399,0.052491724491119385,3.1500000357627869,3.2726783752441406
733,35.69933295249939,35.829421401023865,-117.4830020070076,-117.68216517567635,1.2099999189376831,0.29647886753082275,3,3.1576540768146515
152,35.370833039283752,35.58336329460144,-117.84233300387859,-117.99304459802806,2.8299996256828308,0.055229365825653076,3.2400000393390656,3.2356324195861816
1753,34.832300007343292,34.860881805419922,-116.33630001544952,-116.6326208114624,9.9999998509883881,0.514335036277771,3,3.5444670617580414
557,35.911167025566101,35.682510852813721,-117.73883301019669,-117.7092093527317,5.1400002837181091,3.4772095084190369,4.6000000052154064,3.7725981920957565
377,35.891834020614624,35.950761914253235,-117.72316700220108,-117.84305368363857,3.8700002431869507,2.4320322275161743,3.3400000333786011,3.2745873928070068
1461,34.056000001728535,34.01092195045203,-117.85439999401569,-117.8755181953311,13.100000023841858,1.5246140956878662,3,3.0586549043655396
535,35.800835013389587,35.716684103012085,-117.6334989964962,-117.52833741903305,6.550000011920929,0.66506713628768921,3.8999999910593033,3.5594637393951416
1234,33.917700000107288,33.91101311892271,-117.89169999957085,-117.94996178150177,17.899999916553497,4.4989344477653503,3.0999999940395355,3.0899594128131866
1044,32.830000042915344,32.29990017414093,-116.12849998474121,-116.52298653125763,10.36999985575676,0.32049357891082764,3.7999999970197678,3.1951342821121216
1973,34.052999999374151,34.396798700094223,-117.02200001478195,-118.04746051132679,16.799999959766865,4.7908830642700195,3.4999999701976776,3.6699730753898621
198,35.665832996368408,35.809443593025208,-117.48116302490234,-117.73639643192291,5.85999995470047,0.069285035133361816,3,3.2772686183452606
561,35.606335043907166,35.565388441085815,-117.39983397722244,-117.22445517778397,4.5699995756149292,5.8175718784332275,3.5999999642372131,3.2613633871078491
685,35.72599995136261,34.875402808189392,-117.56133300065994,-117.64112991094589,11.089999973773956,4.0025711059570312,4.0100000202655792,3.5726249814033508
2336,33.973999999463558,33.74139466881752,-117.22600001096725,-117.31563740968704,13.700000010430813,2.0416492223739624,3,3.1640891432762146
590,35.715167999267578,35.63102400302887,-117.56666600704193,-117.41974771022797,6.6200003027915955,6.8134546279907227,3.7999999970197678,3.2543034553527832
519,35.888167977333069,34.875147223472595,-117.73266598582268,-117.65044042468071,5.7600000500679016,4.580199122428894,3.6999999582767487,3.2946611344814301
308,35.775333046913147,35.862475633621216,-117.60116600990295,-117.71397414803505,7.8700000047683716,0.89327126741409302,3.4999999701976776,3.2253493666648865
604,35.874668002128601,35.855246067047119,-117.69883000850677,-117.61124360561371,1.9499999284744263,5.9861147403717041,4.3599999994039536,3.803971990942955
2183,35.315000057220459,35.086453199386597,-118.65600001811981,-118.76365679502487,2.4000003933906555,4.5430111885070801,3.0999999940395355,3.1571869254112244
931,34.94083297252655,34.920851945877075,-116.66016697883606,-116.82482206821442,9.4400002062320709,0.28114467859268188,3.129999965429306,3.1490748524665833
59,35.938832998275757,35.905289888381958,-117.31983298063278,-117.64292871952057,3.1300002336502075,0.097764730453491211,3.2700000107288361,3.1544564366340637
583,35.718999981880188,35.658504247665405,-117.6786670088768,-117.3948427438736,3.7000000476837158,6.2888807058334351,3.2999999821186066,3.1501994132995605
911,35.777166962623596,35.950946092605591,-118.24449999630451,-118.77543050050735,8.8699999451637268,0.010395348072052002,3.199999988079071,3.1405960321426392
207,35.944000005722046,35.947614908218384,-117.37999999523163,-117.53403830528259,1.2900003790855408,0.22408336400985718,3.9399999976158142,3.4030758440494537
491,35.863332986831665,35.990255951881409,-117.67283299565315,-117.7321330010891,2.7399998903274536,0.36204993724822998,3.2999999821186066,3.391280472278595
923,33.477167010307312,33.267263472080231,-116.80333304405212,-117.12686043977737,1.8899998068809509,3.7154406309127808,4.4299999997019768,3.800596609711647
785,35.689666986465454,35.627551555633545,-117.48533600568771,-117.48381799459457,7.0800000429153442,0.22320806980133057,3.5600000023841858,3.190059095621109
964,34.816833019256592,34.841577172279358,-116.07333302497864,-116.54129505157471,3.75,1.1837679147720337,4.0999999791383743,3.7444624900817871
2467,34.662000000476837,34.558958351612091,-116.25399994850159,-117.01849567890167,3.3000004291534424,4.9891787767410278,3,3.1686837673187256
792,35.662333011627197,35.253409504890442,-117.52399998903275,-117.38777834177017,1.4900001883506775,2.0768791437149048,4.1599999889731407,3.7351031899452209
831,35.63916802406311,35.956745624542236,-117.61866798996925,-117.53899198770523,7.6100000739097595,0.60900360345840454,3.3799999952316284,3.2606066465377808
162,35.623167037963867,35.818603277206421,-117.4748330116272,-117.59033325314522,8.2099999487400055,0.062970221042633057,3.0999999940395355,3.3171980381011963
2136,34.32600000500679,34.024567561224103,-116.86199998855591,-117.16996258497238,1.8999999761581421,4.5864978432655334,3,3.1702007353305817
526,35.860000967979431,35.503710150718689,-117.71083098649979,-117.79413288831711,8.2599999010562897,0.96744775772094727,3.3300000429153442,3.1373036205768585
891,34.407667011022568,34.269551396369934,-116.89199995994568,-117.18103075027466,1.5599995851516724,0.26721864938735962,3.4099999666213989,3.341582715511322
1159,34.025900000706315,33.832670345902443,-117.22060000896454,-117.29627424478531,19.100000113248825,0.79863935708999634,3,3.0862152278423309
256,35.892166018486023,35.942081093788147,-117.70933499932289,-117.91495711356401,7.0199999213218689,0.24890899658203125,3.4600000083446503,3.3805468082427979
506,35.885334014892578,35.522262811660767,-117.73016399145126,-117.54195401072502,4.4600003957748413,6.2251397967338562,3.8999999910593033,3.2751081883907318
2015,32.218600034713745,32.133694648742676,-116.09650003910065,-117.05386996269226,14.299999997019768,2.2692784667015076,3.5999999642372131,3.0729659199714661
2148,34.307000011205673,34.222745299339294,-116.84599995613098,-117.18367618322372,5.0999996066093445,3.6121353507041931,3,3.1723627746105194
2259,34.409999996423721,34.191267266869545,-116.4650000333786,-116.8795473575592,8.7000001966953278,4.6469226479530334,3.3999999761581421,3.2982452809810638
2193,33.530000001192093,33.295421600341797,-116.94000005722046,-117.20466417074203,6.1000004410743713,0.85795551538467407,3.0999999940395355,3.1472002565860748
1309,34.857999980449677,34.909244477748871,-119.2389999628067,-119.60149216651917,12.699999958276749,1.0006025433540344,3.199999988079071,3.203795850276947
1946,32.003999948501587,32.169215321540833,-116.27600002288818,-116.88609170913696,7.9999999701976776,2.0471656322479248,3,3.0700102150440216
1728,33.826900005340576,33.90788371860981,-117.87299999594688,-117.79318609833717,16.19999997317791,4.7620832920074463,5.5000000298023224,4.8617716133594513
20,35.713500022888184,35.824854493141174,-117.56866699457169,-117.74430057406425,8.2599999010562897,0.38870930671691895,3.6999999582767487,3.3304659426212311
1450,33.622999995946884,33.601721972227097,-119.04299998283386,-118.86518204212189,10.700000077486038,4.1571325063705444,3.5999999642372131,3.3183934092521667
439,35.686668038368225,35.553563356399536,-117.54149600863457,-117.51687774062157,1.5000003576278687,2.0458316802978516,3,3.2337384223937988
1893,33.249000012874603,32.831692457199097,-116.02799999713898,-116.52756357192993,3.7000000476837158,3.4331908822059631,3.3999999761581421,3.0840738415718079
381,35.628502011299133,35.683366179466248,-117.58216899633408,-117.67791739106178,9.1500002145767212,0.51923990249633789,3.2800000011920929,3.1361199617385864
1952,35.034999966621399,34.944382786750793,-119,-119.55458641052246,11.100000143051147,0.041984617710113525,3.199999988079071,3.0978232026100159
2283,33.923000000417233,33.857346683740616,-117.77400000393391,-117.92279965430498,11.799999922513962,4.409719705581665,3.0999999940395355,3.0971120595932007
538,35.892501950263977,34.716553688049316,-117.72316700220108,-117.79246963560581,4.3500003218650818,4.4189232587814331,3.4999999701976776,3.1673162877559662
2031,35.600000023841858,35.550821900367737,-117.03500002622604,-117.1821026802063,5.6000000238418579,0.36299228668212891,3.199999988079071,3.2402347326278687
1941,33.997800000011921,33.899654760956764,-116.72370004653931,-117.10253655910492,8.4999999403953552,1.8337181210517883,3.8999999910593033,3.6775477230548859
83,34.012667000293732,33.831935316324234,-116.75183296203613,-117.06599402427673,17.330000102519989,1.3901281356811523,3.199999988079071,3.1640192270278931
2121,35.20799994468689,35.079988956451416,-118.1169999986887,-118.16810484230518,4.9999997019767761,1.7181578278541565,3,3.0972055792808533
1237,33.884499996900558,33.891171470284462,-117.92279999703169,-117.93182162195444,13.499999977648258,4.730987548828125,5.1000000089406967,4.3923487029969692
1350,34.068000003695488,33.910827070474625,-118.3910000026226,-118.48611500859261,2.4000003933906555,0.77884376049041748,3.2999999821186066,3.1242222189903259
883,35.365000009536743,35.395396828651428,-117.87083299458027,-118.12068467587233,2.6500001549720764,0.11005371809005737,3.1700000166893005,3.1596540212631226
1263,33.682099997997284,33.513591974973679,-116.74609994888306,-117.03663319349289,20.799999833106995,3.4063732624053955,3.4999999701976776,3.2161295413970947
2107,34.288800001144409,34.073490388691425,-118.77920001745224,-118.56158006191254,17.899999916553497,3.5636061429977417,3.3999999761581421,3.4223469793796539
1805,33.422699987888336,33.640698373317719,-117.73489999771118,-117.55915021896362,2.8999999165534973,4.2308682203292847,4.8000000044703484,4.0610966384410858
886,34.271499991416931,34.099133841693401,-119.58200001716614,-119.79997575283051,0.74000000953674316,3.1024432182312012,3.0999999940395355,3.2232125401496887
270,35.680667996406555,35.750709891319275,-117.51300099492073,-117.58261409401894,5.7300004363059998,0.64031839370727539,3.2999999821186066,3.2228572368621826
1746,34.019999999552965,33.859681963920593,-117.14300000667572,-117.22625714540482,5.899999737739563,0.97465574741363525,3.0999999940395355,3.0680853724479675
1179,35.406100034713745,35.521902799606323,-117.79549999535084,-117.90749373286963,12.899999991059303,0.080359876155853271,3.199999988079071,3.1963798999786377
2445,34.804000020027161,34.545328557491302,-116.13100004196167,-116.45034074783325,1.600000262260437,6.7142504453659058,3.4999999701976776,3.2850313782691956
2295,32.759999990463257,33.081705808639526,-118.32100000977516,-118.69387257099152,26.299999952316284,4.5079314708709717,3.2999999821186066,3.1009128391742706
1650,33.150499999523163,32.922717094421387,-116.52950000762939,-116.96427845954895,15.500000026077032,3.3710485696792603,3.3999999761581421,3.1314771473407745
1509,33.881999999284744,33.823001131415367,-116.692999958992,-117.03821527957916,12.899999991059303,3.618464469909668,3.5999999642372131,3.2601524591445923
1452,33.983999999240041,33.865687981247902,-116.56200003623962,-116.98762345314026,12.499999925494194,3.6824119091033936,3,3.0979785025119781
429,35.807499051094055,35.6300448179245,-117.59366598725319,-117.59551748633385,6.5100002288818359,3.9937698841094971,3.4999999701976776,3.344750851392746
1213,35.336400032043457,35.251698017120361,-118.55729997158051,-118.93881225585938,16.099999956786633,0.084340274333953857,3.0999999940395355,3.0988014936447144
2224,35.700000047683716,35.903610110282898,-118.08500000089407,-118.35716074705124,2.8999999165534973,0.054970979690551758,3,3.2182089686393738
2235,34.518999993801117,34.352444678544998,-116.29100000858307,-116.86117649078369,5.6000000238418579,5.0542464852333069,3.3999999761581421,3.1513526737689972
458,35.887665033340454,35.481927394866943,-117.69400000572205,-117.52463790774345,2.6199996471405029,0.74979543685913086,3.199999988079071,3.2085984349250793
927,33.930500000715256,33.82560470700264,-116.82383298873901,-117.08650285005569,5.9700000286102295,1.6268563270568848,3,3.095081090927124
78,35.899166941642761,35.937791109085083,-117.70566698908806,-117.90256784856319,4.9399995803833008,1.0268586874008179,3.4999999701976776,3.4157604575157166
2469,35.031000018119812,34.91281658411026,-118.3459999859333,-118.34350484609604,3.1999996304512024,4.2964938282966614,3.8999999910593033,3.3232129812240601
2124,33.120000004768372,32.799310088157654,-116.10300004482269,-116.5996208190918,10.100000202655792,2.5642785429954529,3.199999988079071,3.0714742541313171
32,33.915500000119209,33.732817322015762,-116.72650003433228,-117.09223854541779,16.13000001758337,3.6819300055503845,3.3600000143051147,3.105906218290329
906,34.338333010673523,34.16026397049427,-117.72416698932648,-117.91577687114477,5.1900002360343933,1.7092931270599365,3.0999999940395355,3.0603858232498169
1127,34.397199988365173,34.3389632999897,-118.97450000047684,-119.27668881416321,18.299999982118607,3.75923752784729,3,3.0736393332481384
1027,32.503499984741211,32.264430522918701,-116.97016704082489,-117.07033091783524,12.110000029206276,2.3534739017486572,3.4500000178813934,3.1642924547195435
2274,34.638999998569489,34.499376982450485,-116.23099994659424,-116.55756521224976,3.5000002384185791,6.7418566346168518,3.2999999821186066,3.1568208038806915
380,35.900166034698486,35.964576959609985,-117.67717000842094,-118.04631885886192,3.2499995827674866,0.6998249888420105,3.070000022649765,3.1264424622058868
226,35.958500027656555,35.87954044342041,-117.28250098228455,-117.24097710847855,5.0499996542930603,6.7428740859031677,3.5999999642372131,3.432748407125473
1776,34.129399999976158,33.987652309238911,-116.98580002784729,-117.23976498842239,6.8999996781349182,0.53660005331039429,3.8999999910593033,3.6296415030956268
1229,33.895400002598763,33.824324533343315,-117.95479999855161,-117.95162064582109,15.599999986588955,1.961435079574585,3,3.0825264751911163
715,35.891167044639587,34.4553282558918,-117.67550000548363,-118.01105246599764,7.420000433921814,4.6794202923774719,4.0700000077486038,3.6131710410118103
1565,33.964999999850988,32.991764307022095,-118.71299999952316,-117.95367987453938,5.9999996423721313,3.407709002494812,3.0999999940395355,3.1056129634380341
686,35.893332958221436,34.829198837280273,-117.72383299469948,-117.68338331580162,9.8899997770786285,4.0106338262557983,3.7999999970197678,3.5880467891693115
2374,33.631000012159348,33.469957828521729,-116.81200003623962,-117.21703690290451,18.500000014901161,1.9644516706466675,3.2999999821186066,3.1887152194976807
1562,33.075299978256226,32.711442232131958,-116.38750004768372,-116.84661614894867,9.2000001668930054,1.7782598733901978,3.5999999642372131,3.0753540694713593
305,35.641499042510986,35.634219527244568,-117.553337007761,-117.66514617204666,7.1199998259544373,0.4318651556968689,3.3799999952316284,3.2124575972557068
209,35.945999026298523,35.915700197219849,-117.3756639957428,-117.59968400001526,-0.04999995231628418,0.67266851663589478,3.0900000035762787,3.2591470777988434
2444,32.032999992370605,32.049138903617859,-116.2940000295639,-116.98234605789185,2.6000002026557922,1.8347686529159546,3.199999988079071,3.0784479975700378
1723,34.987999975681305,34.891988098621368,-119.68700003623962,-119.89493489265442,15.599999986588955,1.5756368637084961,3.0999999940395355,3.2494252324104309
2518,34.813000023365021,34.807715475559235,-116.3289999961853,-116.90814733505249,9.4999998807907104,5.2664369344711304,3,3.1789623498916626
1106,35.214333057403564,35.240681648254395,-117.28149998188019,-117.4175928235054,3.1700000166893005,1.5350434184074402,4.2499999925494194,3.693004310131073
1992,32.700000047683716,32.664793014526367,-117.59099999070168,-117.74546301364899,7.9999999701976776,2.7131849527359009,3.0999999940395355,3.05772864818573
1242,33.963300000876188,33.8502536714077,-118.42410001158714,-118.39402118325233,16.099999956786633,4.837031364440918,3.199999988079071,3.1061975955963135
1174,35.668599963188171,35.797479867935181,-117.52860000729561,-117.51165178418159,14.400000013411045,0.27424156665802002,3.7999999970197678,3.3350655734539032
1566,33.151000022888184,32.891269087791443,-116.48199999332428,-116.89797639846802,11.499999985098839,1.9927355647087097,3.8999999910593033,3.2360197305679321
1005,33.891999997198582,33.723407566547394,-116.20383298397064,-116.81833183765411,8.9600001275539398,4.0198945999145508,3,3.069330096244812
1511,33.169000029563904,33.00163459777832,-119.32400000095367,-118.96204227209091,5.9999996423721313,4.3775224685668945,3.0999999940395355,3.0658371448516846
191,35.523499965667725,35.691359877586365,-117.38050001859665,-117.49764788150787,7.8599998354911804,0.095954239368438721,3.0999999940395355,3.2698860168457031
1535,34.316000014543533,34.148127347230911,-116.84700000286102,-117.16752260923386,1.600000262260437,0.27920901775360107,3.3999999761581421,3.3483254313468933
1110,33.837166994810104,33.834502607584,-117.04783302545547,-117.01859557628632,13.880000039935112,0.3731614351272583,3.0500000417232513,3.0861315429210663
2497,34.639999985694885,34.421069025993347,-116.26800000667572,-116.88653588294983,3.3000004291534424,5.7856017351150513,3,3.0850450694561005
483,35.881999969482422,35.958264589309692,-117.72983598709106,-117.39063537120819,4.5600003004074097,4.6462780237197876,3.4099999666213989,3.2520149946212769
2423,34.441000014543533,34.29050686955452,-116.25399994850159,-116.91858839988708,5.9999996423721313,5.4771298170089722,3.3999999761581421,3.1200675666332245
915,33.482833027839661,33.369828939437866,-116.8026670217514,-116.97486937046051,1.9399997591972351,0.93769758939743042,3.2099999785423279,3.1098719537258148
1506,32.486500024795532,32.512639284133911,-118.09000000357628,-118.44776129722595,9.9999998509883881,3.6006975173950195,3.0999999940395355,3.0875127911567688
277,35.554000973701477,35.656413078308105,-117.31066900491714,-117.24957722425461,7.3600003123283386,2.1578013896942139,3.8099999874830246,3.7896739393472672
2408,34.225999996066093,34.071492031216621,-116.7849999666214,-117.18818128108978,8.8000001013278961,2.6244673132896423,4.0999999791383743,3.6185011267662048
221,35.944499969482422,35.936593532562256,-117.37733501195908,-117.57758358120918,-0.34999966621398926,0.18164724111557007,3.6999999582767487,3.3223763108253479
1261,35.658699989318848,35.91246485710144,-118.47020000219345,-119.02714323997498,11.700000017881393,0.0029021501541137695,3.0999999940395355,3.1622549593448639
571,35.87766695022583,35.877921104431152,-117.7248310148716,-117.78386880457401,2.9499998688697815,1.8621048331260681,3.2999999821186066,3.1519582271575928
411,35.662333965301514,35.675607800483704,-117.47016900777817,-117.72194120287895,5.2699998021125793,0.025753676891326904,3.0399999618530273,3.2088862359523773
2404,33.995000000111759,33.858554467558861,-116.71399998664856,-117.15393280982971,13.599999994039536,1.7143741250038147,3.3999999761581421,3.1655286848545074
1398,33.233799993991852,33.34277731180191,-116.105299949646,-117.28266233205795,12.199999988079071,1.5318703651428223,3.3999999761581421,3.0363631546497345
1253,34.221100002527237,34.108281515538692,-119.55159997940063,-119.75432085990906,21.900000125169754,4.4662186503410339,3.0999999940395355,3.0927733182907104
585,35.916668057441711,35.633686780929565,-117.75533300638199,-117.64258077740669,9.0600000321865082,5.7323384284973145,3.5200000405311584,3.1909176707267761
2026,34.829999983310699,34.479628503322601,-118.34999999403954,-118.55320793390274,6.6999998688697815,1.3722798228263855,3.0999999940395355,3.1081896722316742
1266,35.753100037574768,35.500612854957581,-119.83599996566772,-119.83740186691284,4.6000000834465027,0.033507943153381348,4.0999999791383743,3.9464641213417053
2535,34.672999978065491,34.597260594367981,-116.33399999141693,-116.90879845619202,6.1000004410743713,5.858842134475708,3.199999988079071,3.1539199948310852
1613,34.164000004529953,33.927658841013908,-117.42699998617172,-117.53834959864616,5.5000001192092896,0.73340713977813721,3.2999999821186066,3.1609339714050293
674,35.871832966804504,34.815227568149567,-117.70133298635483,-117.65307599306107,6.119999885559082,4.0631523728370667,3.5300000309944153,3.4406300783157349
2010,34.116999998688698,33.915575042366982,-117.43999999761581,-117.58107995986938,4.5000001788139343,4.1137790679931641,3.0999999940395355,3.0853333175182343
855,35.406167030334473,35.202440738677979,-118.84500002861023,-119.26529061794281,13.100000023841858,0.055648684501647949,3.4999999701976776,3.2086276710033417
447,35.885666012763977,35.164355397224426,-117.69833400845528,-117.70704278349876,7.0099997520446777,3.4697341918945312,3.1899999976158142,3.1421316862106323
1765,34.091499999165535,34.046922847628593,-117.49349999427795,-117.71851310133934,9.9999998509883881,2.2838973999023438,3.9999999850988388,3.5815063118934631
2460,32.098999977111816,32.105103373527527,-116.39600002765656,-116.80527365207672,2.7000001072883606,4.1546094417572021,3.0999999940395355,3.0918079018592834
222,35.981333017349243,35.949349641799927,-117.38599997758865,-117.5769374370575,-0.44999957084655762,0.20964592695236206,3.6599999964237213,3.3117484152317047
1778,32.389999985694885,32.206848859786987,-116.35699999332428,-116.50788497924805,14.599999990314245,0.64065456390380859,3.199999988079071,3.0865801870822906
2309,35.937000036239624,35.963900446891785,-117.91200000047684,-118.02845870144665,0.99999994039535522,0.11338949203491211,3.6999999582767487,3.3224352300167084
2050,32.416499972343445,32.479483604431152,-117.82179999351501,-118.05306595563889,9.9999998509883881,3.3695599436759949,5.0000000149011612,4.1571451798081398
1606,34.349000006914139,34.270418465137482,-116.8918000459671,-117.17723232507706,9.5999997854232788,0.29747933149337769,3.5999999642372131,3.5667216181755066
1772,32.36300003528595,32.273889899253845,-117.4559999704361,-117.52400410175323,12.299999892711639,3.5059243440628052,3.2999999821186066,3.1262576580047607
45,35.34850001335144,35.394172191619873,-117.86349999904633,-118.05818751081824,3.8899996876716614,0.16563713550567627,3.0600000321865082,3.1555413901805878
2220,33.997999999905005,33.835659310221672,-118.35100001096725,-118.51499634981155,13.299999944865704,1.0390752553939819,3,3.0732317268848419
1665,32.392500042915344,32.292206764221191,-117.65779998898506,-117.93116078525782,4.3000003695487976,3.3027952909469604,3.0999999940395355,3.106572300195694
961,33.741167008876801,33.620061665773392,-117.48966699838638,-117.56476613879204,10.550000220537186,2.7212315797805786,3.1399999558925629,3.1340290009975433
294,35.872002005577087,35.922967314720154,-117.7131649851799,-117.94106795266271,7.8800001740455627,0.19061654806137085,3.550000011920929,3.28242427110672
1196,35.518800020217896,35.281726837158203,-116.25769996643066,-116.78431415557861,4.5000001788139343,3.6062514781951904,3.199999988079071,3.1719444394111633
988,33.221832990646362,33.061400771141052,-116.75016701221466,-116.97252488136292,11.53999999165535,0.40566176176071167,3,3.0916593968868256
588,35.80066704750061,34.757330000400543,-117.56600001454353,-117.99334231996909,3.0399996042251587,0.42364329099655151,3.3600000143051147,3.1699275970458984
2081,32.083999991416931,33.411474704742432,-116.3860000371933,-117.88774809241295,5.2000004053115845,0.25274991989135742,3.199999988079071,3.1124187111854553
257,35.572834014892578,35.685552835464478,-117.36150401830673,-117.41146230697632,1.8200004100799561,0.22899538278579712,3.4899999797344208,3.3019537925720215
1344,33.682200014591217,33.497241079807281,-116.80900001525879,-117.10743337869644,16.299999989569187,3.8032829761505127,3.8999999910593033,3.600977897644043
1900,32.641999959945679,32.644256711006165,-117.33999997377396,-117.57953789830208,7.9999999701976776,2.8731223940849304,3.7999999970197678,3.1831482946872711
926,33.092499017715454,32.806100249290466,-116.5711669921875,-117.30603748559952,2.3900002241134644,1.8288320302963257,3.2099999785423279,3.2136181890964508
2252,34.462000012397766,34.213986307382584,-116.48300004005432,-116.81253361701965,3.8999998569488525,0.51653355360031128,3.0999999940395355,3.3647349178791046
2108,34.395000010728836,34.110210299491882,-118.64999997615814,-118.6222665309906,17.300000041723251,1.684710681438446,3.199999988079071,3.2132017314434052
436,35.379001975059509,35.117359519004822,-117.65083301067352,-117.18650013208389,-0.86000025272369385,4.6008297801017761,3.0500000417232513,3.2438850402832031
1033,33.239000022411346,32.769712209701538,-116.05350005626678,-116.54431366920471,5.1499995589256287,3.5961771011352539,3.6100000441074371,3.1055645942687988
1790,33.564000010490417,33.437470972537994,-118.22699999809265,-118.28656134009361,15.100000002421439,2.1365216374397278,3.0999999940395355,3.1042637228965759
393,35.636500000953674,35.677561163902283,-117.43400001525879,-117.5349925160408,2.7200004458427429,6.6486954689025879,3.070000022649765,3.149592787027359
425,35.896667957305908,35.933988213539124,-117.72683000564575,-117.61660403013229,3.5799998044967651,5.8894076943397522,3.2199999690055847,3.1689160466194153
534,35.784667015075684,35.873286843299866,-117.60183298587799,-117.60763710737228,4.9999997019767761,7.6620237529277802,3.4400000274181366,3.2471287250518799
30,33.868833005428314,33.683224618434906,-116.19649994373322,-116.87875211238861,8.0900001525878906,4.4499528408050537,3.0999999940395355,3.2161885499954224
1010,34.863833010196686,34.85702508687973,-118.96433299779892,-119.1416711807251,0.18999963998794556,0.31354129314422607,3.4999999701976776,3.2161552011966705
1337,33.73199999332428,33.689732193946838,-118.81599998474121,-118.76288640499115,1.8000000715255737,4.3617770075798035,3.199999988079071,3.1655403971672058
2109,32.733999967575073,32.248302698135376,-116.01999998092651,-116.64485883712769,7.9000000655651093,3.3683699369430542,3.199999988079071,3.0995752215385437
1032,34.04016700014472,33.877056360244751,-117.23750001192093,-117.38003224134445,17.710000053048134,1.5276145935058594,3.4899999797344208,3.2518998384475708
2511,34.035999998450279,34.030092755332589,-117.25400000810623,-117.15618723630905,17.199999913573265,1.7202168703079224,3.0999999940395355,3.1752265691757202
1483,34.481299996376038,34.367502570152283,-118.708899974823,-118.6638155579567,17.100000008940697,0.92679619789123535,3.5999999642372131,3.3079729378223419
1307,35.157999992370605,35.140281319618225,-116.83899998664856,-117.04739153385162,1.8000000715255737,0.29659420251846313,3.199999988079071,3.200707733631134
2063,35.751000046730042,35.931341767311096,-118.0230000000447,-118.35814735293388,5.5000001192092896,0.069390535354614258,3,3.1442779004573822
2243,34.172999992966652,34.285342216491699,-118.81300002336502,-118.64850950241089,18.500000014901161,3.0146759748458862,3.4999999701976776,3.3041898608207703
1616,34.163000002503395,33.93989847227931,-119.14100003242493,-119.57187151908875,3.3000004291534424,0.12663155794143677,3.0999999940395355,3.1889457106590271
556,35.8125,34.814089000225067,-117.63783299922943,-117.76171882450581,7.7170000970363617,4.4055694341659546,3.1899999976158142,3.3411405086517334
1647,33.864999994635582,33.925140708684921,-117.77670000493526,-117.82735775411129,9.9999998509883881,4.4720014929771423,3.2999999821186066,3.363631010055542
2024,33.5,33.394812643527985,-116.48300004005432,-116.59707725048065,6.9999995827674866,2.2732999920845032,3.3999999761581421,3.1470164358615875
2260,34.612999975681305,34.5361407995224,-116.27799999713898,-116.76932501792908,5.6000000238418579,6.6454848647117615,3.199999988079071,3.2421079874038696
570,35.798832058906555,35.753696203231812,-117.62750199437141,-117.46673059463501,7.7700001001358032,1.8111848831176758,3.4999999701976776,3.2709984183311462
352,35.602833032608032,35.682171821594238,-117.46933001279831,-117.47523844242096,4.2699998617172241,0.48351645469665527,3.5999999642372131,3.1999565362930298
91,35.960332989692688,35.974132180213928,-117.4001669883728,-117.79408571124077,1.3300001621246338,0.041982829570770264,3.2099999785423279,3.2240584194660187
2134,34.340200006961823,34.185706406831741,-116.17589998245239,-116.59650814533234,3.8999998569488525,7.6777499914169312,4.0999999791383743,3.6593009233474731
1073,33.431500017642975,33.106714487075806,-116.44266700744629,-117.03063547611237,12.310000061988831,4.0791267156600952,5.1900000125169754,4.4921786596532911
2414,35.452999949455261,35.436021566390991,-116.52100002765656,-117.07771015167236,9.3000000715255737,0.41199088096618652,3.5999999642372131,3.281191885471344
1951,35.032999992370605,34.792702198028564,-119.00800001621246,-119.6229772567749,13.399999961256981,4.4286534190177917,3.0999999940395355,3.0905427038669586
2111,33.01800000667572,32.47163712978363,-116.02199995517731,-116.66623997688293,2.800000011920929,1.5867063403129578,3.0999999940395355,3.0666345655918121
348,35.580333948135376,35.607495784759521,-117.61216700077057,-117.75181101262569,9.60999995470047,0.17126083374023438,3.2999999821186066,3.0840097367763519
1124,32.144600033760071,32.129427194595337,-117.73719999194145,-117.91590735316277,10.700000077486038,3.4825748205184937,3.4999999701976776,3.1506891846656799
1908,35.929999947547913,35.982493162155151,-117.64300000667572,-117.88876426964998,3.7999999523162842,0.094982385635375977,3,3.2187353074550629
1818,33.696999996900558,33.370956897735596,-116.04200005531311,-116.50777983665466,12.400000020861626,5.4953956604003906,3.2999999821186066,3.2660439312458038
1050,33.99100000038743,33.870111882686615,-116.38966703414917,-116.92026031017303,8.6499997973442078,2.9773136973381042,3.3999999761581421,3.2409222722053528
2409,34.990000009536743,34.979956328868866,-116.84099996089935,-117.20026987791061,3.1999996304512024,2.7175694704055786,3,3.2507194876670837
2395,34.287999987602234,34.265932500362396,-116.83599996566772,-117.2056902050972,5.899999737739563,3.8225877285003662,3,3.1543696224689484
2097,34.252600014209747,33.993991586845368,-118.75220000743866,-118.68708032369614,13.80000002682209,1.9351109862327576,3.5999999642372131,3.189843624830246
453,35.55649995803833,35.33081579208374,-117.35616701841354,-117.33831834793091,9.2099998891353607,2.6668211817741394,3.3600000143051147,3.2313348054885864
913,33.259167015552521,33.231555819511414,-116.7586669921875,-117.02987265586853,13.519999980926514,0.25204092264175415,3,3.079281359910965
1950,35.044000029563904,34.924886286258698,-119.01800000667572,-119.35344338417053,10.999999791383743,0.61966001987457275,3.199999988079071,3.0958380997180939
37,34.276167005300522,34.27402263879776,-119.2936669588089,-119.44295859336853,14.560000011697412,4.3897372484207153,3.4199999570846558,3.2215839028358459
974,33.149999976158142,32.877089619636536,-116.48166704177856,-116.82385277748108,11.07000008225441,3.5761123895645142,3,3.1288763880729675
1797,33.733000010251999,33.646449059247971,-117.48400002717972,-117.49156600236893,11.499999985098839,4.0317025780677795,3.199999988079071,3.1491993069648743
1411,32.786999940872192,32.378298997879028,-116.14100003242493,-116.56532549858093,5.9999996423721313,0.32142519950866699,3.0999999940395355,3.1263069212436676
39,35.748000025749207,35.854755401611328,-117.59266701340675,-117.76851458847523,8.5199998319149017,0.18027663230895996,3.4999999701976776,3.2102589905261993
1731,35.451300024986267,35.340586185455322,-119.12489998340607,-119.57031655311584,17.100000008940697,0.030360817909240723,3.0999999940395355,3.1077281534671783
169,35.597332954406738,35.582580208778381,-117.37150001525879,-117.37695091962814,5.8800002932548523,1.2296891212463379,3.4799999892711639,3.292878270149231
2045,34.061000000685453,33.860861867666245,-118.85199999809265,-118.67031413316727,13.499999977648258,2.118297815322876,3.3999999761581421,3.2436026930809021
1116,34.342166990041733,34.177229896187782,-118.46616700291634,-118.39318722486496,3.2900002598762512,0.74019402265548706,3.4799999892711639,3.2346081733703613
1359,33.901000000536442,33.848203718662262,-117.78900000452995,-117.83183795213699,9.4999998807907104,4.4239765405654907,3.3999999761581421,3.1150617599487305
634,35.828335046768188,35.832597136497498,-117.67732998728752,-117.72060206532478,1.5400001406669617,1.2272393703460693,3.4500000178813934,3.1955513656139374
1377,33.663100004196167,33.604452818632126,-119.0407999753952,-118.85418790578842,9.9999998509883881,4.1736727952957153,3.4999999701976776,3.6013652086257935
579,35.832833051681519,35.803240776062012,-117.67649999260902,-117.65465098619461,3.670000433921814,3.6330288648605347,4.1799999922513962,3.7700140178203583
1584,32.220999956130981,32.207511782646179,-116.57099997997284,-116.73192644119263,5.9999996423721313,1.8454402685165405,3,3.0791788995265961
892,33.481333017349243,33.374010860919952,-116.79900002479553,-117.14026963710785,4.0700000524520874,2.8046125173568726,3.4999999701976776,3.3840284943580627
780,35.677502036094666,35.578678965568542,-117.51483199000359,-117.43601435422897,2.8499999642372131,1.067730188369751,3.3999999761581421,3.2335164248943329
159,35.682332992553711,35.915684223175049,-117.47200000286102,-117.658328384161,5.7100000977516174,0.083105564117431641,3.0999999940395355,3.2597305476665497
2075,34.810000002384186,34.791006445884705,-116.30999994277954,-116.85165929794312,2.9999998211860657,2.6188194751739502,3.0999999940395355,3.1125418245792389
1558,32.623999953269958,32.304697155952454,-116.14900004863739,-116.7875919342041,2.8999999165534973,1.7135050892829895,3.0999999940395355,3.0669021606445312
61,35.54183304309845,35.648818612098694,-117.45083302259445,-117.44071155786514,5.3400000929832458,0.32574623823165894,3.3999999761581421,3.1572945713996887
849,34.989666998386383,34.938765704631805,-116.45899999141693,-116.74174225330353,1.5699997544288635,0.75943261384963989,3.1500000357627869,3.1865740120410919
1593,33.958000000566244,33.812915071845055,-116.89139997959137,-117.1306214928627,13.900000043213367,3.789408802986145,3.7999999970197678,3.659820556640625
2450,34.77700001001358,34.79342782497406,-116.25199997425079,-117.00145584344864,2.6000002026557922,4.8847872018814087,3,3.2176615297794342
1043,33.22333300113678,32.447609186172485,-116.08783304691315,-116.69576227664948,10.999999791383743,4.8532238602638245,3.1500000357627869,3.1765612363815308
1389,35.41349995136261,35.378352880477905,-119.36059999465942,-119.63821613788605,9.4999998807907104,0.21710067987442017,3.3999999761581421,3.1909133791923523
1163,34.822200000286102,34.773855090141296,-116.4206999540329,-116.78574132919312,11.100000143051147,0.29741585254669189,3.4999999701976776,3.1963532567024231
1070,33.443666994571686,34.450916558504105,-116.46599996089935,-118.01560198888183,10.78000009059906,4.6658617258071899,3.199999988079071,3.4910371899604797
53,35.606166958808899,35.752341151237488,-117.41200000047684,-117.55367234349251,4.5100003480911255,0.094582736492156982,3.0999999940395355,3.2048968076705933
2202,34.718999981880188,34.568498313426971,-116.29100000858307,-116.81116378307343,5.6000000238418579,5.8274996280670166,3.2999999821186066,3.1050046384334564
505,35.703999042510986,35.606076836585999,-117.55799901485443,-117.41092866659164,7.0599997043609619,7.2944068908691406,3.9099999815225601,3.8138285279273987
752,35.726832985877991,35.877565145492554,-117.56416299939156,-117.56450241804123,1.5400001406669617,0.28039276599884033,3.1700000166893005,3.2395177781581879
1423,33.726999998092651,33.481779634952545,-119.38900005817413,-119.42557048797607,5.9999996423721313,4.1635385155677795,3,3.0762721002101898
1467,34.321799993515015,34.157498508691788,-116.83749997615814,-117.13053858280182,2.8999999165534973,0.27649641036987305,3.199999988079071,3.1752178072929382
1435,33.631999999284744,33.396370649337769,-118.51499998569489,-118.44298595190048,3.099999725818634,4.3620416522026062,3.2999999821186066,3.1100156307220459
2044,35.227800011634827,35.164605379104614,-119.5081000328064,-119.83593201637268,1.0999998450279236,0.17276734113693237,3.4999999701976776,3.1232182681560516
2077,34.368000000715256,34.192617818713188,-118.62199997901917,-118.50088232755661,12.100000083446503,2.9698508977890015,3,3.0698731541633606
771,35.747002005577087,35.657686948776245,-117.56816899776459,-117.527796626091,2.4199998378753662,0.42334824800491333,3.7200000286102295,3.3966218233108521
2378,34.217999994754791,34.069681949913502,-116.932000041008,-117.27475410699844,6.2000003457069397,0.66437780857086182,3.5999999642372131,3.3299481868743896
2466,34.656000018119812,34.596699476242065,-116.3400000333786,-116.97927343845367,7.8000001609325409,4.8257195949554443,3.2999999821186066,3.2315163016319275
1085,34.521667003631592,34.507306158542633,-119.07483303546906,-119.08911204338074,19.299999922513962,4.4405114650726318,4.1299999952316284,3.6575887799263
1837,32.687800049781799,32.296860694885254,-116.02960002422333,-116.45328497886658,13.999999947845936,0.091934502124786377,3.2999999821186066,3.0801395773887634
1226,35.651000022888184,35.93774676322937,-118.44560000300407,-118.88975089788437,7.5,0.0051194429397583008,3.0999999940395355,3.1471742391586304
2226,35.713000059127808,35.875937581062317,-118.07800000160933,-118.60210829973221,2.8999999165534973,0.96740216016769409,3,3.3586769700050354
1407,34.007000000216067,33.85357254743576,-116.32299995422363,-116.94220077991486,10.200000107288361,1.3857319951057434,3.199999988079071,3.1431800723075867
1784,33.511999994516373,34.165485203266144,-116.46800005435944,-117.76247647404671,4.9999997019767761,0.003789067268371582,3.2999999821186066,3.2166338860988617
2147,34.280600011348724,34.079523220658302,-116.83309996128082,-117.27404177188873,3.7000000476837158,2.9591372609138489,3.4999999701976776,3.3804104626178741
963,34.702499985694885,34.72966730594635,-116.23183298110962,-116.55378484725952,3.0099999904632568,0.54474413394927979,3,3.1823723316192627
1193,32.996999979019165,33.109074234962463,-117.64599999785423,-117.83235511183739,0,3.6885648965835571,3.199999988079071,3.0932267010211945
398,35.595332980155945,35.311498880386353,-117.3759999871254,-117.54842907190323,3.9200001955032349,0.2795255184173584,3.4600000083446503,3.1285735666751862
584,35.703999042510986,35.909832239151001,-117.55616798996925,-117.48008263111115,7.1599996089935303,6.1024680733680725,3,3.1764299869537354
948,34.852500021457672,34.794788002967834,-116.39716696739197,-116.82031083106995,1.1200001835823059,0.71315556764602661,3.2899999916553497,3.2664425075054169
704,35.902500033378601,34.97886997461319,-117.72216698527336,-117.54930287599564,4.7600001096725464,4.4325023889541626,4.3999999947845936,3.5318509340286255
431,35.781833052635193,35.957486867904663,-117.58916699886322,-117.42303889989853,8.5999998450279236,0.28823733329772949,3.0299999713897705,3.2524605989456177
292,35.728999972343445,35.765690803527832,-117.56749698519707,-117.71222165226936,6.2400001287460327,0.26013046503067017,3.199999988079071,3.2292425036430359
1972,34.0489999987185,34.354024797677994,-117.00700002908707,-118.07806313037872,15.400000009685755,4.838944673538208,3.3999999761581421,3.5946178436279297
1490,33.371100008487701,33.092823386192322,-116.36090004444122,-116.92949998378754,14.299999997019768,3.389165997505188,3.7999999970197678,3.2634313702583313
1857,34.344999998807907,34.193703189492226,-116.75300002098083,-117.00976425409317,2.6000002026557922,0.26883333921432495,3,3.1184247136116028
2,35.769999980926514,35.799598813056946,-117.59516701102257,-117.69313123822212,7.7799998223781586,0.31181752681732178,3.9300000071525574,3.3713825047016144
576,35.902667045593262,35.992903590202332,-117.72766700387001,-117.60121423006058,5.3000003099441528,7.4864369630813599,3.5999999642372131,3.1260696351528168
1846,32.837000012397766,32.767385005950928,-117.66600000858307,-117.95023111626506,5.9999996423721313,3.7316393852233887,3.0999999940395355,3.0969660580158234
339,35.690834045410156,35.739391922950745,-117.53933000564575,-117.68413436412811,6.629999577999115,0.22516965866088867,3.4500000178813934,3.1511823534965515
1502,34.730000019073486,34.630829274654388,-116.77300000190735,-116.9388906955719,3.9999997615814209,1.2644299864768982,3.0999999940395355,3.2441442310810089
925,34.00366699998267,33.827099233865738,-117.01950001716614,-117.19238424301147,16.030000001192093,1.1065873503684998,3.0600000321865082,3.0907518267631531
265,35.900333046913147,35.938616156578064,-117.67316401004791,-117.93162708729506,8.0699998140335083,1.0681933164596558,3.1700000166893005,3.1986243724822998
376,35.860999941825867,35.871431469917297,-117.68399798870087,-117.88422873616219,6.7399996519088745,0.63184261322021484,3.5999999642372131,3.1922091543674469
271,35.624668002128601,35.654481530189514,-117.43016797304153,-117.50849780440331,3.7700003385543823,0.310630202293396,3.1500000357627869,3.1662274897098541
696,35.893666982650757,34.541525840759277,-117.72166699171066,-117.94731486216187,9.3899998068809509,3.7541788816452026,3.550000011920929,3.6081418991088867
1670,33.942999999970198,33.778089433908463,-118.783999979496,-118.73630231618881,13.999999947845936,3.5136634111404419,3.0999999940395355,3.3177396655082703
244,35.663334012031555,35.874625205993652,-117.49800097942352,-117.68956559896469,3.3000004291534424,0.083096623420715332,3.0800000131130219,3.2259841561317444
1885,32.128000020980835,32.121688604354858,-116.64900004863739,-116.92427206039429,11.100000143051147,0.72446286678314209,3.199999988079071,3.0905658602714539
476,35.909832954406738,35.114713191986084,-117.73233300447464,-117.64301973581314,4.1499996185302734,5.1086854934692383,4.5,3.3102824091911316
1700,33.539000004529953,33.345957398414612,-116.57799994945526,-116.90996611118317,13.100000023841858,3.0956858396530151,3.0999999940395355,3.0705903768539429
1278,32.915500044822693,32.53266453742981,-116.25969994068146,-116.57456886768341,5.9999996423721313,0.45147210359573364,3.4999999701976776,3.1142389476299286
1325,35.82260000705719,35.800259470939636,-116.78910005092621,-116.84539878368378,9.9999998509883881,0.94141781330108643,3.2999999821186066,3.8967396318912506
2398,32.047999978065491,32.071892261505127,-116.42599999904633,-117.13636803627014,5.9999996423721313,4.0785384178161621,3.0999999940395355,3.0306623876094818
1375,35.787299990653992,35.784042239189148,-116.26549994945526,-116.72738718986511,12.800000086426735,1.2536519765853882,3,3.199361264705658
250,35.88633394241333,35.933221578598022,-117.70149999856949,-117.82373538613319,4.9700000882148743,1.8669945001602173,3.2999999821186066,3.2535938322544098
413,35.634498953819275,35.13114058971405,-117.43183100223541,-117.32581007480621,2.8499999642372131,4.2381638288497925,3.0999999940395355,3.193505197763443
1752,33.410799980163574,33.211572706699371,-116.43649995326996,-117.00968968868256,10.200000107288361,3.3492967486381531,3.4999999701976776,3.5843789577484131
1702,35.92929995059967,35.91605269908905,-116.75950002670288,-117.12659657001495,9.9999998509883881,0.5068543553352356,3.199999988079071,3.245836079120636
310,35.654999017715454,35.698293924331665,-117.52600100636482,-117.69062593579292,9.7599998116493225,0.31292349100112915,3.1899999976158142,3.1491738259792328
893,35.956833004951477,35.902675271034241,-116.73450005054474,-117.06975871324539,-0.34000039100646973,0.14496088027954102,3.5999999642372131,3.4482021331787109
1131,35.870100021362305,35.946399092674255,-117.69049999117851,-117.81644774973392,5.9999996423721313,1.374455988407135,3,3.2147436439990997
2462,34.579999983310699,34.577000498771667,-116.18099999427795,-117.06229263544083,1.8000000715255737,4.9538397789001465,3,3.1177604198455811
15,32.587499976158142,32.222123861312866,-117.92233300209045,-118.07668419182301,28.950000107288361,3.2337543368339539,3.3999999761581421,3.1311675310134888
721,35.891000032424927,34.407402515411377,-117.73649999499321,-117.85316471755505,9.0999998152256012,4.5410960912704468,5.0000000149011612,3.8758009225130081
2221,33.907999999821186,33.66214382648468,-119.57000005245209,-119.42381286621094,14.499999973922968,3.5382002592086792,3,3.0411496460437775
981,33.461833000183105,33.395361483097076,-118.18366700410843,-118.26879262924194,10.700000077486038,3.7698903679847717,3.6999999582767487,3.1970126330852509
2132,34.34689998626709,34.121028691530228,-116.82550001144409,-117.2637283205986,3.6000001430511475,2.6025670766830444,3.7999999970197678,3.3027092814445496
2032,34.42399999499321,34.220917850732803,-117.68200001120567,-117.90361718833447,7.3000001907348633,1.2791875004768372,3.199999988079071,3.0961009562015533
363,35.873664975166321,35.934942364692688,-117.6623310148716,-117.8863610252738,5.2500003576278687,0.17810046672821045,3.4999999701976776,3.2521162033081055
1436,34.958999991416931,34.838990688323975,-119.08200001716614,-119.29859232902527,3.7000000476837158,3.5949352383613586,3,3.0620637238025665
182,35.664499998092651,35.685703158378601,-117.50400000810623,-117.48664635419846,8.9800000190734863,0.71798712015151978,3.7999999970197678,3.3656632304191589
985,34.040667001157999,33.851000383496284,-117.23883301019669,-117.30180710554123,18.049999997019768,1.1156970262527466,3,3.122022271156311
1960,33.167999982833862,33.518007308244705,-116.04100000858307,-116.30619716644287,1.2999996542930603,3.1377589702606201,3,3.1338988244533539
1264,33.37610000371933,33.384014129638672,-116.33550000190735,-117.21190738677979,15.80000001937151,1.5502819418907166,3.199999988079071,3.0821350514888763
1632,35.726999998092651,35.905083417892456,-117.62200000882149,-117.68888193368912,10.200000107288361,0.20624488592147827,3.7999999970197678,3.3686023950576782
1121,34.137167006731033,33.935721129179001,-116.85800004005432,-117.11436277627945,11.177000105381012,2.629927396774292,4.0100000202655792,3.6666290760040283
187,35.978832006454468,35.969426393508911,-117.67166900634766,-117.87437027692795,1.7899999022483826,0.22733509540557861,3.4999999701976776,3.3844987750053406
619,35.923167943954468,35.976262807846069,-117.71666699647903,-117.40740889310837,1.8999999761581421,6.3265460729598999,3.4500000178813934,3.2205405235290527
2278,34.865000009536743,34.981675267219543,-116.40199995040894,-117.11579442024231,4.7999998927116394,1.204926073551178,3,3.2483850717544556
614,35.899665951728821,34.434167623519897,-117.72683000564575,-118.02964944019914,4.5000001788139343,4.6912425756454468,3.6599999964237213,3.4623405933380127
1547,35.52209997177124,35.502822637557983,-118.37850001454353,-118.70222449302673,4.0999996662139893,0.053192675113677979,3.2999999821186066,3.1234730780124664
994,33.993333000224084,33.88525066524744,-116.80116701126099,-117.14083617925644,16.810000017285347,0.48595994710922241,3.0999999940395355,3.1186625361442566
934,34.946667015552521,34.893397748470306,-116.7413330078125,-116.94748330116272,4.4299998879432678,0.50314664840698242,3.3199999630451202,3.1715483665466309
371,35.727664947509766,35.880457758903503,-117.6086660027504,-117.67227938771248,5.9200000762939453,1.0014402866363525,3.4999999701976776,3.215626448392868
1380,34.95440000295639,34.73606938123703,-118.57150000333786,-118.91711270809174,10.60000017285347,0.19621431827545166,3.5999999642372131,3.2261743247509003
593,35.876834988594055,35.845895528793335,-117.69066599011421,-117.46573054790497,6.8300002813339233,6.2174400687217712,3.5999999642372131,3.1767145693302155
726,35.769500017166138,35.832963109016418,-117.59933298826218,-117.64908131957054,7.9999999701976776,3.9940381050109863,7.1000000238418579,4.6787025779485703
2508,34.307000011205673,34.267413973808289,-116.75800001621246,-117.09416544437408,2.1999996900558472,2.907581627368927,3.5999999642372131,3.2953296303749084
687,35.623999953269958,35.073322415351868,-117.48616701364517,-117.71264520287514,10.990000069141388,5.1033014059066772,4.2999999895691872,3.4564792513847351
1713,33.962999999523163,33.869304612278938,-117.78900000452995,-117.85284022986889,15.599999986588955,4.4226658344268799,3.0999999940395355,3.0672828555107117
136,35.601166009902954,35.568577289581299,-117.40499901771545,-117.57933408021927,6.3600003719329834,0.13602554798126221,3,3.1938482522964478
628,35.661334991455078,35.403720378875732,-117.4836660027504,-117.32230222225189,4.1699999570846558,4.508814811706543,3.4799999892711639,3.7841937392950058
334,35.673167943954468,35.714320182800293,-117.52083599567413,-117.85549879074097,6.9999995827674866,0.033517777919769287,3.0999999940395355,3.27621129155159
2281,33.50900000333786,33.196614325046539,-116.51300001144409,-116.71581137180328,15.100000002421439,2.5908386707305908,3,3.1036729216575623
1855,33.745599985122681,33.248050332069397,-116.09280002117157,-116.76264572143555,10.499999821186066,5.1221197843551636,3,3.0815338790416718
1109,33.625499993562698,33.573777943849564,-117.9023329988122,-117.94235802441835,9.4699998199939728,0.68738937377929688,3.3600000143051147,3.1395575702190399
1901,33.520999997854233,33.424115061759949,-116.58500003814697,-116.8465895652771,12.100000083446503,3.90268474817276,3.199999988079071,3.2032864093780518
1842,34.054999999701977,34.146576792001724,-118.06449999660254,-117.99548413604498,9.9999998509883881,3.0897751450538635,3.3999999761581421,3.1643034517765045
710,35.887500047683716,34.30532705783844,-117.64950001239777,-117.92322123795748,10.860000103712082,4.6285548806190491,4.2999999895691872,3.4283502101898193
1039,33.068333029747009,32.523132085800171,-116.06449997425079,-116.72542834281921,13.729999959468842,4.0588760375976562,3.0299999713897705,3.0807271599769592
1349,34.065999999642372,33.968690928071737,-118.39800000190735,-118.51064348220825,1.5000003576278687,1.7495226860046387,3.4999999701976776,3.1609595417976379
1491,32.99179995059967,32.722019195556641,-116.45089995861053,-116.74669408798218,13.499999977648258,2.4028301239013672,3.6999999582767487,3.1305094957351685
2331,35.985000014305115,35.938908338546753,-117.89599999785423,-117.99697621399537,2.7000001072883606,0.24460136890411377,3.6999999582767487,3.4914924502372742
1112,34.072167001664639,33.997884274227545,-116.6710000038147,-117.05736738443375,10.460000038146973,0.5709385871887207,3.3199999630451202,3.1469737887382507
465,35.877334952354431,35.698887228965759,-117.70833599567413,-117.5501326918602,5.9099999070167542,0.57094395160675049,3.75,3.448229044675827
1403,33.716899991035461,33.488565742969513,-116.04069995880127,-116.55675935745239,5.4000002145767212,4.2305606603622437,3.4999999701976776,3.2569414973258972
2512,33.953000001609325,34.086377829313278,-117.28100001811981,-117.50704011321068,20.600000023841858,3.6729651689529419,3.2999999821186066,3.6231739819049835
1911,32.827000021934509,32.680246233940125,-118.34200000762939,-118.41511103510857,3.1999996304512024,1.6740095615386963,3.0999999940395355,3.0608068406581879
1104,34.187666997313499,34.049912501126528,-117.40799999237061,-117.63581296801567,8.4900002181529999,4.3587327003479004,3.7699999809265137,3.3845103979110718
2000,34.423000007867813,34.175333797931671,-118.66799998283386,-118.67304140329361,14.400000013411045,2.4344524741172791,3.5999999642372131,3.4823012351989746
338,35.827000021934509,35.899835586547852,-117.64433300495148,-117.88506119698286,6.9599997997283936,0.22220849990844727,3,3.1977834105491638
1691,35.968700051307678,35.888932704925537,-117.37239998579025,-117.46203356981277,9.9999998509883881,0.12066453695297241,3.9999999850988388,3.3279799818992615
2119,34.305000007152557,33.866961255669594,-116.83500003814697,-117.05619615316391,7.3000001907348633,1.4645612239837646,3.199999988079071,3.3120258450508118
1560,32.840999960899353,32.198426961898804,-116.26300001144409,-117.1393027305603,6.5000000596046448,7.1764245629310608,3.0999999940395355,3.0914433896541595
1207,35.824699997901917,35.61185097694397,-119.81780004501343,-119.79342257976532,14.400000013411045,0.37589818239212036,3.199999988079071,3.1648281812667847
2126,33.014999985694885,33.134403944015503,-118.92799997329712,-118.72683334350586,5.9999996423721313,3.9612454175949097,3.2999999821186066,3.0601266324520111
816,35.66466498374939,35.273317098617554,-117.52616900205612,-117.43588191270828,1.1999997496604919,0.23564010858535767,3.0999999940395355,3.3327949047088623
1067,33.459333002567291,33.199423372745514,-116.42433297634125,-117.0298860669136,11.200000047683716,3.9633429050445557,3.4999999701976776,3.1314287781715393
274,35.931331992149353,35.952443599700928,-117.7333300113678,-118.07282944768667,7.7099999785423279,1.8163079023361206,3.199999988079071,3.1605002582073212
1755,33.788000002503395,33.448214471340179,-116.10899996757507,-116.22784566879272,0.50000041723251343,4.915042519569397,3.199999988079071,3.0591117739677429
865,33.819499999284744,33.81459353864193,-119.3038330078125,-119.49384534358978,5.8899995684623718,4.0839493274688721,3.0299999713897705,3.0832880437374115
101,35.782999992370605,35.854647874832153,-117.61599999666214,-117.78708712756634,7.6700001955032349,0.33557921648025513,3.5999999642372131,3.2032991051673889
1590,32.063300013542175,32.166711330413818,-117.46619999408722,-117.6670355796814,9.9999998509883881,3.7631285190582275,4.3999999947845936,4.0499193370342255
107,35.68433403968811,35.847158789634705,-117.5453340113163,-117.763093277812,3.3099997043609619,0.023168027400970459,3,3.2037918269634247
2530,34.301999986171722,34.083947479724884,-116.74199998378754,-117.13464152812958,4.0999996662139893,3.3681946992874146,3.3999999761581421,3.2010576725006104
1530,32.054000020027161,35.362210750579834,-116.28100001811981,-117.49975019693375,16.099999956786633,5.0886332988739014,3.199999988079071,3.2860590219497681
1405,34.3716000020504,34.157207772135735,-119.8043999671936,-119.90555477142334,18.200000077486038,0.92998892068862915,3,3.0989323854446411
1259,34.143299996852875,34.040934149175882,-117.4472000002861,-117.60759913921356,10.700000077486038,2.3042294383049011,4.2999999895691872,3.6947228908538818
1412,35.178799986839294,35.193112373352051,-119.37450003623962,-119.8092577457428,4.6000000834465027,0.47555923461914062,3,3.0879272818565369
1769,33.341000020503998,33.14363956451416,-116.39999997615814,-116.72941970825195,13.299999944865704,3.8359513878822327,3,3.1061488687992096
1255,35.313699960708618,35.241406440734863,-118.49380001425743,-118.84079134464264,13.700000010430813,0.26243627071380615,3.3999999761581421,3.1067357361316681
1546,32.034999966621399,32.383283376693726,-116.34700000286102,-117.43877875804901,13.499999977648258,6.0302692651748657,3.4999999701976776,3.0541428029537201
712,35.83316695690155,34.579249680042267,-117.64516699314117,-117.93690750747919,8.099999874830246,2.2406512498855591,4.1999999955296516,3.5998680889606476
72,35.597167015075684,35.57680606842041,-117.42433297634125,-117.43232101202011,5.4199996590614319,0.40504753589630127,3.4699999988079071,3.210453987121582
2053,34.888000011444092,34.73610520362854,-119.08700001239777,-119.42514181137085,5.0999996066093445,4.0194296836853027,3,3.1507095694541931
2501,33.82600000500679,33.789710327982903,-117.70899999141693,-117.75063529610634,3.5000002384185791,2.8228434920310974,3.0999999940395355,3.1288864016532898
481,35.747501015663147,35.780915021896362,-117.5709989964962,-117.53543773293495,3.9899995923042297,0.21855354309082031,3.129999965429306,3.1394423246383667
1718,34.372000008821487,34.144333153963089,-117.66499999165535,-117.83049802482128,7.2000002861022949,1.1799252033233643,3.0999999940395355,3.0784589946269989
1465,32.705000042915344,32.275991559028625,-116.00300002098083,-116.72377371788025,3.9999997615814209,2.6672744750976562,3.0999999940395355,3.0535389482975006
1171,35.015300035476685,34.974441409111023,-116.50520002841949,-116.70972728729248,15.700000002980232,0.85732609033584595,3,3.1899946331977844
2527,34.321000009775162,34.222733348608017,-116.76800000667572,-117.08084660768509,3.7000000476837158,3.9232894778251648,3,3.1159280240535736
1480,33.200100004673004,33.032573997974396,-116.74039995670319,-117.17358094453812,13.200000040233135,0.85824340581893921,3.0999999940395355,3.1228733360767365
405,35.880332946777344,35.955636978149414,-117.70833599567413,-117.94631199166179,4.0499997138977051,1.9639840722084045,3.199999988079071,3.1959525346755981
757,35.698333978652954,35.81739330291748,-117.48116302490234,-117.38068521022797,1.2599998712539673,1.1734592914581299,3.3999999761581421,3.3025836646556854
1406,33.209100008010864,33.045322418212891,-119.41589999198914,-119.25065743923187,15,4.1037780046463013,3.7999999970197678,3.473789244890213
1672,35.980000019073486,35.967905759811401,-117.31400001049042,-117.85438764095306,3.099999725818634,0.027711689472198486,3.199999988079071,3.1661546230316162
2234,34.521000027656555,34.385919630527496,-116.29299998283386,-116.82838749885559,5.6000000238418579,6.1210817098617554,3.0999999940395355,3.2915006875991821
1912,34.289000004529953,34.168167680501938,-116.8289999961853,-117.14001941680908,5.6999999284744263,0.4222869873046875,3.4999999701976776,3.3722885549068451
743,35.760332942008972,35.871165990829468,-117.57499998807907,-117.5098502933979,6.9499996304512024,3.3147624135017395,5.4000000357627869,4.4188953246921301
806,35.727664947509766,35.798218488693237,-117.56416299939156,-117.70294427871704,1.6199997067451477,0.024462640285491943,3.2999999821186066,3.4965304434299469
2341,35.799000024795532,35.840145230293274,-118.04500000178814,-118.5394623875618,9.8000000417232513,0.016253292560577393,3,3.1502508223056793
1813,34.270000010728836,34.091033965349197,-118.52100002765656,-118.47473004460335,14.599999990314245,0.81321448087692261,3.199999988079071,3.2071950137615204
1954,35.039000034332275,34.894036471843719,-119.01800000667572,-119.51459527015686,11.200000047683716,0.17796903848648071,3.3999999761581421,3.2482160031795502
2391,34.178000003099442,34.000403553247452,-118.48699998855591,-118.49329504370689,12.800000086426735,3.7462368607521057,3.5999999642372131,3.6085901856422424
148,35.913666963577271,35.94351851940155,-117.4365000128746,-117.83124080300331,0.9799996018409729,0.043314993381500244,3.1199999749660492,3.2297970056533813
2507,33.812999993562698,33.71115255355835,-117.71200001239777,-117.98108719103038,11.100000143051147,4.5046752691268921,3.0999999940395355,3.1132636070251465
1580,34.012000000104308,33.958072248846292,-117.18800002336502,-117.40149790048599,7.3000001907348633,2.4116313457489014,3.199999988079071,3.0851632654666901
692,35.898167014122009,34.987742900848389,-117.72633299231529,-117.60840556025505,10.819999873638153,4.595264196395874,3.6100000441074371,3.51431804895401
818,35.723332047462463,35.944154381752014,-117.54033699631691,-117.30830943584442,1.2200000882148743,0.17065376043319702,3,3.4124733209609985
1812,32.473999977111816,32.447997808456421,-119.26699995994568,-118.93983238935471,17.000000104308128,5.0117772817611694,3.0999999940395355,3.0539995729923248
1488,35.944200038909912,35.945577502250671,-117.65810000896454,-117.99170835595578,6.2000003457069397,0.46291172504425049,3.2999999821186066,3.2701698839664459
2251,34.540000021457672,34.284600257873535,-118.97100001573563,-118.90871775150299,24.200000166893005,1.1190149188041687,3.2999999821186066,3.1737649440765381
701,35.732499957084656,34.762366592884064,-117.5088329911232,-117.74539756774902,7.0300000905990601,4.180438220500946,4.0700000077486038,3.6014796495437622
2242,34.361999988555908,34.032570939511061,-118.66100001335144,-118.59688484668732,12.299999892711639,0.41431725025177002,3,3.283235102891922
921,32.397498965263367,32.329017043113708,-117.76049800217152,-118.51831340789795,29.839999973773956,4.1208010911941528,3.129999965429306,3.051153838634491
905,33.489832997322083,33.395601511001587,-116.8038330078125,-117.06069427728653,2.839999794960022,1.472625732421875,3.2999999821186066,3.1766113936901093
454,35.648833990097046,35.62997829914093,-117.4544979929924,-117.35021585226059,2.9899996519088745,1.9935983419418335,3.5300000309944153,3.2228549122810364
1532,33.375299990177155,32.987332344055176,-116.42589998245239,-116.80105686187744,13.499999977648258,4.1134089231491089,4.3999999947845936,4.2895757406949997
1849,34.214000001549721,34.077984921634197,-117.50799998641014,-117.72054734826088,5.9999996423721313,1.8623766303062439,3.2999999821186066,3.1558725535869598
1918,34.340000003576279,34.140573665499687,-116.86099994182587,-117.15657728910446,5.5000001192092896,0.37678509950637817,3.199999988079071,3.2113451957702637
167,35.988999962806702,35.951973915100098,-117.41100001335144,-117.70882067084312,0.8899998664855957,0.077731311321258545,3.4999999701976776,3.2140814065933228
730,35.775002002716064,35.907958149909973,-117.60067000985146,-117.79906004667282,2.3800000548362732,1.1505317687988281,3,3.1477848887443542
1628,34.239099994301796,34.005640238523483,-117.37529999017715,-117.56777253746986,10.700000077486038,1.2910160422325134,3.4999999701976776,3.4930286407470703
26,35.681332945823669,35.509422421455383,-117.51533299684525,-117.51358911395073,8.8899998366832733,0.24681955575942993,3.3400000333786011,3.1586255729198456
1387,33.304000020027161,33.107818067073822,-116.40380001068115,-116.82021677494049,5.899999737739563,4.0287208557128906,3.3999999761581421,3.121164858341217
2305,35.983999967575073,35.96808135509491,-117.87699999660254,-118.25455284118652,3.9999997615814209,0.070794224739074707,3,3.1891742348670959
997,35.622499942779541,35.687582492828369,-118.1494999974966,-118.5835520029068,9.0600000321865082,0.051337480545043945,3.4699999988079071,3.2871399521827698
1176,34.693499982357025,34.750143349170685,-116.24349999427795,-116.58636558055878,4.400000274181366,2.1793565154075623,3,3.0980438590049744
1040,34.151333004236221,33.995786434505135,-116.7071670293808,-117.09434008598328,10.919999778270721,1.5602248907089233,3.8999999910593033,3.6857998073101044
1673,35.99399995803833,35.948220252990723,-117.30900001525879,-117.69430631399155,3.4000003337860107,0.030739903450012207,3.199999988079071,3.2343369126319885
2540,34.308999985456467,34.023046396672726,-116.0809999704361,-116.4882720708847,1.600000262260437,7.1515005826950073,3.199999988079071,3.182473361492157
1945,32.567000031471252,32.498188972473145,-118.11900000274181,-118.37110537290573,9.9999998509883881,3.479321300983429,3.4999999701976776,3.0505800247192383
41,35.633499979972839,35.746438264846802,-117.43683302402496,-117.48265475034714,5.1199999451637268,0.30495107173919678,3.2999999821186066,3.1829271018505096
1971,33.495000004768372,33.294788777828217,-116.52999997138977,-116.68296456336975,12.800000086426735,2.2594365477561951,3.2999999821186066,3.0975344181060791
2416,35.621000051498413,35.775798201560974,-119.56099998950958,-119.56423819065094,5.9999996423721313,0.54052233695983887,3,3.0812480449676514
2365,34.651000022888184,34.476163476705551,-116.28799998760223,-116.49312436580658,12.400000020861626,7.356562614440918,3.199999988079071,3.1814630627632141
1419,34.684400022029877,34.689955353736877,-116.27610003948212,-116.6361403465271,7.1000003814697266,0.27052313089370728,3.4999999701976776,3.2505667805671692
1295,32.858199954032898,32.400681972503662,-116.20099997520447,-116.65090250968933,12.899999991059303,3.0488714575767517,3.7999999970197678,3.5274261832237244
609,35.903499960899353,35.669952750205994,-117.72683000564575,-117.39940428733826,3.6399999260902405,3.8193073868751526,3.550000011920929,3.2356450259685516
1132,35.866999983787537,35.951155185699463,-117.6899000108242,-117.76889891922474,10.700000077486038,0.89766651391983032,3.0999999940395355,3.2738464772701263
28,35.64549994468689,35.759247303009033,-117.47699999809265,-117.63094136118889,8.6100000143051147,0.08021235466003418,3.129999965429306,3.2247494459152222
441,35.892665982246399,35.953712940216064,-117.71466800570488,-117.60371276736259,1.7000001668930054,7.5348195433616638,3.0299999713897705,3.2263450026512146
2178,35.322999954223633,35.402176856994629,-118.6690000295639,-119.03489422798157,2.1999996900558472,0.40318965911865234,3,3.1703529953956604
1629,33.632999986410141,33.396797180175781,-116.71899998188019,-117.06409537792206,13.999999947845936,1.2944948673248291,3.4999999701976776,3.3587072789669037
493,35.702998995780945,35.543737053871155,-117.50766798853874,-117.43638956546783,2.4300000071525574,0.68711847066879272,3.3999999761581421,3.2800797522068024
1258,33.820099994540215,33.837172016501427,-117.68560001254082,-117.66146740317345,18.700000047683716,4.0347325801849365,3.7999999970197678,3.1984654068946838
1939,32.567899942398071,32.519846677780151,-118.07959999889135,-118.27488201856613,11.999999955296516,3.0260655283927917,3.9999999850988388,3.500525951385498
236,35.670665979385376,35.766982555389404,-117.51300099492073,-117.58877423405647,7.420000433921814,0.22540569305419922,3.199999988079071,3.1836866140365601
551,35.902331948280334,35.816270470619202,-117.70883199572563,-117.54142144322395,7.590000182390213,0.4907110333442688,3.0600000321865082,3.1452475190162659
520,35.882500052452087,35.906691312789917,-117.74349999427795,-117.62189385294914,3.6000001430511475,6.467650830745697,4.0999999791383743,3.4197844862937927
1716,32.720800042152405,32.256504058837891,-116.0320999622345,-116.48170828819275,12.100000083446503,0.14496803283691406,3.4999999701976776,3.1301487386226654
1232,33.942099999636412,33.924728140234947,-117.89029999822378,-117.95314384251833,16.400000005960464,4.6564203500747681,4.3999999947845936,3.7469536364078522
1138,33.816300004720688,33.725635021924973,-116.97790002822876,-117.12114524841309,19.100000113248825,1.7740648984909058,3.3999999761581421,3.526491791009903
720,35.860999941825867,34.412417888641357,-117.67783299088478,-117.834870621562,6.8200001120567322,4.5639538764953613,4.8000000044703484,3.9479335248470306
1965,34.843999981880188,34.712339699268341,-116.32000005245209,-116.87849354743958,2.6000002026557922,4.2021238803863525,3.7999999970197678,3.3622662127017975
2239,32.093999981880188,32.410660266876221,-117.91099999845028,-118.10867911577225,6.9999995827674866,2.8544729948043823,3.199999988079071,3.0831404328346252
58,35.830000042915344,35.905341625213623,-117.65916699171066,-117.89236644655466,2.8999999165534973,0.24786472320556641,3.2299999594688416,3.2369949817657471
631,35.584833025932312,34.880743205547333,-117.61449998617172,-117.64378878474236,9.6299998462200165,4.670795202255249,4.8000000044703484,3.6763069331645966
1181,34.502900004386902,34.44340655207634,-118.78490000963211,-118.66053766012192,17.700000107288361,1.7276778817176819,3.6999999582767487,3.4295545220375061
2304,36,35.959365606307983,-117.8289999961853,-117.94861059263349,1.7000001668930054,1.9330912828445435,3.6999999582767487,3.2342849671840668
592,35.880666971206665,35.064949870109558,-117.71616700291634,-117.40241992473602,2.8999999165534973,4.8233529925346375,3.070000022649765,3.222168356180191
2206,35.889000058174133,35.727389454841614,-117.2960000038147,-117.15679287910461,3.5000002384185791,0.17668962478637695,3.4999999701976776,3.1172946095466614
939,34.016000000759959,33.753951296210289,-116.77983295917511,-117.02943658828735,12.89000004529953,3.7971013784408569,4.4899999997578561,4.2401050105690956
2359,35.98199999332428,35.978284358978271,-117.81700000166893,-118.00385593879037,3.6000001430511475,0.15675097703933716,4.0999999791383743,3.2705084681510925
1249,32.953999996185303,32.394681572914124,-116.54799997806549,-118.79095220565796,9.9999998509883881,0.69101125001907349,3.199999988079071,3.0775246918201447
904,33.796333000063896,33.656439453363419,-116.96733295917511,-117.06590032577515,14.140000026673079,3.1963562965393066,3.0999999940395355,3.1687055826187134
1279,32.922099947929382,32.277527451515198,-116.24849998950958,-116.49605536460876,3.8999998569488525,0.25921672582626343,3.199999988079071,3.0896171629428864
2004,34.158000007271767,34.088262639939785,-117.42500001192093,-117.62951621413231,10.399999916553497,2.1990859508514404,3.199999988079071,3.1106529235839844
2438,34.712999999523163,34.6490837931633,-116.27499997615814,-116.86326909065247,2.0999997854232788,6.349322497844696,3.0999999940395355,3.2958948612213135
1591,32.990000009536743,32.637842178344727,-116.36099994182587,-116.78406023979187,5.2000004053115845,3.9113616943359375,3.199999988079071,3.0571956038475037
1468,33.17960000038147,33.045420348644257,-116.73689997196198,-117.1918443441391,8.4999999403953552,0.60301244258880615,3.6999999582767487,3.1996446847915649
1914,34.023000000044703,33.998857945320196,-117.55700001120567,-117.70258271694183,10.700000077486038,3.851466178894043,3.3999999761581421,3.2383230328559875
2522,35.715999960899353,35.844005584716797,-117.96900000050664,-118.14993399381638,8.1999997794628143,0.20605713129043579,3.5999999642372131,3.2596053779125214
706,35.841166973114014,34.73028826713562,-117.65983301401138,-117.77345867455006,11.450000032782555,4.1773581504821777,4.0899999886751175,3.6353781223297119
1022,34.247832998633385,34.10553140193224,-116.83616697788239,-117.11693555116653,-1.0699993371963501,0.46927750110626221,3.0999999940395355,3.2213006615638733
745,35.663166046142578,35.563578248023987,-117.50299799442291,-117.43059396743774,6.0900002717971802,0.32610923051834106,3.0999999940395355,3.1775568723678589
1886,33.269500017166138,32.906458854675293,-116.02909994125366,-116.55808639526367,4.400000274181366,2.8592473268508911,3.5999999642372131,3.0981155633926392
1472,34.467999994754791,34.395093113183975,-116.51600003242493,-116.9243460893631,10.60000017285347,1.8846327066421509,3.3999999761581421,3.1979750990867615
513,35.701331973075867,35.776217699050903,-117.50283101201057,-117.57247534394264,1.8000000715255737,1.1885485053062439,3.5999999642372131,3.2154928743839264
81,35.907333016395569,35.857807397842407,-117.70899999141693,-117.81686064600945,2.4000003933906555,3.2442677021026611,5.0000000149011612,4.0853474736213684
2246,32.228000044822693,32.203706860542297,-116.99300003051758,-116.82392024993896,7.8000001609325409,2.3291149735450745,3,3.0530112683773041
1308,33.583000004291534,33.507605403661728,-118.37900000810623,-118.35727819800377,0.29999971389770508,1.7130571603775024,3.2999999821186066,3.0835954248905182
914,34.435833007097244,34.177601203322411,-116.89900004863739,-117.09244740009308,2.5000002980232239,0.49106419086456299,3,3.1140540540218353
2334,34.221000000834465,33.980573430657387,-116.79700005054474,-117.06704062223434,6.7999997735023499,4.0729862451553345,3.0999999940395355,3.5597915053367615
1874,34.349999994039536,34.277789086103439,-116.46099996566772,-116.93199586868286,4.400000274181366,1.1059615015983582,3,3.2536776065826416
150,35.616000056266785,35.688762903213501,-117.45583301782608,-117.49243980646133,10.289999842643738,0.37286639213562012,3.2400000393390656,3.2279180288314819
774,35.747002005577087,35.20056688785553,-117.57849898934364,-117.38533598184586,2.1300002932548523,0.85234701633453369,3.0999999940395355,3.2311436533927917
329,35.716832995414734,35.731316447257996,-117.49599999189377,-117.65120747685432,3.1599998474121094,0.32452493906021118,3.2999999821186066,3.1526395976543427
6,35.652500033378601,35.707356333732605,-117.45099997520447,-117.47305393218994,3.1400004029273987,0.47241300344467163,3.8400000035762787,3.2880245447158813
943,33.379666984081268,32.902960538864136,-116.2983330488205,-116.85187721252441,13.949999995529652,3.6334222555160522,4.0999999791383743,3.1724067628383636
1644,35.024999976158142,35.000071167945862,-119.30999994277954,-119.54727673530579,17.800000011920929,1.6544616222381592,3.4999999701976776,3.2561692893505096
734,35.561332941055298,34.631101429462433,-117.61333501338959,-117.86402152478695,3.2800000905990601,4.2551815509796143,3.2099999785423279,3.1730563044548035
909,34.001333000021987,33.834225192666054,-117.01733297109604,-117.20414698123932,15.869999974966049,1.1496305465698242,3.4999999701976776,3.1941743195056915
468,35.702167987823486,35.872491955757141,-117.59133198857307,-117.50025561451912,2.879999577999115,0.044681131839752197,3.0999999940395355,3.1049270331859589
181,35.615165948867798,35.775473713874817,-117.60266900062561,-117.96817969158292,7.0300000905990601,0.060413181781768799,3.0199999809265137,3.2091046571731567
164,35.879166960716248,35.964860916137695,-117.69150000810623,-117.98873983323574,7.5199998915195465,0.16583472490310669,3.0500000417232513,3.2185761630535126
451,35.883834958076477,35.903576374053955,-117.69716599583626,-117.38455057144165,3.0899995565414429,5.458216667175293,3.129999965429306,3.2625625133514404
490,35.618332028388977,35.319825530052185,-117.41666400432587,-117.30656272172928,2.7700003981590271,3.9650416374206543,4.0999999791383743,3.6933441460132599
1441,32.822800040245056,32.513085126876831,-116.10899996757507,-116.48089849948883,16.400000005960464,0.70344060659408569,4.0999999791383743,3.2776458263397217
1143,32.034999966621399,32.545554161071777,-116.06700003147125,-117.83855228126049,18.200000077486038,0.22853583097457886,3.199999988079071,3.0645558536052704
1311,33.979000000283122,33.837053209543228,-116.76699995994568,-117.10563081502914,17.899999916553497,1.4591923356056213,3.0999999940395355,3.1145521402359009
2439,34.783999979496002,34.736785531044006,-116.25499999523163,-116.85330700874329,6.1000004410743713,5.6891602277755737,3,3.1765179634094238
1111,34.320666998624802,34.152916803956032,-116.85316705703735,-117.16098606586456,3.5100004076957703,0.15610009431838989,3.0099999904632568,3.1647040843963623
2420,33.223999977111816,32.939868092536926,-116.0900000333786,-116.61956238746643,1.2999996542930603,1.3946628570556641,3.3999999761581421,3.0594732463359833
1800,33.051400005817413,32.960179448127747,-117.76039999723434,-117.98836531955749,9.9999998509883881,3.5586816072463989,3.8999999910593033,3.2620602250099182
2410,34.926999986171722,35.575865983963013,-116.37199997901917,-117.735844373703,4.400000274181366,12.465104386210442,3.199999988079071,3.0027315616607666
1767,35.050300002098083,34.931724309921265,-119.0061000585556,-119.36728763580322,9.9999998509883881,0.094312727451324463,3.4999999701976776,3.19767165184021
2506,34.499000012874603,34.425873756408691,-116.29299998283386,-116.89714550971985,0.50000041723251343,3.8161522150039673,3.0999999940395355,3.1020857691764832
1563,32.534999966621399,32.050949692726135,-116.00399994850159,-117.03973615169525,11.200000047683716,7.3668989539146423,3.199999988079071,3.1044818758964539
1907,32.88100004196167,32.360629081726074,-116.22099995613098,-116.54238748550415,8.9999999105930328,1.4946180582046509,3.6999999582767487,3.1529198884963989
1786,35.429999947547913,35.526782274246216,-118.30500000715256,-118.82825911045074,9.3000000715255737,0.0063621997833251953,3,3.1066862940788269
1848,32.720800042152405,32.287238359451294,-116.04480004310608,-116.52731788158417,15.299999993294477,0.19283562898635864,3.4999999701976776,3.1083253920078278
327,35.659000039100647,35.667157530784607,-117.4663320183754,-117.52380934357643,7.8300002217292786,0.24936050176620483,3.4999999701976776,3.162024199962616
442,35.792667031288147,35.546020746231079,-117.62283301353455,-117.54464301466942,3.7000000476837158,1.5225595235824585,3.7999999970197678,3.2830215096473694
1642,34.06700000166893,33.822605922818184,-118.875,-118.69558995962143,13.399999961256981,3.9188379049301147,3.0999999940395355,3.1673004627227783
2207,35.894000053405762,35.911025166511536,-117.26899999380112,-117.30574935674667,3.7000000476837158,0.043779909610748291,4.0999999791383743,3.1515107452869415
832,35.641499042510986,35.325270652770996,-117.61000099778175,-117.72280010581017,10.159999877214432,0.050346851348876953,3.3999999761581421,3.0984852612018585
1957,33.195999979972839,32.754146456718445,-116.04299998283386,-116.46516633033752,2.9999998211860657,3.2078093290328979,3.6999999582767487,3.1825405955314636
1949,35.044000029563904,34.975240349769592,-119.01999998092651,-119.34940493106842,12.100000083446503,0.27168720960617065,3.6999999582767487,3.2330179810523987
1351,33.809000000357628,33.918915539979935,-117.81010000407696,-117.82213711738586,4.699999988079071,4.2934995889663696,3.2999999821186066,3.600992739200592
86,35.601501941680908,35.832695007324219,-117.60133400559425,-117.86232830584049,3.3300000429153442,0.040364563465118408,3.0500000417232513,3.2248556613922119
2480,34.791999995708466,34.832745730876923,-116.37600004673004,-116.94965815544128,14.899999997578561,2.1257194876670837,3.5999999642372131,3.2860288023948669
777,35.744333028793335,35.797864675521851,-117.56633299589157,-117.51747313141823,1.9700002670288086,0.7655748724937439,4.1999999955296516,3.7635107338428497
1780,34.46900001168251,34.351180821657181,-116.50800001621246,-116.76172459125519,4.7999998927116394,2.4818176031112671,3.0999999940395355,3.1385484337806702
54,35.949000000953674,35.179669141769409,-119.74383294582367,-119.15718960762024,20.279999971389771,1.0994455218315125,3.0199999809265137,3.00102299451828
1933,35.047000050544739,35.028044700622559,-119.06500005722046,-119.55597651004791,19.699999988079071,1.3059720396995544,3,3.1206738352775574
1287,35.4617999792099,35.442350745201111,-118.2698999941349,-118.76474648714066,1.8000000715255737,0.097009241580963135,3.6999999582767487,3.2804102003574371
1740,35.269000053405762,35.109227418899536,-117.34109997749329,-117.35470598936081,7.1000003814697266,1.4198040962219238,3.6999999582767487,3.1896767020225525
1624,34.712000012397766,34.726350605487823,-116.26499998569489,-116.60603404045105,3.7999999523162842,0.47636836767196655,3.0999999940395355,3.1444572508335114
1245,35.97189998626709,35.468771696090698,-117.30610001087189,-117.45140075683594,8.4999999403953552,0.011910796165466309,3.0999999940395355,3.0948005318641663
113,35.935999989509583,35.968904972076416,-117.69983300566673,-117.87717302143574,2.8299996256828308,2.0346924662590027,3.199999988079071,3.3000240325927734
2381,34.342000007629395,34.040283862501383,-117.04900002479553,-117.21027910709381,11.299999952316284,3.7435555458068848,3.199999988079071,3.262198805809021
987,33.974500000476837,33.843501389026642,-116.92633295059204,-117.11308068037033,5.9200000762939453,0.97747921943664551,3.0299999713897705,3.0833651125431061
1942,32.470999956130981,32.609351277351379,-118.14399999380112,-118.32420039176941,18.000000044703484,2.8120091557502747,3.6999999582767487,3.0919804573059082
1621,35.251999974250793,35.228513956069946,-118.55500000715256,-119.12146234512329,5.3000003099441528,0.034743547439575195,3.0999999940395355,3.1851675510406494
1009,33.869000002741814,33.734888255596161,-119.37983298301697,-119.61262607574463,6.9300001859664917,3.2784247398376465,3,3.1114411354064941
1198,33.402599990367889,33.327794134616852,-116.43630003929138,-116.95423579216003,15.100000002421439,4.6423137187957764,3.2999999821186066,3.1185879707336426
589,35.750167965888977,35.422556638717651,-117.57800298929214,-117.49897474050522,2.2800001502037048,0.57338118553161621,3.550000011920929,3.4902978837490082
768,35.703333020210266,35.594361066818237,-117.48283302783966,-117.33291459083557,0.99999994039535522,0.86419165134429932,4.0200000107288361,3.6216591596603394
17,35.558333039283752,35.631155967712402,-117.43433302640915,-117.53091681003571,4.7799995541572571,0.30445307493209839,3.129999965429306,3.2620742619037628
1042,34.383500009775162,34.308231174945831,-119.75483298301697,-119.78594982624054,10.269999951124191,1.7788222432136536,3.1199999749660492,3.1954341530799866
2266,32.610000014305115,32.225889086723328,-116.15499997138977,-116.7286217212677,7.5999999046325684,2.1620786190032959,3.0999999940395355,3.0646308660507202
285,35.671165943145752,35.605469703674316,-117.52383399009705,-117.76684862375259,8.9800000190734863,0.30452460050582886,3.2999999821186066,3.158002495765686
428,35.901999950408936,35.833430290222168,-117.65582999587059,-117.43515944480896,7.3100003600120544,0.10136514902114868,3.2899999916553497,3.2881942391395569
1979,34.930000007152557,34.8272984623909,-116.72200000286102,-116.9269232749939,1.1999997496604919,0.58784008026123047,3.2999999821186066,3.1741844415664673
1658,35.41100001335144,35.529247522354126,-117.79000000655651,-117.91220682114363,7.5,0.10608851909637451,3,3.166749894618988
669,35.902166962623596,35.065784811973572,-117.7426669895649,-117.46319854259491,8.8099998235702515,4.2983525991439819,3.8999999910593033,3.4396219253540039
31,33.868332996964455,33.719805598258972,-116.19583296775818,-116.7651458978653,8.1999997794628143,4.3274062871932983,3.4699999988079071,3.2402828335762024
1341,33.888999998569489,33.787327542901039,-118.56000000238419,-118.50856685638428,11.299999952316284,4.3033066391944885,3.2999999821186066,3.3393735587596893
722,35.616667032241821,34.393476188182831,-117.43016701936722,-118.0018724197289,9.3500000238418579,4.8026829957962036,5.1000000089406967,3.9222201704978943
951,33.837500005960464,33.878182232379913,-119.72583305835724,-119.42733335494995,9.869999885559082,6.1032548546791077,5.3000000417232513,4.4276794753968716
1820,34.86599999666214,34.906832873821259,-119.24639999866486,-119.66333961486816,17.000000104308128,0.16231030225753784,3.4999999701976776,3.280105322599411
214,35.9635009765625,35.945314645767212,-117.4820020198822,-117.81940414011478,0.55000036954879761,0.084688067436218262,3.0600000321865082,3.2644620537757874
1845,33.229700028896332,32.874705791473389,-116.00530004501343,-116.56825017929077,6.4000001549720764,2.3441487550735474,3.2999999821186066,3.063679039478302
1164,33.871700003743172,33.814431041479111,-117.71059998869896,-117.62517350912094,9.9999998509883881,2.9125651717185974,3,3.0617778897285461
326,35.797333002090454,35.904622077941895,-117.62266498804092,-117.94496857374907,6.3899999856948853,0.038974285125732422,3.2999999821186066,3.2177082002162933
560,35.926334023475647,35.79394805431366,-117.6968309879303,-117.67004439234734,2.149999737739563,1.8715175986289978,4.1700000017881393,3.7627909183502197
1383,34.159999996423721,34.107322931289673,-116.42400002479553,-116.94166040420532,8.099999874830246,1.6409951448440552,3.0999999940395355,3.1533119380474091
1086,34.521000027656555,34.469239056110382,-119.07500004768372,-119.11294722557068,19.020000100135803,4.176211953163147,3.3099999725818634,3.2024789750576019
1887,34.111000001430511,33.926249876618385,-117.31599998474121,-117.45707380771637,16.000000052154064,1.5932625532150269,3.2999999821186066,3.1949729025363922
341,35.908833026885986,35.982371807098389,-117.70866400003433,-117.92872645705938,1.7600002884864807,1.2551924586296082,3.199999988079071,3.1995211243629456
147,33.309832990169525,33.049016773700714,-116.25683295726776,-116.79605388641357,11.53999999165535,2.9745447635650635,3.1500000357627869,3.0641188323497772
1897,32.067000031471252,32.088003516197205,-116.25199997425079,-116.73993539810181,15.200000004842877,1.0144096612930298,3,3.0701411962509155
2018,34.170000001788139,34.117778368294239,-117.44499999284744,-117.57856017351151,9.5999997854232788,4.1236299276351929,3,3.1400796175003052
1107,35.21150004863739,35.066985130310059,-117.27999997138977,-117.4264235496521,2.6100003719329834,1.0407543182373047,3.7800000160932541,3.4110469222068787
848,34.026832999661565,33.839623913168907,-117.56833299994469,-117.61017614603043,11.42999991774559,1.0635021328926086,3,3.1240010261535645
966,34.031667001545429,33.954639315605164,-117.59299999475479,-117.66316974163055,4.0800002217292786,4.326440691947937,3.0900000035762787,3.1012344360351562
1072,33.442499995231628,34.246648475527763,-116.40499997138977,-117.72068020701408,12.73999996483326,4.3261134624481201,3.75,3.5914195775985718
155,35.649832963943481,35.770915627479553,-117.45983302593231,-117.46294349431992,2.4500003457069397,0.37749946117401123,3.6100000441074371,3.3099047541618347
1717,33.680999994277954,33.525975584983826,-116.79499995708466,-116.98604261875153,18.700000047683716,2.8463020920753479,3,3.0607475638389587
1655,33.967999998480082,33.745595365762711,-117.76199999451637,-117.64584240317345,11.999999955296516,3.2266679406166077,3.0999999940395355,3.0589513778686523
1002,34.849833011627197,34.834288895130157,-118.9638329744339,-119.31737756729126,2.1800002455711365,0.39387345314025879,3.1899999976158142,3.1317576169967651
1902,35.963000059127808,35.566132068634033,-119.875,-119.59714269638062,22.000000029802322,0.23312956094741821,3.0999999940395355,3.0103435814380646
2120,32.86899995803833,32.992600679397583,-118.49599999189377,-118.27359962463379,5.9999996423721313,3.6710268259048462,3.199999988079071,3.1402623653411865
2213,33.712999999523163,33.86853900551796,-117.98799999989569,-117.88274341076612,12.899999991059303,3.3665245771408081,4.2999999895691872,3.8052922189235687
2240,34.108000002801418,33.917360983788967,-116.70500004291534,-117.16796576976776,7.4000000953674316,1.3416168093681335,3.3999999761581421,3.4992679953575134
2392,34.236000001430511,34.018395455554128,-118.5120000243187,-118.4981726706028,5.6999999284744263,2.3731836676597595,3.9999999850988388,3.6570480465888977
1203,35.140300035476685,34.823148429393768,-118.16580000519753,-118.30245912075043,10.799999982118607,0.35061031579971313,3,3.1044342219829559
1684,35.970000028610229,35.955025196075439,-117.31800001859665,-117.76730591058731,1.3999995589256287,0.037564337253570557,3.0999999940395355,3.2257383763790131
2385,34.224999994039536,33.990389897488058,-116.99100005626678,-117.19991987943649,9.0999998152256012,3.9214351773262024,4.6000000052154064,4.2052467539906502
1437,32.893700003623962,33.646828263998032,-116.24349999427795,-117.67452609539032,16.299999989569187,0.74279934167861938,3.3999999761581421,3.0432935357093811
1652,35.987300038337708,35.932544946670532,-117.28759998083115,-117.52543893456459,3.7999999523162842,1.6338309645652771,3.0999999940395355,3.2062498927116394
2332,35.75,35.936006307601929,-118.34000000357628,-118.85379409790039,1.2999996542930603,0.0016969442367553711,3,3.135501891374588
2039,34.145500004291534,34.011437172070146,-117.41310000419617,-117.68039357662201,6.4000001549720764,2.8936269879341125,3.3999999761581421,3.3932569921016693
2273,34.057000000029802,33.842227563261986,-118.39700001478195,-118.51404273509979,10.799999982118607,2.5481307506561279,3,3.140009880065918
938,34.01766699925065,34.020827807486057,-116.80033302307129,-117.1358283162117,12.659999951720238,0.78069180250167847,3.199999988079071,3.0762909650802612
2275,33.500999987125397,33.14260995388031,-116.52100002765656,-116.68625581264496,12.60000005364418,4.0694519877433777,3.0999999940395355,3.0983270108699799
346,35.768167018890381,35.813285112380981,-117.57783299684525,-117.56594741344452,10.570000112056732,1.1383241415023804,4.5,3.7592508047819138
2112,34.706799983978271,34.558537662029266,-116.6525000333786,-117.16882139444351,7.5999999046325684,2.1445083618164062,3.8999999910593033,3.7268754243850708
2515,34.783999979496002,34.788824021816254,-116.38699996471405,-117.09156143665314,2.2999995946884155,4.1427057981491089,3,3.2002407610416412
1514,33.964000001549721,33.869422450661659,-117.76000000536442,-117.77735455334187,12.299999892711639,4.3373483419418335,3.0999999940395355,3.0889921188354492
385,35.715831995010376,35.702288508415222,-117.55816701054573,-117.57055926322937,5.4600003361701965,1.2081170082092285,3.3199999630451202,3.1777951419353485
1645,34.491800010204315,34.545847117900848,-116.21270000934601,-116.63772988319397,10.799999982118607,3.2098093628883362,3.0999999940395355,3.2026391923427582
1688,35.978000044822693,35.977044820785522,-117.30599999427795,-117.87066368758678,1.2999996542930603,0.029978156089782715,3,3.2621734142303467
243,35.863667011260986,35.943281888961792,-117.68467000126839,-117.88111302256584,2.8700003027915955,1.5352427959442139,3.3999999761581421,3.4513011574745178
2057,34.05799999833107,33.929476216435432,-117.25999999046326,-117.37469178438187,12.60000005364418,1.4435264468193054,3,3.1109748780727386
936,33.92416699975729,33.826857388019562,-116.32249999046326,-116.85106682777405,8.7399999797344208,2.1341729164123535,3.7699999809265137,3.684540331363678
2175,35.195500016212463,35.489343404769897,-118.78149998188019,-118.96027618646622,5.6000000238418579,0.052565038204193115,3.3999999761581421,3.3168891370296478
312,35.595500946044922,35.686882376670837,-117.43049597740173,-117.47835338115692,5.6299996376037598,0.37315070629119873,3.5999999642372131,3.2323894500732422
2479,34.716000020503998,34.816161751747131,-116.34700000286102,-117.05772221088409,2.7000001072883606,5.93382328748703,3,3.1489124894142151
1572,32.711400032043457,32.312939167022705,-116.02020001411438,-116.64761281013489,12.899999991059303,2.9133009910583496,3.3999999761581421,3.1006291508674622
1332,34.78600001335144,34.796129405498505,-119.48099994659424,-119.81985926628113,13.299999944865704,0.82451194524765015,3.199999988079071,3.1961947381496429
968,32.857332944869995,32.8852618932724,-118.71183300018311,-118.60986548662186,-0.22999942302703857,3.6379033327102661,3,3.033436506986618
660,35.886500000953674,34.912723183631897,-117.69383299350739,-117.616520434618,9.4600000977516174,4.7454553842544556,3.8499999940395355,3.3972198665142059
935,34.114500001072884,33.966039821505547,-116.92366695404053,-117.20854896306992,3.9599999785423279,0.80233454704284668,3.3999999761581421,3.2309271097183228
370,35.963832974433899,35.912272095680237,-117.27700001001358,-117.60267409682274,1.8200004100799561,0.18159985542297363,3.1899999976158142,3.201457679271698
566,35.868332982063293,35.722044944763184,-117.71299999952316,-117.83404755592346,5.0800001621246338,4.7773808240890503,3,3.2262868881225586
2016,34.694999992847443,34.58090204000473,-116.36800003051758,-116.89181160926819,2.8999999165534973,3.6073645949363708,3.0999999940395355,3.1787462532520294
824,35.599833965301514,34.688177108764648,-117.62266498804092,-117.62969869375229,-0.39999961853027344,4.0273198485374451,3.4999999701976776,3.187634289264679
982,33.159166991710663,32.956825613975525,-118.71783298254013,-118.68554162979126,4.8499998450279236,4.0643727779388428,3.8999999910593033,3.4819947481155396
2401,35.082000017166138,35.10608172416687,-117.06599998474121,-117.21716386079788,1.9999998807907104,0.96174448728561401,3,3.2508214116096497
1517,33.10699999332428,32.800995588302612,-116.42400002479553,-116.80589318275452,9.3999999761581421,1.9265681505203247,3,3.0804278254508972
2177,34.300000011920929,34.00443809479475,-118.57800000905991,-118.59724831581116,2.0999997854232788,3.0918976664543152,3.0999999940395355,3.1262896656990051
1760,34.681999981403351,34.68640524148941,-116.35000002384186,-116.67952632904053,3.5000002384185791,0.59147357940673828,3,3.1995448172092438
813,35.666167020797729,34.611362636089325,-117.57233300805092,-117.87890098243952,4.0499997138977051,4.3838614225387573,4.2999999895691872,3.5593938231468201
1430,33.936800003051758,33.863981246948242,-117.08209997415543,-117.31309467554092,8.8000001013278961,3.9958861470222473,3.6999999582767487,3.6267231702804565
778,35.723199963569641,35.718899250030518,-117.45080000162125,-117.37656730413437,9.4499999284744263,2.5471955537796021,3.2999999821186066,3.235116720199585
1320,33.495000004768372,33.271050631999969,-116.44500005245209,-116.82471942901611,8.4999999403953552,3.6880320310592651,3.3999999761581421,3.0815434455871582
2127,33.795000001788139,33.19076132774353,-116.08800005912781,-116.6918363571167,8.5999998450279236,6.6985863447189331,3.199999988079071,3.0734480023384094
1052,34.083167001605034,34.043431680649519,-116.71449995040894,-117.03373354673386,10.689999908208847,1.037316620349884,3.1199999749660492,3.1066541075706482
1870,32.70770001411438,32.300493240356445,-116.04460000991821,-116.46633613109589,9.2000001668930054,0.57205259799957275,4.2999999895691872,3.8936892002820969
1013,34.432332992553711,34.046864558011293,-119.99983298778534,-118.38526573777199,1.7799997329711914,4.9307155609130859,3.0299999713897705,3.0711512267589569
1401,32.771900057792664,32.285673141479492,-116.09930002689362,-116.73274660110474,15.299999993294477,1.703929603099823,3,3.0690926313400269
1763,34.019999999552965,33.801335334777832,-117.24400001764297,-117.37298023700714,9.5999997854232788,0.92133879661560059,3,3.0544860363006592
2099,34.035000000149012,33.769997850060463,-116.39699995517731,-116.90567064285278,11.900000050663948,4.6611213684082031,3.3999999761581421,3.2277581691741943
1809,33.119300007820129,32.665005803108215,-116.02069997787476,-116.42901146411896,3.099999725818634,0.9587627649307251,3.199999988079071,3.0939738750457764
126,33.995833000168204,34.114843994379044,-116.04449999332428,-116.48870944976807,7.8800001740455627,2.9100868105888367,4.1799999922513962,3.7525117099285126
887,33.916166998445988,33.686099946498871,-117.79916700720787,-117.84458437561989,15.459999991580844,4.3636956810951233,3.1399999558925629,3.0882000625133514
2069,33.815999999642372,33.703734070062637,-117.04199999570847,-117.16582071781158,15.100000002421439,3.8438540697097778,3.5999999642372131,3.2429282963275909
1347,35.925600051879883,35.959570646286011,-117.67460000514984,-117.89005037397146,7.2000002861022949,0.0811806321144104,3.4999999701976776,3.2396703958511353
1007,33.876332998275757,33.681635111570358,-116.8093329668045,-117.0152508020401,16.409999951720238,1.4033782482147217,3.2299999594688416,3.2045812904834747
355,35.688500046730042,35.813957333564758,-117.53433200716972,-117.62225621938705,6.5399998426437378,0.79898715019226074,3.2999999821186066,3.185868501663208
1003,34.001333000021987,33.785504907369614,-116.9025000333786,-117.09360307455063,13.900000043213367,2.1637916564941406,3.4999999701976776,3.3644396066665649
682,35.905833005905151,34.58362090587616,-117.65733298659325,-117.94667954742908,9.4999998807907104,1.641499400138855,3.7400000095367432,3.4049134254455566
827,35.702000021934509,35.610220670700073,-117.53610000014305,-117.42278176546097,9.9999998509883881,1.0789453983306885,3.4999999701976776,3.2029116153717041
1538,33.504999995231628,33.279896795749664,-116.46300005912781,-116.86100888252258,6.9999995827674866,3.3213964104652405,3,3.1146932244300842
984,33.134167015552521,32.934029221534729,-116.65566694736481,-116.75536489486694,2.7299997210502625,0.52634686231613159,3.070000022649765,3.0874088108539581
1233,33.883699998259544,33.87143287062645,-117.96649999916553,-118.00408808328211,19.000000208616257,3.588351309299469,3.4999999701976776,3.193874180316925
2149,34.202000007033348,34.101518839597702,-116.86549997329712,-117.19928407669067,2.9999998211860657,2.8257501125335693,4.5,3.673736035823822
140,35.881832957267761,35.899229288101196,-117.68599998950958,-117.83552937209606,4.1800001263618469,0.94161182641983032,3.6999999582767487,3.3874350786209106
217,35.688832998275757,35.960519075393677,-117.51499998569489,-118.08236165344715,7.1400001645088196,0.54397523403167725,3.8099999874830246,3.2766946256160736
2076,35.120000004768372,34.379832148551941,-118.60699999332428,-118.18297113478184,3.9999997615814209,0.39322704076766968,3,3.1201891601085663
2358,33.805999994277954,33.8388611972332,-117.75300000607967,-117.85686352849007,2.800000011920929,2.5546252727508545,3.199999988079071,3.2692092061042786
2249,34.224000006914139,34.067983575165272,-118.81400001049042,-118.5730859041214,7.4000000953674316,3.6853837966918945,4.1999999955296516,3.6379388272762299
1754,34.866999983787537,34.84544849395752,-116.34200000762939,-116.5595440864563,4.7999998927116394,0.24329513311386108,3,3.2724809646606445
1499,33.129700005054474,32.902805209159851,-116.43929994106293,-116.759033203125,13.399999961256981,3.0038577318191528,3.8999999910593033,3.4758113622665405
22,35.566333055496216,35.596357107162476,-117.35266697406769,-117.60957789421082,2.6699995994567871,0.23467808961868286,3.5899999737739563,3.2081167101860046
711,35.899832963943481,34.642342746257782,-117.69549998641014,-117.85162216424942,6.8900004029273987,4.3369853496551514,3.5699999928474426,3.6247115135192871
1157,33.576200008392334,33.588900804519653,-118.27610000967979,-118.2824133336544,17.300000041723251,3.3719596266746521,3.9999999850988388,3.4762350618839264
2526,34.230000004172325,34.147859141230583,-116.43900001049042,-116.99607586860657,6.1000004410743713,2.2068563103675842,3,3.1671316623687744
871,33.520666986703873,33.274346530437469,-116.5723329782486,-117.07080489397049,2.0399996638298035,3.4098118543624878,3.1099999845027924,3.1045913100242615
1507,32.834699988365173,32.368991255760193,-116.02849996089935,-116.49116039276123,13.499999977648258,0.68445414304733276,3.6999999582767487,3.1575816571712494
10,35.716500043869019,35.771292805671692,-117.57383298873901,-117.66464740037918,4.3299999833106995,0.12036234140396118,3.5999999642372131,3.2758296132087708
2447,32.64300000667572,32.331459283828735,-116.08399999141693,-116.60165214538574,6.9999995827674866,2.7653208374977112,3,3.0871964693069458
2396,33.502999991178513,33.419204711914062,-118.20100000500679,-118.34573292732239,5.9999996423721313,2.9201379418373108,3.199999988079071,3.0630009770393372
1749,35.485100030899048,35.508109569549561,-118.42260000109673,-118.87363821268082,6.6999998688697815,0.018222928047180176,3.6999999582767487,3.1667444407939911
1315,33.645999997854233,33.48152095079422,-116.74000000953674,-117.02127975225449,16.899999976158142,0.77782362699508667,3,3.0568913519382477
754,35.622334003448486,35.595011234283447,-117.57333400845528,-117.49155259132385,6.1900001764297485,1.1451217532157898,3.6500000059604645,3.3875886797904968
626,35.889333009719849,34.488645881414413,-117.71200001239777,-117.98357019945979,3.8600000739097595,4.6159753203392029,4.1999999955296516,3.6072099208831787
2133,34.367000013589859,34.388409852981567,-116.13199996948242,-117.11337029933929,3.3000004291534424,4.3683010339736938,3.3999999761581421,3.199696272611618
1510,34.388000011444092,34.136533603072166,-117.50200000405312,-117.59700214862823,13.900000043213367,3.7412059307098389,3.0999999940395355,3.1957128345966339
129,35.656167030334473,35.67402982711792,-117.51333299279213,-117.55694404244423,9.9799999594688416,0.76208531856536865,3.1399999558925629,3.1651342213153839
843,35.644000053405762,34.439776599407196,-117.56716701388359,-117.95874309167266,4.6399998664855957,4.8965504765510559,4.4899999997578561,4.7135687246918678
323,35.567500948905945,35.610770225524902,-117.35016602277756,-117.4134224653244,1.2099999189376831,0.18360346555709839,3.4899999797344208,3.2073205411434174
1937,34.003000000026077,33.839623689651489,-118.44499999284744,-118.39726555347443,12.60000005364418,1.7822840809822083,3.0999999940395355,3.1685833632946014
1494,34.991999983787537,34.859873592853546,-116.94900000095367,-117.13133293390274,8.1999997794628143,0.46999633312225342,3,3.1354275047779083
1284,32.886399984359741,32.415157794952393,-116.19599997997284,-116.56729888916016,9.3000000715255737,0.45555800199508667,3,3.0901709496974945
2461,35.728999972343445,35.903208374977112,-117.57499998807907,-117.7955487370491,0.80000013113021851,1.3858598470687866,3.4999999701976776,3.3903977572917938
14,34.26800000667572,34.072939068078995,-117.45300000905991,-117.59346455335617,9.960000067949295,1.839594841003418,3,3.1118366718292236
947,35.391999959945679,35.254469871520996,-118.54449999332428,-118.95548474788666,4.7700002789497375,0.14862298965454102,3.6999999582767487,3.1655326187610626
215,35.702332019805908,35.843008518218994,-117.509162992239,-117.54863995313644,1.3099998235702515,0.36735624074935913,3.5300000309944153,3.3266188502311707
2498,34.317999988794327,34.180176094174385,-116.45299994945526,-117.03033137321472,5.6999999284744263,4.4310057163238525,3.199999988079071,3.2501091063022614
1995,32.753100037574768,32.573187708854675,-116.81180000305176,-117.0846796631813,22.599999904632568,2.6431417465209961,3,3.2259646654129028
1182,32.187100052833557,32.285235643386841,-117.65110000967979,-117.80285507440567,7.9000000655651093,3.2192695140838623,4.0999999791383743,3.2566811442375183
1703,35.907699942588806,35.956645488739014,-116.7311999797821,-117.22663569450378,2.9999998211860657,0.93259960412979126,3,3.2576918005943298
1611,33.209699988365173,32.990853905677795,-119.25409996509552,-118.79796576499939,11.599999889731407,4.5878139138221741,4.3999999947845936,3.7002502977848053
864,33.213333010673523,32.517956256866455,-116.06649994850159,-116.5800621509552,10.629999786615372,4.0587812662124634,3.4999999701976776,3.1439958214759827
516,35.703498959541321,35.5567227602005,-117.50516501069069,-117.45872604846954,4.5299997925758362,0.66806763410568237,3.2999999821186066,3.3682766854763031
597,35.630000948905945,35.392295360565186,-117.43183100223541,-117.39353722333908,3.0700001120567322,5.8736193180084229,3.4999999701976776,3.3921168744564056
195,35.941833972930908,35.981769204139709,-117.69132998585701,-118.07545969635248,2.7899998426437378,0.47454893589019775,3.0399999618530273,3.3215840756893158
1277,32.165599942207336,32.131849765777588,-117.61829999089241,-117.85003308951855,1.2999996542930603,5.7811564207077026,3.2999999821186066,3.1387730240821838
288,35.650665044784546,35.705144882202148,-117.4641649723053,-117.50397148728371,8.7599998712539673,0.61950981616973877,3.4999999701976776,3.2714447379112244
950,34.243332996964455,34.060572408139706,-117.45800000429153,-117.63786965608597,11.639999896287918,2.5192755460739136,3.3999999761581421,3.1308563053607941
2390,34.671999990940094,34.725546479225159,-116.27400004863739,-117.08595317602158,17.800000011920929,5.1151567697525024,3,3.1945980191230774
2034,34.671000003814697,34.395442277193069,-116.35800004005432,-116.75520861148834,2.8999999165534973,0.50733804702758789,3.199999988079071,3.1881358623504639
2421,34.954999983310699,34.78169459104538,-116.37100005149841,-117.31115818023682,11.100000143051147,5.7661843299865723,3,3.1157602965831757
1120,34.196999996900558,34.077091686427593,-116.90683305263519,-117.22248315811157,10.109999924898148,0.22896140813827515,3.4699999988079071,3.2583297193050385
1622,32.935999989509583,32.384916067123413,-116.05200004577637,-116.49457681179047,6.3000002503395081,0.52428781986236572,3,3.0938968062400818
549,35.674332022666931,34.362228512763977,-117.46933001279831,-117.95235653221607,6.3799998164176941,4.5646870136260986,3.3999999761581421,3.2006921768188477
156,35.899667024612427,35.948688387870789,-117.71766701340675,-117.85294635593891,8.5600000619888306,4.9363714456558228,3.0800000131130219,3.3142733573913574
419,35.899502038955688,35.922539949417114,-117.69000199437141,-117.60406410694122,0.85000008344650269,2.2980469465255737,3.2299999594688416,3.2132171988487244
922,34.298667013645172,34.075853273272514,-116.93416702747345,-117.18832856416702,3.9800003170967102,0.18857628107070923,3.1600000262260437,3.1526691913604736
2185,33.949000000953674,33.836431920528412,-119.18900001049042,-119.26690793037415,0.90000003576278687,1.2444761395454407,3.199999988079071,3.1837521493434906
477,35.881500005722046,34.637979865074158,-117.71733298897743,-117.93237786740065,5.6399998068809509,4.5583909749984741,4.7000000104308128,3.6186085939407349
1657,35.273699998855591,35.141791582107544,-119.42110002040863,-119.78428542613983,1.5000003576278687,0.48026025295257568,3.5999999642372131,3.1735974848270416
1701,32.740599989891052,32.783754348754883,-117.37169998884201,-117.42344486713409,9.9999998509883881,2.9609861969947815,3.199999988079071,3.1011283099651337
1523,35.19379997253418,35.05739414691925,-118.59079998731613,-118.97887229919434,9.8000000417232513,0.38320362567901611,3.7999999970197678,3.3287762403488159
1471,35.35099995136261,35.172016620635986,-118.56099998950958,-118.99333035945892,5.4000002145767212,0.067386925220489502,3.3999999761581421,3.1110245883464813
553,35.575999975204468,35.426384806632996,-117.36216700077057,-117.39047509431839,2.9600000381469727,0.31881451606750488,3.4799999892711639,3.1948119699954987
1202,34.197999998927116,34.109326742589474,-116.93739998340607,-117.29182708263397,10.60000017285347,3.9736407995223999,4.5,4.1033594906330109
390,35.870833992958069,35.805504560470581,-117.71383699774742,-117.90852000564337,6.770000159740448,0.16824334859848022,3.9800000041723251,3.4110746383666992
578,35.904999017715454,34.45530566573143,-117.71883401274681,-118.04134253785014,4.2099997401237488,2.4306634068489075,3.2800000011920929,3.3729976415634155
2346,35.802000045776367,35.933960437774658,-118.04500000178814,-118.36399376392365,9.2000001668930054,0.12458950281143188,3,3.2170795798301697
2357,35.925999999046326,35.968923926353455,-118.33300000429153,-118.69975459575653,5.6000000238418579,0.030376017093658447,3.6999999582767487,3.213954359292984
2298,32.154000043869019,32.10210108757019,-117.33999997377396,-116.84764695167542,7.9000000655651093,5.3156286478042603,3,3.0815704464912415
820,35.704833030700684,35.535641670227051,-117.48083299398422,-117.36028629541397,8.4999999403953552,5.7062423229217529,3.4999999701976776,3.2223708629608154
2431,34.880999982357025,34.949532508850098,-116.38699996471405,-117.01756834983826,3.1999996304512024,0.79003393650054932,3.199999988079071,3.1702050268650055
1006,33.881833001971245,33.698841899633408,-116.79883301258087,-117.05921590328217,15.380000006407499,1.166955828666687,3.3700000047683716,3.2169568240642548
1248,35.305099964141846,35.191848516464233,-118.49180001020432,-118.86044979095459,7.9000000655651093,0.11271536350250244,3.6999999582767487,3.1786932349205017
2098,34.657999992370605,34.610470592975616,-116.29499995708466,-116.63541495800018,4.6000000834465027,6.1553174257278442,3,3.1741804182529449
664,35.639832973480225,35.06143844127655,-117.43633300065994,-117.56416794657707,3.3099997043609619,4.8456653952598572,3.199999988079071,3.4241099953651428
2245,34.254999995231628,34.13337279856205,-118.77499997615814,-118.49045312404633,12.60000005364418,4.5766362547874451,3.5999999642372131,3.6011969447135925
142,33.452832996845245,33.176796913146973,-116.57633304595947,-117.03221952915192,10.799999982118607,1.7340946197509766,3.5899999737739563,3.198695182800293
2204,34.577000021934509,34.415967673063278,-116.26600003242493,-117.04267477989197,3.3000004291534424,4.9845018982887268,3.0999999940395355,3.1027905642986298
1882,32.121999979019165,32.165047883987427,-116.64300000667572,-116.7918758392334,4.9999997019767761,1.6417273879051208,3.2999999821186066,3.0654411613941193
421,35.648998022079468,35.697735071182251,-117.51783001422882,-117.29634910821915,9.8600001633167267,1.8482127785682678,3.1700000166893005,3.1807733774185181
799,35.693832039833069,35.599916815757751,-117.49449902772903,-117.483343064785,0.97000032663345337,0.28687387704849243,3.2600000202655792,3.1915930509567261
615,35.640166997909546,35.636510252952576,-117.4468309879303,-117.33422416448593,2.3099997639656067,2.0458826422691345,4.2999999895691872,3.766221284866333
1318,33.782000005245209,33.639228224754333,-116.08120000362396,-116.65524935722351,4.7999998927116394,4.5965239405632019,3.4999999701976776,3.124285876750946
295,35.949664950370789,35.934864521026611,-117.72233599424362,-118.07609422504902,2.0499998331069946,1.8762257695198059,3.1899999976158142,3.1986268758773804
401,35.609164953231812,35.435188055038452,-117.41483300924301,-117.51199063658714,3.020000159740448,0.67383527755737305,3.1600000262260437,3.1741754114627838
88,35.669832944869995,35.735289812088013,-117.47500002384186,-117.49214857816696,3.8499999046325684,0.44726550579071045,3.4999999701976776,3.1655057966709137
2072,34.989000022411346,35.074870347976685,-119.18850004673004,-119.41586232185364,12.100000083446503,0.37570327520370483,4.7000000104308128,3.8840167969465256
2500,34.670000016689301,34.542431175708771,-116.21300005912781,-116.60936617851257,5.9999996423721313,6.6817885637283325,3,3.1805317103862762
131,35.778833031654358,35.937134504318237,-117.6176669895649,-117.91992695629597,8.449999988079071,0.12433737516403198,3.0299999713897705,3.2179704308509827
1623,35.958999991416931,35.937676787376404,-117.33899998664856,-117.77228970825672,2.6000002026557922,0.026699602603912354,3,3.1666152477264404
1612,33.913999997079372,33.723888218402863,-117.05900001525879,-117.20594161748886,13.499999977648258,1.2873700261116028,3.2999999821186066,3.2292433977127075
1721,35.98199999332428,35.944122076034546,-117.31900000572205,-117.69365811347961,3.6000001430511475,0.032334029674530029,3,3.2277929484844208
1402,33.718600004911423,33.512953013181686,-116.04879999160767,-116.4744770526886,11.599999889731407,3.7004363536834717,3.4999999701976776,3.1456116735935211
2080,34.041499998420477,33.966029155999422,-117.74869999289513,-117.97394278645515,16.700000055134296,2.9309061169624329,3.4999999701976776,3.2500558197498322
2196,34.275599986314774,34.100945569574833,-116.86160004138947,-117.23108947277069,7.1000003814697266,0.8237224817276001,3.5999999642372131,3.3914951384067535
1188,34.311300009489059,34.294447809457779,-116.41999995708466,-116.80443000793457,8.9999999105930328,1.1656737327575684,3.7999999970197678,3.5980809330940247
724,35.748000025749207,34.499538272619247,-117.54566699266434,-117.86824674904346,3.8999998569488525,4.5883941650390625,4.9000000208616257,4.3019780293107033
1314,33.958000000566244,33.814329519867897,-118.41800001263618,-118.38108918070793,11.900000050663948,3.1412690877914429,3.0999999940395355,3.1450339257717133
1862,34.367000013589859,34.398347318172455,-116.12300002574921,-116.5693097114563,5.9999996423721313,1.3586381077766418,3.3999999761581421,3.3138528764247894
269,35.862998962402344,35.948444247245789,-117.69400000572205,-118.00643133372068,7.8399999439716339,0.87755262851715088,3.199999988079071,3.1811465620994568
1836,34.215000003576279,33.705334037542343,-119.92799997329712,-119.86837232112885,5.9999996423721313,4.3669742345809937,3.0999999940395355,3.0776926875114441
2095,34.166999995708466,34.042272858321667,-117.40700000524521,-117.58467862010002,11.700000017881393,4.2013737559318542,3.2999999821186066,3.1311668157577515
1372,33.061699986457825,32.441917657852173,-116.0485999584198,-116.49647688865662,11.299999952316284,1.2983286380767822,3.2999999821186066,3.0875034928321838
917,34.135000005364418,34.519579410552979,-117.77099999785423,-117.95561480894685,4.440000057220459,4.5712441205978394,3.3899999856948853,3.6534164249897003
1662,35.989300012588501,35.9635169506073,-117.29879999160767,-117.64246082305908,5.7999998331069946,0.030849874019622803,3.0999999940395355,3.2428810894489288
1319,33.454299986362457,33.292739450931549,-116.44060003757477,-117.01573520898819,8.4999999403953552,4.3357685208320618,3.5999999642372131,3.2118417620658875
2167,35.327999949455261,35.334090232849121,-118.6690000295639,-119.04074287414551,2.4000003933906555,0.10784357786178589,3.199999988079071,3.1652878224849701
2471,34.666000008583069,34.617315471172333,-116.25800001621246,-117.03685969114304,0.99999994039535522,5.0229263305664062,3.0999999940395355,3.199372798204422
587,35.872833013534546,35.80982506275177,-117.66083499789238,-117.54366481304169,3.3500003814697266,1.0339656472206116,3.9599999785423279,3.3917341232299805
2407,34.030999999493361,33.87970756739378,-116.46700000762939,-116.97324860095978,17.599999979138374,2.0612794160842896,3.199999988079071,3.2008028626441956
2532,32.044999957084656,32.621247053146362,-116.54299998283386,-117.45315492153168,3.7000000476837158,8.721129298210144,3,3.0582801997661591
375,35.896000027656555,35.968106269836426,-117.72666901350021,-117.95415005460382,4.3900001049041748,0.80546379089355469,3.2999999821186066,3.1538815498352051
333,35.932834982872009,35.651971578598022,-117.70249900221825,-117.98645740561187,2.3599997162818909,0.72689920663833618,3.4999999701976776,3.1835971176624298
1847,33.244599997997284,32.905336141586304,-116.13359999656677,-116.49543476104736,8.4000000357627869,2.8591650724411011,4.3999999947845936,3.6338141262531281
2388,32.432999968528748,32.126746654510498,-117.88000000268221,-117.76837262511253,8.8000001013278961,5.671551525592804,3.3999999761581421,3.0977424681186676
1118,34.119167000055313,33.948978677392006,-116.91250002384186,-117.15019541978836,7.2299998998641968,1.1775898933410645,3.3099999725818634,3.3139630258083344
1442,35.388000011444092,35.527665019035339,-117.84000000357628,-118.06209777295589,5.899999737739563,0.04169762134552002,3.2999999821186066,3.2470435202121735
1599,34.014000000432134,33.820820659399033,-117.11599999666214,-117.19746220111847,11.200000047683716,1.5181142091751099,3.199999988079071,3.0570479929447174
910,34.002000000094995,33.873942658305168,-117.01783299446106,-117.17433023452759,16.330000050365925,2.7651777863502502,3.6100000441074371,3.3416478037834167
776,35.721168994903564,35.616667032241821,-117.52400198578835,-117.56449344754219,2.2099998593330383,0.14970302581787109,3.199999988079071,3.2425936460494995
2267,34.351999998092651,34.698452055454254,-116.47200000286102,-117.9316017255187,9.3999999761581421,0.25588899850845337,3.3999999761581421,3.2013351023197174
328,35.911834955215454,35.975855112075806,-117.73600000143051,-117.91761013865471,2.0600000023841858,1.2151086330413818,3.4699999988079071,3.308025062084198
1342,34.170000001788139,34.047394998371601,-117.66699999570847,-117.79567524790764,2.9999998211860657,1.1106589436531067,3,3.0782043635845184
320,35.896167993545532,35.964373111724854,-117.69200098514557,-117.95480628684163,6.5100002288818359,1.0009494423866272,3.2600000202655792,3.2858168184757233
2060,33.424000024795532,33.18020361661911,-116.97200000286102,-117.18210488557816,11.700000017881393,3.4622517228126526,3.3999999761581421,3.1710638701915741
12,35.616832971572876,35.701786518096924,-117.47200000286102,-117.47414344549179,6.7800003290176392,0.36080360412597656,3.4999999701976776,3.2579981982707977
897,33.49066698551178,33.499971330165863,-116.8038330078125,-117.1423105597496,2.4199998378753662,2.1746107935905457,3.0999999940395355,3.1693749725818634
171,35.876000046730042,35.972177505493164,-117.67950001358986,-117.98569910787046,4.5399999618530273,1.82485431432724,3,3.2867743670940399
260,35.683665990829468,35.811748623847961,-117.54116800427437,-117.83491691946983,4.5799997448921204,0.063467323780059814,3,3.1976362466812134
1921,35.657999992370605,35.726046800613403,-119.18799996376038,-119.65293657779694,25.599999725818634,0.020275712013244629,3,3.1600458920001984
689,35.902500033378601,35.01912534236908,-117.71633300185204,-117.80795338749886,8.4699998795986176,5.0654375553131104,4.0999999791383743,3.5766113698482513
901,33.779332995414734,33.561274498701096,-116.13383305072784,-116.56302618980408,7.8700000047683716,4.8892486095428467,3.199999988079071,3.0546249747276306
258,35.545333981513977,35.495905160903931,-117.38566601276398,-117.43559956550598,-0.040000677108764648,0.62625199556350708,3.2199999690055847,3.3572682738304138
844,35.705167055130005,35.793875217437744,-117.50600001215935,-117.3200511932373,10.709999799728394,5.8642074465751648,6.3999999761581421,4.7408761158585548
2335,35.797999978065491,35.964188456535339,-118.04100000113249,-118.53585028648376,7.1000003814697266,0.0097176432609558105,3,3.1443187594413757
138,33.311333000659943,32.921684980392456,-116.25516700744629,-116.78211688995361,11.650000065565109,3.0565470457077026,3.1399999558925629,3.0934837460517883
1573,34.418999999761581,33.883039385080338,-119.98099994659424,-119.8535453081131,6.7999997735023499,5.1678800582885742,3,3.103474348783493
319,35.644665002822876,35.782498359680176,-117.42350000143051,-117.52469313144684,4.1999995708465576,0.25297701358795166,3.2899999916553497,3.187338799238205
653,35.883499979972839,34.665946185588837,-117.72766700387001,-117.6310550570488,7.5100001692771912,4.3619996309280396,3.5999999642372131,3.6628471612930298
1953,35.044999957084656,34.994903922080994,-119.00699996948242,-119.51215195655823,11.200000047683716,0.16210734844207764,3.8999999910593033,3.2642644643783569
1871,35.934999942779541,35.980370998382568,-117.68099999427795,-118.00451277941465,2.9999998211860657,0.057661235332489014,3.0999999940395355,3.3045496344566345
558,35.556331992149353,35.226868152618408,-117.34316998720169,-117.30906933546066,3.1800001859664917,3.3465045690536499,3.550000011920929,3.7737380862236023
139,35.950667023658752,35.973871111869812,-117.70433300733566,-117.9391620606184,2.9499998688697815,1.5146398544311523,3.3799999952316284,3.3464527130126953
112,35.808166980743408,35.879439473152161,-117.6323330104351,-117.75499939918518,8.1599999964237213,2.8324136137962341,3,3.210378885269165
531,35.922669053077698,35.990883708000183,-117.69249698519707,-117.43983030319214,2.290000319480896,6.0120463371276855,3.3199999630451202,3.164033979177475
224,35.658668994903564,35.668571949005127,-117.46399700641632,-117.48961591720581,3.2900002598762512,1.3757917284965515,3.199999988079071,3.342469722032547
723,35.617166996002197,34.374670565128326,-117.42750000953674,-117.85942919552326,8.449999988079071,4.7005873918533325,4.8000000044703484,4.4073435477912426
2353,35.748999953269958,35.906200170516968,-118.01799999922514,-118.34044823050499,5.6000000238418579,0.19200414419174194,3.0999999940395355,3.2657371759414673
2165,34.894999980926514,34.649102926254272,-119.35699999332428,-119.37161636352539,12.999999895691872,3.2707750797271729,3.0999999940395355,3.1222232580184937
1433,33.767000004649162,33.579057157039642,-118.1330000013113,-118.17553043365479,3.9999997615814209,2.0654779672622681,3,3.1101712882518768
325,35.757500052452087,35.880754709243774,-117.59116399288177,-117.92905895411968,2.7700003981590271,0.063166022300720215,3.199999988079071,3.1422379910945892
1323,33.482599973678589,33.185535430908203,-116.45239996910095,-117.0108078122139,10.200000107288361,4.1695600748062134,4.7000000104308128,3.921595886349678
1997,33.881999999284744,33.87400059401989,-118.45100000500679,-118.44023057818413,11.200000047683716,4.941268265247345,3.3999999761581421,3.3452248871326447
1458,34.832000017166138,34.806599915027618,-116.37800002098083,-116.6948139667511,3.9999997615814209,0.41489392518997192,3.199999988079071,3.175340473651886
1736,35.371000051498413,35.270623922348022,-118.65299999713898,-119.36057996749878,5.6000000238418579,0.032143592834472656,3.0999999940395355,3.0800682306289673
2417,34.814000010490417,34.918501555919647,-116.26199996471405,-116.99204468727112,4.7999998927116394,4.3759667873382568,3.199999988079071,3.2332091331481934
714,35.902999997138977,34.515514075756073,-117.69116699695587,-117.69753336906433,7.0099997520446777,4.1864660382270813,4.0999999791383743,3.6376646161079407
846,35.050333023071289,34.86116898059845,-118.93599998950958,-119.05630648136139,8.7399999797344208,1.0758680105209351,3.4400000274181366,3.1560890078544617
193,35.888499975204468,35.722973346710205,-117.625,-117.47097688913345,15.039999999571592,0.2765965461730957,3.0999999940395355,3.2339226007461548
1983,34.845000028610229,34.838870346546173,-116.32299995422363,-116.67632949352264,4.8999997973442078,0.39909392595291138,3.199999988079071,3.2754133343696594
573,35.841835021972656,35.87416684627533,-117.68382999300957,-117.72355076670647,7.0900002121925354,7.2913572192192078,3.7999999970197678,3.3958929777145386
946,35.043499946594238,34.924474000930786,-119.04233300685883,-119.18559908866882,7.7299998700618744,0.5357024073600769,4.0999999791383743,3.6346658170223236
503,35.754333972930908,35.736261010169983,-117.47816497087479,-117.49683755636215,-0.78000068664550781,0.21461427211761475,3.199999988079071,3.2077916264533997
1864,32.706300020217896,32.303202152252197,-116.02409994602203,-116.43148732185364,11.499999985098839,0.14194786548614502,3.7999999970197678,3.1066111922264099
2014,34.270999997854233,34.196031972765923,-119.68299996852875,-119.83890104293823,0.19999980926513672,2.5571545958518982,3.4999999701976776,3.2666212320327759
645,35.830832958221436,34.803374111652374,-117.67766600847244,-117.74378475546837,3.4699997305870056,1.8985149264335632,3.8199999779462814,3.4545215964317322
3,35.950832962989807,35.954219341278076,-117.36599999666214,-117.78404487669468,2.7399998903274536,0.037023425102233887,3.2999999821186066,3.2842413783073425
1833,34.123999997973442,34.035277046263218,-117.30199998617172,-117.56607228517532,14.100000020116568,1.9048663973808289,3.2999999821186066,3.0905091762542725
467,35.780334949493408,35.046247243881226,-117.60150200128555,-117.65082243084908,16.970000043511391,5.0703173875808716,3.0999999940395355,3.1138462722301483
1345,33.71000000834465,33.652840912342072,-117.34899997711182,-117.43843054771423,13.399999961256981,2.4866330623626709,3.2999999821186066,3.1780856251716614
5,35.647832989692688,35.703531742095947,-117.45916700363159,-117.42714130878448,4.0499997138977051,1.0717561841011047,3.8999999910593033,3.6867772936820984
1246,35.982300043106079,35.952135443687439,-117.27240002155304,-117.64676705002785,3.7000000476837158,3.7693575024604797,3.8999999910593033,3.2612527012825012
919,33.897832997143269,33.713303804397583,-116.21449995040894,-116.64010334014893,7.1799999475479126,3.9269095659255981,3.0299999713897705,3.0654231011867523
547,35.855666995048523,35.754533529281616,-117.67416700720787,-117.46842700242996,5.6600001454353333,2.8251475095748901,3.199999988079071,3.4527799487113953
228,35.672500967979431,35.770124197006226,-117.48983001708984,-117.42427891492844,3.059999942779541,0.92185914516448975,3.5999999642372131,3.4582526385784149
1063,34.202167004346848,34.049204610288143,-116.8313330411911,-117.19563454389572,6.9999995827674866,0.64900696277618408,3.070000022649765,3.1031154692173004
542,35.871333956718445,35.501029372215271,-117.71366900205612,-117.37394380569458,5.0499996542930603,0.25591939687728882,3.4400000274181366,3.1487362682819366
242,35.876499056816101,35.904913544654846,-117.70683300495148,-117.8865367397666,4.4299998879432678,1.1025479435920715,3.7999999970197678,3.4882184565067291
898,35.671200037002563,32.686775803565979,-116.13300001621246,-117.0043351650238,26.100000143051147,1.8879997730255127,3.0999999940395355,3.0856003761291504
2496,34.59799998998642,34.52234423160553,-116.24199998378754,-116.89788544178009,3.099999725818634,6.0026049613952637,3,3.1802011728286743
1160,33.456200003623962,33.289756059646606,-118.08100000023842,-118.22549171745777,8.8000001013278961,4.1018539667129517,3,3.0748317539691925
1889,33.689999997615814,33.486627221107483,-116.79499995708466,-117.0355612039566,15.299999993294477,2.0361140370368958,3.199999988079071,3.0842316448688507
2118,34.18299999833107,34.16601200401783,-117.47899997234344,-117.71752521395683,3.3000004291534424,4.3826490640640259,3.0999999940395355,3.259236752986908
1742,35.901999950408936,35.94197952747345,-117.02100002765656,-117.40742456912994,0.70000022649765015,0.087091326713562012,3.0999999940395355,3.1716122031211853
1866,32.723000049591064,32.290142774581909,-116.04200005531311,-116.51334047317505,3.099999725818634,0.1709747314453125,3.0999999940395355,3.1066372096538544
842,35.678500056266785,34.981344044208527,-117.45249998569489,-117.54193750023842,15.760000012814999,4.0839689970016479,3,3.6803946197032928
1373,33.877199999988079,33.974582461640239,-117.78309999406338,-117.7829048037529,13.599999994039536,3.7252110242843628,3.199999988079071,3.5905249714851379
2531,34.674000024795532,34.628210186958313,-116.31299996376038,-116.86658585071564,1.3999995589256287,6.205303966999054,3.0999999940395355,3.1655640006065369
2222,32.046000003814697,32.05951201915741,-116.31599998474121,-116.86771082878113,3.9999997615814209,5.9643834829330444,3,3.1103148758411407
1526,34.130999997258186,33.993336240295321,-117.44700002670288,-117.58535525202751,7.9000000655651093,3.6189481616020203,3.2999999821186066,3.1169722974300385
1605,32.699900031089783,32.687147855758667,-118.20960000157356,-118.33806651830673,7.9999999701976776,1.8271359801292419,4.3999999947845936,3.2218151092529297
276,35.740165948867798,35.929986953735352,-117.56400299072266,-117.79227252304554,3.0399996042251587,0.1217535138130188,3,3.2070837020874023
661,35.878000020980835,34.874919772148132,-117.70166701078415,-117.65117514133453,4.5799997448921204,4.607965350151062,4.0999999791383743,3.2743545770645142
1883,34.28999999165535,34.146360397338867,-116.90600001811981,-117.22483414411545,6.2000003457069397,0.34564197063446045,3.3999999761581421,3.2751298248767853
2144,35.332000017166138,35.387181997299194,-118.66100001335144,-118.98752003908157,2.0999997854232788,0.17509996891021729,3,3.123692661523819
2397,34.861000001430511,34.737688541412354,-119.09800004959106,-119.10967421531677,21.599999964237213,1.9146716594696045,4.3999999947845936,3.6700064241886139
1916,33.793999999761581,33.564148336648941,-116.182000041008,-116.6209808588028,9.700000137090683,3.6611965298652649,3.0999999940395355,3.0783300697803497
314,35.672500967979431,35.419372081756592,-117.52583301067352,-117.58807215094566,7.6600000262260437,3.2598915696144104,3.0500000417232513,3.189929723739624
1466,32.944000005722046,32.26236367225647,-116.14300000667572,-118.43619927763939,20.000000149011612,0.31194359064102173,3.2999999821186066,3.1120701134204865
1343,34.328599989414215,34.160606071352959,-118.45370000600815,-118.34775319695473,10.799999982118607,1.9890269637107849,3.8999999910593033,3.4287750720977783
2091,33.694000005722046,33.204419732093811,-116.0349999666214,-116.54402756690979,12.499999925494194,6.1822253465652466,3.0999999940395355,3.0830866098403931
691,35.59850001335144,35.014803528785706,-117.41449999809265,-117.51631596684456,6.6899996995925903,4.4581389427185059,3.7999999970197678,3.5363136827945709
1541,32.126999974250793,32.120617747306824,-117.65189999341965,-117.6686883866787,1.2999996542930603,4.5595559477806091,3.2999999821186066,3.1376277208328247
612,35.715499997138977,35.357921600341797,-117.62733501195908,-117.53507894277573,5.4199996590614319,0.24045288562774658,3.3999999761581421,3.1586640179157257
424,35.928333044052124,35.845613479614258,-117.70500001311302,-117.50273299217224,2.369999885559082,2.0298832654953003,4.5,3.8074195683002472
1577,32.719300031661987,32.222250938415527,-116.04019999504089,-116.57665705680847,11.499999985098839,2.5502175092697144,3.4999999701976776,3.0966842472553253
594,35.887500047683716,35.317724943161011,-117.69699999690056,-117.64733570814133,4.1099998354911804,4.4951838254928589,3.5099999606609344,3.3998631834983826
2516,34.769999980926514,34.863363862037659,-116.40100002288818,-116.81901919841766,7.3000001907348633,4.4149249792098999,3.7999999970197678,3.8039661347866058
2008,34.114000000059605,34.004599786829203,-117.43300002813339,-117.67979675531387,4.5000001788139343,3.8048815727233887,3.2999999821186066,3.1429793536663055
622,35.801998019218445,35.087482690811157,-117.63166800141335,-117.46813821792603,1.4300000667572021,2.787947952747345,3.6999999582767487,3.1629635989665985
1861,32.48199999332428,32.386546969413757,-117.50499999523163,-117.43331569433212,6.9999995827674866,3.9374828338623047,3.0999999940395355,3.0718076527118683
1493,33.771799996495247,33.775699764490128,-118.14309999346733,-118.183250233531,16.400000005960464,4.7101181745529175,3.6999999582767487,3.4338058233261108
1677,34.142000004649162,34.034792043268681,-116.43400001525879,-117.01258510351181,5.5000001192092896,1.2800100445747375,3.0999999940395355,3.1330625116825104
227,35.944499969482422,35.943760514259338,-117.72116899490356,-117.84381428360939,2.4400001764297485,3.6072492599487305,3.5099999606609344,3.4013323187828064
2321,35.967000007629395,35.960687398910522,-117.84700000286102,-117.96367903053761,2.8999999165534973,0.36176294088363647,3.4999999701976776,3.2153076231479645
1169,34.00359999993816,33.868533432483673,-117.23369997739792,-117.34262013435364,19.299999922513962,1.0879853367805481,3.199999988079071,3.1324891448020935
108,35.735999941825867,35.893668532371521,-117.58050000667572,-118.02689333632588,9.5600000023841858,0.059175789356231689,3.0999999940395355,3.2332862913608551
1756,34.395000010728836,34.481450259685516,-119.65499997138977,-119.84325635433197,13.399999961256981,1.798112690448761,3.199999988079071,3.2016533017158508
66,34.005667000077665,33.853183761239052,-116.76433300971985,-117.07199573516846,13.299999944865704,0.96255272626876831,3.3999999761581421,3.152631551027298
1417,32.928400039672852,32.6458740234375,-116.36189997196198,-116.67522192001343,16.899999976158142,1.0881024599075317,3,3.0758315026760101
2286,34.275999993085861,34.205013871192932,-117.5,-118.47257527709007,13.700000010430813,0.14077484607696533,3.0999999940395355,3.1897938251495361
24,35.954666972160339,35.619138240814209,-119.93949997425079,-119.30710124969482,7.2199997305870056,1.3579344749450684,3.1700000166893005,3.0070242583751678
1235,33.911700002849102,33.867192417383194,-117.89119999855757,-117.93524004518986,11.799999922513962,4.468371570110321,3.6999999582767487,3.2187379896640778
2096,35.133000016212463,34.790664494037628,-118.93800002336502,-118.93498003482819,14.700000006705523,4.5050561428070068,3.2999999821186066,3.1204075813293457
144,35.893833041191101,35.949129581451416,-117.68450000882149,-117.83726891875267,2.6100003719329834,1.2404930591583252,3.4999999701976776,3.3461032211780548
536,35.895167946815491,35.901974201202393,-117.72666901350021,-117.72399768233299,7.4700003862380981,4.4122982025146484,4.2999999895691872,3.6522663831710815
811,35.675166964530945,34.319227457046509,-117.51483199000359,-117.49693477153778,1.7299997806549072,3.9773619174957275,3.2400000393390656,3.2181661427021027
1791,32.70990002155304,32.390273451805115,-117.17640000581741,-117.28382521867752,12.100000083446503,3.8432782888412476,3.199999988079071,3.1187193095684052
1497,35.963000059127808,35.984687805175781,-117.66299998760223,-118.04879428446293,2.9999998211860657,0.039770007133483887,3,3.1622968018054962
85,35.51783299446106,35.664390563964844,-117.41283297538757,-117.42992931604385,8.359999805688858,1.3236942887306213,3.2500000298023224,3.2097995281219482
1254,34.234400004148483,33.920247338712215,-119.55900001525879,-119.88323664665222,14.799999995157123,1.0757070779800415,3,3.0788256525993347
2093,33.350000023841858,32.892894506454468,-116.4190000295639,-116.78092503547668,12.400000020861626,2.0951136946678162,3.199999988079071,3.1342219412326813
2073,33.733000010251999,33.477710008621216,-117.50699999928474,-117.63764619827271,7.2000002861022949,2.2641634941101074,3,3.1330162882804871
1878,33.974999999627471,33.986255474388599,-117.07800000905991,-117.70784330368042,14.799999995157123,0.68479478359222412,3.0999999940395355,3.1124280095100403
2412,34.146999999880791,33.995667732786387,-116.46599996089935,-116.87070381641388,16.600000038743019,5.3974735736846924,3.0999999940395355,3.1160067021846771
484,35.671332955360413,35.477620482444763,-117.47200000286102,-117.48945385217667,2.8499999642372131,1.9996824860572815,3.3999999761581421,3.1439672112464905
1654,33.762999996542931,33.443977296352386,-116.01699995994568,-116.4189293384552,1.600000262260437,5.7502448558807373,3,3.0476629436016083
2257,33.89299999922514,33.955316498875618,-117.77599999308586,-117.92905103415251,6.8999996781349182,4.0324285626411438,3.2999999821186066,3.6060217022895813
2426,35.991999983787537,35.960492968559265,-117.86900000274181,-117.9711800199002,2.4000003933906555,0.091398954391479492,3.7999999970197678,3.1719258427619934
738,35.722831964492798,35.691508054733276,-117.52850300073624,-117.46333146095276,3.1400004029273987,1.4027827978134155,3.2600000202655792,3.259369432926178
1826,34.162699997425079,34.078546516597271,-117.40090000629425,-117.64170628786087,8.1999997794628143,1.7714220285415649,3.8999999910593033,3.5796786546707153
2219,32.075999975204468,32.113532423973083,-116.3400000333786,-116.79498505592346,3.1999996304512024,3.8846701383590698,3,3.0751036405563354
2502,34.029999999329448,33.786785364151001,-116.2849999666214,-116.74945306777954,4.3000003695487976,3.446328341960907,3.3999999761581421,3.1555523872375488
1798,33.713499993085861,33.726730823516846,-117.50420001149178,-117.56439089775085,14.599999990314245,4.1768467426300049,3.6999999582767487,3.3952925205230713
362,35.823500037193298,35.886835932731628,-117.66299998760223,-117.71858233213425,6.5100002288818359,4.8904448747634888,4.5,3.7932387739419937
749,35.601166009902954,35.654398202896118,-117.60399600863457,-117.61659672856331,4.1999995708465576,0.10524541139602661,3.4999999701976776,3.1626503169536591
2419,35.740000009536743,35.901576638221741,-117.61000001430511,-117.82242314517498,0.90000003576278687,0.097679793834686279,3.5999999642372131,3.2221004962921143
1646,33.895999997854233,33.814540684223175,-117.78599999845028,-117.77262365818024,3.9999997615814209,4.2696297168731689,3.0999999940395355,3.0415720045566559
1026,34.095333002507687,33.930960141122341,-116.4025000333786,-116.82791209220886,8.880000114440918,1.4863747358322144,3,3.0564427971839905
1030,33.219166994094849,32.482277154922485,-116.08249998092651,-116.51726412773132,13.35999995470047,3.2098245620727539,3.5400000214576721,3.1131629347801208
1926,34.247899994254112,34.080137774348259,-117.44110000133514,-117.64045122265816,9.9999998509883881,2.7490800619125366,3.2999999821186066,3.3817575573921204
1335,33.613000005483627,34.119566738605499,-116.66400003433228,-117.69484928250313,3.7999999523162842,1.3069233298301697,3.2999999821186066,3.0030332207679749
2087,33.379999995231628,33.029357612133026,-116.31700003147125,-116.63407409191132,13.100000023841858,0.37767738103866577,3,3.0618941187858582
1724,34.010999999940395,33.845844149589539,-117.21499997377396,-117.3368027806282,10.399999916553497,3.0321380496025085,3,3.0801240205764771
665,35.774166941642761,35.193928956985474,-117.61183300614357,-117.68016457557678,9.8800000548362732,0.52029132843017578,3.4899999797344208,3.2842588126659393
364,35.776833057403564,35.870004892349243,-117.58983600139618,-117.7377202808857,0.99999994039535522,0.55932998657226562,3.2400000393390656,3.1897402703762054
2229,34.524999976158142,34.001988112227991,-116.29100000858307,-117.23509514331818,8.8000001013278961,4.0291857719421387,3,3.1525366902351379
1239,34.123800002038479,33.996577474754304,-118.47510001063347,-118.42984080314636,15.200000004842877,5.1992243528366089,4.6000000052154064,3.953822135925293
77,32.858999967575073,32.719345331192017,-116.18533301353455,-116.73781752586365,6.2799999117851257,3.8461410999298096,3,3.0940765142440796
27,33.49966698884964,33.240408003330231,-116.45816695690155,-116.92152428627014,5.7300004363059998,3.0441302061080933,3.4099999666213989,3.1085615158081055
473,35.884667038917542,35.302992463111877,-117.71083301305771,-117.67167735099792,4.6100002527236938,5.6268319487571716,3.5099999606609344,3.2653344869613647
525,35.675498962402344,35.513445138931274,-117.5455020070076,-117.37801367044449,1.0899996757507324,6.0002079606056213,3.4500000178813934,3.231412947177887
725,35.921666979789734,34.327971428632736,-117.72900000214577,-117.87503537535667,8.1700001657009125,4.6252691745758057,4.6400000005960464,3.8658458143472672
55,35.743499994277954,35.900698184967041,-117.59299999475479,-117.67979246377945,5.9400004148483276,0.203896164894104,3.5899999737739563,3.3305436372756958
638,35.876667022705078,34.897446274757385,-117.72000101208687,-117.80154916644096,3.1099998950958252,3.8533240556716919,3.6400000154972076,3.1902841329574585
302,35.556331992149353,35.462237954139709,-117.38449901342392,-117.37238305807114,7.8000001609325409,1.5543204545974731,3.4099999666213989,3.2750859260559082
718,35.80316698551178,34.30610266327858,-117.6178329885006,-117.7340997159481,11.440000087022781,4.4962602853775024,4.8400000110268593,4.1478663459420204
2201,33.747000008821487,33.267705619335175,-116.02400004863739,-116.61610507965088,8.8000001013278961,6.2867116928100586,3,3.0739341080188751
1929,34.328999996185303,34.252886176109314,-116.83200001716614,-117.07815557718277,5.0999996066093445,1.6604456305503845,4.0999999791383743,3.6971282064914703
624,35.891499042510986,35.338727712631226,-117.6880039870739,-117.44130927324295,4.6399998664855957,3.6150670051574707,3.7400000095367432,3.1930599510669708
7,35.664000034332275,35.773405790328979,-117.56516700983047,-117.74426785111427,6.8200001120567322,0.054860115051269531,3.2299999594688416,3.1536553502082825
1280,33.449000000953674,33.224379241466522,-116.58599996566772,-117.01264929771423,14.400000013411045,0.61205953359603882,3.2999999821186066,3.0887383818626404
803,35.715999960899353,35.755787491798401,-117.56000000238419,-117.55973193049431,1.9200003147125244,0.78724980354309082,4.7000000104308128,3.7426948249340057
1049,35.898000001907349,35.96864926815033,-117.68316701054573,-117.86136901378632,2.5799998641014099,0.5263906717300415,3.3700000047683716,3.2832418978214264
336,35.917500019073486,35.977792978286743,-117.72066500782967,-117.98550270590931,2.369999885559082,1.0386443138122559,3.0999999940395355,3.2812306880950928
1596,35.712000012397766,35.821043968200684,-117.48500001430511,-117.66922074556351,9.8999999463558197,0.08749544620513916,3.0999999940395355,3.1805207133293152
47,35.560832977294922,35.555303931236267,-117.43433302640915,-117.46934616565704,4.5000001788139343,0.41645854711532593,3.4999999701976776,3.2096191048622131
2181,35.320000052452087,35.263302803039551,-118.66100001335144,-118.89138799905777,5.6000000238418579,0.79950392246246338,3,3.1550640463829041
106,35.825166940689087,35.841933727264404,-117.63600000739098,-117.82799027860165,6.1900001764297485,0.21031022071838379,3.5300000309944153,3.310159295797348
349,35.873165011405945,35.909956216812134,-117.71383699774742,-118.04337859898806,6.8200001120567322,1.3510063290596008,3.3999999761581421,3.1543478071689606
1079,33.191833019256592,33.234553754329681,-118.03099999949336,-118.1138126924634,17.649999931454659,4.0256613492965698,3.199999988079071,3.0502535998821259
238,35.881332039833069,35.935436606407166,-117.68450200557709,-117.84519520401955,3.8999998569488525,1.6239354014396667,3.1700000166893005,3.3722070157527924
213,35.950166940689087,35.944606423377991,-117.70366701483727,-117.88044096529484,3.5199996829032898,1.8933570384979248,4.0999999791383743,3.6263025999069214
1144,34.796500027179718,34.845320343971252,-116.2639000415802,-116.65632712841034,14.400000013411045,0.51828145980834961,3.6999999582767487,3.7646759301424026
2405,35.25600004196167,35.432366013526917,-118.56499999761581,-118.85845458507538,8.099999874830246,0.34629911184310913,3,3.1223162412643433
1817,35.952999949455261,35.943999171257019,-117.29900002479553,-117.73496600985527,3.7999999523162842,0.012992620468139648,3,3.2295048236846924
793,35.608665943145752,34.954915523529053,-117.59033200144768,-117.82561045885086,4.8300004005432129,0.0084409117698669434,3.0199999809265137,3.0791186392307281
1096,34.697166979312897,34.796132266521454,-116.23916697502136,-116.5323007106781,2.6100003719329834,1.0528385639190674,4.1100000143051147,3.8177626579999924
1873,33.443000018596649,33.202838957309723,-116.59800004959106,-116.92485547065735,11.100000143051147,1.1306637525558472,3,3.0836732089519501
1867,34.187999993562698,34.08381162583828,-117.56319999694824,-117.79542528092861,3.6000001430511475,1.2085810303688049,3.4999999701976776,3.2425689697265625
2253,33.306999981403351,33.008520245552063,-116.39199995994568,-116.94788885116577,12.499999925494194,0.65824449062347412,4.1999999955296516,3.6772919297218323
345,35.665668964385986,35.711543560028076,-117.52383399009705,-117.59347850084305,7.0099997520446777,0.33662796020507812,3.4500000178813934,3.1502974927425385
523,35.883334994316101,34.493348836898804,-117.70549800992012,-118.11027508974075,5.0200000405311584,0.22339850664138794,3.129999965429306,3.1317915022373199
232,35.909999966621399,35.983845472335815,-117.70800000429153,-117.99872741114814,1.9100001454353333,0.79722404479980469,3,3.2572682797908783
644,35.91016697883606,34.687293946743011,-117.73899999260902,-117.71692752838135,10.709999799728394,4.4735509157180786,3.7900000065565109,3.6520512700080872
1975,33.499000012874603,33.421471178531647,-116.57200002670288,-116.80858325958252,12.299999892711639,1.9197338819503784,3.0999999940395355,3.1084447503089905
2306,34.287999987602234,33.848063632845879,-116.98699998855591,-117.23761624097824,11.40000008046627,3.859596848487854,3,3.1326203048229218
1428,34.495999991893768,34.356271713972092,-118.43399998545647,-118.40972384810448,5.0999996066093445,0.85593670606613159,3.3999999761581421,3.1328630447387695
533,35.786999940872192,35.845352292060852,-117.61933299899101,-117.57703641057014,3.0099999904632568,6.1357659101486206,3.679999977350235,3.2512812316417694
2294,32.726999998092651,32.332962036132812,-118.39300000667572,-118.70786601305008,31.4000004529953,2.5206631422042847,3.0999999940395355,3.0326236188411713
603,35.867333054542542,34.369580149650574,-117.66349801421165,-117.73649910092354,3.9100000262260437,4.3079566955566406,3.7599999904632568,3.2483882009983063
1489,34.017000000923872,33.839843899011612,-117.22699999809265,-117.3377440571785,16.899999976158142,0.89552879333496094,3.0999999940395355,3.0730302035808563
1915,35.121000051498413,34.870700061321259,-117.55599999427795,-117.65656170248985,2.0999997854232788,4.6019858121871948,3.6999999582767487,3.1559316515922546
1426,34.310000002384186,34.096847489476204,-116.97500002384186,-117.2251101732254,5.6999999284744263,0.24704933166503906,3.199999988079071,3.1317249834537506
1074,34.179666996002197,33.994281664956361,-117.29316699504852,-117.41511130332947,8.6799998581409454,1.4497232437133789,3.1399999558925629,3.0942384302616119
2151,34.279100000858307,34.157078608870506,-116.84179997444153,-117.28119987249374,4.3000003695487976,1.2503564357757568,3.8999999910593033,3.4907661080360413
60,35.66683304309845,35.748520016670227,-117.44783300161362,-117.72194042801857,9.4499999284744263,0.086938440799713135,3,3.2253215610980988
2384,34.33500000834465,34.058597449213266,-117.06400001049042,-117.26723098754883,11.799999922513962,3.7760800123214722,3.0999999940395355,3.1671783328056335
92,35.892166972160339,35.965748071670532,-117.67750000953674,-117.90785548090935,2.6799997687339783,1.780092716217041,3.6999999582767487,3.4817008674144745
666,35.780166983604431,34.901009678840637,-117.62816700339317,-117.76741571724415,5.7399997115135193,4.8126929998397827,3.4999999701976776,3.2468522787094116
1774,35.347000002861023,35.405525922775269,-118.56000000238419,-119.17091703414917,7.1000003814697266,0.019927918910980225,3,3.172348290681839
2277,34.093999996781349,33.904351949691772,-118.26199999451637,-118.35682699084282,6.8999996781349182,0.89192658662796021,3,3.1093913018703461
280,35.620499014854431,35.611833214759827,-117.43116801977158,-117.56964552402496,2.3099997639656067,0.24919241666793823,3.3300000429153442,3.1855572760105133
1719,34.004999999888241,33.900661528110504,-117.11900001764297,-117.30443531274796,13.100000023841858,1.5603849291801453,3.2999999821186066,3.1553558707237244
1779,32.690000057220459,32.272382259368896,-116.07700002193451,-116.66077172756195,5.899999737739563,0.12704461812973022,3.0999999940395355,3.1031878888607025
359,35.82666802406311,35.891725301742554,-117.66433000564575,-117.83672532439232,3.020000159740448,0.51943123340606689,3.4999999701976776,3.2291936874389648
1804,33.921999998390675,33.901712857186794,-117.7660000026226,-117.88049860298634,0.80000013113021851,4.4498232007026672,3.199999988079071,3.1523801386356354
1543,34.088600002229214,33.979298735037446,-119.04200005531311,-118.95945191383362,10.999999791383743,3.7700217962265015,3.0999999940395355,3.5963859558105469
1397,34.151999995112419,33.96380253508687,-117.44999998807907,-117.54866644740105,13.700000010430813,2.6825147867202759,3.3999999761581421,3.124471127986908
1859,34.171000003814697,34.084118008613586,-116.45299994945526,-116.89493584632874,9.700000137090683,1.154029369354248,3,3.1024129986763
847,35.051332950592041,34.830132126808167,-118.93683302402496,-118.97575891017914,7.7299998700618744,5.3397470712661743,3.3500000238418579,3.118938535451889
1206,35.826200008392334,35.538474678993225,-119.817999958992,-119.69575357437134,11.799999922513962,0.61660319566726685,3.0999999940395355,3.0325874090194702
2231,33.872999995946884,33.810669437050819,-117.85600000619888,-117.98234143480659,9.4999998807907104,4.4605618715286255,3.199999988079071,3.1058505177497864
760,35.642665982246399,35.530537366867065,-117.52933499217033,-117.39575606584549,0.60999959707260132,1.1585471034049988,3.2999999821186066,3.2774262428283691
110,35.637166976928711,35.657673835754395,-117.47416698932648,-117.39195960760117,1.6500002145767212,2.6853221654891968,3.8999999910593033,3.7965593039989471
1775,35.337200045585632,35.375837922096252,-118.5692999958992,-119.05505073070526,5.2000004053115845,0.17537534236907959,3.7999999970197678,3.4603207111358643
42,33.700832009315491,33.550393909215927,-117.43399798870087,-117.48472481966019,9.0900000929832458,1.8949636816978455,3.0399999618530273,3.0809659659862518
1770,33.022000014781952,32.834491014480591,-118.92299997806549,-118.73285061120987,5.9999996423721313,3.6906391382217407,3.199999988079071,3.1390172839164734
125,35.743000030517578,35.845919370651245,-117.55966699123383,-117.63110557198524,2.9899996519088745,0.40260851383209229,3.8999999910593033,3.7036564350128174
204,35.547000050544739,35.428245902061462,-117.37716698646545,-117.41290378570557,4.0700000524520874,2.3675313591957092,3.0999999940395355,3.4096111357212067
1473,34.314000010490417,34.081006683409214,-118.72100001573563,-118.5821179151535,8.7000001966953278,3.1551003456115723,3.2999999821186066,3.1229393184185028
52,33.319666981697083,33.072964549064636,-116.4210000038147,-116.93129312992096,7.2099995613098145,2.142874002456665,3,3.0981525778770447
545,35.920833945274353,35.101508378982544,-117.67849698662758,-117.57640898227692,7.6900000870227814,0.10656416416168213,3.5600000023841858,3.2344993650913239
68,35.671833038330078,35.756974935531616,-117.52333301305771,-117.73132538795471,10.139999985694885,0.043939948081970215,3.2199999690055847,3.2208276093006134
1814,34.91100001335144,34.966892838478088,-116.94700002670288,-117.12246549129486,7.8000001609325409,0.72402477264404297,3.4999999701976776,3.1945942640304565
2009,34.118000000715256,33.950751427561045,-117.43699997663498,-117.54297569394112,4.699999988079071,4.207131564617157,3.5999999642372131,3.2128322124481201
2228,33.184000015258789,32.969838738441467,-116.74500000476837,-116.98912310600281,3.099999725818634,0.40646016597747803,3.4999999701976776,3.4405750036239624
1966,35.511000037193298,35.425591230392456,-119.46599996089935,-119.81795883178711,23.000000417232513,0.034585297107696533,3,3.1392130851745605
1424,35.49399995803833,35.666946172714233,-118.39800000190735,-118.84734278917313,2.800000011920929,0.0050014257431030273,3,3.1481521725654602
183,35.593500018119812,35.580481171607971,-117.38066697120667,-117.54416126012802,6.5299996733665466,0.15012592077255249,3.3999999761581421,3.2146763205528259
137,35.873667001724243,35.905926942825317,-117.70966699719429,-117.84200429916382,8.0100001394748688,0.19527554512023926,3.6699999868869781,3.3264212608337402
899,33.485333025455475,33.335297286510468,-116.80483305454254,-117.12585258483887,1.4300000667572021,3.6500796675682068,3.7800000160932541,3.3866796791553497
796,35.671499967575073,35.590428948402405,-117.47883301973343,-117.46980428695679,5.1599997282028198,1.2416955828666687,4.5,3.7697815150022507
132,35.64549994468689,35.826284766197205,-117.50350001454353,-117.51351583003998,4.8899996280670166,0.36111205816268921,3.3500000238418579,3.2269459068775177
80,35.905500054359436,35.938160419464111,-117.70733299851418,-117.89867873489857,4.8999997973442078,1.3156449794769287,3.199999988079071,3.2255993485450745
1586,32.687000036239624,32.216875076293945,-116.00800001621246,-116.65527939796448,13.499999977648258,2.4782270193099976,3.199999988079071,3.0747218728065491
2186,33.992999999783933,33.78208826482296,-116.8639999628067,-117.18258196115494,14.299999997019768,3.8235318660736084,3,3.1496620774269104
758,35.722668051719666,35.771512031555176,-117.55300098657608,-117.42766487598419,1.0200002789497375,2.4254134297370911,3.5300000309944153,3.3923304677009583
541,35.553666949272156,35.861087799072266,-117.43416702747345,-117.5511976480484,1.7699995636940002,3.4365901350975037,3.0999999940395355,3.1627242565155029
1019,34.423500001430511,34.393458336591721,-119.6438330411911,-119.85301351547241,10.929999947547913,2.8880095481872559,3.1199999749660492,3.084227442741394
1822,33.832900002598763,33.711677432060242,-116.19550001621246,-116.68606424331665,9.9999998509883881,3.5250422358512878,3.7999999970197678,3.6768293380737305
983,33.135500013828278,32.876892685890198,-116.66016697883606,-116.96664607524872,2.6699995994567871,1.3309112191200256,3.4400000274181366,3.2984042465686798
2262,32.353000044822693,32.253974199295044,-118.1059999987483,-118.52823919057846,6.6999998688697815,3.6734551191329956,3.0999999940395355,3.0362036526203156
165,35.677999973297119,34.967901885509491,-117.51766699552536,-117.66081550717354,6.4799997210502625,4.9920934438705444,3.5999999642372131,3.6863704919815063
248,35.642166018486023,35.635827302932739,-117.45283502340317,-117.51371720433235,10.949999839067459,0.57699322700500488,3.5600000023841858,3.3246861398220062
1331,32.921000003814697,32.876895070075989,-117.49800002574921,-117.60578608512878,15.400000009685755,3.3583000302314758,3,3.1575256884098053
446,35.577666997909546,35.551209449768066,-117.37300097942352,-117.22927844524384,3.5899999737739563,5.3064769506454468,3.9999999850988388,3.6307670474052429
1832,33.074000000953674,32.747575759887695,-116.49899995326996,-116.73786163330078,11.799999922513962,1.4650887250900269,3.2999999821186066,3.1431657671928406
858,32.806167006492615,33.180319607257843,-118.48849999904633,-118.44281420111656,6.0699999332427979,3.3757585287094116,3.2999999821186066,3.0350050628185272
1358,33.827999994158745,33.76164411008358,-118.57099997997284,-118.52212375402451,8.4999999403953552,3.7451013922691345,3.3999999761581421,3.2993547320365906
2280,34.048000000417233,33.89647401869297,-116.76999998092651,-117.13206797838211,13.700000010430813,1.2437188625335693,3.0999999940395355,3.1257804036140442
97,35.651167035102844,35.745789289474487,-117.49933302402496,-117.5431025326252,10.399999916553497,0.28543442487716675,3.3199999630451202,3.2315219342708588
1850,32.983000040054321,32.674553871154785,-116.32000005245209,-116.59463047981262,5.899999737739563,0.38156211376190186,3.199999988079071,3.0911597907543182
805,35.597167015075684,35.191287517547607,-117.6001670062542,-117.63797980546951,5.5500000715255737,1.3424491882324219,4.2999999895691872,3.2518279552459717
737,35.771667003631592,35.782022476196289,-117.5706669986248,-117.55051162838936,6.8200001120567322,1.0057979822158813,4.0899999886751175,3.7681224346160889
1989,34.109999999403954,34.004434026777744,-117.30699998140335,-117.52973002195358,14.899999997578561,4.124433696269989,3.3999999761581421,3.1812297105789185
1943,32.552899956703186,32.628899097442627,-118.0379999987781,-118.26343479752541,9.9999998509883881,3.040948212146759,4.8000000044703484,4.1974726393818855
2311,34.287000000476837,34.048317328095436,-116.98800003528595,-117.20752799510956,8.3000001311302185,1.9669362902641296,3,3.1958285272121429
102,35.956166982650757,35.973035335540771,-117.7128329873085,-117.97631000541151,2.7700003981590271,3.173060417175293,3.1700000166893005,3.3038190007209778
434,35.899832963943481,35.508817672729492,-117.73516699671745,-117.52664238214493,1.7199996113777161,2.0713618397712708,3.199999988079071,3.3179131150245667
74,35.830167055130005,35.936750888824463,-117.65083301067352,-118.04710479453206,2.9999998211860657,0.39655029773712158,3.3300000429153442,3.2011712193489075
577,35.649333000183105,35.392426371574402,-117.45783299207687,-117.44155389070511,2.369999885559082,4.9181807041168213,3.8999999910593033,3.1336323916912079
1904,33.787000000476837,33.456129193305969,-116.17799997329712,-116.68494892120361,9.3999999761581421,4.8013687133789062,3.5999999642372131,3.3004471957683563
1988,33.687200009822845,33.7780991345644,-118.66180002689362,-118.61247026920319,10.100000202655792,4.5813846588134766,3.199999988079071,3.3147712647914886
1230,33.888599999248981,33.928828649222851,-117.94249999895692,-117.9411977045238,13.599999994039536,4.4790762662887573,3.0999999940395355,3.0623550117015839
918,34.136333003640175,34.083938792347908,-117.7746669948101,-117.87374049425125,5.4600003361701965,2.0670568943023682,4.4100000020116568,3.7582777887582779
1326,33.979199999943376,33.84578101336956,-117.22600001096725,-117.37654459476471,3.3000004291534424,1.0961464047431946,3.5999999642372131,3.1360076665878296
2349,35.713000059127808,35.917758703231812,-118.03200000151992,-118.17324863374233,8.4000000357627869,1.2123200297355652,3.9999999850988388,3.6387198865413666
2476,34.458999991416931,34.168719321489334,-116.51499998569489,-117.1274026632309,3.7999999523162842,1.0948812961578369,3.2999999821186066,3.2361898720264435
2276,34.819000005722046,35.364563226699829,-116.35399997234344,-118.13114070892334,2.8999999165534973,0.012473165988922119,3.0999999940395355,3.2390096783638
762,35.774665951728821,35.736511468887329,-117.6169970035553,-117.62784692645073,2.3500004410743713,0.27743607759475708,3.2999999821186066,3.2873186767101288
2143,34.307000011205673,34.163010343909264,-116.83299994468689,-117.17974931001663,3.6000001430511475,2.6446187496185303,3,3.2006624937057495
989,35.032832980155945,35.047801733016968,-119.30316698551178,-119.70713531970978,11.480000093579292,0.44198870658874512,3.2299999594688416,3.191511869430542
388,35.917834997177124,35.949880003929138,-117.71566799283028,-117.76177391409874,2.10999995470047,2.5558125972747803,3.2700000107288361,3.2537676393985748
235,35.822666049003601,35.936216711997986,-117.63933598995209,-117.84234148263931,2.8100001811981201,1.1936107277870178,3.4099999666213989,3.311158150434494
2325,35.911999940872192,35.821042656898499,-117.8289999961853,-117.8337329775095,1.8999999761581421,1.7078143358230591,3.5999999642372131,3.6484771370887756
267,35.683665990829468,35.788562297821045,-117.53800201416016,-117.76895788311958,9.7500000894069672,0.71431070566177368,3,3.2156948447227478
1329,33.014400005340576,32.558974146842957,-116.30089998245239,-116.60713768005371,17.000000104308128,2.5966188311576843,3.199999988079071,3.090240865945816
2293,32.675999999046326,32.732413649559021,-118.36700001358986,-118.50397849082947,25.200000107288361,4.1838991641998291,3.9999999850988388,3.5355961918830872
117,35.940333962440491,35.765883445739746,-117.6953350007534,-117.90213590860367,2.5900000333786011,7.3921036720275879,3,3.2156816124916077
437,35.834499001502991,35.938665986061096,-117.66549700498581,-117.43000537157059,4.4600003957748413,5.0208798050880432,3.3500000238418579,3.1750037670135498
673,35.912832975387573,35.206420421600342,-117.7123329937458,-117.49754387140274,6.6999998688697815,4.9237149953842163,3.7900000065565109,3.4587986469268799
249,35.901833057403564,35.933958411216736,-117.69016700983047,-117.82846839725971,2.4799999594688416,0.91807186603546143,3.9599999785423279,3.4107792377471924
2157,34.310000002384186,34.285313189029694,-116.84800004959106,-117.1989723443985,5.4000002145767212,3.0122074484825134,3.3999999761581421,3.1517654657363892
1574,33.26529997587204,32.981013059616089,-116.71000003814697,-117.06853574514389,2.0999997854232788,1.2055975198745728,3.4999999701976776,3.1525400876998901
2538,34.096000000834465,33.947223611176014,-116.98199999332428,-117.24182265996933,9.4999998807907104,0.50003260374069214,3.4999999701976776,3.3352346420288086
94,35.646332979202271,35.886690497398376,-117.45349997282028,-117.53588524460793,3.569999635219574,0.3187224268913269,3.3099999725818634,3.2115875780582428
2449,33.902999997138977,33.915152303874493,-116.64800000190735,-117.15014672279358,4.0999996662139893,0.75152099132537842,3.6999999582767487,3.3520327806472778
33,34.273999989032745,34.318558394908905,-119.29016697406769,-119.54103779792786,11.309999898076057,4.2975121736526489,3.199999988079071,3.1857040822505951
2208,33.236999988555908,32.898842811584473,-116.10800004005432,-116.59871578216553,14.599999990314245,0.60655653476715088,3.7999999970197678,3.4340917468070984
2163,34.410800009965897,34.338784396648407,-116.84479999542236,-118.10737271606922,4.400000274181366,4.890521764755249,3.9999999850988388,3.5909843444824219
2317,35.98800003528595,35.974023222923279,-117.87100000679493,-118.60937404632568,2.9999998211860657,0.48269212245941162,3,3.2176600992679596
448,35.672999978065491,35.603415489196777,-117.55133101344109,-117.30644553899765,1.1499997973442078,6.3447707891464233,3.3999999761581421,3.2769824266433716
1469,33.981000000610948,33.814305916428566,-118.81400001049042,-118.68440371751785,9.9999998509883881,3.7875062227249146,3.2999999821186066,3.2829565107822418
1795,34.788999974727631,34.805109858512878,-116.28799998760223,-116.60446977615356,2.5000002980232239,0.5387994647026062,3.199999988079071,3.2359188795089722
716,35.901833057403564,34.511736571788788,-117.72733300924301,-117.79864907264709,5.3000003099441528,4.375230073928833,4.1900000050663948,3.7622325718402863
1999,35.930999994277954,35.820838928222656,-119.97000002861023,-119.36718559265137,28.600000441074371,2.6726460456848145,3.0999999940395355,3.0073642730712891
2489,35.968000054359436,35.94148588180542,-117.89000000059605,-118.0505907908082,2.6000002026557922,1.4075759053230286,3.2999999821186066,3.2126369476318359
0,33.926666997373104,34.103743888437748,-117.87650000303984,-118.04533762857318,8.6599999666213989,4.824388325214386,3.199999988079071,3.1871648132801056
456,35.686000943183899,35.630051493644714,-117.5531690120697,-117.58113944530487,8.6100000143051147,0.38390100002288818,3.199999988079071,3.3318940401077271
1101,33.66049998998642,33.340283691883087,-116.77366697788239,-117.09911239147186,13.630000054836273,1.3943928480148315,3.2999999821186066,3.0766818523406982
1108,35.212167024612427,35.177355289459229,-117.28083300590515,-117.46540641784668,3.1400004029273987,0.28978407382965088,3.7400000095367432,3.2800329923629761
1940,34.003299999982119,33.852879613637924,-116.68669998645782,-117.10404723882675,16.000000052154064,3.3487880229949951,4.1999999955296516,3.6847332715988159
82,35.531999945640564,35.658453345298767,-117.37033301591873,-117.4658494591713,8.4699998795986176,0.13417571783065796,3.2299999594688416,3.2210859060287476
1481,33.825000002980232,34.646253943443298,-116.98599994182587,-117.75926479697227,12.699999958276749,10.630379766225815,3.2999999821186066,3.0008068084716797
2035,34.138999998569489,34.009124811738729,-119.182000041008,-118.42195674777031,24.200000166893005,5.0020676851272583,3.0999999940395355,3.1727533936500549
676,35.662500023841858,35.066739916801453,-117.54449999332428,-117.64629626274109,3.1800001859664917,5.2680373191833496,3.8499999940395355,3.4803367853164673
1588,32.021900057792664,32.07342803478241,-117.48220002651215,-117.58032217621803,3.1999996304512024,4.149610698223114,3.5999999642372131,3.1634965538978577
2155,34.31700000166893,34.305589765310287,-116.85599994659424,-117.27622932195663,2.1999996900558472,0.98062008619308472,3.0999999940395355,3.2135186791419983
1046,33.248833000659943,32.97742760181427,-116.41449999809265,-116.81854236125946,4.9499997496604919,3.663356602191925,3.3099999725818634,3.0798369348049164
1460,32.876199960708618,32.453817009925842,-116.20729994773865,-117.02453553676605,16.19999997317791,1.4931875467300415,3.0999999940395355,3.100956916809082
770,35.657166004180908,35.57216739654541,-117.52183499932289,-117.37011206150055,1.6699996590614319,1.9867685437202454,3.3300000429153442,3.2578512132167816
1668,34.097999997437,33.917678043246269,-117.30599999427795,-117.46625155210495,15.100000002421439,2.3627319931983948,3.199999988079071,3.1356208026409149
1924,32.082000017166138,32.110166072845459,-116.37600004673004,-116.60064148902893,3.9999997615814209,1.1276274919509888,3.8999999910593033,3.1312379837036133
2022,34.726000010967255,34.670566141605377,-116.04799997806549,-116.64097034931183,2.0999997854232788,2.5359177589416504,3.199999988079071,3.2365592122077942
517,35.946498990058899,35.97294557094574,-117.72283199429512,-117.53182849287987,1.2200000882148743,2.8300085663795471,3.1199999749660492,3.2049907743930817
822,35.659332036972046,35.547783255577087,-117.53817000985146,-117.4161080121994,8.4699998795986176,0.48984736204147339,3.4600000083446503,3.190209299325943
404,35.880664944648743,35.939448595046997,-117.70066800713539,-117.92063854634762,2.1300002932548523,0.50390124320983887,3.3999999761581421,3.2614668309688568
384,35.906334042549133,35.930045008659363,-117.73916599154472,-117.94468645378947,2.2300001978874207,0.11542618274688721,3.7200000286102295,3.3942593336105347
2316,35.919000029563904,35.962444663047791,-117.85099999606609,-118.06010291352868,3.4000003337860107,0.72331756353378296,3.8999999910593033,3.4529392719268799
2102,32.50629997253418,32.448132514953613,-117.17659997940063,-117.15180712938309,9.8999999463558197,2.0239242911338806,3.8999999910593033,3.077170193195343
104,35.666499972343445,35.632812976837158,-117.50583299994469,-117.55383262038231,10.280000120401382,0.51720947027206421,3.6300000250339508,3.3032743334770203
1633,32.715399980545044,32.68553614616394,-117.59340000152588,-117.71825006604195,7.5999999046325684,3.0760779976844788,3.7999999970197678,3.1627477705478668
2424,34.532000005245209,34.3820481300354,-116.31200003623962,-116.94994843006134,1.7000001668930054,5.0296980142593384,3.199999988079071,3.1640608906745911
688,35.71483302116394,35.058054566383362,-117.50516700744629,-117.72106412053108,1.7399999499320984,5.0279581546783447,4.1299999952316284,3.5016591846942902
794,35.709499001502991,35.595716238021851,-117.55666399002075,-117.50829434394836,0.34000039100646973,0.57522207498550415,3.3400000333786011,3.2619810104370117
826,35.748165011405945,35.668583750724792,-117.54183200001717,-117.45626097917557,2.2599998116493225,0.75088351964950562,3.0199999809265137,3.1145219206809998
1877,32.737499952316284,32.793007612228394,-116.07410001754761,-117.60879415273666,2.800000011920929,0.12772500514984131,5.4000000357627869,3.1004107296466827
1240,32.885499954223633,32.444814205169678,-116.21539998054504,-116.57748985290527,12.499999925494194,0.17096132040023804,3.3999999761581421,3.0759411156177521
62,33.319333016872406,33.071577668190002,-116.42033302783966,-116.90186285972595,8.359999805688858,2.4835431575775146,3.0999999940395355,3.0944740176200867
1305,34.419999986886978,34.088287159800529,-119.93400001525879,-119.8454384803772,10.60000017285347,4.3794921040534973,3.0999999940395355,3.1116924583911896
852,33.939667001366615,33.763942509889603,-116.67449998855591,-117.09625399112701,17.300000041723251,3.6831933259963989,3.0299999713897705,3.0752056539058685
2327,33.462000012397766,33.240095138549805,-116.41700005531311,-116.66454410552979,14.599999990314245,2.9454517364501953,3,3.1046735644340515
176,35.677999973297119,35.767125606536865,-117.50600001215935,-117.55625987052917,9.1599999368190765,0.44543981552124023,3.6899999678134918,3.3594120740890503
1262,33.488600015640259,33.237579107284546,-116.48210000991821,-116.92585921287537,12.60000005364418,4.0582019090652466,3,3.0584481954574585
223,35.89783501625061,35.955283045768738,-117.70899999141693,-117.85657759010792,9.1099999845027924,2.9565757513046265,3.4999999701976776,3.4559412002563477
145,35.623832941055298,35.678170442581177,-117.57383298873901,-117.70887604355812,7.9399998486042023,0.29812753200531006,3.2299999594688416,3.1401405930519104
1088,34.694333016872406,34.784629762172699,-116.24283301830292,-116.57716250419617,2.3500004410743713,0.75811564922332764,4.0999999791383743,3.5003639459609985
373,34.019501000642776,33.867831781506538,-117.21866601705551,-117.39645230770111,16.099999956786633,0.68909168243408203,3.0199999809265137,3.2370824217796326
1824,32.700799942016602,32.358410596847534,-116.03550004959106,-116.57547557353973,13.499999977648258,0.21883964538574219,3,3.0828208923339844
2137,34.28439998626709,34.480073243379593,-116.83239996433258,-118.74183827638626,4.6000000834465027,9.7669333219528198,3.6999999582767487,3.0000018775463104
1142,33.997900000074878,33.926883481442928,-118.35710000991821,-118.3918354511261,18.200000077486038,2.2622108459472656,3,3.2447850108146667
2432,35.605000019073486,35.897278308868408,-117.61000001430511,-117.64946541190147,3.7000000476837158,0.87799787521362305,3.4999999701976776,3.2121432423591614
2192,34.802999973297119,34.799761712551117,-116.27499997615814,-116.83121824264526,3.7000000476837158,5.7735389471054077,3.0999999940395355,3.2234745025634766
1274,34.703000009059906,34.672693431377411,-116.27569997310638,-116.71077656745911,8.4999999403953552,0.4922175407409668,3.5999999642372131,3.1891696751117706
1265,32.417099952697754,32.267733573913574,-116.24360001087189,-116.51720070838928,15.500000026077032,0.75011014938354492,3.4999999701976776,3.3364677429199219
2264,34.162000000476837,34.250851422548294,-116.43400001525879,-117.46386003494263,9.5999997854232788,2.2539228200912476,3.2999999821186066,3.255610853433609
2241,33.013000011444092,32.71751081943512,-116.37300002574921,-116.83980250358582,16.099999956786633,0.92596918344497681,3.5999999642372131,3.1645077466964722
9,35.913166999816895,35.97650945186615,-117.70966699719429,-117.95045421272516,3.3400002121925354,1.4437437057495117,3.0500000417232513,3.2093044817447662
449,35.911167025566101,33.414613127708435,-117.7333300113678,-118.09625481069088,5.2799999713897705,4.295654296875,3,3.3179789185523987
1838,33.426400005817413,33.241438269615173,-116.58249998092651,-116.92310309410095,9.2000001668930054,1.1017996072769165,3.4999999701976776,3.0890032052993774
708,35.892667055130005,34.595971941947937,-117.69966700673103,-117.89202147722244,8.5699997842311859,4.4210529327392578,4.1999999955296516,3.6192764639854431
255,35.700832009315491,35.809690356254578,-117.49283599853516,-117.53067794442177,8.6400000751018524,0.43838471174240112,3.550000011920929,3.3650018870830536
882,32.770833015441895,33.096006751060486,-118.34633299708366,-118.37328466773033,1.7699995636940002,3.9058220386505127,3.3999999761581421,3.0432173609733582
1617,33.974999999627471,33.814166262745857,-116.96399998664856,-117.14875829219818,14.899999997578561,0.86117863655090332,3.3999999761581421,3.2722021043300629
389,35.899665951728821,35.926770448684692,-117.73466500639915,-117.95546266809106,3.0099999904632568,0.45902073383331299,3.8999999910593033,3.3768117427825928
1276,33.723899990320206,33.717612326145172,-117.72020000219345,-117.68675336241722,4.1999995708465576,3.3503419160842896,3.199999988079071,3.1017795503139496
2435,34.71399998664856,34.648744881153107,-116.30900001525879,-116.73904991149902,4.7999998927116394,6.6724187135696411,3.2999999821186066,3.2557257413864136
1581,34.010999999940395,33.813457310199738,-117.18900001049042,-117.34225207567215,7.4000000953674316,3.9866101741790771,3.3999999761581421,3.1066135168075562
908,32.737666964530945,32.719206809997559,-118.30266699194908,-118.55987179279327,12.970000058412552,3.7835893034934998,3.2700000107288361,3.2140234708786011
924,33.932333000004292,33.875875942409039,-116.82783305644989,-117.1401891708374,6.1800000071525574,0.50998002290725708,3.0999999940395355,3.1078265905380249
751,35.75,35.843225121498108,-117.56416299939156,-117.59776043891907,3.3799999952316284,0.29027223587036133,3.6999999582767487,3.3431727290153503
1947,35.381999969482422,35.366088390350342,-118.46700000762939,-118.92613017559052,5.9999996423721313,0.029267370700836182,3.5999999642372131,3.151936948299408
460,35.789500951766968,35.135107278823853,-117.6169970035553,-117.34796184301376,8.5400001704692841,0.39528429508209229,3,3.2207491099834442
1747,33.204900026321411,33.008878111839294,-116.72669994831085,-117.14992713928223,9.9999998509883881,1.867949366569519,3.6999999582767487,3.2240527868270874
2005,32.126000046730042,32.073151230812073,-117.61599999666214,-117.94326942414045,6.9999995827674866,3.9182460308074951,3.3999999761581421,3.1682817935943604
1224,32.123499989509583,32.020744442939758,-116.34920001029968,-117.22171968221664,18.000000044703484,5.8329945802688599,3.5999999642372131,3.0819064378738403
1168,32.854400038719177,32.611861944198608,-118.62580001354218,-118.54888874292374,15.599999986588955,2.7450692653656006,3.4999999701976776,3.115006148815155
958,33.652833014726639,33.616644680500031,-117.34183299541473,-117.35762321949005,3.710000216960907,3.9436286687850952,3.4999999701976776,3.3457034826278687
501,35.654332995414734,35.579962491989136,-117.33300000429153,-117.49748235940933,6.9099998474121094,0.61075598001480103,3.3999999761581421,3.170013427734375
1727,33.931999996304512,33.967806674540043,-117.82569999992847,-117.86298644542694,14.100000020116568,4.5468431711196899,3.7999999970197678,3.4290664494037628
739,35.763167023658752,35.873115062713623,-117.58383300900459,-117.75665971636772,7.9099997878074646,0.23274868726730347,3.199999988079071,3.1478112637996674
40,35.613335013389587,35.731565237045288,-117.4455029964447,-117.56894001364708,6.4899998903274536,0.091629624366760254,3,3.2081456780433655
868,34.110666997730732,33.96930905804038,-117.31616699695587,-117.47521591186523,16.150000020861626,2.2751748561859131,3.3999999761581421,3.1797203421592712
731,35.792500019073486,35.92008650302887,-117.61533400416374,-117.84731377661228,3.3300000429153442,0.05811542272567749,3.4199999570846558,3.195942610502243
539,35.871497988700867,35.855582714080811,-117.68583700060844,-117.52141916751862,1.6899999976158142,6.7225071787834167,3.7999999970197678,3.2802456915378571
1201,34.274899989366531,34.308554828166962,-117.01050001382828,-117.64831721782684,11.100000143051147,4.2439305782318115,4.9000000208616257,3.6229094266891479
1339,33.004000008106232,32.597931385040283,-116.23500001430511,-116.44035124778748,6.2000003457069397,1.6726666688919067,3.5999999642372131,3.1894097328186035
697,35.906833052635193,34.565563857555389,-117.7039999961853,-117.96388337761164,8.8399998843669891,1.5737369656562805,4.0999999791383743,3.5897752046585083
1671,34.39300000667572,34.15161369740963,-118.74400001764297,-118.68640553951263,13.200000040233135,4.4212710857391357,3,3.1673684120178223
2115,32.000100016593933,32.048366904258728,-117.47070002555847,-117.1833860874176,18.59999991953373,7.530641108751297,3.6999999582767487,3.1319804191589355
2104,33.760000005364418,32.884697675704956,-116.02699995040894,-116.63437151908875,5.6000000238418579,6.9870561361312866,3.0999999940395355,3.0721907615661621
1371,34.061999998986721,33.903963774442673,-116.36600005626678,-116.92720544338226,7.3000001907348633,1.6973456740379333,3.199999988079071,3.1248526275157928
1145,33.92339999973774,33.961224853992462,-116.02999997138977,-117.04332888126373,17.500000074505806,5.2259936928749084,3.2999999821186066,3.3098906278610229
1031,33.379666984081268,33.616695076227188,-119.24399995803833,-118.80917835235596,9.6599999070167542,4.3367421627044678,3.0299999713897705,3.0504675507545471
372,35.691501975059509,35.71451735496521,-117.51300099492073,-117.53042966127396,1.7299997806549072,4.2210862040519714,3.3999999761581421,3.1936655938625336
667,35.913333058357239,34.957981050014496,-117.70300000905991,-117.99542992608622,7.0400002598762512,4.0592935681343079,3.6500000059604645,3.2457995116710663
1431,34.352999985218048,34.047945864498615,-118.45199999213219,-118.53809231519699,1.5000003576278687,0.68418413400650024,3,3.0620000660419464
2214,35.312000036239624,35.405268788337708,-119.44700002670288,-119.51433968544006,14.299999997019768,4.5444184541702271,3.0999999940395355,3.1029296815395355
357,35.669334053993225,35.647729277610779,-117.51166498661041,-117.42017179727554,2.2800001502037048,6.5154987573623657,3.3999999761581421,3.1676397621631622
967,34.315499991178513,34.180748730897903,-116.85066699981689,-117.10985815525055,1.5299999713897705,0.11290043592453003,3.199999988079071,3.2077294886112213
783,35.615501046180725,35.443861246109009,-117.58933299779892,-117.76562237739563,5.429999828338623,0.21761208772659302,3.0800000131130219,3.197051078081131
735,35.742831945419312,35.744670271873474,-117.56749698519707,-117.5668633878231,2.330000102519989,2.0550727844238281,3.9399999976158142,3.3608182668685913
1353,35.99370002746582,35.978387951850891,-118.37999999523163,-118.78367060422897,4.5000001788139343,0.026835501194000244,3.2999999821186066,3.2143677771091461
1035,34.05799999833107,33.769098773598671,-117.00083297491074,-117.19907784461975,12.760000079870224,0.45356065034866333,3.0999999940395355,3.1098035573959351
970,33.143167018890381,32.819458246231079,-116.47500002384186,-116.83605527877808,10.200000107288361,3.5839158296585083,3,3.158285915851593
470,35.877997994422913,35.868189692497253,-117.71616399288177,-117.51284322142601,2.0899996161460876,6.0440638661384583,3.4099999666213989,3.2461262941360474
655,35.918666958808899,34.554797410964966,-117.71883299946785,-117.86357821524143,3.3199998736381531,4.3281975388526917,3.4699999988079071,3.2283480763435364
2393,32.016999959945679,32.043487787246704,-116.04700005054474,-117.06656783819199,19.600000083446503,3.8266396522521973,3.0999999940395355,3.0787080824375153
1909,33.821999996900558,33.822581872344017,-119.42799997329712,-119.4576416015625,6.5000000596046448,3.5888215899467468,3.199999988079071,3.1629251539707184
2369,34.642000019550323,34.667534112930298,-116.28600001335144,-116.85971927642822,12.800000086426735,5.844494104385376,3.2999999821186066,3.1955975890159607
1396,32.998999953269958,32.642200827598572,-116.41630005836487,-116.66828656196594,16.099999956786633,2.6860088109970093,3.2999999821186066,3.1079595386981964
1536,33.824200004339218,33.806883618235588,-118.45910000801086,-118.42130395770073,14.19999998062849,3.9489644765853882,3.4999999701976776,3.4898648858070374
2042,34.010999999940395,33.790636911988258,-117.24500000476837,-117.36003941297531,13.700000010430813,1.8415895104408264,3,3.0778533518314362
2212,33.920999996364117,33.766993328928947,-117.76899999380112,-117.90704980492592,11.700000017881393,4.4153863191604614,3,3.0895217657089233
1549,33.258000016212463,32.930887222290039,-116.05560004711151,-116.66502857208252,7.3000001907348633,5.3619825839996338,3.3999999761581421,3.150105357170105
1328,33.242999970912933,32.653645277023315,-116.01960003376007,-116.79000091552734,5.4000002145767212,6.5669846534729004,3.4999999701976776,3.1249886155128479
1256,33.627900004386902,33.464173972606659,-116.74129998683929,-116.92195343971252,18.400000110268593,2.5216537714004517,3,3.066480427980423
2190,35.949000000953674,35.951002597808838,-117.2950000166893,-117.70385229587555,5.3000003099441528,0.013756155967712402,3.0999999940395355,3.1421923041343689
1425,33.478999972343445,33.248362720012665,-116.4539999961853,-116.84004187583923,14.700000006705523,3.8146036863327026,3.199999988079071,3.0774850845336914
1464,33.46069997549057,33.344952404499054,-116.42369997501373,-117.10864269733429,11.799999922513962,5.0616896152496338,3.199999988079071,3.1514138281345367
1555,32.705000042915344,32.27544093132019,-116.00100004673004,-116.58440518379211,0,0.10208934545516968,3.2999999821186066,3.0835117399692535
2184,33.859400004148483,33.42713737487793,-116.23599994182587,-117.02346956729889,14.100000020116568,4.4178861379623413,3.4999999701976776,3.2551726698875427
1250,34.069700002670288,33.974488032981753,-118.28450000286102,-118.36381375789642,14.499999973922968,1.1909008026123047,3,3.0864375829696655
1699,33.498000025749207,33.246407032012939,-116.51300001144409,-116.80670166015625,13.399999961256981,3.925631046295166,3,3.0928088128566742
1252,34.052299998700619,33.947125181555748,-117.55050000548363,-117.67922416329384,18.500000014901161,4.3257397413253784,3.0999999940395355,3.1169334053993225
2465,34.259999990463257,34.142242342233658,-116.86000001430511,-117.25398421287537,5.4000002145767212,2.0849204063415527,3.6999999582767487,3.4894874095916748
2352,35.796000003814697,35.943594336509705,-118.04300000146031,-118.54089045524597,8.099999874830246,0.026471614837646484,3,3.2448319494724274
1236,33.9391999989748,34.124414809048176,-117.89720000326633,-117.77369727194309,11.499999985098839,4.4617912173271179,3.199999988079071,3.1524317264556885
885,34.407667011022568,34.244653046131134,-116.89183294773102,-117.16293436288834,1.8600001931190491,0.22435873746871948,3.5600000023841858,3.3817568421363831
79,35.885332942008972,35.93618905544281,-117.70199999213219,-117.87228043377399,5.6000000238418579,0.23652613162994385,3.5999999642372131,3.4881746470928192
1172,34.014000000432134,33.941039305180311,-116.31299996376038,-116.85067272186279,17.300000041723251,2.3497992753982544,3.199999988079071,3.0722757875919342
814,35.742666959762573,35.513613700866699,-117.55649998784065,-117.42670041322708,1.4500004053115845,5.3244102001190186,4.0999999791383743,3.7885750830173492
1852,32.989799976348877,32.778484582901001,-116.30299997329712,-116.84934842586517,8.7000001966953278,3.4599441289901733,3.6999999582767487,3.163093239068985
2029,34.120999999344349,34.059462957084179,-116.40199995040894,-116.74621975421906,8.099999874830246,0.8283349871635437,3.5999999642372131,3.6786829233169556
671,35.716667056083679,35.183417320251465,-117.55149999260902,-117.5448656976223,10.520000159740448,5.1130601763725281,3.6899999678134918,3.2560020089149475
2217,34.128000006079674,34.104755528271198,-117.40799999237061,-117.61927616596222,6.1000004410743713,4.265110194683075,3.6999999582767487,3.3477521538734436
2481,34.118000000715256,34.066213376820087,-117.47100001573563,-117.70851105451584,14.499999973922968,4.3873715400695801,3.5999999642372131,3.3316390514373779
57,35.841166973114014,35.84440815448761,-117.73666700720787,-117.87633433938026,4.7999998927116394,0.4867967963218689,3.2999999821186066,3.2859198153018951
133,35.672500014305115,35.796726942062378,-117.46649998426437,-117.63315108418465,8.7500001490116119,0.43658316135406494,3.1800000071525574,3.2556299865245819
1140,33.835600003600121,33.747424989938736,-118.25299999117851,-118.30134946107864,19.39999982714653,3.9118677377700806,3.199999988079071,3.2312846481800079
933,32.606832981109619,32.494113683700562,-117.54066699743271,-117.77402496337891,17.800000011920929,2.9972702264785767,3.4600000083446503,3.1512968838214874
928,34.010832999832928,33.98850641399622,-117.58466699719429,-117.67384374141693,4.3099996447563171,2.5936532020568848,3.4999999701976776,3.296718567609787
823,35.66700005531311,35.543920040130615,-117.51000198721886,-117.55558866262436,1.8100002408027649,0.046260058879852295,3.5300000309944153,3.2342825531959534
1432,34.331400007009506,34.122653506696224,-118.43320000171661,-118.3157457113266,8.9000000059604645,4.2209824919700623,4.2999999895691872,3.5735556185245514
1392,33.829799994826317,33.652021199464798,-116.11629998683929,-116.69161570072174,4.699999988079071,4.2125219106674194,3.0999999940395355,3.0976514518260956
1531,33.392000019550323,33.75308184325695,-116.39499998092651,-117.13428747653961,5.6000000238418579,3.7939471006393433,4.1999999955296516,4.0101359188556671
1214,34.087399996817112,34.008004697039723,-118.50239998102188,-118.46878719329834,9.700000137090683,2.9307711124420166,4.1999999955296516,3.5798782110214233
504,35.67283296585083,34.506317973136902,-117.4743350148201,-117.63597190380096,1.8600001931190491,4.5767819881439209,3.679999977350235,3.2663303017616272
2510,34.771000027656555,35.031359910964966,-116.40799999237061,-116.92504930496216,4.699999988079071,0.48745930194854736,3.8999999910593033,3.4434521198272705
347,35.694831967353821,35.59659743309021,-117.52533000707626,-117.57392713427544,6.3899999856948853,0.88860064744949341,3.1199999749660492,3.1728774905204773
1996,35.322999954223633,35.291860818862915,-118.55699998140335,-118.91498327255249,2.800000011920929,0.066576898097991943,3.199999988079071,3.0566225945949554
386,35.596668004989624,35.61769711971283,-117.38916802406311,-117.54054534435272,2.0899996161460876,0.49487650394439697,3.1099999845027924,3.1110913753509521
1024,34.039666999131441,33.7896508872509,-117.24049997329712,-117.29899924993515,18.229999914765358,1.150476336479187,3.0999999940395355,3.0952780544757843
1958,34.226999998092651,34.145507410168648,-117.44199997186661,-117.62477254867554,8.4000000357627869,2.9563862085342407,3.2999999821186066,3.2094420790672302
1384,34.142800003290176,34.100905783474445,-117.45120000839233,-117.67797648906708,11.100000143051147,2.7976664900779724,3.9999999850988388,3.5354854166507721
894,35.728667020797729,35.761139512062073,-117.0745000243187,-117.06497359275818,1.679999828338623,0.1053348183631897,3.7300000190734863,3.2935830652713776
828,35.700832009315491,35.706539392471313,-117.5169979929924,-117.65956693887711,2.7700003981590271,0.035896897315979004,3.2899999916553497,3.1348589658737183
2474,34.583000004291534,34.475325077772141,-116.23300004005432,-116.7948784828186,5.5000001192092896,5.8117461204528809,3,3.2145867347717285
475,35.875167965888977,35.869243025779724,-117.72200000286102,-117.8131427615881,7.6799999177455902,0.2910768985748291,3.3300000429153442,3.3878222107887268
1683,34.716300010681152,34.854310691356659,-116.45379996299744,-116.66668200492859,9.9999998509883881,3.9524388313293457,5.1000000089406967,4.3225189559161663
2536,34.825999975204468,34.738182008266449,-116.25600004196167,-116.87895131111145,0.39999961853027344,5.8085113763809204,3,3.1789673566818237
2364,35.746999979019165,35.943566799163818,-117.98399999924004,-118.3349891602993,3.6000001430511475,0.10005265474319458,3.4999999701976776,3.271495521068573
2154,34.245199993252754,34.167605191469193,-116.85370004177094,-117.2865874171257,4.6000000834465027,3.1034383177757263,3.4999999701976776,3.338267594575882
2117,34.177000001072884,34.186596155166626,-117.47399997711182,-117.8163930773735,3.9999997615814209,4.4080424308776855,3.3999999761581421,3.1339979767799377
652,35.703667044639587,35.161215305328369,-117.50633299350739,-117.19546717405319,11.109999865293503,4.3958097696304321,3.6999999582767487,3.5638767778873444
172,35.851999998092651,35.966466665267944,-117.67500001192093,-117.88178873062134,8.060000091791153,1.8337136507034302,3.2099999785423279,3.354442298412323
1474,32.981400012969971,32.485333442687988,-116.33039999008179,-116.701092004776,11.799999922513962,2.8279951214790344,3.4999999701976776,3.070046603679657
1149,32.187899947166443,32.138714909553528,-117.70809999108315,-117.91718775033951,13.999999947845936,3.6184251308441162,3,3.109347939491272
38,34.273999989032745,34.297296494245529,-119.29016697406769,-119.46344256401062,11.410000026226044,4.7280451655387878,3.199999988079071,3.167850136756897
1554,32.694000005722046,32.232527613639832,-116.03900003433228,-116.62090706825256,4.9999997019767761,0.2854388952255249,3.0999999940395355,3.0932109653949738
2425,34.45100000500679,34.284995973110199,-116.27400004863739,-116.90679383277893,3.099999725818634,6.7669129371643066,3,3.1114616990089417
713,35.860666990280151,34.810575187206268,-117.67083299160004,-117.75425666570663,10.319999903440475,4.2561301589012146,4.6099999956786633,3.6335522532463074
90,35.635833024978638,35.767221808433533,-117.43049997091293,-117.59232887625694,7.9999999701976776,0.064956843852996826,3.2999999821186066,3.2213159501552582
166,35.783499956130981,35.844568252563477,-117.61533299088478,-117.64340993762016,3.5899999737739563,5.0653713941574097,4.4700000006705523,3.7768446654081345
1205,35.796000003814697,35.575243353843689,-119.84940004348755,-119.81454908847809,6.5999999642372131,0.18833041191101074,3.4999999701976776,3.1795889139175415
875,35.286332964897156,35.196997165679932,-118.53466701507568,-118.93679636716843,6.8599998950958252,0.10853201150894165,3.3999999761581421,3.1839910447597504
444,35.86316704750061,35.825844049453735,-117.70883199572563,-117.66663944721222,7.4399998784065247,3.2231453061103821,3.5099999606609344,3.1994228661060333
2180,35.249500036239624,35.15549111366272,-118.64389997720718,-118.94424152374268,5.7999998331069946,0.55714577436447144,3.5999999642372131,3.204084187746048
2324,35.953999996185303,35.967803001403809,-117.86499999463558,-117.98811111412942,2.7000001072883606,0.30924350023269653,3.4999999701976776,3.2083661556243896
2473,35.235000014305115,35.467774510383606,-118.55900001525879,-118.86500006914139,3.6000001430511475,0.13483554124832153,3.3999999761581421,3.1561431884765625
1093,35.732332944869995,35.295153379440308,-119.67716705799103,-119.78427135944366,25.969999730587006,0.050660669803619385,3.1099999845027924,3.1985080540180206
1827,34.162499994039536,34.041236635297537,-117.39730000495911,-117.56657609343529,9.2000001668930054,3.1304937601089478,3.8999999910593033,3.5101736783981323
1155,34.607999980449677,34.519003987312317,-118.62459999322891,-118.61168110370636,8.5999998450279236,0.81522703170776367,4.1999999955296516,3.8713735342025757
1324,34.004300000146031,33.889987997710705,-117.2432000041008,-117.43322747945786,16.000000052154064,3.1605121493339539,3.3999999761581421,3.1246505677700043
216,35.75333297252655,35.947643756866455,-117.55899998545647,-117.98551577329636,10.559999942779541,2.597908079624176,3.1199999749660492,3.209693044424057
510,35.781666040420532,35.288835525512695,-117.59349799156189,-117.0602964758873,8.0199998617172241,3.9909178018569946,3.0600000321865082,3.2809842824935913
1680,34.818000018596649,34.713285624980927,-116.41299998760223,-116.72905564308167,4.3000003695487976,0.42662143707275391,3,3.3047268390655518
499,35.895167946815491,35.889087438583374,-117.72283199429512,-117.6070474088192,4.1800001263618469,6.5876224637031555,3.199999988079071,3.2112717926502228
2089,34.430000007152557,34.191028729081154,-119.14300000667572,-119.06493628025055,17.199999913573265,3.6273497343063354,3.0999999940395355,3.1119191944599152
1856,33.71110001206398,33.455007076263428,-116.05690002441406,-116.51042795181274,7.8000001609325409,3.9712554216384888,3.9999999850988388,3.64586341381073
1388,33.79899999499321,33.43811160326004,-116.09399998188019,-116.37608933448792,1.5000003576278687,5.5631634593009949,3.0999999940395355,3.0434877276420593
1519,33.390999972820282,32.332236170768738,-116.45099997520447,-117.54167833924294,13.80000002682209,2.9877930879592896,3,3.1132936477661133
2299,32.76800000667572,32.743287563323975,-118.20499999821186,-118.33669537305832,6.9999995827674866,3.8551855087280273,3,3.0425849854946136
1540,32.166000008583069,32.323099493980408,-117.64230000972748,-117.79399581253529,9.9999998509883881,3.6221972107887268,3.5999999642372131,3.790645033121109
1217,34.258399993181229,34.106393180787563,-116.83379995822906,-117.13399565219879,13.499999977648258,0.47293692827224731,3.0999999940395355,3.5249885022640228
1416,35.688500046730042,35.703839778900146,-117.58340001106262,-117.66325888037682,11.40000008046627,0.36197751760482788,4.0999999791383743,3.4939742088317871
2122,35.79419994354248,34.855109989643097,-118.0544999986887,-117.80546395480633,8.9000000059604645,0.18272101879119873,3.5999999642372131,3.4487360715866089
1676,35.988199949264526,35.897037029266357,-117.26050001382828,-117.59257099032402,9.9999998509883881,0.12863785028457642,3.3999999761581421,3.3490996062755585
1197,32.896900057792664,32.406303405761719,-116.29100000858307,-116.5031486749649,16.299999989569187,1.0175237059593201,3,3.1194795370101929
1542,32.99399995803833,32.583982229232788,-116.35080003738403,-116.6446750164032,12.299999892711639,1.8591633439064026,3.4999999701976776,3.0987296998500824
953,35.396499991416931,35.582962989807129,-117.82500000298023,-117.86688029766083,7.6700001955032349,0.071672201156616211,3.0600000321865082,3.1275029182434082
750,35.686000943183899,35.675322771072388,-117.48016399145126,-117.35175532102585,9.4900001585483551,0.47590970993041992,3.5999999642372131,3.2657181322574615
234,35.98466694355011,35.973043203353882,-117.78066700696945,-118.21240116655827,7.460000216960907,0.21819502115249634,3.2400000393390656,3.2210274338722229
732,35.617499947547913,35.643809795379639,-117.58216899633408,-117.51620012521744,9.9100001156330109,1.1672016978263855,3.8400000035762787,3.52359339594841
2534,34.565999984741211,34.511424481868744,-116.23599994182587,-116.8863525390625,1.2999996542930603,5.8826941251754761,3.199999988079071,3.1858907639980316
1156,34.630299985408783,34.57102906703949,-118.62330001592636,-118.73274379968643,12.60000005364418,0.10887712240219116,3.0999999940395355,3.0739204287528992
2168,35.327000021934509,35.589840769767761,-118.66600000858307,-119.09728968143463,1.5000003576278687,1.0877466201782227,3,3.1670564711093903
1209,35.849799990653992,35.66230571269989,-119.79289996623993,-119.85223853588104,17.700000107288361,0.13643324375152588,3.0999999940395355,3.1418833136558533
1065,33.459833025932312,33.226249635219574,-116.48833298683167,-116.89560127258301,10.810000151395798,2.5372660160064697,3.0399999618530273,3.0799985826015472
1062,34.305166989564896,34.17076051235199,-116.91916704177856,-117.14781898260117,1.3999995589256287,0.23103833198547363,3.0800000131130219,3.1370373666286469
1167,32.866099953651428,32.67410671710968,-118.62279999256134,-118.55929744243622,12.60000005364418,3.1582769751548767,3.6999999582767487,3.3571052849292755
1492,33.986999999731779,33.797695130109787,-117.158999979496,-117.28820419311523,14.599999990314245,2.2333341836929321,3.199999988079071,3.1417694985866547
2269,33.929999999701977,34.151519373059273,-118.2960000038147,-118.33339458703995,23.599999845027924,1.6647094488143921,3,3.2053320407867432
884,34.028167000040412,33.883496597409248,-117.22949999570847,-117.32207924127579,16.500000022351742,2.5923013687133789,3.199999988079071,3.1276049315929413
143,35.715667009353638,35.798491477966309,-117.49550002813339,-117.62696570158005,4.4100004434585571,0.18745779991149902,3.5099999606609344,3.2200147211551666
2493,35.970000028610229,35.95894193649292,-117.85699999332428,-118.2124470025301,2.9999998211860657,0.49438744783401489,3.4999999701976776,3.2019819617271423
850,34.050500001758337,33.82293988764286,-117.50499999523163,-117.61236158013344,4.620000422000885,4.3281197547912598,3,3.0735147893428802
717,35.887666940689087,34.44721856713295,-117.72016701102257,-118.01823896355927,7.9500000178813934,4.6914759278297424,3.9099999815225601,3.6025766730308533
2411,33.920999996364117,33.874604508280754,-116.99300003051758,-117.20064270496368,14.400000013411045,0.44489890336990356,3.0999999940395355,3.1287015080451965
264,35.780665993690491,35.815306663513184,-117.61350300908089,-117.7009409070015,7.7299998700618744,1.9749221205711365,3.5999999642372131,3.4296834468841553
75,35.915166974067688,35.971190571784973,-117.68616700172424,-117.88042068481445,7.3500001430511475,2.0196515321731567,3.199999988079071,3.2484624981880188
395,35.884667038917542,35.984555602073669,-117.73116698861122,-117.90521992743015,5.2400001883506775,0.36730259656906128,3,3.0287586450576782
2145,34.31700000166893,34.156350031495094,-116.84200000762939,-117.28691548109055,2.2999995946884155,2.8929054737091064,3.2999999821186066,3.2747935652732849
2375,36,35.969541430473328,-117.69900000095367,-118.02700955793262,0.60000032186508179,0.23064762353897095,3,3.238487184047699
396,35.186332941055298,35.869213223457336,-117.34350001811981,-117.6901615858078,-0.59999942779541016,7.8342492878437042,3.0099999904632568,3.2854495346546173
1365,34.209000006318092,34.030563166365027,-117.55500000715256,-117.73598685860634,12.299999892711639,1.4072692394256592,3.0999999940395355,3.064418613910675
2105,34.340000003576279,34.041970185935497,-118.74199998378754,-118.66717678308487,15.599999986588955,2.4579101800918579,3.3999999761581421,3.2138158679008484
1903,35.60699999332428,35.668798685073853,-117.55480000376701,-117.58917137980461,10.300000011920929,0.45531392097473145,4.6000000052154064,3.5202677249908447
595,35.882168054580688,35.835765600204468,-117.70500200986862,-117.47569841146469,2.4400001764297485,4.7987723350524902,3.3999999761581421,3.1965338587760925
1296,35.48199999332428,35.511619091033936,-118.28799998760223,-118.73766559362411,3.5000002384185791,0.049050450325012207,3.0999999940395355,3.1885412335395813
1821,34.851499974727631,34.9244185090065,-119.24210000038147,-119.65046679973602,16.500000022351742,0.24707973003387451,3.6999999582767487,3.7856799066066742
872,32.075166940689087,32.292346596717834,-116.34850001335144,-117.08495509624481,16.460000015795231,4.9130478501319885,3,3.0485577285289764
1548,35.006100058555603,34.974781572818756,-119.25800001621246,-119.42429506778717,9.0999998152256012,2.1838250756263733,3.7999999970197678,3.7812516242265701
36,35.830165982246399,35.957701921463013,-117.66332998871803,-117.86200831830502,4.0599998831748962,1.9043809175491333,3,3.1884607672691345
2129,33.898000001907349,33.752004310488701,-118.21699999272823,-118.35835725069046,13.999999947845936,3.1252768635749817,3.0999999940395355,3.1050752699375153
2152,34.308999985456467,34.341696977615356,-116.84399998188019,-117.13791739940643,5.3000003099441528,4.0927219390869141,3,3.1258465647697449
977,32.09850001335144,32.116914510726929,-116.61349999904633,-117.02185863256454,12.379999905824661,2.4063152074813843,3.0999999940395355,3.0993229150772095
1571,32.995399951934814,32.690653085708618,-116.33770000934601,-116.68900346755981,8.9000000059604645,1.0912004113197327,4.3999999947845936,3.2297456860542297
1122,33.866200000047684,33.564666599035263,-118.23620000481606,-118.35175284743309,13.700000010430813,1.3987290859222412,3,3.0893257856369019
1892,33.79839999973774,33.760137483477592,-117.13209998607635,-117.27045780420303,16.799999959766865,3.0410134792327881,3.7999999970197678,3.6275149583816528
675,35.732666969299316,34.629100620746613,-117.52683299779892,-117.81980215013027,2.6299998164176941,4.2623412609100342,3.6300000250339508,3.3799846172332764
728,35.747166037559509,35.85570752620697,-117.58049800992012,-117.76661409437656,4.8999997973442078,0.21097898483276367,3.6300000250339508,3.2810947895050049
412,35.667667031288147,35.423399686813354,-117.5168299973011,-117.43368822336197,6.9400003552436829,5.1822853088378906,3.2999999821186066,3.164604663848877
1516,33.477999985218048,33.267943978309631,-116.44200003147125,-116.7502703666687,9.0999998152256012,2.7698644995689392,3,3.0750382840633392
1649,33.245299994945526,33.010532021522522,-116.42410004138947,-116.7175190448761,8.1999997794628143,2.7752003073692322,3.9999999850988388,3.3064320981502533
825,35.659999966621399,35.446161866188049,-117.52783200144768,-117.32537919282913,1.1800003051757812,3.1528687477111816,3.9999999850988388,3.5350431203842163
616,35.88916802406311,35.069571137428284,-117.7418369948864,-117.92303250730038,6.9200000166893005,4.8097389936447144,3.0999999940395355,3.6456034183502197
114,35.921167016029358,35.971965670585632,-117.70500001311302,-117.99985797703266,1.8999999761581421,2.2370186448097229,3.1700000166893005,3.2643568217754364
417,35.587334036827087,35.409563302993774,-117.42283600568771,-117.33139115571976,5.7999998331069946,0.61638504266738892,3.1700000166893005,3.1992968916893005
1625,33.090900003910065,32.585042715072632,-116.14530003070831,-116.59255480766296,3.6000001430511475,2.7956342697143555,3.6999999582767487,3.1252201795578003
2491,35.983999967575073,35.950504183769226,-117.86100000143051,-118.32528665661812,3.5000002384185791,0.044852793216705322,3.0999999940395355,3.1717177033424377
89,35.919666051864624,35.966088533401489,-117.71099901199341,-117.99974189698696,2.6699995994567871,0.53644895553588867,3.070000022649765,3.3847024440765381
2082,34.691999971866608,34.776015162467957,-116.28999996185303,-116.95264077186584,1.8999999761581421,5.0524359941482544,3.2999999821186066,3.2148884832859039
753,35.703667044639587,35.835383772850037,-117.5084989964962,-117.53651303052902,2.330000102519989,0.17663329839706421,3.199999988079071,3.1901444792747498
1630,33.101999998092651,32.725821733474731,-116.22099995613098,-116.57556700706482,7.9999999701976776,3.4447181224822998,3.3999999761581421,3.1587453782558441
11,35.671666979789734,35.707070469856262,-117.52733299136162,-117.54833477735519,9.1099999845027924,0.78321933746337891,3.5600000023841858,3.2017086446285248
284,35.715667963027954,35.630000710487366,-117.56866499781609,-117.76589459180832,6.1000004410743713,1.5554130077362061,3.070000022649765,3.1893377602100372
1066,33.459167003631592,33.32091897726059,-116.42466700077057,-116.94635891914368,11.079999804496765,5.7099044322967529,3,3.0845427811145782
1191,33.475600004196167,33.180363655090332,-116.47759997844696,-116.87978398799896,12.60000005364418,3.5650160908699036,3.2999999821186066,3.0712909698486328
1440,33.754999995231628,33.592986971139908,-116.93400001525879,-117.05091381072998,15.200000004842877,2.7362000942230225,3.0999999940395355,3.1033901274204254
2377,34.282000005245209,34.076440095901489,-116.90699994564056,-117.20649027824402,5.2000004053115845,0.32575070858001709,3,3.1320560574531555
2376,34.231000006198883,34.15877178311348,-116.97300004959106,-117.31174021959305,4.9999997019767761,1.5521880984306335,3.0999999940395355,3.2358564734458923
2289,33.647000014781952,33.469856560230255,-116.74199998378754,-117.05659955739975,14.100000020116568,2.7231431007385254,3.3999999761581421,3.1123990416526794
1568,34.351999998092651,34.313493967056274,-116.46300005912781,-116.83491575717926,4.5000001788139343,1.9520696997642517,3.0999999940395355,3.2412199079990387
2172,35.330999970436096,35.019311666488647,-118.6700000166893,-118.77240687608719,2.0999997854232788,2.1849086880683899,3,3.1132450997829437
1687,35.971699953079224,35.954275131225586,-117.31470000743866,-117.49531179666519,3.4000003337860107,0.059567391872406006,3.7999999970197678,3.3246669173240662
851,34.100166998803616,33.91198056936264,-116.92799997329712,-117.18848598003387,5.0099998712539673,0.70676475763320923,3,3.0771673321723938
895,35.730332970619202,35.722708582878113,-117.07766699790955,-116.98643016815186,0.83999991416931152,1.2252473831176758,4.1999999955296516,3.8907427042722702
496,35.677665948867798,35.778568625450134,-117.4923329949379,-117.4937002658844,1.3099998235702515,1.6906893253326416,3.0999999940395355,3.2069449424743652
1782,33.169000029563904,33.024259448051453,-116.55400002002716,-116.8802638053894,13.399999961256981,1.9252529740333557,3.199999988079071,3.0907176733016968
335,35.68149995803833,35.825755953788757,-117.49400299787521,-117.58755025267601,1.1499997973442078,0.58360397815704346,3.2199999690055847,3.1662424206733704
515,35.934700012207031,35.003035306930542,-117.79170000553131,-117.78587874770164,4.9999997019767761,5.3480029106140137,3.6999999582767487,3.2386096715927124
1348,32.811900019645691,32.518302440643311,-116.1496000289917,-116.53747200965881,9.8000000417232513,0.89278936386108398,4.0999999791383743,3.7946543097496033
1015,34.313666999340057,34.222730100154877,-119.74233305454254,-119.73871099948883,1.7100003361701965,5.4017132520675659,3.199999988079071,3.1232008337974548
2383,34.243000000715256,34.024086831137538,-116.78299999237061,-117.18394124507904,6.8999996781349182,1.3685113191604614,3.199999988079071,3.3060970902442932
1781,35.432000041007996,35.187125444412231,-118.30000001192093,-118.39096376299858,8.7000001966953278,0.49352467060089111,3,3.0477898120880127
1785,34.397000014781952,34.365503460168839,-119.64900004863739,-119.80154287815094,13.200000040233135,1.5818381309509277,3.3999999761581421,3.3571178019046783
2070,35.095000028610229,35.062470674514771,-119.10800004005432,-119.79092800617218,17.599999979138374,0.14142215251922607,3,3.1324139535427094
356,35.915164947509766,35.956468462944031,-117.73266598582268,-117.88300877809525,2.6299998164176941,4.4189554452896118,3.0999999940395355,3.260550856590271
2418,35.276000022888184,35.289179086685181,-119.09399998188019,-119.48230957984924,7.5,0.018302500247955322,3.0999999940395355,3.1501953899860382
1312,34.449299991130829,34.403724372386932,-119.29480004310608,-119.48930084705353,17.700000107288361,3.888384997844696,3.6999999582767487,3.439828634262085
1635,34.11599999666214,33.882717378437519,-117.32400000095367,-117.39458990097046,17.599999979138374,1.0049450397491455,3.2999999821186066,3.1703091859817505
550,35.577000021934509,35.553275585174561,-117.37316900491714,-117.22191292047501,3.8200002908706665,5.5857038497924805,4.0999999791383743,3.8414431661367416
1227,34.141000002622604,33.786884278059006,-117.45929998159409,-117.41951942443848,6.9999995827674866,2.0537504553794861,3,3.0721240639686584
2261,34.675000011920929,34.614716827869415,-116.2960000038147,-116.90478181838989,5.6000000238418579,6.1396041512489319,3,3.2229645252227783
957,34.04483300074935,33.826117679476738,-117.13999998569489,-117.30280864238739,13.379999957978725,0.72839945554733276,3.3400000333786011,3.1647496819496155
1773,34.039000000804663,33.829580843448639,-117.24299997091293,-117.28404450416565,14.599999990314245,0.589924156665802,3,3.0577096939086914
2141,33.444999992847443,32.951050519943237,-116.43700003623962,-116.9340033531189,13.100000023841858,0.42783647775650024,3.199999988079071,3.0814023613929749
1008,35.397500038146973,35.356545090675354,-117.7128329873085,-117.76965814828873,7.4399998784065247,0.15575587749481201,3.6400000154972076,3.2645449340343475
1092,33.891667000949383,33.799644038081169,-117.11766701936722,-117.18446320295334,13.610000051558018,3.4321904182434082,3.4300000369548798,3.2894331514835358
2255,32.075999975204468,32.406887054443359,-117.42500001192093,-117.77019537985325,11.100000143051147,0.39672911167144775,3.3999999761581421,3.0810298025608063
996,34.239666998386383,34.126747652888298,-116.88566696643829,-117.2614421248436,7.6499998569488525,0.66247433423995972,3.7999999970197678,3.6580111384391785
1679,34.811999976634979,34.772239327430725,-116.41700005531311,-116.74298918247223,4.3000003695487976,0.31574606895446777,3.3999999761581421,3.1989023387432098
153,35.64566695690155,35.805844068527222,-117.44700002670288,-117.60704609751701,4.9200001358985901,0.23511260747909546,3.3999999761581421,3.203514039516449
580,35.890666961669922,35.876622557640076,-117.70749700069427,-117.67505612969398,5.7700002193450928,5.2203449606895447,3.0800000131130219,3.3085123300552368
1470,33.211000025272369,32.366971969604492,-116.21300005912781,-116.8448269367218,16.19999997317791,0.097155869007110596,3.2999999821186066,3.0636419355869293
703,35.656666994094849,34.686542272567749,-117.44650000333786,-117.74446356296539,2.2300001978874207,4.2247116565704346,4.0200000107288361,3.5572939217090607
1212,35.002799987792969,34.935071587562561,-116.92190003395081,-116.97617161273956,10.300000011920929,2.0593678951263428,3.9999999850988388,3.5599587857723236
896,33.484833002090454,33.359897196292877,-116.80366694927216,-117.13667994737625,1.2599998712539673,1.3102734088897705,3.2299999594688416,3.2376014292240143
487,35.570832967758179,35.50293242931366,-117.36199998855591,-117.57685375213623,4.3400001525878906,0.32658666372299194,3,3.18003049492836
559,35.736333012580872,34.438516348600388,-117.56933298707008,-117.31891602277756,2.7399998903274536,4.0890902280807495,3.7999999970197678,3.2238051295280457
1141,32.057999968528748,32.343570947647095,-116.14300000667572,-116.81045007705688,20.000000149011612,1.8361061811447144,3.5999999642372131,3.0730101764202118
1119,33.271166980266571,33.038670480251312,-116.78966701030731,-117.1729987859726,8.5300000011920929,1.8060511350631714,3.2700000107288361,3.1234303414821625
512,35.935333013534546,35.970408916473389,-117.71516400575638,-117.40135496854782,2.3599997162818909,4.534764289855957,3.199999988079071,3.166664332151413
633,35.680832028388977,35.364831447601318,-117.49500298500061,-117.32017183303833,2.4199998378753662,1.7318066954612732,3.6999999582767487,3.7381874620914459
2179,35.317000031471252,35.816721081733704,-118.64399999380112,-119.09417653083801,3.099999725818634,0.41083931922912598,3,3.1296833753585815
1664,34.196799993515015,33.953866261988878,-118.56220000982285,-118.52830702066422,18.700000047683716,4.0055152773857117,3.0999999940395355,3.1789310574531555
1012,34.030833000317216,33.869331791996956,-118.98816698789597,-118.82161408662796,11.009999960660934,4.3313321471214294,3.3400000333786011,3.31766277551651
1931,34.596000015735626,34.664029955863953,-116.35500001907349,-116.70478796958923,2.800000011920929,0.36984533071517944,3,3.2080943584442139
1150,33.936200000345707,33.810102611780167,-116.02439999580383,-116.53674709796906,9.8999999463558197,4.2794394493103027,3.3999999761581421,3.2298293709754944
2380,34.377000004053116,34.064402922987938,-117.09700000286102,-117.18953734636307,11.900000050663948,3.9481151103973389,3.0999999940395355,3.198181539773941
116,35.920500040054321,35.960862874984741,-117.70866701006889,-117.9593697078526,2.1399995684623718,0.34797191619873047,3.199999988079071,3.2145671546459198
740,35.77183198928833,35.867319226264954,-117.56866499781609,-117.53237235546112,3.75,4.2804014682769775,3.0500000417232513,3.190480649471283
2337,33.689000010490417,33.37950599193573,-116.81599998474121,-117.24681067466736,15.200000004842877,0.8586922287940979,3.0999999940395355,3.0895173847675323
1974,34.061000000685453,33.888944804668427,-117.00499999523163,-117.20734691619873,6.7999997735023499,3.9749228954315186,4.9000000208616257,4.3988719023764133
1081,34.078832998871803,34.04236526414752,-119.29033303260803,-119.08421277999878,19.589999914169312,5.4719415307044983,3.4999999701976776,3.5497047007083893
1810,34.278600007295609,34.122077092528343,-118.65189999341965,-118.62397944927216,9.8999999463558197,0.44694900512695312,3.4999999701976776,3.3630943894386292
830,35.744335055351257,35.582145810127258,-117.54966700077057,-117.54368495941162,1.4900001883506775,2.4026629328727722,3.5899999737739563,3.3394853174686432
119,35.926167011260986,35.908331632614136,-117.70750001072884,-117.9034318625927,3.7799996137619019,1.1086705327033997,4.739999994635582,3.7013711035251617
656,35.857332944869995,34.52175372838974,-117.64783298969269,-117.80416892468929,11.029999852180481,4.2659667134284973,3.7699999809265137,3.2050716876983643
2310,35.934999942779541,35.957138061523438,-117.68299999833107,-118.05086210370064,3.099999725818634,0.098211765289306641,3,3.2009353637695312
2270,33.837999999523163,34.052697572857141,-118.34799998998642,-118.46027588844299,9.8000000417232513,1.720450222492218,3.6999999582767487,3.4447859823703766
2485,32.097000002861023,32.284000635147095,-117.11599999666214,-117.43875968456268,5.4000002145767212,5.5547171831130981,3.5999999642372131,3.044131726026535
635,35.869166970252991,34.239244028925896,-117.66100001335144,-117.99790556798689,5.4799997806549072,4.7486704587936401,3.5699999928474426,3.3156450390815735
369,35.901999950408936,35.813915133476257,-117.67133298516273,-117.55233860015869,2.5699996948242188,0.21251410245895386,3.129999965429306,3.1518857181072235
268,35.921664953231812,35.893133640289307,-117.45966297388077,-117.63700690865517,7.1000003814697266,0.37719905376434326,3.5600000023841858,3.2808811068534851
46,35.896999955177307,35.968644380569458,-117.69983300566673,-118.00558126019314,4.440000057220459,0.1750454306602478,3,3.1929400563240051
991,34.505999982357025,34.517950892448425,-118.64216697216034,-118.62579298019409,17.599999979138374,0.64337700605392456,3.4300000369548798,3.1435766816139221
876,33.488833010196686,33.314392328262329,-116.80133295059204,-117.04623484611511,6.1800000071525574,0.74189096689224243,3,3.0803453922271729
773,35.662333011627197,35.493725776672363,-117.52450001239777,-117.58018729090691,2.6100003719329834,0.22440344095230103,3.8199999779462814,3.6071540415287018
1219,33.950100000947714,33.804774940013885,-118.18269999325275,-118.33469831943512,18.099999949336052,2.8623327612876892,3.3999999761581421,3.1889282763004303
1126,32.996000051498413,32.847709774971008,-117.03799998760223,-117.70191991329193,8.9999999105930328,2.5917166471481323,3.3999999761581421,3.0418924391269684
4,32.923666954040527,32.716685175895691,-119.15816700458527,-118.61205732822418,5.8300003409385681,3.3321270346641541,3.7400000095367432,3.1601319909095764
1595,33.964999999850988,33.763408467173576,-116.87699997425079,-117.05037248134613,10.200000107288361,0.83852916955947876,3.0999999940395355,3.1188898086547852
1077,34.171666994690895,34.051933769136667,-117.63116699457169,-117.77878522872925,10.470000207424164,1.1432066559791565,3.4999999701976776,3.1129211783409119
837,35.706333041191101,35.068006157875061,-117.52200001478195,-117.53944984078407,2.6500001549720764,4.3850219249725342,4.3999999947845936,3.5156392157077789
681,35.580667018890381,34.714287400245667,-117.39616698026657,-117.72506055235863,13.220000043511391,4.393916130065918,3.5200000405311584,3.3196960687637329
1715,33.040000021457672,32.747478842735291,-118.93000000715256,-118.64952957630157,6.9999995827674866,3.5351327061653137,3.199999988079071,3.0409606397151947
2197,34.707000017166138,34.64593243598938,-116.29499995708466,-116.89563989639282,2.2999995946884155,5.4523685574531555,3,3.2280061841011047
1148,32.202000021934509,32.056999564170837,-117.63600000739098,-117.6349413394928,19.100000113248825,6.3546538352966309,3,3.0849595069885254
574,35.848667025566101,35.849307775497437,-117.68382999300957,-117.63837429881096,5.4699996113777161,0.46433776617050171,3.3999999761581421,3.3288019001483917
50,35.777667045593262,35.778181433677673,-117.58950001001358,-117.77619250118732,9.3199999630451202,0.27932703495025635,3.9200000166893005,3.3723034858703613
853,34.073666997253895,34.020378554239869,-119.03983294963837,-118.84352856874466,18.46000000834465,4.6219539642333984,3.6999999582767487,3.2595945596694946
1982,33.458000004291534,33.227624833583832,-116.62699997425079,-116.77581262588501,7.5,1.2615010142326355,3.199999988079071,3.113008439540863
1823,32.655900001525879,32.31188976764679,-116.09700000286102,-116.50925064086914,12.699999958276749,0.54111868143081665,4.1999999955296516,3.1920238137245178
833,35.6875,35.403006315231323,-117.5071670114994,-117.45395374298096,1.5400001406669617,4.1150334477424622,4.0999999791383743,3.3467209339141846
1115,34.174999997019768,34.041875202208757,-117.43500000238419,-117.5952245593071,10.60000017285347,4.1925027966499329,3.3899999856948853,3.1383707821369171
1166,33.755999997258186,33.425798177719116,-116.00800001621246,-116.29559111595154,20.000000149011612,5.0816327333450317,3,3.0617126226425171
1906,35.570999979972839,35.821217179298401,-117.5290000140667,-117.66352421045303,9.4999998807907104,0.097861289978027344,3.2999999821186066,3.1786891222000122
971,34.095167003571987,33.854938372969627,-118.6710000038147,-118.63767826557159,15.169999999925494,3.9121842384338379,3.129999965429306,3.230672299861908
399,35.570500016212463,35.654600501060486,-117.52300000190735,-117.46487522125244,10.049999803304672,1.4478519558906555,4.0999999791383743,3.7492323517799377
19,33.929999999701977,33.740551769733429,-117.87416699528694,-117.95295666903257,9.2899999022483826,4.3990194797515869,3,3.0820448398590088
684,35.897667050361633,34.631847083568573,-117.70500001311302,-117.8617770075798,7.4299997091293335,4.3172657489776611,4.0200000107288361,3.3948873281478882
35,34.265500009059906,34.327455639839172,-119.28966701030731,-119.41115999221802,11.419999971985817,4.7522807121276855,3.3999999761581421,3.2601040005683899
2402,32.003999948501587,32.032289862632751,-116.31099998950958,-117.51619866490364,5.9999996423721313,0.91985195875167847,3.199999988079071,3.104500025510788
524,35.89783501625061,35.170749545097351,-117.71633198857307,-117.37403124570847,8.1799998879432678,4.760899543762207,3.1199999749660492,3.2878763973712921
920,33.487500011920929,33.447761416435242,-116.80616700649261,-117.05325603485107,2.1200001239776611,0.92741489410400391,3.0999999940395355,3.1954112648963928
1841,34.070000000298023,34.002860842272639,-118.95200002193451,-118.76904147863388,15.400000009685755,3.8656041026115417,3.3999999761581421,3.234034538269043
1890,33.749599993228912,33.74783843755722,-117.49379998445511,-117.53558322787285,0.39999961853027344,4.1755557060241699,3.5999999642372131,3.5054991245269775
537,35.937000036239624,35.014891147613525,-117.65583300590515,-117.85082580149174,-0.10999917984008789,5.4936316609382629,3.199999988079071,3.2300531566143036
1705,32.105999946594238,32.12615180015564,-116.51999998092651,-116.66648316383362,7.9999999701976776,2.187245786190033,3.199999988079071,3.0730396807193756
2484,34.503000020980835,34.412144422531128,-116.24899995326996,-116.88467645645142,0,5.8799761533737183,3.2999999821186066,3.2961887419223785
245,35.791499972343445,35.91557765007019,-117.61599698662758,-117.88062039017677,6.8999996781349182,0.52933573722839355,3.0099999904632568,3.2556165754795074
784,35.676666021347046,35.577476501464844,-117.52749601006508,-117.44878315925598,7.3899999260902405,0.23408979177474976,3,3.2015357315540314
1409,33.632999986410141,33.573374390602112,-119.05599999427795,-118.91025966405869,15.80000001937151,4.1189843416213989,3.3999999761581421,3.2461853921413422
154,35.903167009353638,35.972286462783813,-117.69266700744629,-117.91982849687338,2.7200004458427429,1.9837117195129395,3.3999999761581421,3.3104381561279297
1686,35.986500024795532,35.945348739624023,-117.27249997854233,-117.5815906226635,9.9999998509883881,0.06351470947265625,3.6999999582767487,3.2495756149291992
625,35.578667044639587,35.484349489212036,-117.58083298802376,-117.60489091277122,-0.89999914169311523,0.60950607061386108,3.3999999761581421,3.1056709885597229
2436,33.139999985694885,32.86079740524292,-116.30299997329712,-116.85377621650696,13.80000002682209,3.923259973526001,3.6999999582767487,3.1212723255157471
1346,33.019200026988983,32.764281153678894,-116.29980003833771,-116.72881543636322,14.19999998062849,2.8339514136314392,4.1999999955296516,3.4966782331466675
569,35.88633394241333,34.98578405380249,-117.67400398850441,-117.44433468580246,10.999999791383743,2.4876102805137634,3.2800000011920929,3.2734946608543396
1758,35.772500038146973,35.910861372947693,-117.67379999160767,-117.73727825284004,1.1999997496604919,0.28681039810180664,3.199999988079071,3.258278489112854
1816,32.068099975585938,32.114262700080872,-116.36240005493164,-116.9161559343338,26.000000238418579,2.9337206482887268,3,3.0453412234783173
2065,33.222000002861023,32.733466148376465,-116.08700001239777,-116.53783798217773,6.9999995827674866,2.4033111333847046,3.199999988079071,3.1036109626293182
127,35.957167029380798,35.973258972167969,-117.71366700530052,-118.00323997158557,3.1300002336502075,1.6068059206008911,3.0999999940395355,3.2877933382987976
2521,34.400999993085861,34.275592386722565,-116.41600000858307,-116.9020334482193,3.7000000476837158,4.1285687685012817,3.5999999642372131,3.2029650807380676
2006,33.966499999165535,33.829204246401787,-116.33720004558563,-116.95361435413361,7.5999999046325684,1.6079583764076233,3.5999999642372131,3.6843786835670471
980,33.463832974433899,33.196140348911285,-116.47016704082489,-116.90353512763977,7.6199997961521149,4.6642041206359863,3.0999999940395355,3.186422735452652
190,35.686164975166321,35.780516386032104,-117.54133599996567,-117.70323467254639,5.3600004315376282,0.23369371891021729,3.4799999892711639,3.1913086473941803
1139,33.994799999985844,33.904938496649265,-118.34509998559952,-118.37657180428505,16.000000052154064,4.2627185583114624,3.5999999642372131,3.5820486545562744
992,35.904332995414734,35.805394053459167,-116.92233300209045,-116.98566257953644,6.1400002241134644,0.26820570230484009,4.1999999955296516,3.6988079845905304
699,35.983500003814697,34.733815550804138,-117.77750000357628,-117.77125830948353,14.840000001713634,4.2489740252494812,3.5999999642372131,3.6379439234733582
606,35.831799983978271,35.158576250076294,-117.78519999980927,-117.8713735640049,1.9800004363059998,5.7109200954437256,3.7999999970197678,3.2388097643852234
180,35.36899995803833,35.505078911781311,-117.84616899490356,-117.98841109406203,1.5500003099441528,0.11232823133468628,3.0800000131130219,3.2174698412418365
301,35.673499941825867,34.992376565933228,-117.48950201272964,-117.23731696605682,2.6100003719329834,4.3350961804389954,3.199999988079071,3.3216490745544434
1060,35.166332960128784,35.220438003540039,-119.33716702461243,-119.63450479507446,22.090000212192535,0.38392692804336548,3.0199999809265137,3.1443538069725037
2394,32.646000027656555,32.471728086471558,-118.19099999964237,-118.41713386774063,5.9999996423721313,4.2002356052398682,3.2999999821186066,3.2358325123786926
2437,34.36599999666214,34.171464264392853,-116.47200000286102,-116.85161006450653,2.7000001072883606,5.4182159900665283,3.0999999940395355,3.1168028712272644
1069,33.432332992553711,33.134994447231293,-116.45383298397064,-116.82883954048157,11.42999991774559,3.0334299802780151,3.1700000166893005,3.1316357553005219
2205,35.972000002861023,35.145509958267212,-117.26399999856949,-117.44675368070602,3.099999725818634,0.0054037570953369141,3.6999999582767487,3.0434684157371521
1243,35.957800030708313,35.905306100845337,-117.3008000254631,-117.69222259521484,10.60000017285347,0.18622756004333496,3.199999988079071,3.1374858319759369
16,33.548500001430511,33.305981993675232,-118.31416699290276,-118.32582408189774,10.680000185966492,1.3814637064933777,3.199999988079071,3.1392332911491394
2524,32.578999996185303,32.444916963577271,-118.25600001215935,-118.40004581212997,5.9999996423721313,3.6748525500297546,3.199999988079071,3.0425264239311218
546,35.874331951141357,35.876978635787964,-117.69716599583626,-117.54982060194016,-1.0899996757507324,3.4700077772140503,3.4600000083446503,3.3498753011226654
658,35.904500007629395,34.760619044303894,-117.69299998879433,-117.69600516557693,6.4399999380111694,4.5592206716537476,3.9599999785423279,3.5299457609653473
2282,32.924999952316284,33.209990620613098,-117.76999999582767,-118.28489264845848,6.9999995827674866,4.6569666266441345,3.199999988079071,3.0941188037395477
2313,32.70799994468689,32.264259696006775,-116.06599998474121,-116.61663329601288,3.9999997615814209,3.0270785093307495,3.0999999940395355,3.0698726177215576
1504,35.518599987030029,35.572927117347717,-116.74539995193481,-117.01578915119171,14.899999997578561,0.15611439943313599,3,3.2727839648723602
959,33.64733299612999,33.642971724271774,-117.26083302497864,-118.27715039253235,27.339999675750732,0.28415590524673462,3.0800000131130219,3.0412078499794006
797,35.691166043281555,35.680873036384583,-117.51216900348663,-117.50412353873253,1.0299995541572571,0.4323086142539978,3.2299999594688416,3.1901792585849762
225,35.961333990097046,35.930845975875854,-117.2843319773674,-117.4769007563591,4.1400003433227539,0.077157318592071533,3.550000011920929,3.2975234985351562
2074,32.286999940872192,32.129626393318176,-116.2849999666214,-116.65436947345734,5.5000001192092896,0.98542392253875732,3.2999999821186066,3.0916762948036194
1799,32.753399968147278,32.762992978096008,-117.37879997491837,-117.4790004491806,9.9999998509883881,2.8644642233848572,3.8999999910593033,3.2771470248699188
2509,33.699999988079071,33.752440646290779,-117.71200001239777,-117.88269701600075,11.299999952316284,4.5525026321411133,3.9999999850988388,3.3993961215019226
2085,35.631999969482422,35.912625432014465,-117.57499998807907,-117.74142506718636,1.8999999761581421,0.32494872808456421,3.199999988079071,3.3515599966049194
1693,35.74399995803833,35.874816656112671,-118.00999999977648,-118.28301644325256,4.0999996662139893,0.2034294605255127,3.2999999821186066,3.3304962515830994
1045,34.327499985694885,34.291458010673523,-119.5,-119.7686048746109,2.3199999332427979,3.6050829291343689,3.2999999821186066,3.2637535929679871
469,35.892166018486023,35.818630695343018,-117.71933001279831,-117.65225118398666,6.9400003552436829,0.83614736795425415,3.2999999821186066,3.2014474868774414
954,33.956333000212908,33.863835424184799,-116.31916701793671,-117.08966648578644,8.3099998533725739,2.3445269465446472,3.0900000035762787,3.0642886161804199
2519,32.675999999046326,32.108859896659851,-116.09399998188019,-116.68610012531281,10.899999886751175,1.9734522700309753,3.0999999940395355,3.1070263981819153
639,35.908499956130981,35.821436643600464,-117.67550000548363,-117.46605062484741,2.3400002717971802,5.8769845962524414,4.2999999895691872,3.815178170800209
2350,35.802999973297119,35.913301944732666,-118.04399999976158,-118.37594237923622,9.5999997854232788,0.025109946727752686,3,3.2222662568092346
1218,33.912699997425079,33.820420265197754,-116.72490000724792,-117.10236394405365,19.200000017881393,1.4317408204078674,3,3.0871469378471375
1158,35.924299955368042,35.927565693855286,-117.21799999475479,-117.52079820632935,0.99999994039535522,0.0097158551216125488,3.4999999701976776,3.229453057050705
1415,33.367699980735779,33.090606570243835,-116.30019998550415,-116.85945081710815,13.299999944865704,3.2420477271080017,3,3.064691573381424
2292,34.635999977588654,34.605365812778473,-116.31400001049042,-116.90602576732635,5.6000000238418579,5.2332240343093872,3.199999988079071,3.245270848274231
1527,33.390999972820282,33.157456576824188,-116.41700005531311,-116.93331873416901,9.9999998509883881,3.9128395915031433,3.3999999761581421,3.2908166348934174
2475,34.409000009298325,34.251680731773376,-116.27900004386902,-116.78190350532532,20.699999928474426,5.8338332176208496,3.199999988079071,3.2413583993911743
1300,34.904999971389771,34.792042016983032,-119.21099996566772,-119.50646042823792,13.999999947845936,4.1719365119934082,3,3.136090099811554
2430,34.879000008106232,34.726595044136047,-116.41100001335144,-117.0912766456604,4.0999996662139893,1.740649938583374,3.0999999940395355,3.2228824496269226
1603,35.953999996185303,35.939635992050171,-117.33399999141693,-117.6226646900177,1.8000000715255737,0.05061417818069458,3.0999999940395355,3.0938101708889008
160,35.927167057991028,35.973273992538452,-117.68133300542831,-117.97012649662793,3.1300002336502075,1.5697476267814636,3.0399999618530273,3.3497283160686493
1704,33.931999996304512,33.853050053119659,-116.74199998378754,-117.09871923923492,13.900000043213367,1.9630372524261475,3.3999999761581421,3.1049124598503113
956,33.482500016689301,33.290759146213531,-116.50366699695587,-117.05104094743729,12.590000107884407,4.518984854221344,3.6999999582767487,3.2919230461120605
2470,34.717000007629395,34.604166805744171,-116.33200001716614,-117.05292195081711,4.1999995708465576,4.3522050976753235,3.3999999761581421,3.2249761819839478
877,33.705000013113022,33.607160180807114,-116.83050000667572,-117.03066468238831,16.779999956488609,2.791534960269928,3.3999999761581421,3.0876797139644623
1919,35.819000005722046,35.79120671749115,-119.91199994087219,-119.76620721817017,12.400000020861626,0.24801313877105713,3.2999999821186066,3.1686326265335083
1884,33.980000000447035,33.747171550989151,-116.27199995517731,-116.87939500808716,5.2000004053115845,3.0972719192504883,3.199999988079071,3.1319303512573242
2200,32.644999980926514,32.312613248825073,-118.07400000095367,-118.42836067080498,25.200000107288361,3.0284768342971802,3.199999988079071,3.0420744717121124
98,35.806666970252991,35.911380529403687,-117.62933298945427,-117.83700485527515,0.45999974012374878,0.76471388339996338,3.0999999940395355,3.1362208127975464
2400,34.037000000476837,34.023061534389853,-117.27100002765656,-117.40477299690247,7.9999999701976776,2.3773705959320068,3.3999999761581421,3.1858403384685516
253,35.921165943145752,35.942678928375244,-117.6884999871254,-118.01074531767517,6.1500003933906555,0.54714739322662354,3,3.1744964718818665
103,35.03516697883606,34.856868147850037,-116.80033302307129,-116.95845997333527,-0.76999962329864502,1.7628666758537292,3.129999965429306,3.2193792164325714
1445,33.004100024700165,32.665255308151245,-116.33399999141693,-116.98126828670502,11.100000143051147,2.4577599763870239,3.5999999642372131,3.0566141903400421
1443,33.030399978160858,32.981801867485046,-118.00400000018999,-118.13830718398094,8.8000001013278961,3.4112200140953064,3.6999999582767487,3.1493404805660248
1648,33.875299997627735,33.851414084434509,-117.80089999735355,-117.79063898324966,1.600000262260437,4.3816155195236206,3.5999999642372131,3.2704043984413147
586,35.745666980743408,35.41028106212616,-117.56649801135063,-117.64895382523537,7.9999999701976776,0.84799021482467651,3.3999999761581421,3.428848922252655
627,35.91016697883606,35.557526826858521,-117.68483299016953,-117.68575420975685,7.4100002646446228,3.9603781700134277,5.4399999976158142,4.1103954613208771
1696,34.003000000026077,33.859152644872665,-116.91199994087219,-117.17045772075653,17.500000074505806,1.5687713027000427,3.199999988079071,3.1044259965419769
2101,33.410000026226044,33.092855930328369,-116.40299999713898,-116.70240330696106,12.499999925494194,4.3438875675201416,3.0999999940395355,3.0871374607086182
2199,33.48199999332428,33.205545604228973,-116.5,-116.80975532531738,14.899999997578561,1.0839897394180298,3.0999999940395355,3.0777114629745483
403,35.592334985733032,35.552738904953003,-117.39399701356888,-117.47121614217758,4.0700000524520874,1.0867568850517273,3.3199999630451202,3.174923837184906
1154,33.322200000286102,33.030840814113617,-116.33369994163513,-116.8079092502594,18.099999949336052,3.9683559536933899,3.3999999761581421,3.2067874073982239
2256,32.001000046730042,32.034570574760437,-117.38200002908707,-117.31697797775269,6.9999995827674866,3.0490520596504211,3.3999999761581421,3.0771854817867279
1682,33.866999998688698,33.876053236424923,-119.32400000095367,-119.3867027759552,11.499999985098839,3.7607628107070923,3.4999999701976776,3.3053393661975861
2056,33.971000000834465,33.830983176827431,-118.67699998617172,-118.65286821126938,13.399999961256981,3.0695459246635437,3.2999999821186066,3.134458601474762
2413,35.452000021934509,35.455350637435913,-116.48099994659424,-117.20898044109344,3.6000001430511475,0.68806618452072144,3.5999999642372131,3.2305313050746918
452,35.682999014854431,35.095990180969238,-117.52300301194191,-117.37407034635544,1.1700001358985901,1.8204975128173828,3.0999999940395355,3.2216866314411163
2303,35.980999946594238,35.948326826095581,-117.86499999463558,-117.93131322413683,2.1999996900558472,0.6643715500831604,3,3.6282942295074463
1327,32.060700058937073,32.16664731502533,-117.67039999365807,-117.93450398743153,1.600000262260437,4.0006300806999207,3.9999999850988388,3.3948708772659302
2049,32.401999950408936,33.009223341941833,-117.79700000584126,-118.06997816264629,11.999999955296516,3.6606064438819885,3.5999999642372131,3.1057701408863068
880,34.709667026996613,34.717175722122192,-116.28299999237061,-116.60814964771271,1.7399999499320984,0.42299240827560425,3.199999988079071,3.2966837882995605
2472,34.670000016689301,34.685924351215363,-116.35899996757507,-116.89210772514343,2.9999998211860657,5.0083208084106445,3.3999999761581421,3.2491019368171692
623,35.887333035469055,35.945681691169739,-117.71283000707626,-117.53031525015831,3.8999998569488525,3.8980597257614136,3.5799999833106995,3.3204508423805237
2344,33.978000000119209,33.910681836307049,-116.75399994850159,-117.1186203956604,22.400000095367432,1.1858904361724854,3.7999999970197678,3.2741319537162781
1787,35.804399967193604,35.778708219528198,-117.66130000352859,-117.7255991101265,9.9999998509883881,0.85602879524230957,4.0999999791383743,3.5231376886367798
262,35.877833962440491,35.95293915271759,-117.6873320043087,-118.01862069778144,2.6600003242492676,2.8435403108596802,3.1600000262260437,3.1916935443878174
1634,35.042999982833862,35.022923946380615,-119.0349999666214,-119.68725371360779,11.799999922513962,0.030102431774139404,3.199999988079071,3.2235398590564728
1438,33.870000004768372,33.73709899187088,-118.28499999642372,-118.31479731202126,15.100000002421439,2.5984981656074524,3.199999988079071,3.1484467685222626
2198,32.633999943733215,32.481630086898804,-118.07999999821186,-118.3084668815136,6.9999995827674866,3.9234352111816406,3.199999988079071,3.0306431651115417
1969,34.054000001400709,33.919209599494934,-117.02999997138977,-117.31763708591461,12.100000083446503,3.4520736336708069,3.9999999850988388,3.3643355369567871
1802,33.736000001430511,33.663070201873779,-117.47000002861023,-117.52100741863251,1.2999996542930603,4.0826708078384399,3.3999999761581421,3.2741240859031677
640,35.902500033378601,35.031380653381348,-117.68550100922585,-117.50297269225121,3.0399996042251587,4.7426703572273254,4.2999999895691872,3.3497367203235626
2403,35.565999984741211,35.585654616355896,-117.22500002384186,-117.26684910058975,5.6999999284744263,0.24436891078948975,3.3999999761581421,3.2900315523147583
1959,32.516299962997437,32.285776615142822,-116.88020002841949,-116.77038550376892,19.000000208616257,2.090955376625061,3.7999999970197678,3.214620441198349
488,35.898167014122009,34.44195494055748,-117.73366698622704,-117.87239490449429,2.8299996256828308,4.4848018884658813,3.199999988079071,3.5170087516307831
1843,35.890799999237061,35.934114217758179,-117.68090000748634,-118.0626328587532,9.9999998509883881,0.80974549055099487,3.9999999850988388,3.5305668711662292
1734,33.498000025749207,33.263001918792725,-116.51900005340576,-116.80025005340576,13.100000023841858,1.4533916115760803,3,3.0648499131202698
146,35.584833025932312,35.631801128387451,-117.35683298110962,-117.36608707904816,4.3599995970726013,0.38005560636520386,3.6500000059604645,3.3958725929260254
1534,34.31700000166893,34.144887164235115,-116.84700000286102,-117.20247822999954,1.7000001668930054,0.68723917007446289,3.2999999821186066,3.3542718887329102
1986,35.031000018119812,34.918109178543091,-119.17799997329712,-119.34384644031525,18.099999949336052,4.8274451494216919,3.199999988079071,3.154025673866272
1369,34.301699995994568,34.192956417798996,-116.84150004386902,-117.1764395236969,9.9999998509883881,0.33267617225646973,3.4999999701976776,3.4192909598350525
2488,34.828999996185303,34.985979437828064,-116.39999997615814,-117.03483814001083,4.8999997973442078,1.4907646179199219,3.199999988079071,3.2009950876235962
659,35.91349995136261,34.589742243289948,-117.72766700387001,-117.78416046500206,6.9599997997283936,4.4261080026626587,3.8599999845027924,3.4146921336650848
1794,32.710000038146973,32.313636779785156,-116.03600001335144,-116.43359363079071,3.1999996304512024,0.14953315258026123,3.5999999642372131,3.125011146068573
186,35.888499975204468,35.947624325752258,-117.72350299358368,-117.87347915768623,3.6399999260902405,1.3345840573310852,3.2999999821186066,3.3378229737281799
1147,32.103000044822693,32.695129632949829,-116.09599995613098,-119.29226851463318,20.000000149011612,0.2377617359161377,3,3.101776510477066
608,35.749668002128601,35.768472909927368,-117.55733498930931,-117.4691464304924,4.660000205039978,0.31402051448822021,3.3199999630451202,3.2073934972286224
2191,34.85290002822876,34.616812407970428,-119.08739995956421,-119.00365674495697,21.599999964237213,3.9422607421875,3.4999999701976776,3.1848617792129517
1930,32.044999957084656,32.092714786529541,-116.40600001811981,-117.13276970386505,15.100000002421439,5.14955073595047,3,3.069970965385437
197,35.944167017936707,35.926132917404175,-117.37550002336502,-117.505091547966,2.8999999165534973,0.14181017875671387,3.7999999970197678,3.3727160096168518
2329,35.975000023841858,35.957096099853516,-117.82600000500679,-118.32629224658012,3.6000001430511475,0.62908977270126343,3.199999988079071,3.307485044002533
293,35.961333990097046,35.845052719116211,-117.2756649851799,-117.64018160104752,0.4099997878074646,0.095325708389282227,3,3.2193606197834015
766,35.658000946044922,35.62886381149292,-117.52216300368309,-117.50355568528175,1.380000114440918,0.96194744110107422,3.1199999749660492,3.281140923500061
400,35.679501056671143,35.41794216632843,-117.53183001279831,-118.22253569960594,4.6899998188018799,7.391219437122345,3.0600000321865082,3.1507857441902161
122,34.990832984447479,34.921877443790436,-116.46099996566772,-116.75059342384338,1.7500001192092896,0.99177628755569458,3.0299999713897705,3.2255215644836426
202,35.557335019111633,35.797515749931335,-117.56883201003075,-117.47120893001556,3.6000001430511475,2.8502708673477173,4.8400000110268593,4.4026663787662983
835,35.730167031288147,35.676626920700073,-117.55866700410843,-118.02189186774194,7.8399999439716339,1.7883002758026123,3.2199999690055847,3.1326344311237335
2296,32.730000019073486,32.969365000724792,-118.38400000333786,-118.37097728252411,9.8999999463558197,4.085882306098938,4.3999999947845936,3.695123702287674
1439,32.802500009536743,32.390916109085083,-116.12399995326996,-116.45795273780823,14.100000020116568,0.53152084350585938,3.9999999850988388,3.2598949670791626
1733,32.376999974250793,32.115875482559204,-116.34800004959106,-116.72184228897095,6.9999995827674866,0.57611525058746338,3.3999999761581421,3.0893688797950745
1695,33.083999991416931,32.722169876098633,-116.23099994659424,-116.600182056427,5.7999998331069946,2.5299248099327087,3.2999999821186066,3.0910641252994537
1707,35.894000053405762,35.926927924156189,-116.75899994373322,-117.11906814575195,3.3000004291534424,0.20192652940750122,3.199999988079071,3.3211729824542999
2468,34.683000028133392,34.631797850131989,-116.37899994850159,-117.07981044054031,2.9999998211860657,4.422280490398407,3.199999988079071,3.2460447549819946
1153,32.976799964904785,32.748251676559448,-116.42830002307892,-116.6294778585434,17.899999916553497,2.2821986675262451,3,3.0671504437923431
1661,32.701200008392334,32.708570003509521,-118.18420000374317,-118.27438387274742,16.000000052154064,3.0010110139846802,4.0999999791383743,3.3668223917484283
1759,35.572000026702881,35.594595670700073,-116.97599995136261,-117.21406584978104,5.9999996423721313,0.22249102592468262,3.199999988079071,3.2023054361343384
854,33.52233299612999,33.346947252750397,-116.73099994659424,-117.11672902107239,3.2800000905990601,3.0231508612632751,3,3.0869050025939941
1589,32.058599948883057,32.082200169563293,-117.44319999217987,-117.52805685997009,5.0999996066093445,4.212723970413208,3.5999999642372131,3.195244699716568
2268,35.906000018119812,35.963688492774963,-117.5959999859333,-117.96949752792716,3.7999999523162842,0.032161474227905273,3,3.180816650390625
641,35.781834006309509,35.339080214500427,-117.58950001001358,-117.73501127958298,1.5799999237060547,1.3344910740852356,3.5400000214576721,3.26874178647995
1,35.615499973297119,35.597449660301208,-117.42033302783966,-117.56746929883957,9.7699999809265137,0.16905337572097778,3.1500000357627869,3.2291527390480042
2160,34.340000003576279,34.409420758485794,-116.85300004482269,-117.36285054683685,0.099999904632568359,4.3090260028839111,3.0999999940395355,3.0674850940704346
698,35.556666970252991,34.695623695850372,-117.35816699266434,-117.68978065252304,8.7099999189376831,4.1783121228218079,4.4899999997578561,3.3267297148704529
1636,32.843600034713745,32.769544124603271,-118.02710000053048,-118.15355649590492,13.80000002682209,3.0871850252151489,4.0999999791383743,3.4375796020030975
1291,35.472300052642822,35.485134601593018,-118.2766999900341,-118.75095069408417,8.4000000357627869,0.050087571144104004,3.199999988079071,3.1588712632656097
2422,34.097999997437,34.069842182099819,-117.7339999973774,-117.89110046625137,6.7999997735023499,2.0394918322563171,3.0999999940395355,3.124419093132019
1520,33.380900025367737,32.957689046859741,-116.50539994239807,-116.85282063484192,6.9999995827674866,4.2025154829025269,5.5000000298023224,4.9136055707931519
1853,33.706000000238419,33.310694634914398,-116.04499995708466,-116.46063721179962,13.700000010430813,4.5901590585708618,3,3.0764450132846832
1136,32.425999999046326,33.238203465938568,-117.3289999961853,-119.19585871696472,2.9999998211860657,0.68091094493865967,3.199999988079071,3.0843550264835358
2455,34.852999985218048,34.793798506259918,-116.40900003910065,-117.05386781692505,4.3000003695487976,3.8358423113822937,3.0999999940395355,3.2246598601341248
1631,33.928000003099442,33.701922237873077,-118.3589999973774,-118.41493490338326,15.899999979883432,0.49478083848953247,3.0999999940395355,3.0804497301578522
1998,33.307699978351593,33.008462846279144,-116.20299994945526,-116.81031918525696,10.399999916553497,3.836333155632019,3.6999999582767487,3.300941526889801
663,35.892333030700684,34.979886651039124,-117.72200000286102,-117.55073365569115,7.8700000047683716,4.5477604866027832,3.9800000041723251,3.3698377311229706
683,35.766167044639587,34.674585163593292,-117.58750000596046,-117.68030047416687,1.8200004100799561,4.0766635537147522,3.6300000250339508,3.4902474582195282
1257,34.1283999979496,33.991999221965671,-117.43900001049042,-117.59282186627388,13.299999944865704,1.4385178685188293,3.2999999821186066,3.1180833578109741
317,35.913833975791931,35.942194223403931,-117.71167001128197,-118.01905769482255,1.8100002408027649,2.3527711629867554,3.5999999642372131,3.3043173551559448
648,35.901167035102844,35.673994779586792,-117.7495000064373,-117.62017405033112,5.0400003790855408,3.7786254286766052,5.4000000357627869,3.7973076403141022
1434,32.018599987030029,32.223155736923218,-116.32659995555878,-116.56804132461548,7.3000001907348633,0.995369553565979,4.2999999895691872,3.1767451465129852
1479,33.858999997377396,33.680370658636093,-118.45800000429153,-118.37962186336517,14.100000020116568,4.7698205709457397,3,3.2085929811000824
709,35.913833022117615,34.60821533203125,-117.72583299875259,-117.88140670210123,7.9999999701976776,4.3988549709320068,4.5,3.6206997334957123
1282,34.052999999374151,34.088789045810699,-117.78749999403954,-117.85430003702641,5.2000004053115845,1.6610929369926453,3.8999999910593033,3.3572237491607666
1768,35.950899958610535,35.972046613693237,-117.72139999270439,-118.07671893388033,4.3000003695487976,0.78941076993942261,3,3.2219225764274597
972,33.147000014781952,32.879043817520142,-116.47816705703735,-116.85987567901611,10.990000069141388,3.4770378470420837,3.5300000309944153,3.1767207384109497
1306,34.408100008964539,34.394185572862625,-119.79719996452332,-119.72050511837006,19.699999988079071,4.1327065229415894,4.9000000208616257,4.4814207516610622
1400,33.899300001561642,33.809804767370224,-119.3889000415802,-119.57761967182159,17.000000104308128,4.0369892120361328,3.4999999701976776,3.1883548200130463
1408,34.012799999676645,33.964873470366001,-117.58259999752045,-117.65922543406487,14.700000006705523,1.4648786187171936,3.5999999642372131,3.2486461400985718
2238,35.960000038146973,35.967385530471802,-117.68999999761581,-118.01909433491528,4.400000274181366,0.21766126155853271,3,3.2115152478218079
1496,32.748000025749207,32.295616984367371,-116.05099999904633,-116.45257520675659,4.9999997019767761,0.2302783727645874,3,3.1029335260391235
2038,34.006000000052154,33.936338536441326,-117.58500000834465,-117.69620868563652,4.6000000834465027,2.0956000685691833,3,3.0392037034034729
1529,33.392000019550323,33.135937094688416,-116.43499994277954,-116.90955328941345,6.9999995827674866,4.4229027628898621,3.0999999940395355,3.0844134092330933
1663,33.983999999240041,33.805471181869507,-118.46999999880791,-118.38446044921875,7.5,3.8404566049575806,3.2999999821186066,3.2768201529979706
1354,33.87100000679493,33.727918446063995,-116.19700002670288,-116.73015332221985,8.4000000357627869,4.4012448191642761,3.2999999821186066,3.1188428699970245
2478,34.739000022411346,34.854396104812622,-116.2610000371933,-116.79749774932861,18.000000044703484,5.0447326898574829,3.6999999582767487,3.3362679183483124
2495,35.756999969482422,35.912113308906555,-117.61599999666214,-117.81700678169727,3.1999996304512024,0.54635524749755859,3,3.2577685117721558
1643,34.003400000045076,33.869390398263931,-118.91109997034073,-118.80743509531021,16.000000052154064,4.4536346197128296,4.2999999895691872,3.8152276575565338
1051,33.913999997079372,33.673024147748947,-118.29766699671745,-118.3798086643219,11.669999957084656,0.81651091575622559,3,3.1064194142818451
795,35.682834982872009,35.613415002822876,-117.49183702468872,-117.52139270305634,-0.17000019550323486,0.057063102722167969,3.199999988079071,3.196177750825882
1597,35.712000012397766,35.798333287239075,-117.48199999332428,-117.59350416064262,9.3000000715255737,0.25862216949462891,3.3999999761581421,3.1883445382118225
1819,32.732900023460388,32.731217980384827,-118.22820000350475,-118.34138506650925,6.7999997735023499,1.2324482202529907,3.3999999761581421,3.1642691195011139
1722,33.680999994277954,33.559518754482269,-116.80799996852875,-117.08309626579285,15.100000002421439,0.96545040607452393,3.199999988079071,3.0912004709243774
1183,34.334199994802475,34.431148320436478,-119.53489995002747,-119.92361962795258,8.9999999105930328,0.20148485898971558,3,3.145386815071106
1059,33.195999979972839,32.977845072746277,-116.68250000476837,-117.12267833948135,11.850000098347664,2.0250311493873596,3.1899999976158142,3.1849607527256012
540,35.869166970252991,35.935801863670349,-117.65316799283028,-117.35552722215652,7.6999998092651367,6.1685013771057129,3.3099999725818634,3.3512198925018311
1678,34.137600004673004,34.035805929452181,-117.38319998979568,-117.58978444337845,7.9000000655651093,4.2138773202896118,3.5999999642372131,3.2473737001419067
2446,34.814000010490417,34.765425026416779,-116.41700005531311,-117.02725505828857,3.1999996304512024,4.3759113550186157,3.0999999940395355,3.2330513298511505
1757,34.032999999821186,33.924618415534496,-116.44200003147125,-116.90194153785706,2.800000011920929,1.3182029128074646,3.3999999761581421,3.0479583442211151
1923,35.965399980545044,35.598886370658875,-119.76820003986359,-119.6575311422348,25.300000011920929,0.42007684707641602,3.2999999821186066,3.1423755884170532
95,35.67566704750061,35.780241250991821,-117.53933000564575,-117.72208580374718,6.9699999690055847,0.06015390157699585,3.129999965429306,3.1843657493591309
1020,34.40616700053215,34.462910085916519,-119.64566695690155,-119.88374900817871,14.15999997407198,1.170327365398407,3.4400000274181366,3.2163490355014801
563,35.7066650390625,35.802588582038879,-117.55016300082207,-117.67953506112099,1.6199997067451477,1.8868365883827209,3.0999999940395355,3.1106267273426056
863,34.048333000391722,33.953191217035055,-117.50416699051857,-117.64293473958969,4.1599997878074646,4.0255415439605713,3.0999999940395355,3.072972446680069
1484,33.368600010871887,33.139705896377563,-116.41390001773834,-116.88350999355316,7.3000001907348633,3.7815803289413452,3.199999988079071,3.0872849822044373
1881,33.945000000298023,33.7828289270401,-116.36800003051758,-116.91944098472595,8.8000001013278961,3.3066987991333008,3.4999999701976776,3.3085176944732666
1038,33.001833021640778,32.950267553329468,-118.89983302354813,-118.74929666519165,5.7399997115135193,3.6587762832641602,3.5999999642372131,3.1350163221359253
206,35.889832019805908,35.964459776878357,-117.7245030105114,-117.96925783902407,2.9300004243850708,2.0800137519836426,3.2600000202655792,3.3212982416152954
392,35.571998953819275,35.468355894088745,-117.36000102758408,-117.48623025417328,2.2400003671646118,0.23202717304229736,3.0199999809265137,3.122897207736969
870,33.23233300447464,33.050117909908295,-116.77849996089935,-117.09522134065628,11.389999911189079,1.0298225283622742,3,3.0632303953170776
397,35.877333045005798,35.921476364135742,-117.7165000140667,-117.86475151777267,2.9899996519088745,1.1287021636962891,3.4999999701976776,3.2500560879707336
2440,33.827999994158745,33.658736288547516,-118.37700000405312,-118.41762134432793,7.5,0.95086812973022461,3,3.0387674868106842
1028,32.024832963943481,32.071297764778137,-116.91299998760223,-116.95536112785339,9.60999995470047,2.1588635444641113,3.2299999594688416,3.1148208975791931
1485,32.932700037956238,32.255243062973022,-116.24349999427795,-116.46722316741943,16.19999997317791,1.0450074076652527,3.3999999761581421,3.1893309652805328
960,32.44350004196167,32.056662917137146,-116.01866698265076,-118.38539117574692,0.54000020027160645,0.48023700714111328,3.0500000417232513,3.1147153973579407
1570,33.988199999555945,33.93441204726696,-118.0671000033617,-118.05511661246419,15.400000009685755,4.8186671733856201,4.1999999955296516,3.8582373708486557
1895,33.883900001645088,33.823135495185852,-116.78610002994537,-117.07568746805191,17.899999916553497,1.918720006942749,3.7999999970197678,3.7029430568218231
2146,34.362100005149841,34.10552878677845,-116.87779998779297,-117.28481334447861,5.899999737739563,2.1339967846870422,3.3999999761581421,3.408290684223175
804,35.673833012580872,34.901425063610077,-117.48933297395706,-117.61125862598419,9.2299997806549072,0.2988964319229126,3.0999999940395355,3.7888366430997849
1751,35.431300044059753,35.417895555496216,-118.40139999985695,-118.76821947097778,9.9999998509883881,0.17484873533248901,4.2999999895691872,3.6606798470020294
502,35.914332985877991,35.897091150283813,-117.71749898791313,-117.5894887149334,2.3500004410743713,3.2706338167190552,3.5999999642372131,3.2805260717868805
779,35.655500054359436,35.990481376647949,-117.53633299469948,-117.31722557544708,7.5999999046325684,6.4095309376716614,3,3.1544270217418671
1863,32.705000042915344,32.207076072692871,-116.02699995040894,-116.51998853683472,2.5000002980232239,0.10412603616714478,3.199999988079071,3.1034916937351227
200,35.685165047645569,35.791521072387695,-117.52383399009705,-117.70141527056694,6.5700003504753113,0.065849125385284424,3.0999999940395355,3.1708681583404541
2182,33.333599984645844,33.359049677848816,-118.9718000292778,-118.65420442819595,6.9999995827674866,4.3037420511245728,3.4999999701976776,3.0992183983325958
2088,35.592300057411194,35.757867097854614,-117.53900000452995,-117.56472706794739,5.3000003099441528,0.56116461753845215,3.6999999582767487,3.1771644651889801
2279,34.990000009536743,34.73001617193222,-119.45799994468689,-119.60314977169037,15.100000002421439,3.6277109384536743,3,3.1237372756004333
1796,32.744500041007996,32.810428142547607,-117.3604000210762,-117.43536329269409,9.9999998509883881,3.0315586924552917,3.0999999940395355,3.0542812049388885
378,35.901165008544922,35.962088346481323,-117.6786650121212,-118.00656161317602,2.0600000023841858,0.39070665836334229,3.0299999713897705,3.2382659912109375
2338,35.996999979019165,35.961688637733459,-117.87100000679493,-118.15162323415279,3.1999996304512024,0.12297213077545166,3,3.2588183283805847
418,35.862334966659546,35.964430570602417,-117.68483000993729,-117.70167675614357,7.4500000476837158,3.9670944213867188,3.2999999821186066,3.1892166137695312
1698,34.432700008153915,34.384699672460556,-119.01250004768372,-118.86475467681885,25.699999630451202,5.4040521383285522,3.4999999701976776,3.4180773496627808
391,35.780833959579468,35.920488595962524,-117.615837007761,-117.90575573593378,7.3299998044967651,0.09400784969329834,3.070000022649765,3.1365826427936554
1522,35.487900018692017,35.306565403938293,-118.44499999284744,-118.86574059724808,3.1999996304512024,0.098592638969421387,3.6999999582767487,3.175185352563858
1162,35.994099974632263,35.985448479652405,-117.91830000281334,-118.25153571367264,3.4000003337860107,0.18829196691513062,3.0999999940395355,3.2566342055797577
1495,35.035199999809265,34.909499287605286,-119.04530000686646,-119.23787999153137,16.899999976158142,0.30619204044342041,3.6999999582767487,3.2562203407287598
2027,35.388000011444092,35.266126871109009,-118.625,-119.30370700359344,3.6000001430511475,0.034996569156646729,3,3.1246637105941772
1152,34.758499979972839,34.473807990550995,-118.44350001215935,-118.55534428358078,11.999999955296516,0.8652806282043457,3.0999999940395355,3.2118103802204132
1367,33.960999999195337,33.861085310578346,-116.13199996948242,-116.63877105712891,6.8999996781349182,3.6928609013557434,3.199999988079071,3.1215135455131531
64,33.59400001168251,33.59742933511734,-117.26999998092651,-117.39825278520584,13.689999952912331,4.1978636384010315,3.9599999785423279,3.7267678678035736
2062,35.347000002861023,35.283096790313721,-117.19300001859665,-117.17352551221848,5.6000000238418579,0.37569701671600342,3.199999988079071,3.2094368934631348
1180,33.760299995541573,33.612349361181259,-116.11749994754791,-116.67401301860809,16.500000022351742,3.8384297490119934,3.3999999761581421,3.1408022046089172
492,35.677834033966064,35.670442581176758,-117.59700000286102,-117.64303010702133,5.4699996113777161,0.044501423835754395,3.2999999821186066,3.1507845818996429
379,35.570000052452087,35.034465432167053,-117.40666997432709,-117.60015338659286,6.4899998903274536,2.4798470735549927,3,3.0830714106559753
2236,34.845000028610229,34.79511171579361,-116.35199999809265,-116.8749190568924,7.5,5.1992359757423401,3.2999999821186066,3.2227349281311035
763,35.655833959579468,35.448497176170349,-117.52349901199341,-117.37421554327011,1.5699997544288635,4.641897976398468,3.3400000333786011,3.2803428769111633
2265,33.47299998998642,33.001030206680298,-116.58899998664856,-116.77509880065918,15.200000004842877,1.956324577331543,5.2000000029802322,3.7578796148300171
791,35.698001980781555,35.57651162147522,-117.48816698789597,-117.53234148025513,8.7700000405311584,0.77902078628540039,3.3999999761581421,3.1765038371086121
1076,34.717000007629395,34.803798735141754,-116.03316700458527,-116.46921932697296,2.7700003981590271,0.83353668451309204,3.3099999725818634,3.2410570979118347
878,34.703999996185303,34.693219482898712,-116.2861670255661,-116.64761233329773,1.5599995851516724,0.50743907690048218,3.9599999785423279,3.575729101896286
337,35.557335019111633,35.406663179397583,-117.38666498661041,-117.5849321782589,-0.83000063896179199,0.26720434427261353,3.199999988079071,3.2083659768104553
2345,34.725000023841858,34.725098311901093,-116.30099999904633,-116.93254578113556,5.0999996066093445,5.2770549058914185,3,3.2139455080032349
1016,33.483833014965057,33.324574708938599,-116.80099999904633,-117.11399978399277,3.2699999213218689,3.5550034046173096,3.3700000047683716,3.2577260434627533
1275,34.701799988746643,34.712932109832764,-116.27289998531342,-116.7049925327301,6.7999997735023499,1.0106965899467468,4.2999999895691872,3.616209089756012
455,35.902667999267578,35.272742629051208,-117.72883599996567,-117.64465686678886,4.2900002002716064,2.5534200668334961,3.0299999713897705,3.1345036625862122
815,35.673832058906555,35.732333779335022,-117.51750200986862,-117.44200569391251,1.5699997544288635,0.27954250574111938,3.2899999916553497,3.7523930221796036
2319,34.222000002861023,34.209134414792061,-117.50900000333786,-117.65093123912811,10.899999886751175,4.2848217487335205,3.7999999970197678,3.570073664188385
995,34.28600001335144,34.061242382973433,-117.05816698074341,-117.24978625774384,7.6999998092651367,0.40254145860671997,3.2099999785423279,3.1736368238925934
1981,33.281000018119812,32.934895038604736,-116.13950002193451,-116.56363534927368,18.400000110268593,2.0837965607643127,5.2000000029802322,3.4129868745803833
201,35.635334014892578,34.010531566105783,-117.58333599567413,-117.46638309955597,11.25,4.1100847721099854,3.0999999940395355,3.4266714155673981
161,35.856834053993225,35.956002354621887,-117.68599700927734,-118.00041621923447,3.6799997091293335,1.5866240859031677,3.070000022649765,3.2414326965808868
1579,34.014999999664724,33.933380134403706,-117.18400001525879,-117.36146700382233,6.8999996781349182,3.076014518737793,3.5999999642372131,3.3598560690879822
2457,34.633000016212463,34.626183032989502,-116.36099994182587,-116.83391714096069,7.3000001907348633,5.0671988725662231,3.9999999850988388,3.4863828420639038
702,35.86566698551178,34.643346846103668,-117.65266698598862,-117.85102236270905,15.109999997075647,4.3238729238510132,4.0100000202655792,3.5493270456790924
1500,33.106100022792816,32.853728055953979,-116.49580001831055,-116.7746274471283,13.900000043213367,3.1831705570220947,3,3.1144318878650665
1129,35.728500008583069,35.884721636772156,-117.5649000108242,-117.67233821749687,4.699999988079071,0.10026723146438599,3.2999999821186066,3.222497820854187
1021,33.373499989509583,33.042093276977539,-116.28483295440674,-116.90966868400574,13.640000000596046,3.0186277627944946,3.0099999904632568,3.0578931570053101
1585,32.240200042724609,32.197644710540771,-116.55390000343323,-116.90818214416504,9.2000001668930054,4.1606104373931885,3.5999999642372131,3.6597574353218079
1955,35.120599985122681,34.838056743144989,-118.98309999704361,-118.98917609453201,10.999999791383743,3.5481083393096924,4.8000000044703484,4.1301379054784775
2254,33.263999998569489,32.934790849685669,-116.14199995994568,-116.57165741920471,5.5000001192092896,4.3690180778503418,3,3.0667672455310822
34,34.278833001852036,34.314821392297745,-119.28750002384186,-119.53543734550476,11.509999930858612,6.8565219640731812,3.5999999642372131,3.24082151055336
775,35.671165943145752,35.514962673187256,-117.47166401147842,-117.53754940629005,7.1099996566772461,0.10101467370986938,3.4999999701976776,3.2491680979728699
1478,34.335999995470047,34.394438594579697,-116.4559999704361,-116.95117342472076,3.1999996304512024,3.8776695728302002,3,3.2515969276428223
1390,33.447099983692169,33.217255413532257,-116.4695999622345,-116.93290662765503,10.60000017285347,3.4689009189605713,3.4999999701976776,3.1260694563388824
2139,34.283699989318848,34.114229679107666,-116.83790004253387,-117.23496460914612,2.7000001072883606,3.8061824440956116,3.9999999850988388,3.6692969799041748
1363,33.931599996984005,33.919000133872032,-118.40599998831749,-118.38243827223778,13.200000040233135,2.8628236055374146,3.6999999582767487,3.500494122505188
2041,34.349400013685226,34.142715632915497,-119.46319997310638,-119.53795540332794,3.6000001430511475,2.733607292175293,3.9999999850988388,3.7360891699790955
241,35.724498987197876,35.810108542442322,-117.53016701340675,-117.73746398091316,8.6599999666213989,0.30380040407180786,3.2299999594688416,3.1839866638183594
2061,34.050000000745058,33.893904507160187,-117.25999999046326,-117.4343945980072,12.400000020861626,2.1921300888061523,3.2999999821186066,3.1584527492523193
2370,35.087000012397766,34.93682861328125,-117.52000001072884,-117.54473051428795,2.1999996900558472,4.6300435066223145,3.199999988079071,3.5242305994033813
600,35.877333045005798,35.242471814155579,-117.704499989748,-117.1620289683342,10.990000069141388,5.0725078582763672,3,3.3065966963768005
2443,34.605000019073486,34.296416282653809,-119.067999958992,-119.27615094184875,11.599999889731407,2.9448437690734863,3,3.0808830857276917
1297,35.478000044822693,35.393764615058899,-118.30500000715256,-118.72078651189804,0.70000022649765015,0.35596311092376709,4.1999999955296516,3.665824681520462
2215,34.166999995708466,34.052987571805716,-117.43599998950958,-117.56537115573883,7.3000001907348633,4.1420263051986694,3,3.1222668886184692
2068,34.057000000029802,33.887724906206131,-117.25800001621246,-117.37478494644165,10.60000017285347,0.99582284688949585,3.0999999940395355,3.0652534067630768
646,35.557167053222656,34.15240877866745,-117.38516700267792,-117.62994620203972,3.5100004076957703,4.3421012163162231,3.7800000160932541,3.634638637304306
1528,35.202999949455261,34.885375022888184,-118.60299998521805,-119.03481066226959,6.3000002503395081,0.36848187446594238,3.4999999701976776,3.1446770131587982
1267,33.006399989128113,32.618995189666748,-116.4342999458313,-116.73503077030182,14.599999990314245,2.7099233865737915,3,3.0904823541641235
1899,32.654000043869019,32.406504154205322,-117.34600001573563,-117.47745603322983,5.9999996423721313,3.0454802513122559,3.2999999821186066,3.1279869675636292
562,35.912166953086853,35.803885102272034,-117.71200001239777,-117.38760483264923,2.0999997854232788,6.7583709955215454,3.3899999856948853,3.2639487683773041
189,35.934165954589844,35.977755904197693,-117.69750198721886,-117.93465173989534,1.4800000190734863,1.9257259368896484,3.2199999690055847,3.3875775933265686
1806,34.617999970912933,34.679200172424316,-116.28100001811981,-116.5352041721344,12.899999991059303,0.39037942886352539,3.2999999821186066,3.2648683190345764
975,33.147832989692688,32.869595289230347,-116.47916698455811,-116.87404179573059,11.13999992609024,2.9846173524856567,3.9599999785423279,3.7310576140880585
2047,32.302999973297119,32.096495628356934,-117.87900000065565,-118.08499260246754,11.200000047683716,2.7129319310188293,3,3.0931728780269623
1082,34.363667011260986,34.117502734065056,-118.64933300018311,-118.49321347475052,10.289999842643738,0.96944689750671387,3.0999999940395355,3.1242133677005768
474,35.89033305644989,35.811587333679199,-117.72499999403954,-117.7113151550293,3.7799996137619019,5.0089001655578613,3.5699999928474426,3.4443284869194031
747,35.703999042510986,35.747870683670044,-117.50250199437141,-117.4744798541069,7.2699996829032898,0.21391332149505615,3.5999999642372131,3.2463764548301697
2302,35.980000019073486,35.969667077064514,-117.85699999332428,-118.09575226902962,2.7000001072883606,0.42193472385406494,3.6999999582767487,3.1655853688716888
21,34.875167012214661,34.690795958042145,-117.39050000905991,-117.60628256201744,2.4000003933906555,4.4156473875045776,3.4999999701976776,3.471464216709137
459,35.570498943328857,35.376566886901855,-117.51983600854874,-117.3373127579689,8.9000000059604645,3.610156774520874,3.5200000405311584,3.1928755939006805
1184,33.788599997758865,33.693313002586365,-116.96739995479584,-117.14402163028717,16.899999976158142,3.8202810287475586,3.5999999642372131,3.365903377532959
2326,35.91100001335144,35.979029059410095,-117.8830000013113,-117.90627826750278,0.70000022649765015,1.2367022037506104,5.2000000029802322,3.8755941689014435
955,33.177833020687103,32.827950477600098,-116.02916705608368,-116.75392711162567,8.9000000059604645,5.0785928964614868,3.5600000023841858,3.1024994552135468
1215,33.569700002670288,33.524990081787109,-118.37000000476837,-118.34322103857994,18.200000077486038,3.4952044486999512,3.7999999970197678,3.3746978044509888
2441,34.819000005722046,34.827806353569031,-116.22000002861023,-116.84815144538879,5.9999996423721313,5.1418912410736084,3.2999999821186066,3.2214605212211609
1515,34.479000002145767,34.480958342552185,-116.26699995994568,-116.60607469081879,8.3000001311302185,3.195757269859314,3.0999999940395355,3.1622516512870789
2399,34.384999990463257,34.149731248617172,-119.02100002765656,-119.14094686508179,7.8000001609325409,3.0181968212127686,3.0999999940395355,3.1420714259147644
769,35.771832942962646,35.801426887512207,-117.6178329885006,-117.52711915969849,2.5900000333786011,5.914265513420105,4.2999999895691872,3.8419479131698608
1685,35.983100056648254,35.935265779495239,-117.29019999504089,-117.42075306177139,9.9999998509883881,0.19858986139297485,4.9000000208616257,3.3416281342506409
130,35.607833027839661,35.738046646118164,-117.47566699981689,-117.61193418502808,8.4800000488758087,0.24902522563934326,3.199999988079071,3.2102919816970825
2135,34.698000013828278,34.727032363414764,-116.30299997329712,-116.79557967185974,5.6000000238418579,5.9896928071975708,3,3.1587691605091095
1482,32.983000040054321,33.366251587867737,-116.34700000286102,-116.92096829414368,14.299999997019768,4.5649364590644836,3.7999999970197678,3.1585714817047119
330,35.74683403968811,35.84922993183136,-117.5461660027504,-117.67718699574471,8.4999999403953552,0.22928863763809204,3.4999999701976776,3.1703400313854218
1238,33.930699996650219,33.933124177157879,-117.94559999927878,-117.93215701729059,16.799999959766865,2.1334996819496155,3.6999999582767487,3.2115572690963745
466,35.951167941093445,35.970063447952271,-117.70483401417732,-117.4370704293251,1.9200003147125244,5.4931336641311646,3.0999999940395355,3.1729043126106262
2169,34.052000001072884,33.899513229727745,-117.2509999871254,-117.37708640098572,15.200000004842877,4.0456008911132812,3,3.144137978553772
1638,33.929499998688698,33.92102886736393,-118.30790001153946,-118.33255141973495,10.60000017285347,4.496762752532959,3.7999999970197678,3.5790331363677979
1095,35.460667014122009,35.107887744903564,-119.97566699981689,-119.91954874992371,8.1499998271465302,0.075895786285400391,3.5099999606609344,3.3821081221103668
1130,35.473099946975708,35.388195753097534,-118.42519998550415,-118.88358283042908,9.0999998152256012,0.034357309341430664,3.199999988079071,3.1957427859306335
1294,32.888499975204468,32.858277320861816,-116.23450005054474,-117.28414595127106,11.200000047683716,2.97209233045578,3.6999999582767487,3.044997364282608
860,32.822832942008972,32.970923781394958,-118.48283299803734,-118.35836890339851,8.3800001442432404,1.7893633246421814,4.2999999895691872,3.729358434677124
