event_id,true_latitude_deg,predicted_latitude_deg,true_longitude_deg,predicted_longitude_deg,true_depth_km,predicted_depth_km,true_magnitude,predicted_magnitude
1681,62.058300018310547,62.170387387275696,-149.55509997904301,-149.19750881195068,57.199999690055847,59.078797698020935,4.2999999895691872,4.149669349193573
1591,61.107900001108646,61.258085519075394,-150.71299999952316,-150.64280162751675,19.900001585483551,90.069480240345001,3,3.6188315749168396
1469,61.480500012636185,61.769932925701141,-150.02059999946505,-149.37934479117393,37.299998104572296,58.602653443813324,3.199999988079071,3.1683680713176727
438,60.394299983978271,62.003954529762268,-152.80169999599457,-147.65844333171844,8.7599977850914001,36.009430885314941,3.3999999761581421,3.0920651257038116
1791,61.729200005531311,61.784891486167908,-149.45620000362396,-149.19892510771751,34.500002861022949,55.006995797157288,3,3.2262867987155914
1885,62.556100010871887,62.841338276863098,-151.19069999456406,-149.89774473756552,91.099999845027924,40.402166545391083,3.0999999940395355,3.582774817943573
2063,62.932000041007996,62.973968148231506,-150.89400002360344,-151.66272622346878,108.4000002592802,19.960485398769379,3.0999999940395355,3.1588083207607269
408,60.432699978351593,59.923970699310303,-152.7389999628067,-152.2439478635788,12.900002300739288,90.443383902311325,4.0999999791383743,4.1038230210542679
1281,61.486600011587143,61.590262591838837,-149.96449999976903,-150.22813130915165,44.39999908208847,69.586049765348434,3.0999999940395355,3.1947435736656189
2084,61.220400005578995,61.388592153787613,-150.44609999656677,-150.71850036084652,52.599996328353882,93.178261071443558,3.199999988079071,3.2506206035614014
1755,59.805899977684021,59.427896738052368,-152.90010005235672,-152.15956073999405,104.90000061690807,59.332229197025299,3.5999999642372131,3.9282342195510864
495,60.009599983692169,59.164636731147766,-152.77179998159409,-152.58087801933289,91.299999505281448,45.386776328086853,3.0999999940395355,3.1310141086578369
1538,62.333899974822998,62.469190359115601,-149.60269998013973,-149.53258024156094,50.999999046325684,45.829646289348602,3.8999999910593033,4.2132378369569778
1929,61.444999992847443,61.286780744791031,-152.38630002737045,-150.46638974547386,143.89999955892563,32.66654908657074,3.199999988079071,3.4389254450798035
831,60.401400029659271,59.647143721580505,-151.63479995727539,-151.29481655359268,63.099998980760574,84.820214658975601,4.2999999895691872,3.6313587427139282
387,59.964499950408936,59.464467406272888,-151.96199995279312,-151.40675640106201,78.899998217821121,85.702504962682724,3.0999999940395355,3.3903656601905823
1541,60.902699999511242,60.891650527715683,-150.85970002412796,-150.90933206677437,34.699998795986176,97.511786967515945,3.2999999821186066,3.6542032957077026
426,62.819900035858154,62.864716410636902,-148.37589991092682,-147.87176388502121,61.099998652935028,32.959789037704468,3.7999999970197678,3.9166824817657471
168,62.925999999046326,62.967706680297852,-151.31189998984337,-151.93326938152313,107.40000009536743,26.978820562362671,3.3999999761581421,3.5932749509811401
1456,61.495000004768372,62.006328463554382,-149.92150000110269,-149.64265425503254,36.399997770786285,49.306333065032959,3.6999999582767487,3.9154070019721985
1569,62.326500058174133,62.53654670715332,-149.21699997782707,-149.24329483509064,37.500001490116119,49.226835370063782,3.0999999940395355,3.2493070363998413
351,62.865100026130676,62.890607118606567,-148.19699996709824,-148.26296836137772,66.599998623132706,34.214213490486145,3.8999999910593033,4.0196029543876648
1560,59.840000033378601,59.164525270462036,-152.83999997377396,-151.86874938011169,101.90000012516975,52.073568105697632,3.0999999940395355,3.5487697720527649
1845,61.347600013017654,61.576597392559052,-150.16159999743104,-150.21967016905546,16.999997198581696,74.657272547483444,3.199999988079071,3.2580589950084686
275,60.334699988365173,59.813678622245789,-151.43639999628067,-151.29705557227135,58.399997651576996,87.895680218935013,3.2999999821186066,3.4942131042480469
528,60.832800000905991,60.939152352511883,-150.61270000040531,-150.44436044991016,45.100003480911255,96.298582851886749,3.8999999910593033,3.8746521323919296
1623,62.800400018692017,62.756133198738098,-151.87959998846054,-151.9718906879425,8.7999999523162842,79.830244183540344,3.6999999582767487,3.8803116828203201
1990,62.003100037574768,61.731876909732819,-147.34790003299713,-147.39771866798401,34.999996423721313,42.897723615169525,3.7999999970197678,3.6392872631549835
680,59.458500027656555,59.127844572067261,-152.10459995269775,-151.77820229530334,64.19999897480011,84.673073142766953,3.4999999701976776,3.3886308073997498
29,61.30579999089241,61.769353270530701,-152.26009994745255,-151.7619127035141,8.299998939037323,70.234227925539017,3,3.0227254629135132
596,62.928300023078918,62.854837656021118,-148.32270008325577,-147.96969830989838,71.899998933076859,33.480212092399597,4.2999999895691872,4.5835951790213585
281,59.872099995613098,59.26855993270874,-152.89649999141693,-152.31685960292816,94.000000506639481,50.875529646873474,3,3.260250449180603
1612,59.27020001411438,59.05677592754364,-152.72300004959106,-152.00495409965515,86.19999885559082,71.945171803236008,3.2999999821186066,3.2193219065666199
1298,61.465000003576279,61.587827086448669,-150.04760000109673,-150.23625623434782,20.599998533725739,72.986036539077759,3.0999999940395355,3.260708212852478
1465,61.419200003147125,61.734521329402924,-150.0817000027746,-147.95807790756226,37.199996411800385,19.820265471935272,3.199999988079071,3.2916339039802551
1817,60.371399998664856,59.872150421142578,-152.22630000114441,-151.41471326351166,88.599998503923416,91.967415064573288,3.199999988079071,3.7674368619918823
1564,61.457800000905991,61.541239619255066,-150.96860003471375,-151.10178852081299,63.400000333786011,90.448886156082153,3.0999999940395355,3.6110844612121582
432,62.979200005531311,62.849603652954102,-150.42499999701977,-150.45216563344002,101.29999928176403,33.174887299537659,4.8000000044703484,4.6185104213654995
1567,61.404100000858307,61.632157862186432,-150.88730004429817,-150.96114572882652,61.999998986721039,78.089550137519836,4.1999999955296516,4.3213607892394066
231,61.211600005626678,60.900610752403736,-151.21729999780655,-151.12044471502304,61.300002038478851,94.317143782973289,3,3.4082591235637665
1849,59.863700032234192,59.129534602165222,-152.93080008029938,-152.14899587631226,98.799999803304672,55.293574929237366,3.7999999970197678,3.5549236536026001
2110,61.987399995326996,62.299637317657471,-149.86989999935031,-149.53985716402531,40.799997746944427,50.086274743080139,3.0999999940395355,3.0763202011585236
2197,61.668299973011017,61.733229398727417,-149.4961000084877,-149.28264226019382,38.699999451637268,53.724542260169983,3,3.0636784136295319
111,60.533600002527237,59.389413714408875,-152.97849994897842,-151.53907442092896,130.10000018402934,32.178223133087158,3.0999999940395355,3.0701243877410889
1490,61.362500011920929,61.353758007287979,-150.05460000224411,-149.39720718562603,31.000003218650818,66.282149404287338,3.4999999701976776,3.7168842852115631
1669,60.144400000572205,60.961884330958128,-147.11970001459122,-147.29980266094208,17.099998891353607,15.465140342712402,3.0999999940395355,3.3754246830940247
2116,62.700199961662292,62.907753944396973,-149.18130004405975,-148.95093646645546,64.500000327825546,36.224775016307831,3.0999999940395355,3.0856462419033051
1602,59.232499957084656,59.084990501403809,-151.98409992456436,-151.43683335185051,50.800003111362457,89.445143938064575,4.2999999895691872,3.7047706246376038
1823,62.152500033378601,62.217268347740173,-151.19839999079704,-151.08105298876762,13.999998569488525,67.068535834550858,3.2999999821186066,3.5105544626712799
617,60.803800001740456,61.053907699882984,-147.76469993591309,-148.00685048103333,9.8000019788742065,78.66407185792923,3.3999999761581421,3.4858657121658325
1561,61.702600002288818,62.446134924888611,-152.0275000333786,-151.14415204524994,111.9999997317791,27.060508728027344,3,3.2573676109313965
1316,61.476700007915497,61.57145881652832,-149.93800000101328,-150.07365809753537,41.4000004529953,73.064476251602173,3.3999999761581421,3.8349161893129349
926,62.865000009536743,62.899146914482117,-148.15339994430542,-148.11317789554596,70.099998265504837,33.422261476516724,4.0999999791383743,4.2484237253665924
1644,61.587400019168854,61.478481322526932,-150.60149998962879,-150.80312168598175,7.7999979257583618,95.885112881660461,3.3999999761581421,3.6540842056274414
2195,62.406200051307678,62.777065396308899,-148.13730007410049,-147.80121052265167,44.200003147125244,51.190197467803955,3.0999999940395355,3.0609126091003418
923,61.780099987983704,62.048584461212158,-149.9836000003852,-150.0318898614496,39.499998092651367,65.023459494113922,3.0999999940395355,3.3318479955196381
2175,62.057500004768372,62.364764451980591,-149.82429999858141,-149.59807428717613,34.999996423721313,43.659612536430359,3.199999988079071,3.2108441591262817
1410,61.38730001449585,61.50540417432785,-149.92120000161231,-149.93023201078176,41.199997067451477,70.358823984861374,3.6999999582767487,3.9582368731498718
1244,61.489199995994568,61.666787922382355,-149.90110000222921,-150.30923440307379,37.199996411800385,74.151065200567245,3,3.239502489566803
1709,62.228399991989136,62.687763929367065,-151.37139996886253,-150.94601011276245,86.500000208616257,29.043316841125488,3.9999999850988388,3.9999934136867523
939,62.741899967193604,62.82363748550415,-151.87410002946854,-151.16968989372253,10.700002312660217,59.602260589599609,3.3999999761581421,3.6223983764648438
1737,61.493600010871887,61.581226408481598,-151.29699996113777,-151.13903242349625,16.00000262260437,88.374421000480652,3.4999999701976776,3.6770814657211304
1536,62.034800052642822,62.17479395866394,-149.83729999512434,-149.4252748042345,38.40000182390213,50.770193338394165,3.4999999701976776,3.7879421263933182
134,61.98470002412796,62.530495166778564,-150.72200001776218,-150.32440964877605,59.699997305870056,78.041721135377884,3.0999999940395355,3.7043030261993408
179,60.680400013923645,60.105055212974548,-151.73360002040863,-151.34903132915497,75.39999857544899,75.999144464731216,3.199999988079071,3.442574679851532
96,59.854599952697754,59.20943284034729,-152.77229994535446,-152.20312356948853,103.19999977946281,62.631253153085709,3.5999999642372131,3.6266638040542603
367,60.257799983024597,59.704621195793152,-152.15779995918274,-151.28432911634445,92.300001531839371,94.695921987295151,3.199999988079071,3.552623838186264
1723,61.834299981594086,61.694479703903198,-147.93030005693436,-147.94177114963531,23.199997842311859,42.285047471523285,4.1999999955296516,4.030803769826889
2092,62.174299955368042,62.563401699066162,-149.37029998004436,-149.24251180887222,40.200002491474152,65.929029136896133,3.2999999821186066,3.5505161583423615
2007,60.521200001239777,59.96826171875,-152.18340003490448,-151.57020252943039,91.600000858306885,84.296293556690216,3.0999999940395355,3.10735023021698
943,61.387800008058548,61.585686504840851,-149.92220000177622,-150.43137484788895,41.299998760223389,82.598190754652023,3.199999988079071,3.4016228914260864
321,61.902599990367889,61.952984154224396,-149.24750000238419,-148.88236185908318,4.1999965906143188,83.313494920730591,3.199999988079071,3.1694691181182861
433,60.548599988222122,62.835123777389526,-150.73500001430511,-150.44444248080254,41.000001132488251,26.654332876205444,3.7999999970197678,4.857995331287384
1494,61.433099985122681,62.495606541633606,-149.978900000453,-149.60964922606945,32.399997115135193,55.582538247108459,3.2999999821186066,3.2530235052108765
585,61.256500005722046,61.231073215603828,-150.43390001356602,-150.56364025175571,44.39999908208847,99.571472033858299,3.0999999940395355,3.5071250796318054
1563,59.3125,59.174293637275696,-151.24160000681877,-151.18235662579536,45.400001108646393,70.831961929798126,4.2999999895691872,3.8612264692783356
2015,59.545300006866455,59.057308316230774,-152.53859996795654,-151.50752931833267,80.499999225139618,72.447117418050766,3.5999999642372131,3.2345741987228394
360,59.52400004863739,59.307826042175293,-151.05189996957779,-151.02233639359474,50.099998712539673,82.942117005586624,3.199999988079071,3.5896158814430237
196,59.48360002040863,59.181651473045349,-151.59769999980927,-151.20560342073441,45.000001788139343,69.259177893400192,3.2999999821186066,3.7106515467166901
1588,59.438400030136108,59.037134647369385,-152.97870004177094,-151.98962527513504,88.799998164176941,53.816080093383789,3,3.1361784338951111
427,59.720299959182739,59.404248476028442,-151.04060000181198,-151.039018034935,45.999996364116669,85.785530507564545,3.8999999910593033,3.7845986187458038
2166,59.946099996566772,59.131825804710388,-152.80650007724762,-152.43724411725998,92.500001192092896,48.77375066280365,3,3.0034607648849487
1216,60.993199999909848,60.934631451964378,-150.94459998607635,-150.91696563363075,41.4000004529953,99.106911569833755,3,3.2163747847080231
73,59.868899941444397,59.187907099723816,-152.78460001945496,-152.19590663909912,96.300000324845314,44.033214449882507,3,3.0664134621620178
233,60.344500005245209,59.96221125125885,-150.71809999644756,-150.70872813463211,65.49999862909317,76.298587024211884,3.3999999761581421,3.59739750623703
353,60.271200001239777,59.79260778427124,-152.50340008735657,-151.67332828044891,95.100000500679016,89.681033045053482,3.7999999970197678,4.107387363910675
1671,59.254400014877319,59.051235318183899,-152.56010001897812,-151.37746819853783,63.999999314546585,76.532658189535141,3.9999999850988388,3.4639238119125366
332,62.265499949455261,62.325302600860596,-147.27060002088547,-147.20862400531769,21.499998867511749,48.25233668088913,3.199999988079071,3.1841889023780823
1892,60.716399997472763,60.379797875881195,-150.57719998061657,-150.47705179452896,45.299999415874481,93.039166182279587,3.199999988079071,3.5369319319725037
416,62.109300017356873,62.378291845321655,-149.65040000528097,-149.37006269395351,45.699998736381531,56.239210069179535,3.2999999821186066,3.7903781086206436
2019,59.928699970245361,59.130852818489075,-152.84530001878738,-152.27603083848953,93.400001525878906,51.296859979629517,3.0999999940395355,3.0605715215206146
1549,60.431599974632263,60.790802180767059,-147.36639994382858,-147.71130859851837,4.5000016689300537,86.921550333499908,3.7999999970197678,4.1006895303726196
1731,62.012500047683716,62.167630553245544,-150.01890000002459,-149.67254810035229,42.000003159046173,54.384499788284302,3.3999999761581421,3.819139301776886
1917,60.870000004768372,61.00270195142366,-147.4481999874115,-147.64804351329803,34.999996423721313,84.147348999977112,3,3.4414277672767639
361,61.066699996590614,60.813625618815422,-152.22259998321533,-151.78326880931854,112.59999964386225,52.275508642196655,5.0000000149011612,5.3496936857700348
1736,61.441900014877319,61.296345800161362,-151.35940003395081,-150.95398539304733,86.899999529123306,63.503272831439972,3.2999999821186066,3.7779781222343445
100,60.715299993753433,60.281096041202545,-151.55619996786118,-151.344666659832,74.09999892115593,70.22181898355484,3.2999999821186066,3.7372881174087524
1134,61.419699996709824,61.437689751386642,-149.84820000082254,-149.43562594056129,39.300002157688141,66.00869819521904,3.6999999582767487,4.1451276317238808
1716,60.145399987697601,59.45604407787323,-152.45990002155304,-151.41364350914955,84.300000220537186,92.848293483257294,3.4999999701976776,4.0654979646205902
2137,59.829399943351746,59.234041690826416,-152.21830004453659,-151.76086628437042,68.999998271465302,90.487215667963028,3.199999988079071,3.0320810079574585
1301,61.44200000166893,61.582201540470123,-150.00539999990724,-150.16672179847956,34.699998795986176,69.681085646152496,3.0999999940395355,3.5572882890701294
368,60.007600009441376,59.295950651168823,-152.5164999961853,-151.42297106981277,94.299999997019768,66.825047135353088,3,3.3051280975341797
817,59.34660005569458,59.109010934829712,-152.07209998369217,-151.59773576259613,54.999999701976776,89.813005179166794,3.6999999582767487,3.7452521324157715
70,60.311999976634979,59.629533529281616,-152.30010008811951,-151.29470148682594,85.799999535083771,95.374416559934616,4.2999999895691872,4.509069690015167
632,62.667899966239929,62.704334497451782,-149.6532000079751,-149.58298833668232,25.499999523162842,29.229231178760529,3.6999999582767487,3.8747589737176895
414,61.141200006008148,61.145365327596664,-149.22699996829033,-149.18395936489105,28.3999964594841,84.9434994161129,3.0999999940395355,3.717957079410553
1654,60.555200010538101,60.812571361660957,-147.43029999732971,-147.59555357694626,16.599997878074646,67.157354205846786,5.3000000417232513,4.7131367772817612
1864,60.758599996566772,60.22619354724884,-151.73900002241135,-151.36351418495178,75.300000607967377,91.093290597200394,3.5999999642372131,4.1579084470868111
1641,62.452700018882751,62.793221473693848,-151.42709997296333,-151.25250935554504,83.500001579523087,39.526864886283875,3,3.279881626367569
1094,61.545199990272522,61.6441810131073,-151.67929995059967,-151.57323414087296,87.600000202655792,70.822887122631073,3.6999999582767487,3.9672788679599762
240,61.948599994182587,61.964704573154449,-149.30300000309944,-148.74140980839729,43.399997055530548,69.290366023778915,3.8999999910593033,4.0764982849359512
2127,60.109499990940094,59.491450309753418,-152.95029991865158,-152.15929019451141,127.40000011399388,49.964882433414459,4.0999999791383743,3.5080510675907135
1284,61.467799991369247,61.570200264453888,-149.9529000017792,-149.90308725088835,41.100002825260162,66.102784126996994,3.8999999910593033,4.1654149889945984
383,60.200299978256226,59.680951476097107,-151.72589993476868,-151.41148468852043,67.000001668930054,95.804650336503983,3.3999999761581421,3.4433465301990509
254,60.958700001239777,60.459257245063782,-151.76319998502731,-151.60288667678833,78.699998557567596,81.551622599363327,3,3.2200285792350769
1009,61.321599990129471,61.480987221002579,-150.07500000111759,-150.13542200624943,40.899999439716339,74.716858565807343,4.0999999791383743,4.0851767510175705
1702,60.423399984836578,60.85548509657383,-147.33479994535446,-147.63774025440216,20.000003278255463,91.602757573127747,4.3999999947845936,4.2244462966918945
1553,61.772800028324127,62.080718755722046,-151.38330003619194,-151.26565709710121,73.69999960064888,48.657029867172241,3.0999999940395355,3.5124889612197876
109,60.517100006341934,60.007326900959015,-151.80330008268356,-151.14954552054405,67.000001668930054,83.066966384649277,3.6999999582767487,3.8048399090766907
1911,61.992299973964691,62.197344899177551,-149.5569000095129,-148.90841737389565,41.699998080730438,57.70527571439743,3.9999999850988388,4.0424002557992935
1513,62.739799976348877,62.848329067230225,-150.6327999830246,-150.64614276587963,81.799998879432678,28.878286480903625,3.0999999940395355,3.3264892101287842
67,61.018300000578165,61.097894608974457,-148.28299999237061,-148.3553894162178,31.800001859664917,95.657629892230034,3.8999999910593033,3.7490852773189545
705,59.502699971199036,59.13776695728302,-152.6013999581337,-151.49132028222084,83.299998193979263,78.993964940309525,3.7999999970197678,3.714589387178421
1448,61.434799998998642,61.540159046649933,-149.92339999973774,-149.89825874939561,34.000001847743988,65.449502319097519,3.7999999970197678,3.6897387206554413
1337,61.446599990129471,61.917683124542236,-149.94030000083148,-149.69889548420906,32.099999487400055,46.167641878128052,3.3999999761581421,3.2805454730987549
561,60.121999979019165,59.941038370132446,-148.38419991731644,-149.05469191074371,25.899998843669891,67.858137190341949,3.3999999761581421,3.7723276019096375
282,61.289499998092651,61.239338785409927,-149.59009999036789,-149.18007507920265,35.599999129772186,78.563593327999115,4.5,4.5528198145329952
1927,62.343600034713745,62.39281952381134,-148.09389996528625,-147.54140281677246,39.899997413158417,59.003539383411407,3.0999999940395355,3.2261946201324463
1175,61.298099994659424,61.357384890317917,-150.08349999971688,-150.3388209566474,20.099997520446777,91.96675568819046,3.199999988079071,3.309856653213501
1017,60.508799999952316,60.624316692352295,-149.51170000433922,-149.89354780688882,31.499996781349182,97.559381276369095,3.0999999940395355,3.3058123290538788
1835,59.948899984359741,59.799749612808228,-148.91909998655319,-149.45227512717247,10.999999940395355,81.086307764053345,3.4999999701976776,3.6431938111782074
1128,61.379400014877319,61.554109752178192,-147.21280002593994,-147.39486962556839,9.9999979138374329,49.557648599147797,3.5999999642372131,3.7506389915943146
2057,59.329100012779236,59.082806348800659,-152.60360008478165,-151.88918566703796,70.000000298023224,71.349654346704483,3.0999999940395355,3.0297270119190216
1770,59.581900000572205,59.083263039588928,-152.62129998207092,-151.43194448947906,80.899998545646667,71.666214615106583,3.5999999642372131,3.4238833487033844
184,62.787299990653992,62.850908994674683,-148.91499996185303,-148.96258154511452,9.1999992728233337,49.591928720474243,3.0999999940395355,3.1231122314929962
1287,61.431499987840652,61.47325873374939,-149.97119999863207,-150.28369771689177,20.199999213218689,82.781195640563965,3.199999988079071,3.5007158517837524
905,60.907799996435642,60.734467148780823,-151.25380003452301,-151.6004803776741,68.900000303983688,90.244308114051819,3.4999999701976776,3.8590206205844879
1786,59.751199960708618,59.186900854110718,-152.54210007190704,-151.58844888210297,83.999998867511749,60.184799134731293,3,3.2809682786464691
1132,60.069700002670288,59.477913737297058,-152.50239998102188,-151.68092465400696,95.69999948143959,71.79616391658783,3.2999999821186066,3.4014046490192413
507,61.483799993991852,61.672490417957306,-149.78100000321865,-149.63864848762751,30.799999833106995,57.005941867828369,3.7999999970197678,3.7300462424755096
1010,61.474400013685226,61.458624064922333,-150.11180000379682,-150.49805769324303,32.300002872943878,88.663347065448761,3.0999999940395355,3.5225676298141479
251,59.805600047111511,59.219256401062012,-152.6340000629425,-152.34808230400085,87.200000882148743,68.854190409183502,3.4999999701976776,3.4229809641838074
1036,61.541100025177002,59.053896427154541,-151.78359997272491,-152.64011961221695,51.500000059604645,11.500902473926544,3.7999999970197678,3.1190097033977509
1778,59.242900013923645,59.036579847335815,-152.79370003938675,-151.90919816493988,84.100000560283661,59.626728296279907,3.0999999940395355,3.094648003578186
1083,61.404100000858307,61.494371861219406,-149.96349999960512,-150.37504322826862,19.599996507167816,85.253804922103882,3.2999999821186066,3.4641871154308319
1233,61.450399994850159,61.528711378574371,-150.07719999924302,-150.39165329933167,19.599996507167816,83.189506083726883,3.199999988079071,3.2582043707370758
135,62.557500004768372,62.762825965881348,-149.2165000140667,-149.28458654880524,66.500000655651093,42.845480144023895,3.3999999761581421,3.946847677230835
1854,61.126499995589256,61.096567392349243,-149.17490002512932,-149.16146233677864,35.099998116493225,86.600679904222488,3.7999999970197678,3.8244736790657043
1953,59.805999994277954,59.042488574981689,-152.99469995498657,-151.98232626914978,100.60000047087669,40.370181202888489,3,3.1142881214618683
527,60.768999993801117,60.752600520849228,-149.61359998583794,-150.02458864543587,26.900000870227814,101.20814666152,3.4999999701976776,3.844647154211998
247,61.750199973583221,62.033144474029541,-150.44970001280308,-150.00543285312597,59.10000205039978,62.623161822557449,3.2999999821186066,3.944494754076004
350,62.153499960899353,62.831643581390381,-152.09209996461868,-151.58715480566025,104.6999990940094,22.297650575637817,3,3.1681943535804749
859,60.887199997901917,60.796138852834702,-149.08599999547005,-149.17956098914146,28.200000524520874,94.847435131669044,4.1999999955296516,4.1095370650291443
1761,59.667999982833862,59.134044289588928,-152.12520003318787,-151.4018671810627,63.299998641014099,79.692307859659195,3,3.2975845634937286
1575,62.902600049972534,62.868976593017578,-150.75720003247261,-150.79857963323593,90.599998831748962,13.730742037296295,4.5,4.4349454957991838
1113,61.468199998140335,61.410062521696091,-149.96069999970496,-149.45964601635933,37.600003182888031,67.349579185247421,4.3999999947845936,4.3785453177988529
1752,59.945799946784973,59.352573156356812,-152.66810005903244,-151.27498814463615,87.699998170137405,84.35928076505661,4.0999999791383743,4.375346727669239
1444,61.350400000810623,61.413380146026611,-150.08149999938905,-149.91753547824919,33.299997448921204,73.277834802865982,3.2999999821186066,3.1842581927776337
1412,61.402300000190735,61.442736029624939,-150.05790000222623,-149.47757296264172,40.899999439716339,60.001812875270844,3.7999999970197678,3.5629060864448547
128,61.92059999704361,62.477806806564331,-150.54399999976158,-150.21602095663548,58.600001037120819,59.132643043994904,3.3999999761581421,3.4933374524116516
1502,61.283300012350082,61.682451665401459,-149.90819999948144,-149.21538412570953,45.800000429153442,69.078870117664337,4.9000000208616257,4.5114061420317739
2036,61.120999999344349,61.067742593586445,-151.47699996829033,-151.47576373815536,67.899998277425766,85.121575742959976,3.0999999940395355,3.2416012287139893
1263,61.489499986171722,61.576302587985992,-149.89710000157356,-150.01789213344455,40.600001811981201,68.173892796039581,3.7999999970197678,3.9543431550264359
1151,61.534099996089935,61.485099315643311,-149.96970000118017,-149.65906092524529,36.799997091293335,63.797120004892349,3.0999999940395355,3.6073290109634399
941,62.914499998092651,62.960399031639099,-151.25610002875328,-151.7924217581749,115.79999979585409,31.569376587867737,3.0999999940395355,3.287488728761673
51,61.508599996566772,61.365259557962418,-149.94270000234246,-149.35027751326561,12.100003659725189,66.284775733947754,3.0999999940395355,3.6940305233001709
857,59.568699955940247,59.08486008644104,-152.66970008611679,-151.8302748799324,71.499999612569809,79.085450619459152,3.6999999582767487,3.8138370662927628
694,61.342299997806549,61.461031168699265,-149.97990000061691,-149.84801517426968,43.799996376037598,70.450577884912491,4.8000000044703484,4.2818339690566063
1114,61.988600015640259,59.239052891731262,-149.37950000166893,-151.51126599311829,6.7000016570091248,78.093349933624268,3.4999999701976776,3.0009649693965912
552,60.005900025367737,59.318450212478638,-152.94309997558594,-152.69985008239746,112.30000015348196,45.098118484020233,3.2999999821186066,3.446936309337616
1592,62.600000023841858,62.756146669387817,-151.17389997839928,-151.18695688247681,89.000001549720764,43.083220720291138,3,3.264532059431076
599,60.141499996185303,59.595897912979126,-151.49020001292229,-151.23046392202377,45.19999772310257,94.854114577174187,4.9000000208616257,4.2119809314608574
771,60.354300022125244,59.854973793029785,-152.75760000944138,-151.53996509313583,127.89999996311963,64.537141472101212,3.199999988079071,3.5516047775745392
678,59.595100045204163,59.127110123634338,-152.67900002002716,-152.22911077737808,81.90000057220459,82.866720855236053,3.6999999582767487,3.7660716623067856
290,61.276800006628036,61.200292825698853,-150.10300000011921,-149.79453071951866,38.699999451637268,81.235457211732864,3.5999999642372131,3.9036511480808258
1102,62.054999947547913,62.007546186447144,-148.70269998908043,-148.53795397281647,39.599999785423279,56.003481149673462,3.2999999821186066,3.54649418592453
1509,60.996100000105798,61.002632586518303,-151.10960000753403,-150.82604160904884,1.5999972820281982,101.37540847063065,3,3.1070573329925537
486,59.784199953079224,59.20922589302063,-152.208899974823,-151.60396260023117,71.199998259544373,98.062066361308098,3.0999999940395355,3.5574200749397278
1487,61.522599995136261,61.859321892261505,-149.91999999806285,-149.37084791064262,37.399999797344208,52.004702389240265,3.199999988079071,3.1519331932067871
2196,59.340999960899353,59.08416748046875,-152.30690002441406,-151.48797807097435,78.699998557567596,66.652614623308182,3.199999988079071,3.1286638677120209
554,61.403699994087219,61.444660186767578,-150.09939999505877,-150.27731200307608,37.799999117851257,83.070762455463409,3.4999999701976776,3.6596538126468658
1742,61.281100004911423,61.420620143413544,-151.21399998664856,-151.2448528110981,81.799998879432678,82.06668496131897,3.3999999761581421,3.9141157418489456
382,59.738600015640259,59.202104091644287,-151.9514000415802,-151.5297526717186,57.599999010562897,74.761159718036652,3.2999999821186066,3.1403335332870483
1646,60.896799996495247,60.783326923847198,-150.61360001564026,-150.43172290921211,127.0000000949949,103.16789709031582,3.0999999940395355,3.0837445557117462
1454,61.416599988937378,61.73611581325531,-150.072400001809,-149.68736547231674,42.700000107288361,58.630853891372681,3.9999999850988388,3.8259504586458206
1855,59.788100004196167,59.11434805393219,-152.65280002355576,-151.58561682701111,83.799999207258224,60.303010046482086,3,3.0625333786010742
298,60.254599988460541,59.810535430908203,-151.15539997816086,-150.9398657977581,57.300001382827759,91.868434101343155,3.199999988079071,3.3053818345069885
1468,61.41499999165535,62.163580656051636,-150.08590000122786,-148.36406528949738,30.400000512599945,32.931067049503326,3,3.1293709874153137
636,60.22460001707077,59.323265194892883,-151.81849998235703,-151.12853372097015,69.299999624490738,95.359919592738152,4.2999999895691872,4.0818688720464706
1950,60.021399974822998,59.278049230575562,-152.99139994382858,-152.06017220020294,114.59999997168779,42.580127716064453,3.0999999940395355,3.329555869102478
1745,62.226999998092651,62.37490177154541,-149.34510000050068,-149.37021616101265,41.699998080730438,50.792768597602844,4.1999999955296516,4.3029762133955956
1677,61.789399981498718,62.083769083023071,-150.78479996323586,-150.6074965596199,58.799996972084045,74.74726065993309,3.199999988079071,3.8433044850826263
303,59.919700026512146,59.389004945755005,-151.76859998703003,-151.41277679800987,54.600000381469727,85.83783358335495,3.4999999701976776,3.6942622661590576
1395,61.385800004005432,61.554053485393524,-149.99660000007134,-150.31140337139368,41.500002145767212,74.429027736186981,3.7999999970197678,3.6160754263401031
952,59.595499992370605,59.069469451904297,-152.88850003480911,-152.11361342668533,83.5999995470047,53.474970161914825,3,3.0512428879737854
1782,62.008299946784973,62.742048263549805,-152.38979995250702,-151.01912006735802,141.89999923110008,21.156057715415955,4.3999999947845936,4.4493155367672443
482,61.662599980831146,62.523182153701782,-151.80260002613068,-151.02550023794174,101.09999962151051,33.440001308917999,3,3.0245295166969299
188,62.14680004119873,62.739110469818115,-152.58319991827011,-152.0238025188446,0.90000033378601074,61.299964785575867,3.0999999940395355,3.2640828788280487
1724,61.721599996089935,61.85875016450882,-148.16829997301102,-148.21221685409546,0.10000169277191162,79.05380055308342,3.199999988079071,3.1277551352977753
849,59.94570004940033,59.188786506652832,-152.8332000374794,-152.66870963573456,98.799999803304672,53.3856600522995,3.199999988079071,3.4079521894454956
1978,62.530699968338013,62.77389121055603,-151.25909999012947,-151.01002264022827,85.799999535083771,44.095560908317566,3.199999988079071,3.3466863334178925
1034,61.501699984073639,61.415217965841293,-149.91820000112057,-150.36093463003635,38.199998438358307,87.628927081823349,3.0999999940395355,3.5675876140594482
1283,61.328399986028671,61.434894204139709,-149.97159999981523,-150.17858510836959,32.300002872943878,80.709416419267654,3.3999999761581421,3.7512274235486984
764,62.010400056838989,62.21534252166748,-150.01359999971464,-149.65413969755173,42.099997401237488,50.790309906005859,4.6000000052154064,4.3971764780580997
729,62.159199953079224,62.363212108612061,-149.36019998788834,-149.21043348312378,38.900002837181091,60.624860227108002,3.5999999642372131,3.7127708494663239
48,60.254599988460541,59.860166549682617,-151.0911999642849,-150.8704107105732,56.400001049041748,86.592156440019608,3.8999999910593033,3.8292392939329147
1598,61.548399984836578,61.597573935985565,-149.9427999984473,-150.18634449318051,48.100002110004425,73.849547654390335,3.9999999850988388,3.9866217970848083
218,59.441900014877319,59.063379049301147,-152.68789994716644,-151.63495874404907,72.39999994635582,68.04826483130455,3.0999999940395355,3.217101126909256
479,61.837700009346008,62.134816646575928,-150.76629996299744,-150.7494532763958,64.399998635053635,71.496028453111649,3.5999999642372131,3.8987785130739212
944,60.603899985551834,60.575286358594894,-152.29419994354248,-152.49540674686432,104.00000028312206,64.937938004732132,4.0999999791383743,4.5796187147498131
1832,61.91949999332428,62.514043211936951,-151.74770003557205,-151.0403815805912,99.700000137090683,50.17678439617157,3.8999999910593033,3.8074218034744263
120,62.921700000762939,62.972835659980774,-151.29420000314713,-151.81426477432251,120.39999989792705,14.617651700973511,3.0999999940395355,3.4108119606971741
1900,60.062300026416779,59.49443244934082,-151.44969999790192,-151.03702783584595,79.599998891353607,87.65232190489769,3.0999999940395355,3.1302771270275116
211,62.395099997520447,62.764892220497131,-151.07119998335838,-150.57388865947723,73.800001293420792,64.038649201393127,3,3.364262580871582
707,61.736800014972687,61.810737609863281,-149.76380000263453,-149.34529195725918,43.49999874830246,47.200299799442291,3,3.0830518305301666
721,62.885900020599365,62.920660376548767,-149.95250000059605,-149.69183287024498,79.199999570846558,31.342692673206329,3.7999999970197678,3.8652393221855164
56,59.027699947357178,59.086157083511353,-151.19000002741814,-151.37021058797836,28.899997472763062,73.085088282823563,3.199999988079071,3.0624283254146576
1307,61.325399994850159,61.464192152023315,-150.00490000017453,-150.28683388978243,33.900000154972076,85.6437087059021,3,3.220699667930603
1619,61.687399983406067,61.82630717754364,-149.84329999610782,-149.70837400853634,28.700001537799835,71.38250395655632,3.4999999701976776,3.7789617329835892
1261,61.452600002288818,61.583126068115234,-149.95689999964088,-150.28007405251265,41.699998080730438,76.261155307292938,3,3.3019817769527435
1735,60.612300008535385,60.621982544660568,-148.90229997038841,-149.4994106143713,27.999997138977051,98.962593823671341,3.2999999821186066,3.7323904037475586
289,62.173799991607666,62.733503937721252,-151.10850003361702,-150.31824293732643,72.900000959634781,50.722971558570862,3.6999999582767487,3.9621299207210541
1909,60.635399997234344,60.858033776283264,-148.64659997820854,-148.77804780006409,16.699999570846558,105.41178844869137,3.199999988079071,3.6175909638404846
1546,62.708299994468689,62.853281021118164,-149.36289998888969,-149.23061066865921,55.799998342990875,55.235885083675385,3.0999999940395355,3.4527996182441711
485,62.968899965286255,62.901837944984436,-150.40940000116825,-150.40675958991051,99.300000816583633,17.042912542819977,3,3.331653892993927
1718,60.038900017738342,59.131795287132263,-152.88300007581711,-151.99973112344742,106.00000061094761,48.376187682151794,3.199999988079071,3.4264910817146301
535,61.798699975013733,62.407134532928467,-151.79989993572235,-151.32742229104042,107.99999907612801,36.81628406047821,4.1999999955296516,4.3819359205663204
1334,61.386900007724762,61.473850816488266,-150.00710000004619,-149.86930318549275,34.000001847743988,70.913150906562805,3.6999999582767487,3.9443139284849167
297,62.805600047111511,62.890444040298462,-148.96979999542236,-149.27931113541126,65.699998289346695,36.877825856208801,3,3.2281867861747742
1583,62.013399958610535,62.209221124649048,-149.58820000290871,-149.33324727416039,34.400001168251038,64.32284414768219,3.3999999761581421,3.6236677765846252
668,62.46399998664856,62.52691912651062,-148.26639997959137,-147.58761030435562,21.499998867511749,55.889971554279327,3.3999999761581421,3.6032457947731018
259,62.891899943351746,62.876650214195251,-149.02940002083778,-149.24158573150635,63.099998980760574,38.179188966751099,3.0999999940395355,3.227933406829834
2042,60.985500000417233,61.102785415947437,-150.91429996490479,-150.87528204917908,20.800001919269562,97.503047436475754,3.6999999582767487,3.719654381275177
519,62.94350004196167,62.95501446723938,-151.26309996843338,-151.65531170368195,104.80000078678131,27.164570987224579,3.0999999940395355,3.2507721483707428
1179,59.414700031280518,59.276634454727173,-149.067999958992,-150.11037509143353,20.000003278255463,73.542602360248566,3.9999999850988388,3.5014487206935883
1861,61.058100000023842,60.877169564366341,-150.19580000638962,-150.04235624056309,52.699998021125793,97.12735190987587,3.3999999761581421,3.799232617020607
1027,61.516200006008148,61.561438381671906,-149.9096000008285,-149.4135070592165,38.599997758865356,59.795357286930084,3,3.2712239027023315
1684,62.18939995765686,61.927814185619354,-147.75870001316071,-147.59294718503952,15.900000929832458,56.979440152645111,3.199999988079071,3.1041732430458069
1576,62.841899991035461,62.819490432739258,-148.36409997940063,-147.95263874530792,64.500000327825546,47.360748052597046,3.9999999850988388,4.0733424872159958
44,61.288700014352798,62.683817148208618,-152.27660000324249,-152.35283893346786,6.5999999642372131,79.252898693084717,3.199999988079071,3.0006162822246552
163,61.948099970817566,62.219228506088257,-149.55289998650551,-149.23220935463905,55.900000035762787,54.535552859306335,3.2999999821186066,3.6005554497241974
1336,61.462000012397766,61.568077623844147,-149.94779999926686,-150.07853729277849,39.70000147819519,73.80690798163414,3.4999999701976776,3.7597256898880005
1841,61.474799990653992,61.564331710338593,-147.20110005140305,-147.38695335388184,21.499998867511749,48.87661337852478,3.8999999910593033,3.8237281143665314
1810,62.189599990844727,62.299014449119568,-149.98130000056699,-149.80418946594,16.199998557567596,54.442644119262695,3.0999999940395355,3.2200877666473389
192,61.921999990940094,62.492285490036011,-150.90960001945496,-150.58568993210793,66.500000655651093,61.151996254920959,3.9999999850988388,4.215961642563343
1572,61.426800012588501,61.647820234298706,-151.14629995822906,-151.11925676465034,50.700001418590546,87.888486683368683,3.5999999642372131,3.7649263590574265
1780,61.898899972438812,62.755165100097656,-152.09930008649826,-150.98120552301407,125.60000002849847,26.605620980262756,3.4999999701976776,3.4360471665859222
695,60.420400023460388,60.750096008181572,-147.6997999548912,-147.8192263841629,5.5000036954879761,105.28870858252048,4.0999999791383743,4.2523540332913399
611,60.294000029563904,59.885022640228271,-151.32209998369217,-151.06171756982803,59.50000137090683,93.486405909061432,3.8999999910593033,3.9421935081481934
1254,61.400099992752075,61.811222553253174,-150.05350000038743,-150.50957518815994,38.300000131130219,48.181436955928802,3,3.5053428411483765
1615,59.806399941444397,59.212926506996155,-152.94479995965958,-151.69808954000473,103.00000011920929,56.018508970737457,3.4999999701976776,4.0324821621179581
618,60.318599998950958,59.722385406494141,-152.23309993743896,-151.31733924150467,82.899998873472214,66.44923985004425,3.0999999940395355,3.0866234600543976
1223,61.380400002002716,61.40595617890358,-150.15610000491142,-150.22365537285805,20.199999213218689,82.459118217229843,3.3999999761581421,3.5870901346206665
1380,61.490399986505508,61.615825355052948,-149.90459999442101,-150.14329067990184,30.900001525878906,68.206164985895157,3.199999988079071,3.5820400714874268
69,61.649500012397766,61.63926374912262,-148.02310001850128,-147.92336815595627,17.30000227689743,52.038520574569702,3.199999988079071,3.2038913369178772
634,62.937399983406067,62.831491470336914,-148.32870000600815,-148.12471014261246,12.400001287460327,38.862966001033783,3,3.1099358797073364
480,62.976799964904785,62.847088813781738,-148.49750000238419,-148.25666034221649,4.0000006556510925,48.779807984828949,3.199999988079071,3.3448279201984406
1481,61.384600013494492,62.262621879577637,-150.01629999931902,-149.07635799050331,42.999997735023499,38.011997938156128,3.0999999940395355,3.6467767953872681
230,60.06580001115799,59.146921873092651,-152.99500000476837,-151.92938339710236,110.7999999076128,37.938490509986877,3.0999999940395355,3.1609750986099243
342,62.277699947357178,62.704316020011902,-151.00099995732307,-150.38199739158154,74.700001627206802,61.704374849796295,3,3.3981742858886719
1996,62.99810004234314,62.96191143989563,-151.04200002551079,-150.66312888264656,126.70000002253801,8.1153139472007751,3.6999999582767487,4.3910929374396801
1700,60.498499989509583,59.988843083381653,-152.1739000082016,-151.24926280975342,81.999998539686203,89.92232009768486,3.2999999821186066,3.782275602221489
1877,60.450999975204468,59.851389169692993,-152.12279999256134,-151.25070521235466,80.299999564886093,86.987718939781189,3,3.3820593953132629
538,61.684700012207031,62.133464097976685,-151.55119997262955,-151.24519327282906,72.200000286102295,45.019634068012238,3.0999999940395355,3.2897936403751373
1933,59.831500053405762,59.127606391906738,-152.94309997558594,-151.83004009723663,103.70000079274178,49.221083521842957,3,3.0220929980278015
239,62.902099967002869,62.883347392082214,-150.59260001778603,-150.82107120752335,102.90000028908253,15.549361705780029,4.6000000052154064,4.3190722055733204
99,61.48769998550415,61.436307787895203,-149.92009999975562,-149.48871570825577,31.300000846385956,64.275622367858887,3.4999999701976776,4.0482440292835236
2065,60.313499987125397,59.311552882194519,-152.49279999732971,-150.71773347258568,109.20000076293945,66.708523780107498,3,3.0593993067741394
1653,60.067300021648407,59.645076274871826,-151.4286000430584,-151.09485384821892,78.000001609325409,98.564170300960541,3.0999999940395355,3.0670838356018066
1211,61.440600007772446,61.483075320720673,-149.88660000264645,-149.97744778543711,27.999997138977051,71.171835064888,4.8000000044703484,4.6631899997591972
581,62.462599992752075,62.61348569393158,-148.87700003385544,-148.88316366076469,34.999996423721313,68.347375839948654,3.5999999642372131,3.527800977230072
1989,62.208799958229065,62.790428280830383,-151.99979996681213,-151.07642993330956,106.00000061094761,30.651785433292389,4.3999999947845936,4.0314892530441284
1777,59.841799974441528,59.300739645957947,-152.86959993839264,-152.09427666664124,100.80000013113022,59.387661516666412,3.7999999970197678,3.9778519570827484
1628,62.159299969673157,62.26092267036438,-147.81760007143021,-147.62307107448578,38.500003516674042,81.54064416885376,4.0999999791383743,3.8273753821849823
744,61.311599999666214,61.391670852899551,-149.97020000126213,-150.10955517366529,37.900000810623169,82.882110029459,3,3.4710139632225037
124,62.148399949073792,62.416162729263306,-149.73880000412464,-149.40532860159874,44.699996709823608,50.686568021774292,4.1999999955296516,4.1337884142994881
1836,61.009999999776483,61.124228410422802,-147.45190000534058,-147.62545251846313,15.100002288818359,68.440202623605728,3.2999999821186066,3.2726605832576752
185,61.081500001251698,60.815467789769173,-152.22009998559952,-151.54026710987091,110.29999982565641,44.516637921333313,3.6999999582767487,4.1082045435905457
307,60.2810999751091,59.682831764221191,-152.97330003976822,-152.58445125818253,136.30000036209822,52.916117012500763,4.3999999947845936,4.4964838984888047
1510,60.028299987316132,59.123191952705383,-152.8390000462532,-151.92958384752274,93.199998140335083,55.316045880317688,3,3.2484024167060852
65,59.906999945640564,60.460604310035706,-149.82299999892712,-148.70076906681061,0,97.783597186207771,3.0999999940395355,3.0024799704551697
532,61.155799999833107,61.620338976383209,-152.54269999265671,-151.57528620958328,139.39999975264072,38.251057267189026,3,3.1996443271636963
406,61.011199999600649,61.084169894456863,-148.93469998240471,-148.84128347039223,5.9000030159950256,101.08276642858982,3.4999999701976776,3.4835972785949707
1442,61.502099990844727,61.657758593559265,-149.97020000126213,-150.34849771857262,50.700001418590546,71.82399183511734,3.0999999940395355,3.1295329034328461
1413,61.38850000500679,61.362058073282242,-150.09819999709725,-149.76092568039894,37.399999797344208,72.129353880882263,4.5,4.1209640353918076
1963,62.955299973487854,62.976680994033813,-150.8337000310421,-149.73502872884274,104.6999990940094,32.743558287620544,3.2999999821186066,3.7982743084430695
1040,59.091400027275085,59.053406000137329,-152.4057000875473,-151.57426249980927,60.599997639656067,87.132196873426437,3.9999999850988388,3.5147816240787506
430,61.831700026988983,61.663790583610535,-147.57499998807907,-147.50318509340286,33.799998462200165,64.199931919574738,4.8000000044703484,4.220992349088192
1200,61.513800024986267,61.568125069141388,-149.91249999962747,-150.34801711142063,37.600003182888031,78.679431229829788,3.199999988079071,3.2520782947540283
1457,61.42059999704361,61.719658732414246,-150.06340000033379,-149.77492808550596,35.199999809265137,64.479537308216095,3.2999999821186066,3.3563611507415771
219,62.980599999427795,62.935358166694641,-150.28759999573231,-150.61573152244091,89.600000530481339,57.773582637310028,3.199999988079071,3.3778739869594574
1229,61.322299987077713,61.395701557397842,-150.00980000034906,-150.11838667094707,29.299996793270111,82.086823880672455,3.4999999701976776,3.8862207233905792
874,62.898399949073792,62.942044854164124,-150.50520001351833,-150.60367405414581,87.400000542402267,62.013648450374603,3.2999999821186066,3.4000151753425598
1189,61.441100001335144,61.502547442913055,-150.0819000005722,-150.51415604352951,20.000003278255463,83.332635462284088,3.199999988079071,3.4027689099311829
715,61.45320001244545,61.778709948062897,-151.92909997701645,-151.34218150377274,98.999999463558197,34.859418869018555,4.5,5.0211727023124695
212,60.02810001373291,59.492197751998901,-151.71570003032684,-151.32278117537498,72.200000286102295,88.404044508934021,3.3999999761581421,3.6004034578800201
2109,61.42960000038147,61.646763026714325,-151.01129999756813,-151.03615629673004,64.899999648332596,79.717166721820831,3.0999999940395355,3.1862064599990845
555,61.53710001707077,61.608652770519257,-149.94479999877512,-149.94626532308757,47.899998724460602,73.743507266044617,3.4999999701976776,3.752622976899147
1659,61.747300028800964,61.878371059894562,-149.81390000134706,-149.87820791825652,44.699996709823608,58.330856263637543,3.0999999940395355,3.5674039721488953
1945,62.093199968338013,62.426101922988892,-151.11390003561974,-150.25177826732397,66.399998962879181,41.990272700786591,3.199999988079071,3.1787239015102386
1769,60.179899990558624,59.721071481704712,-152.42940008640289,-151.39126512408257,102.2999994456768,84.029048681259155,3.2999999821186066,3.8589941114187241
736,61.42849999666214,61.51122373342514,-147.15049999952316,-147.30729764699936,5.5000036954879761,36.135584115982056,3,3.1264503300189972
1514,61.385399997234344,61.660626947879791,-151.82929998636246,-151.7083797454834,111.39999981969595,45.610502362251282,3,4.0160694569349289
529,62.156599998474121,62.561466932296753,-151.20830002427101,-150.81393080949783,70.30000165104866,55.322721600532532,3.8999999910593033,4.0700112283229828
1801,59.877500057220459,59.419928312301636,-151.15689995884895,-150.99676305055618,41.199997067451477,70.664878934621811,3.2999999821186066,3.6730999946594238
210,61.753799974918365,61.895890772342682,-149.69640000164509,-149.18083119392395,46.700000762939453,52.487738430500031,3.0999999940395355,3.5880539417266846
1342,61.754599988460541,61.758581280708313,-150.16910000145435,-149.86748749762774,84.800001233816147,46.040669083595276,3.199999988079071,3.1562654972076416
299,61.401199996471405,61.375756442546844,-150.88900002837181,-150.70495122671127,62.299996614456177,75.592327862977982,3.9999999850988388,4.4751395406201482
306,59.47819995880127,59.247091293334961,-151.91970008611679,-151.69083487987518,70.500001311302185,81.173848360776901,3,3.1516754329204559
752,61.918200016021729,62.403922080993652,-151.35349997878075,-151.18180632591248,75.699999928474426,40.092840790748596,3.199999988079071,3.3588447868824005
921,61.133900001645088,61.257831931114197,-148.49070006608963,-148.78342714905739,7.3999986052513123,71.642812341451645,3,3.0550211369991302
435,59.962800025939941,59.282747030258179,-152.92869991064072,-152.10295522212982,120.09999994188547,58.821976184844971,4.6000000052154064,4.2452389821410179
929,61.640799999237061,61.759309828281403,-147.90889996290207,-148.18077385425568,25.79999715089798,63.589964061975479,3.7999999970197678,3.8739974945783615
220,61.872500002384186,61.75347775220871,-148.03970003128052,-147.78348934650421,8.9000016450881958,47.159075736999512,3.6999999582767487,3.7340804636478424
1198,61.358799993991852,61.435754626989365,-150.04319999925792,-150.33646606653929,37.199996411800385,86.28222718834877,3.199999988079071,3.6384433507919312
237,62.358000040054321,62.773794889450073,-150.91409996151924,-149.934136826545,72.00000062584877,35.143449902534485,3.9999999850988388,4.1194926649332047
809,61.363999992609024,61.489287525415421,-150.06250000186265,-150.07137284986675,40.399998426437378,76.103571802377701,3.2999999821186066,3.5242202281951904
1446,61.459699988365173,61.460499256849289,-149.75500001013279,-150.60923963785172,52.799999713897705,43.745197355747223,3.0999999940395355,3.3659164309501648
354,61.526899993419647,61.593935132026672,-150.5443000048399,-150.22533570975065,65.099999308586121,65.542388707399368,3.9999999850988388,4.4187017921358347
988,59.019400000572205,59.017961502075195,-152.89770001173019,-151.66722822189331,60.999996960163116,56.336238980293274,3.2999999821186066,3.0007287561893463
1381,61.496899992227554,61.806092858314514,-149.93649999797344,-150.25221685320139,38.900002837181091,63.49409744143486,3.3999999761581421,3.3075444102287292
986,60.681400001049042,60.766498059034348,-148.76549997925758,-148.91732427477837,37.900000810623169,110.29811576008797,3,3.1037021577358246
324,62.365700006484985,62.64812433719635,-149.12509998679161,-149.14151179790497,0.29999762773513794,51.761247217655182,3.4999999701976776,3.3965534269809723
2123,60.189199984073639,59.686818361282349,-152.72510004043579,-152.37574911117554,91.899998486042023,90.221114456653595,3,3.0027758181095123
445,62.616199970245361,62.698763251304626,-151.36800000071526,-151.00742366909981,3.2000020146369934,56.572228670120239,3.8999999910593033,3.9261616766452789
13,62.261399984359741,62.541329979896545,-150.80630001425743,-150.59197148680687,67.099999636411667,53.603827953338623,3.0999999940395355,3.5511398613452911
785,61.125900000333786,61.143836870789528,-150.58400000631809,-150.56130534410477,53.999997675418854,97.424760460853577,3.0999999940395355,3.2029261887073517
296,62.497300028800964,62.613839387893677,-148.81510001420975,-149.08613696694374,41.000001132488251,58.77763032913208,3,3.1662764847278595
1375,61.500299990177155,61.423370331525803,-149.91009999811649,-150.06068992987275,38.999997079372406,80.461379140615463,3,3.2450835406780243
621,59.636399984359741,59.161462187767029,-151.8986000418663,-152.36289346218109,183.49999934434891,25.678142905235291,3.4999999701976776,4.212664358317852
2070,62.952000021934509,62.960764288902283,-149.26799999177456,-148.97221067547798,70.999998599290848,30.589714646339417,3.199999988079071,3.2441074848175049
1800,62.395900011062622,62.735495567321777,-152.61959999799728,-151.96713978052139,7.7999979257583618,54.322831332683563,3.199999988079071,3.2811870574951172
746,62.166399955749512,62.032738447189331,-148.12700003385544,-147.49069941043854,31.700000166893005,60.916401445865631,3.0999999940395355,3.197278618812561
755,62.791399955749512,62.828470230102539,-148.78049996495247,-148.25398403406143,75.599998235702515,31.809650361537933,3.2999999821186066,3.6479277312755585
1411,61.389800012111664,61.47476002573967,-150.10770000144839,-149.8264744207263,20.199999213218689,70.511702448129654,3.0999999940395355,3.2098544239997864
1116,59.345499992370605,59.048467755317688,-152.59309995174408,-151.46972134709358,66.599998623132706,71.623966097831726,3.4999999701976776,3.3608020842075348
2117,62.981899976730347,62.971471548080444,-149.31420001387596,-148.71157532930374,75.699999928474426,25.008857250213623,3.0999999940395355,3.0721962153911591
1642,59.92550003528595,59.082395792007446,-152.99309992790222,-151.96610051393509,94.699999317526817,42.807102203369141,3,3.1156145632266998
1870,59.854900002479553,59.267155289649963,-152.61210000514984,-151.43195387721062,82.299999892711639,65.253760665655136,3.199999988079071,3.3805696964263916
2055,61.47299998998642,62.030115246772766,-152.2150000333786,-151.33869990706444,110.70000007748604,56.436978280544281,3,3.0554982125759125
976,60.663700014352798,60.599136292934418,-151.83479994535446,-151.57049506902695,78.999999910593033,59.549085795879364,3.0999999940395355,3.4699364304542542
1181,61.982299983501434,62.053863763809204,-151.07440003752708,-151.04715344309807,3.8999989628791809,84.139090031385422,3.199999988079071,3.3957515358924866
1086,62.208400011062622,62.489968180656433,-151.24700000882149,-151.04324644804001,76.600000262260437,45.058473944664001,3.9999999850988388,3.9781144559383392
203,60.342299997806549,59.446390628814697,-152.55970001220703,-151.95195704698563,98.799999803304672,67.293893545866013,3.0999999940395355,3.0441558659076691
2132,60.979599999263883,61.106985069811344,-147.15910005569458,-147.50902193784714,19.900001585483551,69.68267634510994,3.199999988079071,3.3239027559757233
1344,61.35479998588562,61.598247110843658,-149.99130000011064,-149.94266841374338,42.900003492832184,60.554802417755127,5.0000000149011612,4.937253937125206
786,62.986999988555908,62.852967500686646,-148.83920001983643,-147.90839695930481,12.000001966953278,44.711261987686157,3.2999999821186066,3.3724695146083832
478,62.335899949073792,62.611484289169312,-149.72629999369383,-149.56883592903614,31.099997460842133,49.035593867301941,3.5999999642372131,3.8700001537799835
410,60.240599989891052,59.771094560623169,-152.38630002737045,-151.73089993000031,89.200001209974289,90.003300458192825,3,3.024036169052124
2168,61.849799990653992,62.113434076309204,-150.47290000319481,-150.42585825920105,63.999999314546585,55.908620357513428,3.9999999850988388,3.9664071947336197
316,60.03930002450943,59.624016404151917,-152.69310003519058,-152.26301980018616,104.59999926388264,60.229472815990448,3.2999999821186066,3.3145048320293427
1427,61.47350001335144,61.645417511463165,-149.92410000041127,-150.07315946370363,36.200001835823059,61.904445290565491,3.0999999940395355,3.6617431640625
105,59.768800020217896,59.091879367828369,-152.68119996786118,-151.37298828363419,92.955999076366425,63.988026231527328,3.3999999761581421,3.4235091805458069
1196,61.405099987983704,61.478893756866455,-150.06169999949634,-150.32101392745972,35.899996757507324,80.686051398515701,3.3999999761581421,3.7207944989204407
121,62.315199971199036,62.762550234794617,-150.86910000443459,-150.14420949295163,68.500000983476639,39.62571918964386,3.6999999582767487,3.7326180338859558
807,60.767399996519089,60.669435530900955,-150.16340000554919,-150.11820979043841,41.79999977350235,98.510012030601501,3.3999999761581421,3.7958931773900986
1187,61.41159999370575,61.488311022520065,-150.10879999771714,-150.32305189222097,19.900001585483551,80.934111028909683,3,3.1217708587646484
2130,59.311900019645691,59.110088706016541,-152.03679996728897,-151.33208790421486,57.099997997283936,73.745373636484146,3,3.0305711030960083
1518,62.967900037765503,62.948096632957458,-150.32429999113083,-150.1197749376297,88.700000196695328,27.176171541213989,3.0999999940395355,3.7519741058349609
1359,61.461499989032745,61.597590327262878,-149.95469999872148,-150.18641111254692,38.199998438358307,70.834092795848846,3.2999999821186066,3.2873876094818115
2048,61.969299972057343,62.517728209495544,-152.15689998865128,-151.31787210702896,125,25.223053991794586,5.2000000029802322,4.6193611174821854
115,59.930299997329712,59.457787036895752,-151.40720003843307,-151.07876390218735,44.100001454353333,94.220545142889023,3.0999999940395355,3.6272910833358765
76,59.515200018882751,59.085412263870239,-152.85180008411407,-150.81758415699005,106.10000044107437,55.353626608848572,3.0999999940395355,3.2696097493171692
1938,59.769299983978271,59.045224547386169,-152.90489995479584,-151.61235952377319,18.700003623962402,85.037261247634888,3.3999999761581421,3.3108854591846466
422,61.38289999961853,61.429134279489517,-149.79349999129772,-149.64897792041302,36.640003323554993,73.503322899341583,3.199999988079071,3.2890781164169312
1193,61.397000014781952,61.378701388835907,-150.04160000011325,-150.37261189520359,20.199999213218689,93.071989715099335,3,3.2641358971595764
1982,60.197000026702881,59.648576855659485,-151.76600003242493,-151.40708595514297,70.599999278783798,97.411410883069038,3.3999999761581421,3.7230639159679413
2052,60.721399992704391,60.62315571308136,-151.81470000743866,-151.47950711846352,86.399998515844345,60.706622898578644,3.0999999940395355,3.0632544457912445
1391,61.393799990415573,61.486190348863602,-150.06519999727607,-150.34142041951418,37.799999117851257,81.898137927055359,3.2999999821186066,3.4849721789360046
1876,61.442699998617172,61.556008517742157,-150.97579997777939,-151.10332399606705,66.100001335144043,91.825731098651886,3.0999999940395355,3.6043128669261932
700,61.671999990940094,62.200453758239746,-151.37690001726151,-151.15366610884666,75.100000947713852,38.4698286652565,3.199999988079071,3.308448851108551
798,61.642799973487854,61.899194538593292,-151.06260001659393,-151.03224098682404,68.799998611211777,63.614271581172943,4.0999999791383743,4.4240522682666779
942,59.930500030517578,59.386024475097656,-152.20349997282028,-151.48347517848015,80.60000091791153,89.563824236392975,3.7999999970197678,3.9721994698047638
940,61.4932000041008,61.639169037342072,-149.85659999772906,-150.01008882327005,42.199999094009399,67.012432962656021,3.6999999582767487,3.9431697428226471
994,62.174200057983398,62.166034460067749,-147.79539996385574,-147.4983839392662,34.199997782707214,65.488923341035843,3.8999999910593033,3.7276885807514191
1493,61.454299986362457,62.23152756690979,-150.04649999924004,-149.78937055170536,40.10000079870224,40.823161602020264,3.4999999701976776,3.1340600252151489
620,62.973399996757507,62.219279289245605,-148.46769994497299,-147.54523158073425,11.399999260902405,91.692999005317688,3.5999999642372131,3.2786791920661926
420,61.684300005435944,61.696101903915405,-149.91420000046492,-149.69906531274319,9.9999979138374329,61.908647418022156,3.6999999582767487,3.7951290160417557
997,60.710200011730194,59.19791316986084,-151.8863999247551,-151.75233900547028,170.00000178813934,10.969251394271851,3.9999999850988388,3.2692927122116089
1934,59.832800030708313,59.145954012870789,-152.88699996471405,-151.94797539710999,101.09999962151051,51.65572464466095,3.4999999701976776,3.418154776096344
1732,60.495800018310547,60.939383003860712,-147.26079994440079,-147.58217203617096,8.6999982595443726,51.878765225410461,3,3.1445510387420654
1562,61.633000016212463,61.953827977180481,-151.54820001125336,-151.47512510418892,77.500000596046448,55.03632128238678,3.199999988079071,3.6075569987297058
178,59.521900057792664,59.117190599441528,-151.95909994840622,-151.26858606934547,58.600001037120819,71.985762566328049,3,3.1747701466083527
1828,61.749300003051758,61.852170348167419,-148.20350003242493,-148.21492946147919,12.100003659725189,57.625040411949158,4.1999999955296516,3.7582061290740967
613,61.496399998664856,61.661182880401611,-150.25159998983145,-150.07789766415954,61.800003051757812,58.847986161708832,3,3.3872328400611877
1673,61.08330000191927,61.002760028466582,-151.37949997186661,-151.24933049082756,66.700000315904617,89.093204587697983,3.2999999821186066,3.7934796810150146
2008,62.700999975204468,62.840467572212219,-149.44799999892712,-149.36640214920044,68.900000303983688,39.139896631240845,3.199999988079071,3.0718585252761841
781,61.545799970626831,61.411572456359863,-149.91650000028312,-149.39281386137009,43.399997055530548,65.230816602706909,3.3999999761581421,3.2635607421398163
1137,61.471500009298325,61.434718787670135,-149.87779999896884,-149.43744613230228,48.600003123283386,65.119970589876175,3.7999999970197678,4.1462726891040802
651,62.472699999809265,62.511788368225098,-148.25250005722046,-147.50535321235657,21.399997174739838,52.749693393707275,3,3.1995359659194946
1018,61.053399998694658,61.124597541987896,-148.23649996519089,-148.46611869335175,10.300002992153168,89.413031935691833,3,3.0248849093914032
409,61.596499979496002,61.550991356372833,-148.25989991426468,-148.27787840366364,9.0999975800514221,51.58725380897522,4.1999999955296516,3.6713302731513977
1103,61.367500007152557,61.451987415552139,-150.05859999731183,-150.23441851884127,40.799997746944427,75.906664133071899,3.0999999940395355,3.8224156647920609
782,61.568499982357025,61.641115963459015,-149.94519999995828,-148.54289522767067,42.900003492832184,106.28704726696014,3.6999999582767487,3.2425514459609985
1942,59.292099952697754,59.16260027885437,-151.71940004825592,-151.32515394687653,23.999996483325958,61.542317271232605,3.199999988079071,3.5436666011810303
1594,60.578999996185303,60.943866010755301,-147.61329996585846,-147.95124042034149,6.5999999642372131,94.647867605090141,4.0999999791383743,4.3310538455843925
450,62.921200037002563,62.895063996315002,-149.53570000827312,-149.42837999761105,59.399999678134918,40.718108415603638,3,3.0545696318149567
1714,62.043799996376038,62.183262586593628,-149.52530001103878,-149.17400050163269,19.900001585483551,55.396325886249542,3.0999999940395355,3.2362370789051056
1613,61.018500000238419,61.282000780105591,-147.60190004110336,-147.88654786348343,25.100000202655792,83.628289401531219,3.5999999642372131,4.0079017728567123
1078,61.236699998378754,61.254046231508255,-149.86389999836683,-150.21151799708605,40.50000011920929,92.499520629644394,3.199999988079071,3.5035302937030792
1330,61.335200011730194,61.435346037149429,-149.98379999957979,-149.61602693796158,40.200002491474152,68.12252476811409,3,3.5289684534072876
63,61.517300009727478,61.644057273864746,-150.69879998266697,-150.6027017980814,34.900002181529999,66.188354045152664,3.0999999940395355,3.3570073843002319
508,62.979599952697754,62.813772201538086,-150.53630000352859,-150.11995244398713,0.79999864101409912,31.797893345355988,3.199999988079071,3.4041829705238342
2191,61.930800020694733,62.241476893424988,-151.14919996261597,-151.03938755393028,67.499998956918716,38.484044373035431,3.2999999821186066,3.2275198996067047
1521,60.083500027656555,59.919927597045898,-150.45450000464916,-150.55500742793083,48.699997365474701,81.400904804468155,3.3999999761581421,3.7982726544141769
1161,61.39190000295639,61.421439588069916,-150.08899999782443,-150.28838713467121,35.700000822544098,85.053302347660065,3.3999999761581421,3.6421147584915161
1058,62.320199966430664,62.127062678337097,-148.49750000238419,-148.10134649276733,44.900000095367432,45.336738228797913,3.2999999821186066,3.5345395803451538
1293,61.189400002360344,61.34138697385788,-149.96499999985099,-150.14086925983429,17.200000584125519,84.666669368743896,3.0999999940395355,3.3894079327583313
949,62.616700053215027,62.822704792022705,-151.36699998378754,-151.11029344797134,86.100000888109207,24.916790425777435,3.0999999940395355,3.2904291450977325
1347,61.483300000429153,61.758195459842682,-149.93619999848306,-149.7336975261569,51.299996674060822,70.633061230182648,5.0000000149011612,4.7004818022251129
1973,60.31470000743866,59.663642406463623,-152.5256000161171,-151.69249820709229,97.200000658631325,89.551020413637161,3.3999999761581421,3.6961359679698944
1111,61.875899970531464,61.951717257499695,-149.30290000140667,-148.65463390946388,6.8999975919723511,81.570010632276535,3.2999999821186066,3.5215151309967041
674,62.483299970626831,62.492384672164917,-148.25449991226196,-147.85709309577942,42.300000786781311,54.696828126907349,3.2999999821186066,3.3094450235366821
903,61.167899996042252,61.378207057714462,-151.26759999990463,-151.41728273034096,70.199999958276749,85.803661495447159,3.5999999642372131,3.991791844367981
471,61.479900002479553,61.721996665000916,-149.90570000186563,-149.97764710709453,30.199997127056122,72.350814938545227,3,3.3197628557682037
1672,60.678000003099442,60.46436995267868,-151.22020000219345,-151.27765452861786,67.600000649690628,90.915258973836899,4.0999999791383743,4.1917151212692261
205,59.411200046539307,59.095426440238953,-152.96250003576279,-152.49148750305176,85.599999874830246,56.673690676689148,3.0999999940395355,3.0246148109436035
530,60.975999999791384,61.22823491692543,-147.27060002088547,-147.4585200548172,16.999997198581696,62.928877770900726,3.7999999970197678,3.7880276441574097
2073,60.804000005125999,60.636606931686401,-152.28999996185303,-151.57241553068161,102.09999978542328,72.630122303962708,3.199999988079071,3.3612349033355713
907,61.7189000248909,62.688279032707214,-152.07480007410049,-151.18368735909462,123.60000004991889,21.548539400100708,3,3.2328237891197205
1890,59.072199940681458,59.078797459602356,-150.9451000392437,-151.17605066299438,29.200002551078796,69.007724523544312,3.199999988079071,3.4072650074958801
1966,61.417600005865097,61.464983731508255,-151.64490008354187,-151.59123194217682,87.900001555681229,71.831755340099335,3,3.4914429187774658
670,62.47979998588562,62.544058561325073,-148.24979996681213,-147.54509103298187,20.800001919269562,53.217679262161255,3.199999988079071,3.3292699456214905
855,60.977099999785423,61.256062269210815,-147.05369997024536,-147.25133156776428,15.100002288818359,46.023629605770111,3,3.0536521375179291
1157,61.150800004601479,61.113306187093258,-151.15789997577667,-151.27916774153709,88.799998164176941,85.825398564338684,3.6999999582767487,3.8028362095355988
23,62.64330005645752,62.70489501953125,-148.82389998435974,-149.15818387269974,32.099999487400055,48.536390066146851,3,3.5568326711654663
1871,59.854200005531311,59.08549165725708,-152.92199993133545,-152.07467490434647,101.29999928176403,43.576538562774658,3,3.051095724105835
2004,60.7516999989748,60.564232170581818,-152.48430007696152,-151.78278851509094,124.30000002495944,58.84687602519989,3.2999999821186066,3.2812103033065796
985,60.605800002813339,59.972445726394653,-152.63320004940033,-151.64539325237274,118.19999990984797,68.237960338592529,3.5999999642372131,4.0519289374351501
198,62.762099981307983,62.852243065834045,-148.88870000839233,-148.90265035629272,2.8999969363212585,46.136669814586639,3.199999988079071,3.1032080948352814
49,59.257799983024597,59.044844031333923,-152.36189997196198,-151.40322491526604,84.699999541044235,64.591649919748306,3,3.1118652820587158
173,59.425899982452393,59.196643948554993,-151.5353000164032,-150.96874156594276,45.500002801418304,65.746460109949112,3.0999999940395355,3.1200913488864899
873,62.889899969100952,62.929699897766113,-150.45540001988411,-150.61421683430672,86.500000208616257,65.894026309251785,3.3999999761581421,3.3496979176998138
1508,61.010900000110269,60.875951953232288,-151.11640003323555,-150.99524474143982,4.0000006556510925,99.719058722257614,3.0999999940395355,3.2333310842514038
973,60.120599985122681,59.406390309333801,-152.82240003347397,-151.89146786928177,118.10000007972121,55.631697177886963,3.3999999761581421,3.8051474243402481
308,60.298699975013733,59.433619856834412,-152.98410004377365,-152.57778882980347,136.19699981063604,47.666244208812714,4.2999999895691872,4.4775477424263954
1315,61.457300007343292,61.680147886276245,-150.05450000055134,-150.34503907710314,21.399997174739838,66.18354469537735,3,3.1826867759227753
931,60.166999995708466,59.367050409317017,-152.72289991378784,-152.13578081130981,95.599999651312828,64.490027725696564,3.3999999761581421,4.155642069876194
829,59.798900008201599,59.257039070129395,-152.89359998703003,-152.50170993804932,106.20000027120113,58.878496289253235,3.5999999642372131,4.0170120298862457
59,62.29229998588562,62.306858777999878,-148.84429997205734,-148.29675614833832,34.999996423721313,55.535987019538879,3,3.1720002293586731
71,62.966199994087219,62.978579998016357,-150.65760000050068,-151.43890669941902,110.70000007748604,43.682068586349487,3,3.2506660223007202
2091,62.726500034332275,62.866077184677124,-150.54480001330376,-150.24635048210621,86.500000208616257,34.536838531494141,3.2999999821186066,3.3966391682624817
1968,61.3716000020504,61.128563225269318,-150.10260000452399,-149.6350399106741,41.699998080730438,80.62325045466423,3.199999988079071,3.7892612367868423
1557,62.420400023460388,62.651015520095825,-149.21929997205734,-149.18655422329903,52.599996328353882,62.067851424217224,3.199999988079071,3.6865012049674988
1486,61.497299998998642,61.69779360294342,-149.96540000103414,-149.36704467236996,30.000001192092896,68.139664828777313,3.199999988079071,3.0810295343399048
759,60.893399998545647,60.989888367243111,-150.27130001038313,-150.36458768695593,48.299998044967651,95.29452957212925,4.0999999791383743,3.9861811548471451
1320,61.541999995708466,61.728397071361542,-149.8522000014782,-149.64186499267817,47.600001096725464,68.844202905893326,3.8999999910593033,4.1600925475358963
1505,61.47859999537468,62.412553548812866,-149.92310000024736,-149.43823778629303,37.199996411800385,56.741721928119659,4.6000000052154064,4.1667421460151672
1185,61.340099990367889,61.469908088445663,-150.08060000091791,-150.30574893951416,19.900001585483551,84.401063621044159,3.199999988079071,3.1057307124137878
162,61.404199987649918,61.336211621761322,-150.68730001151562,-150.40279600024223,57.40000307559967,78.385896980762482,3.4999999701976776,4.0776287913322449
1531,61.317299991846085,61.386622160673141,-147.38309991359711,-147.45822930335999,20.199999213218689,58.208480477333069,3.9999999850988388,3.7490029335021973
1068,60.274200022220612,59.968570232391357,-150.933100014925,-150.98248931765556,51.399998366832733,93.229200690984726,4.3999999947845936,3.9511152058839798
1397,61.401300013065338,61.340978890657425,-149.96149999927729,-149.35850103199482,38.779996335506439,69.271061569452286,3.4999999701976776,3.3876338303089142
564,60.538599997758865,61.327004611492157,-147.3306999206543,-147.55040538311005,46.899996697902679,42.394474148750305,3.2999999821186066,3.0005697906017303
1764,60.207899987697601,59.643987894058228,-151.85009998083115,-151.29142007231712,66.899999976158142,85.685551166534424,3,3.3870774507522583
787,60.581099987030029,60.31803435087204,-150.59280002117157,-150.44155517220497,40.10000079870224,89.218676090240479,3,3.2535119354724884
256,61.458000004291534,61.545581758022308,-150.6921000033617,-150.45483116805553,41.79999977350235,69.888219237327576,3.8999999910593033,4.4477596320211887
1511,59.41509997844696,59.124331951141357,-152.01090002059937,-151.32616299390793,53.900003433227539,76.894547790288925,3.3999999761581421,3.5445756912231445
2126,59.628999948501587,59.23492443561554,-152.64820003509521,-152.6509895324707,84.49999988079071,65.608002245426178,3.0999999940395355,3.0004301369190216
440,62.647500038146973,62.803349375724792,-149.38590002059937,-149.43443714082241,65.799999982118607,37.854745984077454,3,3.2355973720550537
1362,61.472000002861023,61.64242023229599,-149.93419999815524,-149.97715879417956,40.399998426437378,65.143853425979614,3.199999988079071,3.5296069979667664
1958,62.969900012016296,62.965614914894104,-150.44690001010895,-149.62521146982908,99.500000476837158,27.617394924163818,3.0999999940395355,3.4833934307098389
2192,60.591500014066696,60.503968626260757,-150.21030000597239,-150.18443163111806,48.19999635219574,96.830204129219055,3.7999999970197678,3.7003109157085419
1022,59.994799971580505,59.66050112247467,-152.67959994077682,-151.72992467880249,103.9000004529953,83.140213042497635,3.7999999970197678,4.2573470547795296
2122,59.936499953269958,59.227282524108887,-152.70180004835129,-151.98211884498596,98.30000065267086,53.463712334632874,3.199999988079071,3.1616166830062866
2022,59.948799967765808,59.233615279197693,-152.66759991645813,-151.82581919431686,101.70000046491623,64.052227884531021,3.8999999910593033,3.7311241328716278
1278,61.461699992418289,61.512153089046478,-150.11640000343323,-150.42609532177448,29.299996793270111,83.858206868171692,3.4999999701976776,3.3007138967514038
20,59.744799971580505,59.138333439826965,-152.72729998826981,-151.72423481941223,83.299998193979263,64.51941654086113,3.7999999970197678,3.6086678802967072
1419,61.407700002193451,61.47147399187088,-150.04330000095069,-149.55583557486534,34.209996461868286,59.668123722076416,3.4999999701976776,3.8607254326343536
1477,61.347099989652634,61.729584157466888,-150.02580000087619,-148.99749514460564,40.600001811981201,42.949147522449493,3.199999988079071,3.0548656582832336
1582,61.42739999294281,61.697166860103607,-152.62599992752075,-151.75318193435669,9.4999969005584717,72.542712092399597,3.2999999821186066,3.2411018013954163
381,59.673400044441223,59.19710099697113,-152.29999995231628,-152.14679145812988,69.699998944997787,78.077513724565506,3.0999999940395355,3.0974904298782349
1286,61.221200004220009,61.320311009883881,-149.94700000248849,-150.17590139061213,36.70000284910202,89.685335755348206,3.0999999940395355,3.3691736161708832
610,61.497999995946884,61.6423060297966,-149.90849999897182,-149.68661203980446,37.10000216960907,60.751661658287048,3.3999999761581421,3.8352882117033005
1887,61.367500007152557,61.618316173553467,-147.88479995727539,-147.95188736915588,16.599997878074646,56.360021233558655,3,3.0690780580043793
1037,60.445100009441376,60.813885375857353,-147.34780007600784,-147.60862183570862,5.3000003099441528,68.820063024759293,3.199999988079071,3.5815244615077972
686,60.329999983310699,59.980022430419922,-151.62949991226196,-151.49857252836227,61.099998652935028,97.621763125061989,3.9999999850988388,3.8403155654668808
83,62.32449996471405,62.737305164337158,-148.41560000181198,-149.27194619178772,0,53.661324083805084,3.0999999940395355,3.3711518347263336
461,60.878499999642372,61.171319305896759,-149.84890000149608,-149.98135012574494,30.400000512599945,88.427048176527023,3.5999999642372131,3.8805910795927048
1004,61.277700006961823,62.85813045501709,-150.19990000873804,-149.63565894216299,46.700000762939453,18.457673490047455,3,3.6209219098091125
2079,60.041700005531311,59.576898455619812,-151.09540003538132,-150.86387604475021,64.899999648332596,84.368158131837845,3,3.045394241809845
1727,61.796999990940094,61.816204965114594,-151.46960002183914,-150.9708366394043,10.200001299381256,68.010289222002029,3.4999999701976776,3.7360086143016815
1121,61.408499985933304,61.36182576417923,-150.02979999873787,-150.19574012607336,34.299999475479126,84.478825330734253,4.1999999955296516,3.9975826889276505
867,59.447900056838989,59.091019153594971,-152.57700008153915,-152.28538513183594,69.299999624490738,67.843809723854065,3,3.0301261246204376
1124,61.927999973297119,62.011654615402222,-149.82130000367761,-149.45091247558594,42.000003159046173,50.400473177433014,3.6999999582767487,3.8360441029071808
494,59.52049994468689,59.303436875343323,-152.07539999485016,-151.79926908016205,53.700000047683716,86.445476859807968,3.9999999850988388,4.012258842587471
374,61.899100005626678,62.402937650680542,-150.77320003509521,-150.61170597374439,58.899998664855957,71.811214089393616,3.2999999821186066,3.7086370289325714
270,60.019599974155426,59.558652877807617,-151.52780002355576,-151.24617746472359,65.49999862909317,85.510127246379852,3.4999999701976776,3.6131156086921692
1851,59.860200047492981,59.175499558448792,-151.8396999835968,-151.67008262872696,61.399996280670166,96.112649887800217,3.2999999821186066,3.0005524456501007
741,62.971099972724915,62.917113304138184,-149.5925999879837,-149.13764610886574,78.000001609325409,22.103443741798401,3.5999999642372131,3.9459670633077621
836,61.012400000356138,61.135583356022835,-147.23350006341934,-147.35268133878708,15.600003302097321,58.815792202949524,3.199999988079071,3.3141180574893951
629,59.985299944877625,59.414830446243286,-151.76380008459091,-151.55444204807281,57.499997317790985,101.60627961158752,3.7999999970197678,3.8531162291765213
464,60.051800012588501,59.228868007659912,-152.92189997434616,-152.37597852945328,110.99999956786633,39.679005742073059,3.199999988079071,3.8039616644382477
1915,59.956500053405762,59.113978743553162,-152.95910006761551,-152.09683406352997,107.10000060498714,40.628328919410706,3,3.1971656084060669
514,61.541999995708466,61.68688952922821,-149.87020000442863,-149.88005010411143,37.600003182888031,59.60451066493988,3.3999999761581421,3.7498602569103241
601,61.877699971199036,61.929389655590057,-149.33329997956753,-148.76894241571426,0.20000338554382324,78.271526843309402,3,3.1177453100681305
429,60.953699998557568,60.893240906298161,-150.80759999155998,-150.84104704856873,65.900001674890518,95.613310113549232,3.2999999821186066,3.7029441297054291
2180,60.545100003480911,60.462453782558441,-151.54249995946884,-151.48398077487946,74.599999934434891,71.959752589464188,3.6999999582767487,3.6851151287555695
25,60.929300002753735,61.089644126594067,-147.38209998607635,-147.34445303678513,20.599998533725739,53.195483982563019,3,3.09027099609375
1829,61.514400005340576,61.58306473493576,-148.82340002059937,-148.67501270771027,25.200001895427704,55.739626288414001,3.199999988079071,3.7123993635177612
1499,61.559599995613098,61.459309101104736,-149.58709998428822,-149.65698254853487,28.700001537799835,61.120510101318359,3.0999999940395355,3.3080788850784302
458,62.349300026893616,62.56673002243042,-149.1520000398159,-149.21320590376854,0,50.380349159240723,3.0999999940395355,3.4710090458393097
1378,61.428799986839294,61.404824018478394,-149.99130000011064,-149.97514864895493,51.409997045993805,76.481729745864868,3.8999999910593033,3.7193604111671448
727,62.105800032615662,62.327534675598145,-149.53439998626709,-149.38384629786015,60.500003397464752,53.438514471054077,3.7999999970197678,4.0024001151323318
78,59.715199947357178,59.497794985771179,-150.53400000929832,-150.82834661006927,35.499997437000275,99.747279658913612,3.7999999970197678,3.6901967525482178
366,60.986200000159442,60.753709822893143,-151.00960001349449,-150.77868166565895,20.000003278255463,94.424603506922722,3.199999988079071,3.669393002986908
1833,62.515300035476685,62.748788595199585,-151.27369996905327,-151.00194472074509,99.799999967217445,32.011799514293671,3.8999999910593033,3.7929591983556747
32,62.87279999256134,62.876534581184387,-150.55659998953342,-150.21857495605946,86.899999529123306,45.564785599708557,4.0999999791383743,3.6712768077850342
602,59.515400052070618,59.158353567123413,-152.39599996805191,-152.02349781990051,63.299998641014099,77.072333544492722,3.2999999821186066,3.2678806185722351
839,59.936300039291382,59.583586812019348,-149.63939999789,-150.3540295958519,7.7999979257583618,81.782963126897812,3.199999988079071,3.137275367975235
647,59.858800053596497,60.176191210746765,-147.52870005369186,-148.28205209970474,5.3000003099441528,36.63036972284317,3,3.2434912919998169
1920,62.820999979972839,62.902353286743164,-149.56260001659393,-149.2989766895771,12.400001287460327,23.356758058071136,3,3.1577007472515106
930,61.092799998819828,61.185186430811882,-150.59619998931885,-150.83312568068504,53.900003433227539,91.311417520046234,3.3999999761581421,3.6901298761367798
812,60.589700013399124,60.074101150035858,-151.93900001049042,-151.54527461528778,100.50000064074993,73.709484189748764,3,3.4608390927314758
1862,61.045099999755621,60.875623971223831,-150.21739999204874,-150.08652591705322,49.599997699260712,97.736131399869919,3.3999999761581421,3.7173685133457184
1159,61.392199993133545,61.483988255262375,-149.9947000000393,-150.10172399505973,41.000001132488251,77.340442687273026,3.7999999970197678,3.9593777507543564
305,61.165099993348122,60.717628002166748,-151.95590007305145,-151.4025157392025,85.000000894069672,44.937573373317719,3,3.3955233693122864
209,61.276300013065338,61.162503838539124,-150.31980000436306,-149.87225465476513,45.619003474712372,83.643145859241486,3.2999999821186066,3.4526571035385132
1176,59.412799954414368,59.165145039558411,-151.60989993810654,-151.24849086999893,32.300002872943878,61.784282326698303,3.199999988079071,3.1710907816886902
1273,61.54119998216629,61.549314796924591,-149.64549998939037,-148.31167924404144,198.10000061988831,60.163691639900208,3.199999988079071,3.2382498979568481
2186,62.189800024032593,62.317125082015991,-150.57469998300076,-150.48915173113346,9.7000002861022949,50.860807299613953,4.1999999955296516,3.9492617100477219
891,62.873600006103516,62.903252601623535,-149.57600001990795,-149.44804421067238,77.100001275539398,47.421231865882874,3.9999999850988388,3.9427840411663055
543,60.926399998366833,60.818796664476395,-151.36829996109009,-151.50908499956131,84.49999988079071,85.421361029148102,3.199999988079071,3.5617961883544922
1694,60.437900006771088,60.800087749958038,-147.39389991760254,-147.48000758886337,5.5999979376792908,51.272712647914886,3.0999999940395355,3.1787477731704712
1466,61.403400003910065,60.789073199033737,-150.07149999774992,-149.78433056920767,46.700000762939453,76.709210872650146,3,3.0135540068149567
2200,60.078599989414215,59.37214207649231,-152.57109993696213,-151.12037488818169,104.59999926388264,68.031080067157745,3.3999999761581421,3.2793699502944946
483,60.623600006103516,60.388968527317047,-151.8040999174118,-151.68453669548035,73.100000619888306,68.515699356794357,3.9999999850988388,3.9616147577762604
1117,61.272799998521805,61.352068424224854,-149.93040000088513,-150.14670111984015,45.599997043609619,84.692586213350296,3.6999999582767487,3.9032486826181412
2177,60.776999995112419,60.441773176193237,-151.39500001072884,-151.32520258426666,65.49999862909317,81.996861845254898,3,3.0690129697322845
1234,61.505200028419495,61.49597430229187,-149.96459999866784,-150.34749580174685,52.000001072883606,74.858210980892181,4.0999999791383743,3.9085274040699005
998,61.455199986696243,61.541744709014893,-149.98650000058115,-150.52272292971611,38.000002503395081,82.069896161556244,3,3.2611263692378998
1545,59.875900030136108,59.538369536399841,-152.47919994592667,-152.02260804176331,80.299999564886093,82.965467125177383,3.4999999701976776,3.8994767367839813
411,60.741200000047684,60.352717399597168,-150.92640003561974,-150.94517147541046,58.499999344348907,85.103489458560944,3.199999988079071,3.4926259517669678
548,62.747099995613098,62.784528732299805,-148.70490002632141,-149.20410498976707,61.599999666213989,60.516238212585449,5.2000000029802322,5.2770967483520508
544,59.001799941062927,59.072698473930359,-151.2247000336647,-151.32725867629051,47.100000083446503,71.085091680288315,3.3999999761581421,3.3707565665245056
840,61.151099994778633,60.988939740695059,-150.10180000215769,-149.67799515277147,3.600001335144043,86.513590067625046,3.0999999940395355,3.6363453269004822
1231,61.401600003242493,61.487808644771576,-150.08750000037253,-150.32691163569689,19.599996507167816,80.272819846868515,3.3999999761581421,3.4498985409736633
1926,62.471300005912781,62.767010807991028,-149.58310000598431,-149.35787250101566,56.299999356269836,36.778077483177185,3.8999999910593033,4.1182812005281448
1556,61.241799995303154,61.278699368238449,-147.02940005064011,-147.34831184148788,4.5000016689300537,49.03528094291687,3.199999988079071,3.0743104219436646
792,60.931699998676777,60.724803805351257,-151.35570001602173,-151.41459104418755,68.599998950958252,88.758893311023712,3.2999999821186066,3.5817583501338959
447,62.418900012969971,62.652938723564148,-149.53229999542236,-149.35349303483963,44.200003147125244,49.138724803924561,3.5999999642372131,3.6889413893222809
1194,61.482499986886978,61.541357159614563,-150.01190000027418,-150.41005383431911,19.599996507167816,86.53566986322403,3.199999988079071,3.4711505770683289
1992,62.972000002861023,62.903292775154114,-149.41380000114441,-149.05579161643982,76.400000602006912,18.276751041412354,3.199999988079071,3.5960080325603485
1358,61.479999989271164,61.727768301963806,-149.74540000408888,-149.96535428334028,44.79999840259552,57.294473052024841,3.199999988079071,3.3772499263286591
1543,59.545400023460388,61.128188133239746,-148.84929996728897,-149.46862068772316,32.600000500679016,99.127987399697304,3.199999988079071,3.0025598108768463
816,61.458799988031387,61.549046397209167,-149.93640000186861,-149.57315178215504,31.700000166893005,62.389396131038666,3.9999999850988388,4.0052428096532822
45,60.894599996507168,62.618619441986084,-151.32879996299744,-151.33002206683159,119.89999981597066,141.91768877208233,3,3.015472948551178
1827,59.868499994277954,59.069108128547668,-152.9060999751091,-151.85115373134613,105.1000002771616,45.080408453941345,3.0999999940395355,3.1894896626472473
588,62.935999989509583,62.862325191497803,-147.2435000538826,-147.17249429225922,35.700000822544098,38.03706169128418,3.5999999642372131,3.4002535343170166
294,62.433300018310547,62.766293525695801,-150.57080000638962,-150.07251280546188,63.700001686811447,36.573544144630432,3.7999999970197678,3.740549772977829
767,62.165799975395203,62.766345977783203,-152.08969992399216,-151.09966233372688,102.90000028908253,26.770941913127899,3.2999999821186066,3.2025834023952484
1846,61.471399992704391,61.622503519058228,-149.95299999788404,-150.29456352442503,39.800003170967102,70.789497345685959,3,3.3119359016418457
1754,62.181699991226196,59.801753044128418,-151.66910004615784,-148.28913044929504,86.500000208616257,74.565175920724869,3,3.0117566585540771
925,61.493099987506866,61.666116714477539,-149.94239999726415,-150.06628836505115,51.899999380111694,79.810485243797302,3.2999999821186066,3.8654681146144867
1708,60.930500000715256,60.774522751569748,-151.76499992609024,-151.47452035546303,83.900000900030136,71.724347770214081,3.5999999642372131,4.1786424145102501
436,59.869400024414062,59.241305351257324,-151.60430002212524,-151.13603389263153,52.299998700618744,75.521301478147507,3.199999988079071,3.6895905733108521
571,61.36939999461174,61.29825633764267,-150.0152000002563,-149.47904911637306,43.899998068809509,72.419822216033936,3.199999988079071,3.4541577994823456
393,59.603299975395203,59.142120599746704,-152.78269994258881,-152.52887606620789,86.59999817609787,68.372830748558044,3.0999999940395355,3.0089322030544281
1459,61.486000001430511,62.181982636451721,-149.91209999844432,-149.54159085452557,54.700002074241638,39.414837956428528,3,3.2246163189411163
534,59.885900020599365,59.350033283233643,-152.30930006504059,-151.52454221248627,84.300000220537186,96.228428184986115,4.0999999791383743,3.9144026041030884
30,59.89110004901886,59.05520498752594,-152.90279996395111,-152.09403133392334,111.70000024139881,39.609089493751526,3,3.0287642776966095
2094,61.41100001335144,61.456450670957565,-149.84199999645352,-150.05461107194424,27.999997138977051,81.100258976221085,3.0999999940395355,3.1460149884223938
1340,61.470800012350082,61.487899124622345,-149.98320000059903,-150.32893723994493,40.10000079870224,76.097767800092697,3.199999988079071,3.3697670996189117
1047,61.513700008392334,61.585896730422974,-149.92090000212193,-150.14057482033968,41.100002825260162,70.66190242767334,3,3.4591593146324158
2204,60.14410001039505,59.196878671646118,-152.76559996604919,-152.29423427581787,108.20000059902668,44.427290558815002,3.2999999821186066,3.0299922823905945
1865,61.831499993801117,61.833533883094788,-151.73699998855591,-151.02803054451942,108.59999991953373,68.730324506759644,3.6999999582767487,3.7208424210548401
861,62.128900051116943,62.515357971191406,-150.27169999480247,-149.81737989932299,17.30000227689743,49.877248704433441,3.0999999940395355,3.5284518599510193
1898,59.988700032234192,59.378774642944336,-151.64800000190735,-151.10993340611458,55.699996650218964,85.585922002792358,3.3999999761581421,3.6870487332344055
344,62.129299998283386,62.51524019241333,-150.36519999057055,-150.11953397467732,53.599998354911804,45.04866898059845,3.6999999582767487,3.9643301367759705
556,59.758599996566772,59.1839919090271,-152.62339997291565,-152.46714448928833,81.999998539686203,62.295772135257721,3.0999999940395355,3.2616756856441498
2151,60.104200005531311,59.271244525909424,-152.85259991884232,-152.44282865524292,112.39999998360872,41.884705424308777,3.4999999701976776,3.3179827630519867
1960,59.424200057983398,59.07633113861084,-152.58509999513626,-151.93979626893997,77.799998223781586,70.88182121515274,3,3.0275752544403076
2174,62.905900001525879,62.973617911338806,-151.12540000677109,-151.58764761686325,123.4000000404194,8.8776648044586182,3,3.1711544394493103
352,62.532799959182739,62.800321102142334,-151.07309997081757,-150.56048275530338,83.500001579523087,55.290833115577698,3.2999999821186066,3.6196589469909668
91,59.971199989318848,59.341117262840271,-152.97339999675751,-152.52822303771973,126.30000000353903,35.630226135253906,3.3999999761581421,3.2505808174610138
845,60.146899998188019,59.48718798160553,-150.71890000998974,-150.76681405305862,59.900000691413879,77.902242541313171,3.0999999940395355,3.2831339836120605
1687,60.595099985599518,60.269838273525238,-150.64230000972748,-150.54383531212807,56.400001049041748,88.252071291208267,3,3.2383520007133484
932,62.718700051307678,62.80009925365448,-148.63079997897148,-148.26515489816666,63.599999994039536,37.699028849601746,3.7999999970197678,3.7190916538238525
808,62.391499996185303,62.331792950630188,-148.33919996023178,-147.56611633300781,29.200002551078796,55.209919810295105,3.199999988079071,3.3696239590644836
261,62.747900009155273,62.836991429328918,-148.99070003628731,-149.06384915113449,67.800000309944153,36.982342600822449,3.5999999642372131,3.5788089036941528
2189,62.914399981498718,62.980893015861511,-151.21080002188683,-151.78214710950851,107.89999924600124,23.617923259735107,3.0999999940395355,3.0704340040683746
582,62.080299973487854,62.637519598007202,-151.26340001821518,-150.67879106104374,75.300000607967377,47.43494838476181,3,3.2104552388191223
590,60.028699994087219,59.481038808822632,-151.60260003805161,-151.32078722119331,56.800000369548798,85.147812962532043,3,3.169818252325058
567,61.845099985599518,61.678957283496857,-148.37690001726151,-148.99288487434387,78.299999237060547,75.977597385644913,3,3.0558941066265106
765,62.971400022506714,62.886435389518738,-148.85100004076958,-148.797926902771,9.0999975800514221,37.75160014629364,3.199999988079071,3.4251020550727844
888,61.185699999332428,61.257923305034637,-149.18280002474785,-149.07726815342903,35.899996757507324,73.720376938581467,3.7999999970197678,3.7939428985118866
2156,59.352100014686584,59.065046429634094,-152.7775000333786,-152.19370687007904,72.200000286102295,65.161976963281631,3.199999988079071,3.0043299794197083
2183,62.842200040817261,62.936288475990295,-148.2807000875473,-147.89131665229797,73.800001293420792,49.836330115795135,4.0999999791383743,3.6691993474960327
1423,61.371300011873245,61.431557804346085,-149.710399992764,-149.38965556025505,35.199999809265137,68.185806274414062,4.3999999947845936,3.8838092386722565
300,61.364100009202957,61.246105581521988,-151.69879996776581,-151.48379302024841,87.699998170137405,56.760326027870178,3,3.4993375539779663
605,61.767199993133545,61.760808527469635,-151.66509997844696,-151.69082486629486,91.600000858306885,75.863659381866455,3.0999999940395355,3.3438034057617188
999,61.71969997882843,62.117446660995483,-150.89039996266365,-150.66960047185421,63.099998980760574,79.70505952835083,5.2000000029802322,5.1689862459897995
1647,60.842099994421005,60.690757095813751,-151.61630004644394,-151.64123636484146,73.399998247623444,72.584465146064758,3.2999999821186066,3.8861231803894043
315,62.335800051689148,62.569226384162903,-149.59839999675751,-149.57520711421967,44.299997389316559,43.055117130279541,3.7999999970197678,4.1725689992308617
1622,59.178400039672852,59.027462482452393,-152.91100001335144,-151.73046255111694,72.900000959634781,59.022657573223114,3.199999988079071,3.2248828411102295
453,61.00760000012815,61.229565247893333,-149.04910004138947,-148.9517428278923,12.299999594688416,87.00215071439743,3.5999999642372131,3.8959130644798279
175,61.478899985551834,61.47640860080719,-147.47569996118546,-147.56326943635941,1.5999972820281982,31.510531902313232,3.0999999940395355,3.1472293138504028
1676,59.177199959754944,59.137553811073303,-149.2703999876976,-150.24775553494692,24.999998509883881,59.094227850437164,3.2999999821186066,3.2709328830242157
1033,60.856800004839897,60.519446760416031,-148.54119998216629,-150.43290236592293,67.200001329183578,101.25423036515713,3.0999999940395355,3.6488493382930756
1912,61.658100008964539,61.776683747768402,-147.73400008678436,-147.87082922458649,18.299996852874756,78.595768660306931,3.3999999761581421,3.019167959690094
123,60.255900025367737,59.592266798019409,-152.60549998283386,-151.57473224401474,106.3000001013279,71.618366986513138,3,3.2550432980060577
637,62.60450005531311,62.701960563659668,-151.46199998259544,-150.83399704098701,2.0999982953071594,39.934031665325165,3,3.441749095916748
394,61.652300000190735,61.680597364902496,-149.84770000353456,-149.18516457080841,38.300000131130219,52.758552134037018,3.2999999821186066,3.7524218559265137
1725,61.731800019741058,61.860562980175018,-148.18169993162155,-148.23159170150757,13.999998569488525,63.102874904870987,3.199999988079071,3.1411261260509491
1574,61.228300005197525,61.155198752880096,-147.00879997014999,-147.42776441574097,0.6999969482421875,47.89309948682785,3.7999999970197678,3.3856020569801331
39,60.344200015068054,60.013809025287628,-151.30439999699593,-151.07210710644722,33.699996769428253,95.706140622496605,3.199999988079071,3.2205211222171783
462,59.866500020027161,59.169008493423462,-152.20330005884171,-151.62772518396378,68.900000303983688,79.727798700332642,3.199999988079071,3.3888716697692871
630,61.884700000286102,62.56958270072937,-151.05050003528595,-150.59065465629101,80.099999904632568,55.743500590324402,3.199999988079071,3.784724548459053
693,61.705200016498566,61.816455900669098,-149.78309999406338,-149.29210352897644,28.899997472763062,54.969370365142822,3.0999999940395355,3.1376512348651886
331,59.61710000038147,59.118902683258057,-152.60009998083115,-152.36661726236343,84.300000220537186,65.986093133687973,3,3.0674453973770142
194,61.439399987459183,62.62983226776123,-151.89030003547668,-151.96716821193695,66.300000995397568,65.386258065700531,3.0999999940395355,3.8497555553913116
2098,60.635600000619888,61.155141204595566,-147.40919995307922,-147.3473601937294,11.299997568130493,56.040845811367035,3.2999999821186066,3.3628401160240173
322,61.305099993944168,61.346154153347015,-150.44859999418259,-150.50169906020164,41.599996387958527,93.353588134050369,3,3.1342499256134033
266,59.872900009155273,59.366564750671387,-151.06360003352165,-150.91242769360542,46.700000762939453,70.858385413885117,3,3.6335409879684448
1975,62.884999990463257,62.910760641098022,-148.89120000600815,-148.53457760810852,70.599999278783798,34.02293473482132,3.199999988079071,3.5962436199188232
1936,61.758099973201752,61.661275863647461,-152.42170000076294,-150.34412902593613,140.90000092983246,32.5346440076828,3.4999999701976776,3.3540922701358795
579,62.28849995136261,62.628801107406616,-150.87490001320839,-150.52479480206966,60.999996960163116,49.522057175636292,3.5999999642372131,3.9156786650419235
1173,61.446999996900558,61.553800165653229,-150.12640000507236,-150.44578586518764,18.899999558925629,76.899755746126175,3.199999988079071,3.3160149157047272
1422,61.477899998426437,61.611719071865082,-150.05450000055134,-150.05762459523976,30.000001192092896,68.520780652761459,3.4999999701976776,3.7753831297159195
1746,59.003700017929077,59.052738666534424,-152.40929996967316,-151.77056336402893,59.699997305870056,69.195069372653961,3,3.1649810671806335
1683,60.759700000286102,60.552381485700607,-152.16470003128052,-151.57602310180664,94.499999657273293,70.315506309270859,3.0999999940395355,3.7194034159183502
1314,61.421499997377396,61.448039203882217,-149.98730000015348,-149.99963481724262,31.599998474121094,76.902199536561966,3.4999999701976776,3.8085335791110992
756,62.365900039672852,62.724098205566406,-151.49859997630119,-150.87113955616951,96.599999815225601,32.726317644119263,3.199999988079071,3.5748241245746613
1138,61.470800012350082,61.403127610683441,-149.89910000190139,-149.63359563052654,49.800001084804535,65.320581197738647,4.3999999947845936,4.6257483288645744
650,62.07669997215271,62.6130291223526,-151.73659998178482,-151.07511368393898,102.09999978542328,33.172965049743652,3.0999999940395355,3.215341329574585
2128,62.858000040054321,62.945636987686157,-150.78960004448891,-150.00013352930546,105.20000010728836,22.576875984668732,3.8999999910593033,4.4366420991718769
719,60.012000024318695,59.343010425567627,-152.7127999663353,-151.41487777233124,94.79999914765358,61.567157506942749,3.5999999642372131,3.8314733952283859
572,61.653400003910065,61.865132689476013,-150.9757000207901,-150.96455267071724,51.200002431869507,63.702434301376343,3.0999999940395355,3.8438690453767776
1821,59.429399967193604,59.046098709106445,-152.77870005369186,-151.53892332315445,90.1000015437603,47.983460128307343,3.0999999940395355,3.0812539458274841
1878,59.70990002155304,59.167363405227661,-152.04799997806549,-151.2476814687252,81.999998539686203,87.100058794021606,3.4999999701976776,3.5263148546218872
2160,62.983700037002563,62.986311197280884,-151.22240003943443,-151.34905502200127,130.40000014007092,6.1374306678771973,3.0999999940395355,3.1189113557338715
1452,61.38629999756813,61.46132555603981,-150.03729999996722,-148.91768744587898,43.399997055530548,53.95016074180603,3.5999999642372131,3.9470856785774231
965,60.110400021076202,59.952459812164307,-148.30759996175766,-148.98656916618347,18.899999558925629,67.979313433170319,3,3.3106601536273956
1812,62.337800025939941,62.620343923568726,-149.80380000919104,-150.28150071948767,48.299998044967651,45.811578631401062,3,3.1750945150852203
1182,61.350899994373322,61.59847766160965,-150.08890000171959,-150.70403037965298,24.199999868869781,87.289895862340927,3.0999999940395355,3.284178614616394
1824,60.437699973583221,60.170308232307434,-150.88260000944138,-151.05067205429077,66.300000995397568,95.172988250851631,3.2999999821186066,3.5732417106628418
2115,61.74099999666214,62.655676484107971,-152.12879991531372,-150.76497307419777,118.6000001616776,49.090325832366943,3.0999999940395355,3.0052469372749329
649,60.913800001144409,60.804275199770927,-149.49269999563694,-149.74925778061152,37.399999797344208,96.842661499977112,3.8999999910593033,3.9499502331018448
1289,61.388200014829636,61.514225482940674,-149.94660000130534,-150.14944890886545,33.399999141693115,75.385607779026031,3.4999999701976776,3.7815696448087692
1044,60.08899998664856,59.179193615913391,-152.9708000421524,-151.96832478046417,106.00000061094761,41.015535593032837,3.199999988079071,3.2141131460666656
365,62.954300045967102,62.910696864128113,-149.64640000462532,-149.31614577770233,75.800001621246338,34.481734037399292,3.7999999970197678,3.8637406826019287
1266,61.511099994182587,61.514748334884644,-149.92689999751747,-150.32439038157463,32.399997115135193,83.392560482025146,3.2999999821186066,3.3317593932151794
1317,61.3716000020504,61.284199148416519,-149.98400000017136,-149.36643719673157,29.299996793270111,54.216362535953522,3,3.201549232006073
1249,61.468600004911423,61.596188008785248,-149.90240000188351,-149.96829724498093,35.80000251531601,67.274253815412521,3.0999999940395355,3.5495694279670715
1922,61.108499996364117,60.439359068870544,-151.52679991722107,-150.90192523598671,81.50000125169754,77.77027040719986,3.4999999701976776,3.9395636469125748
583,59.653800010681152,59.183125734329224,-152.69449996948242,-152.38805973529816,98.30000065267086,58.324068784713745,3.0999999940395355,3.0472645461559296
742,60.549199998378754,60.667799711227417,-149.67410000413656,-149.87610898911953,36.70000284910202,100.23682005703449,3.4999999701976776,3.8985624611377716
2138,61.298000007867813,61.440240830183029,-147.98199999332428,-148.1203955411911,18.500000238418579,56.481599807739258,3.2999999821186066,3.2667428255081177
856,61.456499993801117,61.395685285329819,-149.91070000268519,-148.64573675394058,35.80000251531601,59.328928589820862,3.0999999940395355,3.7260857820510864
906,61.687600016593933,62.014107465744019,-150.34520000964403,-150.71614050865173,42.199999094009399,82.810986787080765,3.2999999821186066,3.4895585775375366
1614,59.807700037956238,59.196356177330017,-152.88440001010895,-151.7567617893219,102.39999927580357,55.989384651184082,3.4999999701976776,3.9868673980236053
819,59.812199950218201,59.223854303359985,-152.21219998598099,-151.82240277528763,70.099998265504837,91.70328825712204,3.3999999761581421,3.6965170204639435
1299,61.472099989652634,61.593835771083832,-150.04990000091493,-150.19606324285269,34.599997103214264,71.738302707672119,3.0999999940395355,3.4176485538482666
1091,61.271899998188019,61.161886423826218,-151.17949998378754,-151.0577620267868,65.600000321865082,69.771565496921539,3,3.5534953773021698
318,61.051699999719858,61.150942131876945,-151.14419996738434,-150.79787063598633,16.099996864795685,88.323909789323807,4.6000000052154064,4.1451959609985352
679,62.707599997520447,62.875424981117249,-149.78279998898506,-149.43179230391979,49.800001084804535,60.782767832279205,3.0999999940395355,3.3241719603538513
2032,60.105599999427795,59.484999775886536,-151.74070000648499,-151.29757967591286,63.999999314546585,100.39433278143406,4.1999999955296516,3.9173520058393478
780,61.551699995994568,61.899272501468658,-149.92710000090301,-149.83631751313806,44.500000774860382,60.503311455249786,3,3.5316351056098938
1893,59.60860002040863,59.078129172325134,-152.56720000505447,-151.65142929553986,69.699998944997787,91.000594198703766,3.4999999701976776,3.705966979265213
1190,61.420500010251999,61.413306176662445,-151.66200006008148,-151.63688457012177,84.699999541044235,74.896693229675293,3.9999999850988388,4.28273905813694
343,60.022800028324127,59.20411741733551,-152.95189994573593,-152.55258250236511,107.00000077486038,36.808013916015625,3,3.220126748085022
398,61.350400000810623,61.412662506103516,-150.16780000180006,-149.63661941885948,42.900003492832184,68.614020943641663,4.9000000208616257,5.0932785272598267
584,61.692099988460541,61.576018333435059,-150.71529999375343,-150.67409285902977,2.8999969363212585,81.87880739569664,3.3999999761581421,3.6372726559638977
1710,62.577499985694885,62.600944876670837,-150.64899998903275,-149.96765698771924,13.199999928474426,42.986117303371429,3,3.1812998056411743
1866,61.197799995541573,61.042162377387285,-149.61230000853539,-149.41512612998486,36.399997770786285,86.845319718122482,3.199999988079071,3.5642890334129333
292,60.033699989318848,59.305086255073547,-152.62190008163452,-152.3116021156311,101.39999911189079,65.479215234518051,3.3999999761581421,4.0107821524143219
865,62.11489999294281,62.730752944946289,-152.57529991865158,-151.84987449645996,0.79999864101409912,71.979012340307236,3.0999999940395355,3.1706315875053406
1106,61.718500018119812,61.795159339904785,-149.94790000095963,-149.36706282198429,37.299998104572296,52.126742899417877,3.0999999940395355,3.7283540368080139
1165,61.280200004577637,61.36204594373703,-150.10009999573231,-150.23693049699068,32.899998128414154,85.388705134391785,3.2999999821186066,3.5358894467353821
141,62.226400017738342,62.108768582344055,-148.19770002365112,-147.81521201133728,32.200001180171967,76.208539307117462,4.1999999955296516,4.0069625526666641
1974,59.127099990844727,59.071181774139404,-152.26709997653961,-151.40308114886284,60.699999332427979,85.639931261539459,3.5999999642372131,3.4926170110702515
2,61.275799989700317,59.761528015136719,-152.27089995145798,-152.20429748296738,9.9999979138374329,31.331732869148254,3,3.3511050045490265
576,61.556500017642975,61.730216383934021,-150.77369999885559,-150.89655330777168,59.399999678134918,65.631471574306488,3.0999999940395355,3.5904720425605774
1776,61.352400004863739,61.480701446533203,-150.71370001137257,-150.90617582201958,63.000001013278961,94.148162752389908,3.2999999821186066,3.4258679151535034
339,60.321699976921082,59.698821544647217,-151.4602999985218,-151.2107420861721,53.599998354911804,89.868120849132538,3.5999999642372131,3.8194113224744797
889,59.920500040054321,59.457667708396912,-148.26710003614426,-150.68491396307945,26.100002229213715,48.943683505058289,3,3.0864543914794922
265,60.46780002117157,59.966527700424194,-150.83930003643036,-150.59082524478436,58.20000171661377,75.352892279624939,3.8999999910593033,4.0711493343114853
376,60.004800021648407,60.178707480430603,-147.40589994192123,-147.2762194275856,10.099999606609344,67.093785852193832,3,3.0639555752277374
963,62.922199964523315,62.862355709075928,-150.51199999451637,-150.52510768175125,86.59999817609787,36.858990788459778,3.9999999850988388,3.9657664597034454
439,60.455699980258942,59.63379430770874,-152.76399993896484,-151.62748610973358,13.099998235702515,79.071257263422012,4.0999999791383743,4.1408171430230141
271,61.987500011920929,62.316694021224976,-149.80610000342131,-149.37956571578979,35.40000319480896,48.532038927078247,3.0999999940395355,3.7440367341041565
244,60.331700026988983,59.873023748397827,-152.59649991989136,-151.77902948856354,115.69999996572733,81.735678017139435,3.199999988079071,3.3884035348892212
1475,61.478100001811981,61.214188411831856,-150.00020000000222,-149.72321802377701,39.70000147819519,24.78790283203125,3.199999988079071,3.1736998558044434
1533,61.31580001115799,61.352849274873734,-147.39690005779266,-147.52957534790039,18.10000091791153,59.985361993312836,3.6999999582767487,3.7287565469741821
2074,59.936400055885315,59.430672883987427,-152.39130002260208,-151.79326951503754,81.599999219179153,81.787385046482086,3.3999999761581421,3.0361366868019104
916,59.28849995136261,59.061113953590393,-152.42879998683929,-151.78897619247437,62.10000067949295,89.013956487178802,3.4999999701976776,3.3490748405456543
607,59.840399980545044,59.163421750068665,-151.97510004043579,-151.32745867967606,76.200000941753387,71.380909532308578,3.199999988079071,3.248323917388916
415,61.817799985408783,62.238038539886475,-151.10060003399849,-150.52308417856693,68.300001323223114,63.356570899486542,4.3999999947845936,4.374859381467104
273,60.491299986839294,59.978566765785217,-151.86750000715256,-151.29991963505745,77.899999916553497,78.479431569576263,3.4999999701976776,3.7765362113714218
1087,59.953299999237061,59.747135162353516,-149.15740004181862,-149.88081989809871,0.6000027060508728,82.058195024728775,3,3.0517866611480713
250,61.224800005555153,60.813720315694809,-151.31029996275902,-151.08092164993286,69.699998944997787,72.929125279188156,3,3.6674357056617737
413,61.643400013446808,62.067731142044067,-151.95970004796982,-151.27663135528564,113.30000031739473,36.5477055311203,3.0999999940395355,3.0275797247886658
2201,61.052999999374151,61.017376156523824,-151.07699999213219,-151.0767862200737,64.800001680850983,95.91631218791008,3,3.082373321056366
1554,62.942199945449829,62.874534368515015,-148.78529995679855,-148.75620263814926,65.400000661611557,28.348922729492188,3.4999999701976776,3.9603254646062851
310,62.015300035476685,61.931375563144684,-148.26759999990463,-147.83309805393219,26.799999177455902,78.970413655042648,3.199999988079071,3.609648585319519
788,59.991299986839294,60.036816716194153,-147.19200003147125,-147.20468956232071,1.1999979615211487,66.229578107595444,3.199999988079071,3.3232329189777374
772,61.450899988412857,61.420853972434998,-147.12170004844666,-147.37282919883728,14.899998903274536,56.289643049240112,3.4999999701976776,3.7887554168701172
425,61.168099999427795,59.153944373130798,-151.96619993448257,-152.60041058063507,136.40000019222498,22.338315844535828,3.9999999850988388,3.5425541996955872
2140,61.864000022411346,62.615446329116821,-151.8659999370575,-150.9912371635437,114.69999980181456,25.8898064494133,3.3999999761581421,3.0611164569854736
1357,61.365099996328354,61.429403930902481,-150.00839999970049,-150.08388500288129,27.300000190734863,82.480005919933319,3.5999999642372131,3.8826946467161179
1935,60.89130000025034,60.755797326564789,-150.01710000028834,-149.86745642870665,49.400001764297485,98.710836842656136,4.0999999791383743,4.0043687224388123
1610,60.80120000243187,59.921196699142456,-149.60510002076626,-150.91007602214813,100.19999928772449,91.407507658004761,3.6999999582767487,3.4417848587036133
974,61.553900003433228,61.607439637184143,-149.91630000248551,-149.97301877662539,46.199999749660492,77.517159283161163,3.8999999910593033,3.910344734787941
1225,61.405600011348724,61.534048974514008,-150.0903999991715,-150.38837157189846,20.099997520446777,81.531327217817307,3.2999999821186066,3.2750433683395386
964,59.880200028419495,59.763736486434937,-148.86790001392365,-149.36447601020336,11.600002646446228,84.75995808839798,3.2999999821186066,3.4843204021453857
526,59.799399971961975,59.258592009544373,-152.18099999427795,-151.97503960132599,59.900000691413879,81.07898011803627,3,3.0494621694087982
2010,60.06029999256134,59.133172273635864,-152.98530006408691,-152.24062603712082,123.49999998696148,33.934667706489563,3.199999988079071,3.0961618423461914
900,59.935400009155273,59.22090744972229,-152.92119991779327,-151.74802207946777,83.900000900030136,74.407275766134262,4.2999999895691872,3.972025528550148
182,60.328400015830994,60.1780104637146,-150.32750000059605,-150.30875008553267,55.100001394748688,103.83898578584194,3.199999988079071,3.1594060063362122
170,62.956099987030029,62.844415307044983,-147.93360006809235,-147.21108537912369,64.300000667572021,22.312477231025696,3,3.1893643140792847
1655,60.286899983882904,59.707251787185669,-152.32489997148514,-151.18257594108582,88.700000196695328,88.587641716003418,3.7999999970197678,3.4262477159500122
810,59.836199998855591,59.287532567977905,-152.86369997262955,-152.59963184595108,103.80000062286854,60.590170323848724,3.5999999642372131,3.8841651231050491
187,60.996199999935925,60.473594069480896,-152.41870003938675,-151.35391348600388,117.39999987185001,34.721493721008301,3.4999999701976776,4.1558543667197227
619,59.701900005340576,59.207575559616089,-152.0741999745369,-151.49414080381393,61.800003051757812,79.584676772356033,3.8999999910593033,3.706104040145874
1965,62.380399942398071,62.448674917221069,-148.31849992275238,-148.47406768798828,41.900001466274261,40.791131556034088,3.199999988079071,3.123863160610199
158,59.052199959754944,59.076435208320618,-152.49949997663498,-152.18132364749908,61.700001358985901,63.929755240678787,3,3.0041740536689758
886,61.531000018119812,62.058547139167786,-151.95970004796982,-151.54960763454437,108.20000059902668,28.007164597511292,3.3999999761581421,3.7538672983646393
272,59.78410005569458,59.257272481918335,-152.17750006914139,-151.70832931995392,63.79999965429306,87.985347956418991,3,3.104810357093811
614,59.023000001907349,59.031182169914246,-152.90789991617203,-152.34532052278519,70.199999958276749,53.929656744003296,3.2999999821186066,3.0980099737644196
1842,60.31029999256134,60.028045117855072,-151.27409997582436,-151.00019252300262,63.700001686811447,89.831415563821793,3.199999988079071,3.6074727773666382
1061,60.495000004768372,60.132065117359161,-151.46199998259544,-151.29243117570877,72.099998593330383,83.802927285432816,3,3.2001706659793854
2173,59.221300005912781,59.117423892021179,-151.52230006456375,-151.24101921916008,45.500002801418304,60.205996036529541,3.0999999940395355,3.040624737739563
371,60.253899991512299,59.553158044815063,-152.50110000371933,-151.73280876874924,87.699998170137405,80.922167748212814,3.9999999850988388,4.2695184499025345
222,60.952500000596046,60.74641427397728,-150.6618999838829,-150.18585856631398,44.900000095367432,95.621570944786072,3.9999999850988388,4.2798297107219696
593,60.499300003051758,60.82145868241787,-148.12070006132126,-148.05335855484009,1.5999972820281982,106.18362575769424,3,3.083794891834259
1848,59.085999965667725,59.036951422691345,-152.6068999171257,-151.71209442615509,61.999998986721039,83.615571260452271,3.4999999701976776,3.5347261726856232
1057,60.246100008487701,59.645007848739624,-152.51539993286133,-151.74117922782898,99.400000646710396,94.758247956633568,4.1999999955296516,4.1658546254038811
1921,60.149200022220612,59.133974313735962,-152.98790001869202,-152.01142054796219,129.80000022798777,30.17038106918335,3.2999999821186066,3.2799378633499146
136,60.351100027561188,60.142921268939972,-150.37479999661446,-150.53593973815441,43.999999761581421,81.115871667861938,3.2999999821186066,3.3714757561683655
518,61.745100021362305,61.850661754608154,-148.15850007534027,-148.00501388311386,20.099997520446777,66.320266574621201,3,3.1454885601997375
2009,59.557899951934814,59.214162468910217,-152.8561999797821,-152.88272130489349,92.199999839067459,57.727731764316559,3.2999999821186066,3.0864028036594391
334,60.987599999643862,60.730172842741013,-150.82929995656013,-150.5159525424242,55.500000715255737,93.164406716823578,4.8000000044703484,4.5884016640484333
2181,62.695000052452087,62.925505995750427,-148.85799998044968,-148.53032130002975,56.800000369548798,36.818951368331909,3.3999999761581421,3.1689730882644653
1382,61.486200004816055,61.656287431716919,-149.9311999976635,-149.88537487015128,40.799997746944427,66.297389566898346,3.4999999701976776,3.6680502891540527
1251,61.318500012159348,61.433728486299515,-150.03359999880195,-150.1653704456985,36.499999463558197,79.992532730102539,3.7999999970197678,3.910031720995903
838,59.610399961471558,59.593368172645569,-149.71650000661612,-150.23144410550594,56.999996304512024,85.726138204336166,3.199999988079071,3.0672592520713806
710,60.096400022506714,59.550541043281555,-152.58569991588593,-151.93951427936554,91.200001537799835,78.080881386995316,3.2999999821186066,3.5384861826896667
15,62.974900007247925,62.959011435508728,-150.84149998426437,-151.4954489171505,110.39999965578318,15.453070402145386,3.2999999821186066,3.8388303816318512
1651,60.246599972248077,59.541872978210449,-152.67280000448227,-151.81878232955933,103.29999960958958,70.763349533081055,4.1999999955296516,4.3896702490746975
1107,60.725800007581711,61.434841960668564,-148.64550000429153,-149.45347394049168,247.19999730587006,23.516535758972168,3.3999999761581421,3.1341842114925385
1830,60.387199997901917,60.031362414360046,-151.71520006656647,-151.31173825263977,71.499999612569809,87.972883135080338,3.0999999940395355,3.0187059044837952
2006,61.209800004959106,61.155495941638947,-151.49729999899864,-151.48087531328201,74.09999892115593,85.499860346317291,3.0999999940395355,3.5602514147758484
570,62.967399954795837,62.873993158340454,-150.31099998950958,-150.41411979496479,84.89999920129776,39.704546332359314,3,3.4957664608955383
654,62.965700030326843,62.933485746383667,-150.37880001962185,-150.36651036143303,86.500000208616257,21.919429302215576,3.199999988079071,3.7751253694295883
1105,61.39300000667572,61.34860035777092,-150.03010000102222,-149.91368629038334,38.500003516674042,77.895034104585648,3,3.4039726853370667
1645,60.254899978637695,59.787857532501221,-150.99199998378754,-150.82551491260529,60.699999332427979,87.431099265813828,3,3.1603192090988159
465,59.848600029945374,59.037861824035645,-152.92380005121231,-152.27042090892792,114.90000039339066,38.084894418716431,3.3999999761581421,3.1627432107925415
1054,61.520699977874756,61.520000219345093,-149.91479999944568,-150.08275568112731,43.200001120567322,74.157372117042542,3.2999999821186066,3.687046229839325
199,62.099599957466125,61.974687159061432,-147.55769991874695,-147.31762629747391,22.299997508525848,46.955287456512451,3,3.1050045490264893
1041,59.22599995136261,59.114417195320129,-152.09110003709793,-151.65778577327728,52.000001072883606,98.876295611262321,4.6000000052154064,3.8348867297172546
1426,61.444700002670288,61.536327660083771,-150.05079999938607,-150.33459893614054,39.099998772144318,57.692527770996094,3.0999999940395355,3.9120037257671356
1255,61.478399991989136,61.604857802391052,-149.93870000168681,-150.24378302693367,39.899997413158417,78.941904008388519,3.0999999940395355,3.4004058837890625
869,59.642799973487854,59.436596274375916,-149.66890000551939,-150.2444626763463,9.9000036716461182,59.342749416828156,3,3.0517458021640778
1341,61.4307000041008,61.538245797157288,-149.94089999981225,-149.84778608009219,24.999998509883881,68.673174828290939,3,3.3188087940216064
1133,59.848299980163574,59.295839667320251,-152.39019995927811,-151.41447991132736,74.000000953674316,73.681015521287918,3.0999999940395355,3.5151141285896301
1544,62.425400018692017,62.625568985939026,-149.20389997959137,-149.24715891480446,35.80000251531601,61.938509345054626,3.199999988079071,3.4512380361557007
1110,60.974300000816584,61.113625876605511,-147.44319999217987,-147.58765232563019,19.900001585483551,75.281053781509399,3.0999999940395355,3.3771666884422302
591,60.210300028324127,59.751600027084351,-151.65880000591278,-151.33415812253952,58.20000171661377,96.600042656064034,3.6999999582767487,3.5159837007522583
1345,61.470099985599518,61.638347327709198,-149.8994999974966,-149.80596216022968,33.699996769428253,61.248399317264557,3.5999999642372131,3.6006626486778259
1665,62.074699997901917,62.494080066680908,-151.33129996061325,-151.01249313354492,82.499999552965164,38.056112825870514,3.3999999761581421,3.4613776803016663
2193,61.614400029182434,61.663839340209961,-150.66060000658035,-150.91540619730949,57.599999010562897,79.120442271232605,3.9999999850988388,3.8748776614665985
1581,62.535599946975708,62.785127282142639,-151.33769997954369,-151.11209669709206,89.999999850988388,48.600539565086365,3.7999999970197678,3.7443852424621582
937,61.625400006771088,61.839437305927277,-150.20120000839233,-150.60676431655884,44.699996709823608,77.838242053985596,3,3.4549797177314758
1471,61.58490002155304,61.873349785804749,-149.83739999681711,-149.36140090227127,49.900002777576447,52.497230470180511,3.7999999970197678,3.6815169453620911
43,62.666499972343445,62.651854157447815,-149.84040000289679,-149.87528732791543,7.2000026702880859,41.892245411872864,3.199999988079071,3.3825057148933411
1232,61.353199988603592,61.425477266311646,-150.11259999498725,-150.27272093296051,20.000003278255463,83.950124680995941,3,3.1289994120597839
274,62.225200057029724,62.17266309261322,-147.86479997634888,-147.35643589496613,31.800001859664917,63.851624727249146,3.3999999761581421,3.5495113134384155
1303,61.381000012159348,61.496075093746185,-149.95099999755621,-150.23661071062088,41.299998760223389,79.215951263904572,3.3999999761581421,3.5730476975440979
101,59.861400008201599,59.211801052093506,-152.3435999751091,-151.32483842968941,84.699999541044235,86.669553071260452,4.3999999947845936,3.9760111123323441
1839,59.128100037574768,59.058080673217773,-152.24570006132126,-151.44682145118713,57.300001382827759,76.72736793756485,3.4999999701976776,3.3565582036972046
1023,60.39819997549057,59.835227966308594,-152.23519992828369,-151.18480145931244,103.39999943971634,86.725149303674698,3.0999999940395355,3.3980755805969238
1177,61.374399989843369,61.460772305727005,-150.10799999535084,-150.40384483337402,19.299998879432678,86.287412792444229,3,3.2857668399810791
107,59.497699975967407,59.098665952682495,-152.6457000374794,-151.07477053999901,71.100000292062759,69.969940930604935,3.9999999850988388,3.7015057504177094
962,60.53439998626709,60.736959159374237,-147.66329991817474,-148.02871334552765,5.0000026822090149,100.25273263454437,3,3.4100773930549622
497,60.887800000607967,60.917215347290039,-151.65719997882843,-151.60996824502945,76.299998909235001,54.297208786010742,3,3.4421217441558838
2194,62.323500037193298,62.686800122261047,-151.36019995808601,-150.954111546278,86.399998515844345,43.43336820602417,3.3999999761581421,3.1126513481140137
1525,61.286799997091293,61.326837092638016,-150.52229999005795,-150.75199788808823,72.099998593330383,88.811792433261871,4.5,4.3301459737122059
1608,60.360099971294403,59.840910196304321,-152.42150008678436,-151.22267720103264,96.000000834465027,86.104486137628555,3.0999999940395355,3.6697500944137573
862,61.796000003814697,62.054242730140686,-149.68269999325275,-149.16911324858665,39.800003170967102,55.884949862957001,3,3.2185732126235962
1146,61.313699990510941,61.440638661384583,-149.91909999959171,-150.1040819697082,44.500000774860382,79.355653375387192,3.5999999642372131,3.8892646282911301
1313,61.436500012874603,61.804007947444916,-149.93689999915659,-149.57173284888268,30.299998819828033,54.187312722206116,3,3.5439358949661255
1537,62.167400002479553,62.077195048332214,-148.55409997701645,-148.28408306837082,19.900001585483551,83.979964256286621,3.2999999821186066,3.5545939207077026
1999,59.526999950408936,59.042838573455811,-152.88680005073547,-151.79082942008972,100.70000030100346,46.017736196517944,3.2999999821186066,3.2267362475395203
1352,61.335900008678436,61.432828456163406,-149.9906000001356,-150.12080128490925,37.10000216960907,81.496343016624451,3.9999999850988388,3.8779907673597336
841,61.451400011777878,61.374643594026566,-149.96060000080615,-149.47790189087391,37.199996411800385,66.179100424051285,4.0999999791383743,3.9385145902633667
712,59.583099961280823,60.058462083339691,-147.89689993858337,-147.63795572519302,21.99999988079071,65.895415842533112,3.7999999970197678,4.4678747300058603
72,62.935400009155273,62.896111369132996,-150.49529998004436,-150.2688694819808,89.600000530481339,36.993809044361115,3.8999999910593033,4.0188035219907761
500,60.807199999690056,60.820379555225372,-151.26130002737045,-151.60221594572067,62.89999932050705,82.998532801866531,3.7999999970197678,3.8898369669914246
1436,61.412200003862381,61.528123140335083,-150.06489999778569,-150.12276942282915,38.80000114440918,74.45632666349411,3,3.1477878391742706
1383,61.523299992084503,61.74983686208725,-149.93500000052154,-150.10659410431981,41.100002825260162,56.306779384613037,3.0999999940395355,3.3945890665054321
2003,59.914000034332275,59.176989793777466,-152.5722000002861,-151.44802531599998,84.699999541044235,63.51112574338913,3.0999999940395355,3.2727911174297333
481,60.288699984550476,59.967298746109009,-152.2846999168396,-151.78565740585327,90.199999511241913,52.656009793281555,3,3.2595760524272919
1269,61.295700013637543,61.408840179443359,-150.01029999973252,-150.22593761980534,33.299997448921204,82.039576023817062,3.3999999761581421,3.7807534039020538
506,60.992300000041723,61.470944941043854,-151.97640001773834,-151.73919725418091,94.299999997019768,43.04930567741394,4.3999999947845936,4.2877503633499146
948,60.976299999281764,60.816743448376656,-149.36980001628399,-149.65122992545366,28.700001537799835,98.977066576480865,3.199999988079071,3.4272585511207581
1055,60.002399981021881,59.481459140777588,-152.85720008611679,-151.80465871095657,111.60000041127205,62.1805340051651,3.5999999642372131,4.0907386243343353
1258,61.39410001039505,61.516061842441559,-150.07630000077188,-150.03483134508133,38.300000131130219,70.925295352935791,4.6000000052154064,4.5644785445183516
2199,62.004799962043762,62.128801941871643,-149.88860000297427,-149.48142698407173,39.70000147819519,38.870811462402344,3.0999999940395355,3.0780705213546753
1264,61.365799993276596,61.564780533313751,-150.01670000050217,-150.30747921019793,41.599996387958527,79.04106006026268,3,3.2788977026939392
1566,62.978899955749512,62.930148124694824,-150.63579998910427,-150.35955646634102,113.4000001475215,37.592940032482147,5.0000000149011612,5.5828711688518524
1447,61.463099986314774,61.36930313706398,-150.12789999693632,-149.32063065469265,45.19999772310257,70.087414234876633,3.0999999940395355,3.125285804271698
1697,62.113299965858459,62.093744516372681,-150.25719999521971,-149.82820464670658,14.799997210502625,52.083835005760193,3.7999999970197678,3.4538246691226959
1241,61.44530001282692,61.54516077041626,-150.07340000197291,-150.46323564648628,20.099997520446777,82.610759884119034,3,3.3812110126018524
311,62.393399953842163,62.167796850204468,-149.88870000466704,-148.86343976855278,1.9999966025352478,71.59709557890892,3.0999999940395355,3.0955889225006104
1730,60.78659999370575,60.449828267097473,-151.75140005350113,-151.50834006071091,74.900001287460327,76.353389769792557,3.2999999821186066,3.4896622896194458
405,62.041599988937378,62.448466539382935,-150.516999989748,-150.2277128174901,60.000002384185791,54.06816303730011,3.199999988079071,3.4971059560775757
879,60.250999987125397,59.51330578327179,-151.58010005950928,-151.28272220492363,63.499998301267624,83.851858973503113,3.2999999821186066,3.5691958665847778
1043,61.493099987506866,61.570627331733704,-149.75379998981953,-150.11179747804999,52.699998021125793,77.225521206855774,3.0999999940395355,3.7273331880569458
1491,61.506399989128113,61.108012638986111,-149.94899999722838,-149.10096108913422,35.999998450279236,25.487303733825684,3,3.0597942173480988
979,61.374900013208389,61.517833948135376,-150.59039998054504,-150.74662913382053,53.900003433227539,85.015643388032913,3.199999988079071,3.6601642370223999
2087,59.956799983978271,59.131032347679138,-152.98099994659424,-152.61221784353256,115.39999954402447,30.999816954135895,3,3.0102899372577667
309,61.704200029373169,62.07634425163269,-150.82549998164177,-150.88510957360268,56.599996984004974,62.220357358455658,4.1999999955296516,4.6590428128838539
226,59.705899953842163,59.246964454650879,-152.17250007390976,-151.79675459861755,68.900000303983688,84.659680724143982,3.199999988079071,3.3054699897766113
743,62.578999996185303,62.811668515205383,-151.37489998340607,-151.17627614736557,91.80000051856041,25.214076042175293,3,3.3074992597103119
806,62.416900038719177,62.362916111946106,-148.50390002131462,-147.78016859292984,37.399999797344208,57.544998824596405,3,3.1138397455215454
2024,62.238100051879883,62.396525621414185,-150.85950002074242,-151.00365015864372,62.800001353025436,56.719958782196045,3.3999999761581421,3.4270641803741455
1000,59.946900010108948,59.423243284225464,-151.54150003194809,-151.11695283651352,59.299997985363007,79.260494560003281,3,3.2973453104496002
1461,61.398299992084503,61.481318175792694,-150.05899999849498,-149.91927020810544,39.099998772144318,69.021925330162048,3.5999999642372131,3.6666786074638367
1818,59.862499952316284,59.251488566398621,-151.7661999464035,-151.17764112353325,48.699997365474701,75.184967368841171,3,3.3397251963615417
1784,61.684000015258789,62.093007326126099,-151.61849999427795,-151.37929299473763,93.800000846385956,53.616359829902649,3.5999999642372131,3.6758474707603455
2025,59.561499953269958,59.072877168655396,-152.63559991121292,-151.56464302539825,88.500000536441803,64.635217189788818,3.2999999821186066,3.052518904209137
1071,62.935999989509583,62.956327080726624,-150.88559997081757,-151.99378967285156,113.4000001475215,25.066271424293518,3,3.3685212135314941
148,62.809700012207031,62.886463642120361,-149.43119998276234,-149.62049187719822,66.300000995397568,42.502515017986298,4.3999999947845936,4.5073140577878803
1164,61.343300014734268,61.431981176137924,-150.12480000033975,-150.50810171663761,20.000003278255463,91.361362487077713,3.0999999940395355,3.2203951478004456
1100,61.152999997138977,61.540716707706451,-151.6696999669075,-149.84127074852586,58.700002729892731,61.185769736766815,3,3.0518747270107269
1005,60.080999970436096,59.170570373535156,-152.86709994077682,-151.51429241895676,117.30000004172325,42.474761605262756,3.199999988079071,3.392071008682251
291,61.041600000113249,60.431542754173279,-152.32180005311966,-151.73784005641937,14.899998903274536,53.611055016517639,3,3.1215949952602386
692,60.055299997329712,59.624172210693359,-151.70620000362396,-151.5861668586731,46.800002455711365,94.036735594272614,3.5999999642372131,3.7678395062685013
818,61.356099992990494,61.430976510047913,-151.37000003457069,-151.26136502623558,70.199999958276749,70.681396871805191,3.0999999940395355,3.2418896555900574
704,62.89549994468689,62.900346755981445,-149.65359999239445,-149.47554561495781,71.400001645088196,42.892426252365112,3.3999999761581421,3.5596879720687866
1090,59.859699964523315,59.333431243896484,-151.59500008821487,-151.12224188446999,48.699997365474701,73.415022343397141,3.2999999821186066,3.8488681018352509
1940,59.787999987602234,59.079385280609131,-152.97460001707077,-152.3195675611496,108.30000042915344,54.478801786899567,4.0999999791383743,3.7723240256309509
1104,62.80019998550415,62.830333471298218,-149.62399998307228,-149.83824950829148,73.69999960064888,50.848484039306641,3.0999999940395355,3.7273377478122711
575,61.013399999588728,61.000830039323773,-149.55579999089241,-149.28030252456665,28.300002217292786,94.094300642609596,3.4999999701976776,3.8742725998163223
557,59.765599966049194,59.327178239822388,-151.91129994392395,-151.69251877069473,55.500000715255737,88.898040354251862,3,3.4190307855606079
1706,60.315900027751923,59.708997964859009,-152.69039994478226,-151.93891775608063,105.20000010728836,72.174541652202606,3.2999999821186066,3.8656931519508362
701,59.047700047492981,59.093528270721436,-152.26190006732941,-152.24797511100769,69.899998605251312,71.84770330786705,3.3999999761581421,3.2286675274372101
1085,62.150799989700317,62.456910371780396,-150.88380002975464,-150.71011108160019,57.700000703334808,58.997482061386108,3.199999988079071,3.1602831780910492
1370,61.376700013875961,61.470592707395554,-150.06959999911487,-150.12601377815008,37.900000810623169,78.487884253263474,3.2999999821186066,3.6396080553531647
1506,61.397799998521805,62.198363661766052,-149.99800000002142,-149.1808942258358,46.999998390674591,57.074680924415588,4.5,4.3036332651972771
1601,60.774399995803833,60.62897053360939,-152.88659995794296,-152.21712291240692,5.0999969244003296,47.996103763580322,3.4999999701976776,3.7129113972187042
1951,60.037899971008301,59.325688362121582,-152.5692999958992,-151.45035892724991,99.799999967217445,62.165327370166779,3.199999988079071,3.4915025532245636
748,61.620100021362305,61.731733322143555,-150.1794999986887,-150.36040496081114,52.199997007846832,75.907353311777115,3.5999999642372131,3.757280096411705
1376,61.470699995756149,61.706603765487671,-149.94739999808371,-150.4484883248806,38.40000182390213,77.190235257148743,3.0999999940395355,3.3220262825489044
1025,62.359799981117249,62.709778189659119,-151.31589996814728,-151.11548629403114,84.699999541044235,23.541808128356934,3.2999999821186066,4.1019140034914017
167,62.158400058746338,62.616228461265564,-152.54350000619888,-151.9303691983223,2.5999993085861206,87.843798100948334,3.6999999582767487,3.7979739904403687
730,59.174100041389465,59.064658880233765,-151.66280007362366,-151.16633775830269,44.600002467632294,66.829994320869446,4.2999999895691872,3.7477802932262421
1208,61.467000007629395,61.628217756748199,-149.97599999886006,-150.02507167775184,20.70000022649765,63.796993345022202,3,3.0377378761768341
286,59.274099946022034,59.16158139705658,-148.84199997782707,-149.69697790592909,29.700003564357758,52.006825804710388,3.0999999940395355,3.0562722086906433
1067,61.633000016212463,61.715257823467255,-149.70580000430346,-149.5356418043375,39.399996399879456,62.279962003231049,3.5999999642372131,3.8168167322874069
1905,61.832099974155426,61.883029401302338,-149.94839999824762,-149.21408575773239,37.600003182888031,48.366442322731018,3,3.3836993873119354
1029,60.522100001573563,60.856794133782387,-150.1896999925375,-151.22011542320251,41.900001466274261,99.522067233920097,3.199999988079071,3.5997957587242126
628,59.864400029182434,59.211787104606628,-152.45969992876053,-151.82860314846039,81.399999558925629,74.474837630987167,4.0999999791383743,3.5727361142635345
598,62.658100008964539,62.808860540390015,-149.58830000460148,-149.62361834943295,71.699999272823334,40.979102253913879,3.8999999910593033,4.229407511651516
1163,61.414299994707108,61.517203211784363,-149.88140000402927,-150.08769643306732,29.399998486042023,73.380671441555023,3.2999999821186066,3.7782381176948547
377,59.929000020027161,59.428061604499817,-151.58050006628036,-151.31789714097977,65.799999982118607,80.937538295984268,3.0999999940395355,3.3495919704437256
1947,60.341400027275085,59.775395393371582,-152.39000004529953,-151.31540688872337,103.80000062286854,84.161899983882904,3.199999988079071,3.4465189576148987
1401,61.327499985694885,61.355573922395706,-150.04879999905825,-149.99125226796605,38.000002503395081,80.305203795433044,3.7999999970197678,3.7918001264333725
1886,61.844900012016296,61.885111808776855,-148.10580003261566,-148.10245710611343,28.599999845027924,71.003973484039307,3.2999999821186066,3.5920060873031616
1237,61.496899992227554,61.723838448524475,-149.90860000066459,-150.22442038357258,39.300002157688141,64.144376665353775,3.199999988079071,3.0745996534824371
1453,61.485700011253357,61.790586054325104,-150.07080000266433,-149.98235962819308,42.099997401237488,61.552897095680237,3.3999999761581421,3.2546424865722656
1080,61.894200026988983,62.145247578620911,-151.05269998311996,-150.93521359562874,54.700002074241638,36.207370460033417,3,3.0866197943687439
41,60.049799978733063,59.120700001716614,-152.94349998235703,-151.72936588525772,110.60000024735928,40.002293884754181,3,3.0413674414157867
2089,62.116000056266785,62.396108388900757,-147.75999999046326,-147.6675910949707,24.999998509883881,82.001250237226486,3,3.0341155529022217
892,62.279399991035461,62.80229115486145,-151.26079997420311,-150.65488792955875,81.90000057220459,56.435912847518921,3.4999999701976776,3.9090877622365952
1424,61.370700001716614,61.466361850500107,-150.00390000001062,-149.92887118086219,39.800003170967102,67.539181560277939,4.8000000044703484,4.8558797165751457
1918,61.29559999704361,61.212745532393456,-149.3614000082016,-149.11714893579483,34.000001847743988,74.004460126161575,3.7999999970197678,3.800055518746376
1053,59.608700037002563,61.568150043487549,-148.44599997997284,-149.4753300100565,26.799999177455902,61.673760414123535,3.0999999940395355,3.0448298156261444
1170,61.494500011205673,61.600686550140381,-149.92629999853671,-149.89806937426329,34.900002181529999,70.709433406591415,3.7999999970197678,3.9506295025348663
893,61.436100006103516,61.481977105140686,-149.95999999903142,-149.82634476944804,45.500002801418304,66.958103328943253,3.3999999761581421,3.697089672088623
609,59.719099998474121,59.381682395935059,-151.03350001573563,-150.96321380138397,45.800000429153442,96.839040517807007,3.2999999821186066,3.3568378686904907
1242,61.314000010490417,61.449395179748535,-149.95889999996871,-150.39759483933449,40.700003504753113,82.171950489282608,3.2999999821186066,3.6650723218917847
1547,61.93419998884201,62.126214742660522,-149.91820000112057,-149.47902993857861,35.999998450279236,46.483397483825684,3,3.2006242275238037
2049,62.304000020027161,62.478639245033264,-149.79599998891354,-149.76640688627958,57.300001382827759,52.146174013614655,3.0999999940395355,3.2290806770324707
1523,61.086599998176098,61.066561192274094,-151.52629995346069,-151.51412004232407,70.099998265504837,85.848517715930939,3.3999999761581421,3.5568016469478607
1577,62.741999983787537,62.666298627853394,-149.0741999745369,-149.1650638282299,13.40000331401825,33.753946423530579,3,3.1165030002593994
493,59.881999969482422,59.447733998298645,-152.55460005998611,-152.12055319547653,84.89999920129776,77.561840415000916,3.6999999582767487,4.1927578523755074
2099,59.983800053596497,59.474698543548584,-152.00950008630753,-151.47817870974541,75.39999857544899,85.421148687601089,3,3.0087271928787231
277,62.853999972343445,62.8717280626297,-148.90720000863075,-148.84897613525391,11.799998581409454,49.341894686222076,3.199999988079071,3.3019593358039856
757,61.487199991941452,62.224826812744141,-152.39969998598099,-151.31810536980629,132.69999995827675,17.426490783691406,3,3.2333984076976776
2124,60.367799997329712,59.114132523536682,-152.8274000287056,-152.66624075174332,127.79999990016222,35.308524966239929,3,3.000086635351181
358,60.07039999961853,59.376763582229614,-152.88499993085861,-152.47656798362732,106.59999959170818,52.186965942382812,3.199999988079071,3.6008399426937103
1319,61.327199995517731,61.42823314666748,-150.03950000088662,-150.22741241008043,35.40000319480896,81.121161580085754,3.5999999642372131,3.7709869891405106
236,60.783999994397163,60.648368656635284,-150.90040004253387,-150.68858680129051,14.899998903274536,79.194467514753342,3,3.2466297447681427
551,60.065900027751923,59.3240647315979,-152.964399933815,-152.63484066724777,114.40000031143427,42.78901219367981,3,3.2384638488292694
520,59.105499982833862,59.086475729942322,-149.18320003151894,-150.07542109675705,4.3999999761581421,38.721486926078796,3.0999999940395355,3.0822942852973938
2176,61.799499988555908,62.130377173423767,-151.59340006113052,-151.34324589371681,99.199999123811722,50.637871026992798,3.4999999701976776,3.36676025390625
208,61.287600010633469,61.144331485033035,-150.29640001058578,-149.84876504167914,41.900001466274261,82.096397876739502,3,3.5810930728912354
1649,60.084800004959106,59.183558583259583,-152.79979991912842,-151.86143642663956,107.69999958574772,49.483701586723328,3.2999999821186066,3.3913149833679199
881,61.706300020217896,61.829416573047638,-149.5012000054121,-149.04130366444588,34.299999475479126,59.817835688591003,3,3.3371728956699371
720,61.901400029659271,62.083769083023071,-149.87159999459982,-149.57328821718693,38.900002837181091,46.77698016166687,3.0999999940395355,3.0757986009120941
1472,61.518299996852875,61.436528205871582,-149.99730000004638,-149.0765722990036,47.849997878074646,59.29187685251236,3.3999999761581421,3.3329489529132843
1858,59.306900024414062,59.107441902160645,-152.65060007572174,-151.67188203334808,99.99999962747097,74.292253702878952,3.0999999940395355,3.1065243780612946
1658,60.619500011205673,60.316037893295288,-150.71110001206398,-150.82040771842003,49.09999668598175,95.947554334998131,4.3999999947845936,4.2548954263329506
58,61.253199994564056,61.289715737104416,-147.03450000286102,-147.35080254077911,18.899999558925629,58.90684574842453,3.7999999970197678,3.7879212498664856
631,60.536199986934662,59.802446842193604,-151.5819000005722,-150.78495374321938,54.099999368190765,69.553546607494354,3.0999999940395355,3.1634407639503479
1883,61.95770001411438,61.508853793144226,-152.15649998188019,-150.90764263272285,127.60000000707805,18.640473484992981,3.199999988079071,3.7851316183805466
1558,60.054400026798248,59.406566262245178,-151.01080003380775,-150.85652920603752,61.999998986721039,71.196239441633224,3,3.2854741215705872
592,60.195599973201752,59.64170777797699,-151.67679995298386,-151.38084241747856,56.299999356269836,91.455303132534027,3,3.4086036086082458
1954,59.675600051879883,59.065016031265259,-152.86480003595352,-151.25591772794724,100.50000064074993,65.3226338326931,3.199999988079071,3.1561493575572968
363,61.91509997844696,62.60547399520874,-152.12010008096695,-151.45221018791199,118.40000003576279,22.828377783298492,3.3999999761581421,3.9699115008115768
1808,61.85589998960495,61.9012371301651,-150.27350000292063,-150.3660671710968,17.999999225139618,58.128304779529572,3.199999988079071,3.4301868081092834
505,62.910599946975708,62.948318362236023,-149.3391999900341,-149.5075010061264,53.599998354911804,33.58672559261322,3,3.3249104619026184
1552,62.666800022125244,62.851017475128174,-149.43689998984337,-149.41006211936474,57.300001382827759,46.367332339286804,3,3.3843414187431335
1617,59.884999990463257,59.546523094177246,-150.65639998018742,-150.87748968601227,28.999999165534973,80.045927315950394,3.4999999701976776,3.6982877254486084
2023,62.909000039100647,62.831268906593323,-150.40150000154972,-150.68610097467899,91.699998825788498,32.127216458320618,3.0999999940395355,3.267842710018158
1904,59.914199948310852,59.473765015602112,-151.21879997849464,-150.95777016878128,43.799996376037598,82.726474851369858,3.4999999701976776,3.7209734916687012
904,60.489099979400635,60.20553058385849,-150.77979996800423,-150.89654758572578,44.79999840259552,88.80922943353653,3.8999999910593033,3.9874794334173203
733,62.218799948692322,62.624290466308594,-151.10000002384186,-150.80469265580177,86.399998515844345,55.446311831474304,3,3.2866065502166748
1480,61.458999991416931,61.534015595912933,-149.95409999974072,-149.55219760537148,40.200002491474152,60.227952897548676,4.8000000044703484,4.7914363145828247
2119,60.884199999272823,60.419337034225464,-152.00779992341995,-151.62244319915771,84.399998188018799,58.376774191856384,3,3.0480107367038727
1178,62.999899983406067,62.96715784072876,-150.91750001907349,-152.03967905044556,114.90000039339066,9.7481906414031982,3.2999999821186066,4.0857203453779221
1192,61.372000008821487,61.491038620471954,-150.03420000057667,-150.25278744846582,40.299996733665466,79.351533204317093,3.2999999821186066,3.6852981448173523
1089,61.381099998950958,61.260556071996689,-150.03659999929368,-149.74930304288864,38.099996745586395,76.933577656745911,3.2999999821186066,3.8895210474729538
118,61.784200012683868,62.168759703636169,-151.1468999683857,-150.91899856925011,83.20000022649765,66.549845039844513,3.199999988079071,3.6064727604389191
1476,61.378500014543533,61.198151007294655,-150.02290000068024,-149.18150433897972,42.000003159046173,72.776440531015396,3.0999999940395355,3.1114146709442139
706,60.851999998092651,60.626199811697006,-151.67189991474152,-151.63132309913635,76.600000262260437,73.952242732048035,3.4999999701976776,3.6346821784973145
1888,60.009100019931793,59.27846884727478,-151.53539997339249,-151.20680862665176,58.20000171661377,70.763915777206421,3.0999999940395355,3.5322540700435638
745,59.447000026702881,59.130583167076111,-152.23420000076294,-152.07589566707611,80.800000578165054,76.995830982923508,3.2999999821186066,3.2841979265213013
522,60.011099994182587,59.762986183166504,-150.97800001502037,-150.96827191114426,48.100002110004425,69.547537714242935,3,3.2194802463054657
915,61.635500013828278,61.967366218566895,-151.0911999642849,-151.18845918774605,68.799998611211777,68.766061216592789,3.2999999821186066,3.6535795927047729
1405,61.505699992179871,61.836987435817719,-149.92959999851882,-149.93038838356733,39.300002157688141,64.888786524534225,3,3.1622760593891144
2012,60.030900001525879,59.428760409355164,-152.66049993038177,-152.22287517786026,84.100000560283661,60.882806777954102,3.0999999940395355,3.1524737477302551
993,61.461499989032745,61.56726348400116,-150.0093000002671,-150.38708491623402,21.600000560283661,77.682334929704666,3,3.2387149930000305
513,60.036099970340729,59.440227866172791,-151.03959998488426,-150.97009617090225,49.599997699260712,67.421950399875641,3.0999999940395355,3.1039407849311829
81,60.505299985408783,60.0349440574646,-151.45710003376007,-151.30217859148979,60.000002384185791,95.88315524160862,3.0999999940395355,3.1861461102962494
1868,61.625,61.465512067079544,-150.33079998940229,-149.20305061340332,60.300000011920929,61.632990837097168,3.9999999850988388,4.1429470404982567
1985,61.986400008201599,62.159297823905945,-149.87280000373721,-149.56701971590519,49.199998378753662,50.573281943798065,3.4999999701976776,3.7330459356307983
1584,62.239099979400635,62.225356578826904,-147.90229994058609,-147.43043410778046,34.699998795986176,57.039305567741394,3,3.1618772149085999
914,59.79419994354248,59.074690341949463,-152.96809995174408,-152.13999885320663,103.9000004529953,44.500172138214111,3,3.133784294128418
380,61.905399978160858,61.878463983535767,-148.276899933815,-147.82160460948944,29.700003564357758,74.749723076820374,3.199999988079071,3.1445980668067932
1226,61.472099989652634,61.591320216655731,-149.96909999940544,-149.99998909235001,20.099997520446777,70.681553333997726,3.2999999821186066,3.7683172076940536
2011,60.396799981594086,59.938218951225281,-151.79550004005432,-151.28527370095253,71.199998259544373,88.262863457202911,3,3.1064721643924713
84,62.847100019454956,62.826353549957275,-148.93960002064705,-148.89015734195709,4.3999999761581421,41.00392758846283,3.2999999821186066,3.1898609697818756
1994,62.963099956512451,62.891977071762085,-149.36519998311996,-148.9729580283165,86.699999868869781,27.865678071975708,3.9999999850988388,4.3500984013080597
672,61.174600005149841,60.218671083450317,-152.04490005970001,-151.88830196857452,108.13000053167343,63.389226794242859,3.2999999821186066,3.0035663545131683
774,61.547900021076202,61.202295020222664,-149.91590000130236,-149.39430601894855,46.999998390674591,84.862701594829559,3.8999999910593033,3.648351788520813
329,60.519300013780594,61.089230485260487,-147.93940007686615,-149.29341419041157,250,94.800930470228195,3.2999999821186066,3.0252484381198883
6,60.061100006103516,59.589471101760864,-151.37040004134178,-151.07344391942024,53.400002419948578,82.845915108919144,3,3.4116327166557312
1222,61.470400005578995,61.518631517887115,-149.91909999959171,-150.0168421282433,29.500000178813934,72.751604020595551,3.8999999910593033,3.9398876130580902
1599,61.674300014972687,61.754327476024628,-147.02089995145798,-147.32147741317749,27.400001883506775,44.554658234119415,3.0999999940395355,3.4204033613204956
909,61.240799993276596,61.647589325904846,-151.94779998064041,-151.7220196723938,100.89999996125698,39.010897278785706,3.4999999701976776,4.230258397758007
468,59.732200026512146,59.109928965568542,-152.55699992179871,-151.51068735122681,84.100000560283661,70.625118911266327,3.5999999642372131,3.5812363028526306
181,60.417900025844574,59.770224094390869,-152.41490006446838,-151.65327054262161,94.000000506639481,86.250472813844681,3.3999999761581421,3.7436546087265015
164,62.919800043106079,62.915693879127502,-148.50830000638962,-148.0520344376564,64.699999988079071,24.194896221160889,3.0999999940395355,3.1906182467937469
1620,62.29229998588562,62.361237525939941,-148.47490006685257,-147.99932187795639,37.199996411800385,73.406588286161423,3.199999988079071,3.21600741147995
451,62.247200012207031,62.176985621452332,-148.3863000869751,-147.89666426181793,23.500002920627594,56.206569075584412,4.3999999947845936,3.6255841255187988
1713,62.627300024032593,62.738202691078186,-148.90139999985695,-148.86923182010651,43.999999761581421,46.593129634857178,3.199999988079071,3.4134364128112793
490,59.797199964523315,59.316690921783447,-151.84439992904663,-151.46527782082558,61.399996280670166,86.089041084051132,3.2999999821186066,3.5003300607204437
1720,61.262600004673004,60.598568499088287,-151.97810000181198,-151.25351196527481,103.70000079274178,63.873026520013809,3.6999999582767487,4.5145383691415191
1763,62.841400027275085,62.81014883518219,-149.37190000712872,-149.56209088861942,72.200000286102295,35.413622856140137,3,3.7389888167381287
287,62.47759997844696,62.574594259262085,-148.23329991102219,-147.65797698497772,42.999997735023499,52.832044661045074,3.7999999970197678,3.7627898454666138
1967,61.698499977588654,61.691484749317169,-147.26529997587204,-147.41345751285553,35.80000251531601,55.395588278770447,4.6000000052154064,3.9987584352493286
87,60.576200008392334,60.167454183101654,-151.48819997906685,-151.30954223871231,52.400000393390656,84.834419190883636,3.2999999821186066,3.5061269402503967
1652,60.083299994468689,60.790730372071266,-147.11630004644394,-147.49716085195541,8.9000016450881958,19.838400185108185,3.3999999761581421,3.5371089577674866
802,60.164499998092651,59.605678915977478,-152.40130001306534,-151.68014180660248,91.299999505281448,67.0282281935215,3.2999999821186066,3.6542635560035706
1050,60.496800005435944,60.243689894676208,-150.72599999606609,-150.74593931436539,50.200000405311584,98.479654639959335,3.0999999940395355,3.285370409488678
1084,62.996500015258789,62.970767498016357,-150.88769996166229,-151.72571074962616,116.99999962002039,13.64077627658844,3.2999999821186066,3.3416826725006104
1075,59.577700018882751,59.251357197761536,-151.65630000829697,-151.1897112429142,46.09999805688858,71.569971740245819,3.199999988079071,3.6420165002346039
2134,62.631999969482422,62.867964863777161,-151.20969995856285,-150.96970626711845,88.799998164176941,26.476703584194183,3.199999988079071,3.0526502430438995
1073,61.399100005626678,61.540968716144562,-149.93470000103116,-149.98256199387833,40.399998426437378,68.978577852249146,4.0999999791383743,4.0185851454734802
1131,61.503000020980835,61.583552122116089,-150.23729999363422,-150.26657516509295,45.500002801418304,70.007935166358948,4.5,4.3940286822617054
1483,61.407999992370605,61.046302247792482,-150.13109999522567,-148.99539542198181,40.10000079870224,16.462795436382294,3.199999988079071,3.2418913543224335
1292,61.456900000572205,61.568613708019257,-150.06580000184476,-150.39637850224972,20.000003278255463,76.573744416236877,3.199999988079071,3.3454709351062775
2136,59.818099975585938,59.258520841598511,-152.27499997615814,-152.39694964885712,88.100001215934753,73.255807161331177,3.0999999940395355,3.0019600689411163
1964,61.543200016021729,61.152529820799828,-152.38279992341995,-150.3493614345789,0.6999969482421875,24.743698537349701,3.3999999761581421,3.2607007026672363
327,59.98580002784729,59.275498986244202,-151.4665000140667,-150.92094585299492,53.400002419948578,68.673577159643173,3.0999999940395355,3.4376420974731445
1368,61.469199985265732,61.516679108142853,-150.02380000054836,-150.26440930366516,49.900002777576447,76.203379780054092,3.199999988079071,3.3615040183067322
442,60.157999992370605,59.610036015510559,-151.3889000415802,-150.92834731936455,54.499998688697815,89.954402297735214,3,3.1379306316375732
834,61.245299994945526,60.782282516360283,-151.21430003643036,-151.16692525148392,70.799998939037323,85.284300148487091,3,3.2125468254089355
1220,61.350800007581711,61.360950738191605,-150.10500000044703,-150.14482644572854,39.300002157688141,82.928873598575592,3.4999999701976776,3.4144579768180847
2097,60.149399995803833,59.293804407119751,-152.81719994544983,-152.52512687444687,115.19999988377094,39.730459451675415,3.199999988079071,3.2118084132671356
832,62.404600024223328,62.678857445716858,-149.51150000095367,-149.39023017883301,49.500003457069397,41.636213660240173,3.8999999910593033,4.1204290688037872
2164,61.488299995660782,61.594769239425659,-149.92529999837279,-150.24577814340591,41.500002145767212,82.915715873241425,3.2999999821186066,3.6199275255203247
348,59.006700038909912,59.082873940467834,-151.16800001263618,-151.32930278778076,24.199999868869781,74.590470641851425,4.5,3.5560146868228912
2203,59.142400026321411,59.091312408447266,-150.90049999952316,-150.88972163200378,26.100002229213715,56.096434593200684,3.2999999821186066,3.1074365973472595
177,60.329200029373169,59.751022815704346,-151.74470007419586,-151.15040919184685,72.276998311281204,86.234938353300095,3.199999988079071,3.5617062449455261
1001,61.585500001907349,61.763770341873169,-147.67920005321503,-148.11232548952103,40.799997746944427,63.074264675378799,3,3.0714925825595856
1310,61.337399989366531,61.448152631521225,-150.02149999933317,-150.10569044575095,36.600001156330109,80.620065331459045,3.7999999970197678,3.7789920419454575
990,61.205799996852875,61.265720903873444,-147.74290001392365,-147.77287513017654,11.600002646446228,59.966824948787689,3.3999999761581421,3.3064180612564087
86,59.495700001716614,59.088841080665588,-152.84619998931885,-152.14633548259735,93.800000846385956,73.395464569330215,4.1999999955296516,3.7052494883537292
1728,62.855100035667419,62.888666391372681,-149.5288999825716,-149.22308456897736,75.899999588727951,55.759698152542114,3.2999999821186066,3.3592524826526642
2154,59.670899987220764,59.158706068992615,-152.13419991731644,-151.32473623752594,68.799998611211777,79.522497951984406,3.5999999642372131,3.6211296916007996
1961,59.84879994392395,59.169146656990051,-152.48579996824265,-151.52164649963379,77.599998563528061,90.817868709564209,3.7999999970197678,3.8021231442689896
978,61.495799988508224,61.575316786766052,-149.89959999918938,-150.31926684826612,45.500002801418304,77.343098819255829,3.199999988079071,3.3481889069080353
457,62.941400051116943,62.888701796531677,-150.57060000300407,-150.58938534557819,88.300000876188278,34.790948033332825,3.5999999642372131,3.7519835829734802
777,61.534799993038177,61.526323318481445,-149.90269999578595,-149.74632212519646,37.699997425079346,66.158067435026169,4.3999999947845936,3.9472754001617432
1463,61.409799993038177,61.871075749397278,-150.05790000222623,-149.60941363871098,42.000003159046173,66.261027008295059,3,3.4680866003036499
642,62.508499979972839,62.795484900474548,-151.19629999995232,-150.52326361835003,87.099999189376831,73.715813457965851,3.2999999821186066,3.6558501720428467
2111,61.832799971103668,61.985365629196167,-150.11879999935627,-150.31958258897066,41.599996387958527,64.392752945423126,3,3.0569475889205933
54,59.816400051116943,59.340574502944946,-151.3561999797821,-151.03012338280678,49.300000071525574,64.3460713326931,3.6999999582767487,3.8065290749073029
1640,60.050499975681305,59.466270685195923,-151.71549993753433,-151.30582094192505,53.599998354911804,94.694130122661591,3.4999999701976776,3.5148000419139862
1788,62.021999955177307,62.075183033943176,-150.87729996442795,-150.67907479405403,7.6000019907951355,55.705204606056213,3.0999999940395355,3.183163583278656
1739,60.182799994945526,59.588126182556152,-151.68030005693436,-151.07768994569778,66.599998623132706,107.95678943395615,5.2000000029802322,4.7030782476067543
643,62.482300043106079,62.535164952278137,-148.25760000944138,-147.39240914583206,35.099998116493225,46.340689063072205,3.0999999940395355,3.3340117335319519
1288,61.48649999499321,61.566185355186462,-149.95250000059605,-150.02717803604901,29.700003564357758,72.992835193872452,3.2999999821186066,3.6957670748233795
1204,61.367599993944168,61.405703723430634,-150.08690000139177,-150.38194204866886,36.300003528594971,89.969377964735031,3,3.1531727313995361
677,62.062899947166443,62.263956308364868,-149.35239998996258,-149.10976302623749,38.599997758865356,55.641360580921173,3.2999999821186066,3.8273900896310806
221,61.54040002822876,61.50312864780426,-147.75530004501343,-147.78206098079681,7.6000019907951355,39.843231439590454,3.2999999821186066,3.2205547392368317
113,61,60.599099159240723,-151.62300002574921,-151.28512260317802,72.299998253583908,65.032374113798141,3.3999999761581421,3.8816100507974625
1555,62.207299947738647,62.382732152938843,-149.56780001521111,-149.33811387419701,54.999999701976776,53.125940263271332,3.3999999761581421,3.7744449377059937
987,61.379799991846085,61.495733588933945,-147.02980005741119,-147.25429379940033,14.70000296831131,45.620724558830261,3.199999988079071,3.4850308299064636
1451,61.405800014734268,61.647444486618042,-150.03850000072271,-149.11563840508461,41.500002145767212,70.769403129816055,3.5999999642372131,3.7710410356521606
1202,61.489100009202957,61.690782785415649,-149.94249999895692,-150.24346176534891,35.599999129772186,75.705345720052719,3,3.4800453186035156
174,61.5310999751091,61.402880400419235,-149.85399999842048,-149.39455229043961,45.19999772310257,64.055770635604858,3.0999999940395355,3.273749828338623
1064,62.986999988555908,62.961556434631348,-151.06780001521111,-151.42382848262787,125.19999999494758,5.6531131267547607,3.3999999761581421,4.1553573086857796
589,60.100899994373322,59.532661437988281,-152.93099999427795,-152.31801867485046,118.49999986588955,46.819984912872314,3.4999999701976776,3.844395250082016
1766,59.760599970817566,59.120855212211609,-152.97809994220734,-152.01103949546814,109.20000076293945,62.233656644821167,3.9999999850988388,4.254328653216362
1857,59.53659999370575,59.079617023468018,-152.31930005550385,-151.52514857053757,49.999997019767761,81.328015774488449,3.0999999940395355,3.4296131730079651
18,60.932700000703335,60.917885653674603,-150.46240000426769,-150.631372153759,55.900000035762787,97.738513723015785,3.199999988079071,3.7180291414260864
423,61.374599993228912,61.455628275871277,-149.81800000369549,-149.50579056143761,28.800003230571747,69.519273936748505,3.5999999642372131,3.8667587488889694
1593,62.392500042915344,62.591253995895386,-149.25360001623631,-149.28271172940731,51.600001752376556,57.895153760910034,3.8999999910593033,3.9537313431501389
285,59.156499981880188,59.10569429397583,-152.19840002059937,-152.07636076211929,55.500000715255737,74.433416128158569,3.0999999940395355,3.0819652676582336
1882,61.865700006484985,61.972305953502655,-150.31320000439882,-149.37997099757195,21.700002253055573,58.241717517375946,3.199999988079071,3.5412059426307678
428,60.436900019645691,60.095537900924683,-152.04689991474152,-151.63126301765442,83.700001239776611,92.655718326568604,4.3999999947845936,4.1130668073892593
1797,60.778200000524521,60.691768527030945,-151.86900007724762,-151.54275119304657,80.299999564886093,58.041565120220184,3.0999999940395355,3.70409095287323
1689,59.840800046920776,59.079728841781616,-152.90600001811981,-152.04715991020203,99.899999797344208,42.846493422985077,3,3.1914050281047821
669,62.467000007629395,62.429750680923462,-148.28290003538132,-147.64634478092194,44.100001454353333,61.922736465930939,4.3999999947845936,4.3624759577214718
31,60.039900004863739,59.335665106773376,-152.75849997997284,-151.58153504133224,95.000000670552254,58.580592274665833,3.199999988079071,3.4017507433891296
1916,61.456400007009506,61.225226506590843,-149.92369999922812,-149.59416688978672,40.10000079870224,73.682788759469986,3.9999999850988388,4.2296469435095787
722,62.285899996757507,62.186683416366577,-148.54499995708466,-148.11806917190552,9.4999969005584717,76.418794691562653,3.199999988079071,3.1661407649517059
951,61.233799993991852,61.371295869350433,-150.7674999833107,-150.8853717148304,54.399996995925903,99.792109802365303,3,3.1475922167301178
1586,61.975000023841858,62.282773494720459,-150.42129997909069,-150.49501191079617,54.799996316432953,60.39014458656311,3,3.4973929524421692
1351,61.47299998998642,61.58191043138504,-149.96929999999702,-149.86144914105535,35.199999809265137,66.50746613740921,3.199999988079071,3.4895617067813873
214,61.952899992465973,61.868868827819824,-147.74290001392365,-147.69060677289963,15.299998223781586,71.811702102422714,3.2999999821186066,3.3190223872661591
1874,60.298500001430511,60.031684696674347,-150.93359997868538,-150.97029277682304,65.799999982118607,85.23290604352951,3,3.2032160460948944
326,62.894400000572205,62.938387870788574,-150.67890000343323,-151.11703848838806,107.79999941587448,21.568268537521362,3.2999999821186066,3.7227451801300049
560,60.316299974918365,59.591311931610107,-152.36029994487762,-152.52558106184006,115.29999971389771,85.984155535697937,5.1000000089406967,5.097780168056488
1406,61.508599996566772,61.537330865859985,-149.94290000014007,-150.50845715403557,39.599999785423279,75.286880135536194,3.2999999821186066,3.1356336772441864
341,60.146200001239777,59.53755521774292,-151.64099997282028,-151.28981950879097,68.100001662969589,86.35079488158226,3.199999988079071,3.171697586774826
147,59.389600038528442,59.071606636047363,-152.65070003271103,-152.06433820724487,69.299999624490738,64.023036509752274,3,3.0730587244033813
1414,61.38400000333786,61.589765906333923,-150.07949999906123,-149.95397127326578,37.699997425079346,64.187213778495789,5.3000000417232513,4.8756964355707169
1657,59.401600003242493,59.061355352401733,-152.48940002918243,-151.72887915372849,64.100001007318497,74.26842674612999,3,3.1596549153327942
966,61.33390000462532,61.388912707567215,-149.98080000048503,-150.06865180470049,46.599999070167542,80.164272338151932,4.0999999791383743,3.8135941028594971
155,62.848899960517883,62.873245716094971,-150.52080000936985,-150.61661253869534,93.499999493360519,49.047581851482391,3.199999988079071,3.6697210371494293
1268,61.443899989128113,61.504952311515808,-150.12360000237823,-150.22269775718451,38.699999451637268,79.21677827835083,3.0999999940395355,3.2347207367420197
1228,61.452899992465973,61.467893689870834,-149.97109999973327,-150.24427154660225,39.499998092651367,81.511281430721283,3.3999999761581421,3.4584061503410339
1792,61.075499996542931,61.705102860927582,-147.5181999206543,-149.13254481554031,77.799998223781586,51.277071237564087,3.3999999761581421,3.096696138381958
1418,61.392300009727478,61.472262501716614,-150.02359999995679,-149.96910146344453,32.31000155210495,72.942517697811127,3.4999999701976776,3.4843599200248718
1667,59.873200058937073,59.119987726211548,-152.83310008049011,-152.08902168273926,91.80000051856041,57.806551456451416,3.199999988079071,3.3379536867141724
1421,61.353199988603592,61.471890300512314,-150.02489999961108,-149.98893499933183,34.999996423721313,72.851892560720444,3.5999999642372131,3.7398021519184113
2076,61.579599976539612,61.74248731136322,-147.90210002660751,-148.04733896255493,14.30000364780426,41.555359959602356,3,3.1166914701461792
1245,61.322699993848801,61.37317955493927,-150.05339999869466,-149.9551124246791,41.79999977350235,78.938808292150497,4.5,4.0584642738103867
2069,62.409000039100647,62.570191740989685,-148.50700002908707,-148.35627740621567,43.300002813339233,66.183224320411682,3.3999999761581421,3.5758487284183502
1386,61.357600003480911,61.440561234951019,-150.03579999972135,-150.04962349310517,34.900002181529999,75.472023338079453,3.4999999701976776,3.8381216526031494
1530,61.424100011587143,61.645713329315186,-150.80750003457069,-150.94306039810181,57.599999010562897,81.248588860034943,3.2999999821186066,3.697343498468399
1928,59.76830005645752,59.117540121078491,-152.58080005645752,-151.30211931467056,82.600001245737076,63.390158116817474,3.4999999701976776,3.468133807182312
938,60.20880001783371,59.239380359649658,-152.68180006742477,-152.40980690717697,108.69999974966049,49.60014671087265,3,3.2293806374073029
2101,61.89410001039505,62.060454964637756,-149.42480000853539,-149.18282040953636,37.600003182888031,50.13091117143631,3.4999999701976776,3.5784484148025513
346,61.484899997711182,61.362953931093216,-149.44930002093315,-149.07704284787178,44.900000095367432,67.803151905536652,3.7999999970197678,4.0478285104036331
1650,61.602800011634827,61.72996187210083,-150.72920000553131,-150.92958390712738,66.899999976158142,78.718420118093491,3.4999999701976776,3.8621862530708313
2184,60.230700016021729,59.267499208450317,-152.81040000915527,-152.42630982398987,120.80000014975667,41.350781917572021,3.199999988079071,3.1549169719219208
385,61.482100009918213,61.562865674495697,-151.22049996256828,-150.87245723605156,14.399997889995575,75.082439929246902,3.7999999970197678,4.0745498836040497
1210,61.446099996566772,61.494369238615036,-150.0840000025928,-150.26242581009865,26.500001549720764,77.476385980844498,3.6999999582767487,3.9374102801084518
1248,61.466199994087219,61.5960972905159,-149.93970000185072,-150.25810946524143,39.099998772144318,74.26803931593895,3.0999999940395355,3.6261762678623199
243,59.452800035476685,59.325021743774414,-152.79570007324219,-151.51799690723419,86.399998515844345,56.137427687644958,3.0999999940395355,3.0589037239551544
1428,61.480399996042252,61.850841224193573,-149.95469999872148,-150.02980815153569,42.300000786781311,56.397557258605957,3.0999999940395355,3.5300753116607666
936,59.718299984931946,59.196388244628906,-152.29390007257462,-151.88844501972198,66.700000315904617,92.82756969332695,3.3999999761581421,3.5749720931053162
1756,61.572200000286102,61.660523533821106,-149.96249999944121,-150.15397902578115,44.200003147125244,81.758312880992889,3.199999988079071,3.6583421230316162
312,60.741100013256073,60.400315225124359,-150.59690000116825,-150.56578539311886,54.899998009204865,87.261028587818146,3.0999999940395355,3.6945540010929108
2153,59.756999969482422,59.08120584487915,-152.75859993696213,-152.16744196414948,83.500001579523087,56.360691785812378,3.199999988079071,3.0139013528823853
968,60.613999992609024,60.410029411315918,-150.36840000003576,-150.41644817590714,35.40000319480896,95.386650413274765,3,3.1053099632263184
660,62.279600024223328,62.511018872261047,-149.85040000453591,-149.56018660962582,52.199997007846832,44.384106993675232,3.3999999761581421,3.8416953384876251
1772,59.578500032424927,59.085409998893738,-152.65459996461868,-151.25837847590446,78.000001609325409,109.8971851170063,5.5000000298023224,4.5972648896276951
370,61.64139997959137,61.882042765617371,-151.86339998245239,-151.50757169723511,107.79999941587448,37.89152204990387,3.3999999761581421,3.6253855526447296
566,61.746299982070923,61.928417682647705,-149.83450000360608,-149.3216398358345,52.599996328353882,50.311900675296783,3.0999999940395355,3.5331846177577972
1512,61.683499991893768,61.80597186088562,-150.75490003824234,-151.0574554502964,72.00000062584877,75.187802314758301,3,3.5113102197647095
824,61.488599985837936,61.438476204872131,-149.90469999611378,-149.35489010810852,47.600001096725464,64.763948321342468,3.3999999761581421,4.0440849959850311
982,60.076200008392334,59.328219652175903,-152.63089996576309,-151.91123270988464,92.099998146295547,64.443767070770264,3.2999999821186066,3.8375746607780457
1125,61.41100001335144,61.276836037635803,-149.96980000007898,-149.85797575861216,45.999996364116669,78.345742076635361,3.3999999761581421,3.9304209798574448
813,62.300899982452393,62.420951843261719,-150.45409999787807,-150.26920091360807,14.70000296831131,44.28371787071228,3.0999999940395355,3.3200364410877228
778,61.534799993038177,61.531289935112,-149.90190000459552,-149.73253870010376,38.300000131130219,67.243684083223343,3.8999999910593033,3.9072052985429764
1052,61.552500009536743,61.659541368484497,-149.70939999818802,-149.69900929927826,38.300000131130219,61.214976012706757,3.0999999940395355,3.2322964668273926
1393,61.404100000858307,61.807580709457397,-150.07270000129938,-150.47201755642891,39.599999785423279,60.203850269317627,3.199999988079071,3.4658952355384827
1013,59.261899948120117,59.100176095962524,-152.04889994859695,-151.71653205156326,56.000001728534698,77.30194553732872,3,3.3081666827201843
1309,61.472499996423721,61.596605837345123,-149.94109999760985,-150.12886543571949,35.599999129772186,72.469785809516907,3.0999999940395355,3.7219075262546539
1626,62.961699962615967,62.951200485229492,-150.85550004243851,-151.56385517120361,108.79999957978725,16.247168183326721,3.0999999940395355,3.5313774347305298
126,60.916400000452995,61.29557329416275,-152.72140002250671,-151.53913325071335,153.10000069439411,56.989729404449463,3.9999999850988388,4.0364824086427689
887,61.507099986076355,61.505980789661407,-149.85640000551939,-149.53275194764137,45.800000429153442,58.840475976467133,3.199999988079071,3.7969408929347992
1007,60.71450001001358,60.705567121505737,-149.60569998621941,-149.87226190790534,33.399999141693115,98.92987459897995,3.199999988079071,3.5057716369628906
355,61.65310001373291,61.672010183334351,-150.54700000584126,-150.29879980534315,4.9000009894371033,58.872334659099579,3.2999999821186066,3.5556426644325256
1785,60.275799989700317,59.691815495491028,-152.57679998874664,-151.84167230129242,109.30000059306622,75.216770172119141,3.2999999821186066,3.5736955404281616
682,60.368300020694733,60.001366317272186,-151.60140001773834,-151.53281164169312,60.300000011920929,82.680922001600266,3.4999999701976776,3.4547055959701538
1826,61.76419997215271,62.085456728935242,-150.70239999890327,-150.92334061861038,63.400000333786011,65.691530704498291,3.199999988079071,3.5737416744232178
1501,61.431499987840652,61.814118623733521,-150.00629999977536,-147.4539567232132,41.100002825260162,38.37856650352478,3.9999999850988388,3.9418104439973831
984,62.000900030136108,62.459126710891724,-150.41149999201298,-150.44535264372826,59.799998998641968,78.197512775659561,3.0999999940395355,3.562816858291626
1717,60.150799989700317,59.485021948814392,-152.44400006532669,-151.70736086368561,93.299999833106995,79.966727644205093,3.6999999582767487,4.0601824522018433
140,59.979200005531311,59.387002348899841,-152.16140002012253,-151.35116073489189,87.600000202655792,75.510375201702118,3.3999999761581421,3.5159261226654053
1712,62.196200013160706,62.648442268371582,-151.03910002112389,-150.37231224775314,67.200001329183578,62.750585377216339,3.199999988079071,3.395149827003479
2056,62.345000028610229,62.551906228065491,-148.92329996824265,-148.96904665231705,46.800002455711365,47.399714589118958,3.6999999582767487,3.7554079592227936
1740,60.576200008392334,60.215498268604279,-151.77689999341965,-151.3877886235714,76.200000941753387,83.986543118953705,3.3999999761581421,3.6745253205299377
1872,60.802799999713898,61.127601027488708,-147.14259999990463,-147.45882511138916,17.899997532367706,64.181379973888397,3.5999999642372131,3.8212140798568726
1302,61.341699987649918,61.518604516983032,-149.99569999985397,-149.9638103954494,44.500000774860382,69.459080696105957,4.5,4.3597351089119911
1112,59.451599955558777,60.363898932933807,-147.02669996023178,-147.21731275320053,12.900002300739288,3.4434050321578979,3.2999999821186066,3.1607766151428223
1703,62.778800010681152,62.773230195045471,-150.66759999096394,-150.06966152228415,94.39999982714653,30.609793961048126,3,3.4718992710113525
711,62.27839994430542,62.739193916320801,-150.96930000185966,-150.28018697351217,72.500001639127731,52.901148796081543,3.2999999821186066,3.6033559441566467
1701,61.150999993085861,61.242310613393784,-148.42399996519089,-148.4419412612915,20.300000905990601,60.730479657649994,3.199999988079071,3.2835924625396729
2000,62.817700028419495,62.912983775138855,-150.98079997301102,-151.25865671038628,95.599999651312828,20.388029515743256,3,3.385045051574707
10,60.609200000762939,60.416018962860107,-151.83569991588593,-151.54781323671341,75.899999588727951,68.342741578817368,3.5999999642372131,3.8089425265789032
1333,61.456699997186661,61.345303744077682,-149.9579999987036,-150.30568727105856,47.200001776218414,86.388833820819855,3,3.5698111653327942
2172,61.633400022983551,61.903046011924744,-151.59399998188019,-151.44290658831596,93.400001525878906,50.936810672283173,3.3999999761581421,3.3072214722633362
754,61.984000027179718,62.711108207702637,-151.88530004024506,-150.88139149546623,97.899999469518661,26.311308145523071,3.9999999850988388,3.5402218401432037
626,62.721500039100647,62.835901975631714,-149.02349996566772,-149.10619059205055,60.999996960163116,32.254956662654877,3.199999988079071,3.365133136510849
1323,61.504299998283386,61.844998955726624,-149.96279999893159,-149.62865236401558,37.600003182888031,60.301229357719421,3.8999999910593033,3.5837795734405518
129,61.629499971866608,62.456524968147278,-151.97399997711182,-151.15874469280243,92.799998819828033,12.907467782497406,3,3.0193270146846771
843,62.315299987792969,62.35810375213623,-149.09139999747276,-149.46468423306942,50.399996340274811,36.037027835845947,3.2999999821186066,3.1136095225811005
323,62.347900032997131,62.611251592636108,-149.11889997124672,-149.16734915971756,0.10000169277191162,48.082664608955383,3,3.0607283413410187
1738,61.902899980545044,62.173692941665649,-150.79179999232292,-150.80958366394043,57.199999690055847,74.035432189702988,3.199999988079071,3.6965179145336151
14,59.578500032424927,59.144290924072266,-152.43580001592636,-151.55888164043427,73.100000619888306,83.103891462087631,3.5999999642372131,3.4867002367973328
2093,61.281399995088577,61.512218236923218,-147.2140000462532,-147.35239666700363,18.799997866153717,46.472795307636261,3.0999999940395355,3.2742613255977631
215,60.096599996089935,59.307604670524597,-152.82799994945526,-152.23270028829575,108.79999957978725,54.703116416931152,3.0999999940395355,3.4599144458770752
1270,61.460999995470047,61.549232125282288,-149.95199999772012,-150.11557512357831,41.599996387958527,75.340572744607925,3.4999999701976776,3.7622375786304474
2066,62.417999982833862,62.640312910079956,-150.983000010252,-150.725361764431,68.700000643730164,62.703069299459457,3.199999988079071,3.1903636157512665
1259,61.478500008583069,61.528947114944458,-149.92569999955595,-150.04227605648339,44.79999840259552,73.719881474971771,3.4999999701976776,3.8490276485681534
864,60.96339999884367,60.475386500358582,-150.80849996209145,-151.04887676239014,47.600001096725464,90.064655989408493,3.0999999940395355,3.5906595289707184
516,61.323399990797043,61.48979452252388,-147.02600008249283,-147.31930464506149,15.199996531009674,44.393345713615417,3.199999988079071,3.3451348543167114
597,62.128700017929077,62.382732391357422,-149.67410000413656,-149.42964139580727,37.10000216960907,49.222692847251892,3.3999999761581421,3.7960606813430786
195,60.092999994754791,59.198099136352539,-152.85610002279282,-152.48779231309891,108.50000008940697,42.532838881015778,3,3.006957471370697
288,61.506399989128113,61.482778668403625,-149.84560000151396,-149.46980617940426,42.800001800060272,61.379186809062958,3.0999999940395355,3.9473826438188553
950,61.486000001430511,61.584406733512878,-150.61519999802113,-151.03151348233223,57.40000307559967,88.178571313619614,3.4999999701976776,4.0040300935506821
1402,61.402200013399124,61.692741453647614,-150.01900000032037,-149.8612263277173,38.099996745586395,66.510122269392014,3,3.11869016289711
1637,59.470100045204163,59.285716414451599,-151.32240003347397,-151.12039965391159,45.400001108646393,74.982635676860809,3.8999999910593033,3.7234309315681458
1120,61.375900000333786,61.398256838321686,-150.0246000001207,-150.15136850997806,42.999997735023499,81.667806953191757,3.7999999970197678,3.8994008302688599
549,61.981800019741058,62.730328798294067,-152.16720002889633,-151.18992036581039,126.20000005699694,15.425719320774078,3.3999999761581421,3.5185725688934326
156,61.881399989128113,61.940081834793091,-149.22819998860359,-148.73020416498184,3.2000020146369934,78.397080302238464,3.2999999821186066,3.2464869618415833
419,61.666299998760223,61.647361397743225,-149.91039999760687,-149.69783169776201,19.199997186660767,64.636703580617905,3.4999999701976776,3.7988980114459991
922,60.440599977970123,59.962324500083923,-152.02590000629425,-151.40532302856445,81.599999219179153,84.242597222328186,3.2999999821186066,3.3964941501617432
477,60.397499978542328,60.597598731517792,-149.01170003414154,-149.44145795702934,30.100002884864807,105.70863261818886,4.2999999895691872,4.5473493039608002
2071,61.521700024604797,61.640267610549927,-149.84650000557303,-149.76745473593473,55.699996650218964,68.09438019990921,3.8999999910593033,3.8307195156812668
553,61.926800012588501,62.762440085411072,-152.09969991445541,-151.09675651788712,121.19999993592501,20.407907664775848,3,3.1584421098232269
390,60.921899996697903,60.945765413343906,-150.8774000108242,-150.64953209459782,15.000000596046448,98.631791770458221,3.3999999761581421,3.3740084767341614
578,60.314499974250793,60.085680961608887,-151.77149999141693,-151.5015612244606,61.300002038478851,78.322634100914001,3.3999999761581421,3.5162388682365417
2033,62.853000044822693,62.87381637096405,-148.9685999751091,-148.89165410399437,63.499998301267624,38.179412484169006,4.2999999895691872,3.8684524297714233
1364,61.460200011730194,61.568474888801575,-150.00020000000222,-150.1258131377399,45.699998736381531,70.160087198019028,3.2999999821186066,3.299763411283493
2016,59.232300043106079,59.05598258972168,-152.59299999475479,-151.42797142267227,71.600001305341721,58.290421962738037,3.199999988079071,3.0036553144454956
820,59.727300047874451,59.171532154083252,-152.42620003223419,-152.05342626571655,87.999999523162842,77.303793281316757,3.199999988079071,3.7374281287193298
2113,60.44379997253418,59.954705238342285,-152.18830007314682,-151.4439463019371,86.800001561641693,77.609121799468994,3.199999988079071,3.3870445489883423
1006,61.454699993133545,61.700619757175446,-149.93540000170469,-150.10964125022292,41.4000004529953,71.669381111860275,3.199999988079071,3.6686435043811798
1247,61.319799989461899,61.359871059656143,-150.04949999973178,-150.14080917835236,34.900002181529999,84.316294640302658,3.3999999761581421,3.7091907262802124
664,60.142400026321411,59.354624032974243,-152.9821999669075,-152.72799378633499,119.7999999858439,33.827133476734161,3.0999999940395355,3.2165853381156921
1789,60.100499987602234,59.243016004562378,-152.79919999837875,-152.05187773704529,108.59999991953373,43.896973133087158,3.3999999761581421,3.3881317377090454
142,60.329200029373169,59.584811568260193,-152.6431000828743,-152.21423810720444,105.90000078082085,67.199490964412689,3,3.1686737537384033
1804,60.929099999368191,61.380669087171555,-147.00950002670288,-147.29716747999191,8.1999972462654114,35.540416836738586,3,3.059814065694809
1403,61.406100004911423,61.428072512149811,-150.10809999704361,-150.30838747322559,39.999999105930328,81.446219235658646,3.5999999642372131,3.5168609619140625
421,61.379700005054474,61.426597684621811,-149.8146000020206,-149.82709895074368,31.099997460842133,77.384136617183685,3,3.3396646678447723
799,61.420199990272522,61.510329484939575,-149.93289999850094,-149.97315457463264,38.900002837181091,72.648871690034866,3,3.4201453328132629
615,59.35860002040863,59.065339207649231,-152.39330005645752,-151.83843648433685,71.100000292062759,84.641009569168091,3.7999999970197678,3.7043247520923615
295,59.740599989891052,59.251027464866638,-152.15779995918274,-151.99312037229538,62.800001353025436,83.538822829723358,3.3999999761581421,3.4988569021224976
401,61.697399973869324,62.075911641120911,-150.94200003147125,-150.78936275839806,65.600000321865082,61.488144099712372,3.4999999701976776,4.1730579882860184
88,62.156599998474121,62.458660364151001,-150.69770000874996,-150.31214540451765,10.999999940395355,55.209532380104065,3.4999999701976776,3.9564681351184845
1578,60.375,60.249128878116608,-150.28369999676943,-150.68280610442162,43.200001120567322,108.73060114681721,3,3.3105312287807465
2171,59.643900036811829,59.173182487487793,-151.87339997291565,-151.21147218346596,57.300001382827759,87.691877037286758,3,3.044111430644989
131,62.434200048446655,62.447986125946045,-151.11759996414185,-150.6132805198431,13.199999928474426,54.778456687927246,3,3.2717181444168091
1699,60.276099979877472,60.067489624023438,-150.96889999508858,-150.8570536673069,62.800001353025436,87.76029571890831,3.7999999970197678,3.886526495218277
1271,61.45770001411438,61.66223555803299,-150.05390000157058,-150.15361475944519,21.700002253055573,69.976724684238434,3.199999988079071,3.5554309487342834
1596,60.017099976539612,59.171447038650513,-152.86419993638992,-152.00891661643982,103.9000004529953,51.776140928268433,3.4999999701976776,3.5750395953655243
1783,59.936900019645691,59.15010404586792,-152.81309992074966,-152.42096275091171,104.00000028312206,42.661949992179871,3.199999988079071,3.1491571962833405
724,60.174499988555908,60.045056700706482,-151.20129999518394,-151.2507358789444,56.199997663497925,108.57737250626087,3.8999999910593033,3.5919755101203918
1473,61.406199991703033,61.313141584396362,-150.06250000186265,-149.32005590200424,32.200001180171967,72.21667468547821,3.2999999821186066,3.4088670015335083
269,62.885900020599365,62.869111061096191,-150.54289998114109,-150.3394123390317,90.900000184774399,42.713120579719543,3.6999999582767487,3.9726653248071671
1616,59.701200008392334,59.057549357414246,-152.94370007514954,-152.12312382459641,91.40000119805336,50.167039036750793,3,3.1759873330593109
917,61.801199972629547,62.251165986061096,-150.30999999493361,-150.40219277143478,48.900000751018524,64.418990164995193,3.2999999821186066,3.5142737030982971
1748,60.321600019931793,59.169366240501404,-151.93249994516373,-152.36140644550323,193.9999982714653,4.5898184180259705,3.0999999940395355,3.1327767670154572
1565,62.32260000705719,62.712240219116211,-151.19420000910759,-150.80324703454971,84.100000560283661,47.070890665054321,3.4999999701976776,3.8978046923875809
1221,61.468699991703033,61.498922377824783,-149.91230000182986,-149.92617114633322,35.80000251531601,72.996266186237335,3.6999999582767487,3.9172147661447525
375,61.368999987840652,61.273012340068817,-150.1744000017643,-149.78576315939426,46.999998390674591,74.677065014839172,3.3999999761581421,3.7548431307077408
333,62.337000012397766,62.612073540687561,-148.92090001702309,-149.17631024122238,4.9000009894371033,49.498885869979858,3,3.3782298266887665
1374,61.379900008440018,61.416182845830917,-149.99790000007488,-150.32254888862371,40.200002491474152,86.062956601381302,3.0999999940395355,3.2047807574272156
2072,61.619199991226196,61.805916786193848,-150.87979996204376,-151.04645025730133,63.999999314546585,71.884449571371078,3.6999999582767487,3.811457633972168
1118,61.337300002574921,61.43788355588913,-149.97750000050291,-150.31850185990334,41.599996387958527,86.455821990966797,3,3.2387725710868835
910,62.952399969100952,62.898913264274597,-148.1042999625206,-147.93002021312714,58.20000171661377,33.303387463092804,3.0999999940395355,3.4430968165397644
776,61.516600012779236,61.444100856781006,-149.91750000044703,-149.67227201163769,43.700002133846283,69.200702011585236,4.3999999947845936,4.4356655795127153
1335,61.358599990606308,61.504344046115875,-149.98260000022128,-150.03413822036237,37.699997425079346,74.003871530294418,3.4999999701976776,3.814840704202652
328,60.307399988174438,59.337843775749207,-152.95490008592606,-152.39702939987183,138.60000018030405,34.146673977375031,3.3999999761581421,3.5112131237983704
1820,60.02240002155304,59.461233615875244,-152.74130004644394,-151.8795268535614,92.799998819828033,69.643847644329071,3.9999999850988388,4.3287544324994087
12,60.057299971580505,59.27750551700592,-152.94470000267029,-152.19693034887314,113.4000001475215,42.196661233901978,3,3.2409077882766724
897,59.417600035667419,59.054569602012634,-152.87779998779297,-151.86248660087585,76.499998569488525,58.959245681762695,3.0999999940395355,3.2153676152229309
171,60.619899988174438,60.180692732334137,-151.19569998979568,-150.98215761780739,50.700001418590546,84.085077047348022,3,3.2939547300338745
260,60.431999981403351,59.949308156967163,-151.89929991960526,-151.39652627706528,73.899999260902405,74.834872037172318,3.0999999940395355,3.2650126218795776
1435,61.375099986791611,61.929851233959198,-149.98959999997169,-149.85987398028374,39.599999785423279,45.996539294719696,3,3.0703718662261963
1680,59.513499975204468,59.087366342544556,-152.71979999542236,-151.63960361480713,78.600000590085983,58.103621006011963,3,3.2254320681095123
901,60.743099987506866,60.949211463332176,-147.15349996089935,-147.35873293876648,16.999997198581696,66.143188625574112,3.199999988079071,3.3761928677558899
258,61.201299995183945,61.247379034757614,-147.40379995107651,-147.5476770401001,8.1999972462654114,48.869900405406952,3.199999988079071,3.1795708537101746
844,59.956799983978271,59.291820168495178,-152.89840006828308,-152.49861431121826,107.59999975562096,62.893096357584,3.8999999910593033,4.0069039463996887
138,59.89110004901886,59.123781323432922,-152.9297000169754,-151.81982588768005,91.899998486042023,47.086238861083984,3.3999999761581421,3.3717916309833527
319,61.588900029659271,61.673552393913269,-148.94830003380775,-148.62686079740524,26.799999177455902,69.865331053733826,3.4999999701976776,3.6629127860069275
1856,62.92929995059967,62.944743990898132,-151.33209997415543,-151.56398552656174,110.7999999076128,17.303526401519775,3.199999988079071,3.6492659747600555
1460,61.53659999370575,62.042523622512817,-149.91079999879003,-150.29224629700184,51.399998366832733,77.338051050901413,3,3.192942202091217
1394,61.375299990177155,61.825609803199768,-150.0702999997884,-150.64579676091671,41.599996387958527,40.399789810180664,3.2999999821186066,3.4782195389270782
558,59.476899981498718,59.1320481300354,-152.43059992790222,-152.34687566757202,88.100001215934753,61.365246772766113,3.199999988079071,3.2234454452991486
139,62.854400038719177,62.849750757217407,-150.50800001621246,-150.34853298962116,101.60000063478947,23.811563849449158,3.8999999910593033,4.1097265630960464
112,61.389299988746643,61.338410675525665,-150.09530000388622,-149.81002543866634,19.199997186660767,78.271046280860901,3,3.2828088104724884
531,59.990900039672852,59.370128035545349,-152.46320003271103,-151.76138716936111,100.09999945759773,76.044674962759018,3.6999999582767487,4.1961883306503296
224,59.334499955177307,59.121773600578308,-152.95809996128082,-152.6245733499527,80.60000091791153,66.730637103319168,4.0999999791383743,3.7375167310237885
723,59.548799991607666,59.05039918422699,-152.96660006046295,-152.26338315010071,94.900000840425491,63.066400587558746,3.6999999582767487,3.6439894437789917
2045,61.717499971389771,62.48175036907196,-152.08520007133484,-150.9397152364254,117.10000038146973,15.483565628528595,3.3999999761581421,3.209583967924118
1744,61.349599987268448,61.698221981525421,-151.68530005216599,-151.54429364204407,77.599998563528061,42.305007576942444,3,3.4425347149372101
325,59.545300006866455,59.18205714225769,-152.08560007810593,-151.76036828756332,56.10000342130661,94.585087150335312,3.6999999582767487,3.8959180265665054
1949,62.49619996547699,61.997610569000244,-148.33959996700287,-147.80360555648804,16.800001263618469,43.727755546569824,3.0999999940395355,3.168165385723114
1285,61.392199993133545,61.522879719734192,-150.09090000204742,-150.33143980801105,20.000003278255463,80.507088452577591,3.199999988079071,3.110032707452774
714,61.319999992847443,61.171428561210632,-150.03359999880195,-149.57409788668156,39.999999105930328,78.967276960611343,3.4999999701976776,3.8882515579462051
846,59.947199940681458,59.57521378993988,-148.4410999417305,-149.60227623581886,8.1000030040740967,61.301656067371368,3.0999999940395355,3.1559725105762482
193,62.156700015068054,62.678157329559326,-152.59359991550446,-151.82849979400635,1.0000020265579224,55.247925221920013,3.8999999910593033,3.8452128320932388
573,61.927500009536743,62.659661769866943,-152.09650003910065,-151.22910895943642,110.39999965578318,19.368469715118408,3,3.5654931664466858
946,61.410800009965897,61.573082864284515,-150.4387000054121,-150.52921897172928,61.999998986721039,72.323888540267944,4.0999999791383743,4.2843465730547905
503,60.924800001084805,61.640921056270599,-152.8154000043869,-152.49815046787262,131.30000000819564,27.275748550891876,3.0999999940395355,3.171793520450592
1389,61.420800000429153,61.582759499549866,-149.91509999893606,-150.28281024098396,46.400003135204315,76.361674815416336,3,3.3507957458496094
1379,61.480399996042252,61.625804662704468,-149.91349999979138,-149.61880803108215,30.000001192092896,59.362389147281647,3.4999999701976776,3.6496260166168213
645,60.048200011253357,59.203567266464233,-152.97130000591278,-152.16057586669922,111.70000024139881,41.131824254989624,3,3.2647910714149475
3,60.204999983310699,59.662784576416016,-151.73360002040863,-151.14271000027657,63.999999314546585,89.528594166040421,3.9999999850988388,3.7147884964942932
1361,61.371800005435944,61.465863943099976,-150.04319999925792,-150.44193291664124,34.400001168251038,86.064226925373077,3,3.4627287089824677
467,61.704599976539612,61.970854640007019,-151.00119996070862,-151.1852333843708,53.900003433227539,72.905056178569794,3.5999999642372131,3.7276836633682251
5,60.657400012016296,60.435686826705933,-151.20469996333122,-151.3260909318924,63.700001686811447,84.470693022012711,3.3999999761581421,3.518391877412796
1901,60.425000011920929,59.05891752243042,-152.15199995040894,-152.02685737609863,78.499998897314072,105.89736886322498,3.8999999910593033,4.5450267484411597
547,62.514899969100952,62.835312247276306,-151.54820001125336,-151.22855561971664,97.100000828504562,35.36311537027359,4.0999999791383743,4.1137888580560684
228,60.171500027179718,59.591108322143555,-152.00300002098083,-151.52776765823364,68.399999290704727,92.468425631523132,3.4999999701976776,3.786190465092659
1063,61.466399997472763,61.515018820762634,-149.63819999992847,-149.47602818906307,46.899996697902679,63.985913991928101,3.5999999642372131,3.9219838678836823
542,60.901799999177456,61.194458201527596,-147.63230001926422,-147.75262069702148,28.700001537799835,68.349853157997131,3,3.3733467757701874
242,59.640499949455261,59.085880398750305,-152.79290002584457,-152.39955121278763,99.99999962747097,59.71730500459671,3.2999999821186066,3.1223326921463013
898,60.005999982357025,59.175918459892273,-152.84999996423721,-152.1972531080246,112.30000015348196,55.319935083389282,3.9999999850988388,4.0115460902452469
1343,61.302899986505508,61.353462249040604,-149.93749999813735,-150.16578279063106,45.000001788139343,83.098262548446655,3.8999999910593033,4.0295125097036362
1160,61.442999988794327,61.547942996025085,-149.85389999672771,-150.16177596151829,43.600000441074371,76.544810086488724,3.4999999701976776,3.7063652873039246
2082,61.010800000280142,60.785155907273293,-151.38299998641014,-151.52930116653442,82.299999892711639,79.172194004058838,3.3999999761581421,3.8458978682756424
1290,61.359699994325638,61.449921905994415,-150.0846999976784,-150.31008913367987,27.500003576278687,86.277980357408524,3.0999999940395355,3.3378654420375824
842,60.789599999785423,60.166974663734436,-151.44800001382828,-151.35936141014099,69.40000131726265,87.087932974100113,3.8999999910593033,4.072736844420433
1690,60.004599988460541,59.359495401382446,-152.95139998197556,-151.87999927997589,112.30000015348196,41.803717613220215,3.0999999940395355,3.4832023680210114
2054,61.32490000128746,61.441004455089569,-150.63289998471737,-150.65844105184078,53.599998354911804,85.671696811914444,3.6999999582767487,3.7683524340391159
276,61.441700011491776,61.345824152231216,-149.47649998962879,-149.07324269413948,40.50000011920929,68.397935479879379,3.5999999642372131,3.9388265758752823
661,62.466899991035461,62.52464234828949,-148.24300003051758,-147.70315307378769,42.000003159046173,60.752332210540771,3.9999999850988388,3.8744499832391739
1430,61.38510000705719,61.530377388000488,-150.05230000242591,-150.37014669924974,38.999997079372406,78.345127403736115,3,3.1661978960037231
314,61.996900022029877,62.308064699172974,-150.73139999806881,-150.58444207906723,5.9999972581863403,52.728205919265747,3.0999999940395355,3.4947123527526855
691,62.069499969482422,62.040220856666565,-148.40840005874634,-148.22595727443695,0,80.127600580453873,3,3.202522873878479
1790,61.722500026226044,61.828717648983002,-148.20260006189346,-148.2169543504715,8.6999982595443726,60.259997844696045,3,3.085048109292984
424,59.658599972724915,59.126209497451782,-152.67129993438721,-151.98755085468292,82.299999892711639,72.450727224349976,3.5999999642372131,3.6542541682720184
594,59.778300046920776,59.097758293151855,-152.99620002508163,-152.47717076539993,100.09999945759773,40.978997945785522,3.2999999821186066,3.1880814135074615
2185,60.633799999952316,60.532907158136368,-150.2381000071764,-150.21958004683256,42.499996721744537,99.509164690971375,3.4999999701976776,3.3287825882434845
622,62.676300048828125,62.722685813903809,-149.69770000129938,-149.94009112380445,12.299999594688416,37.967145442962646,3.3999999761581421,3.7129111289978027
1387,61.465799987316132,61.633476138114929,-149.90100000053644,-150.16596462205052,31.860001385211945,70.136945694684982,3.0999999940395355,3.2430878877639771
1991,62.775500059127808,62.831968545913696,-149.27470001578331,-149.28867137432098,66.700000315904617,36.769211292266846,4.0999999791383743,4.351060789078474
227,59.024500012397766,59.096471905708313,-152.54350000619888,-152.41435253620148,63.099998980760574,59.832960367202759,3.199999988079071,3.0406562983989716
1980,59.505499958992004,59.069475769996643,-152.5922999382019,-151.63164693117142,73.100000619888306,72.161763906478882,3.0999999940395355,3.1807267069816589
1169,61.46560001373291,61.520582497119904,-149.62839999049902,-149.65333512425423,44.39999908208847,66.268689930438995,3.5999999642372131,3.8485503941774368
1668,62.898300051689148,62.892961382865906,-149.92129999771714,-149.66443258523941,79.599998891353607,41.862323880195618,4.3999999947845936,4.9358969181776047
1304,61.413199990987778,61.448661357164383,-149.61349998414516,-149.16943833231926,180.39999902248383,64.3937848508358,3.3999999761581421,3.2954367399215698
66,61.745899975299835,62.079187870025635,-150.91909995675087,-150.79023143649101,63.000001013278961,52.098065614700317,3,3.326377272605896
24,59.103399991989136,59.053256630897522,-152.42370003461838,-151.92961549758911,49.400001764297485,82.94982835650444,3.199999988079071,3.1112558841705322
1235,61.345800012350082,61.638083696365356,-149.99869999999646,-149.8413764052093,40.299996733665466,65.221305936574936,4.8000000044703484,4.7617553919553757
144,60.406300008296967,59.739865064620972,-152.14220005273819,-151.08733642101288,82.899998873472214,86.700588464736938,3,3.3540534675121307
536,60.952899999916553,60.896508939564228,-151.38299998641014,-151.40244895219803,53.000003099441528,90.363875031471252,3.0999999940395355,3.2893304228782654
811,60.31879997253418,59.859898209571838,-151.76569998264313,-151.64527451992035,68.700000643730164,89.324191212654114,3.3999999761581421,3.625637412071228
1355,61.364399999380112,61.461093187332153,-150.05859999731183,-150.33857645094395,32.700002193450928,83.783172070980072,3.0999999940395355,3.4211753904819489
85,62.088000059127808,62.596342921257019,-151.40529996156693,-150.99125933647156,81.90000057220459,37.153013050556183,3.0999999940395355,3.3309896886348724
1580,62.58840000629425,62.757675528526306,-149.62550000846386,-149.51060816645622,63.499998301267624,26.541978120803833,3.2999999821186066,3.7205356657505035
2081,62.889400005340576,62.934642195701599,-149.05799996852875,-148.97599500417709,73.69999960064888,25.345921516418457,4.0999999791383743,3.689882218837738
1272,61.361799985170364,61.463805705308914,-150.14410000294447,-150.39322006702423,9.9999979138374329,82.84318819642067,3.199999988079071,3.3625112771987915
484,61.592999994754791,61.570707082748413,-149.65129999816418,-149.06952068209648,38.599997758865356,58.807447552680969,3.4999999701976776,3.9303609430789948
1889,62.137699961662292,62.307896852493286,-150.39920000731945,-149.61162820458412,9.9000036716461182,36.861784756183624,3,3.3705789148807526
2108,62.218299984931946,62.550601959228516,-149.95139999873936,-149.93240314722061,54.300002753734589,62.485955655574799,3.0999999940395355,3.1358140110969543
2120,60.491999983787537,60.580760926008224,-148.85690000653267,-149.48087422549725,38.900002837181091,97.090195864439011,3.3999999761581421,3.7312581539154053
1356,61.489399999380112,61.820386707782745,-149.94800000265241,-150.26477497816086,37.500001490116119,65.223895013332367,3.0999999940395355,3.0906132459640503
362,59.922700047492981,59.691336393356323,-148.87810000777245,-149.44258113205433,10.099999606609344,71.051321923732758,3.5999999642372131,3.5010066032409668
1914,59.817000031471252,59.107957005500793,-152.90189999341965,-152.06575173139572,106.39999993145466,57.835593819618225,3.9999999850988388,4.0403237342834473
1366,61.485500007867813,61.548980832099915,-149.94290000014007,-150.21779255568981,39.800003170967102,73.723658919334412,3.3999999761581421,3.5234110951423645
1026,61.432200014591217,61.430410087108612,-149.88800000399351,-149.55043262243271,33.299997448921204,66.831246018409729,3.0999999940395355,3.7697136998176575
1030,60.522100001573563,60.856794133782387,-150.1896999925375,-151.22011542320251,41.900001466274261,99.522067233920097,3.199999988079071,3.5997957587242126
2182,61.874000012874603,62.268022298812866,-150.82100003957748,-150.92112135887146,74.09999892115593,59.440366923809052,3.2999999821186066,3.5298335552215576
1609,60.208199977874756,59.887649774551392,-151.01170000433922,-150.93770742416382,60.000002384185791,85.680581629276276,3.0999999940395355,3.5426614880561829
1467,61.411100000143051,61.628369033336639,-150.09160000272095,-147.75969243049622,31.199999153614044,25.911904871463776,3.199999988079071,3.0394084453582764
665,62.481799960136414,62.425692200660706,-148.23880004882812,-147.43956649303436,20.499996840953827,47.595247626304626,3,3.2293224334716797
364,61.733799993991852,61.922802090644836,-151.70200002193451,-151.45886296033859,90.599998831748962,43.306499719619751,3.3999999761581421,3.5141707062721252
1239,61.399300009012222,61.511286854743958,-150.06469999998808,-150.29216402024031,36.100000143051147,77.346373349428177,3.9999999850988388,4.2640413790941238
77,60.074599981307983,59.110853672027588,-152.93510001897812,-152.04563874006271,112.59999964386225,39.587318897247314,3,3.0898427367210388
27,61.504899978637695,61.541133105754852,-150.00310000008903,-149.93323121778667,35.099998116493225,70.180382579565048,3.5999999642372131,3.7385163903236389
1711,62.757300019264221,62.781902074813843,-148.31660002470016,-147.96466290950775,56.50000274181366,50.568550825119019,3.7999999970197678,3.9485815018415451
525,60.779699996113777,60.588674604892731,-152.03450006246567,-151.68779540061951,88.399998843669891,71.930211037397385,4.8000000044703484,5.2369198948144913
725,62.14520001411438,62.431645512580872,-150.38140001893044,-150.11911182850599,60.199998319149017,54.607473313808441,3.0999999940395355,3.030063271522522
55,60.326300024986267,59.721358776092529,-152.18099999427795,-151.40676721930504,104.10000011324883,81.868115812540054,3,3.524031937122345
638,62.232800006866455,62.317423105239868,-150.50270001590252,-150.43039467930794,6.4999982714653015,60.067228972911835,3.9999999850988388,4.0457982569932938
302,60.701900005340576,60.153311908245087,-152.08410000801086,-151.48641890287399,88.799998164176941,77.673207968473434,3.4999999701976776,3.7311084866523743
718,61.319000005722046,61.179130420088768,-149.93340000137687,-149.29610878229141,45.999996364116669,80.952655524015427,5.3000000417232513,5.282487541437149
1441,61.432900011539459,61.557901740074158,-149.920399999246,-149.58861167728901,41.79999977350235,55.915065109729767,3.199999988079071,3.1801450252532959
624,62.866999983787537,62.885399341583252,-149.81819999590516,-149.56056135892868,78.000001609325409,35.481296479701996,3.2999999821186066,3.7589696198701859
7,60.525499999523163,60.913659282028675,-147.18089997768402,-147.41340529918671,1.5999972820281982,51.41197144985199,3.2999999821186066,3.1363880932331085
1280,61.482699990272522,61.666152834892273,-150.05190000124276,-150.4126323312521,31.199999153614044,74.989631772041321,3.0999999940395355,3.1928584277629852
803,62.326799988746643,62.594365477561951,-150.51860001683235,-150.34279357641935,61.599999666213989,51.518484950065613,3.199999988079071,3.3196674585342407
1049,59.840399980545044,59.06275475025177,-152.96670001745224,-151.96132278442383,95.69999948143959,46.482324600219727,3.0999999940395355,3.3316918909549713
336,62.369199991226196,62.810725450515747,-150.13630000501871,-149.77696222811937,59.10000205039978,33.929929137229919,3.199999988079071,3.4440270066261292
47,61.652700006961823,62.184390425682068,-150.97940003871918,-150.80536732077599,62.399998307228088,46.554312109947205,3.0999999940395355,3.1394033432006836
1762,61.940599977970123,61.856465101242065,-149.24180004000664,-148.98910903930664,3.300003707408905,60.578763484954834,3.5999999642372131,3.9104114770889282
106,62.348000049591064,62.44342303276062,-149.15850001573563,-149.2015166580677,3.4999996423721313,37.912137806415558,4.0999999791383743,4.2546466514468193
349,59.02839994430542,59.066779971122742,-151.19259998202324,-151.14235469698906,41.699998080730438,70.065949112176895,4.7000000104308128,3.748830646276474
1079,61.503000020980835,61.559700727462769,-149.88670000433922,-150.16740559414029,45.800000429153442,81.210929900407791,3.199999988079071,3.7467396855354309
238,61.26460000872612,61.130402356386185,-149.93400000035763,-149.46361881494522,39.899997413158417,83.288513123989105,4.1999999955296516,4.0400329381227493
213,60.150799989700317,59.462041854858398,-152.89010006189346,-152.63984835147858,117.10000038146973,42.202897369861603,3,3.2508711218833923
1144,61.248199999332428,61.166550561785698,-149.89200000464916,-149.76491658389568,46.49999737739563,84.927700459957123,3.199999988079071,3.419348269701004
2106,59.167999982833862,59.080172061920166,-152.73710006475449,-152.30757111310959,72.700001299381256,66.526647657155991,3,3.001239538192749
1691,61.419999986886978,61.47979861497879,-149.94890000112355,-150.25365371257067,30.100002884864807,81.452559679746628,3,3.4462366104125977
793,61.173500001430511,61.204850256443024,-149.32369999587536,-149.1816987991333,34.699998795986176,80.784261226654053,4.0999999791383743,4.1782741695642471
1096,61.365700006484985,61.442637234926224,-150.01610000012442,-150.32595898211002,39.200000464916229,84.616690874099731,3.0999999940395355,3.4830645024776459
2075,62.554800033569336,62.783819675445557,-151.44369998574257,-151.20662596821785,91.80000051856041,26.20890736579895,3.199999988079071,3.3039232492446899
1332,61.356400012969971,61.440913498401642,-150.09339999966323,-150.30668491870165,33.500000834465027,82.929909229278564,3.3999999761581421,3.6488180458545685
2107,60.071200013160706,59.339238882064819,-152.88239997625351,-152.20926761627197,120.99999981001019,50.283268094062805,3.9999999850988388,3.9282546937465668
1987,61.195899993181229,61.235690325498581,-147.72059994935989,-147.77860379219055,38.999997079372406,74.191000312566757,3.199999988079071,3.5314136445522308
523,61.241400003433228,61.622094392776489,-150.66940002143383,-150.65630672872066,41.199997067451477,76.910987496376038,3,3.1595108807086945
232,60.357100009918213,60.031440675258636,-150.69699999690056,-150.61101973056793,61.899997293949127,72.940938174724579,3.2999999821186066,3.6370944678783417
644,60.581699997186661,60.336828052997589,-151.78289991617203,-151.73094499111176,82.100000232458115,99.616171792149544,4.5,4.2950578629970551
2020,62.678599953651428,62.672165393829346,-149.80419999361038,-149.7354062050581,6.9999992847442627,35.482421517372131,3.199999988079071,3.3258946537971497
533,62.545799970626831,62.792653322219849,-151.49759995937347,-151.12165948748589,90.700000524520874,32.954029738903046,3.3999999761581421,3.7694931328296661
1795,61.045400001108646,61.105062678456306,-148.37610000371933,-148.6753725707531,12.599997222423553,96.691600978374481,3.4999999701976776,3.4231175780296326
603,59.106299996376038,59.080710411071777,-152.27640008926392,-151.96398603916168,66.899999976158142,69.023698568344116,3.0999999940395355,3.0370643734931946
1429,61.465799987316132,61.535355150699615,-149.95910000056028,-150.12214737385511,39.499998092651367,71.169957518577576,3.6999999582767487,3.6085328757762909
1074,61.480800002813339,61.546304285526276,-149.91079999879003,-150.10742846131325,26.299998164176941,74.4154192507267,3.0999999940395355,3.5823527276515961
1550,62.135599970817566,62.31293511390686,-149.70939999818802,-149.49747884273529,54.999999701976776,41.326195001602173,4.1999999955296516,4.3842069581151009
60,61.199000000953674,61.121788024902344,-149.6626999899745,-149.3332646638155,38.699999451637268,85.479125380516052,3.7999999970197678,3.8897266387939453
2100,60.403999984264374,59.884570598602295,-152.057000041008,-151.39161837100983,86.800001561641693,84.96730774641037,3,3.0216830670833588
92,60.025499999523163,59.378385543823242,-152.67190003395081,-152.49270379543304,107.10000060498714,52.449114620685577,3.0999999940395355,3.2583565413951874
666,61.632000029087067,61.777113318443298,-149.52979999780655,-148.79643398523331,20.400002598762512,72.940357029438019,3.0999999940395355,3.1136237382888794
1318,61.50220000743866,61.64048832654953,-149.92469999939203,-150.29787589609623,37.500001490116119,66.216196864843369,3,3.4211707413196564
1925,62.954200029373169,62.920821785926819,-149.55220001935959,-149.16587045788765,80.099999904632568,47.988086938858032,3,3.3475918471813202
280,61.252499997615814,61.216172888875008,-149.32359999418259,-149.15322428941727,31.000003218650818,78.396569937467575,3.3999999761581421,3.8557057678699493
1322,61.355199992656708,61.380574256181717,-150.08220000006258,-150.20791719853878,20.000003278255463,83.895206451416016,3,3.0999924838542938
359,59.65719997882843,59.109223604202271,-152.45589995384216,-151.38367348909378,73.600001633167267,76.74107700586319,3.2999999821186066,3.2916065454483032
1338,61.459399998188019,61.763643741607666,-149.98730000015348,-149.74921066313982,32.600000500679016,50.842195749282837,3.4999999701976776,3.4380412101745605
1385,61.532700002193451,61.543970227241516,-149.9472000002861,-149.99183930992149,39.70000147819519,72.799362242221832,4.0999999791383743,3.9090151637792587
847,62.331200003623962,62.475780487060547,-148.74009999632835,-148.40657651424408,19.100002944469452,65.253503620624542,3.5999999642372131,3.8378429263830185
1206,59.905799984931946,60.763068526983261,-152.67030000686646,-148.07015883922577,137.40000035613775,31.964480876922607,3.3999999761581421,3.001082181930542
1674,59.889400005340576,59.400169134140015,-151.16220000386238,-150.95204436779022,40.799997746944427,86.092580109834671,3.0999999940395355,3.5472232103347778
110,59.827999949455261,59.196585774421692,-152.85140007734299,-151.23146304488182,94.599999487400055,70.669334381818771,4.8000000044703484,4.5199640225619078
42,62.75629997253418,62.811219573020935,-148.94230002164841,-148.96648219227791,70.999998599290848,41.687488555908203,4.6000000052154064,4.4678398780524731
125,59.420500040054321,59.075773239135742,-152.66119998693466,-151.84984374046326,71.100000292062759,69.275800138711929,3.199999988079071,3.2279156148433685
204,62.530400037765503,62.82689380645752,-151.18250003457069,-150.72569538652897,84.399998188018799,68.270154297351837,3.2999999821186066,3.5823527276515961
52,62.243199944496155,59.302424550056458,-150.91770002245903,-151.066226541996,71.699999272823334,69.680854678153992,3.3999999761581421,4.2154475301504135
545,59.187199950218201,59.072030186653137,-152.38330006599426,-151.72239965200424,65.299998968839645,71.862827986478806,3.199999988079071,3.1734322607517242
68,59.535300016403198,59.086299657821655,-152.91279995441437,-152.55795300006866,105.59999942779541,46.349063515663147,3,3.0410631000995636
1894,61.640399992465973,61.516154408454895,-150.53160001337528,-149.89666313678026,45.900002121925354,66.171079874038696,3.6999999582767487,4.1607903242111206
1840,62.347599983215332,62.470866680145264,-151.2418999671936,-150.94257625937462,12.999996542930603,54.910749197006226,3.3999999761581421,3.6860648989677429
183,62.71560001373291,62.889756798744202,-149.40870000422001,-149.40088579058647,69.099999964237213,47.338962554931641,3,3.4123095273971558
137,62.009500026702881,62.503862738609314,-151.42379996180534,-151.02495530247688,81.999998539686203,51.329605281352997,3.8999999910593033,3.8796016573905945
899,61.480800002813339,61.553569674491882,-149.88819999620318,-149.51318518817425,41.100002825260162,58.29283595085144,3.8999999910593033,4.1016749292612076
796,61.687799990177155,61.817820012569427,-150.52590000629425,-150.50984573364258,59.399999678134918,65.797246992588043,3.9999999850988388,4.094894751906395
132,61.187600001692772,60.863778620958328,-152.28480005264282,-151.79076290130615,10.099999606609344,58.273151516914368,3.0999999940395355,3.3093356788158417
80,60.548000007867813,59.970708608627319,-151.78699994087219,-151.42842319607735,69.299999624490738,84.783714264631271,3.4999999701976776,4.0079566687345505
1767,62.24399995803833,61.849611699581146,-148.0314000248909,-147.60133892297745,18.899999558925629,54.010055959224701,3,3.4580274224281311
1831,62.864099979400635,62.919300675392151,-150.49230001866817,-150.70402470231056,99.700000137090683,15.273705124855042,3.2999999821186066,3.6072755455970764
541,60.401700019836426,60.178614616394043,-151.09389996528625,-151.11923164129257,50.800003111362457,85.921831429004669,3.2999999821186066,3.7892511785030365
2118,60.268400013446808,59.181963324546814,-152.91199994087219,-152.78737878799438,131.3999998383224,24.335533380508423,3,3.0007390379905701
983,59.694300055503845,59.086367726325989,-152.91510003805161,-152.14469969272614,101.19999945163727,56.414514780044556,3.5999999642372131,3.9394381642341614
165,59.597599983215332,59.204461574554443,-152.88459992408752,-152.71753388643265,97.799999639391899,52.986979484558105,3,3.0112356841564178
248,60.229300022125244,59.69884729385376,-152.78460001945496,-152.23312962055206,12.800000607967377,94.709292054176331,3.3999999761581421,3.5321364104747772
1331,61.493999987840652,61.568421065807343,-149.91390000097454,-150.03947375994176,35.599999129772186,70.62053307890892,3.5999999642372131,3.8857601881027222
446,59.530699968338013,59.048797369003296,-152.93120008707047,-151.88866674900055,91.200001537799835,53.772367537021637,3,3.2346928417682648
1360,61.501299977302551,61.609342277050018,-149.96989999897778,-149.83213810622692,24.499997496604919,59.53139066696167,3.199999988079071,3.5080357789993286
858,62.263299942016602,62.798813581466675,-151.1865000128746,-150.3115960881114,74.499998241662979,61.730660498142242,3.3999999761581421,3.7156767547130585
1433,61.411700010299683,61.807110190391541,-150.02890000026673,-149.55309717357159,41.100002825260162,57.412527501583099,3.4999999701976776,3.3395629227161407
97,60.119799971580505,59.809147119522095,-148.46660006046295,-149.20074856281281,6.099998950958252,67.58459284901619,3.2999999821186066,3.464641660451889
1811,60.903099998831749,60.350105941295624,-152.45889991521835,-151.23273539543152,112.49999981373549,56.497365236282349,3.2999999821186066,3.6487190723419189
805,61.933200001716614,62.442142963409424,-151.89660000801086,-151.29865354299545,111.39999981969595,35.787045955657959,3,3.3011888265609741
737,61.156900003552437,62.033347845077515,-152.84909999370575,-151.49779352545738,169.79999840259552,20.504117012023926,3.2999999821186066,3.1433552205562592
1489,61.551999986171722,61.536967158317566,-147.80510008335114,-148.97683185338974,67.200001329183578,74.001457542181015,3.4999999701976776,3.6549952626228333
102,60.019299983978271,59.22141969203949,-152.8063999414444,-151.76142418384552,122.10000003688037,44.804200530052185,3.2999999821186066,3.2747169435024261
434,61.750699996948242,61.916024267673492,-149.77590000629425,-149.3224678337574,36.200001835823059,53.327895700931549,3.9999999850988388,4.0547263920307159
74,59.95389997959137,59.357800245285034,-152.69940000772476,-151.60309284925461,100.29999911785126,59.38383936882019,3.2999999821186066,3.7717752456665039
577,59.096300005912781,59.098209857940674,-152.91819995641708,-152.5155268907547,80.499999225139618,57.006433606147766,3.6999999582767487,3.2834162414073944
1420,61.370200008153915,61.508649110794067,-150.04139999952167,-149.92353199236095,40.700003504753113,70.635750889778137,4.1999999955296516,4.0496597439050674
1488,61.428900003433228,61.770169913768768,-149.89520000293851,-148.52607500553131,43.399997055530548,28.223231434822083,3.3999999761581421,3.4251049160957336
1230,61.478799998760223,61.676121294498444,-149.98659999947995,-150.38028654456139,34.800000488758087,74.499335139989853,3.0999999940395355,3.1225464642047882
918,59.652899980545044,59.391852140426636,-150.54609999060631,-150.88642430305481,43.899998068809509,77.237557619810104,3.2999999821186066,3.5754035711288452
1326,61.505200028419495,61.603160560131073,-149.91439999826252,-149.92628578841686,36.200001835823059,67.393537610769272,3,3.1933903098106384
2039,61.971000015735626,62.541546583175659,-151.81300002336502,-151.03058087825775,102.700000628829,42.873270809650421,3,3.0414477288722992
2013,61.313100010156631,61.353046178817749,-147.46760004758835,-147.46694666147232,29.600001871585846,61.723768711090088,3.5999999642372131,3.5515750050544739
1924,62.302099943161011,62.234193086624146,-148.34930008649826,-147.82132959365845,35.80000251531601,73.442686349153519,3,3.1308470964431763
762,61.564899981021881,61.62071031332016,-149.78449999541044,-149.73987456411123,39.899997413158417,61.498604714870453,3,3.3295779526233673
989,62.575999975204468,62.783808827400208,-151.2127999663353,-151.19302922487259,88.399998843669891,50.204277038574219,3.3999999761581421,3.6461285948753357
388,59.277899980545044,59.255078315734863,-150.64260001480579,-151.01829904317856,36.70000284910202,60.399658977985382,4.7000000104308128,4.0084222108125687
235,60.66049998998642,60.260560035705566,-151.11520001292229,-150.86076584458351,56.400001049041748,80.97323402762413,3.0999999940395355,3.2133593559265137
1793,62.979400038719177,62.924156904220581,-148.92199999094009,-148.46154069900513,78.200001269578934,32.547354698181152,3.2999999821186066,3.4366858005523682
267,60.726000010967255,60.245164394378662,-151.07929998636246,-150.96532362699509,59.299997985363007,87.897654622793198,3.199999988079071,3.3127949237823486
1329,61.350899994373322,61.346047192811966,-149.9947000000393,-149.87727382779121,40.600001811981201,81.345308572053909,4.0999999791383743,3.9652513861656189
1404,61.413399994373322,61.449824959039688,-150.05350000038743,-150.20087313652039,40.299996733665466,78.494720160961151,3.5999999642372131,3.6596991419792175
117,62.720600008964539,62.816986918449402,-151.00099995732307,-150.54028442502022,85.900001227855682,49.558766186237335,3.5999999642372131,3.7900538295507431
1908,61.542699992656708,59.046197533607483,-151.87669998407364,-152.31773829460144,16.199998557567596,32.822906970977783,3.0999999940395355,3.6347692608833313
673,62.46150004863739,62.404407501220703,-148.24769997596741,-147.84812808036804,42.099997401237488,57.820424437522888,3,3.1815024018287659
249,62.124899983406067,62.60332453250885,-152.59280008077621,-151.80395275354385,1.100003719329834,71.480955928564072,3,3.3534279763698578
1941,60.478900015354156,60.682347059249878,-148.47149991989136,-148.95422574877739,12.599997222423553,97.376551479101181,3.0999999940395355,3.4912035763263702
2202,60.645000010728836,60.408977687358856,-151.26499995589256,-151.28889307379723,68.700000643730164,94.048494473099709,3.0999999940395355,3.3499782085418701
94,61.607800006866455,61.602940797805786,-150.08590000122786,-149.99000380164944,38.40000182390213,63.475325703620911,3.2999999821186066,3.7699648439884186
2044,61.345699995756149,61.492393851280212,-151.1734000146389,-151.37987235188484,68.300001323223114,94.418542459607124,3.2999999821186066,3.5868743062019348
33,62.723099946975708,62.87442421913147,-149.6655999943614,-149.63806709647179,57.899996638298035,50.408542156219482,3.199999988079071,3.2287868857383728
1741,61.457500010728836,62.022414445877075,-152.13959991931915,-151.45696306228638,107.99999907612801,32.094284892082214,4.9000000208616257,3.9321201145648956
1983,60.46399998664856,60.293015539646149,-150.61399997770786,-150.63956509530544,51.399998366832733,89.709419757127762,3.199999988079071,3.3675496280193329
448,61.976700007915497,62.19522500038147,-149.95489999931306,-149.59241232275963,28.599999845027924,40.581800043582916,3.0999999940395355,3.5073405504226685
716,60.207000017166138,59.563649654388428,-152.589399933815,-152.35133868455887,103.70000079274178,55.981263518333435,3.2999999821186066,3.4055559933185577
1962,61.038199998438358,61.029330788180232,-148.93279999494553,-149.0040554702282,21.399997174739838,96.114641055464745,3.5999999642372131,3.388537734746933
1807,61.004600000102073,60.978603225201368,-152.19550001621246,-151.67842733860016,124.39999997150153,63.202876597642899,3,3.180400013923645
0,61.59469997882843,62.343862295150757,-152.18250006437302,-151.32063031196594,115.79999979585409,28.035946190357208,3.9999999850988388,3.8370232433080673
2034,60.998999999952503,60.813566863536835,-151.42570003867149,-151.39611750841141,66.899999976158142,91.753270477056503,3.3999999761581421,3.5765410959720612
1101,61.466800004243851,61.515469491481781,-149.96509999874979,-150.16172881051898,45.100003480911255,76.110124588012695,3.199999988079071,3.7932565659284592
1108,61.338899999856949,61.298199504613876,-150.09160000272095,-149.8477757871151,18.799997866153717,83.865497261285782,3,3.1249262988567352
1449,61.407799988985062,61.462205082178116,-150.09439999982715,-149.84152893349528,38.999997079372406,64.612176269292831,3.7999999970197678,3.6523078680038452
82,60.955899998545647,60.551154553890228,-150.91620004177094,-150.84256240725517,48.100002110004425,96.397629007697105,3.199999988079071,3.7123671770095825
1526,61.364199995994568,61.437403708696365,-151.24970000982285,-150.95299163460732,9.4999969005584717,99.608078598976135,3,3.2110443413257599
676,61.337099999189377,61.521172702312469,-147.28800004720688,-147.23755270242691,10.899998247623444,38.629114627838135,3.199999988079071,3.4014421105384827
1726,60.17629998922348,59.349393129348755,-152.69600003957748,-152.32937049865723,103.09999994933605,66.879644989967346,3,3.0232445597648621
1046,60.874699994921684,60.8221116065979,-149.47599998116493,-149.76720061898232,24.999998509883881,97.408724948763847,3.2999999821186066,3.6561104357242584
770,60.914899997413158,60.682775855064392,-151.17059996724129,-151.33377367258072,65.600000321865082,90.818222612142563,3.0999999940395355,3.5634110569953918
1437,61.439500004053116,61.637146830558777,-150.10920000448823,-150.27468685805798,33.600002527236938,64.527999609708786,3.199999988079071,3.0999158620834351
1517,60.958099998533726,61.460835009813309,-152.15699994564056,-151.24364724755287,99.799999967217445,48.092491924762726,3.0999999940395355,3.3502834439277649
1879,60.610199987888336,60.236588656902313,-151.03970003128052,-151.12980642914772,61.800003051757812,82.084786146879196,3.0999999940395355,3.6776107549667358
1773,59.708299994468689,59.046788811683655,-152.98179996013641,-152.31577330827713,96.999999135732651,45.447230339050293,3.2999999821186066,3.1562215089797974
404,59.473299980163574,59.091539144515991,-152.53340005874634,-152.10299187898636,70.399999618530273,70.8790123462677,3.0999999940395355,3.1043743193149567
384,62.956200003623962,62.946812391281128,-150.43380001187325,-150.70558060705662,104.49999943375587,32.188050448894501,3.199999988079071,3.2876797914505005
1891,61.131500005722046,60.492930054664612,-151.33629995584488,-151.00834330916405,67.299999296665192,87.730713188648224,3.2999999821186066,3.8966409713029861
1590,61.133200004696846,61.152761831879616,-150.76260003447533,-150.57050836086273,19.900001585483551,93.884803354740143,3.4999999701976776,3.3837651908397675
104,60.964899998158216,60.418746709823608,-151.85370004177094,-151.52839815616608,90.599998831748962,68.09653714299202,3,3.6643921136856079
688,60.160700023174286,59.69329047203064,-152.76349997520447,-152.25947642326355,109.50000025331974,64.381815493106842,3.6999999582767487,3.9551547467708588
1551,62.370499968528748,62.698060035705566,-151.27349996566772,-150.75219395756721,81.799998879432678,56.756153702735901,3.2999999821186066,3.495208203792572
826,59.818600058555603,59.321216821670532,-151.39649999141693,-151.28244888782501,72.200000286102295,78.556276857852936,3.4999999701976776,3.6758640110492706
1240,61.411199986934662,61.516836285591125,-149.94400000199676,-150.07280776463449,35.199999809265137,74.801158159971237,3.2999999821186066,3.7330274283885956
62,62.337700009346008,62.654060125350952,-149.73959999531507,-149.62549068778753,41.79999977350235,47.046944499015808,3.199999988079071,3.6853673458099365
1305,61.337900012731552,61.468882203102112,-150.03479999955744,-150.03928357735276,19.00000125169754,74.668616056442261,3,3.1793822944164276
852,61.736599981784821,61.772240817546844,-147.15330004692078,-147.3553032875061,28.999999165534973,57.277187705039978,3.4999999701976776,3.5997776985168457
1607,59.353099942207336,59.168738007545471,-151.21999999880791,-151.16281056404114,42.499996721744537,66.372238099575043,3.199999988079071,3.4478234052658081
1262,61.363099992275238,61.376810044050217,-150.06159999780357,-150.20788639783859,39.999999105930328,86.156450212001801,3.4999999701976776,3.671298086643219
223,59.819700002670288,59.356464266777039,-151.87410002946854,-151.66224950551987,58.20000171661377,93.60547736287117,3.2999999821186066,3.6846251785755157
145,60.39410001039505,59.242554664611816,-152.81549996137619,-151.57659709453583,125.39999998989515,37.94030100107193,3.199999988079071,3.1561543643474579
1088,59.825099945068359,59.788497805595398,-147.78640007972717,-149.50361193716526,85.499998182058334,84.29327979683876,3,3.0584943294525146
373,61.351000010967255,61.26676994562149,-149.56510001420975,-149.19708412885666,30.299998819828033,76.205529272556305,3.0999999940395355,3.2655177712440491
1692,61.681599974632263,61.731492400169373,-149.66780000925064,-149.40665557980537,35.199999809265137,58.63373726606369,4.1999999955296516,3.9972143769264221
1142,59.254999995231628,59.971704840660095,-147.63899999856949,-147.98414325714111,20.999997854232788,55.481165647506714,3,3.0217546820640564
2114,59.823799967765808,59.080421566963196,-152.93050003051758,-152.51101005077362,103.4999992698431,44.602140784263611,3.0999999940395355,3.0048491656780243
1779,61.665700018405914,62.759421944618225,-152.53930002450943,-151.07550269365311,6.099998950958252,18.784008920192719,3,3.5393142700195312
1274,61.420800000429153,61.578785538673401,-149.98260000022128,-150.04444180056453,37.000000476837158,69.5013627409935,3.7999999970197678,4.0205822288990021
1265,62.912199974060059,61.716687619686127,-152.92739993333817,-149.01375809311867,11.200003325939178,44.318631291389465,3.2999999821186066,3.0130113959312439
1902,61.02309999987483,60.691032201051712,-150.3213000074029,-150.1678898781538,51.299996674060822,100.65783932805061,3,3.1897108554840088
1897,59.811200022697449,59.082442760467529,-152.90430003404617,-152.15157401561737,103.9000004529953,46.932816505432129,3.0999999940395355,3.352893590927124
9,60.394500017166138,60.139628887176514,-151.1370000243187,-151.05861827731133,47.300003468990326,95.944313332438469,3.199999988079071,3.4445063173770905
449,60.857600003480911,60.586942821741104,-151.0973000228405,-150.98430624604225,58.300003409385681,85.697852075099945,3.199999988079071,3.3881093859672546
708,59.732399940490723,59.202641844749451,-152.38319993019104,-151.89907211065292,69.699998944997787,81.776421517133713,3,3.0239428281784058
255,61.504000008106232,61.510707914829254,-150.04869999736547,-149.72161164879799,45.400001108646393,60.750633478164673,3,3.5717738270759583
882,60.749000012874603,60.237497329711914,-151.32629996538162,-151.32822114229202,54.899998009204865,69.10029798746109,3,3.3495165109634399
389,60.031199991703033,59.484889984130859,-152.28860002756119,-152.2567897439003,69.099999964237213,77.973902225494385,3,3.0308259129524231
1559,59.996899962425232,59.39172899723053,-152.1742000579834,-151.27812427282333,80.699998885393143,78.423500061035156,3.0999999940395355,3.3548536598682404
908,62.831099987030029,62.875962018966675,-149.57919998466969,-149.51111546158791,83.099998533725739,40.292248129844666,4.2999999895691872,4.2210414111614227
924,60.575800001621246,62.092679977416992,-152.12709993124008,-150.09919733181596,62.5,86.872231215238571,3.5999999642372131,3.0840795636177063
2029,62.793300032615662,62.862839341163635,-149.20150002837181,-149.19865438342094,61.599999666213989,38.059890270233154,3.0999999940395355,3.2440689504146576
1455,61.477400004863739,62.154497385025024,-149.9753000009805,-149.47292312979698,48.19999635219574,56.359358131885529,3.5999999642372131,3.7577171176671982
460,59.212599992752075,59.075092554092407,-152.15859997272491,-151.38847160339355,72.00000062584877,84.487475454807281,4.1999999955296516,3.5503932237625122
1503,61.282200008630753,61.384158134460449,-149.95710000023246,-149.75008557736874,40.799997746944427,72.216473519802094,5.7000000178813934,5.0858163088560104
2026,61.36829999089241,61.3771733045578,-150.11209999769926,-150.46595437824726,45.400001108646393,90.890336781740189,3.0999999940395355,3.1495798230171204
1168,61.375699996948242,61.442473024129868,-150.0890999995172,-150.26753595471382,19.900001585483551,83.16710963845253,3.0999999940395355,3.2133659720420837
958,61.311199992895126,61.895475804805756,-152.31400001049042,-151.47476336359978,127.30000005103648,33.73333066701889,3.0999999940395355,3.238219141960144
501,61.664900004863739,61.937882483005524,-150.68809998035431,-150.80931454896927,39.899997413158417,69.493260234594345,3.2999999821186066,3.5918662548065186
739,59.442299962043762,59.108187198638916,-152.74750006198883,-152.2086609005928,80.099999904632568,81.575822085142136,3.3999999761581421,3.4765749871730804
40,61.303900003433228,61.436577588319778,-150.02560000028461,-150.05453608743846,39.999999105930328,81.037908792495728,3,3.2230921983718872
868,61.333299994468689,61.380965948104858,-150.64560002088547,-150.66882607340813,53.400002419948578,79.519014805555344,3.0999999940395355,3.5770997107028961
731,61.691600024700165,61.633504152297974,-149.46559998393059,-148.82859894633293,30.199997127056122,66.075630486011505,3.199999988079071,3.5460497438907623
539,62.924499988555908,62.944090604782104,-150.94020000100136,-151.37686613202095,105.1000002771616,23.254111409187317,3,3.421800971031189
1201,61.364100009202957,61.408210039138794,-150.04960000142455,-150.24982861429453,34.500002861022949,84.869980812072754,3.2999999821186066,3.7015922963619232
1339,61.471100002527237,61.796262085437775,-149.93889999948442,-149.97252681199461,44.900000095367432,68.262510001659393,3,3.441059410572052
697,61.545199990272522,61.651492178440094,-150.0245000012219,-150.30298355966806,44.900000095367432,71.456268429756165,3,3.2846335172653198
1656,60.036800026893616,59.483775854110718,-151.62220001220703,-151.06686124205589,70.000000298023224,83.33924412727356,3.0999999940395355,3.3700751066207886
2050,59.947499990463257,59.250328898429871,-152.84619998931885,-151.99168503284454,119.29999990388751,43.503820896148682,3.4999999701976776,3.4728486835956573
1371,61.375699996948242,61.433975636959076,-150.02130000013858,-150.13200246915221,34.599997103214264,76.243449002504349,3.4999999701976776,3.6231776475906372
1145,61.879999995231628,61.79573667049408,-147.32059997320175,-147.33386224508286,41.79999977350235,43.000638484954834,3.4999999701976776,3.4962663352489471
1031,61.360300004482269,60.531628459692001,-149.27899999916553,-150.10599436238408,0,99.989648908376694,3.3999999761581421,3.6385863125324249
372,60.208599984645844,59.419490337371826,-152.4404000043869,-151.50790357589722,87.600000202655792,75.362712144851685,4.0999999791383743,3.9437652826309204
667,62.478500008583069,62.554818630218506,-148.24970000982285,-147.56133860349655,20.300000905990601,53.641408681869507,3.199999988079071,3.4337139129638672
1431,61.37950000166893,62.645858526229858,-150.01449999958277,-150.01125203724951,46.999998390674591,16.309067606925964,3.0999999940395355,3.1977077722549438
1850,61.67059999704361,62.023137211799622,-151.68809992074966,-151.30608889460564,96.999999135732651,60.059234499931335,3.2999999821186066,3.5848211646080017
357,60.138000011444092,59.360262870788574,-152.8150999546051,-152.58123850822449,114.29999954998493,40.128037333488464,3.199999988079071,3.2496249675750732
967,62.013100028038025,62.005851984024048,-148.46259999275208,-148.34085237979889,41.599996387958527,51.100492477416992,3,3.4848540723323822
783,61.519299983978271,61.358936429023743,-149.91620000079274,-149.41860598325729,40.299996733665466,74.27765429019928,4.9000000208616257,4.9087425023317337
735,60.353600025177002,59.821995735168457,-152.47699999809265,-152.02267456054688,101.80000029504299,65.543577075004578,3.0999999940395355,3.3266762495040894
1353,61.375999987125397,61.499095529317856,-149.97809999948367,-150.11576778441668,44.79999840259552,75.235150754451752,4.5,4.4516023937612772
1035,62.585800051689148,62.783403396606445,-151.34079998731613,-151.27020540833473,93.800000846385956,26.575580239295959,3,3.5598347783088684
970,60.711899995803833,60.741656899452209,-151.67669999599457,-151.82253974676132,77.700000256299973,58.042146265506744,3.3999999761581421,3.9070949256420135
1814,60.377799987792969,60.212017714977264,-148.29189991950989,-148.89431083202362,23.900002241134644,69.090791046619415,3,3.4899745881557465
1771,59.764899969100952,59.501515746116638,-150.61560000479221,-150.84470844268799,35.499997437000275,114.83164597302675,3.199999988079071,3.3048943877220154
2077,60.075500011444092,59.17018985748291,-152.99719995260239,-152.56755459308624,115.60000013560057,38.299098610877991,3.0999999940395355,3.0119774043560028
1880,62.182700037956238,62.180100798606873,-148.88870000839233,-148.73087847232819,4.3999999761581421,67.556507885456085,3,3.2358180284500122
1532,60.297299981117249,59.609811782836914,-152.70480000972748,-151.78736937046051,114.79999963194132,66.039487719535828,3.2999999821186066,3.9301821291446686
1813,60.650200009346008,60.785501077771187,-151.64279991388321,-151.68918853998184,68.300001323223114,47.678194940090179,3,3.2446588575839996
1328,61.479299992322922,61.603167831897736,-149.90789999999106,-150.02685360331088,31.000003218650818,71.116182953119278,3.2999999821186066,3.6574089825153351
1604,61.925999999046326,62.005130529403687,-147.31620007753372,-147.48214888572693,39.300002157688141,72.659995406866074,3,3.1909047067165375
1775,60.126600027084351,59.442737340927124,-152.77530008554459,-151.87325084209442,112.09999956190586,56.678302586078644,3.0999999940395355,3.4550229907035828
1425,61.388999998569489,61.400056511163712,-150.00500000012107,-149.72860548645258,42.800001800060272,70.072494447231293,3.0999999940395355,3.6588610410690308
1464,61.504000008106232,62.104239463806152,-149.93159999884665,-149.3624654263258,45.800000429153442,35.304471850395203,3.199999988079071,3.4893453419208527
1952,59.826200008392334,59.086038947105408,-152.9031999707222,-151.99744480848312,107.79999941587448,62.68579512834549,3.5999999642372131,3.8122763335704803
1252,61.477899998426437,61.528832733631134,-149.90560000017285,-150.00438929779921,41.199997067451477,69.98790055513382,3.0999999940395355,3.4548230767250061
2018,62.042600035667419,62.2951500415802,-150.67960001528263,-150.58537611365318,61.700001358985901,50.302684307098389,3.3999999761581421,3.4934822916984558
2043,60.135999977588654,59.283694624900818,-152.74769997596741,-152.17327094078064,97.100000828504562,62.219060957431793,3,3.0078810453414917
1236,61.471500009298325,61.645173490047455,-150.09210000000894,-150.48854546248913,18.10000091791153,77.488157898187637,3.2999999821186066,3.1464475393295288
885,59.371600031852722,59.094881415367126,-152.84379994869232,-152.49483060836792,90.199999511241913,52.615828812122345,3.0999999940395355,3.1505717933177948
79,60.601700007915497,61.094667360186577,-147.51510000228882,-147.50095438957214,19.40000057220459,59.899263083934784,3,3.139042854309082
1172,61.362199991941452,61.466390699148178,-150.0245000012219,-150.23308648914099,40.600001811981201,80.738335847854614,3.6999999582767487,3.7932456582784653
814,61.347699999809265,61.402703881263733,-149.83209999650717,-149.66132616251707,36.399997770786285,76.041191816329956,3.2999999821186066,3.7888084352016449
2131,61.194100007414818,61.158100590109825,-149.63710000365973,-149.73429943621159,35.700000822544098,86.796674877405167,3,3.186739593744278
671,62.487499952316284,62.523558974266052,-148.26809996366501,-147.51741224527359,19.500002264976501,50.074860453605652,3.199999988079071,3.2211195230484009
1822,62.63129997253418,62.739165425300598,-150.76700001955032,-150.57431285083294,84.100000560283661,51.600448787212372,3.4999999701976776,3.902389258146286
57,61.096799999475479,60.825715020298958,-150.82629999518394,-150.62742644548416,41.299998760223389,95.966780558228493,3.0999999940395355,3.4150684475898743
133,61.52020001411438,61.721408545970917,-151.44599997997284,-151.34542241692543,76.900001615285873,65.250974148511887,3.199999988079071,3.5691361427307129
1140,60.214200019836426,59.830680251121521,-150.9655000269413,-150.98036420345306,65.900001674890518,99.984923377633095,4.3999999947845936,4.1334470584988594
933,60.029500007629395,59.245772242546082,-152.84339994192123,-152.42562425136566,96.599999815225601,52.189141511917114,3.0999999940395355,3.2592152059078217
2005,62.768800020217896,62.798907041549683,-148.90340003371239,-148.79193189740181,64.399998635053635,45.221693813800812,4.2999999895691872,4.0757928192615509
823,60.289200007915497,59.769723415374756,-150.91980001330376,-150.91035559773445,65.799999982118607,85.047494620084763,3.0999999940395355,3.4849205017089844
1432,61.442099988460541,61.634511530399323,-149.75939999520779,-149.62705238163471,40.799997746944427,55.787965655326843,3.0999999940395355,3.2059881091117859
1621,60.239300012588501,59.925045728683472,-149.01929998397827,-149.94162600673735,20.599998533725739,79.630278050899506,3.199999988079071,3.4844489693641663
1214,61.409099996089935,61.498182088136673,-150.0339999999851,-150.23810890316963,21.300002932548523,75.290497392416,3.8999999910593033,4.0399615913629532
504,60.054799973964691,59.394584774971008,-152.73439997434616,-152.42017042636871,93.299999833106995,46.015754342079163,3.9999999850988388,3.3868680596351624
2179,62.277199983596802,62.693121314048767,-151.40160003304482,-150.98394146561623,94.200000166893005,42.692840099334717,3.6999999582767487,3.4553552269935608
347,60.206900000572205,59.66608715057373,-152.660600066185,-152.11600935459137,103.4999992698431,58.845460414886475,3.0999999940395355,3.371705174446106
386,60.324100017547607,59.891866683959961,-151.40560001134872,-151.22790411114693,56.50000274181366,95.50163708627224,3.0999999940395355,3.2206538915634155
1024,61.455599993467331,61.474519848823547,-149.96210000105202,-149.59342056512833,40.700003504753113,64.236000180244446,3,3.7273412346839905
1384,61.494100004434586,61.732465803623199,-149.92880000174046,-149.90960130281746,40.299996733665466,64.478028565645218,3.199999988079071,3.6374143660068512
894,59.486199975013733,59.095171689987183,-152.40450006723404,-151.4535086452961,65.49999862909317,87.443996220827103,3.5999999642372131,3.6083881258964539
828,62.595199942588806,62.835825800895691,-151.21999999880791,-150.66455514729023,77.799998223781586,68.760637193918228,3.0999999940395355,3.3291691839694977
2149,59.897699952125549,59.142685890197754,-152.74059998989105,-151.97401624917984,99.400000646710396,47.037728130817413,3.0999999940395355,3.109405517578125
475,60.21560001373291,60.191642642021179,-150.85419997572899,-151.3796611726284,74.299998581409454,92.702876776456833,3.7999999970197678,3.8244659453630447
1750,61.482400000095367,61.562866449356079,-149.6799999922514,-149.56474788486958,30.299998819828033,63.343904912471771,3,3.3720497488975525
2095,61.368000000715256,61.492830008268356,-149.7850000038743,-149.94659217819571,32.300002872943878,76.066222041845322,3.2999999821186066,3.3723616003990173
1660,59.841799974441528,59.079099535942078,-152.873399913311,-152.1805767416954,99.400000646710396,50.24738609790802,3.199999988079071,3.2925358414649963
652,62.824000000953674,62.86741316318512,-150.50689999759197,-150.66097162663937,85.599999874830246,29.282219707965851,3.199999988079071,3.4759097099304199
172,59.424900054931641,59.191094636917114,-151.5375999212265,-151.29647102952003,46.300001442432404,89.380405843257904,4.9000000208616257,4.0210635960102081
1474,61.512499988079071,61.414988487958908,-149.92050000093877,-149.34743575751781,38.300000131130219,51.280304789543152,3.0999999940395355,3.1174345314502716
1149,61.30460000038147,61.193567141890526,-149.9499999973923,-149.54055131971836,41.299998760223389,79.433295875787735,4.1999999955296516,4.0952803641557693
38,62.664299964904785,62.701555013656616,-149.86259999871254,-149.87035888060927,4.69999760389328,43.313592672348022,3.0999999940395355,3.1687674522399902
713,59.20930004119873,59.087852001190186,-152.35899996757507,-152.05752521753311,73.30000028014183,72.16532900929451,3,3.2348719239234924
90,62.362499952316284,62.654392957687378,-149.14460000395775,-149.19027391076088,0,47.216266393661499,3.3999999761581421,3.8066928684711456
166,62.959400057792664,62.979731559753418,-150.77419996261597,-151.7906146645546,108.69999974966049,32.418578863143921,3,3.1432486474514008
1205,61.360300004482269,61.497832030057907,-150.09470000490546,-150.3968068510294,20.300000905990601,84.291860461235046,3,3.2804988026618958
875,60.272300004959106,59.610440254211426,-150.9979000389576,-150.84228765964508,46.09999805688858,76.865274459123611,3.0999999940395355,3.3815236687660217
1605,61.369599997997284,61.683878600597382,-147.19230008125305,-147.40818947553635,3.2000020146369934,37.964865565299988,3.199999988079071,3.1231241226196289
1993,62.63730001449585,62.578243732452393,-151.7046999335289,-151.22669461369514,1.100003719329834,51.651239395141602,3.0999999940395355,3.6371183395385742
2148,61.702000021934509,61.974538028240204,-151.58730000257492,-151.49809035658836,105.90000078082085,53.1759113073349,3.3999999761581421,3.4599611163139343
1093,61.526300013065338,61.359281837940216,-149.86160000413656,-149.50463220477104,47.399997711181641,69.28141787648201,4.0999999791383743,4.2455883175134659
1155,61.36719998717308,61.19321072101593,-150.03450000006706,-149.78618115931749,45.100003480911255,84.610499441623688,3.199999988079071,3.769054189324379
1324,61.401199996471405,61.511464357376099,-150.07819999940693,-149.81444586440921,34.000001847743988,68.22555884718895,3.6999999582767487,3.8293252140283585
1618,61.70279997587204,61.831369459629059,-150.23989999294281,-149.73556260019541,99.99999962747097,66.754665225744247,3.7999999970197678,3.8037013560533524
1350,61.477999985218048,61.588604032993317,-149.96360000129789,-150.06583265215158,34.800000488758087,70.260528475046158,3,3.1957873106002808
510,61.300000011920929,62.007296323776245,-152.40170001983643,-150.87817579507828,122.90000007487833,23.547336459159851,3,3.1157495677471161
499,61.728900015354156,62.151758074760437,-150.79920002818108,-151.0487853884697,47.499999403953552,79.704664647579193,3.2999999821186066,3.6105733215808868
1611,62.349499940872192,62.529823541641235,-148.728600025177,-148.74693632125854,39.499998092651367,63.415668904781342,4.2999999895691872,4.0742984265089035
1910,59.217499971389771,59.03850531578064,-152.53880006074905,-151.46792614459991,63.400000333786011,64.63182345032692,3.0999999940395355,3.2074910402297974
1519,62.050799965858459,62.207260608673096,-149.87930000200868,-149.59686823189259,46.09999805688858,51.880568265914917,3.3999999761581421,3.5652004480361938
338,62.22189998626709,62.687621593475342,-151.16110002994537,-150.38821171224117,80.400001257658005,66.904317587614059,3.4999999701976776,3.747568666934967
1956,60.876299999654293,60.725545287132263,-150.56070001423359,-150.17021749913692,48.19999635219574,97.687583416700363,3.5999999642372131,3.9882540553808212
1188,61.46340000629425,61.504640102386475,-149.98550000041723,-150.31392891705036,39.999999105930328,81.621240824460983,3.3999999761581421,3.7136822640895844
28,59.740800023078918,59.251104831695557,-151.90459996461868,-151.39832139015198,54.899998009204865,82.644097506999969,3,3.1406521797180176
1540,60.036700010299683,59.40491259098053,-151.77859997749329,-151.25760421156883,40.399998426437378,89.583490043878555,3,3.3963210582733154
1217,61.389999985694885,61.483370989561081,-150.06140000000596,-150.34765210747719,20.000003278255463,83.671566098928452,3.0999999940395355,3.2598503530025482
1573,61.431400001049042,61.634450256824493,-150.95550003647804,-151.13830429315567,63.700001686811447,90.589359402656555,3.2999999821186066,3.768564909696579
794,60.052699983119965,59.469627499580383,-151.9925000667572,-151.87170839309692,65.000001341104507,85.913017392158508,3,3.5248703956604004
945,61.602999985218048,61.671400368213654,-147.83489996194839,-147.94387739896774,21.799996495246887,49.801558256149292,3.0999999940395355,3.2432189583778381
1753,62.239099979400635,62.405322432518005,-149.433100014925,-149.34392009675503,39.300002157688141,31.952634453773499,3,3.5234676003456116
169,61.586199998855591,61.79189258813858,-151.12660002708435,-150.92005026340485,66.79999828338623,60.103327035903931,3.6999999582767487,4.4938500865828246
1670,62.993000030517578,62.949038624763489,-150.91069999337196,-150.59508039057255,122.80000001192093,9.5030292868614197,3.2999999821186066,4.0798518508672714
1197,61.352800011634827,61.421044915914536,-149.98600000049919,-150.28005858510733,39.800003170967102,85.373565554618835,3.199999988079071,3.4379776418209076
1542,60.068400025367737,59.461337089538574,-152.59830003976822,-151.59085768461227,101.80000029504299,70.258971303701401,3.3999999761581421,3.7820192724466324
1253,61.478199988603592,61.618455767631531,-150.02400000113994,-150.2298729121685,37.399999797344208,65.784547477960587,3.0999999940395355,3.2028329372406006
1844,61.125400006771088,61.263173371553421,-151.38589999079704,-151.41852611303329,72.200000286102295,88.518403470516205,3.0999999940395355,3.5745112895965576
912,59.723000049591064,59.675964832305908,-148.05519998073578,-148.77433785796165,11.799998581409454,60.209468007087708,3.6999999582767487,3.7997357994318008
491,60.392799973487854,60.508918941020966,-148.92389997839928,-149.34460352361202,19.799999892711639,85.609424859285355,3.0999999940395355,3.5116835832595825
953,59.962900042533875,59.436043739318848,-152.89609998464584,-151.66122758388519,113.30000031739473,63.557237386703491,3.5999999642372131,4.0240492075681686
1097,59.564299941062927,59.055742740631104,-152.92040008306503,-151.93646264076233,89.099999517202377,53.378865122795105,3.3999999761581421,3.3447462916374207
1032,60.507099986076355,60.556582570075989,-150.16840000078082,-150.10004777088761,42.599998414516449,99.996400997042656,3.7999999970197678,3.8148257285356522
587,62.945299983024597,62.842486381530762,-148.44199991226196,-148.27991724014282,0,36.748826503753662,3,3.0764247179031372
750,61.931900024414062,62.740985631942749,-152.26400005817413,-151.07552343606949,119.40000019967556,15.474900603294373,4.2999999895691872,3.6920757293701172
657,61.756200015544891,61.81792825460434,-149.75119999051094,-149.34210696816444,34.699998795986176,56.447595357894897,3,3.4081791043281555
234,60.319700002670288,60.01563960313797,-150.6993999928236,-150.55552169680595,79.252000898122787,73.665648698806763,3.3999999761581421,3.5967194437980652
732,62.512500047683716,62.640708327293396,-149.89799999445677,-149.82295397669077,13.899996876716614,40.564954280853271,3.199999988079071,3.1901787221431732
2198,61.767000019550323,62.070324778556824,-151.60500007867813,-151.54120677709579,94.499999657273293,40.744096040725708,3.3999999761581421,3.1880973279476166
1939,60.42110002040863,60.10455983877182,-150.23709999024868,-150.46321119368076,42.499996721744537,68.846516311168671,3.3999999761581421,3.731697678565979
1156,61.336600005626678,61.122271209955215,-149.99200000008568,-149.78396368771791,45.800000429153442,84.477171301841736,3.0999999940395355,3.6977479755878448
1749,61.498699992895126,61.684134602546692,-151.94709992408752,-151.3334513604641,7.2000026702880859,79.053830355405807,3.0999999940395355,3.2733373045921326
2129,62.020900011062622,62.287296295166016,-150.50869998335838,-150.40690326690674,54.600000381469727,51.38484388589859,3.0999999940395355,3.1092106103897095
1932,62.766800045967102,62.867781639099121,-150.51010000705719,-149.65111635625362,82.199998199939728,63.947394490242004,3,3.3601523637771606
934,60.669900000095367,60.402060627937317,-150.36169999837875,-150.41123257577419,43.300002813339233,95.6734549254179,3.199999988079071,3.6310333013534546
1209,61.426899999380112,61.49001681804657,-149.85869999974966,-150.23393670469522,36.200001835823059,81.640701740980148,3,3.1508817672729492
1065,61.32030001282692,61.517661511898041,-149.95550000108778,-150.06258768774569,46.300001442432404,71.578055620193481,4.0999999791383743,4.1086174696683884
108,62.335700035095215,62.50405478477478,-149.1564000248909,-149.18942731618881,5.9000030159950256,40.275976061820984,3.0999999940395355,3.0769850313663483
1837,59.847300052642822,59.100448608398438,-152.92949992418289,-152.31427752971649,96.699999645352364,62.059670686721802,3.6999999582767487,3.8137298226356506
568,61.375699996948242,61.321721136569977,-149.9906999997329,-149.60897518694401,35.499997437000275,73.29876720905304,3,3.2106139361858368
1167,62.896999955177307,62.889503121376038,-149.62759999930859,-150.31502352654934,67.000001668930054,45.347675681114197,3,3.4654557108879089
1174,61.533999979496002,61.680118680000305,-149.84539999812841,-150.11521280184388,34.199997782707214,72.152931243181229,3,3.1313591301441193
1507,61.346399992704391,61.884312868118286,-149.95519999880344,-149.68164338171482,46.700000762939453,77.939592301845551,6.9999999403953552,5.5939565598964691
1492,61.483300000429153,61.707375943660736,-149.94969999790192,-148.79171481728554,45.900002121925354,31.459122896194458,3.0999999940395355,3.364799290895462
890,61.689400017261505,61.825963616371155,-149.77960000187159,-149.29670441150665,38.300000131130219,49.436666071414948,3.2999999821186066,3.526641458272934
947,61.731400012969971,61.875584185123444,-149.54150001704693,-149.40304720401764,40.200002491474152,54.563023149967194,3.6999999582767487,3.8732499182224274
1048,62.295799970626831,61.637013256549835,-148.5557000041008,-149.92540812492371,0,53.430259227752686,3.0999999940395355,3.5443908870220184
1606,59.46940004825592,59.041950821876526,-152.97519993782043,-152.27289837598801,101.5000008046627,50.293698906898499,3.0999999940395355,3.0856678783893585
1629,62.914800047874451,62.965548157691956,-151.26670002937317,-151.57202500104904,107.49999992549419,18.537282943725586,3.0999999940395355,3.3967444896697998
1805,61.970000028610229,62.163124084472656,-150.90230002999306,-150.64584262669086,8.9000016450881958,68.308062851428986,4.8000000044703484,4.2800468355417252
884,62.918099999427795,62.93529224395752,-150.0853000022471,-150.18822558224201,81.700000911951065,54.230973124504089,3,3.3159002959728241
1988,62.225200057029724,62.39486825466156,-150.88730004429817,-150.68435105681419,74.299998581409454,59.259168803691864,3.5999999642372131,3.7151964604854584
2165,62.555299997329712,62.805882096290588,-151.15889999270439,-150.80351176857948,92.599999159574509,49.204237759113312,3.7999999970197678,3.582779198884964
1825,60.038100004196167,59.326276421546936,-151.79229998588562,-151.14317625761032,56.599996984004974,81.044659018516541,3.0999999940395355,3.5376296639442444
850,61.758899986743927,61.965989410877228,-149.64250000566244,-149.20563608407974,46.49999737739563,54.80232834815979,3.199999988079071,3.6015057563781738
1587,59.737100005149841,59.121937274932861,-152.61169999837875,-151.47221419215202,91.099999845027924,65.324768424034119,3.199999988079071,3.6258707642555237
1407,61.423799991607666,61.597117602825165,-149.94070000201464,-150.18373634666204,32.799996435642242,79.743828624486923,3,3.3006377220153809
734,61.332599997520447,61.467936962842941,-149.80600000172853,-150.03876461461186,57.099997997283936,73.573872447013855,3,3.6680026352405548
717,60.205999970436096,59.535036087036133,-152.58269995450974,-152.37781208753586,104.00000028312206,56.968182325363159,3.2999999821186066,3.3991230726242065
454,60.442799985408783,60.287204444408417,-151.37150001525879,-151.48986178636551,47.499999403953552,78.238978981971741,3.199999988079071,3.4296314120292664
264,62.160400032997131,62.82077944278717,-152.11129993200302,-151.48377040028572,105.1000002771616,14.881379902362823,3.0999999940395355,3.2527837157249451
75,59.171800017356873,59.101377606391907,-152.40399992465973,-152.02935862541199,55.900000035762787,75.232364237308502,3.2999999821186066,3.1368313729763031
1972,59.728500008583069,59.084778785705566,-152.98669999837875,-151.97959041595459,99.400000646710396,57.886853814125061,3.9999999850988388,3.677914559841156
444,59.724699974060059,59.112441420555115,-152.79719996452332,-151.74800491333008,89.200001209974289,62.481284141540527,3.4999999701976776,3.6333458125591278
395,61.732299983501434,61.688747406005859,-149.60430000722408,-149.13325390219688,38.000002503395081,51.266543567180634,4.2999999895691872,4.2805892676115036
176,60.326799988746643,59.815037488937378,-151.74010008573532,-151.21865129470825,63.299998641014099,86.021739989519119,3,3.5510351657867432
1042,61.67220002412796,61.792937934398651,-150.03920000139624,-150.3656971603632,46.09999805688858,78.741766512393951,3.199999988079071,3.6228827834129333
2059,62.136500000953674,62.383133053779602,-150.80340000987053,-150.34034418314695,73.69999960064888,55.798523128032684,5.0000000149011612,4.4283789899200201
1666,60.239400029182434,59.528010368347168,-152.95849996805191,-151.80233609676361,134.30000003427267,47.941744327545166,3,3.2752212882041931
1798,61.434599995613098,61.801486611366272,-152.31489998102188,-151.59462314844131,2.7000010013580322,65.652303397655487,3,3.4190123677253723
1639,60.763199999928474,60.649875730276108,-150.7267000079155,-150.84104132652283,56.000001728534698,96.491167321801186,3,3.1092171370983124
595,60.306599974632263,60.228748619556427,-150.24819999933243,-150.45083968341351,33.900000154972076,95.466380938887596,3.3999999761581421,3.6120037436485291
61,61.226899996399879,61.231503680348396,-151.23080000281334,-151.15574589371681,67.200001329183578,78.102670609951019,3.5999999642372131,3.9172237068414688
1296,61.415600001811981,61.456798076629639,-149.91130000166595,-149.97594007384032,38.500003516674042,80.598078668117523,3.6999999582767487,3.7835171967744827
872,61.493400007486343,61.604568600654602,-149.89110000059009,-149.4589044302702,42.999997735023499,53.468026220798492,3.0999999940395355,3.4965690672397614
1774,61.659799993038177,62.321990013122559,-151.83509999513626,-151.18048033118248,96.699999645352364,40.153853595256805,3.3999999761581421,3.4492006301879883
216,59.524799942970276,59.05571973323822,-152.93899995088577,-152.2963399887085,98.30000065267086,43.94906759262085,3.6999999582767487,3.3480432629585266
278,62.986999988555908,62.925537705421448,-150.46649998426437,-151.0570642054081,101.5000008046627,35.362407565116882,3.5999999642372131,4.1205097585916519
1548,60.376999974250793,60.84259757399559,-147.35910004377365,-147.54501128196716,7.7000036835670471,53.703233599662781,3.2999999821186066,3.502525806427002
1392,61.574100017547607,61.646190166473389,-149.97679999982938,-150.25602769106627,42.429998517036438,70.54702565073967,3.2999999821186066,3.2581924796104431
36,60.629700005054474,60.994022908620536,-147.78110003471375,-147.81559467315674,16.699999570846558,88.82845938205719,3.199999988079071,3.167920857667923
1803,62.718500018119812,62.8223876953125,-149.61310002207756,-149.53855673968792,7.6000019907951355,23.956276476383209,3.0999999940395355,3.4154314398765564
662,62.416000008583069,62.54831850528717,-148.29679995775223,-147.79098951816559,34.1000035405159,64.423508942127228,3.9999999850988388,3.8171315789222717
2102,59.892899990081787,59.076305866241455,-152.91600000858307,-151.81193768978119,117.39999987185001,41.198641061782837,3.6999999582767487,3.2654488384723663
1719,60.700500011444092,60.296163320541382,-151.11580002307892,-151.14894193410873,50.099998712539673,85.153479129076004,3,3.1381606757640839
977,61.485900014638901,61.522397339344025,-149.85319999605417,-150.0707238111645,42.199999094009399,72.295859456062317,3.6999999582767487,3.8823391646146774
1571,60.032599985599518,59.584036350250244,-151.43419995903969,-151.24257418513298,75.39999857544899,98.295975476503372,3.9999999850988388,3.8155896216630936
1869,61.725399971008301,61.840846002101898,-148.55179998278618,-148.37828528881073,29.299996793270111,60.451909899711609,3.3999999761581421,3.6117575168609619
738,59.44570004940033,59.112244725227356,-152.74430000782013,-152.22353768348694,79.300001263618469,78.318517655134201,3.3999999761581421,3.4126805663108826
191,62.879400014877319,62.939877986907959,-150.44430001080036,-150.93929412961006,101.99999995529652,50.890237092971802,3,3.3722434937953949
919,61.289700001478195,61.39406618475914,-149.98619999969378,-150.2951935082674,38.900002837181091,87.216369807720184,3.3999999761581421,3.4683482944965363
456,62.356299996376038,62.555760860443115,-149.12199997901917,-149.103809684515,13.199999928474426,53.028926253318787,3.199999988079071,3.1560187339782715
1417,61.42849999666214,61.472184896469116,-149.84030000120401,-149.90419279038906,50.300002098083496,66.856171935796738,3.7999999970197678,3.6893976330757141
675,62.449200034141541,62.659067153930664,-148.25120007991791,-148.75799551606178,43.999999761581421,92.153258621692657,6.1000000834465027,5.4827266931533813
760,60.575199991464615,59.808928608894348,-152.90829992294312,-152.44935786724091,143.50000023841858,29.452100396156311,3.2999999821186066,3.5874676108360291
2103,60.429000020027161,60.198151051998138,-151.83599996566772,-151.61764991283417,72.999998927116394,82.718141376972198,3,3.0149977505207062
1903,62.738999962806702,62.864785552024841,-149.68470000475645,-149.40607219934464,73.30000028014183,65.375667065382004,4.6000000052154064,4.4584320243448019
728,61.339700013399124,61.48981711268425,-149.96909999940544,-149.99802030657884,49.000002443790436,74.762359261512756,3.3999999761581421,3.483707070350647
1957,62.10319995880127,61.980571806430817,-150.63990001380444,-149.47031655907631,10.099999606609344,44.931992888450623,4.8000000044703484,4.6804624423384666
1399,61.444999992847443,61.511891722679138,-149.95530000049621,-149.65155252814293,38.80000114440918,62.197081744670868,3.199999988079071,3.0949301719665527
412,60.73769998550415,60.328645765781403,-150.91980001330376,-150.95190462470055,68.937998265028,81.647045910358429,3.2999999821186066,3.6312580704689026
1098,62.879999995231628,62.829639554023743,-150.52620001137257,-150.61180320382118,88.700000196695328,18.318608403205872,3.0999999940395355,3.5090889930725098
1516,59.621500015258789,59.220184087753296,-152.0006999373436,-151.517314016819,67.800000309944153,102.61827893555164,4.1999999955296516,3.92982517182827
1524,60.1182000041008,59.370519161224365,-152.54420006275177,-151.57142794132233,93.900000676512718,64.691029489040375,3,3.2812067270278931
825,59.473299980163574,59.078116655349731,-152.56309998035431,-151.946044921875,73.30000028014183,78.641518950462341,3.8999999910593033,3.5051691234111786
1781,61.758099973201752,61.801940381526947,-147.79749995470047,-147.73698145151138,27.599997818470001,51.711156964302063,3,3.0726135671138763
616,61.568300008773804,61.727230787277222,-149.94830000214279,-150.04151517245919,40.200002491474152,62.980435788631439,3.2999999821186066,3.3235184848308563
114,59.976500034332275,59.383744597434998,-152.74899995326996,-151.9689182639122,88.700000196695328,84.295228123664856,4.2999999895691872,4.4473804738372564
417,60.939100001007318,60.89089672267437,-150.23369999974966,-150.15978202968836,49.400001764297485,96.870863810181618,3.6999999582767487,3.9487753361463547
2159,60.023000001907349,59.569783568382263,-150.62350000441074,-150.7486879080534,42.599998414516449,84.807153791189194,3.2999999821186066,3.5688942074775696
1625,60.717299997806549,60.587607592344284,-149.91100000217557,-150.29204917699099,39.099998772144318,101.91276296973228,3.3999999761581421,3.6765640676021576
969,61.426999986171722,61.456896394491196,-150.15610000491142,-150.49412351846695,43.899998068809509,89.301485568284988,3,3.2526928782463074
604,62.204399943351746,62.306650400161743,-150.68899999558926,-150.44922253489494,0,52.172861993312836,3.199999988079071,3.273901104927063
2163,61.166500002145767,62.36396312713623,-152.76090002059937,-151.89956653118134,177.49999836087227,33.136211335659027,3.2999999821186066,3.1048471033573151
89,62.149799942970276,62.040626406669617,-147.40379995107651,-147.30525076389313,31.700000166893005,53.739637136459351,3.0999999940395355,3.1506792604923248
848,60.897699996829033,60.376801729202271,-151.01009997725487,-151.26668053865433,54.399996995925903,80.826133489608765,3.2999999821186066,3.7048571705818176
1809,60.001200020313263,59.40299117565155,-152.67320001125336,-151.75728678703308,97.999999299645424,84.397826343774796,4.3999999947845936,4.3523358888924122
2162,59.902400016784668,59.053285241127014,-152.9941999912262,-152.03551590442657,110.89999973773956,38.176760077476501,3.2999999821186066,3.0279376208782196
753,61.4375,61.54200267791748,-149.85719999670982,-149.88162143155932,37.600003182888031,67.83222034573555,3.2999999821186066,3.7434661388397217
498,62.402500033378601,62.756839752197266,-149.58719998598099,-149.63633771985769,25.200001895427704,44.919587671756744,3.0999999940395355,3.4482607841491699
1276,61.475199997425079,61.589485943317413,-150.00749999983236,-150.06432622857392,40.600001811981201,70.354413241147995,3.4999999701976776,3.7547106295824051
1325,61.377799987792969,61.494943767786026,-150.07140000164509,-150.21379814296961,29.200002551078796,77.293645590543747,3,3.2304595112800598
1630,59.15339994430542,59.094355702400208,-151.22479999065399,-151.27493566274643,38.40000182390213,63.953399658203125,3.199999988079071,3.1815094649791718
11,61.32370001077652,62.2053142786026,-152.34409993886948,-151.26338946819305,4.1000023484230042,46.862497925758362,3.2999999821186066,3.0152437090873718
396,61.71780002117157,61.665069341659546,-149.58409997820854,-149.08052211999893,43.899998068809509,54.62193489074707,3.7999999970197678,4.1310672014951706
284,59.965199947357178,59.163300514221191,-152.00050002336502,-149.75546593219042,63.099998980760574,56.790754199028015,3,3.0006072521209717
2155,61.740100026130676,62.303751111030579,-151.74239999055862,-151.1998393535614,90.799998492002487,54.615147411823273,3.2999999821186066,3.2037321925163269
1066,62.865300059318542,62.9255690574646,-150.88989999890327,-151.62442445755005,87.200000882148743,23.868806660175323,3,3.2392617166042328
1191,61.311800003051758,61.321087867021561,-150.02550000138581,-150.09527868032455,20.000003278255463,86.273819208145142,3,3.067899227142334
1440,61.461699992418289,61.718561828136444,-149.92139999940991,-149.44429090619087,46.999998390674591,63.230391591787338,3.3999999761581421,3.1940168738365173
1600,59.030099987983704,59.042274475097656,-152.46509993076324,-151.6692430973053,62.200002372264862,86.088709533214569,3.9999999850988388,3.6805347204208374
2170,62.163699984550476,62.515994906425476,-149.61980000138283,-149.38311338424683,49.000002443790436,47.982349991798401,3.3999999761581421,3.4978703856468201
2060,62.130499958992004,62.471177339553833,-150.7984000146389,-150.51883900165558,73.69999960064888,82.096997648477554,4.2999999895691872,4.5232292921282351
1450,61.47639998793602,61.732315182685852,-149.93429999984801,-149.25823049247265,38.900002837181091,39.600938558578491,3.7999999970197678,3.4896211624145508
690,61.980400025844574,62.116490244865417,-149.90190000459552,-149.53668567538261,35.199999809265137,44.244229793548584,3,3.1947129964828491
1937,60.010999977588654,59.244423627853394,-152.80780005455017,-151.98785626888275,94.39999982714653,59.68765914440155,3,3.1637751460075378
1568,62.205100059509277,62.321252346038818,-150.04700000211596,-150.0671394970268,45.500002801418304,56.499414145946503,3.4999999701976776,3.7142943441867828
2141,61.5,61.756762027740479,-150.85600000619888,-151.06579264998436,61.20000034570694,76.806187629699707,3.199999988079071,3.1729304194450378
689,60.321900010108948,60.172611713409424,-151.13510003685951,-151.33755674958229,42.599998414516449,101.25420056283474,3.6999999582767487,3.7606429159641266
851,61.192200005054474,61.02044714614749,-149.98220000043511,-149.80379229784012,45.100003480911255,88.992845267057419,3.5999999642372131,3.8631202429533005
1498,61.420899987220764,61.271768152713776,-149.96140000037849,-149.36671185493469,43.399997055530548,70.489849895238876,3.9999999850988388,3.4585862159729004
159,62.538599967956543,62.747881412506104,-149.24549996852875,-149.41675807535648,59.799998998641968,33.255971968173981,3.3999999761581421,3.6174856424331665
895,60.257099986076355,59.389701366424561,-152.57330006361008,-151.83683574199677,99.199999123811722,62.751181423664093,3,3.1713488101959229
1873,62.153200030326843,62.400485992431641,-150.81179997324944,-150.76126196980476,67.800000309944153,56.371308863162994,3.0999999940395355,3.5315090417861938
257,59.595100045204163,59.071427464485168,-152.67039996385574,-151.70014536380768,77.500000596046448,65.064389258623123,3.0999999940395355,3.2218086719512939
335,62.538100004196167,62.817272186279297,-149.79440000653267,-149.73351573944092,64.19999897480011,32.73831307888031,3.0999999940395355,3.3807673752307892
2143,60.702600002288818,60.479524791240692,-151.56619995832443,-151.4717473089695,77.399998903274536,77.499471604824066,3.7999999970197678,3.8778495490550995
1039,60.325699985027313,60.206996619701385,-151.3052000105381,-151.27948781847954,60.999996960163116,106.93017393350601,4.7000000104308128,4.6179121881723404
515,61.519699990749359,61.6971076130867,-149.89070000499487,-149.88406414166093,37.10000216960907,58.787696063518524,3.3999999761581421,3.7528116703033447
1348,61.48199999332428,61.625754654407501,-149.93859999999404,-149.94874372892082,38.099996745586395,66.950973123311996,3.2999999821186066,3.4503001570701599
1015,61.996800005435944,62.048820853233337,-149.08370000123978,-149.03289467096329,3.4999996423721313,50.844624638557434,3,3.1973569393157959
768,60.176800012588501,59.800084352493286,-150.94669997692108,-150.92316189408302,62.5,84.658455103635788,3.0999999940395355,3.1522554159164429
2067,59.274199962615967,59.047613978385925,-152.50850003957748,-151.33203613758087,73.100000619888306,69.966778159141541,3.4999999701976776,3.3625188767910004
441,61.56029999256134,62.003226161003113,-151.84450006484985,-151.36621588468552,102.80000045895576,30.499637126922607,3,3.2215724587440491
1765,62.35699999332428,61.927583158016205,-147.81550008058548,-147.39355981349945,44.39999908208847,30.923053622245789,3.199999988079071,3.4886711239814758
761,60.218699991703033,59.944124937057495,-151.63990008831024,-151.49715998768806,70.799998939037323,88.969685137271881,3.199999988079071,3.4457169771194458
1246,61.462000012397766,61.675599634647369,-149.91039999760687,-149.92133735306561,31.800001859664917,71.507740765810013,3.2999999821186066,3.7683814018964767
1203,60.224699974060059,59.545456409454346,-151.84920001029968,-151.13750812411308,60.300000011920929,88.152728974819183,3.199999988079071,3.427151083946228
1747,59.613100051879883,59.051812767982483,-152.88529998064041,-151.88625705242157,98.30000065267086,54.514005780220032,3.3999999761581421,3.4174153804779053
1123,61.751500010490417,61.945515275001526,-150.7572999894619,-151.084926456213,70.900000631809235,77.902417629957199,3.199999988079071,3.9210802763700485
521,60.608399987220764,60.999520547688007,-149.96060000080615,-150.38278640806675,23.100003600120544,100.09561292827129,3,3.239688366651535
22,60.15530002117157,59.276693105697632,-152.4345999956131,-151.63659310340881,86.399998515844345,68.474926054477692,3.199999988079071,3.4432549774646759
356,62.741899967193604,62.834955930709839,-150.55530001223087,-150.27780333906412,86.699999868869781,49.891963601112366,3.5999999642372131,3.9025327116250992
1277,61.337199985980988,61.358167082071304,-150.07740000262856,-150.24851509183645,20.499996840953827,87.155479937791824,3.199999988079071,3.2752916514873505
1312,61.488499999046326,61.6361443400383,-149.92729999870062,-150.29893789440393,37.600003182888031,72.018008679151535,3.0999999940395355,3.352435290813446
1635,61.425300002098083,61.556414246559143,-151.48600003123283,-150.97630307078362,91.699998825788498,78.273527324199677,3,3.6011530458927155
2002,60.107900023460388,59.185764074325562,-152.6363999247551,-151.73016393184662,92.500001192092896,56.497320532798767,3.0999999940395355,3.1408125758171082
340,62.164399981498718,62.772340297698975,-152.10230004787445,-151.83436059951782,101.29999928176403,22.534467279911041,3.199999988079071,3.479819655418396
431,61.84850001335144,61.716639220714569,-147.57539999485016,-147.41356462240219,28.800003230571747,47.720029950141907,4.0999999791383743,3.9061951339244843
473,61.591099977493286,62.075969934463501,-151.62120008468628,-151.3193131685257,86.59999817609787,37.737399339675903,3,3.0457536578178406
217,60.018899977207184,59.372714042663574,-152.62099993228912,-151.49551123380661,97.999999299645424,65.652716904878616,3.0999999940395355,3.2913859784603119
911,61.26570001244545,61.311903476715088,-150.03309999871999,-150.35049089044333,46.199999749660492,88.849462568759918,3.0999999940395355,3.372520387172699
1227,61.446999996900558,61.474784523248672,-150.0093999998644,-150.44267271459103,20.099997520446777,83.543814718723297,3,3.3701103329658508
1896,59.904500007629395,59.608159303665161,-150.25819998979568,-150.65140244364738,55.200003087520599,80.321855843067169,3.2999999821186066,3.6783489882946014
1011,60.367500007152557,59.768267869949341,-152.59790003299713,-152.1133199930191,106.39999993145466,86.011189967393875,3.6999999582767487,4.1386199221014977
957,59.75820004940033,59.078678011894226,-152.56510001420975,-151.4007086455822,78.800000250339508,71.403898298740387,3.7999999970197678,3.3117105960845947
93,61.44200000166893,61.467759758234024,-150.79539996385574,-151.06339913606644,49.599997699260712,83.012979477643967,3,3.4128817319869995
1008,61.958700001239777,62.110409259796143,-150.49230001866817,-150.65388080477715,16.300000250339508,61.825163662433624,3.0999999940395355,3.5921033620834351
1070,60.912000000476837,60.925693325698376,-150.58900000154972,-150.63134108483791,61.499997973442078,98.421720787882805,3.0999999940395355,3.4273914098739624
1092,61.336400002241135,61.267406105995178,-150.01359999971464,-149.73555225133896,38.099996745586395,76.796445995569229,3.2999999821186066,3.8310172855854034
1946,62.117499947547913,62.426101922988892,-151.14550003409386,-150.25177826732397,70.500001311302185,41.990272700786591,3.0999999940395355,3.1787239015102386
1308,61.326099991798401,61.432994782924652,-150.03220000024885,-150.43296803534031,21.300002932548523,93.150526285171509,3.0999999940395355,3.2221922278404236
696,62.230800032615662,62.094585657119751,-148.19029998779297,-147.53972411155701,21.899998188018799,70.765741169452667,3.0999999940395355,3.1717129647731781
1109,61.386900007724762,61.275364905595779,-150.02439999952912,-149.88755437731743,39.399996399879456,81.318188458681107,3,3.5564458966255188
996,62.729699969291687,62.813151478767395,-148.59109997749329,-148.01413929462433,66.700000315904617,33.155620098114014,3,3.1638434529304504
1458,61.485199987888336,61.894416213035583,-149.92729999870062,-150.42287300527096,37.799999117851257,64.051467925310135,3.0999999940395355,3.3696572184562683
1679,62.15939998626709,62.773528099060059,-152.0949000120163,-150.977423787117,103.70000079274178,8.8232308626174927,3.199999988079071,3.1816967725753784
153,60.297800004482269,59.82487952709198,-151.36039996147156,-150.9198312163353,55.100001394748688,90.347990393638611,3.3999999761581421,3.5168251097202301
1099,61.897199988365173,62.181621670722961,-151.18349996209145,-151.16539165377617,72.39999994635582,63.908658921718597,3.4999999701976776,3.897120326757431
2046,60.674400001764297,60.350207567214966,-151.19719997048378,-151.21710366010666,60.900002717971802,77.104844152927399,3.0999999940395355,3.2438759207725525
2205,61.555000007152557,61.738496243953705,-151.48699995875359,-151.461241543293,74.000000953674316,68.109326064586639,3.0999999940395355,3.0632293224334717
789,60.893200002610683,61.123169682919979,-147.60499995946884,-147.6317675113678,9.7000002861022949,58.506757020950317,3,3.1260006129741669
580,61.84469997882843,62.12749707698822,-150.52439998090267,-150.2327893897891,45.800000429153442,56.395538151264191,3.0999999940395355,3.5239115953445435
1470,61.514900028705597,61.482230067253113,-149.92789999768138,-148.96397379040718,38.099996745586395,40.283128619194031,3.199999988079071,3.2165427803993225
703,62.773499965667725,62.893706321716309,-149.67099999636412,-149.50648082792759,70.999998599290848,49.654766917228699,3.199999988079071,3.377962052822113
1212,61.392100006341934,61.468227028846741,-150.07789999991655,-150.40443509817123,19.799999892711639,85.134368389844894,3.3999999761581421,3.6162685453891754
1295,61.488400012254715,61.53542947769165,-149.93949999846518,-150.12112351879478,32.799996435642242,71.617484092712402,3,3.2860965728759766
2125,60.03439998626709,59.332565069198608,-152.60110008716583,-151.85197162628174,91.899998486042023,54.536446928977966,3.199999988079071,3.2337257266044617
1260,61.267399996519089,61.355835437774658,-149.95969999954104,-150.28762283921242,40.50000011920929,89.755047112703323,3.0999999940395355,3.2406357228755951
487,62.457499980926514,62.524280309677124,-148.22630006074905,-147.55566787719727,35.499997437000275,47.234505414962769,3.2999999821186066,3.416880190372467
1624,61.195700004696846,61.264934778213501,-150.33229999244213,-150.68326337635517,59.299997985363007,94.1136684268713,3,3.1737483143806458
559,61.950100004673004,62.406057834625244,-150.66640001535416,-150.49963653087616,63.599999994039536,66.698461771011353,3.3999999761581421,3.8750842809677124
1141,61.405099987983704,61.307021081447601,-149.88499999791384,-149.487943187356,36.399997770786285,72.762947529554367,3.6999999582767487,3.9497682452201843
2053,59.811699986457825,59.239752769470215,-152.72680002450943,-152.37567311525345,109.89999957382679,56.005664169788361,3.2999999821186066,3.0463502705097198
1119,61.957300007343292,62.258751153945923,-150.67489998042583,-150.88112488389015,55.600002408027649,59.877663850784302,3,3.2495384216308594
801,62.995100021362305,62.858949661254883,-151.54879993200302,-152.04325640201569,3.4999996423721313,112.07409854978323,3.8999999910593033,3.505154550075531
512,62.418499946594238,62.760134220123291,-151.49750000238419,-151.30356815457344,87.900001555681229,43.947756290435791,3.199999988079071,3.2803012132644653
633,62.9757000207901,62.829198837280273,-148.47769993543625,-148.11613082885742,7.3999986052513123,39.288915693759918,3.0999999940395355,3.1110209226608276
1760,61.561100006103516,61.634445428848267,-148.06519997119904,-148.19468557834625,20.000003278255463,38.594216108322144,3.2999999821186066,3.5616994500160217
1664,62.783100008964539,62.765095472335815,-148.87560001015663,-148.82516857981682,20.300000905990601,44.013574719429016,4.0999999791383743,3.834205225110054
1012,61.49779999256134,61.566466987133026,-147.79640007019043,-148.14329445362091,9.0000033378601074,28.675347566604614,3.3999999761581421,3.6673452258110046
1838,59.802899956703186,59.275617361068726,-151.77720004320145,-151.25960791110992,62.89999932050705,94.769610092043877,3.9999999850988388,3.8702308237552643
1150,61.530900001525879,61.49957337975502,-149.99219999997877,-149.81838297843933,34.900002181529999,63.123289495706558,3,3.4019420742988586
790,62.899600028991699,62.929946541786194,-149.97360000014305,-149.62539660930634,80.099999904632568,29.277294874191284,4.6000000052154064,4.2792365178465843
116,59.47379994392395,59.341026186943054,-150.72549998760223,-150.88899287581444,31.499996781349182,63.687693327665329,3.4999999701976776,3.6193113327026367
1497,61.428299993276596,61.896243810653687,-149.94179999828339,-149.51641935110092,36.600001156330109,68.065386265516281,3.9999999850988388,4.2413370385766029
740,59.953400015830994,59.205684900283813,-152.867899954319,-152.80638295412064,106.69999942183495,42.292088270187378,3.199999988079071,3.0046683847904205
2014,62.81470000743866,62.873178243637085,-150.56119997799397,-150.27392584830523,87.900001555681229,51.692984998226166,3.199999988079071,3.3614131808280945
1081,61.427899986505508,61.479545325040817,-150.02979999873787,-150.34805855154991,40.200002491474152,82.417003810405731,3.2999999821186066,3.7437647581100464
1627,61.75110000371933,61.860562086105347,-148.13740003108978,-148.25012362003326,3.4999996423721313,47.302685678005219,4.6000000052154064,3.8308677077293396
830,62.917099952697754,62.933689951896667,-149.34709998965263,-149.39731997251511,75.500000268220901,39.132848381996155,3.0999999940395355,3.4349846541881561
119,59.760599970817566,59.20073664188385,-152.09709995985031,-151.48487886786461,68.500000983476639,92.8342305123806,3.199999988079071,3.5262849926948547
656,62.241899967193604,62.494570970535278,-149.60639999806881,-149.40657614171505,42.999997735023499,48.062197864055634,3.2999999821186066,3.5803004801273346
1970,59.878999948501587,59.469614863395691,-151.84990006685257,-151.84691101312637,55.600002408027649,90.993117541074753,3.0999999940395355,3.3261534869670868
1913,62.874500036239624,62.932471752166748,-148.23779994249344,-147.8568195104599,66.300000995397568,35.245701670646667,3.2999999821186066,3.4426389634609222
2158,59.738399982452393,59.119750380516052,-152.80980008840561,-152.76941013336182,90.500000864267349,50.719402730464935,3,3.0002624988555908
635,61.408499985933304,61.375672042369843,-150.00679999985732,-150.11889674887061,36.899998784065247,86.15420013666153,3.5999999642372131,3.768758699297905
369,61.720300018787384,61.856370568275452,-149.55190001428127,-149.25013536214828,34.800000488758087,60.784175992012024,4.5,4.7419120743870735
268,59.935799956321716,59.32341206073761,-152.18040007352829,-151.86638367176056,71.699999272823334,94.852356240153313,3.199999988079071,3.5260021090507507
655,62.436599969863892,62.431860089302063,-148.21510004997253,-147.56949877738953,46.599999070167542,53.646653890609741,3.3999999761581421,3.4705538749694824
935,61.540899991989136,61.710903406143188,-149.76199999451637,-149.89928851649165,39.300002157688141,66.033679991960526,3.0999999940395355,3.5624067485332489
822,61.875,62.567456245422363,-152.07490003108978,-150.79434809088707,115.5000003054738,12.949801981449127,3,3.1354836523532867
866,59.741299986839294,59.172289967536926,-152.85730004310608,-152.43585687875748,87.600000202655792,53.360365331172943,3.2999999821186066,3.0435346662998199
46,60.935000002384186,60.831664055585861,-150.34139999002218,-150.4465287476778,55.900000035762787,97.832877188920975,3.0999999940395355,3.2958845794200897
1373,61.385699987411499,61.983648061752319,-150.06180000118911,-150.29582577198744,37.500001490116119,61.585210263729095,3.3999999761581421,3.2222125232219696
2035,61.342000007629395,61.426995068788528,-150.14800000190735,-150.33047615736723,39.70000147819519,85.132122039794922,3.2999999821186066,3.3811089992523193
991,62.496399998664856,62.778400659561157,-151.56879991292953,-151.11003309488297,92.799998819828033,47.680437564849854,5.0000000149011612,5.0542301684617996
876,61.418500006198883,60.960232298821211,-151.39549997448921,-150.97735190391541,87.900001555681229,67.924000322818756,3.4999999701976776,4.4185017496347427
773,61.537000000476837,61.561891913414001,-149.82140000537038,-149.74888475239277,39.599999785423279,65.333373844623566,3.0999999940395355,3.3332870006561279
1219,61.460799992084503,61.667145848274231,-149.97630000114441,-150.38279959559441,33.600002527236938,71.578852832317352,3,3.1981268227100372
1126,61.489699989557266,61.572290122509003,-150.22450000047684,-150.58237288892269,46.400003135204315,79.074002802371979,3.0999999940395355,3.60856693983078
4,60.351400017738342,59.724555253982544,-152.2681000828743,-151.38558983802795,83.799999207258224,99.504651501774788,4.5,4.7601941004395485
2090,59.871700048446655,59.18324339389801,-152.52659994363785,-151.77214658260345,92.399999499320984,65.480642020702362,3.5999999642372131,3.4879067838191986
1003,60.142000019550323,59.551738023757935,-151.97989994287491,-151.31772217154503,67.800000309944153,85.361972451210022,3.0999999940395355,3.5483994483947754
1984,62.187700033187866,62.393120050430298,-150.37020000815392,-150.39644350111485,54.700002074241638,53.582727909088135,3.2999999821186066,3.5335471630096436
2051,62.350000023841858,62.569471836090088,-149.68429999798536,-150.08224206604064,57.199999690055847,47.079145908355713,4.1999999955296516,4.5565829481929541
263,61.864300012588501,61.993718266487122,-148.9685999751091,-148.50309517979622,35.478003323078156,73.386996984481812,3.3999999761581421,3.6066164374351501
1867,59.288900017738342,59.037465214729309,-152.90460008382797,-151.82294869422913,81.199999898672104,51.843449473381042,3.2999999821186066,3.2368771433830261
612,60.346599996089935,59.782474398612976,-151.76989996433258,-151.26402094960213,65.699998289346695,81.806562840938568,3.2999999821186066,3.4475977420806885
443,62.922099947929382,62.917493939399719,-150.78329998254776,-150.9256546497345,105.90000078082085,13.089768588542938,4.0999999791383743,4.2103255614638329
1002,60.917000003159046,60.801445722579956,-151.76489996910095,-151.70457494258881,83.399999886751175,66.073153167963028,3.4999999701976776,3.652678370475769
1077,62.780099987983704,62.61446213722229,-148.77759996056557,-148.70287594199181,29.200002551078796,46.033717691898346,3.199999988079071,3.7416351735591888
837,61.26460000872612,61.066426031291485,-150.33079998940229,-149.99729320476763,12.100003659725189,89.285288006067276,3,3.0975621342658997
681,59.282099962234497,61.611039578914642,-152.78339999914169,-149.89257912710309,70.399999618530273,16.699463129043579,4.0999999791383743,3.2918803095817566
1715,62.461899995803833,62.674040794372559,-149.10269996523857,-149.02900761365891,37.799999117851257,44.611141085624695,3.6999999582767487,3.9054388850927353
304,59.899500012397766,59.569577693939209,-152.39010000228882,-152.27397841215134,89.299999177455902,72.840243577957153,3,3.2089861929416656
1365,61.528900027275085,61.701094329357147,-149.94049999862909,-150.09227932803333,37.799999117851257,61.14611029624939,3,3.022208958864212
2064,61.683899998664856,62.261193990707397,-152.1127000451088,-151.44938609004021,121.49999989196658,72.707708925008774,5.800000011920929,5.3734527826309204
313,59.96560001373291,59.547720432281494,-152.76559996604919,-152.42788052558899,103.4999992698431,50.341129302978516,3.4999999701976776,3.6293265223503113
149,61.717999994754791,62.119318604469299,-151.25729995965958,-151.22549557685852,68.599998950958252,64.270578324794769,3.199999988079071,3.7530141770839691
1148,61.130700007081032,61.148013398051262,-150.08049999922514,-150.33906342834234,10.200001299381256,96.255326643586159,3.199999988079071,3.4241527318954468
1213,61.320600003004074,61.386408269405365,-150.05799999833107,-150.12028758600354,20.000003278255463,85.189808160066605,3,3.0749956369400024
574,60.270699977874756,59.995486736297607,-152.53729999065399,-152.07567536830902,93.800000846385956,70.087488740682602,3.199999988079071,3.4920024275779724
1721,60.081700026988983,59.749276876449585,-151.08590000867844,-150.83182194828987,61.800003051757812,80.161638557910919,3.8999999910593033,3.9803768992424011
1688,60.066500008106232,59.297189712524414,-152.47699999809265,-152.05076479911804,95.499999821186066,86.35585755109787,4.9000000208616257,4.7129901275038719
50,60.70660001039505,60.006119012832642,-152.82700002193451,-151.87303483486176,126.9000000320375,43.7508225440979,3.2999999821186066,3.8567091822624207
1847,59.956900000572205,59.208218097686768,-152.69199997186661,-152.32249331474304,98.999999463558197,54.288990795612335,3.199999988079071,3.5160509347915649
726,60.224300026893616,59.840401768684387,-152.62200003862381,-151.58161407709122,106.39999993145466,78.421756625175476,3.7999999970197678,4.0506516247987747
833,59.386700034141541,59.137834072113037,-151.94100004434586,-151.35526093840599,56.50000274181366,68.509500473737717,3.0999999940395355,3.0443455874919891
1377,61.322299987077713,61.586806535720825,-150.08579999953508,-150.55026054382324,33.299997448921204,77.303200960159302,3.3999999761581421,3.4672438502311707
1115,61.303099989891052,61.186624929308891,-149.74359999597073,-149.4174722135067,38.40000182390213,82.420337945222855,3,3.2400388419628143
1166,61.28999999165535,61.255032360553741,-150.10269999504089,-150.12112696096301,34.999996423721313,79.89540696144104,4.9000000208616257,4.3065120130777359
470,61.14360000193119,61.347573012113571,-151.09960001707077,-151.06250730156898,50.999999046325684,95.98078578710556,3.0999999940395355,3.5314278602600098
971,61.501699984073639,61.70093822479248,-149.87889999523759,-150.05069755017757,42.199999094009399,69.050781428813934,3.4999999701976776,3.8365968614816666
653,60.980100000277162,60.80204264819622,-151.47790002822876,-151.63836300373077,64.100001007318497,87.952282279729843,3.199999988079071,3.294592022895813
399,61.785399973392487,62.161697149276733,-151.01790001988411,-150.60807484388351,79.700000584125519,59.698246419429779,3.6999999582767487,4.3331473879516125
511,60.786899998784065,61.181552082300186,-149.06479999423027,-149.24872210621834,10.600000619888306,81.677861511707306,3,3.1158001720905304
1907,61.749000012874603,61.796102941036224,-148.18049991130829,-148.10097742080688,14.499999582767487,59.528790414333344,3.3999999761581421,3.545371413230896
320,61.149499997496605,61.098264873027802,-150.72210001945496,-150.58009350299835,15.100002288818359,96.739500761032104,3,3.2469150424003601
19,61.172099992632866,61.190238192677498,-149.1695000231266,-149.05851164460182,13.199999928474426,85.180919617414474,3.3999999761581421,3.6899596452713013
684,59.239400029182434,59.19491982460022,-149.86470000073314,-150.911127358675,36.70000284910202,86.374904960393906,3,3.0625964999198914
35,61.856599986553192,62.129937171936035,-149.9847999997437,-150.04042277857661,23.000001907348633,60.333438217639923,3,3.182005763053894
902,60.9510000012815,60.683906346559525,-150.97769996523857,-151.32701325416565,56.999996304512024,93.97565945982933,3,3.407039612531662
2085,62.037199974060059,62.25947642326355,-149.52679999172688,-149.23302760720253,38.599997758865356,51.468327641487122,3.2999999821186066,3.3173364400863647
827,61.495299994945526,61.497517615556717,-149.88019999489188,-149.49159336090088,46.09999805688858,59.061847627162933,3.199999988079071,3.6430701613426208
524,62.805500030517578,62.89513099193573,-148.87430003285408,-148.69459837675095,50.999999046325684,25.713957846164703,3.199999988079071,3.1607876121997833
407,61.587599992752075,61.737953245639801,-150.57600000500679,-150.78299161791801,53.800001740455627,71.495521813631058,3.2999999821186066,3.6033977866172791
920,60.106199979782104,59.771243572235107,-150.45409999787807,-150.65740750730038,39.200000464916229,83.274479955434799,3.5999999642372131,3.5145410299301147
537,62.373900055885315,62.263538599014282,-147.46609997749329,-147.17483711242676,11.200003325939178,41.136890649795532,3.0999999940395355,3.2392205893993378
758,61.467500001192093,61.550927460193634,-150.71479998528957,-150.95817375183105,73.69999960064888,89.436862617731094,3.2999999821186066,3.6423507928848267
1705,59.572299957275391,59.077077507972717,-152.62370002269745,-151.13010504841805,75.300000607967377,67.374054342508316,3.7999999970197678,3.5523200333118439
2157,61.50900000333786,61.780888855457306,-151.51289999485016,-151.28953376412392,4.1999965906143188,76.702136546373367,3.4999999701976776,3.5480963587760925
1062,59.136800050735474,59.048996448516846,-152.9970999956131,-152.08114725351334,69.699998944997787,63.569337129592896,3.7999999970197678,3.6451149880886078
1199,61.350699990987778,61.43559718132019,-149.99080000002868,-150.34675546735525,42.000003159046173,90.666729956865311,3,3.2216412127017975
245,59.908100008964539,59.29256010055542,-152.79830002784729,-152.52205395698547,99.199999123811722,56.75189197063446,3.199999988079071,3.6834563612937927
1834,59.716899991035461,59.150581479072571,-152.6952999830246,-151.7509982585907,94.79999914765358,61.908826231956482,3.3999999761581421,3.8283726274967194
1416,61.439099997282028,61.540878593921661,-150.07730000093579,-150.14122506603599,30.28000146150589,72.672978043556213,3.5999999642372131,3.4913544952869415
1127,61.507700026035309,61.58512669801712,-149.90120000392199,-150.21661902219057,36.200001835823059,76.366029679775238,3,3.5671538114547729
784,61.519999980926514,61.399568140506744,-149.91439999826252,-149.49444217979908,41.500002145767212,71.932002902030945,5.1000000089406967,4.8607204556465149
1409,61.37729999423027,61.520112752914429,-150.11780000478029,-149.94856715574861,21.799996495246887,76.15414634346962,3.0999999940395355,3.1063547730445862
489,60.315299987792969,59.96906578540802,-152.31419992446899,-152.11255466938019,85.799999535083771,62.547612935304642,3.3999999761581421,4.0534760355949402
154,59.473999977111816,59.09513783454895,-152.76380002498627,-151.9375011920929,90.900000184774399,58.309182524681091,3.3999999761581421,3.3091426491737366
1662,59.621000051498413,59.121019244194031,-152.24219995737076,-151.25910517573357,83.5999995470047,85.822116583585739,4.2999999895691872,3.933735653758049
961,62.180799961090088,62.135038137435913,-148.38949996232986,-148.08955281972885,38.80000114440918,70.792380720376968,3,3.1274625062942505
1686,60.70100000500679,60.481342315673828,-150.51369997859001,-150.26285853981972,56.699998676776886,98.237894475460052,3,3.3884237408638
853,61.326200008392334,61.257690787315369,-150.13249999657273,-149.68706249445677,41.4000004529953,76.938886195421219,3.7999999970197678,3.9233252853155136
1311,61.356700003147125,61.415800333023071,-150.10229999944568,-150.24248772114515,35.80000251531601,83.175547420978546,3.2999999821186066,3.6474983096122742
625,61.860099971294403,62.222127199172974,-150.55530001223087,-150.62286695837975,60.400001704692841,61.875753104686737,4.0999999791383743,4.0338457077741623
1815,60.061800003051758,59.618011951446533,-151.08110001683235,-150.85321506857872,60.099996626377106,87.217714637517929,3.4999999701976776,3.6446435451507568
685,62.51830005645752,62.59149444103241,-149.18039998412132,-149.1395543217659,9.0999975800514221,41.419431567192078,3.6999999582767487,3.8720527142286301
1859,61.289200007915497,61.262525111436844,-150.39730001986027,-150.2937588840723,49.400001764297485,86.019251495599747,3.3999999761581421,3.6019824743270874
569,59.245300054550171,59.085851669311523,-152.13369995355606,-151.70587742328644,60.300000011920929,93.521106988191605,3.3999999761581421,3.4434669613838196
565,62.902099967002869,62.911212563514709,-149.30259999632835,-149.27306275069714,66.500000655651093,42.747534811496735,3.8999999910593033,4.0212902873754501
1758,60.692699998617172,60.315652430057526,-152.77009999752045,-151.94632422924042,8.9000016450881958,54.467171430587769,3.0999999940395355,3.5025613903999329
1816,60.770600005984306,60.703739017248154,-150.1984000056982,-150.26034584641457,50.399996340274811,101.29300504922867,3.9999999850988388,3.9941030144691467
17,62.00380003452301,62.419092655181885,-150.88269996643066,-150.6380263119936,63.900001347064972,57.684242725372314,3.6999999582767487,3.8882880359888077
127,61.974799990653992,62.509291529655457,-151.45509999990463,-150.98371177911758,77.899999916553497,54.156959056854248,3.6999999582767487,3.9143787324428558
1346,61.489100009202957,61.638168096542358,-149.93840000219643,-150.26667735725641,41.599996387958527,70.139866322278976,3,3.2788162529468536
1279,61.349000006914139,61.375684350728989,-149.99259999976493,-150.24877446144819,39.300002157688141,83.40681716799736,3.4999999701976776,3.8417472839355469
2188,61.595000028610229,61.789098739624023,-150.87329998612404,-151.12093278765678,61.20000034570694,75.393073260784149,3.199999988079071,3.3309540152549744
927,60.699200004339218,61.19468055665493,-152.83700001239777,-152.02399599552155,130.59999980032444,31.05510026216507,3.2999999821186066,3.2011964321136475
980,62.654099941253662,62.823144912719727,-148.77370002865791,-148.86929556727409,55.600002408027649,38.193404674530029,3.3999999761581421,3.6249838471412659
252,60.615500003099442,60.008489012718201,-151.22129997611046,-150.99275770783424,59.000000357627869,94.188837334513664,3.6999999582767487,3.9232534468173981
190,59.031700015068054,59.15362012386322,-150.09590000286698,-150.94011595845222,32.899998128414154,68.071313202381134,3.0999999940395355,3.3040043413639069
1139,61.44870001077652,61.700882494449615,-149.883499994874,-150.55534444749355,32.300002872943878,79.693861305713654,3.9999999850988388,3.8485986292362213
992,62.243199944496155,62.211292147636414,-148.22710007429123,-147.86040526628494,28.200000524520874,63.314784318208694,3.199999988079071,3.2949376702308655
699,61.363299995660782,61.507681667804718,-150.02969999983907,-150.10485118255019,38.699999451637268,77.327579259872437,3.2999999821186066,3.2425948083400726
1971,59.854099988937378,59.063194751739502,-152.97259998321533,-152.13860213756561,96.300000324845314,44.540658593177795,3.2999999821186066,3.1773197650909424
606,61.373600006103516,61.466667503118515,-149.96229999884963,-149.99554083065595,43.300002813339233,76.645489782094955,3.3999999761581421,3.7956554889678955
180,59.973399996757507,59.23909068107605,-152.88919991254807,-152.20725953578949,118.49999986588955,45.18483579158783,3.2999999821186066,3.353447824716568
301,59.912600040435791,59.362234473228455,-151.81729996204376,-151.44199186563492,59.10000205039978,86.275048553943634,3.2999999821186066,3.4564219415187836
496,60.425700008869171,60.526480704545975,-148.97810000181198,-149.37227372825146,30.599996447563171,90.632632374763489,3.199999988079071,3.391836941242218
2021,62.678400039672852,62.673089146614075,-149.80210000276566,-149.78410334140062,6.099998950958252,36.973625421524048,3,3.1764915883541107
2037,62.2882000207901,62.501982808113098,-150.72529998421669,-150.72103397548199,66.899999976158142,54.824709892272949,3.5999999642372131,3.6104121208190918
1997,62.814499974250793,62.881929755210876,-150.57100000977516,-150.35766264796257,86.699999868869781,39.885565638542175,3.0999999940395355,3.5979099869728088
2078,61.840099990367889,62.354158639907837,-151.69160002470016,-151.23775461316109,98.200000822544098,48.77723753452301,3.3999999761581421,3.3200418055057526
1948,59.843199968338013,59.176756858825684,-152.89069998264313,-151.99335408210754,100.50000064074993,61.42057478427887,3.6999999582767487,3.8227672576904297
517,59.075799942016602,59.075905323028564,-152.32649999856949,-151.75801134109497,49.300000071525574,71.994952857494354,3.199999988079071,3.0750622451305389
1396,61.513800024986267,61.254979938268661,-149.90440000221133,-148.79185026884079,35.599999129772186,52.248388528823853,3.0999999940395355,3.5819769501686096
1069,61.382699996232986,61.483179897069931,-150.00609999988228,-150.30850566923618,40.200002491474152,80.838803201913834,3.199999988079071,3.6459991335868835
476,60.980499999597669,61.251932084560394,-150.93649998307228,-150.77259305119514,51.100000739097595,85.357282310724258,4.7000000104308128,4.9319066852331161
157,60.430299997329712,59.912195444107056,-151.82069993019104,-151.34926629066467,69.200001657009125,82.97957107424736,3.0999999940395355,3.188123345375061
1243,61.325300008058548,61.323801577091217,-150.04169999901205,-150.15782580524683,41.900001466274261,84.447890520095825,3.2999999821186066,3.5162782073020935
1195,61.410600006580353,61.504746675491333,-150.04490000009537,-150.38040831685066,37.600003182888031,82.471434026956558,3,3.3118756413459778
16,59.247099995613098,59.069421529769897,-152.4582000374794,-152.11536383628845,60.999996960163116,72.299432009458542,3.0999999940395355,3.088378518819809
1535,61.345299988985062,61.368197202682495,-149.62739999592304,-149.58240151405334,30.799999833106995,74.958235025405884,3,3.2292927503585815
1072,61.388799995183945,61.444674044847488,-149.88540000468493,-150.10656053200364,38.000002503395081,79.422861337661743,3.6999999582767487,3.9097042679786682
2190,60.235400021076202,59.464976906776428,-152.48049992322922,-151.53124308586121,115.60000013560057,76.840557157993317,3.199999988079071,3.2802879810333252
546,60.118099987506866,59.264288425445557,-152.62709999084473,-151.84383952617645,83.5999995470047,57.891838252544403,3,3.2559944093227386
1539,61.983699977397919,62.051859974861145,-147.62879991531372,-147.48156344890594,10.099999606609344,64.374305307865143,3.3999999761581421,3.4848436117172241
658,61.738200008869171,61.823738038539886,-149.64079999923706,-149.28811839222908,30.100002884864807,49.723275005817413,3.0999999940395355,3.2635889053344727
2031,59.768900036811829,59.215953230857849,-152.52829992771149,-151.55545538663864,83.000000566244125,70.825308561325073,4.1999999955296516,3.8083799332380295
1852,62.157500028610229,62.731868267059326,-152.1156000494957,-151.04301631450653,104.19999994337559,30.787959694862366,3,3.1841046810150146
1019,61.479699999094009,61.522813498973846,-149.94249999895692,-150.43219953775406,43.700002133846283,81.434458494186401,3,3.2270674109458923
1977,61.698400020599365,61.694741368293762,-147.54429996013641,-147.64651304483414,24.999998509883881,52.556023001670837,3.6999999582767487,3.7078396081924438
1504,61.335999995470047,61.550226032733917,-149.91009999811649,-148.17640489339828,39.300002157688141,59.942074120044708,4.2999999895691872,3.9701991230249405
959,60.46340000629425,60.32774019241333,-151.23269999027252,-151.59247469902039,54.300002753734589,87.171737104654312,3.2999999821186066,3.2952387928962708
2145,59.148100018501282,59.063829183578491,-152.82490003108978,-152.60951489210129,70.000000298023224,59.103071689605713,3,3.0005136430263519
283,60.084399998188019,59.350711584091187,-152.93680000305176,-152.31325882673264,109.20000076293945,42.971387505531311,3.5999999642372131,3.6131340265274048
1632,59.341899991035461,59.054747939109802,-152.89550006389618,-151.86352246999741,76.400000602006912,56.903794407844543,4.1999999955296516,3.2712054848670959
797,62.037500023841858,62.449643492698669,-150.50800001621246,-150.33474558591843,51.100000739097595,56.391268968582153,3.2999999821186066,3.6475602686405182
1931,59.790199995040894,59.090474843978882,-152.9646999835968,-152.16851341724396,109.40000042319298,39.893016219139099,3,3.1800429224967957
225,60.277899980545044,59.263454437255859,-152.51140004396439,-151.75328367948532,101.80000029504299,63.230618834495544,3.6999999582767487,3.7124615907669067
26,60.94480000063777,61.116856977343559,-147.36059993505478,-147.44171905517578,16.199998557567596,58.441542088985443,4.2999999895691872,3.8976376354694366
2080,61.946099996566772,62.147880554199219,-150.47139997780323,-150.37388645857573,28.599999845027924,49.065366387367249,4.3999999947845936,4.1550259441137314
1799,61.50110000371933,61.589203774929047,-150.00880000018515,-150.16278945654631,44.39999908208847,72.99012690782547,3.4999999701976776,3.7481094002723694
437,62.189100027084351,62.557379245758057,-149.86499999463558,-149.86696146056056,45.400001108646393,48.831135034561157,3,3.1025866270065308
2178,60.41839998960495,60.193762958049774,-151.60859996080399,-151.42853897809982,78.499998897314072,84.471859037876129,3.2999999821186066,3.1506258845329285
1388,61.486999988555908,61.53874409198761,-149.95030000247061,-149.79280561208725,37.900000810623169,68.124596029520035,3.199999988079071,3.2554630637168884
229,61.423900008201599,61.291105657815933,-150.64810001850128,-150.25205147266388,60.400001704692841,81.717733293771744,3.0999999940395355,3.396898090839386
37,61.444999992847443,61.488219559192657,-150.71559999883175,-150.5825607329607,42.300000786781311,74.633508920669556,3.0999999940395355,3.1828749775886536
1693,62.010499954223633,61.979363858699799,-149.29939998686314,-149.15541172027588,7.3999986052513123,51.074512302875519,3.199999988079071,3.3355523943901062
749,62.846500039100647,62.866659641265869,-150.49400000274181,-150.58897706866264,95.200000330805779,30.064620077610016,4.2999999895691872,3.8259235918521881
1045,62.268399953842163,62.697256088256836,-151.16280001401901,-150.95222175121307,78.000001609325409,46.787649393081665,3.0999999940395355,3.4229453802108765
1398,61.497599989175797,61.235069319605827,-149.90399999544024,-149.74170754104853,35.999998450279236,39.310678839683533,3,3.4835779666900635
469,61.691500008106232,62.022876739501953,-150.70489999651909,-150.92525893449783,53.900003433227539,61.886705458164215,3,3.4942490458488464
1906,62.633599996566772,62.858335733413696,-151.21580001711845,-150.1374039798975,83.099998533725739,47.872990369796753,3.2999999821186066,3.7644493728876114
2017,59.57260000705719,59.092680096626282,-152.67610001564026,-151.51737892627716,82.899998873472214,67.018993198871613,3.2999999821186066,3.1039648354053497
2187,62.116199970245361,62.283960580825806,-149.44489999115467,-149.15123426914215,4.0000006556510925,48.20607602596283,3.0999999940395355,3.0746797621250153
687,60.939699999988079,60.768295526504517,-151.23999997973442,-151.42206582427025,56.10000342130661,92.665214091539383,3.2999999821186066,3.54649418592453
1056,59.357800006866455,59.066689252853394,-152.79519993066788,-152.04887634515762,75.39999857544899,64.552493393421173,3,3.0299562513828278
639,59.928200006484985,59.237357139587402,-152.68029999732971,-152.5101546049118,89.699998497962952,59.578724205493927,3,3.093291699886322
2040,60.455999970436096,59.884072542190552,-152.30299991369247,-151.41755801439285,86.399998515844345,85.702512413263321,3.199999988079071,3.1582794785499573
1218,61.45210000872612,61.57746034860611,-150.06489999778569,-150.15921180322766,23.100003600120544,74.937533587217331,3.3999999761581421,3.8856346160173416
1158,61.383300006389618,61.454466700553894,-149.8711999990046,-150.23798013478518,47.700002789497375,82.785587757825851,3.3999999761581421,3.884943813085556
1415,61.468400001525879,61.585971891880035,-149.92459999769926,-150.20198895782232,36.799997091293335,70.621635764837265,4.1999999955296516,3.6440738439559937
1944,60.141799986362457,59.504260778427124,-152.43969994783401,-151.58779317140579,96.300000324845314,77.503789216279984,3.0999999940395355,3.4843051135540009
1527,61.429899990558624,61.495834052562714,-149.43739999830723,-149.26988589763641,36.799997091293335,62.181383371353149,3,3.2417386472225189
1995,60.072700023651123,59.548175573348999,-151.52249997854233,-151.1298816204071,71.899998933076859,87.135054171085358,3.199999988079071,3.3175755143165588
1300,61.363499999046326,61.492026656866074,-150.13319999724627,-150.13020270690322,20.300000905990601,80.685731023550034,3,3.0908626019954681
2112,60.23989999294281,59.544528007507324,-152.34579992294312,-151.55589008331299,97.899999469518661,80.21080493927002,3.0999999940395355,3.0401376485824585
800,61.502499997615814,61.700929522514343,-149.96729999966919,-149.99206787673756,39.300002157688141,60.438297688961029,3.0999999940395355,3.1842010617256165
1603,59.48800003528595,59.221167325973511,-149.74290000647306,-150.60524618625641,10.099999606609344,62.161542475223541,3.2999999821186066,3.5097709000110626
160,62.000800013542175,61.694756627082825,-147.14620006084442,-147.21709674596786,39.499998092651367,32.031834125518799,3.4999999701976776,3.5161032378673553
1704,59.794000029563904,59.11165452003479,-152.94500005245209,-151.89246797561646,105.00000044703484,51.540173590183258,3.5999999642372131,3.8643562942743301
956,59.604699969291687,59.072930097579956,-152.78339999914169,-151.45786267518997,88.199999183416367,74.752599000930786,4.5,3.8204860836267471
1743,60.836899995803833,60.87395915389061,-150.70139998197556,-150.66935241222382,26.299998164176941,101.33647918701172,3.2999999821186066,3.7607617825269699
1186,61.38740000128746,61.439341425895691,-149.98850000021048,-150.3026726692915,19.100002944469452,84.756739437580109,3.2999999821186066,3.3447928726673126
821,61.928900003433228,62.464076519012451,-151.95550006628036,-151.62047052383423,112.80000023543835,22.346019744873047,4.2999999895691872,4.0516402423381805
1729,60.223599970340729,60.222043454647064,-149.55599999427795,-149.95074793696404,37.699997425079346,104.08691875636578,3.0999999940395355,3.1528823375701904
2001,60.01419997215271,59.483248472213745,-151.50650006532669,-151.04877519607544,73.800001293420792,80.011483281850815,3.199999988079071,3.4536621272563934
877,61.171000003814697,61.407858282327652,-147.53979992866516,-147.44207453727722,9.7000002861022949,57.065896689891815,3.2999999821186066,3.5437694191932678
1919,60.202099978923798,59.306663513183594,-152.8215000629425,-151.99252188205719,126.00000004749745,46.185240149497986,3.2999999821186066,3.4392444491386414
913,60.580399990081787,59.87848424911499,-152.36210006475449,-152.14296501874924,93.499999493360519,82.665368914604187,4.2999999895691872,5.0054390877485275
1884,62.359799981117249,62.807646512985229,-152.46259993314743,-150.34174402803183,143.50000023841858,6.803952157497406,4.5,4.9796958267688751
152,60.768500000238419,60.6510189473629,-149.88940000534058,-149.89530198276043,42.499996721744537,94.338325783610344,3.3999999761581421,3.4832500219345093
98,60.125800013542175,59.774366021156311,-148.51390001177788,-149.42260864377022,5.4000020027160645,75.30517503619194,3.2999999821186066,3.6749392747879028
2083,59.970999956130981,59.125991940498352,-152.59559994935989,-151.60004872083664,93.600001186132431,55.509552359580994,3.0999999940395355,3.0383338630199432
509,61.481799989938736,61.709427118301392,-149.92229999788105,-149.9713256014511,29.500000178813934,69.656785577535629,3.9999999850988388,3.8831182569265366
1135,61.359899997711182,61.215790942311287,-150.03959999978542,-149.83660075441003,45.000001788139343,81.269387155771255,3,3.6600225269794464
1250,61.508300006389618,61.573908567428589,-149.91769999824464,-150.24232220649719,35.999998450279236,76.123137027025223,3.199999988079071,3.2167589664459229
1979,61.415199995040894,61.273652344942093,-151.11399999260902,-151.07062187790871,65.799999982118607,78.268006443977356,3,3.5506350696086884
1875,61.837199985980988,62.467705965042114,-151.80819994211197,-151.24566525220871,99.300000816583633,36.350280046463013,3.8999999910593033,3.6757526993751526
103,61.926100015640259,61.867761969566345,-147.74370002746582,-147.76179349422455,27.199998497962952,84.92153137922287,3.4999999701976776,3.7189428806304932
1445,61.35479998588562,61.366397708654404,-150.09559999778867,-149.44562262296677,41.100002825260162,26.423647999763489,3,3.275743156671524
1443,61.476599991321564,61.61062490940094,-149.89790000393987,-150.19332298636436,31.300000846385956,65.252278000116348,3.3999999761581421,3.273333728313446
1648,61.460599988698959,61.620105564594269,-149.70289999991655,-149.50689643621445,30.799999833106995,57.036817073822021,4.1999999955296516,3.9943151772022247
586,61.677200019359589,61.703167021274567,-150.28349999338388,-150.35067158192396,20.999997854232788,76.673727482557297,3.5999999642372131,3.6205658912658691
627,62.888299942016602,62.974746227264404,-151.3652999997139,-152.12395656108856,117.69999982789159,21.853633224964142,3,3.3000096380710602
1943,59.888200044631958,59.180493593215942,-152.77000004053116,-152.05403065681458,92.399999499320984,60.829751193523407,3,3.2826201617717743
1696,59.667099952697754,59.13958728313446,-152.5103999376297,-151.60789293050766,91.699998825788498,70.529535412788391,3.6999999582767487,3.8531050086021423
1143,60.969900000840425,61.136207416653633,-147.08300006389618,-147.34235519170761,21.300002932548523,59.191077947616577,3.0999999940395355,3.3734208047389984
53,59.655099987983704,59.291533708572388,-151.52150005102158,-151.12485274672508,48.19999635219574,68.377446383237839,4.6000000052154064,4.2206560000777245
151,61.734200000762939,61.743643999099731,-149.60519997775555,-149.18315783143044,14.600001275539398,57.175204157829285,3.4999999701976776,3.8987971991300583
403,60.847800001502037,60.788511216640472,-152.569600045681,-151.88451057672501,9.4999969005584717,49.157977104187012,3.6999999582767487,3.4893639385700226
1154,61.297500014305115,61.29714834690094,-149.9522999972105,-149.75426390022039,44.39999908208847,73.089051991701126,5.0000000149011612,4.7753028720617294
207,61.242799997329712,61.248956710100174,-147.4452999830246,-147.58394855260849,6.8999975919723511,54.987311363220215,3.199999988079071,3.2653659582138062
2150,62.66569995880127,62.850211143493652,-149.52530001103878,-149.09671300649643,70.000000298023224,33.478163182735443,4.1999999955296516,4.2266353145241737
1682,59.169999957084656,59.038683652877808,-152.89550006389618,-151.8640068769455,68.500000983476639,64.511928707361221,3.2999999821186066,3.1956921815872192
1122,61.38629999756813,61.373170733451843,-150.05430000275373,-150.18035263940692,39.999999105930328,85.065659135580063,3.4999999701976776,3.8651565313339233
1256,61.477200001478195,61.528922617435455,-149.97640000004321,-150.14167213439941,36.300003528594971,70.307616144418716,3.5999999642372131,3.6288698315620422
8,59.494199991226196,59.085789203643799,-152.61269992589951,-151.4931133389473,83.20000022649765,60.978122055530548,3.0999999940395355,3.2350818514823914
1014,61.900200009346008,62.07003653049469,-149.22690001130104,-149.0615938603878,1.8000006675720215,55.40291965007782,3,3.1967672109603882
2096,60.007000029087067,59.412358641624451,-151.30100002884865,-150.9047155380249,65.299998968839645,76.608683913946152,3.0999999940395355,3.1280938982963562
1060,60.655699998140335,60.451835930347443,-151.64109992980957,-151.42354515194893,79.900000244379044,82.607708871364594,3,3.499518871307373
452,59.886000037193298,59.443596601486206,-151.07579997181892,-150.9600251019001,59.900000691413879,73.312975466251373,3.4999999701976776,3.7603615075349808
1675,59.963099956512451,59.330231666564941,-151.53680008649826,-151.14820003509521,51.600001752376556,73.891192674636841,3,3.535538524389267
253,62.882500052452087,62.920889019966125,-150.95620000362396,-151.21671062707901,102.60000079870224,20.757272839546204,3.199999988079071,3.804171234369278
1327,61.473100006580353,61.582535862922668,-149.89759999886155,-149.70104391127825,34.400001168251038,62.590479850769043,4.5,4.1707506850361824
896,62.874400019645691,62.909465670585632,-149.44910001754761,-149.28952932357788,79.100001603364944,43.21550577878952,3.0999999940395355,3.7269383668899536
2058,60.249300003051758,59.721617817878723,-152.00239992141724,-151.17705246806145,83.900000900030136,86.632777005434036,3.199999988079071,3.392903745174408
880,61.895699977874756,62.108279943466187,-149.29800000786781,-148.67048227787018,3.8999989628791809,86.798068135976791,3,3.1155508160591125
1595,59.747400045394897,59.252462029457092,-151.97750008106232,-151.40728211402893,76.499998569488525,91.445866972208023,3,3.1909812390804291
2147,62.606099963188171,62.586247444152832,-152.06990003585815,-151.70303857326508,1.2999996542930603,72.19802588224411,3,3.122373640537262
623,61.870400011539459,62.183663964271545,-150.55290001630783,-150.3908320069313,59.699997305870056,65.13611227273941,4.1999999955296516,4.2119199112057686
345,59.609500050544739,59.315171122550964,-151.90700000524521,-151.17650869488716,65.400000661611557,89.643731713294983,5.4000000357627869,4.9496813714504242
2028,62.519600033760071,62.771912693977356,-151.15840002894402,-151.03072285652161,84.89999920129776,38.852691650390625,3,3.0261830985546112
1787,61.491499990224838,61.957519710063934,-151.32100000977516,-151.38071832060814,84.49999988079071,62.302276492118835,3.2999999821186066,3.4748300313949585
262,61.849500000476837,62.024382829666138,-148.97220003604889,-148.4800438284874,36.799997091293335,78.618686646223068,3.0999999940395355,3.6207625865936279
1634,62.527500033378601,62.784223079681396,-149.2722000181675,-149.23605036735535,53.400002419948578,40.815889835357666,3.199999988079071,3.6358049511909485
1321,61.337599992752075,61.455191016197205,-150.04990000091493,-150.12294350937009,34.500002861022949,78.206613659858704,4.1999999955296516,4.0535678118467331
1438,61.279100000858307,60.503863602876663,-149.97779999999329,-148.96563917398453,38.300000131130219,54.548144340515137,3.0999999940395355,3.2599478960037231
150,62.041300058364868,62.616653203964233,-151.47219997644424,-150.97034355998039,81.700000911951065,50.766274333000183,3.0999999940395355,3.5579376518726349
1969,59.395699977874756,59.079540967941284,-152.93370008468628,-152.57308351993561,84.49999988079071,57.612493634223938,3,3.0086664855480194
472,62.964699983596802,62.93451464176178,-149.45950001478195,-149.29828633368015,80.899998545646667,27.988485991954803,3.0999999940395355,3.444986879825592
1976,59.828999996185303,59.072749614715576,-152.90189999341965,-152.00162851810455,93.400001525878906,46.508699655532837,3.0999999940395355,3.1851907968521118
1802,61.205200001597404,61.339706987142563,-150.55349998176098,-150.84323886036873,52.900001406669617,87.939996272325516,3.2999999821186066,3.6888568997383118
640,62.300600051879883,62.65509045124054,-151.12819996476173,-151.00744557380676,83.099998533725739,52.751421928405762,3.0999999940395355,3.227317750453949
871,60.842899993062019,61.051517799496651,-147.65699994564056,-147.70926010608673,20.099997520446777,92.613458633422852,3.2999999821186066,3.5599329471588135
2146,59.589100003242493,59.116405725479126,-152.7742999792099,-152.47944331169128,101.90000012516975,42.851828038692474,3,3.0005286633968353
550,59.957900047302246,59.431012034416199,-152.78420001268387,-152.58680248260498,102.80000045895576,68.490508943796158,3.9999999850988388,4.2430766969919205
2086,62.284700036048889,62.579817891120911,-150.49770002067089,-150.38815100491047,57.300001382827759,64.698826521635056,3.0999999940395355,3.3569002747535706
1959,59.640499949455261,59.075774192810059,-152.80009996891022,-151.91314083337784,105.20000010728836,54.230228066444397,3.2999999821186066,3.4389549493789673
928,60.698399990797043,60.232330858707428,-151.68589997291565,-151.46869844198227,72.599999606609344,70.502456277608871,3.0999999940395355,3.1435607671737671
488,61.459500014781952,61.395729809999466,-149.35370001196861,-149.12246176600456,21.899998188018799,66.57211109995842,3.4999999701976776,3.9032600373029709
1843,60.878700003027916,60.90206179022789,-149.51599998772144,-149.67919678241014,24.499997496604919,95.809850841760635,3.8999999910593033,3.8913662284612656
1734,60.065299987792969,59.507672786712646,-151.95449995994568,-151.35771256685257,80.699998885393143,103.1628642231226,3.8999999910593033,4.0483071953058243
2105,60.136099994182587,59.208219647407532,-152.94849997758865,-152.64062279462814,121.8000000808388,36.329567432403564,3.0999999940395355,3.0082180202007294
1171,61.366600006818771,61.474096298217773,-150.03880000021309,-150.1846266835928,41.199997067451477,77.84755527973175,3.5999999642372131,3.8949871212244034
146,61.13459999859333,60.932770408689976,-150.24369999021292,-149.87241139635444,61.700001358985901,87.573345750570297,3.4999999701976776,3.9884118586778641
2030,61.534900009632111,61.558367848396301,-149.74189998954535,-149.71380309015512,43.899998068809509,69.197233766317368,4.1999999955296516,3.9461660385131836
1986,61.996500015258789,62.038271546363831,-149.87610000371933,-149.42186585068703,46.09999805688858,49.02137815952301,4.6000000052154064,4.4677945710718632
1369,61.356900006532669,61.387909322977066,-150.02270000008866,-150.02782899700105,53.499996662139893,80.486848950386047,3.3999999761581421,3.4545667469501495
402,62.535500049591064,62.733592987060547,-150.99110001325607,-150.57381963729858,79.399999231100082,52.952706813812256,4.2999999895691872,3.7843166291713715
2161,61.565599977970123,61.694409966468811,-149.79070001095533,-149.78899269551039,33.699996769428253,71.429125964641571,3.4999999701976776,3.6177355349063873
954,59.353099942207336,59.028382062911987,-152.90920007228851,-152.35879808664322,72.900000959634781,61.4795982837677,3,3.0078037977218628
2142,62.105999946594238,62.266610264778137,-147.86100000143051,-147.6166216135025,17.999999225139618,74.970714747905731,3.0999999940395355,3.0278385579586029
659,61.550499975681305,61.594856977462769,-147.80350005626678,-147.90468120574951,19.500002264976501,44.799923896789551,3.8999999910593033,3.7557131946086884
1794,59.827900052070618,59.135822772979736,-152.88959991931915,-152.14249920845032,101.80000029504299,54.514579474925995,3.2999999821186066,3.577898383140564
1372,61.374500006437302,61.459529787302017,-149.94739999808371,-150.1053051687777,41.900001466274261,77.027063816785812,3,3.3645316064357758
463,60.344399988651276,60.029308676719666,-151.39700004458427,-151.50295543670654,58.499999344348907,99.145049229264259,3.5999999642372131,3.7087740898132324
1349,61.427799999713898,61.477919071912766,-150.06399999931455,-150.22531326860189,32.999999821186066,81.877823919057846,3,3.1483884751796722
186,60.095099985599518,59.488461017608643,-151.44960004091263,-151.08760794997215,50.700001418590546,82.873858511447906,3.2999999821186066,3.5953136086463928
1147,61.512499988079071,61.62772262096405,-149.88749999552965,-150.18559524044394,37.600003182888031,75.652550905942917,3,3.3661386072635651
1224,61.487899988889694,61.543455541133881,-149.92999999970198,-150.06285864673555,34.299999475479126,72.678577154874802,3.4999999701976776,3.6506456136703491
608,61.417600005865097,61.484332501888275,-151.49330002069473,-151.4445033967495,86.300000548362732,66.817726939916611,3.3999999761581421,3.8064996153116226
143,62.151100039482117,62.472766399383545,-152.3031000494957,-151.85045421123505,7.3999986052513123,121.81368214078248,3.0999999940395355,3.7645461559295654
751,59.989599943161011,59.267606496810913,-152.73040008544922,-152.51087594032288,102.49999910593033,55.821135640144348,3,3.0242596864700317
1534,59.366000056266785,59.060621380805969,-152.50869995355606,-151.71391868591309,66.199999302625656,75.616613030433655,3,3.0783851444721222
1930,61.780499994754791,61.868197917938232,-150.68720000982285,-149.92982542701066,62.200002372264862,56.326359510421753,4.2999999895691872,4.7044193744659424
981,62.879899978637695,62.880404591560364,-148.30229991674423,-148.74580532312393,74.900001287460327,35.018965601921082,4.5,4.7329680249094963
197,62.957399964332581,62.884846210479736,-150.4350999891758,-150.3070053756237,101.70000046491623,34.263104200363159,5.1000000089406967,5.1165136098861694
1633,60.120199978351593,59.639506101608276,-151.24539998173714,-151.05060571432114,52.799999713897705,95.21661140024662,3.4999999701976776,3.6670398116111755
883,61.339100003242493,61.290322929620743,-149.82720000296831,-150.2808850184083,33.900000154972076,85.378021001815796,3,3.1357216536998749
1860,60.052600026130676,59.279758214950562,-152.67320001125336,-151.98211562633514,99.700000137090683,56.304246187210083,3.0999999940395355,3.370613694190979
279,61.256199985742569,61.127846792340279,-150.45349998772144,-150.27227092534304,50.300002098083496,86.292937397956848,3,3.4803645014762878
293,62.186499953269958,62.484029769897461,-149.4382000118494,-149.26665875315666,31.099997460842133,62.666114419698715,3.7999999970197678,4.091386154294014
766,61.707799971103668,61.638202548027039,-147.98209995031357,-147.74450379610062,34.999996423721313,39.090007543563843,3.5999999642372131,3.7422193586826324
400,61.130400002002716,60.868046998977661,-150.84080001711845,-150.67845417559147,55.299997329711914,94.715150073170662,3.0999999940395355,3.7768702358007431
122,62.245300054550171,62.583484530448914,-149.68480000644922,-149.57166633009911,52.599996328353882,51.207602024078369,3.6999999582767487,3.9156994074583054
1207,61.420199990272522,61.472221940755844,-150.07779999822378,-150.23109517246485,20.000003278255463,80.28111606836319,3.0999999940395355,3.1713109910488129
202,60.339600026607513,59.332162141799927,-152.75630003213882,-151.91871464252472,130.70000009611249,45.313343405723572,3,3.4009356200695038
1462,61.44420000910759,61.394155234098434,-149.87200000137091,-150.19915332645178,35.80000251531601,78.17402109503746,3.5999999642372131,3.6394849419593811
835,59.006100058555603,59.071829199790955,-151.57079994678497,-151.36193561553955,46.999998390674591,62.972676008939743,3.0999999940395355,3.1837945282459259
246,62.018499970436096,62.399079203605652,-150.15439999848604,-149.86828125268221,49.400001764297485,49.001112580299377,3,3.3284549117088318
1439,61.468300014734268,61.824015915393829,-149.93759999983013,-150.37554770708084,39.099998772144318,57.544700801372528,3,3.2810289859771729
1733,62.169800043106079,62.004696488380432,-147.83699995279312,-147.54719638824463,42.599998414516449,67.154329270124435,4.0999999791383743,3.8130134493112564
1695,59.304000020027161,59.059562087059021,-152.54069995880127,-151.59250241518021,60.500003397464752,77.570188790559769,3.199999988079071,3.2977516651153564
1707,60.475499987602234,60.173324406147003,-151.76010006666183,-151.47618556022644,70.599999278783798,92.346444725990295,4.2999999895691872,4.382705993950367
2144,60.21560001373291,59.600558280944824,-151.55510008335114,-151.11186039447784,60.400001704692841,94.403039664030075,3,3.0376531183719635
1153,61.504899978637695,61.483434170484543,-149.91929999738932,-149.34835267066956,38.999997079372406,62.498025596141815,3.6999999582767487,3.979771301150322
1661,61.578199982643127,61.712271749973297,-149.57099997997284,-149.46237190067768,28.499998152256012,59.746868908405304,3,3.3915569186210632
1759,61.83950001001358,61.812823057174683,-149.54289999604225,-149.30677543580532,50.399996340274811,54.350018501281738,3.199999988079071,3.7271105647087097
854,60.990000000223517,60.78160959482193,-150.8027999997139,-148.59372308850288,160.30000150203705,99.192319437861443,3,3.0106046497821808
1589,60.461399972438812,59.9286208152771,-152.07120001316071,-151.58100968599319,85.200000554323196,86.912300437688828,3,3.3659318089485168
641,62.29610002040863,62.682559967041016,-151.14050003886223,-150.81047290563583,64.699999988079071,61.371348798274994,3.0999999940395355,3.3675727844238281
1,59.898100018501282,59.376627683639526,-151.54039996862411,-151.0470322072506,30.599996447563171,71.788836270570755,3.3999999761581421,3.756418839097023
698,60.17960000038147,59.712369203567505,-151.92480003833771,-152.27847629785538,64.300000667572021,81.850681453943253,3,3.3580598831176758
1636,61.60369998216629,62.179686546325684,-151.72589993476868,-151.23327523469925,93.199998140335083,42.738929390907288,3.199999988079071,3.3457783162593842
1291,61.446900010108948,61.496624022722244,-149.98210000013933,-150.12328812852502,30.900001525878906,79.068854451179504,3.3999999761581421,3.69373619556427
2104,59.861999988555908,59.128242015838623,-152.67499995231628,-152.138179063797,79.100001603364944,58.636069297790527,3.3999999761581421,3.2087256610393524
1520,62.372300028800964,62.233253479003906,-150.43880000710487,-149.80661695450544,100.09999945759773,58.535255491733551,3.8999999910593033,3.5167060196399689
1853,61.301499992609024,61.91058361530304,-152.17319995164871,-151.23766440153122,131.09999988228083,25.556653738021851,4.5,4.1568020135164261
1136,61.299299985170364,61.134908318519592,-150.06469999998808,-149.82449250295758,44.79999840259552,81.452786922454834,5.0000000149011612,4.7463201507925987
2133,61.986299991607666,62.337032794952393,-150.60999999940395,-150.46282893419266,60.80000102519989,52.092745900154114,3.2999999821186066,3.36288982629776
1631,61.409599989652634,60.971644066274166,-152.83910000324249,-148.96354275941849,240.69999903440475,79.217281192541122,3,3.0689343810081482
1998,59.872499942779541,59.474174499511719,-150.89079996943474,-150.89481362700462,62.800001353025436,71.343794465065002,3.199999988079071,3.5475465953350067
663,59.158599972724915,59.074586391448975,-152.91909992694855,-152.39062303304672,64.300000667572021,58.436267077922821,3,3.2461904883384705
683,60.962200000882149,61.053560506552458,-149.09880003333092,-149.31243592500687,13.300001621246338,89.723341166973114,3.0999999940395355,3.3482039272785187
1257,61.414799988269806,61.372387200593948,-149.95810000039637,-150.30989400297403,29.100000858306885,93.58210489153862,3.0999999940395355,3.2416478991508484
317,62.190099954605103,62.69846510887146,-151.35420003533363,-151.06663039326668,80.499999225139618,45.031554996967316,3.5999999642372131,3.7854655534029007
648,60.026400029659271,59.396429300308228,-152.575100004673,-152.2968515753746,93.600001186132431,54.170332849025726,3,3.2881986200809479
1434,61.412600010633469,61.555273830890656,-150.02969999983907,-149.86325467005372,37.600003182888031,64.995747059583664,3.5999999642372131,3.603797972202301
1479,61.466399997472763,62.253522634506226,-149.97790000028908,-149.33503653109074,42.800001800060272,42.259737849235535,3.7999999970197678,3.5662499070167542
709,62.245100021362305,62.595960378646851,-150.97079998254776,-150.52747017145157,76.000001281499863,55.082052946090698,3.199999988079071,3.4212208986282349
1282,61.478399991989136,61.604048490524292,-149.98389999987558,-150.16833323612809,23.800000548362732,70.54450735449791,3,3.3620542287826538
1768,62.266999959945679,61.932050704956055,-148.43660008907318,-148.06110978126526,31.400002539157867,42.679786682128906,3,3.1855047047138214
972,61.30009999871254,61.378459453582764,-149.93589999899268,-150.09572272002697,42.499996721744537,81.315081566572189,3.9999999850988388,4.0137192159891129
1306,61.468600004911423,61.606175780296326,-149.95150000043213,-150.03106709383428,29.899999499320984,69.869779050350189,3.2999999821186066,3.729067862033844
1400,61.398799985647202,61.429935723543167,-149.9870000006631,-150.02522057387978,38.589999079704285,78.084822744131088,3.199999988079071,3.2302827537059784
1408,61.48769998550415,61.706370413303375,-149.95610000006855,-150.23964551836252,32.200001180171967,60.982547700405121,3.0999999940395355,3.1269466280937195
1496,61.535700023174286,62.052958726882935,-149.94860000163317,-149.43724067509174,43.300002813339233,54.291374981403351,4.6000000052154064,4.0943253189325333
2038,61.621999979019165,61.616505086421967,-149.81899999827147,-150.40495634078979,40.600001811981201,68.597767502069473,3.199999988079071,3.1484706401824951
1529,59.080700039863586,59.079773783683777,-151.92289996147156,-151.49426141381264,48.799999058246613,75.79461857676506,3.199999988079071,3.2828059494495392
1663,62.804100036621094,62.831574440002441,-148.79649996757507,-148.77970299124718,16.099996864795685,58.056473731994629,3.3999999761581421,3.5013339221477509
1354,61.463299989700317,61.659150242805481,-149.88489999622107,-149.82003683969378,31.099997460842133,61.117149889469147,3.9999999850988388,4.1297376528382301
2152,61.163000002503395,61.743488967418671,-152.64459997415543,-150.99502336978912,145.50000056624413,27.950935065746307,3.6999999582767487,3.5372837483882904
2167,59.58270001411438,59.063906788825989,-152.93409991264343,-152.56904500722885,100.29999911785126,56.02891743183136,3,3.0005325973033905
1643,62.513100028038025,62.828690886497498,-151.94289994239807,-151.60572570562363,106.49999976158142,18.300309777259827,3.6999999582767487,3.6808555126190186
1051,62.248900055885315,62.250531673431396,-150.4966000020504,-150.47834859788418,18.200002610683441,46.391561627388,3.7999999970197678,3.8223457932472229
795,60.802000001072884,60.608576536178589,-150.49690000712872,-150.30018322169781,9.9999979138374329,101.85791179537773,3.0999999940395355,3.2031690180301666
1597,59.576099991798401,59.080894112586975,-152.61830002069473,-151.53931832313538,77.100001275539398,72.371553629636765,3.2999999821186066,3.213375449180603
1819,59.173400044441223,59.067183256149292,-152.03549998998642,-151.68559885025024,49.09999668598175,80.477334558963776,3,3.1283705234527588
1722,60.838200002908707,60.325767576694489,-151.82769995927811,-151.57960277795792,78.400000929832458,105.46668246388435,5.2000000029802322,5.3307414650917053
1183,60.115100026130676,59.386133313179016,-152.64959996938705,-151.74830067157745,87.900001555681229,72.518773376941681,3.3999999761581421,3.7806431204080582
1059,59.444800019264221,59.062114953994751,-152.83139991760254,-151.80507302284241,76.299998909235001,61.891570687294006,3.199999988079071,3.2111139893531799
540,60.541700005531311,60.918454729020596,-147.69370007514954,-147.77183926105499,13.700000941753387,85.686221718788147,3,3.4484138488769531
1678,60.416599988937378,60.016511023044586,-151.90379995107651,-151.40755391120911,77.700000256299973,99.756095558404922,4.3999999947845936,4.3238722421228886
1757,62.544800043106079,62.751731514930725,-151.11689999699593,-151.02152949571609,74.499998241662979,45.988589525222778,3.199999988079071,3.3271315097808838
1923,60.260900020599365,59.69829249382019,-152.30400002002716,-151.43163433670998,99.799999967217445,98.581111058592796,4.8000000044703484,4.9989620894193649
95,61.476599991321564,61.53410667181015,-151.90240001678467,-151.52920335531235,92.099998146295547,29.08528596162796,3,3.4412966966629028
1020,61.503099977970123,61.529785573482513,-149.89850000292063,-150.08794449828565,44.79999840259552,75.709924101829529,4.0999999791383743,3.9713402688503265
563,59.41540002822876,59.146050453186035,-151.9368000626564,-151.65657484531403,58.600001037120819,77.801857143640518,3.0999999940395355,3.4336150288581848
863,59.920199990272522,59.348065137863159,-152.45419996976852,-152.11810219287872,86.399998515844345,71.174029260873795,3.2999999821186066,3.4539520740509033
1484,61.499300003051758,62.104935050010681,-149.96579999942333,-149.07116425037384,36.399997770786285,32.200857996940613,3.6999999582767487,3.5688611268997192
1881,60.162699997425079,59.488476514816284,-152.76279991865158,-151.69079571962357,115.10000005364418,68.623736500740051,3.4999999701976776,3.8154924362897873
1038,60.311100006103516,60.034052550792694,-151.30430004000664,-151.21489906311035,61.899997293949127,96.061298623681068,3,3.1879931688308716
206,60.061999976634979,60.338249564170837,-147.04839992523193,-147.16940653324127,9.4999969005584717,32.985702157020569,3.2999999821186066,3.366976261138916
392,60.003099977970123,59.274607539176941,-152.67119997739792,-152.20424509048462,97.899999469518661,50.842799246311188,3,3.1519226431846619
870,59.643200039863586,59.242726445198059,-152.07660001516342,-151.62470591068268,78.699998557567596,90.714886784553528,3.9999999850988388,3.536232054233551
397,62.135800004005432,62.626658797264099,-150.76999998092651,-150.14265505224466,70.30000165104866,66.047403961420059,3.5999999642372131,3.7467422783374786
2121,59.708600044250488,59.347602367401123,-151.00360000133514,-150.9597492814064,46.09999805688858,84.752239286899567,3.0999999940395355,3.2551440596580505
1028,59.718299984931946,59.250124216079712,-152.02920001745224,-151.47185155749321,64.19999897480011,88.336355984210968,3.199999988079071,3.5989902913570404
1485,61.406199991703033,61.362690299749374,-149.95569999888539,-149.24839675426483,35.300001502037048,62.287770211696625,3.7999999970197678,3.6654632091522217
960,61.725399971008301,62.606065034866333,-152.11320000886917,-151.19203189015388,113.59999980777502,18.050685524940491,3.5999999642372131,3.6155709028244019
1570,60.254299998283386,59.479997158050537,-152.60660004615784,-151.7728990316391,104.6999990940094,60.750968754291534,3.3999999761581421,3.6674933731555939
1895,59.829499959945679,59.088496685028076,-152.9708000421524,-152.00859814882278,98.899999633431435,49.414016306400299,3.0999999940395355,3.3508653044700623
804,61.731899976730347,61.795543670654297,-149.64159999042749,-149.22461584210396,39.999999105930328,47.452092170715332,3.0999999940395355,3.3781958520412445
1751,61.932200014591217,62.276810884475708,-151.31669998168945,-151.23396241664886,79.900000244379044,46.907946467399597,3,3.5201292335987091
502,59.904299974441528,59.326946973800659,-151.46570000052452,-151.40311208367348,67.999999970197678,88.192082941532135,3.5999999642372131,4.0741345882415771
779,61.570100009441376,61.664999902248383,-149.90069999545813,-149.21360251307487,46.400003135204315,41.398718953132629,3.4999999701976776,3.7040189802646637
1863,62.049000024795532,62.136497497558594,-149.39090001583099,-148.77051311731339,38.199998438358307,77.023956924676895,4.0999999791383743,4.0586834996938705
200,59.07889997959137,59.028928279876709,-152.87230002880096,-151.65014755725861,72.00000062584877,72.324704378843307,3.8999999910593033,3.5690623819828033
2088,61.246700003743172,61.324276298284531,-150.16419999673963,-150.3753869086504,45.400001108646393,92.683210968971252,3.0999999940395355,3.2300547659397125
1796,59.496999979019165,59.055652618408203,-152.8834000825882,-151.72620463371277,94.79999914765358,74.478600174188614,4.1999999955296516,4.0114715248346329
378,62.404899954795837,62.532241344451904,-151.15470001101494,-150.53569713234901,6.5999999642372131,45.171618461608887,3,3.4498878121376038
418,62.97409999370575,62.906392335891724,-149.29889997839928,-149.35060898959637,71.100000292062759,54.549962282180786,3.2999999821186066,3.367999255657196
1698,60.364499986171722,60.848909363150597,-147.38270008563995,-147.56602549552917,6.099998950958252,51.581740379333496,3.199999988079071,3.0993031561374664
391,59.613800048828125,59.121192336082458,-152.83780002593994,-152.37175172567368,94.100000336766243,57.444974780082703,3.3999999761581421,3.2331400215625763
1522,60.780699998140335,60.593700855970383,-150.68950000405312,-150.78376159071922,57.899996638298035,87.515532970428467,3.5999999642372131,3.7029851675033569
1162,61.360799998044968,61.367336124181747,-150.09619999676943,-150.05105458572507,34.699998795986176,78.814033418893814,3.3999999761581421,3.7001441717147827
1495,61.511699974536896,62.199991106987,-149.91590000130236,-149.26499627530575,36.600001156330109,41.748829185962677,3.6999999582767487,3.4282991588115692
2027,61.502399981021881,62.070748329162598,-152.31850004196167,-151.77080243825912,134.4999996945262,35.170495510101318,3.0999999940395355,3.1401330828666687
1152,60.99820000003092,59.06163489818573,-151.82019996643066,-151.7813276052475,85.799999535083771,45.196235179901123,3.9999999850988388,4.0018171817064285
1367,61.465000003576279,61.523038268089294,-149.90009999647737,-149.98226213268936,28.200000524520874,72.299700230360031,3.2999999821186066,3.5711369812488556
64,59.180400013923645,60.253947019577026,-148.79760003089905,-147.3400114774704,64.699999988079071,51.200404763221741,3,3.0001984834671021
2062,60.645900011062622,60.397764265537262,-151.97960007190704,-151.58699226379395,78.699998557567596,68.601608276367188,3.5999999642372131,3.6053134202957153
1180,61.432399988174438,61.593636095523834,-150.11079999804497,-150.3941036760807,16.900002956390381,77.32657715678215,3,3.1325239241123199
492,60.314499974250793,60.123998999595642,-151.35659998655319,-151.42679232358932,28.700001537799835,71.992568671703339,3.3999999761581421,3.8891783505678177
379,59.69130003452301,59.167715191841125,-152.79549998044968,-152.1856843829155,88.500000536441803,70.3447125852108,3.9999999850988388,3.9065273702144623
763,61.047600001096725,61.017919158563018,-149.59170001745224,-149.56082448363304,33.900000154972076,91.900516301393509,3.0999999940395355,3.2081505060195923
791,61.644500017166138,61.709990322589874,-149.90500000119209,-149.49201947450638,52.599996328353882,57.836905121803284,3.0999999940395355,3.7862277030944824
1076,59.52590000629425,59.047219038009644,-152.86260008811951,-152.17478173971176,88.799998164176941,50.937637686729431,3.7999999970197678,3.1413900554180145
878,60.003000020980835,59.302130460739136,-152.69630008935928,-152.43375205993652,95.000000670552254,62.118992209434509,3.2999999821186066,3.4513134956359863
337,61.358799993991852,61.35990571975708,-150.1816000007093,-149.87031611055136,40.899999439716339,70.801995694637299,3.8999999910593033,4.0599152147769928
1016,61.477200001478195,61.526425004005432,-149.91309999860823,-150.25743560492992,36.799997091293335,77.950827777385712,3.199999988079071,3.7761614173650742
1275,61.407599985599518,61.693803489208221,-150.03429999947548,-149.69768882542849,166.4000004529953,49.204930663108826,3.7999999970197678,4.1045384556055069
455,59.388000011444092,59.041391372680664,-152.73489993810654,-151.73491287231445,70.599999278783798,84.95643362402916,3.3999999761581421,3.6283035278320312
815,61.629999995231628,62.551992297172546,-152.17859995365143,-150.97835183143616,121.70000001788139,29.198594391345978,4.2999999895691872,4.5663516260683537
995,60.90429999679327,60.844503238797188,-149.78319999575615,-150.00003209710121,33.900000154972076,97.429757937788963,3.0999999940395355,3.2568678259849548
1981,60.364600002765656,60.725706368684769,-147.64770001173019,-147.92880856990814,12.699998915195465,100.17915070056915,3.5999999642372131,3.8259260505437851
201,60.964600000530481,60.674183666706085,-151.13220003247261,-150.77941203117371,9.8000019788742065,99.701356142759323,3.0999999940395355,3.2720331251621246
161,61.727800011634827,61.627755403518677,-148.55739998817444,-148.2480947971344,9.0000033378601074,74.142415076494217,3.8999999910593033,3.8574099987745285
1579,62.75380003452301,62.752565264701843,-149.08479997515678,-149.04229125380516,13.599999248981476,44.66603696346283,4.2999999895691872,4.1686775609850883
702,61.140699997544289,61.715357720851898,-152.00349998474121,-151.49063354730606,97.999999299645424,40.163278579711914,3.0999999940395355,3.3465931713581085
1500,61.453999996185303,61.362551927566528,-150.08960000239313,-149.18836069107056,33.900000154972076,44.883459806442261,3.5999999642372131,3.3669270873069763
1129,61.289400011301041,61.40467494726181,-150.08070000261068,-150.09057207964361,43.700002133846283,79.816274344921112,3.7999999970197678,4.0233829021453857
1021,62.234699964523315,62.291621685028076,-150.76829999685287,-150.63945150375366,11.799998581409454,58.248229324817657,3.199999988079071,3.5561568439006805
1585,59.882799983024597,59.27873682975769,-151.75239998102188,-151.16407459974289,49.400001764297485,84.072750061750412,3,3.3002400398254395
1955,59.846500039100647,59.331906795501709,-152.96490007638931,-151.78904378414154,104.00000028312206,20.15560120344162,3.3999999761581421,3.3820191621780396
34,60.435100018978119,60.264012515544891,-150.37810000777245,-150.31563388556242,38.000002503395081,112.60645650327206,3.199999988079071,3.0926971435546875
775,61.516499996185303,61.458346784114838,-149.91730000264943,-149.61564137041569,42.599998414516449,67.476946860551834,4.3999999947845936,4.3925516791641712
1478,61.437999993562698,62.612594842910767,-149.93470000103116,-149.48710280656815,38.40000182390213,37.256747484207153,3.3999999761581421,3.4976654648780823
1390,61.35359999537468,61.466646254062653,-150.08660000190139,-150.33256966620684,21.0999995470047,83.612598478794098,3.199999988079071,3.456932008266449
2139,60.815999999642372,60.810562551021576,-150.0500000026077,-150.39440479874611,44.200003147125244,102.16470435261726,3.0999999940395355,3.1120704710483551
1363,61.438100010156631,61.612594425678253,-149.95030000247061,-149.6784930601716,35.099998116493225,52.445635199546814,3.0999999940395355,3.3437755107879639
2041,59.853999972343445,59.118795871734619,-152.90739995241165,-151.83739185333252,117.50000016763806,39.751946926116943,3.4999999701976776,3.3053284585475922
241,61.173600003123283,61.042678933590651,-150.64760001003742,-150.25499622523785,53.400002419948578,83.905912935733795,3.199999988079071,3.8655711561441422
2061,60.94990000128746,61.171191945672035,-147.42839992046356,-147.55402314662933,31.000003218650818,73.756832629442215,3.8999999910593033,3.6607199907302856
600,61.990800023078918,62.191865205764771,-150.01929999981076,-149.71295168995857,27.09999680519104,44.87244039773941,3,3.3910238742828369
1297,61.423799991607666,61.489920675754547,-150.05660000257194,-150.22619296610355,29.600001871585846,78.050900250673294,3,3.4234285354614258
2068,61.749000012874603,61.901356935501099,-150.48199997842312,-150.77528187632561,62.89999932050705,70.37656381726265,3.3999999761581421,3.6177440285682678
646,59.653800010681152,59.103100180625916,-152.83070003986359,-152.3839362859726,85.400000214576721,59.102281928062439,3,3.0168965756893158
1528,60.073400020599365,59.152924537658691,-152.95059996843338,-152.23037856817245,126.30000000353903,41.77798330783844,3.6999999582767487,3.8349899053573608
1267,61.425900012254715,61.513985872268677,-150.00500000012107,-149.92211475782096,33.900000154972076,73.213469237089157,3.5999999642372131,3.7475127875804901
1899,60.113600015640259,59.204634308815002,-152.99299997091293,-152.30467057228088,129.4999998062849,46.551428735256195,4.7000000104308128,4.4114181809127331
562,61.057799998670816,60.980767738074064,-150.85809999704361,-150.57692894339561,54.600000381469727,92.896323651075363,3.4999999701976776,3.8112631291151047
189,61.051100000739098,60.485701024532318,-151.42459997534752,-151.14498308300972,69.099999964237213,68.96701455116272,3.2999999821186066,3.6288275420665741
1806,61.443599998950958,61.326150834560394,-150.41889998316765,-150.02188929822296,13.999998569488525,77.208727598190308,3.2999999821186066,3.8560053259134293
975,59.783400058746338,59.274647116661072,-151.36099997162819,-151.01812514662743,60.699999332427979,63.60616534948349,3,3.2604177296161652
2047,60.664700001478195,60.516856461763382,-151.16590002179146,-151.19102919101715,73.899999260902405,89.910995215177536,3.9999999850988388,3.9582128673791885
1082,60.9375,61.041688036173582,-150.86780002713203,-150.63910840451717,0,98.61883707344532,3,3.2476875185966492
474,59.904199957847595,59.296453833580017,-152.85980004072189,-152.22598314285278,100.40000081062317,46.859025955200195,3.0999999940395355,3.2502362430095673
747,61.632499992847443,61.689011991024017,-150.16699999943376,-150.24663021415472,49.800001084804535,65.991152077913284,3.6999999582767487,3.7344367504119873
21,61.773000001907349,61.948447704315186,-149.72310000658035,-149.11050564050674,35.199999809265137,41.842341423034668,3.0999999940395355,3.2061094343662262
459,61.170900002121925,61.476181894540787,-150.04269999917597,-150.3396580517292,44.699996709823608,79.828225076198578,3.0999999940395355,3.6606453359127045
1184,61.470699995756149,61.427002310752869,-150.29259999096394,-150.52514192461967,57.199999690055847,80.864515155553818,4.1999999955296516,4.3302332684397697
955,62.946900010108948,62.978158473968506,-151.31970003247261,-151.7376948595047,125.89999998454005,18.009699881076813,3.7999999970197678,3.669292151927948
1215,61.363599985837936,61.45097678899765,-150.08130000159144,-150.22873442620039,26.799999177455902,81.34465292096138,3.5999999642372131,3.7281149625778198
1515,62.936100006103516,62.930172085762024,-148.10639995336533,-147.61206954717636,65.600000321865082,28.740882873535156,3.0999999940395355,3.1004022359848022
769,60.136300027370453,59.44873833656311,-152.41030007600784,-152.13051134347916,88.199999183416367,64.044911414384842,3.0999999940395355,3.4767372608184814
1685,62.128999948501587,62.136962413787842,-148.86410003900528,-148.52623665332794,7.6000019907951355,74.056778103113174,3,3.15503990650177
130,62.361600041389465,62.570873856544495,-149.13239997625351,-149.28035755455494,3.3999979496002197,45.181348919868469,3.2999999821186066,3.5561898350715637
2135,60.225399971008301,59.347579717636108,-152.56120008230209,-151.4713451564312,102.90000028908253,63.34221363067627,3,3.0059860646724701
1482,61.391299992799759,61.254572182893753,-150.04860000126064,-148.46681410074234,42.199999094009399,31.312122941017151,3.3999999761581421,3.1670313477516174
330,62.852499961853027,62.886382102966309,-148.40779995918274,-148.13229686021805,61.899997293949127,33.001676201820374,3.3999999761581421,3.4927172362804413
1238,61.40149998664856,61.480365931987762,-150.02689999993891,-150.11333892121911,32.700002193450928,79.065583646297455,3.4999999701976776,3.8966621607542038
466,61.145600005984306,61.266901314258575,-151.12310001254082,-150.97211381793022,64.399998635053635,82.855112850666046,3.0999999940395355,3.740295946598053
2169,62.312100052833557,62.59419846534729,-150.93729999661446,-150.77052193880081,99.199999123811722,37.217698991298676,3.3999999761581421,3.3703568279743195
1638,61.579500019550323,61.678974032402039,-149.85139999911189,-149.85155889764428,54.899998009204865,70.046201348304749,3.0999999940395355,3.4628385901451111
1095,61.390100002288818,61.393826365470886,-149.89759999886155,-150.16833848878741,22.699996829032898,86.843997240066528,3.0999999940395355,3.4380317330360413
1130,61.492700010538101,61.540865182876587,-150.21580000966787,-150.58713564276695,48.799999058246613,81.50259405374527,3.199999988079071,3.472502589225769
1294,61.43639999628067,61.621216177940369,-149.97119999863207,-150.32473048567772,20.000003278255463,71.191005408763885,3,3.1919268071651459
860,62.873200058937073,62.913202166557312,-149.97330000065267,-149.84429448097944,80.499999225139618,43.316632509231567,3.4999999701976776,3.5532132983207703
