event_id,true_latitude_deg,predicted_latitude_deg,true_longitude_deg,predicted_longitude_deg,true_depth_km,predicted_depth_km,true_magnitude,predicted_magnitude
2312,35.991999983787537,35.967021226882935,-117.87799999862909,-118.0409703925252,4.0999996662139893,0.45713156461715698,3.0999999940395355,3.0848495364189148
2058,33.555999994277954,33.419188022613525,-118.36700001358986,-118.2592678964138,15.500000026077032,1.1016029119491577,3.199999988079071,3.0557602643966675
194,35.917168021202087,35.976563930511475,-117.67633101344109,-117.70650306344032,1.0299995541572571,1.6683652997016907,3.0900000035762787,3.064212441444397
1393,33.691000014543533,33.600396364927292,-119.1360000371933,-119.0855758190155,11.40000008046627,4.5249125361442566,3.0999999940395355,3.0659895837306976
764,35.640166997909546,35.70699405670166,-117.54616698622704,-117.54036757349968,11.299999952316284,2.4240803718566895,3.9999999850988388,3.3061829209327698
170,35.792333006858826,35.922749876976013,-117.6245000064373,-117.69064396619797,3.0700001120567322,0.95267415046691895,3.550000011920929,3.0974981188774109
1660,32.702000021934509,32.549680113792419,-118.20450000464916,-118.51232665777206,9.9999998509883881,6.6797491908073425,3.0999999940395355,3.0633586049079895
2389,33.880999997258186,33.792270630598068,-117.75900000333786,-117.56892028450966,4.8999997973442078,3.9623880386352539,3,3.0634859204292297
990,33.97533299960196,33.840674668550491,-116.27600002288818,-116.41648602485657,3.9100000262260437,3.2459056377410889,3.2600000202655792,3.0735504627227783
1134,33.316299974918365,33.029502034187317,-116.29729998111725,-116.45426321029663,18.400000110268593,2.7759683132171631,3.6999999582767487,3.1346868574619293
1936,34.007000000216067,33.861991107463837,-118.43999999761581,-118.47430169582367,12.800000086426735,0.46682685613632202,3,3.0888453125953674
1476,33.564999997615814,33.421328604221344,-118.31499999761581,-118.32682833075523,2.9999998211860657,1.158674955368042,3.0999999940395355,3.0534954965114594
1451,33.91499999910593,33.722041189670563,-118.27399998903275,-118.21653278172016,25.000000298023224,3.40497225522995,3.4999999701976776,3.0649372637271881
1525,32.016199946403503,32.072287440299988,-117.18129998445511,-116.83638644218445,6.5000000596046448,10.922514349222183,3.6999999582767487,3.0926390290260315
2233,33.706000000238419,33.613341450691223,-119.47899997234344,-119.25913262367249,11.999999955296516,5.6756392121315002,4.8000000044703484,3.7462033331394196
251,35.893833041191101,35.633358597755432,-117.72716701030731,-117.65557357668877,7.6600000262260437,0.15836030244827271,3.2500000298023224,3.0877807438373566
1001,33.874166995286942,34.113872244954109,-117.11133301258087,-117.0467791557312,11.999999955296516,11.329710781574249,3.2500000298023224,3.1803085505962372
1194,32.900099992752075,32.701527833938599,-116.28100001811981,-116.42216598987579,8.7000001966953278,2.7946221828460693,3.3999999761581421,3.1258378028869629
952,33.492500007152557,33.34822005033493,-116.80449998378754,-116.89630150794983,2.9100000858306885,1.6638153791427612,3.3700000047683716,3.1152148246765137
321,35.645668029785156,35.731916308403015,-117.48133099079132,-117.61064207553864,3.3599996566772461,2.3016375303268433,3.2999999821186066,3.0833255052566528
1075,34.717832982540131,34.64865630865097,-116.0353330373764,-116.06042981147766,2.980000376701355,1.7786282300949097,3.199999988079071,3.1043705642223358
2514,34.810000002384186,34.73885840177536,-116.39100003242493,-116.20281457901001,3.4000003337860107,4.8100027441978455,3.2999999821186066,3.0697036385536194
134,35.912832975387573,35.979143023490906,-117.73449999094009,-117.80258868634701,2.7299997210502625,0.53398579359054565,3.3999999761581421,3.0839173793792725
2503,34.101999998092651,34.034548785537481,-117.45800000429153,-117.36902916431427,4.9999997019767761,2.8507590293884277,3.0999999940395355,3.0681049525737762
2051,32.379999995231628,32.148386001586914,-117.83599999547005,-117.666458517313,15.200000004842877,9.9958415329456329,3.0999999940395355,4.6605487503111362
940,32.783833026885986,32.971250534057617,-118.4446670114994,-118.62124931812286,7.7299998700618744,6.866421103477478,3.2999999821186066,3.0456664860248566
1444,35.922999978065491,35.968148350715637,-117.74000000953674,-117.83971162140369,4.5000001788139343,0.27005106210708618,3.199999988079071,3.0779752135276794
654,35.902667045593262,34.697996377944946,-117.7426669895649,-117.83398929238319,8.4699998795986176,4.5940536260604858,3.5999999642372131,3.1566079258918762
1289,33.399900019168854,33.320070207118988,-117.09740000963211,-117.09739518165588,10.899999886751175,1.0786405205726624,3.5999999642372131,3.0952149331569672
2541,34.834999978542328,34.8393195271492,-116.28799998760223,-116.1775381565094,6.5000000596046448,3.4017714858055115,3.0999999940395355,3.0757704377174377
1099,35.404999971389771,35.594591856002808,-117.81016699969769,-117.91494513303041,6.6499999165534973,0.11043190956115723,3.3400000333786011,3.066433846950531
1241,34.5939000248909,34.427838742733002,-118.62070000171661,-118.78756302595139,11.200000047683716,0.13031691312789917,3.9999999850988388,3.1678355634212494
2011,32.072000026702881,32.206665635108948,-116.38499999046326,-116.26702761650085,5.9999996423721313,3.7495744228363037,3.0999999940395355,3.1346880197525024
56,35.747666954994202,35.748663306236267,-117.55666700005531,-117.7296549975872,7.420000433921814,0.8213844895362854,3.0999999940395355,3.0832598805427551
485,35.796300053596497,35.980128765106201,-117.6351999938488,-117.65952458977699,6.5700003504753113,1.9379693269729614,3,3.1039042174816132
324,35.805832028388977,35.95611834526062,-117.59166699647903,-117.63502079248428,9.8399998247623444,0.64245432615280151,4.1999999955296516,3.6084557175636292
1968,34.705999970436096,34.6429483294487,-116.05999994277954,-116.10367596149445,3.6000001430511475,6.747262179851532,3.0999999940395355,3.0764122009277344
2415,34.51800000667572,34.340601533651352,-118.93999999761581,-118.99334335327148,19.500000178813934,0.34117430448532104,3.6999999582767487,3.1417865753173828
44,33.228166997432709,33.064177930355072,-116.74333298206329,-116.83550822734833,10.209999829530716,1.8402573466300964,3.5999999642372131,3.0981813669204712
1729,34.996999979019165,34.837395310401917,-116.94500005245209,-116.77772927284241,5.9999996423721313,0.98328351974487305,3.0999999940395355,3.0758062899112701
1524,33.964000001549721,33.91462704539299,-117.75900000333786,-117.69845807552338,11.599999889731407,4.3779730796813965,3.0999999940395355,3.0536195039749146
2513,35.652999997138977,35.851282238960266,-117.65700000524521,-117.35692268610001,2.5000002980232239,2.7219539880752563,3,3.0681037902832031
1793,33.762099996209145,33.678068608045578,-117.46539998054504,-117.47902601957321,9.8000000417232513,3.2304668426513672,4.6000000052154064,3.261420875787735
2351,35.72599995136261,35.895268797874451,-118.01899999938905,-118.20378945767879,4.1999995708465576,0.33389747142791748,3.9999999850988388,3.2852557003498077
2086,34.17059999704361,33.949987281113863,-117.28659999370575,-117.27140980958939,17.100000008940697,3.6504632234573364,3.3999999761581421,3.0691188275814056
2248,34.210999995470047,34.313349932432175,-118.77999997138977,-118.79083126783371,14.499999973922968,0.38143962621688843,3.8999999910593033,3.3646717965602875
1449,33.689999997615814,33.561282724142075,-116.74000000953674,-116.82675659656525,18.099999949336052,2.7549925446510315,3.5999999642372131,3.0853375196456909
457,35.897999048233032,35.706647276878357,-117.72683000564575,-117.62436610460281,4.0400004386901855,8.4420302510261536,3.1899999976158142,3.100354939699173
410,35.883334994316101,35.954376935958862,-117.7243350148201,-117.81278067827225,3.7799996137619019,1.2393325567245483,3.2999999821186066,3.0938721299171448
2036,32.047999978065491,32.069588184356689,-117.48000001907349,-117.2917987704277,8.4000000357627869,3.0073204636573792,3.3999999761581421,3.0975615084171295
1288,35.483000040054321,35.680241346359253,-118.20790000259876,-118.42374685406685,0.60000032186508179,0.29841989278793335,4.0999999791383743,3.8316148817539215
471,35.806331992149353,35.948179721832275,-117.62750199437141,-117.63066187500954,2.800000011920929,0.44027924537658691,3.3400000333786011,3.0845645070075989
1175,33.152899980545044,32.947986006736755,-118.28589999675751,-118.38620346784592,11.700000017881393,2.8775882720947266,3.199999988079071,3.0687346458435059
1737,33.668000012636185,33.544701099395752,-116.72399997711182,-116.75099170207977,14.700000006705523,1.9293853640556335,3.0999999940395355,3.0776047110557556
1247,35.962000012397766,35.954685211181641,-117.30250000953674,-117.37227290868759,10.399999916553497,0.84460526704788208,3.3999999761581421,3.0685353577136993
1023,34.041000001132488,33.932857550680637,-117.2416689991951,-117.25221091508865,18.210000023245811,2.120060920715332,3.2800000011920929,3.0777843296527863
2092,32.167999982833862,32.060943484306335,-117.66699999570847,-117.23477041721344,7.9999999701976776,10.96677839756012,3,3.0727709233760834
239,35.765498995780945,35.805004239082336,-117.55783098936081,-117.685602247715,8.3300001919269562,3.2760876417160034,3.2999999821186066,3.0794092118740082
1273,34.717299997806549,34.435324132442474,-116.15349996089935,-117.37761855125427,0.99999994039535522,2.3826250433921814,3.2999999821186066,3.1101543009281158
1068,33.457832992076874,33.147178709506989,-116.46433305740356,-116.65117931365967,11.86999998986721,3.1841263175010681,3.0999999940395355,3.0723125338554382
1875,34.574999988079071,34.488060683012009,-116.54200005531311,-116.27050042152405,4.7999998927116394,1.4190307259559631,3.0999999940395355,3.083683043718338
430,35.759997963905334,35.802868485450745,-117.58149701356888,-117.62527358531952,7.7400000393390656,0.57919532060623169,3.6999999582767487,3.0870864987373352
1170,34.28659999370575,34.052917156368494,-117.03359997272491,-116.96856963634491,16.400000005960464,1.1460551619529724,3.0999999940395355,3.0788629353046417
1720,33.861000001430511,33.779456689953804,-119.36899995803833,-119.25353765487671,5.9999996423721313,0.93402296304702759,3.3999999761581421,3.0761212706565857
1967,34.703999996185303,34.675459921360016,-116.06200003623962,-116.14263725280762,3.5000002384185791,5.79853355884552,3.0999999940395355,3.0667843222618103
289,35.917667031288147,35.989434242248535,-117.29799997806549,-117.40373289585114,12.930000051856041,1.7304325103759766,3.0199999809265137,3.1714924871921539
218,35.821334958076477,35.902460336685181,-117.64250200986862,-117.74608793854713,7.0900002121925354,2.4663689732551575,3.1399999558925629,3.0782123208045959
43,35.547500014305115,35.652031302452087,-117.52966699004173,-117.6403417289257,4.2500004172325134,0.83787381649017334,3.5099999606609344,3.0773484706878662
1669,34.035599999129772,33.957794338464737,-117.32929998636246,-117.38338512182236,12.499999925494194,3.2058334350585938,4.3999999947845936,4.1699715703725815
2354,35.799000024795532,35.861494302749634,-118.04500000178814,-118.04976233094931,7.9999999701976776,0.34901976585388184,3,3.0850667059421539
2232,33.666999995708466,33.617138564586639,-119.32599997520447,-119.27806925773621,6.9999995827674866,3.2876372337341309,3.199999988079071,3.0688179731369019
2523,35.726999998092651,35.894916772842407,-118,-118.05060347542167,6.8999996781349182,0.7269662618637085,3.3999999761581421,3.0898997783660889
2211,34.054000001400709,33.808187410235405,-116.32000005245209,-116.40767693519592,10.499999821186066,5.9365206956863403,3.2999999821186066,3.062085896730423
1366,34.056699998676777,33.877040483057499,-116.41840004920959,-116.37507796287537,13.599999994039536,2.2282442450523376,3.4999999701976776,3.1125659644603729
212,35.552332997322083,35.428859114646912,-117.32433301210403,-117.43787133693695,4.7799995541572571,1.9889232516288757,3.0199999809265137,3.0763576626777649
1533,33.872899994254112,33.76054610311985,-118.43110001087189,-118.41254207491875,16.299999989569187,1.2921273708343506,3.6999999582767487,3.1095496416091919
2138,34.300599992275238,34.041097022593021,-116.85860002040863,-116.98696517944336,3.3000004291534424,4.3524867296218872,3.5999999642372131,3.0669017136096954
1762,33.627000004053116,33.586851894855499,-117.90600000321865,-117.90311013907194,11.299999952316284,3.6638385057449341,3,3.0530256628990173
759,35.682335019111633,35.728985786437988,-117.5,-117.60912203788757,0.59000015258789062,2.1026515960693359,3.0999999940395355,3.0734299421310425
1567,32.228999972343445,32.120006084442139,-116.58899998664856,-116.37610673904419,5.9999996423721313,2.384774386882782,3.2999999821186066,3.2081352174282074
1792,32.057999968528748,32.486560702323914,-116.18499994277954,-116.7250554561615,5.5000001192092896,3.1767591834068298,3.0999999940395355,3.1253507137298584
2244,34.368000000715256,34.210348829627037,-118.66100001335144,-118.74448990821838,13.100000023841858,0.69719374179840088,3.0999999940395355,3.0864210426807404
1374,34.964399993419647,34.758121967315674,-116.70539999008179,-116.50602221488953,12.100000083446503,1.752985417842865,3.0999999940395355,3.0689242780208588
1113,33.02649998664856,32.724944114685059,-116.43383300304413,-116.53281378746033,6.8900004029273987,3.5495942831039429,3.2899999916553497,3.1127148270606995
2176,33.895000003278255,33.883563466370106,-118.55099999904633,-118.50444257259369,13.499999977648258,1.2193849682807922,3,3.0704053938388824
1084,35.332499980926514,35.526285767555237,-118.55216699838638,-118.58876532316208,8.060000091791153,0.70592343807220459,3.1099999845027924,3.0970777273178101
979,33.462000012397766,33.204245924949646,-116.46666705608368,-116.77527701854706,7.4399998784065247,3.2011091709136963,3.6999999582767487,3.0876699686050415
1321,32.554000020027161,32.076959609985352,-116.76800000667572,-118.18137775361538,4.9999997019767761,0.28470307588577271,3.3999999761581421,3.386078417301178
1151,33.303799986839294,33.076476156711578,-116.28740000724792,-116.43164134025574,18.799999952316284,2.0707055926322937,3.0999999940395355,3.0887533128261566
1091,34.302666991949081,34.125475540757179,-116.86333298683167,-116.84741067886353,3.1400004029273987,2.050190269947052,3.8700000196695328,3.5304079055786133
976,34.845166981220245,34.743582487106323,-118.90383297204971,-118.95060819387436,9.4799999892711639,0.32274395227432251,3.1099999845027924,3.0953351855278015
798,35.652667999267578,35.731627821922302,-117.53933000564575,-117.55373567342758,1.6500002145767212,0.7020878791809082,3,3.0916408002376556
1272,35.668400049209595,35.778578758239746,-118.46039998531342,-118.58974903821945,10.499999821186066,0.13665854930877686,3.4999999701976776,3.114149808883667
422,35.796664953231812,35.962528467178345,-117.6256639957428,-117.74541246891022,2.6299998164176941,0.75911432504653931,3.0999999940395355,3.0804886221885681
2083,34.019999999552965,33.936856850981712,-117.22299998998642,-117.17350846529007,15.100000002421439,3.549724817276001,3,3.0621397197246552
867,35.391000032424927,35.58257532119751,-118.54483300447464,-118.6851931810379,3.970000147819519,0.53550571203231812,3.2999999821186066,3.1071014106273651
296,35.676334023475647,35.787903308868408,-117.54733300209045,-117.58101305365562,3.9499998092651367,0.90417802333831787,3.0900000035762787,3.0682400465011597
1057,33.167666971683502,32.926244378089905,-116.42066705226898,-116.6502240896225,13.760000020265579,3.6209660768508911,3.3899999856948853,3.0933558940887451
368,35.894665002822876,35.959063053131104,-117.68116798996925,-117.7419852912426,2.0399996638298035,1.1502572894096375,3,3.0657065212726593
2285,34.041000001132488,34.128889635205269,-118.49200001358986,-118.05005896091461,4.8999997973442078,4.8451030254364014,4.1999999955296516,3.6309598088264465
282,35.659000039100647,35.731700897216797,-117.48616802692413,-117.66119810938835,3.710000216960907,1.2002277374267578,3.1800000071525574,3.0744952261447906
1298,33.94200000166893,33.7929298132658,-116.73599994182587,-116.78203868865967,18.299999982118607,1.6641935706138611,3.0999999940395355,3.0771337151527405
1133,35.851799964904785,35.933478474617004,-117.69190001487732,-117.72455620765686,11.900000050663948,1.3936445116996765,3,3.0732762515544891
1190,35.165199995040894,35.252771854400635,-118.65939998626709,-118.77815961837769,8.5999998450279236,0.36865174770355225,3.199999988079071,3.1067294776439667
318,35.656666040420532,35.719306230545044,-117.58466300368309,-117.66670319437981,7.8300002217292786,2.0526963472366333,3.199999988079071,3.0672151744365692
1336,33.031199991703033,32.732438325881958,-116.22580003738403,-116.39633131027222,10.499999821186066,3.56660395860672,3.8999999910593033,3.164590984582901
1807,32.693099975585938,32.648345470428467,-117.4375,-117.18336802721024,9.9999998509883881,5.6542235612869263,3.5999999642372131,3.0740575790405273
993,33.957832999527454,33.801242083311081,-116.67050004005432,-116.72842049598694,15.969999991357327,1.6160586476325989,3.199999988079071,3.0794815421104431
568,35.78049898147583,35.784804701805115,-117.58916500210762,-117.37730997800827,5.1499995589256287,3.2303416728973389,3.6999999582767487,3.3850979804992676
787,35.700832009315491,35.875584363937378,-117.47766900062561,-117.6523180603981,0.039999783039093018,0.64048647880554199,3.0900000035762787,3.0816214084625244
736,35.750831961631775,35.885116815567017,-117.5633319914341,-117.63268947601318,6.8999996781349182,0.81707417964935303,3.8999999910593033,3.1445261836051941
2301,35.922999978065491,35.977372884750366,-117.85199999809265,-117.92903422564268,0,1.7514225840568542,3.7999999970197678,3.1392333805561066
2483,34.43299999833107,34.348534822463989,-116.26999998092651,-116.31040394306183,2.7000001072883606,8.0122764408588409,3.199999988079071,3.0572526454925537
668,35.902832984924316,34.963950276374817,-117.72083300352097,-117.54224988818169,8.2400000095367432,4.7087591886520386,3.2400000393390656,3.0997687876224518
93,35.895166993141174,35.973088026046753,-117.67683300375938,-117.79397405683994,3.9999997615814209,0.37745207548141479,3.5999999642372131,3.0817589163780212
2477,35.963000059127808,35.950783848762512,-117.79000000655651,-117.85621564090252,2.7000001072883606,1.31644606590271,3.199999988079071,3.0761840343475342
1378,34.931999981403351,34.756599605083466,-116.71930003166199,-116.44823253154755,9.3000000715255737,1.7809903621673584,3.7999999970197678,3.1447260975837708
196,35.631500005722046,35.756756067276001,-117.43083202838898,-117.46574699878693,3.9999997615814209,1.2056466937065125,3.0999999940395355,3.0651091039180756
2505,35.654999971389771,35.783161163330078,-117.60299998521805,-117.50964114069939,1.3999995589256287,2.9976895451545715,3,3.0685233771800995
1835,34.287999987602234,34.144189521670341,-118.47499999403954,-118.59609657526016,12.899999991059303,0.24415791034698486,3.0999999940395355,3.0839660167694092
1334,35.476699948310852,35.665136456489563,-118.28049999475479,-118.46637669205666,5.0999996066093445,0.17154425382614136,3.5999999642372131,3.1454994678497314
254,35.727833032608032,35.866602659225464,-117.54816401004791,-117.52837035059929,9.1099999845027924,1.4996489882469177,3.4699999988079071,3.0730615854263306
2314,35.988999962806702,35.97347629070282,-117.87199999392033,-117.96711718663573,3.1999996304512024,1.249643862247467,3.3999999761581421,3.0866448283195496
1498,33.005999982357025,32.713321447372437,-116.48599994182587,-116.5275639295578,6.9999995827674866,2.0829176902770996,3.0999999940395355,3.1266139447689056
2382,34.217999994754791,34.035078927874565,-116.90400004386902,-117.03686273097992,8.099999874830246,2.8513401746749878,4.1999999955296516,3.3412223160266876
168,35.658668994903564,35.714261174201965,-117.47366297245026,-117.53724604845047,4.1400003433227539,2.2233858704566956,3.0800000131130219,3.0670508444309235
2066,33.513000011444092,33.274131119251251,-116.57500004768372,-116.73066520690918,14.599999990314245,2.92481929063797,3.0999999940395355,3.0823082327842712
1340,34.33899998664856,34.182939738035202,-118.4839999973774,-118.60425573587418,1.0999998450279236,0.19843965768814087,3.199999988079071,3.0763631165027618
1656,35.968400001525879,35.98454225063324,-117.28409999608994,-117.34976649284363,0,0.71539968252182007,3.5999999642372131,3.0803271532058716
173,35.632166981697083,35.763350009918213,-117.43033301830292,-117.48472547531128,4.8200002312660217,0.79951554536819458,3.7999999970197678,3.1501517593860626
2054,33.648999989032745,33.526366978883743,-116.73500001430511,-116.77025413513184,12.60000005364418,1.8960303068161011,3.0999999940395355,3.0778135657310486
1146,35.267600059509277,35.312759876251221,-118.5673999786377,-118.69710385799408,14.700000006705523,0.42038440704345703,3.199999988079071,3.1115672886371613
1128,33.13400000333786,32.699293494224548,-117.28799998760223,-116.4145575761795,20.000000149011612,0.86970895528793335,3.4999999701976776,3.1421703100204468
611,35.888332009315491,35.615749478340149,-117.72683000564575,-117.2887926697731,5.0099998712539673,2.1503850817680359,3.0999999940395355,3.1063506603240967
602,35.925166964530945,34.891260623931885,-117.72866699099541,-117.91522820293903,-0.27999937534332275,5.0492262840270996,3.0199999809265137,3.1295746564865112
1653,33.244700014591217,33.103996098041534,-116.43550002574921,-116.50276517868042,9.0999998152256012,1.7745262384414673,3.3999999761581421,3.0954168140888214
705,35.869500041007996,35.803215146064758,-117.69066700339317,-117.49252825975418,2.6600003242492676,4.0329676866531372,4.1999999955296516,3.2052034735679626
1610,33.175899982452393,32.904929757118225,-119.26670002937317,-118.74341422319412,15.299999993294477,7.581527978181839,3.4999999701976776,3.0584254860877991
2003,35.115000009536743,35.132277965545654,-116.99699997901917,-116.75692451000214,4.3000003695487976,2.0248675346374512,3,3.0722037255764008
817,35.637501001358032,35.707967877388,-117.61433398723602,-117.74239441752434,5.9700000286102295,0.99959850311279297,3.2999999821186066,3.0852236151695251
433,35.886167049407959,35.941713213920593,-117.73100000619888,-117.78245243430138,5.130000114440918,0.41295558214187622,3.5999999642372131,3.097215324640274
819,35.610000014305115,35.851807355880737,-117.60199999809265,-117.68488740921021,1.8000000715255737,3.6249643564224243,3.199999988079071,3.0800048410892487
755,35.77000105381012,35.924195051193237,-117.61250299215317,-117.7547429651022,2.3400002717971802,0.61237961053848267,3.4500000178813934,3.0814110338687897
1475,33.67969998717308,33.599396169185638,-116.83399999141693,-116.91833353042603,16.799999959766865,2.5234758853912354,3.6999999582767487,3.0923189520835876
599,35.871665954589844,35.480675935745239,-117.66533699631691,-117.57567727565765,4.2500004172325134,6.2980574369430542,3.0999999940395355,3.0977075099945068
2328,35.993000030517578,35.980488538742065,-117.85999999940395,-117.92582161724567,5.3000003099441528,1.3971474766731262,3.3999999761581421,3.0828684568405151
807,35.676498055458069,35.753870725631714,-117.5,-117.36189866065979,0.91000020503997803,3.1908354163169861,3.6999999582767487,3.0910958647727966
175,35.945332050323486,35.973022103309631,-117.70349898934364,-117.81361193954945,2.1999996900558472,0.63219755887985229,3.0800000131130219,3.0723963975906372
613,35.879166007041931,35.328603267669678,-117.68949899077415,-117.58197283744812,1.4699998497962952,5.7749873399734497,3.5999999642372131,3.1009162366390228
2433,34.816999971866608,34.79732745885849,-116.32799994945526,-116.19769477844238,7.1000003814697266,4.0955400466918945,3,3.0712607502937317
1544,35.965999960899353,35.972696781158447,-117.32480001449585,-117.47301256656647,9.9999998509883881,0.61536133289337158,3.4999999701976776,3.0713315606117249
942,32.787166953086853,32.719088554382324,-118.43900001049042,-118.39085051417351,8.4199999272823334,3.3205050230026245,3.8999999910593033,3.0556486845016479
1739,32.512899994850159,32.214505672454834,-117.86710000038147,-117.66489270329475,1.8999999761581421,10.556783527135849,3.3999999761581421,3.06192746758461
246,35.942000985145569,35.954843997955322,-117.72316700220108,-117.67660135030746,2.4799999594688416,2.0132625102996826,3.0299999713897705,3.0860388278961182
1317,34.712000012397766,34.624414324760437,-116.28699994087219,-116.16058969497681,1.7000001668930054,1.4927583932876587,3.199999988079071,3.0882093608379364
1505,34.224999994039536,34.200661465525627,-119.51699995994568,-119.69902157783508,11.799999922513962,0.4514622688293457,3,3.0657030344009399
1355,34.254999995231628,34.056382108479738,-117.07300001382828,-117.06181043386459,3.6000001430511475,1.7333784699440002,3.0999999940395355,3.0721475780010223
610,35.626000046730042,35.665078401565552,-117.57583600282669,-117.63043531775475,5.0499996542930603,1.5619468688964844,3.2999999821186066,3.0792952179908752
211,35.538334012031555,35.588151216506958,-117.38616901636124,-117.36384469270706,4.1999995708465576,5.3523927927017212,3.2899999916553497,3.0768919587135315
1894,33.184000015258789,32.768006801605225,-116.02470004558563,-116.41293978691101,9.9999998509883881,5.0601419806480408,3.3999999761581421,3.4249728620052338
998,32.893666982650757,32.592233180999756,-116.26833295822144,-116.33938825130463,10.049999803304672,1.2960684299468994,3,3.1331548690795898
1604,32.652999997138977,32.661896944046021,-118.25,-118.58326828479767,15,6.5088200569152832,3.2999999821186066,3.0598735213279724
1844,34.773999989032745,34.626394629478455,-117.22399997711182,-117.23926609754562,4.8999997973442078,0.79926788806915283,3,3.0760109424591064
861,33.955667000263929,33.792703241109848,-116.82333302497864,-116.87989509105682,15.599999986588955,1.6681775450706482,3.199999988079071,3.0751615762710571
1208,35.825500011444092,35.821932911872864,-119.81180000305176,-119.34467625617981,17.39999994635582,4.927193820476532,3.3999999761581421,3.0802225470542908
2537,34.77700001001358,34.74064576625824,-116.30900001525879,-116.10158836841583,1.9999998807907104,7.4236330389976501,3,3.1032344698905945
178,35.911833047866821,35.952243804931641,-117.69783300161362,-117.80818472802639,3.8399997353553772,1.7783278226852417,3,3.0765282511711121
111,35.533833026885986,35.582921266555786,-117.36699998378754,-117.32917594909668,8.9499999582767487,1.0398745536804199,3.5600000023841858,3.0776319801807404
1990,33.6216000020504,33.719874024391174,-119.99720001220703,-119.83519244194031,5.9999996423721313,11.191512644290924,3.9999999850988388,3.0912306010723114
1980,32.587399959564209,32.311545968055725,-117.60760000348091,-117.25640803575516,4.5000001788139343,2.4136760830879211,3.4999999701976776,3.1931736767292023
461,35.854168057441711,35.86569356918335,-117.6798329949379,-117.73263549804688,8.5400001704692841,0.50609797239303589,3.199999988079071,3.1008034944534302
2539,34.560000002384186,34.516573488712311,-116.02600002288818,-116.15491890907288,2.9999998211860657,6.1401772499084473,3,3.0844070613384247
2318,35.952000021934509,35.975095748901367,-117.86300000548363,-117.87546095252037,3.8999998569488525,1.4964428544044495,3.7999999970197678,3.1330872774124146
1100,35.405666947364807,35.576727747917175,-117.80983300507069,-117.8793561309576,6.8800002336502075,0.11663138866424561,3.7999999970197678,3.089404821395874
1598,32.166900038719177,32.322478055953979,-116.65170001983643,-116.2566614151001,16.299999989569187,6.8738007545471191,3.8999999910593033,3.1687949001789093
1788,34.353100001811981,34.191660210490227,-117.65040001273155,-117.70194271206856,2.5000002980232239,0.93760460615158081,4.0999999791383743,3.532796323299408
617,35.899999976158142,35.856130838394165,-117.73766699433327,-117.536148250103,1.8999999761581421,7.1342146396636963,5.0000000149011612,4.5027451483765617
596,35.699000954627991,35.813442945480347,-117.57399800419807,-117.23536044359207,2.0600000023841858,0.49698561429977417,3.8800000101327896,3.1169362664222717
605,35.890835046768188,35.966939330101013,-117.74400299787521,-117.74264973402023,4.479999840259552,3.4934002161026001,3.5999999642372131,3.9763940423727036
1880,32.717000007629395,32.422645568847656,-116.04200005531311,-116.21411180496216,2.9999998211860657,1.6444811224937439,3.199999988079071,3.1829867362976074
554,35.687667965888977,35.647703766822815,-117.31700098514557,-117.46988022327423,-0.98000049591064453,1.4938455820083618,3.1899999976158142,3.0860923826694489
873,33.225832998752594,33.040494203567505,-116.74733304977417,-116.77281332015991,10.230000168085098,1.322861909866333,3.2600000202655792,3.0902129709720612
1018,35.567832946777344,35.702645659446716,-118.33116701245308,-118.46361982822418,2.7600002288818359,0.2551540732383728,3.0999999940395355,3.1105954349040985
1192,35.837700009346008,35.844489812850952,-119.81649994850159,-119.30773067474365,11.100000143051147,2.5979822874069214,3.0999999940395355,3.0745599567890167
834,35.678300023078918,35.230451703071594,-117.54879999160767,-117.45925033092499,5.1499995589256287,4.9897304177284241,3.5999999642372131,3.0938731133937836
508,35.702666997909546,35.81829833984375,-117.55783098936081,-117.42610776424408,3.710000216960907,6.913878321647644,3.199999988079071,3.0975629389286041
188,35.975834012031555,35.968403220176697,-117.67216500639915,-117.76385046541691,2.0100000500679016,1.839403510093689,3.0800000131130219,3.0747641623020172
1056,33.980333000421524,33.823618575930595,-116.71783304214478,-116.72459197044373,11.530000045895576,1.447015106678009,3.3199999630451202,3.0820998251438141
1735,34.008899999782443,33.925397120416164,-117.25859999656677,-117.24235826730728,10.999999791383743,2.6938605308532715,3.5999999642372131,3.200675368309021
869,33.86599999666214,33.71403580904007,-117.72766700387001,-117.66216602921486,4.7499999403953552,2.6905873417854309,3.6100000441074371,3.0830962657928467
438,35.924998998641968,35.97585654258728,-117.70200398564339,-117.58877375721931,1.380000114440918,1.1527562141418457,3.199999988079071,3.0827812850475311
2342,33.678000003099442,33.494482219219208,-116.75999999046326,-116.71108996868134,16.400000005960464,2.4369907379150391,3.0999999940395355,3.077523797750473
2456,35.601999998092651,35.901960372924805,-116.15699994564056,-116.29228699207306,5.9999996423721313,0.65874427556991577,3.0999999940395355,3.1106016039848328
1047,34.007499999832362,33.893557742238045,-117.25216698646545,-117.29191416501999,14.110000021755695,2.7101871371269226,3.7400000095367432,3.1754735112190247
693,35.890166997909546,35.127956390380859,-117.7121669948101,-117.84462083876133,6.2900000810623169,2.1174091100692749,3.8599999845027924,3.1352070271968842
259,35.674167990684509,35.852832198143005,-117.48449701070786,-117.46082901954651,2.10999995470047,2.9258251190185547,3.4999999701976776,3.0747466385364532
2230,34.266999989748001,34.025175075978041,-116.77400004863739,-116.89163756370544,2.9999998211860657,4.2962667346000671,3.3999999761581421,3.0603859126567841
463,35.672333002090454,35.962637662887573,-117.54266399145126,-117.64802774786949,4.0999996662139893,3.0180349946022034,3.0900000035762787,3.0742216408252716
1333,34.00800000037998,33.936129085719585,-117.12999999523163,-117.02331775426865,13.900000043213367,1.221453845500946,3,3.0836412906646729
1913,33.793999999761581,33.769396886229515,-119.39300000667572,-119.31634378433228,5.9999996423721313,1.6837754845619202,3.0999999940395355,3.0757801830768585
1459,35.348999977111816,35.530797719955444,-118.56400001049042,-118.62105858325958,6.4000001549720764,0.42726248502731323,3,3.102409154176712
1399,33.250800013542175,32.720550537109375,-116.08850002288818,-116.5252788066864,13.599999994039536,5.947490930557251,3.4999999701976776,3.1087179780006409
233,35.665500044822693,35.744657516479492,-117.52383300662041,-117.58541113138199,9.2899999022483826,0.77564835548400879,4.1700000017881393,3.7682723253965378
2263,34.153999999165535,33.970384981483221,-116.43400001525879,-116.35982131958008,5.4000002145767212,4.1088223457336426,3,3.0649205446243286
2142,34.312000006437302,34.055969450622797,-116.85199999809265,-116.86771202087402,6.2000003457069397,4.3614855408668518,3.2999999821186066,3.0578390657901764
1195,32.41100001335144,32.133740782737732,-117.70500001311302,-117.60707741975784,16.799999959766865,8.1296485662460327,3.0999999940395355,3.0540827214717865
1025,33.037500023841858,32.741294145584106,-116.44666695594788,-116.6796293258667,5.7300004363059998,2.0490342378616333,3.1800000071525574,3.1232286393642426
51,35.978500008583069,35.970414161682129,-117.3299999833107,-117.5696012377739,2.8299996256828308,0.56899130344390869,3,3.0662411749362946
522,35.65283203125,35.744963645935059,-117.53666698932648,-117.55053842067719,7.9899998009204865,3.0748710036277771,3.4500000178813934,3.1008782386779785
464,35.728168964385986,35.596279621124268,-117.59866300225258,-117.43438500165939,7.6700001955032349,6.1291292309761047,3.199999988079071,3.1037312150001526
1537,33.251999974250793,32.923752069473267,-116.04900002479553,-116.21216344833374,5.4000002145767212,3.1612631678581238,3.0999999940395355,3.1075451374053955
965,33.114166975021362,32.726328372955322,-116.07383298873901,-116.3958568572998,11.530000045895576,3.1248092651367188,3.5899999737739563,3.122883528470993
1041,33.970499999821186,33.819930195808411,-118.90866702795029,-118.76630198955536,14.80999999679625,2.8446990251541138,3.2899999916553497,3.0836852788925171
1561,33.044000029563904,32.676993846893311,-116.4099999666214,-116.5278126001358,14.700000006705523,2.5546950101852417,3.199999988079071,3.1178949773311615
1910,33.803000003099442,33.766938656568527,-119.39900004863739,-119.38122832775116,10.300000011920929,1.0266727209091187,3.0999999940395355,3.074098527431488
1270,34.195299997925758,34.032335750758648,-117.0149000287056,-116.94298779964447,11.900000050663948,1.232839822769165,3,3.0862737894058228
96,35.895166993141174,35.948576331138611,-117.6786670088768,-117.8303946107626,4.1200000047683716,1.158025860786438,3,3.0706518888473511
2128,32.879999995231628,32.716964960098267,-117.58199998736382,-117.29046636819839,15.100000002421439,6.1533549427986145,3,3.0598594844341278
1993,35.089800000190735,35.010537266731262,-119.08650004863739,-119.23625123500824,10.799999982118607,6.077410876750946,5.2000000029802322,4.3846339657902718
2330,35.953999996185303,35.899659276008606,-117.79399999976158,-118.02794821374118,3.7000000476837158,0.34979134798049927,3.7999999970197678,3.6994969546794891
862,33.840167000889778,33.715183913707733,-117.09683299064636,-117.15300244092941,10.840000212192535,2.0910993218421936,3.0999999940395355,3.0775174498558044
1455,33.273000001907349,32.811336278915405,-116.62399995326996,-116.46492409706116,14.299999997019768,1.8771573901176453,3.5999999642372131,3.1187892258167267
2347,35.797999978065491,35.826414823532104,-118.04500000178814,-118.02262241207063,7.8000001609325409,0.54210752248764038,3.0999999940395355,3.0798452496528625
929,34.802833020687103,34.856594562530518,-116.27883303165436,-116.40824508666992,3.1400004029273987,2.7175122499465942,3.5999999642372131,3.1068746745586395
1034,34.038832999765873,33.911338992416859,-117.23866701126099,-117.33202803134918,17.639999985694885,3.5073494911193848,3.6100000441074371,3.174466609954834
1385,33.694000005722046,33.624995112419128,-116.85769999027252,-116.86587691307068,7.5,2.0888793468475342,3.199999988079071,3.0743148922920227
1368,33.86599999666214,33.773953661322594,-119.30999994277954,-119.24622297286987,0.099999904632568359,0.99390327930450439,3.199999988079071,3.0760516226291656
1876,32.735999941825867,32.567280769348145,-116.04200005531311,-116.18779134750366,1.9999998807907104,2.3230880498886108,3.6999999582767487,3.1849500238895416
1552,34.402999997138977,33.901662088930607,-119.307000041008,-118.95568007230759,13.200000040233135,3.426545262336731,3,3.0731937289237976
2161,34.308400005102158,33.880524434149265,-116.84230005741119,-118.47559168934822,13.200000040233135,5.571567714214325,3.6999999582767487,3.1308856308460236
727,35.725332975387573,35.931959629058838,-117.55349999666214,-117.62368777394295,0.87999969720840454,0.60201823711395264,4.9000000208616257,4.6314025931060314
1726,33.892899997532368,33.817507222294807,-117.77750000357628,-117.68881973624229,10.100000202655792,3.8154780864715576,3.5999999642372131,3.1074972152709961
1709,34.059000000357628,33.884408190846443,-116.98010003566742,-117.01090151071548,6.4000001549720764,1.7831629514694214,3.9999999850988388,3.5524023771286011
1935,35.032999992370605,34.936151802539825,-116.95799994468689,-116.79689621925354,3.8999998569488525,1.9397932291030884,3.4999999701976776,3.099152147769928
420,35.674499988555908,35.815812706947327,-117.48799902200699,-117.44852787256241,1.3099998235702515,2.7081191539764404,3.6500000059604645,3.1189383566379547
2071,35.054999947547913,35.22942590713501,-119.10699999332428,-119.05761015415192,14.299999997019768,1.8944424390792847,3.3999999761581421,3.106495589017868
1382,33.244599997997284,33.032171249389648,-116.45980000495911,-116.6915876865387,4.3000003695487976,3.0558004975318909,3.5999999642372131,3.0909774005413055
1036,35.202999949455261,35.045674562454224,-117.28083300590515,-117.32131791114807,1.6199997067451477,1.3074427843093872,3.3899999856948853,3.0969216227531433
498,35.639000058174133,35.70009708404541,-117.4913330078125,-117.40302413702011,3.1400004029273987,1.6452705860137939,4.6000000052154064,4.3796132728457451
1228,34.047499999403954,33.962007660418749,-118.94630002975464,-118.93461716175079,17.39999994635582,0.56065678596496582,3.0999999940395355,3.0724049806594849
1123,32.235999941825867,32.321345448493958,-116.02999997138977,-116.95928418636322,9.9999998509883881,1.3074678182601929,3.4999999701976776,3.2093291580677032
1639,33.934000000357628,33.808032244443893,-118.3459999859333,-118.32084679603577,14.899999997578561,1.350645124912262,3.0999999940395355,3.0745126605033875
1934,33.527999997138977,33.42397403717041,-116.68499994277954,-116.76056385040283,12.899999991059303,2.0146921277046204,3.2999999821186066,3.0878168642520905
1225,33.196699976921082,32.909199357032776,-116.08350002765656,-116.18305456638336,4.3000003695487976,2.6705557107925415,3.0999999940395355,3.1100887656211853
210,35.945168018341064,35.980628252029419,-117.70050099492073,-117.75551369786263,2.8200003504753113,1.2590226531028748,3.6400000154972076,3.0826449394226074
650,35.657333016395569,35.276048183441162,-117.44999998807907,-117.35887414216995,2.1200001239776611,5.3254768252372742,3.8999999910593033,3.3167445659637451
1448,32.984300017356873,32.733697891235352,-116.27160000801086,-116.51956486701965,15,2.1424788236618042,3.6999999582767487,3.128928154706955
2372,33.69200000166893,33.581963658332825,-116.76499998569489,-116.65828895568848,18.099999949336052,2.1616852283477783,3.0999999940395355,3.0752942562103271
532,35.731500029563904,34.96842634677887,-117.56733301281929,-117.85148978233337,8.2899999618530273,1.1386066675186157,3.0500000417232513,3.1254474520683289
1503,35.761700034141541,35.894402265548706,-116.91369998455048,-116.90259432792664,7.4000000953674316,1.2373709678649902,3.4999999701976776,3.0665623247623444
1619,32.707599997520447,32.523540258407593,-118.21549999713898,-118.29434177279472,12.299999892711639,2.9805395007133484,3.5999999642372131,3.076953649520874
1508,33.508300006389618,33.434151709079742,-119.00929999351501,-118.86219817399979,8.5999998450279236,5.4221946001052856,3.8999999910593033,3.2273921370506287
1712,32.559000015258789,32.276824355125427,-118.70099997520447,-118.77251529693604,15,5.2046102285385132,3,3.0645911693572998
1268,33.017099976539612,32.731396675109863,-116.4407000541687,-116.56043541431427,11.799999922513962,3.3986368775367737,3.0999999940395355,3.1002821624279022
1948,35.039999961853027,35.097019076347351,-119.01800000667572,-118.99811238050461,10.999999791383743,0.91370433568954468,3.4999999701976776,3.1123512089252472
761,35.628666043281555,35.712991952896118,-117.5633319914341,-117.69908663630486,3.9499998092651367,1.3063341379165649,3.2999999821186066,3.0729264914989471
632,35.909167051315308,35.519980192184448,-117.68933299183846,-117.60972142219543,8.3899998664855957,6.7642468214035034,3.6300000250339508,4.1728215962648392
2486,34.041000001132488,33.716219305992126,-116.32200002670288,-116.44726717472076,5.6999999284744263,6.5272387862205505,3.5999999642372131,3.0700410604476929
2463,34.598999977111816,35.508386135101318,-116.22500002384186,-116.1378720998764,0,5.879673957824707,3.0999999940395355,3.1102736592292786
809,35.675832986831665,35.802223563194275,-117.48533302545547,-117.32058781385422,8.5300000011920929,1.4241001009941101,4.3399999961256981,3.9939425736665726
1330,34.783999979496002,34.728800356388092,-118.62900000810623,-118.75553566217422,4.7999998927116394,0.25965839624404907,3,3.095652848482132
1260,33.973600000143051,33.929513074457645,-118.45570001006126,-118.47737163305283,16.600000038743019,0.39317518472671509,3,3.0810293555259705
298,35.607833981513977,35.741703271865845,-117.38749700784683,-117.42721778154373,2.330000102519989,0.81333786249160767,3,3.0727880895137787
2195,33.480000019073486,33.308951497077942,-116.51020002365112,-116.69534957408905,18.400000110268593,2.6199826598167419,3.7999999970197678,3.1161001324653625
521,35.740501046180725,35.988935589790344,-117.56516999006271,-117.79805281758308,2.0999997854232788,0.47511756420135498,3.199999988079071,3.1346964240074158
937,33.495832979679108,33.362345218658447,-116.80833303928375,-116.87524175643921,2.6199996471405029,1.430296003818512,3.4500000178813934,3.0946166217327118
856,32.83916699886322,33.130549907684326,-118.4753330051899,-118.66991060972214,7.5600001215934753,7.3188525438308716,3.4999999701976776,3.0427761375904083
1896,33.25,32.818997144699097,-116.12300002574921,-116.42307829856873,8.8000001013278961,4.7516566514968872,3,3.1044867932796478
1888,33.249000012874603,32.784041166305542,-116.12800002098083,-116.38707768917084,3.099999725818634,4.5775061845779419,3,3.1072685122489929
1285,35.760900020599365,35.829075813293457,-117.59409999847412,-117.73572933673859,12.199999988079071,0.87372779846191406,3,3.0688124299049377
237,35.871497988700867,35.966534733772278,-117.68416601419449,-117.74415126442909,2.7399998903274536,0.7710537314414978,3.5600000023841858,3.0856035947799683
109,35.99733304977417,35.984587907791138,-117.40883302688599,-117.5357560813427,-0.39999961853027344,0.52436560392379761,3.4999999701976776,3.0760939121246338
1777,32.654700040817261,32.393355011940002,-116.16509997844696,-116.19850552082062,9.9999998509883881,2.9120993614196777,3.8999999910593033,3.2145770788192749
1486,34.030999999493361,33.888520106673241,-118.93699997663498,-118.88163858652115,2.9999998211860657,0.6077653169631958,3.2999999821186066,3.0742140412330627
387,35.447167038917542,35.526270627975464,-117.32700002193451,-117.28323656320572,3.9999997615814209,0.92527538537979126,3.5400000214576721,3.0746127963066101
252,35.901669025421143,35.957366108894348,-117.71816998720169,-117.83504953980446,2.2999995946884155,0.49932718276977539,3.0999999940395355,3.0756391882896423
1404,34.002000000094995,33.750078290700912,-116.33700001239777,-116.3364280462265,4.8999997973442078,1.9503262639045715,3,3.0797304511070251
1578,34.019999999552965,33.838453024625778,-117.18099999427795,-117.06203889846802,7.8000001609325409,1.7339909076690674,3,3.0730282366275787
1925,34.239999994635582,34.161348313093185,-117.45200002193451,-117.35490930080414,13.200000040233135,0.88814377784729004,3,3.0716988444328308
620,35.832831978797913,35.66900634765625,-117.66816699504852,-117.39930629730225,1.5400001406669617,6.4227819442749023,3.4799999892711639,3.1904535591602325
1651,33.25,32.965450406074524,-116.43400001525879,-116.55052638053894,3.7999999523162842,3.7481680512428284,3,3.1096572875976562
695,35.659667015075684,34.436252593994141,-117.48533302545547,-117.8330874145031,5.2000004053115845,5.1776665449142456,3.7999999970197678,3.1886599659919739
2170,33.745000004768372,32.833157300949097,-116.02100002765656,-116.53131079673767,10.999999791383743,7.9425555467605591,3.199999988079071,3.0724085569381714
670,35.613667011260986,35.475496768951416,-117.43300002813339,-117.46230727434158,9.8000000417232513,6.3114318251609802,3.8400000035762787,3.1204819679260254
1620,35.401999950408936,35.410327434539795,-117.43300002813339,-117.49875640869141,0.60000032186508179,0.76998084783554077,3.3999999761581421,3.0639123916625977
678,35.613999962806702,34.870616257190704,-117.4453330039978,-117.83336658775806,5.899999737739563,5.9737944602966309,3.3899999856948853,3.1674381494522095
2052,34.294999986886978,34.128118395805359,-116.87699997425079,-116.85211420059204,5.6000000238418579,1.0941857099533081,3.0999999940395355,3.0856867432594299
367,35.628833055496216,35.724859237670898,-117.45883297920227,-117.60315015912056,2.6799997687339783,1.555306613445282,3.0299999713897705,3.0707184970378876
2002,34.801999986171722,34.852442622184753,-116.25800001621246,-116.29356598854065,7.3000001907348633,1.585502028465271,3.3999999761581421,3.0871915519237518
1828,34.204600006341934,34.078632406890392,-118.57639998197556,-118.62814474105835,17.899999916553497,0.45697867870330811,3,3.0816653966903687
618,35.707499980926514,35.854024410247803,-117.51116698980331,-117.42210346460342,2.2499996423721313,0.86151480674743652,3.2999999821186066,4.0341654270887375
528,35.670501947402954,34.935212731361389,-117.49299597740173,-117.49819582700729,1.3499996066093445,4.5063239336013794,3.5999999642372131,3.1055442988872528
907,32.734833002090454,32.298305988311768,-118.30083298683167,-118.51066190004349,10.449999868869781,0.74148774147033691,3,3.0895345509052277
1011,33.582500010728836,33.421876311302185,-116.63766694068909,-116.7213716506958,14.259999990463257,2.213062047958374,3.199999988079071,3.0682576596736908
1927,35.126999974250793,35.050072193145752,-117.55700001120567,-117.58470770716667,0,1.3810166716575623,3.6999999582767487,3.1007960736751556
2225,35.654000043869019,35.835391163825989,-118.02800000086427,-118.31592524051666,7.5999999046325684,0.20518630743026733,3,3.1225529909133911
2528,34.583999991416931,34.606573343276978,-116.26199996471405,-116.26404070854187,0.60000032186508179,4.9666696786880493,3,3.0779249668121338
1744,35.884500026702881,35.902878046035767,-116.97909998893738,-117.14752697944641,9.9999998509883881,1.2109172344207764,3.3999999761581421,3.0734069645404816
1187,33.919100001454353,33.841498360037804,-118.76340001821518,-118.61168992519379,14.899999997578561,1.1753958463668823,3.2999999821186066,3.0762611031532288
1421,32.907699942588806,32.730984210968018,-116.40139997005463,-116.33883213996887,23.100000321865082,1.6149294376373291,3.0999999940395355,3.1189216375350952
100,35.619500041007996,35.743893027305603,-117.45033299922943,-117.50188925862312,3.0899995565414429,0.62937319278717041,3.3400000333786011,3.0699523687362671
999,34.969833016395569,34.741088092327118,-117.42716699838638,-117.42472845315933,1.8399998545646667,1.412774920463562,3.4300000369548798,3.0820634365081787
261,35.956001043319702,35.974454879760742,-117.67783400416374,-117.64027869701385,0.76000034809112549,0.40567338466644287,3.6999999582767487,3.0785921216011047
748,35.692664980888367,35.826407313346863,-117.4909970164299,-117.65750834345818,7.0400002598762512,0.78889399766921997,3.0900000035762787,3.067562073469162
1811,34.246900007128716,34.062184575945139,-118.65759998559952,-118.6272332072258,8.099999874830246,0.71655482053756714,4.5,3.8755028396844864
2012,33.869000002741814,33.80171212553978,-118.73299998044968,-118.59955078363419,0,1.6431498527526855,3.5999999642372131,3.092111349105835
179,35.672000050544739,35.783506035804749,-117.41250002384186,-117.38560509681702,8.5400001704692841,1.0930797457695007,3.7999999970197678,3.1029658913612366
1748,35.480000019073486,35.667497873306274,-118.43000000715256,-118.56663566827774,9.5999997854232788,0.17572849988937378,3.2999999821186066,3.1027613282203674
782,35.669167041778564,35.691567540168762,-117.51883700489998,-117.63877725601196,2.0399996638298035,2.2698274254798889,3.4199999570846558,3.087845116853714
1304,33.685999989509583,33.571473330259323,-119.12999999523163,-119.10307323932648,10.700000077486038,4.5571795105934143,3.0999999940395355,3.0637466311454773
2013,34.150000005960464,33.988815282471478,-116.98199999332428,-117.02633732557297,11.499999985098839,1.8571892380714417,3.6999999582767487,3.1719274520874023
1185,33.664600014686584,33.503138840198517,-118.27169999480247,-118.29950347542763,10.700000077486038,0.35807043313980103,3.2999999821186066,3.0686950385570526
2291,34.043999999761581,33.954939369112253,-117.25,-117.25561064481735,15.700000002980232,3.3624172210693359,3,3.065351665019989
291,35.545833945274353,35.691179037094116,-117.37850201129913,-117.39604187011719,2.0200002193450928,0.9883609414100647,3.3999999761581421,3.0754794180393219
141,35.651999950408936,35.773341536521912,-117.49183297157288,-117.53954976797104,8.7200000882148743,1.0198277235031128,3.4699999988079071,3.0777219235897064
1098,34.691999971866608,34.70906925201416,-116.23683297634125,-116.18986821174622,2.369999885559082,1.411602795124054,3.6500000059604645,3.1555194854736328
1055,35.989667057991028,35.963492155075073,-117.9213330000639,-117.883907943964,4.2500004172325134,0.99052906036376953,3.0800000131130219,3.076446533203125
1513,33.970799999311566,33.775760099291801,-116.4186999797821,-116.51816534996033,10.899999886751175,2.5706076622009277,4.0999999791383743,3.176181972026825
1370,33.38239997625351,33.151628851890564,-116.26699995994568,-116.44715631008148,12.499999925494194,2.6364880800247192,3.3999999761581421,3.0805474519729614
930,34.941999971866608,34.732729136943817,-116.65866696834564,-116.39232897758484,8.1799998879432678,1.8858397006988525,3.0999999940395355,3.075580894947052
1879,33.175999999046326,32.778364777565002,-116.04299998283386,-116.34719395637512,12.899999991059303,3.0369070172309875,3.5999999642372131,3.1341151893138885
1177,35.898599982261658,35.964256286621094,-117.98849999997765,-118.08446082472801,12.800000086426735,0.25872766971588135,3.199999988079071,3.0899696946144104
840,35.621500015258789,35.006886005401611,-117.57820001244545,-117.74569606781006,9.700000137090683,5.4146701097488403,3.4999999701976776,3.1956212818622589
354,35.791668057441711,35.857786893844604,-117.59349799156189,-117.63149103522301,6.9800001382827759,1.0892066359519958,3.5999999642372131,3.1366698145866394
1244,33.919699996709824,33.699707269668579,-116.35199999809265,-116.36139118671417,14.19999998062849,2.0899057388305664,3,3.0785849690437317
1808,35.258000016212463,35.360130786895752,-118.58700001239777,-118.68471765518188,5.6999999284744263,0.62068194150924683,3,3.1013990342617035
247,35.945667028427124,35.978467226028442,-117.68266299366951,-117.77884621918201,3.4099996089935303,0.82471221685409546,3.0299999713897705,3.0716493129730225
2059,33.940999999642372,33.814046829938889,-116.9889999628067,-117.08346706628799,8.9999999105930328,2.2135502099990845,3.3999999761581421,3.083659440279007
986,34.086667001247406,33.958573449403048,-118.47566699981689,-118.50692361593246,10.479999929666519,0.2856561541557312,3.6100000441074371,3.1101653873920441
1706,33.671000003814697,33.564216643571854,-116.71399998664856,-116.68856191635132,16.500000022351742,1.775347888469696,3,3.0766680836677551
1078,34.364167004823685,34.242620244622231,-118.6446670293808,-118.72755950689316,10.769999921321869,0.35178780555725098,3.0800000131130219,3.0773637592792511
2164,34.270500004291534,34.034754116088152,-116.90629994869232,-117.00786131620407,1.1999997496604919,4.4394993782043457,5.2000000029802322,4.653273917734623
2458,35.743000030517578,35.910659313201904,-117.61199998855591,-117.57418912649155,2.7000001072883606,0.84863394498825073,3.0999999940395355,3.0722005069255829
29,35.605167031288147,35.707156181335449,-117.40750002861023,-117.36688184738159,9.0900000929832458,2.6175105571746826,3.9200000166893005,3.6345449388027191
786,35.708832025527954,35.739968419075012,-117.47716498374939,-117.54741743206978,0.19999980926513672,0.99438786506652832,3.3999999761581421,3.0856248736381531
544,35.883499026298523,35.56775426864624,-117.72183200716972,-117.80681225657463,4.6700003743171692,5.5510210990905762,3.199999988079071,3.1036253571510315
1125,34.080399997532368,33.965050298720598,-117.44800001382828,-117.42321532964706,11.40000008046627,3.1093829870223999,3.8999999910593033,3.4859409928321838
1738,34.021999999880791,33.88180273026228,-117.14300000667572,-117.10151439905167,5.899999737739563,2.0085409283638,3.199999988079071,3.0712021887302399
582,35.662166953086853,35.552198648452759,-117.42533302307129,-117.66987887024879,3.5100004076957703,0.98542928695678711,3.2999999821186066,3.0916475057601929
1223,35.430899977684021,35.573987007141113,-118.4995000064373,-118.74002856016159,2.0999997854232788,0.39536833763122559,4.0999999791383743,3.5367318391799927
1872,33.276099979877472,32.820772290229797,-116.05920004844666,-116.34092319011688,7.2000002861022949,3.8932693004608154,3.8999999910593033,3.1566333174705505
507,35.804165005683899,35.947668790817261,-117.62816599011421,-117.66001683473587,1.9299995899200439,1.7973178625106812,3.0999999940395355,3.0959077477455139
509,35.601832985877991,35.634201765060425,-117.39550000429153,-117.24772948026657,7.3899999260902405,5.8079373836517334,3.0800000131130219,3.08692467212677
480,35.799998998641968,35.868201971054077,-117.63150000572205,-117.68821290135384,3.2099997997283936,2.4443596601486206,3.5999999642372131,3.1110130548477173
1364,34.089000001549721,33.896323509514332,-116.39199995994568,-116.36439144611359,10.799999982118607,1.6381430625915527,3.0999999940395355,3.0907115936279297
581,35.708500027656555,35.547894835472107,-117.36816400289536,-117.59195566177368,1.3099998235702515,1.2936419248580933,3.3999999761581421,3.067973256111145
707,35.910666942596436,34.43951028585434,-117.73166701197624,-117.98175779730082,8.1599999964237213,4.8315650224685669,4.0899999886751175,3.326282411813736
332,35.759498953819275,35.580806374549866,-117.57250198721886,-117.5689158141613,6.2500002980232239,2.2058728337287903,3.1199999749660492,3.0825441777706146
1920,34.24099999666214,34.095680922269821,-119.80999994277954,-119.74047088623047,7.9000000655651093,0.62916934490203857,3.199999988079071,3.0663866400718689
1829,34.021999999880791,33.833279252052307,-119.29200005531311,-119.39942216873169,0.099999904632568359,1.6994449496269226,3,3.0597894787788391
486,35.666668057441711,35.578172087669373,-117.30200201272964,-117.84941744804382,-0.8199995756149292,6.9693392515182495,3,3.1070707440376282
1427,34.519999980926514,34.372683018445969,-118.79900002479553,-118.9383407831192,16.600000038743019,0.1440131664276123,3,3.077708512544632
1860,32.77400004863739,32.469056725502014,-116.10899996757507,-116.29344964027405,6.9999995827674866,1.0934892296791077,3,3.173092782497406
2355,34.196999996900558,34.016353875398636,-117.44300001859665,-117.41532266139984,10.100000202655792,3.3963561058044434,3.7999999970197678,3.2163679897785187
353,35.597668051719666,35.68337869644165,-117.40466302633286,-117.36533778905869,6.0900002717971802,3.3394977450370789,3.199999988079071,3.0758706629276276
2106,33.316999971866608,32.772051215171814,-116.36000001430511,-116.55603492259979,14.599999990314245,3.368033766746521,3.0999999940395355,3.1487786471843719
208,35.868332028388977,35.941968441009521,-117.70616900920868,-117.86612792313099,3.9100000262260437,1.8091562390327454,3.0500000417232513,3.071560263633728
1293,32.893599987030029,32.696940422058105,-116.21370005607605,-116.33833503723145,13.200000040233135,2.7427250146865845,3.0999999940395355,3.1268299520015717
414,35.816334009170532,35.879781723022461,-117.6336669921875,-117.64689952135086,6.3799998164176941,0.99507272243499756,3.0299999713897705,3.079296737909317
1386,33.509499996900558,33.420335054397583,-117.73359999060631,-117.65937206149101,1.600000262260437,2.2737407684326172,3.2999999821186066,3.2518537044525146
1379,34.947899997234344,34.738464057445526,-116.71560001373291,-116.45350980758667,13.700000010430813,1.5555068850517273,3.199999988079071,3.0745097100734711
2166,34.89300000667572,34.685347139835358,-119.36199998855591,-119.57278287410736,11.900000050663948,2.0503583550453186,3.3999999761581421,3.08030766248703
530,35.6875,35.933354735374451,-117.48199999332428,-117.62470197677612,8.410000205039978,1.0347059369087219,3.3999999761581421,3.1101020872592926
1251,35.01639997959137,35.154934406280518,-119.10749995708466,-119.02227330207825,16.299999989569187,1.2495392560958862,3.5999999642372131,3.1174302399158478
1083,33.676499992609024,33.557405084371567,-118.05350000038743,-118.0244130436331,15,3.7778663635253906,3.1899999976158142,3.061260849237442
2001,33.305999994277954,33.095395088195801,-116.85199999809265,-116.84452319145203,13.200000040233135,1.3639399409294128,3.6999999582767487,3.1044606864452362
1761,35.48199999332428,35.725590229034424,-119.33700001239777,-119.12007391452789,30.099999904632568,0.71426063776016235,3,3.0939691364765167
1681,35.976999998092651,35.97045373916626,-117.30900001525879,-117.46500355005264,1.1999997496604919,6.9042152166366577,3.2999999821186066,3.0742352306842804
445,35.924834966659546,35.859494805335999,-117.70266699790955,-117.87606450915337,1.1200001835823059,5.3725844621658325,3.4999999701976776,3.1328121721744537
199,35.750831961631775,35.781771779060364,-117.56833699345589,-117.7166620194912,4.4699996709823608,0.94440758228302002,3.199999988079071,3.0752847790718079
229,35.6163330078125,35.715128660202026,-117.43833202123642,-117.48016536235809,7.6499998569488525,1.7209553718566895,3.2600000202655792,3.0672561228275299
1582,34.007000000216067,33.836728036403656,-117.19099998474121,-117.09029239416122,8.099999874830246,1.7821043729782104,3.2999999821186066,3.0854436457157135
527,35.686000943183899,35.729072093963623,-117.48149901628494,-117.44211506843567,6.8300002813339233,0.35021603107452393,3.1800000071525574,3.0798166394233704
1029,33.47316700220108,32.958893299102783,-116.4650000333786,-116.47500681877136,7.5300000607967377,1.4343523979187012,3,3.1291326284408569
1564,33.15200001001358,33.018691062927246,-116.4559999704361,-116.85841393470764,9.700000137090683,4.4904434680938721,3.4999999701976776,3.1094868779182434
1557,32.723000049591064,32.252955555915833,-116.04799997806549,-116.17508637905121,3.1999996304512024,5.1267519593238831,3.0999999940395355,3.1331119537353516
2123,33.699200004339218,33.899116218090057,-116.06700003147125,-116.86775755882263,8.1999997794628143,2.0758214592933655,3.8999999910593033,3.2914204001426697
315,35.868332028388977,35.898381590843201,-117.69883000850677,-117.83657750487328,3.1999996304512024,1.588132381439209,3.2999999821186066,3.0822359025478363
1391,33.840000003576279,33.577009648084641,-116.15880000591278,-116.25192177295685,0.70000022649765015,2.9169335961341858,3.4999999701976776,3.0693585276603699
2189,34.382999986410141,34.23251685500145,-116.4650000333786,-116.37810432910919,3.099999725818634,4.2228466272354126,3.3999999761581421,3.0663517713546753
973,33.150166988372803,32.97273862361908,-116.47950005531311,-116.61845743656158,11.379999965429306,2.6387903094291687,3.5699999928474426,3.1023959219455719
69,35.516332983970642,35.627076387405396,-117.41466701030731,-117.49853193759918,8.1700001657009125,0.78673571348190308,3.0999999940395355,3.0613943338394165
1299,33.005999982357025,32.477924942970276,-116.98500001430511,-116.32998359203339,9.9999998509883881,1.4627256989479065,3.4999999701976776,3.1499353051185608
1114,33.791999995708466,33.563499420881271,-116.10333299636841,-116.13853657245636,6.6200003027915955,1.9103658199310303,3.0099999904632568,3.0853179395198822
1303,34.00899999961257,33.889549054205418,-117.17199999094009,-117.12461405992508,4.400000274181366,1.8710973858833313,3,3.0772826671600342
1964,34.847000002861023,34.809335947036743,-116.31299996376038,-116.29997944831848,2.4000003933906555,3.8065347075462341,3.4999999701976776,3.0747284889221191
902,35.391332983970642,35.610675692558289,-118.54433298110962,-118.67685723304749,4.6399998664855957,0.52034318447113037,3.0999999940395355,3.0977521240711212
435,35.896499991416931,35.969638228416443,-117.73416900634766,-117.79371128976345,1.7600002884864807,0.59244364500045776,4.0999999791383743,3.4877530038356781
1080,34.674499988555908,34.576707720756531,-117.48049998283386,-117.64318978786469,7.3299998044967651,0.51994889974594116,3.199999988079071,3.0781660974025726
1014,34.227166995406151,33.988471635617316,-116.74300003051758,-116.7488477230072,0.5699998140335083,1.2234976887702942,3.5799999833106995,3.0829661786556244
231,35.671332955360413,35.99677574634552,-117.45649999380112,-117.95118523016572,5.0800001621246338,0.30640482902526855,3.1399999558925629,3.0920010209083557
482,35.874168038368225,35.981248140335083,-117.72366300225258,-117.95723069831729,6.6899996995925903,0.79797685146331787,3.0999999940395355,3.1040800809860229
2156,34.312999993562698,34.093008361756802,-116.85099995136261,-116.82914507389069,5.7999998331069946,3.5600575804710388,3.199999988079071,3.0552099645137787
2223,35.715000033378601,35.917147994041443,-118.06800000369549,-118.31620764732361,3.1999996304512024,0.42716681957244873,3.3999999761581421,3.089029848575592
741,35.749832987785339,35.739707708358765,-117.56949999928474,-117.60564365983009,4.2800000309944153,1.5628284215927124,3,3.0890910923480988
407,35.845832943916321,35.563692808151245,-117.66366600990295,-117.65962201356888,8.1499998271465302,1.7020457983016968,3.199999988079071,3.0832218825817108
2258,34.086000002920628,33.852278053760529,-116.67499995231628,-116.82740879058838,9.3000000715255737,3.5055023431777954,3.6999999582767487,3.0727402567863464
1102,33.958500001579523,33.785624280571938,-116.88833296298981,-116.95264387130737,16.669999994337559,2.0131480693817139,4.3900000043213367,3.9374979436397552
621,35.872666954994202,35.688435554504395,-117.67466700077057,-117.21091878414154,8.6700001358985901,5.7764339447021484,3.2600000202655792,3.1189010739326477
443,35.8211669921875,35.942782044410706,-117.63049998879433,-117.71469575166702,11.239999830722809,0.17730832099914551,3.1899999976158142,3.0760730803012848
2159,34.312000006437302,34.188623130321503,-116.85000002384186,-116.897789478302,4.7999998927116394,4.8378592729568481,3.199999988079071,3.2553412914276123
2360,33.355000019073486,32.789037585258484,-116.21700000762939,-116.52351891994476,9.2000001668930054,4.8755362629890442,3.4999999701976776,3.1089166402816772
279,35.743831992149353,35.843597054481506,-117.56466698646545,-117.72310361266136,7.0400002598762512,2.6148220896720886,3.0399999618530273,3.0765448808670044
2442,34.039000000804663,34.000091560184956,-116.9559999704361,-117.03281551599503,14.799999995157123,2.4228957295417786,3.199999988079071,3.063811182975769
440,35.646332025527954,35.794884085655212,-117.46516400575638,-117.43328428268433,-0.19999980926513672,1.9817018508911133,3.679999977350235,3.1387633681297302
2021,35.032999992370605,35.04937744140625,-116.91199994087219,-116.89288461208344,4.7999998927116394,1.3296094536781311,3.6999999582767487,3.1216542720794678
479,35.615501046180725,35.713698387145996,-117.58466300368309,-117.6294267475605,9.9100001156330109,1.9554457068443298,3.4999999701976776,3.0995772778987885
1204,35.398100018501282,35.608143925666809,-118.51630002260208,-118.61533731222153,11.900000050663948,0.27101039886474609,3.8999999910593033,3.1471157670021057
322,35.91700005531311,35.978629231452942,-117.70933499932289,-117.75220282375813,1.419999897480011,2.0511478185653687,3.2199999690055847,3.0798930823802948
2174,35.148900032043457,35.354308485984802,-118.76639997959137,-118.62482094764709,5.6000000238418579,1.1633545160293579,4.3999999947845936,3.5052312612533569
1556,32.662999987602234,32.260074496269226,-116.00999999046326,-116.23735225200653,13.200000040233135,4.3788689374923706,3.199999988079071,3.1434115469455719
478,35.898000001907349,35.978619456291199,-117.72716701030731,-117.76599654555321,3.9499998092651367,1.3344007730484009,4.9000000208616257,4.4178049396723509
651,35.680500030517578,35.505317449569702,-117.47033298015594,-117.38786745071411,6.849999725818634,5.8260834217071533,4.260000005364418,3.4502729773521423
836,35.726667046546936,34.433985084295273,-117.52883300185204,-117.7961678057909,1.9700002670288086,5.2340590953826904,3.2999999821186066,3.1586127877235413
1362,35.53600001335144,35.705204486846924,-118.4040000140667,-118.5306990146637,1.2999996542930603,0.15080183744430542,3.0999999940395355,3.0988667607307434
408,35.901669025421143,35.963986992835999,-117.73583200573921,-117.59091705083847,2.3400002717971802,0.65965443849563599,3.4600000083446503,3.0932200849056244
2297,32.488999962806702,32.079885363578796,-116.29799997806549,-116.71503496170044,9.8999999463558197,6.093374490737915,3.3999999761581421,3.1550100445747375
2366,33.314999997615814,33.043253600597382,-116.41499996185303,-116.36709773540497,13.999999947845936,4.0469196438789368,3.0999999940395355,3.1207883656024933
2033,32.287999987602234,32.444002747535706,-116.64100003242493,-116.42014193534851,14.700000006705523,4.5437908172607422,3.0999999940395355,3.1367776393890381
1803,32.71780002117157,32.677180767059326,-117.40700000524521,-117.16985815763474,9.9999998509883881,7.2422218322753906,3.8999999910593033,3.1142377853393555
829,35.690834045410156,35.864316463470459,-117.53916901350021,-117.52899444103241,0.1600000262260437,1.5165585279464722,3.3999999761581421,3.0957220494747162
1071,33.449333012104034,34.354044169187546,-116.45050001144409,-118.11168613284826,11.909999996423721,4.9143719673156738,3.199999988079071,3.3568691611289978
1338,34.368000000715256,34.165994763374329,-117.17900002002716,-117.09758049249649,7.5999999046325684,1.4426770806312561,3.3999999761581421,3.0856019854545593
2386,34.671999990940094,34.703287541866302,-116.26699995994568,-116.16009569168091,5.6000000238418579,3.5081058740615845,3,3.0796835124492645
2320,35.950000047683716,35.971505284309387,-117.87000000476837,-117.87721311300993,1.9999998807907104,1.6840767860412598,3.199999988079071,3.0901453793048859
149,35.785333037376404,35.921716213226318,-117.62533301115036,-117.71705359220505,6.1500003933906555,0.75013607740402222,3.8099999874830246,3.1141291558742523
1231,33.890799999237061,33.722524255514145,-117.95800000056624,-117.91149320453405,14.299999997019768,3.202589750289917,3.3999999761581421,3.0633987486362457
802,35.708667039871216,35.504531383514404,-117.5541670024395,-117.5996907055378,1.1599999666213989,5.3255242109298706,4.2100000083446503,4.1038118451833725
978,33.931332997977734,33.733089953660965,-118.30199998617172,-118.28838953375816,11.940000057220459,0.74531704187393188,3.0999999940395355,3.0663514137268066
1089,34.694666981697083,34.741797983646393,-116.23683297634125,-116.16070294380188,2.4599996209144592,1.6986599564552307,3.4799999892711639,3.0962348878383636
495,35.922669053077698,35.983443379402161,-117.71150198578835,-117.57477244734764,1.8399998545646667,1.2831330299377441,3.1199999749660492,3.0836688280105591
450,35.61083197593689,35.614898800849915,-117.38116502761841,-117.40162336826324,-0.83000063896179199,2.8567081689834595,3.7999999970197678,3.0982885658740997
657,35.897166967391968,34.809997379779816,-117.73050001263618,-117.52420976758003,9.8399998247623444,4.1575071215629578,3.2899999916553497,3.3073284924030304
1422,34.720000028610229,34.647076964378357,-116.02799999713898,-116.07874870300293,7.5999999046325684,1.5150743722915649,3.3999999761581421,3.1158231496810913
637,35.578333020210266,35.351328134536743,-117.37416702508926,-117.52077478170395,6.3500002026557922,5.6245887279510498,3.9999999850988388,3.2919192016124725
163,35.621166944503784,35.753020524978638,-117.43449997901917,-117.50832530856133,7.720000147819519,1.1705240607261658,3.2999999821186066,3.0637266039848328
402,35.686000943183899,35.762208461761475,-117.5456700026989,-117.65065947175026,2.9300004243850708,1.1730882525444031,3.2999999821186066,3.0899129211902618
2162,34.272300004959106,34.146617844700813,-116.87039995193481,-117.12589794397354,4.400000274181366,5.9228861331939697,4.2999999895691872,3.0986455678939819
1830,33.365000009536743,33.221462428569794,-116.38699996471405,-116.40402412414551,9.3999999761581421,1.8984577059745789,3,3.0928074717521667
1766,34.3091000020504,34.089562349021435,-116.8507000207901,-116.8130761384964,12.999999895691872,1.1093652248382568,3.6999999582767487,3.1121063232421875
2037,32.713000059127808,32.474497675895691,-116.04499995708466,-116.31233215332031,3.5000002384185791,2.4866831302642822,3.2999999821186066,3.1318998634815216
879,34.707499980926514,34.608484923839569,-116.2861670255661,-116.16657936573029,2.1999996900558472,1.7304655909538269,3.4600000083446503,3.0900780558586121
866,33.314999997615814,33.144083023071289,-116.41983294487,-116.51367473602295,8.2099999487400055,1.8765172362327576,3.3099999725818634,3.1009855270385742
2153,34.268599987030029,34.058267764747143,-116.84710001945496,-116.95524668693542,4.1999995708465576,4.4314491748809814,4.0999999791383743,3.3060332536697388
1641,34.428799986839294,34.215487152338028,-119.16279995441437,-119.13175058364868,8.3000001311302185,1.1050647497177124,4.0999999791383743,3.2042144536972046
49,33.891332998871803,33.735723912715912,-118.21850000321865,-118.163021042943,23.630000352859497,2.4404856562614441,3.5400000214576721,3.0804194211959839
67,35.702999949455261,35.764697670936584,-117.58866700530052,-117.63631185889244,7.1000003814697266,0.89813500642776489,3.4699999988079071,3.1167546808719635
1512,33.373000025749207,33.177676916122437,-116.41299998760223,-116.54366326332092,9.8000000417232513,1.9125500321388245,3.3999999761581421,3.0991185307502747
1414,32.907400012016296,32.71862268447876,-116.31270003318787,-116.35713088512421,17.199999913573265,2.8896760940551758,3,3.1031186878681183
881,32.799000024795532,33.065880954265594,-118.33666700124741,-118.4601543545723,8.7099999189376831,6.7366611957550049,3,3.0382371246814728
48,33.892667002975941,33.796486303210258,-116.630499958992,-116.63628089427948,14.930000002495944,1.2141788005828857,3.0399999618530273,3.0860517919063568
765,35.773499011993408,35.812853932380676,-117.61499801278114,-117.69666931033134,0.22000014781951904,1.8231770396232605,3.2099999785423279,3.6773296594619751
841,35.742166996002197,34.548563182353973,-117.55316698551178,-117.89645258337259,4.1499996185302734,5.207170844078064,4.0999999791383743,3.3457307517528534
839,35.684200048446655,35.604860305786133,-117.49949997663498,-117.60212856531143,10.200000107288361,6.5238279104232788,3.6999999582767487,3.1125163435935974
1061,35.611667037010193,35.884760618209839,-116.29866695404053,-116.22624146938324,3.099999725818634,0.65720915794372559,3,3.1091265678405762
124,35.626167058944702,35.757025480270386,-117.42816698551178,-117.46078425645828,5.1499995589256287,0.92897504568099976,4.0999999791383743,3.633818507194519
647,35.902500033378601,34.259559333324432,-117.68999999761581,-118.14525248110294,0.50000041723251343,4.816930890083313,4.1999999955296516,4.5409092754125595
1961,32.588000059127808,32.486710429191589,-118.10999999940395,-118.13307903707027,18.000000044703484,6.8773797154426575,3.5999999642372131,3.0623339116573334
1186,34.333299994468689,34.112154543399811,-116.82910001277924,-116.79891300201416,7.9000000655651093,1.0988187789916992,3.6999999582767487,3.1259032487869263
1090,34.609833002090454,34.539024472236633,-116.62883305549622,-116.49122631549835,6.6999998688697815,1.5849003195762634,4.3100000023841858,4.149328239262104
2434,32.27400004863739,32.087457180023193,-117.733000010252,-117.30535733699799,5.9999996423721313,11.323552653193474,3,3.0521479547023773
25,32.94350004196167,32.910457372665405,-117.54899999499321,-117.37036204338074,15.109999997075647,4.135662317276001,3.199999988079071,3.0576203763484955
2428,33.964999999850988,33.860075116157532,-118.4370000064373,-118.40900152921677,9.0999998152256012,1.1408016085624695,3.2999999821186066,3.0856491923332214
572,35.669998049736023,34.932179927825928,-117.51633501052856,-117.72149869799614,1.6899999976158142,5.222468376159668,3.0600000321865082,3.1225669384002686
821,35.672333002090454,35.754965901374817,-117.56099998950958,-117.54943552613258,6.9099998474121094,5.019536018371582,3.3999999761581421,3.0916764736175537
1987,33.79899999499321,33.75444857776165,-118.62999999523163,-118.60445404052734,4.3000003695487976,1.208270788192749,3.2999999821186066,3.0699132084846497
1627,34.141000002622604,33.994375854730606,-117.4879999756813,-117.47017061710358,3.8999998569488525,2.954222559928894,3.2999999821186066,3.0700130760669708
2194,34.735499978065491,34.785242199897766,-116.29180002212524,-116.26431095600128,4.6000000834465027,4.9367326498031616,3.9999999850988388,3.9667670577764511
1550,35.955899953842163,35.981198310852051,-117.30930000543594,-117.33911156654358,6.6999998688697815,0.61548829078674316,3.6999999582767487,3.0839444696903229
518,35.903998970985413,35.837010741233826,-117.75316600501537,-117.77832379937172,5.2400001883506775,8.1305453181266785,3.2400000393390656,3.1023661494255066
2448,34.856000006198883,34.748734354972839,-116.4539999961853,-116.2758355140686,4.8999997973442078,3.0955535173416138,3.7999999970197678,3.092700719833374
1178,33.79389999806881,33.680321782827377,-116.96249997615814,-116.9337409734726,18.000000044703484,1.6423103213310242,3,3.0756514370441437
361,35.820332050323486,35.94120728969574,-117.65866899490356,-117.71463826298714,5.8399996161460876,0.96574544906616211,3.5999999642372131,3.1014499962329865
1615,34.112999998033047,33.947083257138729,-116.91400003433228,-116.90678405761719,9.8000000417232513,1.2037217617034912,3.199999988079071,3.0903597772121429
1825,32.690099954605103,32.509318351745605,-116.03090000152588,-116.15879452228546,11.799999922513962,1.8890145421028137,3.2999999821186066,3.1797695159912109
1199,33.491199970245361,33.288728952407837,-116.50890004634857,-116.61852955818176,18.099999949336052,2.43975430727005,3,3.0811736583709717
1891,35.519999980926514,35.629530906677246,-116.42599999904633,-116.35837340354919,5.9999996423721313,1.0461428761482239,3.3999999761581421,3.1164891421794891
1689,35.978000044822693,35.96521270275116,-117.31300002336502,-117.55498480796814,1.9999998807907104,0.67323803901672363,3.0999999940395355,3.0706883668899536
2482,34.89300000667572,34.832595765590668,-116.37199997901917,-116.20117473602295,5.0999996066093445,4.7427794337272644,3.0999999940395355,3.0724781155586243
1984,34.802999973297119,34.826800644397736,-116.27799999713898,-116.24855279922485,6.4000001549720764,1.394839882850647,3.199999988079071,3.0891719162464142
1614,33.263899981975555,32.895768880844116,-116.01979994773865,-116.24515950679779,8.8000001013278961,3.1613051891326904,3.5999999642372131,3.1134827435016632
1105,34.190999999642372,34.086921453475952,-117.41316699981689,-117.41997617483139,6.9800001382827759,2.5268340110778809,4.3999999947845936,3.8645583987236023
2218,34.103000000119209,33.931729853153229,-116.65100002288818,-116.64750027656555,9.9999998509883881,2.3056501150131226,3.2999999821186066,3.08195561170578
941,32.798333048820496,32.837165117263794,-118.44549998641014,-118.39516407251358,7.7400000393390656,6.6612902283668518,3.3899999856948853,3.042084127664566
2114,32.669000029563904,32.428368330001831,-118.18099999427795,-117.97145444341004,5.9999996423721313,9.8854315280914307,3.199999988079071,3.0490945279598236
729,35.724833965301514,35.880733728408813,-117.55516800284386,-117.59850019216537,2.10999995470047,0.98122715950012207,3.4999999701976776,3.0974788963794708
1991,34.893999993801117,34.775977373123169,-119.08700001239777,-119.10253477096558,11.299999952316284,1.9081950187683105,3.5999999642372131,3.1147307753562927
240,35.642501950263977,35.746564388275146,-117.48316997289658,-117.59392499923706,3.2199999690055847,0.57043343782424927,3.2400000393390656,3.0796439945697784
1545,32.784999966621399,32.422312498092651,-116.12699997425079,-116.21040856838226,8.8000001013278961,1.3660204410552979,3,3.1547963619232178
2116,32.668799996376038,32.542736530303955,-116.14859998226166,-116.33542716503143,12.60000005364418,4.1332197189331055,3.5999999642372131,3.1502057611942291
70,33.648999989032745,33.534271001815796,-117.33350002765656,-117.2932648062706,5.7300004363059998,1.7506527900695801,3.199999988079071,3.0767018795013428
2019,34.390100002288818,34.18972572684288,-116.76440000534058,-116.90913772583008,3.099999725818634,1.4201831817626953,4.0999999791383743,3.5795963108539581
2079,33.972999999299645,33.92566804587841,-117.81499999761581,-117.81395421922207,16.299999989569187,3.9091971516609192,3.199999988079071,3.080524742603302
1666,35.980000019073486,35.976342558860779,-117.30000001192093,-117.51318728923798,5.9999996423721313,0.73001503944396973,3.3999999761581421,3.0699250102043152
73,35.915333032608032,35.952545523643494,-117.25733298063278,-117.32044821977615,4.4600003957748413,0.27341276407241821,3,3.0627607405185699
1200,34.271600008010864,34.074712961912155,-117.0281999707222,-116.91658341884613,17.100000008940697,1.1460712552070618,3.0999999940395355,3.0792800188064575
350,35.747334003448486,35.890693664550781,-117.59100300073624,-117.63151261210442,6.5100002288818359,0.63818067312240601,3.8999999910593033,3.1899265944957733
2322,35.998000025749207,35.98011302947998,-117.87100000679493,-117.97578990273178,5.3000003099441528,0.96855103969573975,3.2999999821186066,3.0802777111530304
767,35.691002011299133,35.8562331199646,-117.50966599583626,-117.45876479148865,3.6799997091293335,0.89947879314422607,4.1999999955296516,3.3098233938217163
1710,33.954999998211861,33.83016000688076,-118.38499999046326,-118.39608907699585,13.399999961256981,1.0378110408782959,3,3.070669949054718
2158,34.295399993658066,34.125158622860909,-116.87199997901917,-116.90710937976837,5.6000000238418579,6.1507076025009155,4.5,3.166034460067749
1898,34.043000001460314,33.890599444508553,-117.02799999713898,-117.01497834920883,12.199999988079071,2.080809473991394,3.199999988079071,3.0769714415073395
1551,35.50600004196167,35.708297371864319,-118.28200000524521,-118.43351608514786,5.5000001192092896,0.21905690431594849,3,3.0904687643051147
76,35.904500007629395,35.979893326759338,-117.70483300089836,-117.71120601892471,4.9499997496604919,0.94215810298919678,4.3200000040233135,3.9258856773376465
432,35.787997961044312,35.72751522064209,-117.62783101201057,-117.68003010749817,7.3899999260902405,0.9497755765914917,3.2999999821186066,3.0993309617042542
1048,35.897667050361633,35.960420846939087,-117.68399998545647,-117.78706592321396,2.409999668598175,1.0215765237808228,3.0399999618530273,3.0687110424041748
1994,34.875,34.767887353897095,-119.22500002384186,-119.25331401824951,13.499999977648258,3.9956876635551453,3.0999999940395355,3.0835604667663574
157,35.895166993141174,35.967469811439514,-117.71900001168251,-117.81401805579662,8.1700001657009125,0.73634147644042969,3.3099999725818634,3.0800406038761139
2030,35.088000059127808,34.982803821563721,-117.516999989748,-117.47382044792175,5.6000000238418579,2.9799520969390869,3.6999999582767487,3.0841594040393829
790,35.699167013168335,35.76488184928894,-117.51249998807907,-117.53300848603249,5.7499998807907104,2.0424064993858337,4.1999999955296516,3.5134815573692322
2078,35.633999943733215,35.675258755683899,-117.58000001311302,-117.72835204005241,1.5000003576278687,0.66180109977722168,3.199999988079071,3.0727714598178864
135,35.76783299446106,35.828318238258362,-117.58883300423622,-117.73055717349052,5.0200000405311584,1.0167279839515686,3.3099999725818634,3.0754938125610352
2125,32.333999991416931,32.124107837677002,-117.86200000345707,-117.53033125400543,5.9999996423721313,11.752817407250404,3.199999988079071,3.0594322979450226
1413,33.970000000670552,33.844272240996361,-117.22600001096725,-117.23387521505356,11.999999955296516,2.3698237538337708,3.0999999940395355,3.0712317824363708
564,35.927834033966064,35.985568881034851,-117.70300298929214,-117.76360955834389,2.1399995684623718,0.64122676849365234,3,3.0629754960536957
2017,33.854000002145767,33.769896447658539,-117.77699999511242,-117.71518671512604,9.3000000715255737,3.1204551458358765,3,3.0601600706577301
2187,33.780000001192093,32.932494759559631,-116.12000000476837,-116.49278712272644,2.7000001072883606,8.4404361248016357,3.0999999940395355,3.0706377625465393
2272,32.111999988555908,33.614540725946426,-117.33499997854233,-117.75719858705997,12.999999895691872,4.2133301496505737,3.0999999940395355,3.10096076130867
2025,34.453999996185303,34.261615395545959,-119.11699998378754,-118.97812259197235,26.900000274181366,2.4752578139305115,3.2999999821186066,3.0776524543762207
567,35.867499947547913,35.962982058525085,-117.72416698932648,-117.65921077132225,9.6599999070167542,3.3013129234313965,3.4999999701976776,3.0918838977813721
1447,34.510999977588654,34.286419212818146,-119.0789999961853,-119.19554305076599,2.9999998211860657,0.7978329062461853,3.3999999761581421,3.0741483271121979
1103,34.187999993562698,34.139764338731766,-117.41000002622604,-117.35852444171906,7.3000001907348633,2.1739733219146729,3.0199999809265137,3.0721558034420013
123,35.889333009719849,35.958676338195801,-117.71416699886322,-117.77938720583916,8.2500001788139343,1.1676326394081116,3.6999999582767487,3.0948881506919861
1097,34.691332995891571,34.664228439331055,-116.23666703701019,-116.19952952861786,1.3900002837181091,1.4424240589141846,3.1600000262260437,3.089570939540863
601,35.709998965263367,35.67303466796875,-117.55066698789597,-117.46217083930969,2.6100003719329834,2.9865315556526184,3.199999988079071,3.1055358052253723
406,35.693164944648743,35.765894055366516,-117.5540010035038,-117.65982127189636,8.2899999618530273,1.1166653037071228,3.3999999761581421,3.0713274478912354
742,35.746665954589844,34.598591983318329,-117.59332999587059,-118.13736227154732,6.4899998903274536,4.1335827112197876,3.4400000274181366,3.1820247173309326
2517,34.783999979496002,34.797187626361847,-116.24500000476837,-116.18484210968018,5.0999996066093445,3.2931777834892273,3.0999999940395355,3.0796796679496765
719,35.56850004196167,34.452077329158783,-117.5164999961853,-118.01730997860432,10.819999873638153,5.2481532096862793,4.5,4.2513227909803391
497,35.039832949638367,35.415360450744629,-118.08500000089407,-117.87839811295271,8.9800000190734863,7.051258385181427,3.5300000309944153,3.1537383198738098
1064,34.072333000600338,33.852466180920601,-116.37849998474121,-116.4035542011261,2.4300000071525574,2.0788747072219849,3.5300000309944153,3.0915083885192871
342,35.616665005683899,35.771504878997803,-117.4384999871254,-117.48345929384232,2.980000376701355,1.0052329301834106,3.3999999761581421,3.1421291828155518
1789,33.71000000834465,33.628590643405914,-116.83899998664856,-116.8658082485199,17.199999913573265,1.7675185203552246,3.0999999940395355,3.0714572668075562
299,35.665001034736633,35.776561379432678,-117.50333398580551,-117.71683099865913,7.2900000214576721,0.85654914379119873,3.1099999845027924,3.066367506980896
2504,34.813000023365021,34.881424069404602,-116.41499996185303,-116.21422564983368,5.6000000238418579,2.3737621307373047,3,3.0796371102333069
649,35.901999950408936,34.639718413352966,-117.74366700649261,-117.86688177287579,8.4600001573562622,4.7076970338821411,3.5699999928474426,3.3961608409881592
1601,35.754999995231628,35.851743817329407,-119.00699996948242,-118.89062207937241,19.000000208616257,1.2654376029968262,3,3.081893652677536
679,35.978999972343445,34.837477803230286,-117.7576670050621,-117.47257262468338,6.5200003981590271,4.8174619674682617,3.6699999868869781,3.1608791649341583
1211,34.300799995660782,34.208293944597244,-117.4961000084877,-117.49360305070877,15.400000009685755,1.3520908355712891,3.4999999701976776,3.1021403074264526
220,35.711333990097046,35.580926656723022,-117.36966699361801,-117.38984709978104,6.4000001549720764,1.1368739604949951,3.5300000309944153,3.1319832801818848
2499,33.99599999981001,33.900692455470562,-118.76300001144409,-118.72680878639221,13.999999947845936,0.86648941040039062,3.3999999761581421,3.0833257734775543
1922,33.216000020503998,32.751288175582886,-116.09200000762939,-116.47511291503906,6.9999995827674866,5.4471248388290405,3,3.103105366230011
1054,34.41949999332428,34.271288871765137,-116.54949998855591,-116.48574066162109,8.060000091791153,1.1683443188667297,3.4300000369548798,3.084489494562149
84,35.715000033378601,35.823949575424194,-117.57383298873901,-117.67362299561501,4.8700001835823059,0.69969534873962402,3.4199999570846558,3.0801769495010376
1394,34.006000000052154,33.902525946497917,-118.8309999704361,-118.72803151607513,12.199999988079071,1.7174693942070007,3,3.0762991011142731
266,35.897166967391968,35.976489186286926,-117.68699699640274,-117.78184470534325,1.8999999761581421,1.7553511261940002,3.0099999904632568,3.0754586756229401
565,35.921833038330078,35.900192975997925,-117.71450001001358,-117.68524172902107,2.4199998378753662,1.6955423355102539,3.3999999761581421,3.0811305642127991
290,35.892166972160339,35.689463019371033,-117.6001670062542,-117.4269962310791,24.530000388622284,1.0531282424926758,3.3199999630451202,3.0747025609016418
1730,34.115000002086163,33.954944748431444,-116.90499997138977,-116.82607090473175,5.6000000238418579,1.1346575617790222,3,3.0879214704036713
643,35.903499960899353,35.926767706871033,-117.70016700029373,-117.56652709841728,8.2599999010562897,8.0978263914585114,4.9000000208616257,3.8252384662628174
416,35.617668032646179,35.742367625236511,-117.47883599996567,-117.50868538022041,7.3600003123283386,1.6037294268608093,3.5999999642372131,3.3271034359931946
472,35.868831992149353,35.952542781829834,-117.70500200986862,-117.85805378854275,4.3199998140335083,2.306971549987793,3.2400000393390656,3.0948265492916107
1454,34.223800003528595,34.019368475303054,-117.02490001916885,-117.06254011392593,8.4000000357627869,1.2048393487930298,3.199999988079071,3.1123285889625549
2084,34.168999999761581,34.306558102369308,-117.23900002241135,-116.7441725730896,6.9999995827674866,5.5342572927474976,3.0999999940395355,3.1729373931884766
2459,34.712999999523163,34.639237761497498,-116.36500000953674,-116.16164040565491,2.7000001072883606,6.0343104600906372,3,3.0646314024925232
857,34.047499999403954,33.975408116355538,-117.50549998879433,-117.48079741001129,4.620000422000885,2.970927357673645,3.199999988079071,3.06821009516716
845,35.707000017166138,35.887725591659546,-117.50583299994469,-117.49504619836807,10.280000120401382,0.80600917339324951,3.9800000041723251,3.7869080454111099
2533,34.456999987363815,34.295529097318649,-116.16600000858307,-116.19354593753815,1.1999997496604919,6.0630351305007935,3.2999999821186066,3.0803995728492737
1161,34.029500000178814,33.944403782486916,-116.97819995880127,-116.77191662788391,19.799999892711639,0.9165036678314209,3,3.0936461985111237
278,35.668835043907166,35.778380990028381,-117.50216698646545,-117.49335134029388,0.8899998664855957,0.95087438821792603,3.4999999701976776,3.098494827747345
2171,32.044000029563904,32.06956422328949,-117.57699999213219,-117.12954145669937,8.9999999105930328,11.778325885534286,3.0999999940395355,3.0661310255527496
932,33.640832990407944,33.511573046445847,-116.73083305358887,-116.72188639640808,13.499999977648258,1.6539126634597778,3,3.0740988850593567
1446,32.036999940872192,32.233315944671631,-116.68110001087189,-116.32589137554169,4.9999997019767761,5.19407719373703,3.0999999940395355,3.1322514116764069
18,35.696666955947876,35.848232865333557,-117.61166700720787,-117.55592128634453,8.1700001657009125,1.0803133249282837,4.0999999791383743,3.3285675644874573
1271,34.709699988365173,34.631132125854492,-116.27180004119873,-116.14747881889343,10.999999791383743,1.3688269257545471,3.199999988079071,3.0933216512203217
1487,33.144699990749359,32.896149635314941,-116.45910000801086,-116.61948025226593,14.700000006705523,2.4279230833053589,3.8999999910593033,3.1280803084373474
680,35.652166962623596,35.187296628952026,-117.46683299541473,-117.64444956183434,1.9700002670288086,5.4751217365264893,4.0899999886751175,3.1417533159255981
1429,33.632999986410141,33.565584748983383,-117.85490000247955,-117.80778805911541,10.799999982118607,3.0414256453514099,3.4999999701976776,3.0816316902637482
1117,34.061167001724243,33.942988071590662,-118.76333302259445,-118.64801979064941,9.4999998807907104,1.0635790228843689,3.3899999856948853,3.0761254727840424
1609,33.398000001907349,33.247001469135284,-116.63230001926422,-116.81726121902466,7.8000001609325409,2.52693772315979,3.5999999642372131,3.0888523757457733
2140,34.314000010490417,34.15196481347084,-116.85099995136261,-116.79061281681061,5.2000004053115845,4.1103994846343994,3,3.0537579953670502
1732,32.669399976730347,32.278523087501526,-116.01189994812012,-116.31418859958649,13.499999977648258,0.83406597375869751,3.199999988079071,3.2040451169013977
219,35.945999026298523,35.949566960334778,-117.37983697652817,-117.53720158338547,0.13999968767166138,5.7229846715927124,3.5200000405311584,3.1055572628974915
1970,35.180999994277954,35.133100509643555,-118.625,-118.70325368642807,6.8999996781349182,0.47125339508056641,3.0999999940395355,3.113241970539093
2150,34.319999992847443,34.098950378596783,-116.85099995136261,-116.88770854473114,3.4000003337860107,3.487202525138855,3.0999999940395355,3.0585618317127228
303,35.828498959541321,35.940485835075378,-117.67133298516273,-117.75492790341377,3.9999997615814209,0.50893664360046387,4.0999999791383743,3.2699795365333557
2340,34.569000005722046,34.626466572284698,-116.23099994659424,-116.19095146656036,6.9999995827674866,5.7145321369171143,3.0999999940395355,3.0683721899986267
662,35.758000016212463,35.896319270133972,-117.56133300065994,-117.18852007389069,7.5699998438358307,2.1302345395088196,3.2999999821186066,3.1928399205207825
1708,35.059900045394897,35.176437616348267,-119.14400005340576,-118.95738661289215,16.799999959766865,3.2972180843353271,3.0999999940395355,3.0937084257602692
801,35.709998965263367,35.867647409439087,-117.55616798996925,-117.47831523418427,0.099999904632568359,3.4807911515235901,3.2099999785423279,3.0784666836261749
344,35.753334045410156,35.905956506729126,-117.57199901342392,-117.69936695694923,4.1599997878074646,1.949998140335083,3,3.097021758556366
1221,34.141499996185303,34.017125276848674,-117.45450001955032,-117.40128928422928,7.5999999046325684,2.5060397386550903,3,3.0650088787078857
2387,33.805000007152557,33.188669562339783,-116.15900003910065,-116.44549012184143,13.900000043213367,7.5546370446681976,3.3999999761581421,3.1264905631542206
1854,32.715399980545044,32.377724885940552,-116.03439998626709,-116.18995785713196,12.60000005364418,1.8497657775878906,3.0999999940395355,3.1902480125427246
1357,35.936900019645691,35.979774236679077,-117.65320000052452,-117.72901079058647,1.600000262260437,0.82080423831939697,3.4999999701976776,3.075281023979187
2203,34.708999991416931,34.751883208751678,-116.29799997806549,-116.23298835754395,2.9999998211860657,5.2290594577789307,3.3999999761581421,3.0708153247833252
2343,33.997999999905005,33.869773089885712,-116.56099998950958,-116.85548973083496,11.900000050663948,2.8264680504798889,3.0999999940395355,3.074128657579422
1087,35.542333006858826,35.614991664886475,-119.37283301353455,-119.21281337738037,22.14000016450882,1.6808831691741943,4.8700000047683716,4.4203832466155291
808,34.180167004466057,34.768068909645081,-116.73516702651978,-117.6193995475769,-0.040000677108764648,4.6705126762390137,3.2700000107288361,3.670498788356781
1135,33.877499997615814,33.577789783477783,-116.1574000120163,-116.16519212722778,10.899999886751175,1.8248409032821655,3.4999999701976776,3.1148427128791809
192,35.691501975059509,35.780201554298401,-117.53516399860382,-117.63433063030243,6.3299998641014099,0.82164376974105835,3.2700000107288361,3.0728685557842255
174,35.868499994277954,35.948156237602234,-117.70566600561142,-117.91435573250055,6.6899996995925903,0.58006793260574341,3,3.0874930322170258
810,35.718999981880188,35.789646506309509,-117.55866700410843,-117.68937829136848,2.0600000023841858,2.0136889815330505,3.0999999940395355,3.0829471349716187
2323,35.945000052452087,35.968437314033508,-117.89899999648333,-117.71849793195724,0.39999961853027344,4.6944898366928101,4.6000000052154064,4.1716380938887596
1815,34.855000019073486,34.875619530677795,-119.66989994049072,-119.66400551795959,8.9000000059604645,0.73365837335586548,3.6999999582767487,3.1169648766517639
1962,33.627000004053116,33.553586512804031,-118.53799998760223,-118.4625481069088,2.2999995946884155,3.2526746392250061,3,3.0509631335735321
1281,33.328299999237061,33.094821870326996,-116.39310002326965,-116.6120457649231,14.19999998062849,3.244030773639679,3.7999999970197678,3.109326034784317
128,35.698500037193298,35.838371992111206,-117.54316699504852,-117.69352838397026,10.059999972581863,0.94144910573959351,3,3.0664989352226257
340,35.780166983604431,35.871022820472717,-117.6419979929924,-117.59760954976082,8.2400000095367432,1.3010984659194946,3.3999999761581421,3.1080312430858612
2356,35.965999960899353,35.971597909927368,-117.87100000679493,-118.06894361972809,4.7999998927116394,1.4757657051086426,3.0999999940395355,3.1002858281135559
1985,35,35.090453028678894,-119.13460004329681,-119.15106463432312,9.9999998509883881,1.9160521030426025,3.6999999582767487,3.2056594491004944
2055,33.761000007390976,33.632949739694595,-118.97500002384186,-118.89091289043427,5.9999996423721313,3.0795925855636597,3.199999988079071,3.0813697278499603
307,35.947834014892578,35.96645724773407,-117.69183400273323,-117.68387991189957,1.419999897480011,0.66454678773880005,3.7900000065565109,3.1142790913581848
383,35.651501059532166,35.775168538093567,-117.46450001001358,-117.42877519130707,3.9499998092651367,1.5648749470710754,3.8999999910593033,3.2016175389289856
1521,32.883900046348572,32.686215877532959,-116.21949994564056,-116.35114693641663,14.599999990314245,2.1795585751533508,3.4999999701976776,3.1444319486618042
2348,35.794000029563904,35.897956371307373,-118.0489999987185,-118.13321094214916,9.0999998152256012,0.50542294979095459,3.0999999940395355,3.0814797878265381
789,35.699501037597656,35.809550404548645,-117.48383301496506,-117.6397100687027,1.0299995541572571,1.8174433708190918,3.0600000321865082,3.0780571103096008
177,35.671664953231812,35.697346568107605,-117.52583301067352,-117.63837194442749,6.3799998164176941,1.2590119242668152,3.199999988079071,3.0718773007392883
426,35.602664947509766,35.531207680702209,-117.39450097084045,-117.47301775217056,7.0800000429153442,1.7093378305435181,3.199999988079071,3.0764263272285461
2210,33.404999971389771,33.375760674476624,-116.7059999704361,-116.76933097839355,16.000000052154064,2.0991513133049011,3.6999999582767487,3.1150988638401031
1905,34.580999970436096,34.551385521888733,-116.2610000371933,-116.13782048225403,2.800000011920929,1.4683619141578674,3.0999999940395355,3.094337671995163
781,35.632168054580688,35.724040508270264,-117.60716998577118,-117.60786563158035,8.9999999105930328,2.5695687532424927,3.2999999821186066,3.0744049251079559
1352,35.843999981880188,35.940152525901794,-117.77799999713898,-117.89034340530634,9.3999999761581421,0.70546120405197144,3.2999999821186066,3.0763672292232513
184,35.765498995780945,35.813461899757385,-117.58249700069427,-117.63486307859421,6.3299998641014099,2.6111117005348206,3.0299999713897705,3.0743173956871033
1058,34.53566700220108,34.485539376735687,-119.96449995040894,-119.78064894676208,4.6299996972084045,0.70866107940673828,3.0500000417232513,3.0696682333946228
2048,35.965999960899353,35.966235041618347,-117.98200000077486,-117.99052086099982,4.6000000834465027,0.59445172548294067,3.0999999940395355,3.0835057497024536
1690,35.970000028610229,35.941083550453186,-117.31999999284744,-117.59623527526855,3.099999725818634,0.66533178091049194,3.0999999940395355,3.0732704401016235
700,35.902832984924316,34.906060993671417,-117.71149998903275,-117.62346634268761,3.1800001859664917,5.0234100222587585,4.5100000002421439,3.1651042699813843
1587,33.788800001144409,33.816378965973854,-117.28890001773834,-117.18103522062302,11.999999955296516,2.5357291102409363,3.6999999582767487,3.3642041087150574
1501,35.84309995174408,35.97511351108551,-117.66260001063347,-117.70477920770645,3.6000001430511475,0.29462367296218872,3.8999999910593033,3.1061038970947266
2028,35.345700025558472,35.43851375579834,-118.64300000667572,-118.28048253059387,3.5000002384185791,0.77036082744598389,5.0000000149011612,4.4682699982076883
489,35.550999999046326,35.620676636695862,-117.38599997758865,-117.39312720298767,4.699999988079071,5.9475669264793396,3.9599999785423279,3.6608147621154785
756,35.707332968711853,35.735548377037048,-117.47533398866653,-117.64208379387856,6.1099997162818909,0.82059681415557861,3.199999988079071,3.0757744610309601
2094,33.902999997138977,33.708933800458908,-116.89999997615814,-116.9974228143692,13.999999947845936,3.7234631180763245,3.2999999821186066,3.0735722780227661
2287,33.376999974250793,33.122320055961609,-116.4190000295639,-116.7659238576889,11.200000047683716,3.6214542388916016,3.0999999940395355,3.1167705059051514
859,32.837666988372803,32.843707799911499,-118.50316697359085,-118.36841759085655,8.4000000357627869,6.593552827835083,4.2999999895691872,3.1774850785732269
2451,33.953000001609325,33.936700470745564,-117,-116.936394572258,17.700000107288361,2.2209835052490234,3,3.0715197622776031
2288,33.232999980449677,33.106827020645142,-116.37800002098083,-116.58015990257263,9.5999997854232788,3.71824711561203,3.4999999701976776,3.1131396889686584
1963,33.695800006389618,33.51549044251442,-119.69270002841949,-119.61362850666046,5.9999996423721313,2.9177623987197876,4.1999999955296516,3.1499043703079224
118,35.934999942779541,35.972494959831238,-117.6956669986248,-117.84755621850491,2.7000001072883606,0.87370008230209351,3.4999999701976776,3.0796970129013062
2023,34.34400001168251,34.162116289138794,-116.91700005531311,-116.97194814682007,5.0999996066093445,1.2934541702270508,3.7999999970197678,3.1576391458511353
281,35.679000973701477,35.847095727920532,-117.51216900348663,-117.56066828966141,1.9100001454353333,0.75749337673187256,3.8300000131130219,3.2027937769889832
2216,34.552999973297119,34.411893665790558,-116.47000002861023,-116.32526695728302,2.9999998211860657,3.6581441760063171,3.6999999582767487,3.1044888496398926
746,35.647999048233032,35.711843490600586,-117.5453340113163,-117.64283972978592,3.7600001692771912,0.32431572675704956,3.4999999701976776,3.0974228382110596
2103,33.186999976634979,32.823340177536011,-116.17200005054474,-116.42964589595795,3.9999997615814209,3.2023912668228149,3,3.1261387467384338
1165,33.958999998867512,33.781856924295425,-116.63170003890991,-116.6517231464386,19.200000017881393,1.9349348545074463,3.5999999642372131,3.0821316540241241
1851,32.983999967575073,32.707934260368347,-116.307000041008,-117.305435359478,4.8999997973442078,0.93299925327301025,3.0999999940395355,3.1692885160446167
2308,35.980999946594238,35.954623460769653,-117.86900000274181,-117.96964067220688,2.9999998211860657,0.56063979864120483,3.199999988079071,3.100473940372467
366,35.634335041046143,35.706154346466064,-117.45133197307587,-117.47447222471237,3.099999725818634,5.0611728429794312,3.0999999940395355,3.0736880600452423
1395,33.304000020027161,33.196441471576691,-116.87899994850159,-116.82106184959412,15.100000002421439,1.0742765665054321,3.2999999821186066,3.089113175868988
555,35.885501980781555,35.833510518074036,-117.71050301194191,-117.60730236768723,2.839999794960022,1.3059613108634949,3.6999999582767487,3.0853151679039001
1674,35.97599995136261,35.982101678848267,-117.32400000095367,-117.49975860118866,1.8999999761581421,0.7072681188583374,3.3999999761581421,3.0696960389614105
1839,34.131999999284744,34.091667577624321,-117.47500002384186,-117.41010826826096,5.6999999284744263,1.910739541053772,3,3.0675200521945953
838,35.725833058357239,35.522967338562012,-117.57183301448822,-117.34378802776337,6.8200001120567322,6.5116891264915466,3.9999999850988388,3.4991998672485352
1322,33.513000011444092,33.295633316040039,-116.47500002384186,-116.62668025493622,11.799999922513962,2.2514194250106812,3.2999999821186066,3.0920630693435669
203,35.638332962989807,35.708666563034058,-117.58533298969269,-117.53378710150719,9.9499998986721039,0.81917166709899902,4.9000000208616257,4.6984311640262604
1741,34,33.874661147594452,-116.85699999332428,-116.79857051372528,14.299999997019768,1.3675564527511597,3,3.0767945051193237
120,35.964499950408936,35.980037569999695,-117.68933299183846,-117.72629153728485,4.4900000095367432,0.72447091341018677,3.2500000298023224,3.0747433304786682
283,35.558997988700867,35.712655782699585,-117.39399701356888,-117.32663607597351,2.0600000023841858,1.2460175156593323,3,3.0724654197692871
575,35.890498995780945,35.324523329734802,-117.72966799139977,-117.55862540006638,2.4799999594688416,4.3276369571685791,3,3.0875392556190491
2487,32.105000019073486,32.224753499031067,-117.12000000476837,-117.01878356933594,5.3000003099441528,1.8443915247917175,3.2999999821186066,3.2171538770198822
1569,32.037899971008301,32.051954865455627,-117.53650000691414,-117.28412985801697,6.3000002503395081,9.1572363674640656,3.4999999701976776,3.075739860534668
275,35.671501040458679,35.828153610229492,-117.49483501911163,-117.60135120153427,1.7299997806549072,0.5230182409286499,3,3.0722139179706573
1711,34.848999977111816,34.664153456687927,-116.682000041008,-116.50693190097809,7.9999999701976776,1.5852195024490356,3.0999999940395355,3.075443297624588
2131,33.268999993801117,33.16138356924057,-117.89500000327826,-117.73676043748856,9.9999998509883881,2.1306887269020081,3.0999999940395355,3.0746363997459412
360,35.682999014854431,35.757475614547729,-117.52417001128197,-117.59308224916458,8.4300000965595245,2.4881887435913086,3,3.0685592293739319
1659,35.417500019073486,35.58987033367157,-117.75890000164509,-117.8224776238203,10.499999821186066,0.22566139698028564,3.7999999970197678,3.6607192754745483
812,35.601333022117615,35.737475395202637,-117.59700000286102,-117.56126803159714,2.8100001811981201,1.3665890693664551,4.5899999979883432,3.9687925726175308
2064,32.080000042915344,32.310357809066772,-116.40199995040894,-116.16972208023071,10.799999982118607,5.9091818332672119,3,3.1290514469146729
629,35.825500965118408,35.912481546401978,-117.67150101065636,-117.58996638655663,6.4199995994567871,4.0004843473434448,3.5400000214576721,3.0869791209697723
1592,33.895599998533726,33.749762922525406,-117.06169998645782,-117.0198170542717,3.4000003337860107,2.4073317646980286,3.4999999701976776,3.5865374207496643
1764,34.136000007390976,34.032733339816332,-117.466000020504,-117.40874236822128,4.6000000834465027,2.7186316251754761,3.3999999761581421,3.0647844672203064
286,35.624668002128601,35.685974359512329,-117.43599700927734,-117.48390793800354,7.1400001645088196,2.3166006803512573,3.5999999642372131,3.0943990051746368
903,35.48816704750061,35.710366368293762,-118.30300000309944,-118.44100016355515,1.9399997591972351,0.22664129734039307,3.0199999809265137,3.1030728220939636
1094,35.464333057403564,35.335567951202393,-119.97333300113678,-119.83342826366425,7.6400001347064972,0.61605870723724365,3.5400000214576721,3.1188533306121826
944,33.976999999955297,33.893204271793365,-117.21549999713898,-117.20025384426117,14.179999977350235,2.0644193887710571,3.199999988079071,3.0789705812931061
423,35.607334017753601,34.4680515229702,-117.44983702898026,-118.01610049419105,10.129999816417694,4.7379863262176514,3.0999999940395355,3.1546831727027893
1865,32.715999960899353,32.435598731040955,-116.0440000295639,-116.20186650753021,2.7000001072883606,1.6878962516784668,3.0999999940395355,3.1845652163028717
1694,33.848000004887581,33.73566934466362,-117.7039999961853,-117.66656488180161,10.100000202655792,2.9355928301811218,3.0999999940395355,3.0680032074451447
1637,33.376999974250793,33.235316693782806,-116.40299999713898,-116.45787191390991,13.399999961256981,1.695997416973114,3.199999988079071,3.0959585309028625
890,33.49966698884964,33.346242308616638,-116.80783295631409,-116.82766604423523,2.5699996948242188,1.0872915387153625,3.0999999940395355,3.0883017182350159
65,35.581500053405762,35.684427976608276,-117.41333299875259,-117.36395472288132,5.5700004100799561,2.2332233190536499,3.5899999737739563,3.0936405658721924
1697,33.472800016403198,33.386314928531647,-116.88779997825623,-116.95998954772949,4.6000000834465027,1.9489914178848267,3.7999999970197678,3.148440957069397
2464,32.605000019073486,32.304113030433655,-116.11500000953674,-116.31198620796204,14.100000020116568,2.8655657172203064,3,3.1517178118228912
916,33.487833023071289,33.289396047592163,-116.80649995803833,-116.8185909986496,2.2800001502037048,0.74778735637664795,3.0999999940395355,3.0968301594257355
1840,32.732200026512146,32.405239701271057,-116.05939996242523,-116.25206780433655,6.5999999642372131,4.021146297454834,4.2999999895691872,3.3500118255615234
230,35.95750105381012,35.949222207069397,-117.28483599424362,-117.35519796609879,4.5100003480911255,2.1876427531242371,3,3.0735427737236023
2113,33.232999980449677,32.815237641334534,-116.39800000190735,-116.40655446052551,5.9999996423721313,0.59206545352935791,3,3.1650680601596832
1220,35.45389997959137,35.615130662918091,-118.35550001263618,-118.48936384916306,10.799999982118607,0.18386185169219971,3.5999999642372131,3.1245760023593903
1222,35.466199994087219,35.65816605091095,-118.52179998159409,-118.70151805877686,3.6000001430511475,0.3560185432434082,3.2999999821186066,3.1039246916770935
945,33.920999996364117,33.677081197500229,-116.32166695594788,-116.45271682739258,8.2500001788139343,2.9523012042045593,3.8700000196695328,3.114779144525528
1360,33.850899994373322,33.764827519655228,-117.78309999406338,-117.74003159999847,5.899999737739563,4.1687840223312378,4.2999999895691872,3.65743088722229
772,35.601166963577271,35.755289316177368,-117.61066699028015,-117.66899320483208,4.7499999403953552,0.47210812568664551,4.0399999916553497,3.6091688275337219
2525,34.86599999666214,34.805312097072601,-116.317999958992,-116.21356403827667,8.8000001013278961,2.7585411071777344,3.4999999701976776,3.0970872044563293
2315,35.991999983787537,35.931363821029663,-117.87399999797344,-117.85794170200825,3.8999998569488525,1.4510241150856018,3,3.0758775472640991
374,35.810500979423523,35.990379452705383,-117.63733699917793,-117.59051051735878,6.6399997472763062,0.99546611309051514,3.0600000321865082,3.09285968542099
2173,35.315000057220459,35.415013074874878,-118.65100002288818,-118.70630061626434,4.1999995708465576,1.264384388923645,3,3.0899204313755035
1575,33.421000003814697,33.424031615257263,-119.14699995517731,-119.05922901630402,11.700000017881393,6.3124018907546997,3.199999988079071,3.06397944688797
2492,35.91100001335144,35.964398860931396,-117.83799999952316,-117.66851210594177,2.9999998211860657,0.55862098932266235,3.199999988079071,3.0891407132148743
297,35.871497988700867,35.968773365020752,-117.72283199429512,-117.7895874530077,6.2699997425079346,0.71764379739761353,3.0999999940395355,3.0740457773208618
598,35.776332974433899,35.890115976333618,-117.59299999475479,-117.6722357571125,9.3999999761581421,0.3980720043182373,3.1399999558925629,3.0791037082672119
2379,34.141000002622604,34.087886698544025,-116.89400005340576,-117.02023673057556,6.2000003457069397,2.569444477558136,3.4999999701976776,3.0768575370311737
99,35.847167015075684,35.942833065986633,-117.67550000548363,-117.74659949541092,4.9800002574920654,1.1659687757492065,3.2999999821186066,3.0745537877082825
874,33.89299999922514,33.745274841785431,-118.08833300322294,-118.11428458243608,12.060000076889992,1.334979236125946,3.1399999558925629,3.0682864487171173
1292,35.962399959564209,35.983917236328125,-117.74300000071526,-117.82329046726227,3.6000001430511475,1.0129031538963318,4.0999999791383743,3.1008933484554291
2043,33.277999997138977,33.199509739875793,-116.18299996852875,-116.6668598651886,1.0999998450279236,1.4043867588043213,3,3.0912579596042633
529,35.562000036239624,35.587990880012512,-117.39450097084045,-117.34310513734818,1.340000331401825,1.4135375618934631,3.7999999970197678,3.1592292487621307
1917,34.421000003814697,34.155641466379166,-119.05999994277954,-119.03015375137329,14.899999997578561,0.53495407104492188,3.0999999940395355,3.0731631517410278
1302,33.625,33.519071638584137,-116.69599997997284,-116.74771583080292,15.599999986588955,2.2101366519927979,3.199999988079071,3.0786757171154022
1356,34.428999990224838,34.20022314786911,-119.10000002384186,-119.23962450027466,14.599999990314245,2.0472836494445801,3,3.073667585849762
636,35.555333018302917,35.549723863601685,-117.52366700768471,-117.45664799213409,5.5799996852874756,2.6460573077201843,5.010000005364418,3.9174225032329559
2227,34.477999985218048,34.787426888942719,-116.29799997806549,-116.70738875865936,5.6000000238418579,6.4051812887191772,4.1999999955296516,3.6351411938667297
185,35.657001972198486,35.747021675109863,-117.48766297101974,-117.5956806242466,-0.27999937534332275,2.0864653587341309,3,3.0684065222740173
2007,34.138600006699562,33.996981377247721,-117.39020001888275,-117.47396326065063,4.1999995708465576,3.08511883020401,4.0999999791383743,3.7283174693584442
1004,33.676167011260986,33.576748132705688,-116.76066696643829,-116.76754808425903,15.919999983161688,2.0084068179130554,3.1800000071525574,3.0763789415359497
1618,34.991999983787537,34.864120543003082,-116.94900000095367,-116.79946577548981,9.0999998152256012,1.1394855380058289,3,3.0731787979602814
2100,34.273200005292892,33.94317052513361,-116.3992999792099,-116.53917574882507,1.7000001668930054,6.3121587038040161,3.4999999701976776,3.0714852511882782
1834,34.717000007629395,34.676625788211823,-116.29700005054474,-116.24288320541382,5.3000003099441528,1.493733823299408,3,3.087931215763092
511,35.730499982833862,35.669928669929504,-117.58233299851418,-117.67287504673004,8.2400000095367432,2.506864070892334,3.4400000274181366,3.0849490463733673
1783,34.231000006198883,33.97872774861753,-116.71000003814697,-116.63810539245605,3.099999725818634,0.91552376747131348,3.0999999940395355,3.0845282077789307
1216,34.255699992179871,34.004544972907752,-116.82000005245209,-116.78590488433838,13.200000040233135,1.0316339135169983,3.7999999970197678,3.1655272543430328
1976,33.572899997234344,33.372185587882996,-116.51919996738434,-116.6805522441864,15.299999993294477,3.4299176931381226,5.2000000029802322,4.5827821120619774
2110,33.389999985694885,33.497644364833832,-118.66500002145767,-118.58189153671265,2.800000011920929,4.8956680297851562,3,3.0475434064865112
607,35.876335024833679,35.912874817848206,-117.73433700203896,-117.60351821780205,4.7700002789497375,0.77056288719177246,3.5899999737739563,3.0783517062664032
1743,35.912999987602234,35.903637051582336,-117,-117.08839237689972,0.50000041723251343,0.76514124870300293,3.0999999940395355,3.0691781938076019
2429,34.912999987602234,34.978755354881287,-116.41100001335144,-116.33202266693115,2.5000002980232239,4.0756130218505859,3.6999999582767487,3.0972519814968109
151,35.752500057220459,35.791113376617432,-117.57749998569489,-117.63426074385643,6.6800004243850708,2.1069413423538208,3.3400000333786011,3.0829354226589203
1607,35.550999999046326,35.724956274032593,-117.28299999237061,-117.30623215436935,3.8999998569488525,0.94828158617019653,3,3.0654476881027222
1932,32.976999998092651,32.746731996536255,-116.31700003147125,-116.46496164798737,12.999999895691872,2.0192348957061768,3.3999999761581421,3.1412435173988342
1956,35.034000039100647,34.960429668426514,-119.00800001621246,-118.82730090618134,11.200000047683716,5.0268423557281494,3.3999999761581421,3.9430311620235443
1938,32.462000012397766,32.158622741699219,-118.18199999630451,-118.29777732491493,11.999999955296516,4.0716129541397095,3.2999999821186066,3.0830239355564117
2307,35.983999967575073,35.917500734329224,-117.86100000143051,-117.85785405337811,1.8999999761581421,0.60824722051620483,3.2999999821186066,3.0834403932094574
23,35.610499978065491,35.725088000297546,-117.58583301305771,-117.75885592401028,6.4899998903274536,0.80161839723587036,3.0600000321865082,3.0738008916378021
158,35.896499991416931,35.939686059951782,-117.71866700053215,-117.831397742033,8.2200001180171967,1.6176241636276245,3,3.0745328664779663
1559,33.269999980926514,32.585293531417847,-116.13699996471405,-116.47340190410614,9.3000000715255737,7.5365602970123291,3,3.0996865332126617
331,35.930667042732239,35.906649947166443,-117.70216700434685,-117.84056617319584,3.0499997735023499,0.48377931118011475,3.0500000417232513,3.1254698038101196
1037,34.130500003695488,33.936860337853432,-117.0460000038147,-117.06044852733612,9.6700000762939453,1.638801097869873,3.4400000274181366,3.0913512110710144
2427,33.960999999195337,33.856738746166229,-116.8289999961853,-116.82499957084656,19.600000083446503,2.5816190242767334,3.0999999940395355,3.0652289092540741
1771,35.937399983406067,35.977449297904968,-117.72220000624657,-117.7226739525795,6.6999998688697815,1.1356231570243835,3.5999999642372131,3.1105440258979797
2040,32.585000038146973,32.479448437690735,-116.16799998283386,-116.13852834701538,1.9999998807907104,1.8334516882896423,3.4999999701976776,3.1735924780368805
2490,35.967000007629395,35.948982238769531,-117.85099999606609,-117.73348632454872,1.8000000715255737,0.59493720531463623,3.0999999940395355,3.0682640075683594
1750,35.485000014305115,35.606166243553162,-118.44569998979568,-118.56154346466064,9.9999998509883881,0.26358962059020996,3.4999999701976776,3.111066609621048
642,35.841999053955078,34.526049911975861,-117.66049998998642,-117.7557602673769,3.6100003123283386,4.686916172504425,3.4600000083446503,3.1521972119808197
1283,34.020600000396371,33.958236917853355,-117.78560000658035,-117.67344826459885,3.7999999523162842,3.6748418211936951,3.7999999970197678,3.0989504456520081
311,35.654167056083679,35.755819201469421,-117.47266399860382,-117.48980885744095,2.9499998688697815,1.9320398569107056,3.2500000298023224,3.0711707174777985
351,35.803001046180725,35.899554014205933,-117.6334989964962,-117.72107112407684,2.6399999856948853,0.77624469995498657,3.3999999761581421,3.0744087696075439
548,35.637001037597656,34.882107138633728,-117.43699699640274,-117.87005564570427,11.13999992609024,5.9979093074798584,3.0600000321865082,3.1813025772571564
2494,35.965999960899353,35.980389952659607,-117.88400000333786,-117.84848560392857,0,2.5951641798019409,3.7999999970197678,3.2036359906196594
1376,33.174199998378754,33.023371636867523,-118.82300001382828,-118.64905226230621,16.899999976158142,1.5017116069793701,3.4999999701976776,3.0713691115379333
2454,34.773999989032745,34.847814440727234,-116.35699999332428,-116.23377656936646,5.6999999284744263,4.045947790145874,4.1999999955296516,3.760167270898819
306,35.683833956718445,35.860543251037598,-117.53099799156189,-117.58090025186539,1.1499997973442078,0.58181315660476685,3.2600000202655792,3.0853646099567413
287,35.906666040420532,35.972783327102661,-117.70833599567413,-117.80987051129341,4.5899999141693115,3.5189259052276611,3.199999988079071,3.0862114727497101
694,35.888332962989807,35.690615892410278,-117.69783300161362,-117.57305681705475,8.9300000667572021,4.591670036315918,4.1999999955296516,3.1067065894603729
1410,33.225600004196167,32.882374048233032,-116.27339994907379,-116.5584192276001,5.3000003099441528,3.2112729549407959,3.8999999910593033,3.154437392950058
630,35.926334023475647,35.916454553604126,-117.72567000985146,-117.52894827723503,8.789999932050705,7.3277172446250916,3.3999999761581421,3.0974936485290527
2067,34.30799999833107,34.214885950088501,-116.932000041008,-116.90708661079407,10.100000202655792,1.796988844871521,3.4999999701976776,3.10625821352005
1869,32.725299954414368,32.490642309188843,-116.03480005264282,-116.28865242004395,12.699999958276749,2.1436724066734314,3.5999999642372131,3.1981224417686462
1301,33.249000012874603,32.927023887634277,-116.00499999523163,-116.18191361427307,1.8000000715255737,2.9564791917800903,3.0999999940395355,3.1162759959697723
1553,34.208000004291534,34.113681711256504,-117.53499999642372,-117.48383569717407,8.5999998450279236,1.5401369333267212,3,3.0728024840354919
1310,33.652700006961823,33.4577556848526,-118.36629998683929,-118.35532665252686,7.3000001907348633,0.905323326587677,3.7999999970197678,3.2012913823127747
888,33.121167004108429,32.737991809844971,-116.0593329668045,-116.20713686943054,3.7000000476837158,2.9980731010437012,3.0399999618530273,3.1046986877918243
1640,33.928000003099442,33.786107197403908,-118.34610000252724,-118.32192420959473,8.9000000059604645,2.7714639902114868,5.0000000149011612,4.5288372561335564
2020,34.748399972915649,34.801051080226898,-116.03069996833801,-116.17679750919342,2.2999995946884155,1.4576223492622375,3.6999999582767487,3.1117317080497742
1420,34.681400001049042,34.630533218383789,-116.28340005874634,-116.20225214958191,7.4000000953674316,1.537146270275116,3.9999999850988388,3.1879554390907288
1518,33.458000004291534,33.224579453468323,-116.47599995136261,-116.59952259063721,12.899999991059303,3.2197433710098267,3.2999999821186066,3.0822826623916626
1456,33.522199988365173,33.391031742095947,-119.09829998016357,-119.02870833873749,16.099999956786633,2.4158576130867004,3.6999999582767487,3.0975115299224854
1189,35.975800037384033,35.96503734588623,-116.09660005569458,-116.32375311851501,5.5000001192092896,1.9125652313232422,3.0999999940395355,3.1393798291683197
13,35.675832986831665,35.804941415786743,-117.52366700768471,-117.53437221050262,9.5100000500679016,0.92054396867752075,3.5099999606609344,3.1650587618350983
1462,35.980000019073486,35.982620000839233,-117.66699999570847,-117.73079493641853,8.1999997794628143,0.76120823621749878,3.199999988079071,3.0650566220283508
1453,34.218999996781349,33.980172635987401,-116.75399994850159,-116.73296213150024,2.9999998211860657,1.001637876033783,3.0999999940395355,3.0849479734897614
514,35.906666994094849,35.664643526077271,-117.68466699123383,-117.77957674860954,1.9399997591972351,1.8069648742675781,3,3.081952840089798
409,35.651165008544922,35.712868213653564,-117.5626679956913,-117.68946993350983,3.6000001430511475,2.4075222015380859,3.0800000131130219,3.0864808559417725
1053,33.267000019550323,32.924937725067139,-116.11466705799103,-116.20622086524963,3.0899995565414429,1.8414509296417236,3.129999965429306,3.1094085574150085
313,35.887665033340454,35.96401846408844,-117.73116299510002,-117.82191933691502,4.5000001788139343,1.3151746988296509,3.2800000011920929,3.0824112296104431
1928,33.611000001430511,33.517327964305878,-117.26999998092651,-117.21758937835693,13.80000002682209,1.4414539933204651,3.2999999821186066,3.0857390463352203
1977,32.527999997138977,32.23751163482666,-117.5789999961853,-117.21505057811737,11.999999955296516,2.6668041944503784,3.199999988079071,3.1144853532314301
1583,34.007000000216067,33.844824135303497,-117.19199997186661,-117.10384798049927,7.8000001609325409,1.5910184383392334,3.0999999940395355,3.0849191844463348
912,34.101667001843452,33.985782795585692,-117.31000000238419,-117.26086747646332,15.889999978244305,1.9268229603767395,3.4300000369548798,3.0812669098377228
1316,35.491000056266785,35.667678833007812,-118.39399999380112,-118.5092026591301,9.3999999761581421,0.23628562688827515,3.0999999940395355,3.099774956703186
382,35.697666049003601,35.643372535705566,-117.48249799013138,-117.69423052668571,3.6199995875358582,1.9007411599159241,3.1899999976158142,3.0750015377998352
1137,35.026100039482117,35.080405116081238,-119.06200003623962,-119.0686868429184,17.899999916553497,1.004524827003479,3.4999999701976776,3.155301421880722
1675,35.978000044822693,35.97341001033783,-117.32200002670288,-117.54849857091904,1.600000262260437,6.2133899331092834,3.199999988079071,3.0645618438720703
1313,33.981000000610948,33.890751473605633,-118.78200000524521,-118.69750100374222,12.999999895691872,1.0232815146446228,3.0999999940395355,3.0799731910228729
1594,33.965999998152256,33.804820775985718,-116.87699997425079,-116.90408027172089,10.799999982118607,1.7224699258804321,3.199999988079071,3.0802785158157349
2271,33.28600001335144,33.263623893260956,-118.68199998140335,-118.56698143482208,5.6000000238418579,0.99471330642700195,3.0999999940395355,3.0542088747024536
1290,35.470800042152405,35.695935368537903,-118.28139999508858,-118.42338934540749,3.7000000476837158,0.18605232238769531,3.0999999940395355,3.1025880575180054
263,35.662498950958252,35.728662252426147,-117.54516598582268,-117.74817469716072,7.9800000786781311,0.64408242702484131,3.1099999845027924,3.0728024840354919
949,34.13816699385643,33.98292819224298,-117.42383301258087,-117.39346492290497,4.0499997138977051,2.4368190765380859,3.0099999904632568,3.0706208646297455
2188,34.805000007152557,34.863305449485779,-116.26999998092651,-116.22039103507996,6.3000002503395081,4.0184175968170166,3,3.0716928541660309
2529,34.861999988555908,34.852875471115112,-116.36000001430511,-116.23969399929047,6.6999998688697815,2.5976675748825073,3,3.0782867968082428
415,35.86316704750061,35.919830203056335,-117.70300298929214,-117.70640707015991,6.990000307559967,0.98990947008132935,3.5400000214576721,3.1017740070819855
2046,33.710999995470047,33.44908881187439,-116.05299997329712,-116.27733111381531,12.899999991059303,2.3206230998039246,3,3.104632705450058
358,35.647498965263367,35.715439796447754,-117.45066797733307,-117.53987610340118,9.8399998247623444,3.116506040096283,3.0500000417232513,3.0726667642593384
1210,35.019899964332581,34.972860872745514,-119.32710003852844,-119.26884174346924,7.8000001609325409,3.3163663744926453,3.2999999821186066,3.0840578377246857
900,33.483500003814697,33.308294177055359,-116.80216705799103,-116.62500286102295,2.0499998331069946,1.9449484348297119,3.6999999582767487,3.0914384722709656
8,35.907166957855225,35.963701963424683,-117.70550000667572,-117.80944465100765,2.9399996995925903,1.7817100882530212,3.0999999940395355,3.0715840458869934
1978,33.498000025749207,33.321444272994995,-116.52300000190735,-116.59401273727417,14.400000013411045,2.6715445518493652,3.0999999940395355,3.0886453092098236
316,35.820332050323486,35.923913478851318,-117.6618350148201,-117.69346609711647,3.8399997353553772,1.158708930015564,3.4500000178813934,3.1097947061061859
304,35.545833945274353,35.66463840007782,-117.40966802835464,-117.50465047359467,2.3099997639656067,2.544424831867218,3,3.0771699249744415
427,35.853667974472046,35.983656883239746,-117.67150101065636,-117.54082354903221,7.7799998223781586,0.45724958181381226,3.0999999940395355,3.108527809381485
105,35.927000045776367,35.935518622398376,-117.69316700100899,-117.79751616716385,4.1300001740455627,1.2583762407302856,3.129999965429306,3.081477016210556
1539,32.258999943733215,32.472204089164734,-116.6360000371933,-116.31642723083496,7.9999999701976776,4.476529061794281,3,3.1544989049434662
121,35.60699999332428,35.701815366744995,-117.60400000214577,-117.70839354395866,3.9899995923042297,0.24052262306213379,3.75,3.2218967378139496
1477,35.080000042915344,35.19506311416626,-118.99889999628067,-118.96531271934509,14.499999973922968,1.4361512660980225,3.199999988079071,3.098661482334137
1602,32.897699952125549,32.735498428344727,-117.87550000101328,-117.95971377566457,2.8999999165534973,6.6205376386642456,3.5999999642372131,3.0490928292274475
889,32.641332983970642,32.261220455169678,-118.04983299970627,-118.08427051454782,5.8399996161460876,9.1190877556800842,3.1500000357627869,3.0519675314426422
1361,33.81530000269413,33.759939506649971,-117.83290000259876,-117.73175469040871,1.2999996542930603,3.4870308637619019,4.0999999791383743,3.6885464787483215
1831,32.692000031471252,32.505043745040894,-116.01139998435974,-116.12775790691376,16.000000052154064,1.8181693553924561,3.2999999821186066,3.1833892464637756
1269,32.678099989891052,32.45377242565155,-118.24819999933243,-118.263203561306,18.200000077486038,2.9444897174835205,3.0999999940395355,3.067980945110321
115,35.645833015441895,35.729966998100281,-117.45300000905991,-117.51920822262764,9.9799999594688416,1.3508981466293335,3.0999999940395355,3.0662796199321747
1457,35.144000053405762,35.023951172828674,-116.86300003528595,-116.6270923614502,2.6000002026557922,0.7609248161315918,3.2999999821186066,3.0819079577922821
744,35.604168057441711,35.679103851318359,-117.59266701340675,-117.69413486123085,1.9700002670288086,0.41492432355880737,3.5400000214576721,3.1224888861179352
1381,33.476000010967255,33.283801436424255,-116.48699998855591,-116.67249631881714,15.500000026077032,2.376258373260498,3.3999999761581421,3.0860635936260223
1608,35.541399955749512,35.572912216186523,-117.25919997692108,-117.26303344964981,9.9999998509883881,1.7187577486038208,5.1000000089406967,3.7932811975479126
2373,34.479000002145767,34.495447993278503,-116.19400000572205,-116.53209710121155,5.6000000238418579,6.6181647777557373,3,3.0502343773841858
969,33.498667001724243,33.319279849529266,-116.80066704750061,-116.89838993549347,5.2900001406669617,1.6493842005729675,3.4799999892711639,3.0837745070457458
1286,33.279399991035461,33.1441570520401,-116.39520001411438,-116.58169829845428,11.999999955296516,1.9413265585899353,3.0999999940395355,3.0901663899421692
672,35.648332953453064,35.659481287002563,-117.46733301877975,-117.60265639424324,4.2099997401237488,3.8290929794311523,3.5999999642372131,3.1408149898052216
2339,34.225999996066093,34.08893159031868,-117.46399998664856,-117.44831639528275,14.799999995157123,3.0978101491928101,3.199999988079071,3.0678528249263763
2453,34.843999981880188,34.794462144374847,-116.33599996566772,-116.25465679168701,4.699999988079071,3.7023335695266724,3.6999999582767487,3.0864957869052887
1692,35.9617999792099,35.98054027557373,-117.33880001306534,-117.38922542333603,9.9999998509883881,5.3877460956573486,4.0999999791383743,3.1452212333679199
309,35.814998984336853,35.880322217941284,-117.59783199429512,-117.70652848482132,7.539999783039093,1.7404085397720337,3.2500000298023224,3.0811467468738556
591,35.916831970214844,35.662139892578125,-117.75316600501537,-117.56929394602776,3.0800002813339233,1.3375961780548096,3.199999988079071,3.0716395676136017
462,35.898334980010986,35.870637774467468,-117.72866800427437,-117.64821010828018,2.6699995994567871,3.0585783720016479,3.4300000369548798,3.0982587039470673
1017,34.026333000510931,33.916608288884163,-118.51933300495148,-118.4772410094738,9.5600000023841858,1.5950176119804382,3.0600000321865082,3.0653487145900726
1000,34.414499998092651,34.321921288967133,-117.6791670024395,-117.7990562915802,3.7799996137619019,0.92904031276702881,3,3.0685945451259613
1714,35.198300004005432,35.126460909843445,-119.41159999370575,-119.28318238258362,13.80000002682209,0.68773895502090454,3.2999999821186066,3.0914208590984344
962,33.74099999666214,33.691022247076035,-117.4911670088768,-117.49655205011368,11.150000095367432,3.3058091998100281,3.9700000137090683,3.5783143043518066
552,35.622833013534546,35.165783524513245,-117.42066699266434,-117.20829755067825,6.7100000381469727,0.8522951602935791,3.3999999761581421,3.1189399659633636
87,35.671833038330078,35.777086734771729,-117.46933299303055,-117.4785224199295,9.179999828338623,0.76502323150634766,3.6999999582767487,3.1016074419021606
690,35.89033305644989,35.700485825538635,-117.73033300042152,-117.19163107872009,6.1500003933906555,5.6749087572097778,4.5,3.1828268766403198
1745,33.425100028514862,33.160762786865234,-116.41480004787445,-116.54972696304321,9.700000137090683,4.137209951877594,4.9000000208616257,3.2208548784255981
2300,35.730999946594238,35.822198748588562,-118.48199999332428,-118.54370671510696,4.8999997973442078,0.17039358615875244,3.199999988079071,3.0938353836536407
2452,34.800000011920929,34.817953586578369,-116.33000004291534,-116.18362212181091,4.6000000834465027,3.9584684371948242,3.0999999940395355,3.0683324038982391
1667,34.303299993276596,34.097823746502399,-116.90670001506805,-116.87487149238586,7.5,1.1729595065116882,3.5999999642372131,3.1266360282897949
2406,34.05799999833107,34.032016508281231,-117.25999999046326,-117.16527819633484,11.200000047683716,2.3254385590553284,3,3.066467821598053
800,35.786700010299683,35.732849597930908,-117.54780000448227,-117.56329998373985,4.9999997019767761,2.6176983118057251,3,3.0758766531944275
2090,33.8175999969244,33.007821798324585,-116.19539999961853,-116.53804230690002,5.6000000238418579,8.0534188449382782,3.3999999761581421,3.0763168931007385
300,35.830165982246399,35.933475971221924,-117.66483300924301,-117.80513016879559,4.2800000309944153,0.6416022777557373,3.0099999904632568,3.0743042528629303
1858,32.802000045776367,32.595833539962769,-117.71500000357628,-117.3290850520134,6.9999995827674866,7.230086624622345,3.0999999940395355,3.0546885430812836
543,35.707667946815491,35.869803667068481,-117.50700399279594,-117.61333119869232,4.4699996709823608,1.2358063459396362,3.0099999904632568,3.1078237295150757
2237,35.422000050544739,35.601253986358643,-116.4539999961853,-116.23146307468414,6.7999997735023499,0.61923354864120483,3.199999988079071,3.1128632426261902
2247,34.250999987125397,34.091599375009537,-118.7940000295639,-118.72502171993256,5.7999998331069946,0.58070987462997437,3.3999999761581421,3.1933078765869141
494,35.60716700553894,35.002027273178101,-117.41750001907349,-117.54275667667389,4.2300000786781311,3.9625346660614014,3.199999988079071,3.1211825609207153
365,35.700332999229431,35.811718821525574,-117.5093309879303,-117.50073143839836,6.849999725818634,1.6436326503753662,3.7100000381469727,3.3031252920627594
2290,34.595000028610229,34.536614060401917,-116.27100002765656,-116.15071678161621,5.6000000238418579,5.2818453311920166,3.0999999940395355,3.0777899622917175
1600,35.973999977111816,35.987768769264221,-117.40499997138977,-117.50800606608391,2.8999999165534973,0.41924357414245605,3.5999999642372131,3.0856890678405762
273,35.929000020027161,35.952237248420715,-117.31133300065994,-117.37878739833832,6.0499995946884155,0.95080375671386719,3.199999988079071,3.07879239320755
788,35.640334963798523,35.719468832015991,-117.59966999292374,-117.70127120614052,9.9199998378753662,1.0064318776130676,3.3999999761581421,3.0911392271518707
71,35.871999979019165,35.945484161376953,-117.58100000023842,-117.72226530313492,8.9499999582767487,0.95835685729980469,3.0600000321865082,3.0687747895717621
2333,34.257999986410141,33.982506215572357,-116.75999999046326,-116.62251234054565,4.0999996662139893,1.9970208406448364,3,3.0648178160190582
1868,32.718000054359436,32.548441648483276,-116.04900002479553,-116.18123841285706,2.8999999165534973,2.5059127807617188,3.3999999761581421,3.1528389751911163
63,33.546332985162735,33.464987516403198,-118.1716669946909,-118.1872006803751,11.709999963641167,1.5353938937187195,3.5300000309944153,3.1014037728309631
394,35.960834980010986,35.967391490936279,-117.27300298213959,-117.24284911155701,2.8700003027915955,7.8649073839187622,3.2700000107288361,3.0831788778305054
1626,32.098000049591064,32.189235210418701,-117.52399998903275,-117.76601223647594,12.100000083446503,4.7011604905128479,3,3.1139335334300995
343,35.64549994468689,35.746816992759705,-117.4541699886322,-117.46654844284058,2.6899999380111694,1.458035409450531,3.199999988079071,3.0880925953388214
1418,32.866199970245361,32.709278345108032,-116.21599996089935,-116.33334600925446,18.799999952316284,1.196860671043396,3.5999999642372131,3.1704075336456299
1801,32.757500052452087,32.605970621109009,-117.36129999160767,-117.04495203495026,8.7000001966953278,6.4772272109985352,3.0999999940395355,3.078884482383728
500,35.631168007850647,35.682487845420837,-117.40716600418091,-117.3844496011734,2.5199997425079346,1.1718660593032837,3.5099999606609344,3.091378927230835
1725,33.913000002503395,33.727480113506317,-117.79000000655651,-117.8073622584343,17.300000041723251,3.6313194036483765,3,3.0593993067741394
1173,34.026799999177456,33.81348779797554,-116.65240001678467,-116.71019792556763,16.299999989569187,1.5261635184288025,3.0999999940395355,3.0825234353542328
677,35.902832984924316,35.01674222946167,-117.73383298516273,-117.56704041361809,7.2699996829032898,5.2792248129844666,4.6000000052154064,3.1694118976593018
2250,34.354000002145767,34.07618236541748,-118.65100002288818,-118.61165285110474,12.999999895691872,1.7042863368988037,3.0999999940395355,3.8995576053857803
1944,35.730999946594238,35.93787670135498,-116.24500000476837,-116.28495824337006,4.400000274181366,1.1001509428024292,3.199999988079071,3.1096246540546417
2130,34.310000002384186,34.132135808467865,-116.85099995136261,-116.70481550693512,5.7999998331069946,3.6670732498168945,3.2999999821186066,3.0608752369880676
1576,33.019900023937225,32.673580527305603,-116.33210003376007,-116.55302560329437,3.1999996304512024,1.9111847877502441,3.9999999850988388,3.1892906427383423
272,35.623332977294922,35.990202069282532,-117.58349999785423,-117.91623272001743,11.059999912977219,0.78302085399627686,3.0999999940395355,3.0854316651821136
1463,33.021399974822998,32.713309049606323,-116.25520002841949,-116.49494540691376,14.599999990314245,2.346653938293457,3.5999999642372131,3.1163181066513062
205,35.698166012763977,35.79814600944519,-117.5256649851799,-117.73600992560387,7.9699999094009399,0.95788031816482544,3.1500000357627869,3.0652648508548737
733,35.69933295249939,35.860459566116333,-117.4830020070076,-117.60237014293671,1.2099999189376831,2.2621598839759827,3,3.0665751099586487
152,35.370833039283752,35.538825273513794,-117.84233300387859,-117.93309864401817,2.8299996256828308,0.30423223972320557,3.2400000393390656,3.0620172321796417
1753,34.832300007343292,34.780955255031586,-116.33630001544952,-116.17968845367432,9.9999998509883881,1.7837083339691162,3,3.324500173330307
557,35.911167025566101,35.971046566963196,-117.73883301019669,-117.80282351374626,5.1400002837181091,1.158357560634613,4.6000000052154064,3.7030914723873138
377,35.891834020614624,35.968722820281982,-117.72316700220108,-117.77040866017342,3.8700002431869507,0.99344730377197266,3.3400000333786011,3.1072794198989868
1461,34.056000001728535,33.968573912978172,-117.85439999401569,-117.78638084232807,13.100000023841858,2.8808051347732544,3,3.0641553997993469
535,35.800835013389587,35.900997519493103,-117.6334989964962,-117.73105597496033,6.550000011920929,0.5991286039352417,3.8999999910593033,3.3364237546920776
1234,33.917700000107288,33.716346323490143,-117.89169999957085,-117.93215487897396,17.899999916553497,3.4058976173400879,3.0999999940395355,3.0677236318588257
1044,32.830000042915344,32.625452995300293,-116.12849998474121,-116.25570583343506,10.36999985575676,2.405281662940979,3.7999999970197678,3.1710682511329651
1973,34.052999999374151,34.248219758272171,-117.02200001478195,-117.94267349690199,16.799999959766865,4.75300133228302,3.4999999701976776,4.0073124915361404
198,35.665832996368408,35.753228425979614,-117.48116302490234,-117.62544175982475,5.85999995470047,0.80643028020858765,3,3.0637644231319427
561,35.606335043907166,35.498224020004272,-117.39983397722244,-117.43490779399872,4.5699995756149292,1.3523885607719421,3.5999999642372131,3.0859972536563873
685,35.72599995136261,34.614189088344574,-117.56133300065994,-117.98851717915386,11.089999973773956,5.2035203576087952,4.0100000202655792,3.4710245132446289
2336,33.973999999463558,33.948591880500317,-117.22600001096725,-117.12355262041092,13.700000010430813,2.2528409957885742,3,3.0697224140167236
590,35.715167999267578,35.795936703681946,-117.56666600704193,-117.56666219234467,6.6200003027915955,4.1617172956466675,3.7999999970197678,3.1323376893997192
519,35.888167977333069,35.45768928527832,-117.73266598582268,-117.61281359195709,5.7600000500679016,1.0695719718933105,3.6999999582767487,3.091744065284729
308,35.775333046913147,35.886792659759521,-117.60116600990295,-117.65803864598274,7.8700000047683716,1.3826411962509155,3.4999999701976776,3.0759675800800323
604,35.874668002128601,35.934213161468506,-117.69883000850677,-117.66160076856613,1.9499999284744263,2.1080374717712402,4.3599999994039536,3.9415232241153717
2183,35.315000057220459,35.312225222587585,-118.65600001811981,-118.76104700565338,2.4000003933906555,0.46781659126281738,3.0999999940395355,3.0987609922885895
931,34.94083297252655,34.771737694740295,-116.66016697883606,-116.41666316986084,9.4400002062320709,1.869032084941864,3.129999965429306,3.0727577805519104
59,35.938832998275757,35.954371809959412,-117.31983298063278,-117.43581718206406,3.1300002336502075,0.84066599607467651,3.2700000107288361,3.077192097902298
583,35.718999981880188,35.687340259552002,-117.6786670088768,-117.58387878537178,3.7000000476837158,0.85882097482681274,3.2999999821186066,3.0885081589221954
911,35.777166962623596,35.935141563415527,-118.24449999630451,-118.36147728562355,8.8699999451637268,0.12012094259262085,3.199999988079071,3.0957241952419281
207,35.944000005722046,35.979240894317627,-117.37999999523163,-117.39447605609894,1.2900003790855408,0.92048943042755127,3.9399999976158142,3.1801373362541199
491,35.863332986831665,35.896225333213806,-117.67283299565315,-117.53785547614098,2.7399998903274536,4.914010763168335,3.2999999821186066,3.5150817632675171
923,33.477167010307312,33.358710587024689,-116.80333304405212,-116.82816696166992,1.8899998068809509,2.2011655569076538,4.4299999997019768,3.753855898976326
785,35.689666986465454,35.756141901016235,-117.48533600568771,-117.64344164729118,7.0800000429153442,0.88652193546295166,3.5600000023841858,3.079588383436203
964,34.816833019256592,34.780487716197968,-116.07333302497864,-116.11346542835236,3.75,1.6396522521972656,4.0999999791383743,3.5517599880695343
2467,34.662000000476837,34.783359229564667,-116.25399994850159,-116.19770288467407,3.3000004291534424,3.8920712471008301,3,3.0761445164680481
792,35.662333011627197,35.605112075805664,-117.52399998903275,-117.38131064176559,1.4900001883506775,1.6277164220809937,4.1599999889731407,3.7183253467082977
831,35.63916802406311,35.832576990127563,-117.61866798996925,-117.53035119175911,7.6100000739097595,2.180321216583252,3.3799999952316284,3.1107024550437927
162,35.623167037963867,35.74650776386261,-117.4748330116272,-117.57150289416313,8.2099999487400055,1.1078935861587524,3.0999999940395355,3.0621192455291748
2136,34.32600000500679,34.024924194440246,-116.86199998855591,-116.86329460144043,1.8999999761581421,8.3705328404903412,3,3.0528990626335144
526,35.860000967979431,35.973342537879944,-117.71083098649979,-117.75045821070671,8.2599999010562897,0.64127504825592041,3.3300000429153442,3.076434463262558
891,34.407667011022568,34.174647241830826,-116.89199995994568,-116.7772536277771,1.5599995851516724,1.1295953392982483,3.4099999666213989,3.0938242077827454
1159,34.025900000706315,33.945115096867085,-117.22060000896454,-117.23154419660568,19.100000113248825,2.0275318622589111,3,3.0734901130199432
256,35.892166018486023,35.959417343139648,-117.70933499932289,-117.87602986395359,7.0199999213218689,0.41963875293731689,3.4600000083446503,3.0856021642684937
506,35.885334014892578,35.732361316680908,-117.73016399145126,-117.61017993092537,4.4600003957748413,5.9765803813934326,3.8999999910593033,3.0933364033699036
2015,32.218600034713745,32.072752833366394,-116.09650003910065,-116.19470918178558,14.299999997019768,4.7015315294265747,3.5999999642372131,3.1564731001853943
2148,34.307000011205673,34.119783543050289,-116.84599995613098,-116.75325870513916,5.0999996066093445,3.5813659429550171,3,3.0573957860469818
2259,34.409999996423721,34.203038647770882,-116.4650000333786,-116.42544066905975,8.7000001966953278,5.1875415444374084,3.3999999761581421,3.0714941918849945
2193,33.530000001192093,33.469710886478424,-116.94000005722046,-116.7811267375946,6.1000004410743713,1.333458423614502,3.0999999940395355,3.0954696536064148
1309,34.857999980449677,34.710224628448486,-119.2389999628067,-119.37259924411774,12.699999958276749,1.4820420742034912,3.199999988079071,3.0808247923851013
1946,32.003999948501587,32.506646156311035,-116.27600002288818,-116.33938348293304,7.9999999701976776,7.4648657441139221,3,3.1365160346031189
1728,33.826900005340576,33.845514461398125,-117.87299999594688,-117.76137581467628,16.19999997317791,4.5962780714035034,5.5000000298023224,5.0305392891168594
20,35.713500022888184,35.811280250549316,-117.56866699457169,-117.70439073443413,8.2599999010562897,1.0381212830543518,3.6999999582767487,3.1162527501583099
1450,33.622999995946884,33.482031941413879,-119.04299998283386,-118.95305758714676,10.700000077486038,5.2515006065368652,3.5999999642372131,3.077141135931015
439,35.686668038368225,35.624165296554565,-117.54149600863457,-117.59067466855049,1.5000003576278687,0.71280956268310547,3,3.0737003087997437
1893,33.249000012874603,32.874591827392578,-116.02799999713898,-116.24996709823608,3.7000000476837158,2.7930298447608948,3.3999999761581421,3.1131790280342102
381,35.628502011299133,35.755645275115967,-117.58216899633408,-117.62791073322296,9.1500002145767212,0.78027427196502686,3.2800000011920929,3.0773239731788635
1952,35.034999966621399,35.176290512084961,-119,-118.98592513799667,11.100000143051147,1.1819162964820862,3.199999988079071,3.1021966338157654
2283,33.923000000417233,33.862700626254082,-117.77400000393391,-117.71806833148003,11.799999922513962,4.3604385852813721,3.0999999940395355,3.0655125081539154
538,35.892501950263977,34.88722687959671,-117.72316700220108,-117.68194779753685,4.3500003218650818,4.8381194472312927,3.4999999701976776,3.1328608989715576
2031,35.600000023841858,35.621313452720642,-117.03500002622604,-116.90642893314362,5.6000000238418579,1.8935957551002502,3.199999988079071,3.0719907581806183
1941,33.997800000011921,33.804112330079079,-116.72370004653931,-116.83225524425507,8.4999999403953552,1.5570804476737976,3.8999999910593033,3.2952496111392975
83,34.012667000293732,33.804580181837082,-116.75183296203613,-116.81377410888672,17.330000102519989,1.7907822132110596,3.199999988079071,3.0785927474498749
2121,35.20799994468689,35.251933336257935,-118.1169999986887,-118.21041649580002,4.9999997019767761,4.4673299789428711,3,3.0643567442893982
1237,33.884499996900558,33.759635031223297,-117.92279999703169,-117.95321781560779,13.499999977648258,4.7155666351318359,5.1000000089406967,4.8317082077264786
1350,34.068000003695488,33.904562331736088,-118.3910000026226,-118.49858379364014,2.4000003933906555,0.29986470937728882,3.2999999821186066,3.072001039981842
883,35.365000009536743,35.528817772865295,-117.87083299458027,-118.00305178528652,2.6500001549720764,0.16597777605056763,3.1700000166893005,3.0637214183807373
1263,33.682099997997284,33.601391077041626,-116.74609994888306,-116.80904638767242,20.799999833106995,2.0931816101074219,3.4999999701976776,3.0858061909675598
2107,34.288800001144409,34.238313496112823,-118.77920001745224,-118.66234856843948,17.899999916553497,1.5322083234786987,3.3999999761581421,3.1843244433403015
1805,33.422699987888336,33.741459727287292,-117.73489999771118,-117.47162139415741,2.8999999165534973,4.1498064994812012,4.8000000044703484,3.970151960849762
886,34.271499991416931,34.131734699010849,-119.58200001716614,-119.63415479660034,0.74000000953674316,0.61326026916503906,3.0999999940395355,3.0655243098735809
270,35.680667996406555,35.795708656311035,-117.51300099492073,-117.52626797556877,5.7300004363059998,3.0531558394432068,3.2999999821186066,3.0682979822158813
1746,34.019999999552965,33.886859752237797,-117.14300000667572,-117.08664721250534,5.899999737739563,1.5993762016296387,3.0999999940395355,3.0822321474552155
1179,35.406100034713745,35.590767860412598,-117.79549999535084,-117.88931013643742,12.899999991059303,0.24124413728713989,3.199999988079071,3.0665679574012756
2445,34.804000020027161,34.705327332019806,-116.13100004196167,-116.06127488613129,1.600000262260437,6.4936226606369019,3.4999999701976776,3.0984084606170654
2295,32.759999990463257,32.271926403045654,-118.32100000977516,-118.44332778453827,26.299999952316284,8.6450126767158508,3.2999999821186066,3.0597289502620697
1650,33.150499999523163,33.00898265838623,-116.52950000762939,-116.88507759571075,15.500000026077032,1.606535017490387,3.3999999761581421,3.1208235919475555
1509,33.881999999284744,33.743331074714661,-116.692999958992,-116.84007453918457,12.899999991059303,3.0155119299888611,3.5999999642372131,3.0767094790935516
1452,33.983999999240041,33.827075660228729,-116.56200003623962,-116.53712964057922,12.499999925494194,1.8655738234519958,3,3.0744101107120514
429,35.807499051094055,35.846879720687866,-117.59366598725319,-117.67612713575363,6.5100002288818359,2.9368972778320312,3.4999999701976776,3.0972016453742981
1213,35.336400032043457,35.568353176116943,-118.55729997158051,-118.6335284113884,16.099999956786633,0.47703176736831665,3.0999999940395355,3.0955570042133331
2224,35.700000047683716,35.86597466468811,-118.08500000089407,-118.29865491390228,2.8999999165534973,0.23648321628570557,3,3.0848292410373688
2235,34.518999993801117,34.340856403112411,-116.29100000858307,-116.1791615486145,5.6000000238418579,6.9078272581100464,3.3999999761581421,3.0760357975959778
458,35.887665033340454,35.812506914138794,-117.69400000572205,-117.67160227894783,2.6199996471405029,1.2304186820983887,3.199999988079071,3.0946477353572845
927,33.930500000715256,33.798233166337013,-116.82383298873901,-116.8139865398407,5.9700000286102295,1.4911669492721558,3,3.0777335464954376
78,35.899166941642761,35.965447902679443,-117.70566698908806,-117.80187292397022,4.9399995803833008,0.83979785442352295,3.4999999701976776,3.1005039811134338
2469,35.031000018119812,35.129337906837463,-118.3459999859333,-118.28202778100967,3.1999996304512024,3.3119827508926392,3.8999999910593033,3.1490641236305237
2124,33.120000004768372,32.751262426376343,-116.10300004482269,-116.39377057552338,10.100000202655792,4.5771753787994385,3.199999988079071,3.1150491535663605
32,33.915500000119209,33.712309062480927,-116.72650003433228,-116.75665831565857,16.13000001758337,1.8009316921234131,3.3600000143051147,3.0785897970199585
906,34.338333010673523,34.258926957845688,-117.72416698932648,-117.74137046933174,5.1900002360343933,2.1180510520935059,3.0999999940395355,3.0623504519462585
1127,34.397199988365173,34.250912666320801,-118.97450000047684,-118.89357757568359,18.299999982118607,1.1859557032585144,3,3.0656946301460266
1027,32.503499984741211,32.487983226776123,-116.97016704082489,-116.76445698738098,12.110000029206276,2.8911486268043518,3.4500000178813934,3.1267628073692322
2274,34.638999998569489,34.587797164916992,-116.23099994659424,-116.16926026344299,3.5000002384185791,6.6520580649375916,3.2999999821186066,3.0719950497150421
380,35.900166034698486,35.958251357078552,-117.67717000842094,-117.57421186566353,3.2499995827674866,0.69986522197723389,3.070000022649765,3.0623429417610168
226,35.958500027656555,35.957279562950134,-117.28250098228455,-117.23854440450668,5.0499996542930603,5.6845933198928833,3.5999999642372131,3.1065286695957184
1776,34.129399999976158,33.950614262372255,-116.98580002784729,-116.95573043823242,6.8999996781349182,1.3928496837615967,3.8999999910593033,3.2845378518104553
1229,33.895400002598763,33.7744330316782,-117.95479999855161,-117.93896327540278,15.599999986588955,2.5688356161117554,3,3.0598094165325165
715,35.891167044639587,34.219674587249756,-117.67550000548363,-118.18130604922771,7.420000433921814,4.9164390563964844,4.0700000077486038,3.9566866010427475
1565,33.964999999850988,33.682285487651825,-118.71299999952316,-118.13947477936745,5.9999996423721313,4.2365929484367371,3.0999999940395355,3.0835166573524475
686,35.893332958221436,34.614252150058746,-117.72383299469948,-117.97737333551049,9.8899997770786285,5.217939019203186,3.7999999970197678,3.5030012726783752
2374,33.631000012159348,33.552809834480286,-116.81200003623962,-116.75519132614136,18.500000014901161,2.815728485584259,3.2999999821186066,3.0762213170528412
1562,33.075299978256226,32.681461215019226,-116.38750004768372,-116.59507977962494,9.2000001668930054,3.8265296816825867,3.5999999642372131,3.1195789575576782
305,35.641499042510986,35.715148091316223,-117.553337007761,-117.67015254497528,7.1199998259544373,1.4427584409713745,3.3799999952316284,3.087876945734024
209,35.945999026298523,35.959486722946167,-117.3756639957428,-117.50879409909248,-0.04999995231628418,2.817327082157135,3.0900000035762787,3.0833344459533691
2444,32.032999992370605,32.099767684936523,-116.2940000295639,-116.28377544879913,2.6000002026557922,6.6129612922668457,3.199999988079071,3.1372006237506866
1723,34.987999975681305,35.079755783081055,-119.68700003623962,-119.4935177564621,15.599999986588955,2.1165060997009277,3.0999999940395355,3.0900532007217407
2518,34.813000023365021,34.801138162612915,-116.3289999961853,-116.21035349369049,9.4999998807907104,3.1405913829803467,3,3.0789725482463837
1106,35.214333057403564,35.165361762046814,-117.28149998188019,-117.32276844978333,3.1700000166893005,1.3978368043899536,4.2499999925494194,3.8625326603651047
1992,32.700000047683716,32.510483264923096,-117.59099999070168,-117.48935514688492,7.9999999701976776,1.3491135835647583,3.0999999940395355,3.0925423800945282
1242,33.963300000876188,33.835751563310623,-118.42410001158714,-118.44898489117622,16.099999956786633,0.65690606832504272,3.199999988079071,3.0802377462387085
1174,35.668599963188171,35.82293701171875,-117.52860000729561,-117.54994776844978,14.400000013411045,1.1436206102371216,3.7999999970197678,3.1061783730983734
1566,33.151000022888184,32.901191473007202,-116.48199999332428,-116.83531165122986,11.499999985098839,5.340079665184021,3.8999999910593033,3.135103851556778
1005,33.891999997198582,33.70604881644249,-116.20383298397064,-116.14813351631165,8.9600001275539398,1.8589729070663452,3,3.085968017578125
1511,33.169000029563904,32.999361038208008,-119.32400000095367,-118.85344451665878,5.9999996423721313,5.7625061273574829,3.0999999940395355,3.0514002442359924
191,35.523499965667725,35.664420008659363,-117.38050001859665,-117.33943122625351,7.8599998354911804,0.82837522029876709,3.0999999940395355,3.0644813776016235
1535,34.316000014543533,34.132859662175179,-116.84700000286102,-116.78709948062897,1.600000262260437,0.97195297479629517,3.3999999761581421,3.0949053168296814
1110,33.837166994810104,33.75593988597393,-117.04783302545547,-116.93774545192719,13.880000039935112,1.2880530953407288,3.0500000417232513,3.0842996835708618
2497,34.639999985694885,34.674508035182953,-116.26800000667572,-116.24736380577087,3.3000004291534424,6.5846586227416992,3,3.0570196509361267
483,35.881999969482422,35.968283176422119,-117.72983598709106,-117.79393130540848,4.5600003004074097,0.31226813793182373,3.4099999666213989,3.0908073484897614
2423,34.441000014543533,34.231119826436043,-116.25399994850159,-116.27048218250275,5.9999996423721313,6.5948545932769775,3.3999999761581421,3.0658445656299591
915,33.482833027839661,33.284844875335693,-116.8026670217514,-116.80494451522827,1.9399997591972351,0.88018298149108887,3.2099999785423279,3.0945655703544617
1506,32.486500024795532,32.291926622390747,-118.09000000357628,-118.513747215271,9.9999998509883881,7.3740711808204651,3.0999999940395355,3.0630482733249664
277,35.554000973701477,35.718654870986938,-117.31066900491714,-117.30398368835449,7.3600003123283386,1.3130298256874084,3.8099999874830246,3.495517373085022
2408,34.225999996066093,34.002415260998532,-116.7849999666214,-116.84952807426453,8.8000001013278961,3.2499861717224121,4.0999999791383743,3.3610241711139679
221,35.944499969482422,35.977770090103149,-117.37733501195908,-117.43727087974548,-0.34999966621398926,0.60996741056442261,3.6999999582767487,3.1645455658435822
1261,35.658699989318848,35.854835867881775,-118.47020000219345,-118.51209461688995,11.700000017881393,0.20452022552490234,3.0999999940395355,3.099961906671524
571,35.87766695022583,35.898298740386963,-117.7248310148716,-117.69057273864746,2.9499998688697815,1.3244131207466125,3.2999999821186066,3.0955053269863129
411,35.662333965301514,35.72937273979187,-117.47016900777817,-117.5650263428688,5.2699998021125793,2.0254111289978027,3.0399999618530273,3.0903322398662567
2404,33.995000000111759,33.815445601940155,-116.71399998664856,-116.73869872093201,13.599999994039536,3.9665025472640991,3.3999999761581421,3.0740537345409393
1398,33.233799993991852,33.25164669752121,-116.105299949646,-116.55127549171448,12.199999988079071,4.2056715488433838,3.3999999761581421,3.1001324951648712
1253,34.221100002527237,34.046930614858866,-119.55159997940063,-119.50647366046906,21.900000125169754,1.2767833471298218,3.0999999940395355,3.0652201473712921
585,35.916668057441711,35.489581823348999,-117.75533300638199,-117.72122639417648,9.0600000321865082,3.2944822311401367,3.5200000405311584,3.0936652421951294
2026,34.829999983310699,34.797972977161407,-118.34999999403954,-118.41633361577988,6.6999998688697815,0.98350971937179565,3.0999999940395355,3.0884968042373657
1266,35.753100037574768,35.774210691452026,-119.83599996566772,-119.57033729553223,4.6000000834465027,3.743450939655304,4.0999999791383743,3.8055565506219864
2535,34.672999978065491,34.555070996284485,-116.33399999141693,-116.15508592128754,6.1000004410743713,4.8764196038246155,3.199999988079071,3.0761294066905975
1613,34.164000004529953,34.017377452924848,-117.42699998617172,-117.42814898490906,5.5000001192092896,1.8628272414207458,3.2999999821186066,3.0795764029026031
674,35.871832966804504,34.602351069450378,-117.70133298635483,-117.92275572568178,6.119999885559082,5.638623833656311,3.5300000309944153,3.1638859212398529
2010,34.116999998688698,34.062631741166115,-117.43999999761581,-117.48354095220566,4.5000001788139343,2.2582206130027771,3.0999999940395355,3.0677477717399597
855,35.406167030334473,35.49941086769104,-118.84500002861023,-118.88959401845932,13.100000023841858,0.4310193657875061,3.4999999701976776,3.1305570602416992
447,35.885666012763977,35.79474139213562,-117.69833400845528,-117.85906575620174,7.0099997520446777,2.0018184185028076,3.1899999976158142,3.0898394286632538
1765,34.091499999165535,34.004816016182303,-117.49349999427795,-117.42290490865707,9.9999998509883881,2.7968886494636536,3.9999999850988388,3.2857359051704407
2460,32.098999977111816,32.153282642364502,-116.39600002765656,-116.25956773757935,2.7000001072883606,5.2079254388809204,3.0999999940395355,3.1584841310977936
222,35.981333017349243,35.977777123451233,-117.38599997758865,-117.43187665939331,-0.44999957084655762,0.6641426682472229,3.6599999964237213,3.1572229564189911
1778,32.389999985694885,32.460714340209961,-116.35699999332428,-116.2537088394165,14.599999990314245,2.6062515377998352,3.199999988079071,3.1627838909626007
2309,35.937000036239624,35.971644043922424,-117.91200000047684,-117.85317970812321,0.99999994039535522,2.8700566291809082,3.6999999582767487,3.1649663150310516
2050,32.416499972343445,32.181698679924011,-117.82179999351501,-117.51079282164574,9.9999998509883881,9.9719654023647308,5.0000000149011612,4.5126443495973945
1606,34.349000006914139,34.135067045688629,-116.8918000459671,-116.86085116863251,9.5999997854232788,1.1522680521011353,3.5999999642372131,3.1427946388721466
1772,32.36300003528595,32.165344715118408,-117.4559999704361,-117.31473457813263,12.299999892711639,7.4737635254859924,3.2999999821186066,3.0731127262115479
45,35.34850001335144,35.528872489929199,-117.86349999904633,-118.01589915156364,3.8899996876716614,0.18462717533111572,3.0600000321865082,3.0621994435787201
2220,33.997999999905005,33.891720540821552,-118.35100001096725,-118.38861027359962,13.299999944865704,0.58329552412033081,3,3.0737996399402618
1665,32.392500042915344,32.219034910202026,-117.65779998898506,-117.71468311548233,4.3000003695487976,9.6176545321941376,3.0999999940395355,3.0605927109718323
961,33.741167008876801,33.648654252290726,-117.48966699838638,-117.49033266305923,10.550000220537186,2.8197294473648071,3.1399999558925629,3.0731063783168793
294,35.872002005577087,35.956152677536011,-117.7131649851799,-117.8053922355175,7.8800001740455627,0.30682414770126343,3.550000011920929,3.0832218825817108
1196,35.518800020217896,35.688284397125244,-116.25769996643066,-116.2222912311554,4.5000001788139343,2.0685642957687378,3.199999988079071,3.1063007712364197
988,33.221832990646362,33.036027610301971,-116.75016701221466,-116.7027473449707,11.53999999165535,1.1861470341682434,3,3.1034141778945923
588,35.80066704750061,35.328314781188965,-117.56600001454353,-117.79851831495762,3.0399996042251587,1.3171049952507019,3.3600000143051147,3.0925485491752625
2081,32.083999991416931,32.947435259819031,-116.3860000371933,-117.34879797697067,5.2000004053115845,2.9941391944885254,3.199999988079071,3.2118494510650635
257,35.572834014892578,35.712513566017151,-117.36150401830673,-117.3465039730072,1.8200004100799561,1.2742432951927185,3.4899999797344208,3.0808287262916565
1344,33.682200014591217,33.585107117891312,-116.80900001525879,-116.86229181289673,16.299999989569187,2.5758183002471924,3.8999999910593033,3.1180248856544495
1900,32.641999959945679,32.580444812774658,-117.33999997377396,-117.12269002199173,7.9999999701976776,6.9844454526901245,3.7999999970197678,3.0752694010734558
926,33.092499017715454,32.338472127914429,-116.5711669921875,-116.48699641227722,2.3900002241134644,2.4641320109367371,3.2099999785423279,3.2099255919456482
2252,34.462000012397766,34.268414974212646,-116.48300004005432,-116.42477238178253,3.8999998569488525,1.3704961538314819,3.0999999940395355,3.1048921644687653
2108,34.395000010728836,34.216067805886269,-118.64999997615814,-118.69803160429001,17.300000041723251,1.1152678728103638,3.199999988079071,3.0952523052692413
436,35.379001975059509,35.709471106529236,-117.65083301067352,-117.4612118601799,-0.86000025272369385,1.7196178436279297,3.0500000417232513,3.0662109553813934
1033,33.239000022411346,32.806464910507202,-116.05350005626678,-116.32473158836365,5.1499995589256287,3.960803747177124,3.6100000441074371,3.1224769949913025
1790,33.564000010490417,33.481534481048584,-118.22699999809265,-118.14008206129074,15.100000002421439,1.7760470509529114,3.0999999940395355,3.0583532452583313
393,35.636500000953674,35.717968821525574,-117.43400001525879,-117.57707259058952,2.7200004458427429,7.0545431971549988,3.070000022649765,3.0739454627037048
425,35.896667957305908,35.972941994667053,-117.72683000564575,-117.75890496373177,3.5799998044967651,0.86859315633773804,3.2199999690055847,3.0753930509090424
534,35.784667015075684,35.961054921150208,-117.60183298587799,-117.70996516942978,4.9999997019767761,1.1973997950553894,3.4400000274181366,3.1098906397819519
30,33.868833005428314,33.653788477182388,-116.19649994373322,-116.17060589790344,8.0900001525878906,2.0914962887763977,3.0999999940395355,3.0857561230659485
1010,34.863833010196686,34.767055690288544,-118.96433299779892,-119.06336140632629,0.18999963998794556,0.22986888885498047,3.4999999701976776,3.1071252822875977
1337,33.73199999332428,33.663639634847641,-118.81599998474121,-118.69214200973511,1.8000000715255737,2.305263876914978,3.199999988079071,3.0728327929973602
2109,32.733999967575073,32.595808982849121,-116.01999998092651,-116.30268096923828,7.9000000655651093,4.7542199492454529,3.199999988079071,3.1406895518302917
1032,34.04016700014472,33.904131583869457,-117.23750001192093,-117.30008107423782,17.710000053048134,2.7024006843566895,3.4899999797344208,3.0911816954612732
2511,34.035999998450279,33.976718412712216,-117.25400000810623,-117.20809984207153,17.199999913573265,2.7101719379425049,3.0999999940395355,3.0680078566074371
1483,34.481299996376038,34.299133241176605,-118.708899974823,-118.81280815601349,17.100000008940697,0.26532232761383057,3.5999999642372131,3.0915463864803314
1307,35.157999992370605,35.142788410186768,-116.83899998664856,-116.82800090312958,1.8000000715255737,0.70187419652938843,3.199999988079071,3.0855023860931396
2063,35.751000046730042,35.954654693603516,-118.0230000000447,-118.07853535562754,5.5000001192092896,0.10545462369918823,3,3.0764623582363129
2243,34.172999992966652,34.203140020370483,-118.81300002336502,-118.79624688625336,18.500000014901161,0.33204406499862671,3.4999999701976776,3.110953688621521
1616,34.163000002503395,33.912541061639786,-119.14100003242493,-119.06898128986359,3.3000004291534424,0.32844096422195435,3.0999999940395355,3.066259503364563
556,35.8125,34.887165427207947,-117.63783299922943,-117.69911730289459,7.7170000970363617,4.2991340160369873,3.1899999976158142,3.1660205125808716
1647,33.864999994635582,33.68882030248642,-117.77670000493526,-117.7621992379427,9.9999998509883881,3.0754923820495605,3.2999999821186066,3.2218494415283203
2024,33.5,33.398708045482635,-116.48300004005432,-116.55503177642822,6.9999995827674866,2.0542895793914795,3.3999999761581421,3.0851767659187317
2260,34.612999975681305,34.522844254970551,-116.27799999713898,-116.11196339130402,5.6000000238418579,6.2836065888404846,3.199999988079071,3.0830568373203278
570,35.798832058906555,35.91721248626709,-117.62750199437141,-117.67675271630287,7.7700001001358032,1.0466551780700684,3.4999999701976776,3.1067759692668915
352,35.602833032608032,35.744089126586914,-117.46933001279831,-117.52888414263725,4.2699998617172241,0.48342883586883545,3.5999999642372131,3.1099642217159271
91,35.960332989692688,35.972762107849121,-117.4001669883728,-117.60332864522934,1.3300001621246338,0.51819294691085815,3.2099999785423279,3.0624974370002747
2134,34.340200006961823,34.226335048675537,-116.17589998245239,-116.11924207210541,3.8999998569488525,11.60668283700943,4.0999999791383743,3.9461687207221985
1073,33.431500017642975,33.208107888698578,-116.44266700744629,-116.68202114105225,12.310000061988831,5.1598334312438965,5.1900000125169754,4.6468364372849464
2414,35.452999949455261,35.908149838447571,-116.52100002765656,-116.43415880203247,9.3000000715255737,0.6044769287109375,3.5999999642372131,3.147146612405777
1951,35.032999992370605,34.506205260753632,-119.00800001621246,-118.73837846517563,13.399999961256981,4.1984349489212036,3.0999999940395355,3.1095605492591858
2111,33.01800000667572,32.746828675270081,-116.02199995517731,-116.42949426174164,2.800000011920929,5.4139083623886108,3.0999999940395355,3.1291860938072205
348,35.580333948135376,35.546012878417969,-117.61216700077057,-117.78582470118999,9.60999995470047,0.36955654621124268,3.2999999821186066,3.0728607773780823
1124,32.144600033760071,32.102949738502502,-117.73719999194145,-117.58103227615356,10.700000077486038,9.8402157425880432,3.4999999701976776,3.0674575567245483
1908,35.929999947547913,35.957274317741394,-117.64300000667572,-117.63268774747849,3.7999999523162842,0.98547577857971191,3,3.0666065812110901
1818,33.696999996900558,33.495847940444946,-116.04200005531311,-116.10035014152527,12.400000020861626,2.3834270238876343,3.2999999821186066,3.1046687364578247
1050,33.99100000038743,33.755548313260078,-116.38966703414917,-116.41536211967468,8.6499997973442078,2.4091503024101257,3.3999999761581421,3.0841725468635559
2409,34.990000009536743,34.894306540489197,-116.84099996089935,-116.5104353427887,3.1999996304512024,1.7656266689300537,3,3.0686816275119781
2395,34.287999987602234,34.101737596094608,-116.83599996566772,-116.79179811477661,5.899999737739563,2.3830068111419678,3,3.0627297163009644
2097,34.252600014209747,34.041039116680622,-118.75220000743866,-118.78996336460114,13.80000002682209,0.27812540531158447,3.5999999642372131,3.0924282073974609
453,35.55649995803833,35.452404379844666,-117.35616701841354,-117.10607945919037,9.2099998891353607,3.8685053586959839,3.3600000143051147,3.0935196876525879
913,33.259167015552521,33.165347039699554,-116.7586669921875,-116.64150881767273,13.519999980926514,1.2743568420410156,3,3.0814746022224426
1950,35.044000029563904,35.083151936531067,-119.01800000667572,-119.05039942264557,10.999999791383743,0.67740976810455322,3.199999988079071,3.0988945662975311
37,34.276167005300522,34.131053745746613,-119.2936669588089,-119.28844833374023,14.560000011697412,1.4361798763275146,3.4199999570846558,3.0774301886558533
974,33.149999976158142,32.851701736450195,-116.48166704177856,-116.53939318656921,11.07000008225441,3.1617030501365662,3,3.0948415696620941
1797,33.733000010251999,33.662742465734482,-117.48400002717972,-117.46348059177399,11.499999985098839,2.835787832736969,3.199999988079071,3.080815315246582
1411,32.786999940872192,32.467817902565002,-116.14100003242493,-116.18868029117584,5.9999996423721313,1.5598207712173462,3.0999999940395355,3.1622298359870911
39,35.748000025749207,35.825224041938782,-117.59266701340675,-117.67188239097595,8.5199998319149017,0.79340636730194092,3.4999999701976776,3.0805223286151886
1731,35.451300024986267,35.629230499267578,-119.12489998340607,-119.02983772754669,17.100000008940697,0.71223825216293335,3.0999999940395355,3.0935074388980865
169,35.597332954406738,35.678328275680542,-117.37150001525879,-117.35952949523926,5.8800002932548523,2.2312214970588684,3.4799999892711639,3.0736833214759827
2045,34.061000000685453,33.920122690498829,-118.85199999809265,-118.80193185806274,13.499999977648258,0.39824455976486206,3.3999999761581421,3.0901124775409698
1116,34.342166990041733,34.157002612948418,-118.46616700291634,-118.57048952579498,3.2900002598762512,0.2324831485748291,3.4799999892711639,3.0843147039413452
1359,33.901000000536442,33.704578131437302,-117.78900000452995,-117.76871360838413,9.4999998807907104,2.9168888926506042,3.3999999761581421,3.0787878334522247
634,35.828335046768188,35.732363104820251,-117.67732998728752,-117.70905289053917,1.5400001406669617,6.336972713470459,3.4500000178813934,3.1127844750881195
1377,33.663100004196167,33.510873705148697,-119.0407999753952,-118.89742648601532,9.9999998509883881,3.736724853515625,3.4999999701976776,3.2564529776573181
579,35.832833051681519,35.936292171478271,-117.67649999260902,-117.71049290895462,3.670000433921814,1.0019266605377197,4.1799999922513962,3.7834073603153229
1584,32.220999956130981,32.154027938842773,-116.57099997997284,-116.55318295955658,5.9999996423721313,1.4852017164230347,3,3.2229556739330292
892,33.481333017349243,33.383798718452454,-116.79900002479553,-116.81387066841125,4.0700000524520874,1.4708000421524048,3.4999999701976776,3.1210161745548248
780,35.677502036094666,35.725574970245361,-117.51483199000359,-117.5495890378952,2.8499999642372131,0.83883851766586304,3.3999999761581421,3.0803588032722473
159,35.682332992553711,35.826674699783325,-117.47200000286102,-117.48618710041046,5.7100000977516174,0.52505761384963989,3.0999999940395355,3.0672289431095123
2075,34.810000002384186,34.765069305896759,-116.30999994277954,-116.33978676795959,2.9999998211860657,3.802451491355896,3.0999999940395355,3.0697888433933258
1558,32.623999953269958,32.246527910232544,-116.14900004863739,-116.18995225429535,2.8999999165534973,2.9763364791870117,3.0999999940395355,3.1486977338790894
61,35.54183304309845,35.648980617523193,-117.45083302259445,-117.51326113939285,5.3400000929832458,0.66518604755401611,3.3999999761581421,3.0670181214809418
849,34.989666998386383,34.931749701499939,-116.45899999141693,-116.32623445987701,1.5699997544288635,1.7361697554588318,3.1500000357627869,3.0837829113006592
1593,33.958000000566244,33.7758809030056,-116.89139997959137,-116.95722258090973,13.900000043213367,2.1047589182853699,3.7999999970197678,3.5225113034248352
2450,34.77700001001358,34.816340446472168,-116.25199997425079,-116.20644581317902,2.6000002026557922,3.9085239171981812,3,3.0706323087215424
1043,33.22333300113678,32.847809433937073,-116.08783304691315,-116.21819877624512,10.999999791383743,3.1954917311668396,3.1500000357627869,3.1198782920837402
1389,35.41349995136261,35.627204895019531,-119.36059999465942,-119.20202612876892,9.4999998807907104,0.78046023845672607,3.3999999761581421,3.1019584536552429
1163,34.822200000286102,34.628487110137939,-116.4206999540329,-116.30388736724854,11.100000143051147,1.5906250476837158,3.4999999701976776,3.0956873595714569
1070,33.443666994571686,34.405017048120499,-116.46599996089935,-118.11773193627596,10.78000009059906,5.1043376326560974,3.199999988079071,3.5215853154659271
53,35.606166958808899,35.735960602760315,-117.41200000047684,-117.44114142656326,4.5100003480911255,0.67663997411727905,3.0999999940395355,3.0641293823719025
2202,34.718999981880188,34.664450109004974,-116.29100000858307,-116.16945374011993,5.6000000238418579,9.0629066526889801,3.2999999821186066,3.0649622976779938
505,35.703999042510986,35.826215028762817,-117.55799901485443,-117.54249039292336,7.0599997043609619,1.6302359104156494,3.9099999815225601,3.7624382525682449
752,35.726832985877991,35.862980127334595,-117.56416299939156,-117.67842581868172,1.5400001406669617,0.40820538997650146,3.1700000166893005,3.0775801241397858
1423,33.726999998092651,33.656876742839813,-119.38900005817413,-119.30667364597321,5.9999996423721313,3.7541994452476501,3,3.0711719691753387
1467,34.321799993515015,34.144293636083603,-116.83749997615814,-116.7466938495636,2.8999999165534973,0.99619925022125244,3.199999988079071,3.0837475061416626
1435,33.631999999284744,33.482713937759399,-118.51499998569489,-118.43857684731483,3.099999725818634,1.2969624996185303,3.2999999821186066,3.0575988292694092
2044,35.227800011634827,35.577257990837097,-119.5081000328064,-119.31522858142853,1.0999998450279236,1.2364804744720459,3.4999999701976776,3.1087252199649811
2077,34.368000000715256,34.059302698820829,-118.62199997901917,-118.64664626121521,12.100000083446503,0.44472366571426392,3,3.0774625539779663
771,35.747002005577087,35.859417080879211,-117.56816899776459,-117.64966249465942,2.4199998378753662,1.99697345495224,3.7200000286102295,3.0919893085956573
2378,34.217999994754791,34.089247837662697,-116.932000041008,-117.02756488323212,6.2000003457069397,2.4717852473258972,3.5999999642372131,3.0705289542675018
2466,34.656000018119812,34.686014235019684,-116.3400000333786,-116.21870183944702,7.8000001609325409,3.8060492277145386,3.2999999821186066,3.0760361552238464
1085,34.521667003631592,34.428089261054993,-119.07483303546906,-119.06987702846527,19.299999922513962,1.5339133143424988,4.1299999952316284,3.2195260226726532
1837,32.687800049781799,32.548480272293091,-116.02960002422333,-116.13973844051361,13.999999947845936,1.9820773601531982,3.2999999821186066,3.1816197037696838
1226,35.651000022888184,35.827190637588501,-118.44560000300407,-118.45215699076653,7.5,1.1960452795028687,3.0999999940395355,3.0988450348377228
2226,35.713000059127808,35.846494197845459,-118.07800000160933,-118.15682199597359,2.8999999165534973,0.56641548871994019,3,3.0879005491733551
1407,34.007000000216067,33.767081201076508,-116.32299995422363,-116.35092902183533,10.200000107288361,2.0898592472076416,3.199999988079071,3.0875269174575806
1784,33.511999994516373,33.214265525341034,-116.46800005435944,-116.84983110427856,4.9999997019767761,1.3084834814071655,3.2999999821186066,3.1052785813808441
2147,34.280600011348724,34.028078448027372,-116.83309996128082,-117.04857987165451,3.7000000476837158,5.8110219240188599,3.4999999701976776,3.0586867332458496
963,34.702499985694885,34.71144825220108,-116.23183298110962,-116.1524224281311,3.0099999904632568,1.2376955151557922,3,3.0893010199069977
1193,32.996999979019165,32.85879921913147,-117.64599999785423,-117.59099406003952,0,7.2760775685310364,3.199999988079071,3.0441412031650543
398,35.595332980155945,35.657416939735413,-117.3759999871254,-117.38075894117355,3.9200001955032349,3.9570906758308411,3.4600000083446503,3.0683070123195648
584,35.703999042510986,35.85160756111145,-117.55616798996925,-117.93743120133877,7.1599996089935303,0.66859781742095947,3,3.1013582646846771
948,34.852500021457672,34.726155161857605,-116.39716696739197,-116.26435244083405,1.1200001835823059,1.3024806976318359,3.2899999916553497,3.0979777872562408
704,35.902500033378601,35.862263202667236,-117.72216698527336,-117.40038138628006,4.7600001096725464,2.4430873990058899,4.3999999947845936,3.1784614026546478
431,35.781833052635193,35.963088035583496,-117.58916699886322,-117.72605407238007,8.5999998450279236,0.37058651447296143,3.0299999713897705,3.0981771647930145
292,35.728999972343445,35.833137989044189,-117.56749698519707,-117.67039921879768,6.2400001287460327,1.681215763092041,3.199999988079071,3.08298459649086
1972,34.0489999987185,34.243832528591156,-117.00700002908707,-118.11843468993902,15.400000009685755,4.721674919128418,3.3999999761581421,3.4714009165763855
1490,33.371100008487701,33.134260714054108,-116.36090004444122,-116.68936991691589,14.299999997019768,3.2524707913398743,3.7999999970197678,3.0933090448379517
1857,34.344999998807907,34.139096051454544,-116.75300002098083,-116.7091953754425,2.6000002026557922,1.0361051559448242,3,3.0847050547599792
2,35.769999980926514,35.88061535358429,-117.59516701102257,-117.66313382983208,7.7799998223781586,0.68168878555297852,3.9300000071525574,3.1221785545349121
576,35.902667045593262,35.673696517944336,-117.72766700387001,-117.58753818273544,5.3000003099441528,2.0017915964126587,3.5999999642372131,3.0904786884784698
1846,32.837000012397766,32.650186777114868,-117.66600000858307,-117.65386947989464,5.9999996423721313,6.7349374294281006,3.0999999940395355,3.0455699265003204
339,35.690834045410156,35.732308387756348,-117.53933000564575,-117.64406901597977,6.629999577999115,1.5119656920433044,3.4500000178813934,3.0695745348930359
1502,34.730000019073486,34.616362571716309,-116.77300000190735,-116.58919858932495,3.9999997615814209,1.8915367126464844,3.0999999940395355,3.0767877101898193
925,34.00366699998267,33.823403000831604,-117.01950001716614,-116.97216713428497,16.030000001192093,1.743779182434082,3.0600000321865082,3.0778047144412994
265,35.900333046913147,35.95948052406311,-117.67316401004791,-117.75443963706493,8.0699998140335083,2.0443153381347656,3.1700000166893005,3.0762577056884766
376,35.860999941825867,35.934499502182007,-117.68399798870087,-117.74540948867798,6.7399996519088745,1.4766132831573486,3.5999999642372131,3.0919094681739807
271,35.624668002128601,35.745877981185913,-117.43016797304153,-117.44297611713409,3.7700003385543823,1.4819374680519104,3.1500000357627869,3.0786093771457672
696,35.893666982650757,34.438167780637741,-117.72166699171066,-117.95112640410662,9.3899998068809509,4.956972599029541,3.550000011920929,3.283372163772583
1670,33.942999999970198,33.844473198056221,-118.783999979496,-118.75588667392731,13.999999947845936,1.5631288290023804,3.0999999940395355,3.0875515043735504
244,35.663334012031555,35.749421834945679,-117.49800097942352,-117.71197292208672,3.3000004291534424,0.86250811815261841,3.0800000131130219,3.0699031054973602
1885,32.128000020980835,32.466314196586609,-116.64900004863739,-116.52500212192535,11.100000143051147,3.7080127000808716,3.199999988079071,3.1280419528484344
476,35.909832954406738,35.975222826004028,-117.73233300447464,-117.72411394119263,4.1499996185302734,4.6369233727455139,4.5,3.3321917653083801
1700,33.539000004529953,33.367044150829315,-116.57799994945526,-116.67770409584045,13.100000023841858,2.5395700335502625,3.0999999940395355,3.0763097405433655
1278,32.915500044822693,32.698138952255249,-116.25969994068146,-116.44386684894562,5.9999996423721313,3.4020888805389404,3.4999999701976776,3.128857433795929
1325,35.82260000705719,35.961012482643127,-116.78910005092621,-116.76701211929321,9.9999998509883881,1.5713363885879517,3.2999999821186066,3.5648179650306702
2398,32.047999978065491,32.051615238189697,-116.42599999904633,-116.85671234130859,5.9999996423721313,6.4245012402534485,3.0999999940395355,3.1411124467849731
1375,35.787299990653992,35.91866135597229,-116.26549994945526,-116.21327364444733,12.800000086426735,1.3282737135887146,3,3.123362123966217
250,35.88633394241333,35.974478960037231,-117.70149999856949,-117.73857635259628,4.9700000882148743,1.2439754605293274,3.2999999821186066,3.0760768353939056
413,35.634498953819275,35.557247042655945,-117.43183100223541,-117.47967833280563,2.8499999642372131,3.6397969722747803,3.0999999940395355,3.0782325267791748
1752,33.410799980163574,33.219383597373962,-116.43649995326996,-116.58607792854309,10.200000107288361,2.991328239440918,3.4999999701976776,3.1717363893985748
1702,35.92929995059967,35.943954348564148,-116.75950002670288,-116.72874844074249,9.9999998509883881,0.85544228553771973,3.199999988079071,3.0800850391387939
310,35.654999017715454,35.709403514862061,-117.52600100636482,-117.63556301593781,9.7599998116493225,0.7210502028465271,3.1899999976158142,3.0668105185031891
893,35.956833004951477,35.980066299438477,-116.73450005054474,-116.86424398422241,-0.34000039100646973,0.73577821254730225,3.5999999642372131,3.0767030417919159
1131,35.870100021362305,35.937494516372681,-117.69049999117851,-117.73172849416733,5.9999996423721313,0.89594721794128418,3,3.0719210207462311
2462,34.579999983310699,34.826671898365021,-116.18099999427795,-116.29913628101349,1.8000000715255737,6.4455270767211914,3,3.078153133392334
15,32.587499976158142,32.201766729354858,-117.92233300209045,-118.04051100462675,28.950000107288361,7.5206758081912994,3.3999999761581421,3.0584256649017334
721,35.891000032424927,34.357629746198654,-117.73649999499321,-118.00727876788005,9.0999998152256012,5.2078074216842651,5.0000000149011612,3.9874956160783768
2221,33.907999999821186,33.82141974568367,-119.57000005245209,-119.39366137981415,14.499999973922968,5.1541793346405029,3,3.0577184557914734
981,33.461833000183105,33.396546125411987,-118.18366700410843,-118.1999549716711,10.700000077486038,1.875840425491333,3.6999999582767487,3.068486362695694
2132,34.34689998626709,34.046374019235373,-116.82550001144409,-116.93948435783386,3.6000001430511475,5.4079878330230713,3.7999999970197678,3.0580008029937744
2032,34.42399999499321,34.333280146121979,-117.68200001120567,-117.77452085912228,7.3000001907348633,0.5199587345123291,3.199999988079071,3.0771622359752655
363,35.873664975166321,35.961048126220703,-117.6623310148716,-117.66125783324242,5.2500003576278687,1.5173050761222839,3.4999999701976776,3.0844771564006805
1436,34.958999991416931,35.002642512321472,-119.08200001716614,-118.96390795707703,3.7000000476837158,1.8118536472320557,3,3.0845536887645721
182,35.664499998092651,35.812649846076965,-117.50400000810623,-117.52226260304451,8.9800000190734863,0.74208855628967285,3.7999999970197678,3.1464433372020721
985,34.040667001157999,33.991676863282919,-117.23883301019669,-117.23334968090057,18.049999997019768,2.2848182916641235,3,3.0604245364665985
1960,33.167999982833862,32.825316548347473,-116.04100000858307,-116.26850986480713,1.2999996542930603,2.6249340176582336,3,3.1399307548999786
1264,33.37610000371933,33.101425647735596,-116.33550000190735,-116.53108358383179,15.80000001937151,2.6769411563873291,3.199999988079071,3.0886039137840271
1632,35.726999998092651,35.794026613235474,-117.62200000882149,-117.66018816828728,10.200000107288361,0.75086385011672974,3.7999999970197678,3.1006697416305542
1121,34.137167006731033,33.920576199889183,-116.85800004005432,-116.8807669878006,11.177000105381012,1.3293787837028503,4.0100000202655792,3.6621364653110504
187,35.978832006454468,35.980014324188232,-117.67166900634766,-117.71304258704185,1.7899999022483826,0.86482644081115723,3.4999999701976776,3.0931171774864197
619,35.923167943954468,35.983601212501526,-117.71666699647903,-117.69553154706955,1.8999999761581421,0.89110136032104492,3.4500000178813934,3.0723533034324646
2278,34.865000009536743,35.151637077331543,-116.40199995040894,-116.71330988407135,4.7999998927116394,1.9013357162475586,3,3.0919197499752045
614,35.899665951728821,34.526292085647583,-117.72683000564575,-118.02636928670108,4.5000001788139343,4.4679540395736694,3.6599999964237213,3.4248690605163574
1547,35.52209997177124,35.726146101951599,-118.37850001454353,-118.53893184661865,4.0999996662139893,0.071362853050231934,3.2999999821186066,3.124923974275589
994,33.993333000224084,33.797270581126213,-116.80116701126099,-116.79522013664246,16.810000017285347,1.9322195649147034,3.0999999940395355,3.0728566646575928
934,34.946667015552521,34.754143059253693,-116.7413330078125,-116.56943571567535,4.4299998879432678,1.7137223482131958,3.3199999630451202,3.0795634388923645
371,35.727664947509766,35.831134557723999,-117.6086660027504,-117.61948502063751,5.9200000762939453,1.5647551417350769,3.4999999701976776,3.0841069221496582
1380,34.95440000295639,34.992144703865051,-118.57150000333786,-118.70123267173767,10.60000017285347,0.32764524221420288,3.5999999642372131,3.1107510924339294
593,35.876834988594055,35.400673866271973,-117.69066599011421,-117.61205199360847,6.8300002813339233,1.3125014305114746,3.5999999642372131,3.0830530822277069
726,35.769500017166138,35.974201679229736,-117.59933298826218,-117.5145083963871,7.9999999701976776,3.8706779479980469,7.1000000238418579,5.1927835196256638
2508,34.307000011205673,34.048982068896294,-116.75800001621246,-116.91959118843079,2.1999996900558472,4.0444788336753845,3.5999999642372131,3.0691476166248322
687,35.623999953269958,35.711549401283264,-117.48616701364517,-117.58121171593666,10.990000069141388,4.0930768847465515,4.2999999895691872,3.1957061290740967
1713,33.962999999523163,33.80366250872612,-117.78900000452995,-117.77310667932034,15.599999986588955,3.3049875497817993,3.0999999940395355,3.0737751424312592
136,35.601166009902954,35.690093636512756,-117.40499901771545,-117.46752464771271,6.3600003719329834,0.95765143632888794,3,3.0634787678718567
628,35.661334991455078,35.393850803375244,-117.4836660027504,-117.52324095368385,4.1699999570846558,5.2397096157073975,3.4799999892711639,3.949284240603447
334,35.673167943954468,35.830099582672119,-117.52083599567413,-117.47183382511139,6.9999995827674866,0.79158693552017212,3.0999999940395355,3.1117505729198456
2281,33.50900000333786,33.198042929172516,-116.51300001144409,-116.54923593997955,15.100000002421439,3.5134667158126831,3,3.0943125486373901
1855,33.745599985122681,33.448417484760284,-116.09280002117157,-116.2633810043335,10.499999821186066,2.6315027475357056,3,3.0916461646556854
1109,33.625499993562698,33.613479316234589,-117.9023329988122,-117.84869821369648,9.4699998199939728,4.1919779777526855,3.3600000143051147,3.064910888671875
1901,33.520999997854233,33.34445983171463,-116.58500003814697,-116.69407427310944,12.100000083446503,2.4349683523178101,3.199999988079071,3.0883027911186218
1842,34.054999999701977,34.060835603624582,-118.06449999660254,-118.05014324188232,9.9999998509883881,1.5398052334785461,3.3999999761581421,3.0889178216457367
710,35.887500047683716,34.866671919822693,-117.64950001239777,-117.67804229259491,10.860000103712082,6.1636483669281006,4.2999999895691872,3.6515640020370483
1039,33.068333029747009,32.707383871078491,-116.06449997425079,-116.27020168304443,13.729999959468842,2.6289135217666626,3.0299999713897705,3.1296254396438599
1349,34.065999999642372,33.893954917788506,-118.39800000190735,-118.46999913454056,1.5000003576278687,0.40003985166549683,3.4999999701976776,3.0805919766426086
1491,32.99179995059967,32.746423602104187,-116.45089995861053,-116.5321786403656,13.499999977648258,3.587319552898407,3.6999999582767487,3.1112981736660004
2331,35.985000014305115,35.953782558441162,-117.89599999785423,-117.88644745200872,2.7000001072883606,3.4334886074066162,3.6999999582767487,3.8333632797002792
1112,34.072167001664639,33.848681226372719,-116.6710000038147,-116.65826034545898,10.460000038146973,1.2188208103179932,3.3199999630451202,3.0875706374645233
465,35.877334952354431,35.965834617614746,-117.70833599567413,-117.81711998581886,5.9099999070167542,0.4884713888168335,3.75,3.1584982573986053
1403,33.716899991035461,33.464188694953918,-116.04069995880127,-116.18628942966461,5.4000002145767212,2.0592606067657471,3.4999999701976776,3.0988427102565765
2512,33.953000001609325,33.953548911958933,-117.28100001811981,-117.26573866605759,20.600000023841858,2.8600859642028809,3.2999999821186066,3.3651359081268311
1911,32.827000021934509,32.493607521057129,-118.34200000762939,-118.44971489906311,3.1999996304512024,5.3701543807983398,3.0999999940395355,3.0566987693309784
1104,34.187666997313499,34.062143102288246,-117.40799999237061,-117.43291240930557,8.4900002181529999,2.7894017100334167,3.7699999809265137,3.195227712392807
2000,34.423000007867813,34.18034765124321,-118.66799998283386,-118.72208368778229,14.400000013411045,0.58451950550079346,3.5999999642372131,3.0918003916740417
338,35.827000021934509,35.916575074195862,-117.64433300495148,-117.70032715797424,6.9599997997283936,1.2492737174034119,3,3.0747885704040527
1691,35.968700051307678,35.981957674026489,-117.37239998579025,-117.3788810968399,9.9999998509883881,1.0605686902999878,3.9999999850988388,3.1455618739128113
2119,34.305000007152557,33.87955217063427,-116.83500003814697,-117.01852244138718,7.3000001907348633,2.4883845448493958,3.199999988079071,3.087262898683548
1560,32.840999960899353,32.058841824531555,-116.26300001144409,-116.28728663921356,6.5000000596046448,6.2921351194381714,3.0999999940395355,3.1952290534973145
1207,35.824699997901917,35.694416284561157,-119.81780004501343,-119.4655305147171,14.400000013411045,5.7268112897872925,3.199999988079071,3.088448166847229
2126,33.014999985694885,33.174813032150269,-118.92799997329712,-118.84312510490417,5.9999996423721313,3.3275860548019409,3.2999999821186066,3.0557470321655273
816,35.66466498374939,35.650924801826477,-117.52616900205612,-117.56198197603226,1.1999997496604919,4.0523439645767212,3.0999999940395355,3.0763498842716217
1067,33.459333002567291,33.225594103336334,-116.42433297634125,-116.62574481964111,11.200000047683716,3.254358172416687,3.4999999701976776,3.0797179341316223
274,35.931331992149353,35.979464173316956,-117.7333300113678,-117.83779133856297,7.7099999785423279,0.92787265777587891,3.199999988079071,3.0892265439033508
1755,33.788000002503395,33.546220362186432,-116.10899996757507,-116.08247327804565,0.50000041723251343,2.0999103784561157,3.199999988079071,3.0819023251533508
865,33.819499999284744,33.722236692905426,-119.3038330078125,-119.30377268791199,5.8899995684623718,2.3034095764160156,3.0299999713897705,3.0724974274635315
101,35.782999992370605,35.933676600456238,-117.61599999666214,-117.74734038114548,7.6700001955032349,0.45946866273880005,3.5999999642372131,3.096142441034317
1590,32.063300013542175,32.050878047943115,-117.46619999408722,-117.24444895982742,9.9999998509883881,11.029691845178604,4.3999999947845936,4.1400097534060478
107,35.68433403968811,35.788424253463745,-117.5453340113163,-117.62670624256134,3.3099997043609619,0.76696783304214478,3,3.0677196979522705
2530,34.301999986171722,34.064057976007462,-116.74199998378754,-116.80100321769714,4.0999996662139893,2.6126629114151001,3.3999999761581421,3.0636763572692871
1530,32.054000020027161,33.029814422130585,-116.28100001811981,-117.70732739567757,16.099999956786633,2.4899366497993469,3.199999988079071,3.1541360914707184
1405,34.3716000020504,34.272944927215576,-119.8043999671936,-119.77902746200562,18.200000077486038,0.79987764358520508,3,3.0648069083690643
1259,34.143299996852875,33.992338985204697,-117.4472000002861,-117.40309512615204,10.700000077486038,2.8843224048614502,4.2999999895691872,3.7701091915369034
1412,35.178799986839294,35.321508884429932,-119.37450003623962,-119.42864668369293,4.6000000834465027,1.3906583189964294,3,3.0837371349334717
1769,33.341000020503998,33.188697040081024,-116.39999997615814,-116.38874614238739,13.299999944865704,1.5197986364364624,3,3.0991639494895935
1255,35.313699960708618,35.499563455581665,-118.49380001425743,-118.60152149200439,13.700000010430813,0.31248539686203003,3.3999999761581421,3.110919713973999
1546,32.034999966621399,32.34537398815155,-116.34700000286102,-116.80091643333435,13.499999977648258,6.5275722742080688,3.4999999701976776,3.135531485080719
712,35.83316695690155,34.537458062171936,-117.64516699314117,-117.86045700311661,8.099999874830246,5.0874459743499756,4.1999999955296516,3.6214837431907654
72,35.597167015075684,35.73188316822052,-117.42433297634125,-117.41585665941238,5.4199996590614319,0.74366658926010132,3.4699999988079071,3.0857225954532623
2053,34.888000011444092,34.653069734573364,-119.08700001239777,-119.21689462661743,5.0999996066093445,1.2912315130233765,3,3.0841676294803619
2501,33.82600000500679,33.741221606731415,-117.70899999141693,-117.68235936760902,3.5000002384185791,3.9034008979797363,3.0999999940395355,3.0699062347412109
481,35.747501015663147,35.89612340927124,-117.5709989964962,-117.77678270637989,3.9899995923042297,0.88615179061889648,3.129999965429306,3.1050193905830383
1718,34.372000008821487,34.262436211109161,-117.66499999165535,-117.74378049373627,7.2000002861022949,0.83258986473083496,3.0999999940395355,3.0776346623897552
1465,32.705000042915344,32.363449573516846,-116.00300002098083,-116.28050649166107,3.9999997615814209,3.8447946310043335,3.0999999940395355,3.1362387835979462
1171,35.015300035476685,34.905968487262726,-116.50520002841949,-116.34132838249207,15.700000002980232,1.9483351707458496,3,3.0996344983577728
2527,34.321000009775162,34.131003379821777,-116.76800000667572,-116.64544749259949,3.7000000476837158,3.3590948581695557,3,3.0580158233642578
1480,33.200100004673004,33.001735925674438,-116.74039995670319,-116.72816491127014,13.200000040233135,1.3573113083839417,3.0999999940395355,3.087828665971756
405,35.880332946777344,35.974588990211487,-117.70833599567413,-117.77400466799736,4.0499997138977051,0.65018177032470703,3.199999988079071,3.0786099135875702
757,35.698333978652954,35.851685762405396,-117.48116302490234,-117.50654676556587,1.2599998712539673,1.9719189405441284,3.3999999761581421,3.1078168451786041
1406,33.209100008010864,33.191691279411316,-119.41589999198914,-119.33815324306488,15,0.19136130809783936,3.7999999970197678,3.1225105226039886
1672,35.980000019073486,35.970511078834534,-117.31400001049042,-117.44927817583084,3.099999725818634,0.99734723567962646,3.199999988079071,3.0744233429431915
2234,34.521000027656555,34.404328882694244,-116.29299998283386,-116.14108800888062,5.6000000238418579,7.0933037996292114,3.0999999940395355,3.0737055838108063
1912,34.289000004529953,34.075136378407478,-116.8289999961853,-116.81788969039917,5.6999999284744263,1.1278402805328369,3.4999999701976776,3.1138492226600647
743,35.760332942008972,35.897776246070862,-117.57499998807907,-117.41320437192917,6.9499996304512024,1.2169522047042847,5.4000000357627869,4.8692207336425781
806,35.727664947509766,35.664152860641479,-117.56416299939156,-117.60418486595154,1.6199997067451477,0.97950339317321777,3.2999999821186066,3.1518244743347168
2341,35.799000024795532,35.864118814468384,-118.04500000178814,-118.04195921123028,9.8000000417232513,0.30720949172973633,3,3.0708518922328949
1813,34.270000010728836,34.11153057962656,-118.52100002765656,-118.58353120088577,14.599999990314245,0.24534612894058228,3.199999988079071,3.0873200297355652
1954,35.039000034332275,35.054607391357422,-119.01800000667572,-118.89585310220718,11.200000047683716,3.5171914100646973,3.3999999761581421,3.1581605672836304
2391,34.178000003099442,34.045317891985178,-118.48699998855591,-118.47588434815407,12.800000086426735,0.94611972570419312,3.5999999642372131,3.3649944663047791
148,35.913666963577271,35.95851719379425,-117.4365000128746,-117.64018374681473,0.9799996018409729,0.89830935001373291,3.1199999749660492,3.0685274004936218
2507,33.812999993562698,33.689965635538101,-117.71200001239777,-117.70066711306572,11.100000143051147,3.8066723942756653,3.0999999940395355,3.0738489925861359
1580,34.012000000104308,33.927170239388943,-117.18800002336502,-117.12243127822876,7.3000001907348633,1.9879075884819031,3.199999988079071,3.0715433657169342
692,35.898167014122009,35.758301734924316,-117.72633299231529,-117.49901801347733,10.819999873638153,6.6706216335296631,3.6100000441074371,3.1644475758075714
818,35.723332047462463,35.915974736213684,-117.54033699631691,-117.55272024869919,1.2200000882148743,1.7299506068229675,3,3.0765226185321808
1812,32.473999977111816,32.314000606536865,-119.26699995994568,-119.14807200431824,17.000000104308128,9.5226851105690002,3.0999999940395355,3.0677442848682404
1488,35.944200038909912,35.969514846801758,-117.65810000896454,-117.84515497088432,6.2000003457069397,1.9460731744766235,3.2999999821186066,3.0847272276878357
2251,34.540000021457672,34.331298172473907,-118.97100001573563,-119.00515878200531,24.200000166893005,0.9868919849395752,3.2999999821186066,3.0840524733066559
701,35.732499957084656,34.736015558242798,-117.5088329911232,-117.79955095052719,7.0300000905990601,4.8788630962371826,4.0700000077486038,3.3621422946453094
2242,34.361999988555908,34.229144796729088,-118.66100001335144,-118.72069489955902,12.299999892711639,1.1123353242874146,3,3.0993139743804932
921,32.397498965263367,32.234589099884033,-117.76049800217152,-118.43943232297897,29.839999973773956,10.004405826330185,3.129999965429306,3.0586084127426147
905,33.489832997322083,33.346920073032379,-116.8038330078125,-116.810546875,2.839999794960022,1.0491219162940979,3.2999999821186066,3.0954983532428741
454,35.648833990097046,35.748427987098694,-117.4544979929924,-117.57660418748856,2.9899996519088745,0.96719741821289062,3.5300000309944153,3.115763247013092
1532,33.375299990177155,33.07746958732605,-116.42589998245239,-116.58385276794434,13.499999977648258,5.933399498462677,4.3999999947845936,4.0823866277933121
1849,34.214000001549721,34.02188859693706,-117.50799998641014,-117.46988677978516,5.9999996423721313,1.4947324991226196,3.2999999821186066,3.0779160261154175
1918,34.340000003576279,34.12340634316206,-116.86099994182587,-116.80997490882874,5.5000001192092896,1.0641932487487793,3.199999988079071,3.0913248360157013
167,35.988999962806702,35.981035590171814,-117.41100001335144,-117.56785255670547,0.8899998664855957,0.68428337574005127,3.4999999701976776,3.0727474093437195
730,35.775002002716064,35.92958652973175,-117.60067000985146,-117.72150537371635,2.3800000548362732,0.8156391978263855,3,3.0745282173156738
1628,34.239099994301796,34.066465862095356,-117.37529999017715,-117.39040666818619,10.700000077486038,2.4112200736999512,3.4999999701976776,3.1575233638286591
26,35.681332945823669,35.801129817962646,-117.51533299684525,-117.53822216391563,8.8899998366832733,0.81055372953414917,3.3400000333786011,3.0720076560974121
1387,33.304000020027161,33.100193440914154,-116.40380001068115,-116.6326961517334,5.899999737739563,2.3265060782432556,3.3999999761581421,3.0948997735977173
2305,35.983999967575073,35.958876132965088,-117.87699999660254,-117.9260314181447,3.9999997615814209,0.35153478384017944,3,3.0771728754043579
997,35.622499942779541,35.766961932182312,-118.1494999974966,-118.24650672078133,9.0600000321865082,0.21545290946960449,3.4699999988079071,3.1337021291255951
1176,34.693499982357025,34.650999248027802,-116.24349999427795,-116.18056166172028,4.400000274181366,1.2649181485176086,3,3.0878930389881134
1040,34.151333004236221,33.897159203886986,-116.7071670293808,-116.74305021762848,10.919999778270721,1.4487862586975098,3.8999999910593033,3.3317825496196747
1673,35.99399995803833,35.976873636245728,-117.30900001525879,-117.50577262043953,3.4000003337860107,0.55645287036895752,3.199999988079071,3.0768319666385651
2540,34.308999985456467,33.898510999977589,-116.0809999704361,-116.12241649627686,1.600000262260437,8.2413205504417419,3.199999988079071,3.1087072491645813
1945,32.567000031471252,32.301279664039612,-118.11900000274181,-118.20834577083588,9.9999998509883881,9.1441664099693298,3.4999999701976776,3.0571528673171997
41,35.633499979972839,35.756657958030701,-117.43683302402496,-117.49707096815109,5.1199999451637268,0.98290622234344482,3.2999999821186066,3.0747589766979218
1971,33.495000004768372,33.276345133781433,-116.52999997138977,-116.66033554077148,12.800000086426735,3.4326803684234619,3.2999999821186066,3.0906970202922821
2416,35.621000051498413,35.893824338912964,-119.56099998950958,-119.11005532741547,5.9999996423721313,9.6159566938877106,3,3.0822530686855316
2365,34.651000022888184,34.544145345687866,-116.28799998760223,-116.10011994838715,12.400000020861626,7.4637150764465332,3.199999988079071,3.0847533345222473
1419,34.684400022029877,34.612026333808899,-116.27610003948212,-116.1977105140686,7.1000003814697266,1.4217817783355713,3.4999999701976776,3.1058865487575531
1295,32.858199954032898,32.670395135879517,-116.20099997520447,-116.52303862571716,12.899999991059303,4.1278356313705444,3.7999999970197678,3.1985259354114532
609,35.903499960899353,35.956415176391602,-117.72683000564575,-117.70283633470535,3.6399999260902405,1.412709653377533,3.550000011920929,3.0974619090557098
1132,35.866999983787537,35.951718807220459,-117.6899000108242,-117.74054452776909,10.700000077486038,0.90446412563323975,3.0999999940395355,3.0712672770023346
28,35.64549994468689,35.72893762588501,-117.47699999809265,-117.62621980905533,8.6100000143051147,0.9270814061164856,3.129999965429306,3.0646126270294189
441,35.892665982246399,35.97120213508606,-117.71466800570488,-117.8699656277895,1.7000001668930054,0.71811765432357788,3.0299999713897705,3.0848880708217621
2178,35.322999954223633,35.471728086471558,-118.6690000295639,-118.72104859352112,2.1999996900558472,0.61050385236740112,3,3.0942963659763336
1629,33.632999986410141,33.529728382825851,-116.71899998188019,-116.83291459083557,13.999999947845936,2.5489738583564758,3.4999999701976776,3.0822069346904755
493,35.702998995780945,35.826992630958557,-117.50766798853874,-117.66520383954048,2.4300000071525574,0.60591369867324829,3.3999999761581421,3.0869078636169434
1258,33.820099994540215,33.720919907093048,-117.68560001254082,-117.65150335431099,18.700000047683716,3.4893161058425903,3.7999999970197678,3.0861474573612213
1939,32.567899942398071,32.159763097763062,-118.07959999889135,-118.24660168588161,11.999999955296516,4.908917248249054,3.9999999850988388,3.4081354737281799
236,35.670665979385376,35.751265048980713,-117.51300099492073,-117.64136323332787,7.420000433921814,0.79301923513412476,3.199999988079071,3.0613462328910828
551,35.902331948280334,35.93558406829834,-117.70883199572563,-117.65095940232277,7.590000182390213,4.0555894374847412,3.0600000321865082,3.0975185036659241
520,35.882500052452087,35.955941677093506,-117.74349999427795,-117.64501488208771,3.6000001430511475,0.53729385137557983,4.0999999791383743,3.1050481796264648
1716,32.720800042152405,32.37578284740448,-116.0320999622345,-116.30110573768616,12.100000083446503,1.1973345279693604,3.4999999701976776,3.1761335134506226
1232,33.942099999636412,33.796270981431007,-117.89029999822378,-117.84897983074188,16.400000005960464,4.3057850003242493,4.3999999947845936,3.781052827835083
1138,33.816300004720688,33.685805141925812,-116.97790002822876,-117.0434564948082,19.100000113248825,2.111472487449646,3.3999999761581421,3.124186635017395
720,35.860999941825867,34.383978605270386,-117.67783299088478,-118.04635740816593,6.8200001120567322,5.155351459980011,4.8000000044703484,4.2852750420570374
1965,34.843999981880188,34.840540289878845,-116.32000005245209,-116.32488942146301,2.6000002026557922,4.2586970329284668,3.7999999970197678,3.1345250308513641
2239,32.093999981880188,32.141363620758057,-117.91099999845028,-117.1348996758461,6.9999995827674866,9.2210286855697632,3.199999988079071,3.0927530229091644
58,35.830000042915344,35.943875670433044,-117.65916699171066,-117.70864748954773,2.8999999165534973,1.0648369789123535,3.2299999594688416,3.0714987516403198
631,35.584833025932312,35.433513879776001,-117.61449998617172,-117.5257425904274,9.6299998462200165,6.1966860294342041,4.8000000044703484,4.0857987105846405
1181,34.502900004386902,34.39797979593277,-118.78490000963211,-118.95348471403122,17.700000107288361,0.095574259757995605,3.6999999582767487,3.1117255389690399
2304,36,35.980198979377747,-117.8289999961853,-118.11760231852531,1.7000001668930054,1.9942161440849304,3.6999999582767487,3.1222371160984039
592,35.880666971206665,35.170034170150757,-117.71616700291634,-117.78953714668751,2.8999999165534973,0.48854023218154907,3.070000022649765,3.0974678993225098
2206,35.889000058174133,35.97136390209198,-117.2960000038147,-116.78610706329346,3.5000002384185791,6.6452318429946899,3.4999999701976776,3.1537733674049377
939,34.016000000759959,33.862737566232681,-116.77983295917511,-116.87407064437866,12.89000004529953,2.011304497718811,4.4899999997578561,4.263892337679863
2359,35.98199999332428,35.981809735298157,-117.81700000166893,-117.81003572046757,3.6000001430511475,2.0579802989959717,4.0999999791383743,3.1039634048938751
1249,32.953999996185303,32.461585998535156,-116.54799997806549,-117.19644910097122,9.9999998509883881,3.9988464117050171,3.199999988079071,3.1384832561016083
904,33.796333000063896,33.67814439535141,-116.96733295917511,-116.87962102890015,14.140000026673079,1.5310075879096985,3.0999999940395355,3.0762662887573242
1279,32.922099947929382,32.675243854522705,-116.24849998950958,-116.41227579116821,3.8999998569488525,3.1331312656402588,3.199999988079071,3.1313492953777313
2004,34.158000007271767,34.032611407339573,-117.42500001192093,-117.37727761268616,10.399999916553497,2.3644477128982544,3.199999988079071,3.0653294026851654
2438,34.712999999523163,34.711813688278198,-116.27499997615814,-116.11573576927185,2.0999997854232788,4.1964447498321533,3.0999999940395355,3.0857111513614655
1591,32.990000009536743,32.667371273040771,-116.36099994182587,-116.44796538352966,5.2000004053115845,2.5813776254653931,3.199999988079071,3.1201057434082031
1468,33.17960000038147,33.023818850517273,-116.73689997196198,-116.8366870880127,8.4999999403953552,2.5167077779769897,3.6999999582767487,3.0984951853752136
1914,34.023000000044703,33.915848635137081,-117.55700001120567,-117.52638617157936,10.700000077486038,3.8076585531234741,3.3999999761581421,3.0763532817363739
2522,35.715999960899353,35.862013816833496,-117.96900000050664,-117.90855696797371,8.1999997794628143,0.79354226589202881,3.5999999642372131,3.1084748804569244
706,35.841166973114014,34.414519250392914,-117.65983301401138,-117.8233315050602,11.450000032782555,5.0743317604064941,4.0899999886751175,3.4119223952293396
1022,34.247832998633385,34.033340003341436,-116.83616697788239,-116.81616878509521,-1.0699993371963501,1.2565863132476807,3.0999999940395355,3.0806692242622375
745,35.663166046142578,35.707552194595337,-117.50299799442291,-117.60041433572769,6.0900002717971802,1.3749638199806213,3.0999999940395355,3.070399135351181
1886,33.269500017166138,32.8262779712677,-116.02909994125366,-116.33286571502686,4.400000274181366,3.2848727703094482,3.5999999642372131,3.1245410442352295
1472,34.467999994754791,34.308355361223221,-116.51600003242493,-116.41920208930969,10.60000017285347,1.3415506482124329,3.3999999761581421,3.0865271687507629
513,35.701331973075867,35.909080862998962,-117.50283101201057,-117.49626713991165,1.8000000715255737,0.46404004096984863,3.5999999642372131,3.0855942964553833
81,35.907333016395569,35.963159203529358,-117.70899999141693,-117.68993669748306,2.4000003933906555,1.7946508526802063,5.0000000149011612,4.4978911592625082
2246,32.228000044822693,32.426698803901672,-116.99300003051758,-116.66453945636749,7.8000001609325409,3.7301301956176758,3,3.1279987692832947
1308,33.583000004291534,33.479544222354889,-118.37900000810623,-118.29672452807426,0.29999971389770508,0.87855666875839233,3.2999999821186066,3.0583634376525879
914,34.435833007097244,34.192912951111794,-116.89900004863739,-116.81495451927185,2.5000002980232239,0.96504092216491699,3,3.082331657409668
2334,34.221000000834465,33.946315232664347,-116.79700005054474,-116.82783305644989,6.7999997735023499,3.6965471506118774,3.0999999940395355,3.24397873878479
1874,34.349999994039536,34.23553341627121,-116.46099996566772,-116.33090913295746,4.400000274181366,1.0209184885025024,3,3.0894690155982971
150,35.616000056266785,35.716444253921509,-117.45583301782608,-117.52170658111572,10.289999842643738,0.97918510437011719,3.2400000393390656,3.0710645020008087
774,35.747002005577087,35.391846299171448,-117.57849898934364,-117.17556858062744,2.1300002932548523,2.6804915070533752,3.0999999940395355,3.098468005657196
329,35.716832995414734,35.747857093811035,-117.49599999189377,-117.64413321018219,3.1599998474121094,2.7005034685134888,3.2999999821186066,3.0786740183830261
6,35.652500033378601,35.808625102043152,-117.45099997520447,-117.40491724014282,3.1400004029273987,0.9302946925163269,3.8400000035762787,3.1106146574020386
943,33.379666984081268,33.119016408920288,-116.2983330488205,-116.56735420227051,13.949999995529652,2.9056888818740845,4.0999999791383743,3.104196310043335
1644,35.024999976158142,34.958923876285553,-119.30999994277954,-119.32537412643433,17.800000011920929,1.785852313041687,3.4999999701976776,3.1081084012985229
734,35.561332941055298,34.531442940235138,-117.61333501338959,-117.99031018931419,3.2800000905990601,4.8459023237228394,3.2099999785423279,3.1619625091552734
909,34.001333000021987,33.830582395195961,-117.01733297109604,-116.97433960437775,15.869999974966049,1.5362638235092163,3.4999999701976776,3.0872301757335663
468,35.702167987823486,35.959742069244385,-117.59133198857307,-117.77129888534546,2.879999577999115,0.14994710683822632,3.0999999940395355,3.1016455292701721
181,35.615165948867798,35.679348468780518,-117.60266900062561,-117.76351454854012,7.0300000905990601,0.58006435632705688,3.0199999809265137,3.0735433995723724
164,35.879166960716248,35.964324951171875,-117.69150000810623,-117.76051358878613,7.5199998915195465,0.60195297002792358,3.0500000417232513,3.068338930606842
451,35.883834958076477,35.696452617645264,-117.69716599583626,-117.37359315156937,3.0899995565414429,5.7062208652496338,3.129999965429306,3.1350410878658295
490,35.618332028388977,35.608665823936462,-117.41666400432587,-117.36902022361755,2.7700003981590271,5.5284172296524048,4.0999999791383743,3.6129342913627625
1441,32.822800040245056,32.64287257194519,-116.10899996757507,-116.33799171447754,16.400000005960464,2.9994294047355652,4.0999999791383743,3.2344057559967041
1143,32.034999966621399,32.224843502044678,-116.06700003147125,-116.60574316978455,18.200000077486038,2.9781505465507507,3.199999988079071,3.1832301020622253
1311,33.979000000283122,33.811549454927444,-116.76699995994568,-116.86365270614624,17.899999916553497,1.3904696702957153,3.0999999940395355,3.084840327501297
2439,34.783999979496002,34.867888689041138,-116.25499999523163,-116.15254724025726,6.1000004410743713,5.2311310172080994,3,3.0750432908535004
1111,34.320666998624802,34.146005064249039,-116.85316705703735,-116.80305993556976,3.5100004076957703,0.88251739740371704,3.0099999904632568,3.0856224596500397
2420,33.223999977111816,32.851373434066772,-116.0900000333786,-116.56330180168152,1.2999996542930603,4.6449199318885803,3.3999999761581421,3.1100045442581177
1800,33.051400005817413,32.815029978752136,-117.76039999723434,-117.65398427844048,9.9999998509883881,7.2522461414337158,3.8999999910593033,3.1034263372421265
2410,34.926999986171722,34.518816769123077,-116.37199997901917,-117.26463884115219,4.400000274181366,15.613324921578169,3.199999988079071,3.0967604219913483
1767,35.050300002098083,35.205368995666504,-119.0061000585556,-118.92066478729248,9.9999998509883881,1.1079257726669312,3.4999999701976776,3.1051808595657349
2506,34.499000012874603,34.504796624183655,-116.29299998283386,-116.30789184570312,0.50000041723251343,5.4506582021713257,3.0999999940395355,3.0584469437599182
1563,32.534999966621399,32.031323671340942,-116.00399994850159,-116.16520833969116,11.200000047683716,9.5466738939285278,3.199999988079071,3.2690500617027283
1907,32.88100004196167,32.669878005981445,-116.22099995613098,-116.3554892539978,8.9999999105930328,2.5019663572311401,3.6999999582767487,3.1525974869728088
1786,35.429999947547913,35.577117919921875,-118.30500000715256,-118.42591440677643,9.3000000715255737,0.26266515254974365,3,3.1008768975734711
1848,32.720800042152405,32.577269792556763,-116.04480004310608,-116.1685950756073,15.299999993294477,2.4276441335678101,3.4999999701976776,3.1788305640220642
327,35.659000039100647,35.747676849365234,-117.4663320183754,-117.4005292057991,7.8300002217292786,0.84698796272277832,3.4999999701976776,3.0992847383022308
442,35.792667031288147,35.845522165298462,-117.62283301353455,-117.5883632004261,3.7000000476837158,0.43828904628753662,3.7999999970197678,3.0955104231834412
1642,34.06700000166893,33.944569163024426,-118.875,-118.84491795301437,13.399999961256981,0.37593036890029907,3.0999999940395355,3.085831493139267
2207,35.894000053405762,35.987784504890442,-117.26899999380112,-117.2116174697876,3.7000000476837158,0.7850995659828186,4.0999999791383743,3.184257835149765
832,35.641499042510986,35.141440629959106,-117.61000099778175,-117.57702073454857,10.159999877214432,5.3592458367347717,3.3999999761581421,3.1201589405536652
1957,33.195999979972839,32.718155860900879,-116.04299998283386,-116.31780076026917,2.9999998211860657,4.0165972709655762,3.6999999582767487,3.1548884510993958
1949,35.044000029563904,35.020703315734863,-119.01999998092651,-119.01499831676483,12.100000083446503,0.69247037172317505,3.6999999582767487,3.1105889081954956
1351,33.809000000357628,33.795930832624435,-117.81010000407696,-117.73744830489159,4.699999988079071,3.7468716502189636,3.2999999821186066,3.4775622189044952
86,35.601501941680908,35.71639609336853,-117.60133400559425,-117.75503715872765,3.3300000429153442,0.41421264410018921,3.0500000417232513,3.062076598405838
2480,34.791999995708466,34.786627531051636,-116.37600004673004,-116.23362863063812,14.899999997578561,2.9260396957397461,3.5999999642372131,3.0834846496582031
777,35.744333028793335,35.917487025260925,-117.56633299589157,-117.54148143529892,1.9700002670288086,0.45973062515258789,4.1999999955296516,3.926680862903595
1780,34.46900001168251,34.29005241394043,-116.50800001621246,-116.35713374614716,4.7999998927116394,1.1982929706573486,3.0999999940395355,3.0858831703662872
54,35.949000000953674,35.834667325019836,-119.74383294582367,-119.12537980079651,20.279999971389771,1.4965438842773438,3.0199999809265137,3.0719580352306366
1933,35.047000050544739,35.169061660766602,-119.06500005722046,-119.03597354888916,19.699999988079071,3.2944697141647339,3,3.0850285291671753
1287,35.4617999792099,35.657373666763306,-118.2698999941349,-118.48534071445465,1.8000000715255737,0.22181868553161621,3.6999999582767487,3.1295858323574066
1740,35.269000053405762,35.180955052375793,-117.34109997749329,-117.3604444861412,7.1000003814697266,2.0820567011833191,3.6999999582767487,3.0959277749061584
1624,34.712000012397766,34.67930668592453,-116.26499998569489,-116.18915367126465,3.7999999523162842,1.2870034575462341,3.0999999940395355,3.0862317681312561
1245,35.97189998626709,35.913728713989258,-117.30610001087189,-117.51827958226204,8.4999999403953552,0.75986802577972412,3.0999999940395355,3.0624766051769257
113,35.935999989509583,35.969193577766418,-117.69983300566673,-117.75401401519775,2.8299996256828308,1.276777982711792,3.199999988079071,3.0760838091373444
2381,34.342000007629395,34.067088425159454,-117.04900002479553,-117.0223348736763,11.299999952316284,2.4348852038383484,3.199999988079071,3.059342622756958
987,33.974500000476837,33.828640669584274,-116.92633295059204,-116.82194805145264,5.9200000762939453,1.1779108643531799,3.0299999713897705,3.0886099934577942
1942,32.470999956130981,32.178455948829651,-118.14399999380112,-118.25551688671112,18.000000044703484,3.8810187578201294,3.6999999582767487,3.0889353454113007
1621,35.251999974250793,35.398754835128784,-118.55500000715256,-118.67646914720535,5.3000003099441528,0.47379255294799805,3.0999999940395355,3.103267639875412
1009,33.869000002741814,33.791575640439987,-119.37983298301697,-119.3668327331543,6.9300001859664917,1.3000720739364624,3,3.0700887143611908
1198,33.402599990367889,33.089158296585083,-116.43630003929138,-116.55106282234192,15.100000002421439,3.5001567006111145,3.2999999821186066,3.093155711889267
589,35.750167965888977,35.701694250106812,-117.57800298929214,-117.64815473556519,2.2800001502037048,1.884971559047699,3.550000011920929,3.1090633571147919
768,35.703333020210266,35.800441265106201,-117.48283302783966,-117.4252957701683,0.99999994039535522,1.7036238312721252,4.0200000107288361,3.3790571093559265
17,35.558333039283752,35.663534164428711,-117.43433302640915,-117.45798790454865,4.7799995541572571,0.92561423778533936,3.129999965429306,3.0604720115661621
1042,34.383500009775162,34.264603823423386,-119.75483298301697,-119.63391816616058,10.269999951124191,0.69818437099456787,3.1199999749660492,3.0651529133319855
2266,32.610000014305115,32.444183826446533,-116.15499997138977,-116.27923309803009,7.5999999046325684,3.8859254121780396,3.0999999940395355,3.1529597640037537
285,35.671165943145752,35.738301873207092,-117.52383399009705,-117.66932189464569,8.9800000190734863,1.0710838437080383,3.2999999821186066,3.0682217180728912
428,35.901999950408936,35.930045127868652,-117.65582999587059,-117.55069530010223,7.3100003600120544,3.8559865951538086,3.2899999916553497,3.083791583776474
1979,34.930000007152557,34.760133445262909,-116.72200000286102,-116.55948162078857,1.1999997496604919,1.7549416422843933,3.2999999821186066,3.0880039036273956
1658,35.41100001335144,35.553462147712708,-117.79000000655651,-117.90544976294041,7.5,0.26718646287918091,3,3.0608601272106171
669,35.902166962623596,35.070424318313599,-117.7426669895649,-117.64089691638947,8.8099998235702515,4.9474507570266724,3.8999999910593033,3.1269793510437012
31,33.868332996964455,33.664384424686432,-116.19583296775818,-116.20661973953247,8.1999997794628143,2.2453352808952332,3.4699999988079071,3.0953697860240936
1341,33.888999998569489,33.806481570005417,-118.56000000238419,-118.56397557258606,11.299999952316284,1.0112303495407104,3.2999999821186066,3.0818882882595062
722,35.616667032241821,34.392768561840057,-117.43016701936722,-117.96972048655152,9.3500000238418579,5.4478177428245544,5.1000000089406967,4.4808895792812109
951,33.837500005960464,33.716727167367935,-119.72583305835724,-119.49109828472137,9.869999885559082,1.9321677088737488,5.3000000417232513,4.5561641324311495
1820,34.86599999666214,34.633989870548248,-119.24639999866486,-119.28140103816986,17.000000104308128,1.582581102848053,3.4999999701976776,3.0971190333366394
214,35.9635009765625,35.96869170665741,-117.4820020198822,-117.63377931714058,0.55000036954879761,1.1263516545295715,3.0600000321865082,3.0660959780216217
1845,33.229700028896332,32.941094994544983,-116.00530004501343,-116.16587913036346,6.4000001549720764,2.567354142665863,3.2999999821186066,3.121665358543396
1164,33.871700003743172,33.728433161973953,-117.71059998869896,-117.71021178364754,9.9999998509883881,3.4869128465652466,3,3.0586540102958679
326,35.797333002090454,35.922892570495605,-117.62266498804092,-117.70118492841721,6.3899999856948853,0.87326109409332275,3.2999999821186066,3.0806593000888824
560,35.926334023475647,35.958421587944031,-117.6968309879303,-117.68688803911209,2.149999737739563,1.4881208539009094,4.1700000017881393,3.8104152381420135
1383,34.159999996423721,33.948628425598145,-116.42400002479553,-116.49348056316376,8.099999874830246,1.2584397196769714,3.0999999940395355,3.0971413850784302
1086,34.521000027656555,34.383381009101868,-119.07500004768372,-119.12943315505981,19.020000100135803,1.0701173543930054,3.3099999725818634,3.0767017900943756
1887,34.111000001430511,33.970041109248996,-117.31599998474121,-117.29019689559937,16.000000052154064,2.282002866268158,3.2999999821186066,3.0736631155014038
341,35.908833026885986,35.98434054851532,-117.70866400003433,-117.70888820290565,1.7600002884864807,1.381588876247406,3.199999988079071,3.0836842060089111
147,33.309832990169525,33.128050684928894,-116.25683295726776,-116.21083045005798,11.53999999165535,1.4879429340362549,3.1500000357627869,3.1054617762565613
1897,32.067000031471252,32.316895604133606,-116.25199997425079,-116.34565949440002,15.200000004842877,6.0051155090332031,3,3.1136144399642944
2018,34.170000001788139,34.125695928931236,-117.44499999284744,-117.4804111123085,9.5999997854232788,2.3782959580421448,3,3.0651514828205109
1107,35.21150004863739,35.127742528915405,-117.27999997138977,-117.32904666662216,2.6100003719329834,2.1283060312271118,3.7800000160932541,3.435781717300415
848,34.026832999661565,33.926609039306641,-117.56833299994469,-117.51845490932465,11.42999991774559,3.7692609429359436,3,3.062680721282959
966,34.031667001545429,33.923692397773266,-117.59299999475479,-117.4937287569046,4.0800002217292786,3.0916392803192139,3.0900000035762787,3.066783607006073
1072,33.442499995231628,34.064294740557671,-116.40499997138977,-117.61232084035873,12.73999996483326,4.9548625946044922,3.75,3.8455391675233841
155,35.649832963943481,35.762462973594666,-117.45983302593231,-117.49832528829575,2.4500003457069397,1.0893487930297852,3.6100000441074371,3.1051539480686188
1717,33.680999994277954,33.576435685157776,-116.79499995708466,-116.7933646440506,18.700000047683716,1.9922411441802979,3,3.0716155171394348
1655,33.967999998480082,33.87609750777483,-117.76199999451637,-117.67407348752022,11.999999955296516,3.8409465551376343,3.0999999940395355,3.0610597729682922
1002,34.849833011627197,34.809107899665833,-118.9638329744339,-119.00738763809204,2.1800002455711365,0.46938121318817139,3.1899999976158142,3.1012360453605652
1902,35.963000059127808,35.885891675949097,-119.875,-119.31008219718933,22.000000029802322,2.4768716096878052,3.0999999940395355,3.0774564743041992
2120,32.86899995803833,33.290545284748077,-118.49599999189377,-118.32860040664673,5.9999996423721313,3.4692567586898804,3.199999988079071,3.0667877197265625
2213,33.712999999523163,33.796152830123901,-117.98799999989569,-117.73454546928406,12.899999991059303,4.4528013467788696,4.2999999895691872,4.0055654346942902
2240,34.108000002801418,34.017071167007089,-116.70500004291534,-116.9806706905365,7.4000000953674316,2.9615521430969238,3.3999999761581421,3.0806194245815277
2392,34.236000001430511,34.038365181535482,-118.5120000243187,-118.48871883749962,5.6999999284744263,0.9852030873298645,3.9999999850988388,3.5878490209579468
1203,35.140300035476685,35.160248160362244,-118.16580000519753,-118.25885188579559,10.799999982118607,0.17894536256790161,3,3.0769564211368561
1684,35.970000028610229,35.968049645423889,-117.31800001859665,-117.48777794837952,1.3999995589256287,0.54394394159317017,3.0999999940395355,3.0683079063892365
2385,34.224999994039536,34.052452612668276,-116.99100005626678,-116.99234080314636,9.0999998152256012,3.0424144864082336,4.6000000052154064,4.3785982578992844
1437,32.893700003623962,32.438446521759033,-116.24349999427795,-116.47905230522156,16.299999989569187,0.97894817590713501,3.3999999761581421,3.1886136531829834
1652,35.987300038337708,35.946459531784058,-117.28759998083115,-117.4182915687561,3.7999999523162842,7.8871509432792664,3.0999999940395355,3.0702472329139709
2332,35.75,35.806632041931152,-118.34000000357628,-118.47834259271622,1.2999996542930603,0.061503946781158447,3,3.0879458785057068
2039,34.145500004291534,34.001076064887457,-117.41310000419617,-117.40131366252899,6.4000001549720764,2.6090240478515625,3.3999999761581421,3.1393741965293884
2273,34.057000000029802,33.902879782021046,-118.39700001478195,-118.44628256559372,10.799999982118607,1.1574992537498474,3,3.0810568034648895
938,34.01766699925065,34.007116741966456,-116.80033302307129,-116.83438396453857,12.659999951720238,1.4054283499717712,3.199999988079071,3.0710857808589935
2275,33.500999987125397,33.213547825813293,-116.52100002765656,-116.54403138160706,12.60000005364418,2.9938575625419617,3.0999999940395355,3.098609447479248
346,35.768167018890381,35.928849458694458,-117.57783299684525,-117.5159800350666,10.570000112056732,1.0155558586120605,4.5,4.2486793622374535
2112,34.706799983978271,34.562734723091125,-116.6525000333786,-116.63042175769806,7.5999999046325684,4.1095429658889771,3.8999999910593033,3.3339211642742157
2515,34.783999979496002,34.756556987762451,-116.38699996471405,-116.1518976688385,2.2999995946884155,6.4565205574035645,3,3.0731827318668365
1514,33.964000001549721,33.795305013656616,-117.76000000536442,-117.72620457410812,12.299999892711639,3.2096672058105469,3.0999999940395355,3.0675517022609711
385,35.715831995010376,35.763675332069397,-117.55816701054573,-117.61862894892693,5.4600003361701965,1.1527928709983826,3.3199999630451202,3.0791809558868408
1645,34.491800010204315,34.374626159667969,-116.21270000934601,-116.11242377758026,10.799999982118607,1.5337058901786804,3.0999999940395355,3.101452499628067
1688,35.978000044822693,35.975685358047485,-117.30599999427795,-117.47626775503159,1.2999996542930603,0.52320331335067749,3,3.0650709271430969
243,35.863667011260986,35.974840044975281,-117.68467000126839,-117.74896305799484,2.8700003027915955,0.74095845222473145,3.3999999761581421,3.0823504328727722
2057,34.05799999833107,34.030705759301782,-117.25999999046326,-117.18065840005875,12.60000005364418,1.5551304817199707,3,3.0776131153106689
936,33.92416699975729,33.738494426012039,-116.32249999046326,-116.38501155376434,8.7399999797344208,2.6269769668579102,3.7699999809265137,3.2510273158550262
2175,35.195500016212463,35.382917404174805,-118.78149998188019,-118.72724491357803,5.6000000238418579,0.56959927082061768,3.3999999761581421,3.1518666744232178
312,35.595500946044922,35.721029758453369,-117.43049597740173,-117.3763861656189,5.6299996376037598,0.68386316299438477,3.5999999642372131,3.1142774820327759
2479,34.716000020503998,34.665353953838348,-116.34700000286102,-116.14238202571869,2.7000001072883606,4.8274433612823486,3,3.1149748563766479
1572,32.711400032043457,32.297930717468262,-116.02020001411438,-116.14912116527557,12.899999991059303,3.2201367616653442,3.3999999761581421,3.1557284295558929
1332,34.78600001335144,34.64338755607605,-119.48099994659424,-119.60330319404602,13.299999944865704,0.82099109888076782,3.199999988079071,3.0869233310222626
968,32.857332944869995,32.986256837844849,-118.71183300018311,-118.69849115610123,-0.22999942302703857,5.7834041118621826,3,3.0415130853652954
660,35.886500000953674,35.328598499298096,-117.69383299350739,-117.66426625847816,9.4600000977516174,5.503832995891571,3.8499999940395355,3.1025167107582092
935,34.114500001072884,33.947717756032944,-116.92366695404053,-116.87322020530701,3.9599999785423279,1.1160492897033691,3.3999999761581421,3.1004868149757385
370,35.963832974433899,35.983938932418823,-117.27700001001358,-117.52043518424034,1.8200004100799561,1.8913033604621887,3.1899999976158142,3.0739802420139313
566,35.868332982063293,35.967481255531311,-117.71299999952316,-117.50695139169693,5.0800001621246338,1.0457503795623779,3,3.1041674315929413
2016,34.694999992847443,34.644470274448395,-116.36800003051758,-116.375861287117,2.8999999165534973,3.2948550581932068,3.0999999940395355,3.0622870624065399
824,35.599833965301514,35.126039266586304,-117.62266498804092,-117.70792004466057,-0.39999961853027344,5.7665330171585083,3.4999999701976776,3.1629077196121216
982,33.159166991710663,32.876311063766479,-118.71783298254013,-118.5315061211586,4.8499998450279236,1.6140890121459961,3.8999999910593033,3.1670286655426025
2401,35.082000017166138,35.049225568771362,-117.06599998474121,-116.71023488044739,1.9999998807907104,1.7397075891494751,3,3.0720567405223846
1517,33.10699999332428,32.757256150245667,-116.42400002479553,-116.42464303970337,9.3999999761581421,1.7588531970977783,3,3.1165623664855957
2177,34.300000011920929,34.063498117029667,-118.57800000905991,-118.69291478395462,2.0999997854232788,0.41346341371536255,3.0999999940395355,3.0883497297763824
1760,34.681999981403351,34.596720099449158,-116.35000002384186,-116.21739220619202,3.5000002384185791,1.4279133081436157,3,3.0871935188770294
813,35.666167020797729,34.661634385585785,-117.57233300805092,-118.01877162232995,4.0499997138977051,4.8858699202537537,4.2999999895691872,3.2746744751930237
1430,33.936800003051758,33.814786568284035,-117.08209997415543,-117.10778117179871,8.8000001013278961,2.5112628936767578,3.6999999582767487,3.3048964440822601
778,35.723199963569641,35.918282389640808,-117.45080000162125,-117.60862925648689,9.4499999284744263,4.2386090755462646,3.2999999821186066,3.0950233340263367
1320,33.495000004768372,33.290184497833252,-116.44500005245209,-116.54301357269287,8.4999999403953552,2.3136377334594727,3.3999999761581421,3.0876003205776215
2127,33.795000001788139,32.951921463012695,-116.08800005912781,-116.48417448997498,8.5999998450279236,7.9928098618984222,3.199999988079071,3.0681154131889343
1052,34.083167001605034,33.930836409330368,-116.71449995040894,-116.68267107009888,10.689999908208847,1.3052406907081604,3.1199999749660492,3.0825652778148651
1870,32.70770001411438,32.493933200836182,-116.04460000991821,-116.23014736175537,9.2000001668930054,3.7609308958053589,4.2999999895691872,3.7722551822662354
1013,34.432332992553711,34.503130733966827,-119.99983298778534,-118.11432418227196,1.7799997329711914,5.5202704668045044,3.0299999713897705,3.158364862203598
1401,32.771900057792664,32.367546081542969,-116.09930002689362,-116.28827035427094,15.299999993294477,1.8802034854888916,3,3.1477652192115784
1763,34.019999999552965,33.885460458695889,-117.24400001764297,-117.24178493022919,9.5999997854232788,2.3136359453201294,3,3.0700349807739258
2099,34.035000000149012,33.721742987632751,-116.39699995517731,-116.48261296749115,11.900000050663948,7.5367458164691925,3.3999999761581421,3.0632296800613403
1809,33.119300007820129,32.767305493354797,-116.02069997787476,-116.36761808395386,3.099999725818634,3.4142303466796875,3.199999988079071,3.1253091394901276
126,33.995833000168204,33.792109310626984,-116.04449999332428,-116.10025417804718,7.8800001740455627,2.4328833818435669,4.1799999922513962,4.2865173071622849
887,33.916166998445988,33.794132992625237,-117.79916700720787,-117.78253363072872,15.459999991580844,3.6732396483421326,3.1399999558925629,3.0634770691394806
2069,33.815999999642372,33.721318662166595,-117.04199999570847,-117.07500845193863,15.100000002421439,2.3286142945289612,3.5999999642372131,3.0808950662612915
1347,35.925600051879883,35.971372008323669,-117.67460000514984,-117.73475325107574,7.2000002861022949,0.67566990852355957,3.4999999701976776,3.0800550878047943
1007,33.876332998275757,33.724312245845795,-116.8093329668045,-116.86502456665039,16.409999951720238,1.9501501321792603,3.2299999594688416,3.0762337446212769
355,35.688500046730042,35.785563707351685,-117.53433200716972,-117.59489703178406,6.5399998426437378,1.8343117833137512,3.2999999821186066,3.0708573460578918
1003,34.001333000021987,33.824242115020752,-116.9025000333786,-116.93527722358704,13.900000043213367,1.8283018469810486,3.4999999701976776,3.100104957818985
682,35.905833005905151,35.018797159194946,-117.65733298659325,-117.77235443890095,9.4999998807907104,1.978594958782196,3.7400000095367432,3.1730367243289948
827,35.702000021934509,35.81827974319458,-117.53610000014305,-117.50042489171028,9.9999998509883881,2.5148212909698486,3.4999999701976776,3.0931157469749451
1538,33.504999995231628,33.305732488632202,-116.46300005912781,-116.50684547424316,6.9999995827674866,1.8533036112785339,3,3.089502364397049
984,33.134167015552521,32.949219942092896,-116.65566694736481,-116.65458250045776,2.7299997210502625,2.1501418948173523,3.070000022649765,3.0944578349590302
1233,33.883699998259544,33.70382034778595,-117.96649999916553,-117.95236734300852,19.000000208616257,3.3769923448562622,3.4999999701976776,3.0740457773208618
2149,34.202000007033348,34.084430545568466,-116.86549997329712,-116.91649031639099,2.9999998211860657,4.076826274394989,4.5,3.8307889848947525
140,35.881832957267761,35.948383450508118,-117.68599998950958,-117.75050438940525,4.1800001263618469,0.52742689847946167,3.6999999582767487,3.140130490064621
217,35.688832998275757,35.993306279182434,-117.51499998569489,-117.86239033937454,7.1400001645088196,1.5980780124664307,3.8099999874830246,3.1573365926742554
2076,35.120000004768372,35.057605147361755,-118.60699999332428,-118.43028530478477,3.9999997615814209,0.93400955200195312,3,3.0937435626983643
2358,33.805999994277954,33.774353131651878,-117.75300000607967,-117.62713170051575,2.800000011920929,3.8182666897773743,3.199999988079071,3.1175067722797394
2249,34.224000006914139,34.099897049367428,-118.81400001049042,-118.70703631639481,7.4000000953674316,0.65795749425888062,4.1999999955296516,3.6536126732826233
1754,34.866999983787537,34.780782878398895,-116.34200000762939,-116.22508871555328,4.7999998927116394,1.7485007643699646,3,3.0852514207363129
1499,33.129700005054474,33.022565245628357,-116.43929994106293,-116.57481360435486,13.399999961256981,2.9383081197738647,3.8999999910593033,3.1496031582355499
22,35.566333055496216,35.690104722976685,-117.35266697406769,-117.34923261404037,2.6699995994567871,1.1071702837944031,3.5899999737739563,3.0918141603469849
711,35.899832963943481,34.655170202255249,-117.69549998641014,-117.77441729605198,6.8900004029273987,5.7832798361778259,3.5699999928474426,3.6491097807884216
1157,33.576200008392334,33.449123203754425,-118.27610000967979,-118.22653396427631,17.300000041723251,0.65300881862640381,3.9999999850988388,3.1724492311477661
2526,34.230000004172325,34.043255474418402,-116.43900001049042,-116.34590339660645,6.1000004410743713,3.9342212677001953,3,3.0667070746421814
871,33.520666986703873,33.332879424095154,-116.5723329782486,-116.71447968482971,2.0399996638298035,2.083774209022522,3.1099999845027924,3.0844594538211823
1507,32.834699988365173,32.590552568435669,-116.02849996089935,-116.28044927120209,13.499999977648258,3.0500578880310059,3.6999999582767487,3.1718639731407166
10,35.716500043869019,35.836448431015015,-117.57383298873901,-117.65239188075066,4.3299999833106995,0.77038943767547607,3.5999999642372131,3.0827142298221588
2447,32.64300000667572,32.383752226829529,-116.08399999141693,-116.21429848670959,6.9999995827674866,4.5493832230567932,3,3.1352896392345428
2396,33.502999991178513,33.424048006534576,-118.20100000500679,-118.10731860250235,5.9999996423721313,2.0166152715682983,3.199999988079071,3.0509427487850189
1749,35.485100030899048,35.746479749679565,-118.42260000109673,-118.5440234541893,6.6999998688697815,0.18444746732711792,3.6999999582767487,3.1255350708961487
1315,33.645999997854233,33.563076823949814,-116.74000000953674,-116.72228527069092,16.899999976158142,2.0160064101219177,3,3.078809380531311
754,35.622334003448486,35.726810216903687,-117.57333400845528,-117.68105283379555,6.1900001764297485,0.4316335916519165,3.6500000059604645,3.1812272071838379
626,35.889333009719849,34.384063392877579,-117.71200001239777,-117.9857338257134,3.8600000739097595,5.0834101438522339,4.1999999955296516,4.1491046547889709
2133,34.367000013589859,34.191274508833885,-116.13199996948242,-116.09904491901398,3.3000004291534424,6.3135248422622681,3.3999999761581421,3.0845406353473663
1510,34.388000011444092,34.359310418367386,-117.50200000405312,-117.4373996257782,13.900000043213367,1.7171770334243774,3.0999999940395355,3.0672351121902466
129,35.656167030334473,35.747763633728027,-117.51333299279213,-117.55564630031586,9.9799999594688416,1.1589190363883972,3.1399999558925629,3.0707119703292847
843,35.644000053405762,34.424586117267609,-117.56716701388359,-118.03370894491673,4.6399998664855957,5.1966798305511475,4.4899999997578561,4.2078094258904457
323,35.567500948905945,35.684864044189453,-117.35016602277756,-117.34521573781967,1.2099999189376831,1.2237855792045593,3.4899999797344208,3.0789035260677338
1937,34.003000000026077,33.877919264137745,-118.44499999284744,-118.48853719234467,12.60000005364418,0.47624319791793823,3.0999999940395355,3.0880213379859924
1494,34.991999983787537,34.843648374080658,-116.94900000095367,-116.78939759731293,8.1999997794628143,1.1064291000366211,3,3.0723933577537537
1284,32.886399984359741,32.702210307121277,-116.19599997997284,-116.30391478538513,9.3000000715255737,2.6994171738624573,3,3.1238583326339722
2461,35.728999972343445,35.919893503189087,-117.57499998807907,-117.65580424666405,0.80000013113021851,2.9699152708053589,3.4999999701976776,3.2150703370571136
14,34.26800000667572,34.142932176589966,-117.45300000905991,-117.47228944301605,9.960000067949295,2.3946484923362732,3,3.0735602974891663
947,35.391999959945679,35.505568504333496,-118.54449999332428,-118.73364436626434,4.7700002789497375,0.95484942197799683,3.6999999582767487,3.1373727321624756
215,35.702332019805908,35.865485668182373,-117.509162992239,-117.54129606485367,1.3099998235702515,0.58343410491943359,3.5300000309944153,3.106637567281723
2498,34.317999988794327,34.119169279932976,-116.45299994945526,-116.43210554122925,5.6999999284744263,4.3022507429122925,3.199999988079071,3.0636962056159973
1995,32.753100037574768,32.607217311859131,-116.81180000305176,-116.75029695034027,22.599999904632568,1.6523998975753784,3,3.2416114211082458
1182,32.187100052833557,32.115829944610596,-117.65110000967979,-117.49346703290939,7.9000000655651093,7.9224510490894318,4.0999999791383743,3.1116037666797638
1703,35.907699942588806,35.942843556404114,-116.7311999797821,-116.7493816614151,2.9999998211860657,0.82330763339996338,3,3.0770389437675476
1611,33.209699988365173,32.909218549728394,-119.25409996509552,-118.83357363939285,11.599999889731407,7.8300918638706207,4.3999999947845936,3.6546004414558411
864,33.213333010673523,32.852581262588501,-116.06649994850159,-116.28208482265472,10.629999786615372,3.0771750211715698,3.4999999701976776,3.1169055998325348
516,35.703498959541321,35.867431640625,-117.50516501069069,-117.5562589764595,4.5299997925758362,2.2518914937973022,3.2999999821186066,3.1257658302783966
597,35.630000948905945,35.762077331542969,-117.43183100223541,-117.32428723573685,3.0700001120567322,2.5279560685157776,3.4999999701976776,3.1759153604507446
195,35.941833972930908,35.937645792961121,-117.69132998585701,-117.81207999587059,2.7899998426437378,2.5238701701164246,3.0399999618530273,3.0735456347465515
1277,32.165599942207336,32.049758076667786,-117.61829999089241,-117.61956053972244,1.2999996542930603,7.9902273416519165,3.2999999821186066,3.080134391784668
288,35.650665044784546,35.774448871612549,-117.4641649723053,-117.44469636678696,8.7599998712539673,0.99377632141113281,3.4999999701976776,3.1449741125106812
950,34.243332996964455,34.097520917654037,-117.45800000429153,-117.41681736707687,11.639999896287918,2.1379333734512329,3.3999999761581421,3.0754544734954834
2390,34.671999990940094,34.722108721733093,-116.27400004863739,-116.15298509597778,17.800000011920929,4.218517541885376,3,3.0780830383300781
2034,34.671000003814697,34.532048940658569,-116.35800004005432,-116.46919572353363,2.8999999165534973,0.88852018117904663,3.199999988079071,3.1027613282203674
2421,34.954999983310699,34.778897285461426,-116.37100005149841,-116.40476632118225,11.100000143051147,10.543957650661469,3,3.113116443157196
1120,34.196999996900558,34.03895228356123,-116.90683305263519,-116.84943675994873,10.109999924898148,1.0413113236427307,3.4699999988079071,3.129959911108017
1622,32.935999989509583,32.63429069519043,-116.05200004577637,-116.22178065776825,6.3000002503395081,2.0354828238487244,3,3.1375738978385925
549,35.674332022666931,34.979564130306244,-117.46933001279831,-117.70875355601311,6.3799998164176941,5.239812433719635,3.3999999761581421,3.1259408891201019
156,35.899667024612427,35.971790075302124,-117.71766701340675,-117.89250920712948,8.5600000619888306,1.9334372878074646,3.0800000131130219,3.083783358335495
419,35.899502038955688,35.972064137458801,-117.69000199437141,-117.78854061663151,0.85000008344650269,0.99221885204315186,3.2299999594688416,3.0754789710044861
922,34.298667013645172,34.092243954539299,-116.93416702747345,-116.81247067451477,3.9800003170967102,0.96634089946746826,3.1600000262260437,3.0886248350143433
2185,33.949000000953674,33.938027832657099,-119.18900001049042,-119.12287867069244,0.90000003576278687,0.55369108915328979,3.199999988079071,3.0775102972984314
477,35.881500005722046,34.523256301879883,-117.71733298897743,-117.96052433550358,5.6399998068809509,5.4548460245132446,4.7000000104308128,3.6924566924571991
1657,35.273699998855591,35.371159315109253,-119.42110002040863,-119.34542667865753,1.5000003576278687,1.046898365020752,3.5999999642372131,3.1187920868396759
1701,32.740599989891052,32.512524724006653,-117.37169998884201,-117.11019122600555,9.9999998509883881,6.3851898908615112,3.199999988079071,3.0773438215255737
1523,35.19379997253418,35.251260876655579,-118.59079998731613,-118.71261727809906,9.8000000417232513,0.28951585292816162,3.7999999970197678,3.1698439121246338
1471,35.35099995136261,35.47063422203064,-118.56099998950958,-118.69043517112732,5.4000002145767212,0.62591582536697388,3.3999999761581421,3.1094160676002502
553,35.575999975204468,35.530856966972351,-117.36216700077057,-117.30734866857529,2.9600000381469727,2.5376182794570923,3.4799999892711639,3.0742817223072052
1202,34.197999998927116,34.07765793800354,-116.93739998340607,-117.05950397253036,10.60000017285347,1.957257091999054,4.5,4.0625366717576981
390,35.870833992958069,35.949343681335449,-117.71383699774742,-117.72279945015907,6.770000159740448,1.0057049989700317,3.9800000041723251,3.4376810789108276
578,35.904999017715454,34.621885120868683,-117.71883401274681,-118.06761932373047,4.2099997401237488,5.0069573521614075,3.2800000011920929,3.2497611343860626
2346,35.802000045776367,35.910122394561768,-118.04500000178814,-118.08285664767027,9.2000001668930054,0.69174975156784058,3,3.0774855315685272
2357,35.925999999046326,35.957398891448975,-118.33300000429153,-118.51590847969055,5.6000000238418579,0.0980338454246521,3.6999999582767487,3.0959015786647797
2298,32.154000043869019,32.053591728210449,-117.33999997377396,-116.57614874839783,7.9000000655651093,10.79704686999321,3,3.1137294173240662
820,35.704833030700684,35.7956862449646,-117.48083299398422,-117.47740703821182,8.4999999403953552,7.0715662837028503,3.4999999701976776,3.0730290412902832
2431,34.880999982357025,34.932259976863861,-116.38699996471405,-116.18140244483948,3.1999996304512024,2.1731999516487122,3.199999988079071,3.085572749376297
1006,33.881833001971245,33.716505318880081,-116.79883301258087,-116.86587274074554,15.380000006407499,1.9582512974739075,3.3700000047683716,3.0744025111198425
1248,35.305099964141846,35.459482669830322,-118.49180001020432,-118.58525407314301,7.9000000655651093,0.35570651292800903,3.6999999582767487,3.1456332206726074
2098,34.657999992370605,34.563739001750946,-116.29499995708466,-116.14313673973083,4.6000000834465027,6.764482855796814,3,3.0778403878211975
664,35.639832973480225,35.858650803565979,-117.43633300065994,-117.58391585946083,3.3099997043609619,2.8253692388534546,3.199999988079071,3.0803819596767426
2245,34.254999995231628,34.223564073443413,-118.77499997615814,-118.74329030513763,12.60000005364418,0.41703164577484131,3.5999999642372131,3.125694751739502
142,33.452832996845245,33.271755933761597,-116.57633304595947,-116.71649265289307,10.799999982118607,2.5338864326477051,3.5899999737739563,3.0827257633209229
2204,34.577000021934509,34.660232782363892,-116.26600003242493,-116.33331322669983,3.3000004291534424,10.51973819732666,3.0999999940395355,3.0599073171615601
1882,32.121999979019165,32.353699326515198,-116.64300000667572,-116.20997405052185,4.9999997019767761,7.4832066893577576,3.2999999821186066,3.1267400979995728
421,35.648998022079468,35.73633885383606,-117.51783001422882,-117.48746407032013,9.8600001633167267,1.5313965082168579,3.1700000166893005,3.0800089538097382
799,35.693832039833069,35.775742173194885,-117.49449902772903,-117.59581571817398,0.97000032663345337,3.6580020189285278,3.2600000202655792,3.0765207409858704
615,35.640166997909546,35.722186803817749,-117.4468309879303,-117.27883332967758,2.3099997639656067,2.1397304534912109,4.2999999895691872,3.7626334726810455
1318,33.782000005245209,33.64502415060997,-116.08120000362396,-116.10468697547913,4.7999998927116394,2.3770120739936829,3.4999999701976776,3.0948838591575623
295,35.949664950370789,35.976082801818848,-117.72233599424362,-117.7695484161377,2.0499998331069946,2.6180979609489441,3.1899999976158142,3.0862400829792023
401,35.609164953231812,35.702871322631836,-117.41483300924301,-117.41966181993484,3.020000159740448,2.0113813877105713,3.1600000262260437,3.0733560025691986
88,35.669832944869995,35.798700332641602,-117.47500002384186,-117.52495029568672,3.8499999046325684,0.68643093109130859,3.4999999701976776,3.0827564299106598
2072,34.989000022411346,35.111786127090454,-119.18850004673004,-119.11605978012085,12.100000083446503,1.4713069796562195,4.7000000104308128,3.7268982231616974
2500,34.670000016689301,34.704572737216949,-116.21300005912781,-116.16842138767242,5.9999996423721313,5.9000256657600403,3,3.0707115232944489
131,35.778833031654358,35.840209722518921,-117.6176669895649,-117.85682214796543,8.449999988079071,0.70629894733428955,3.0299999713897705,3.08420330286026
1623,35.958999991416931,35.962541937828064,-117.33899998664856,-117.47846901416779,2.6000002026557922,0.70607900619506836,3,3.0674867033958435
1612,33.913999997079372,33.765562951564789,-117.05900001525879,-117.08708029985428,13.499999977648258,1.9852370023727417,3.2999999821186066,3.079213410615921
1721,35.98199999332428,35.961661815643311,-117.31900000572205,-117.62842032313347,3.6000001430511475,0.80372840166091919,3,3.0653761625289917
1402,33.718600004911423,33.446056187152863,-116.04879999160767,-116.1455180644989,11.599999889731407,2.348303496837616,3.4999999701976776,3.092725396156311
2080,34.041499998420477,34.075025580823421,-117.74869999289513,-117.93769512698054,16.700000055134296,2.7474761009216309,3.4999999701976776,3.1746827960014343
2196,34.275599986314774,34.039465215057135,-116.86160004138947,-116.94667613506317,7.1000003814697266,3.993605375289917,3.5999999642372131,3.075434535741806
1188,34.311300009489059,34.201752588152885,-116.41999995708466,-116.44543731212616,8.9999999105930328,1.3907548785209656,3.7999999970197678,3.1150893867015839
724,35.748000025749207,34.270668983459473,-117.54566699266434,-117.90885154157877,3.8999998569488525,5.1765578985214233,4.9000000208616257,4.3541196584701538
1314,33.958000000566244,33.841903701424599,-118.41800001263618,-118.41197887063026,11.900000050663948,0.65517336130142212,3.0999999940395355,3.0804656445980072
1862,34.367000013589859,34.178108379244804,-116.12300002574921,-116.08929014205933,5.9999996423721313,1.5396487712860107,3.3999999761581421,3.1190477907657623
269,35.862998962402344,35.955140590667725,-117.69400000572205,-117.88909926265478,7.8399999439716339,0.3657764196395874,3.199999988079071,3.0780967175960541
1836,34.215000003576279,34.121958695352077,-119.92799997329712,-119.74779045581818,5.9999996423721313,1.9470986723899841,3.0999999940395355,3.0620623826980591
2095,34.166999995708466,34.01327012386173,-117.40700000524521,-117.2454833984375,11.700000017881393,4.3228268623352051,3.2999999821186066,3.0580779612064362
1372,33.061699986457825,32.778545141220093,-116.0485999584198,-116.30221283435822,11.299999952316284,3.3888164162635803,3.2999999821186066,3.1153301596641541
917,34.135000005364418,34.45360592007637,-117.77099999785423,-118.08855652064085,4.440000057220459,4.5503854751586914,3.3899999856948853,3.2582010626792908
1662,35.989300012588501,35.980222702026367,-117.29879999160767,-117.45936185121536,5.7999998331069946,0.37325888872146606,3.0999999940395355,3.0610470771789551
1319,33.454299986362457,33.269260048866272,-116.44060003757477,-116.64468896389008,8.4999999403953552,2.3807930946350098,3.5999999642372131,3.0852768123149872
2167,35.327999949455261,35.376212954521179,-118.6690000295639,-118.73389846086502,2.4000003933906555,0.53520351648330688,3.199999988079071,3.0927736759185791
2471,34.666000008583069,34.735097706317902,-116.25800001621246,-116.19074511528015,0.99999994039535522,3.2896864414215088,3.0999999940395355,3.0744063556194305
587,35.872833013534546,35.923863053321838,-117.66083499789238,-117.70472151041031,3.3500003814697266,0.64236223697662354,3.9599999785423279,3.1595850884914398
2407,34.030999999493361,33.850881353020668,-116.46700000762939,-116.42561590671539,17.599999979138374,5.6550729274749756,3.199999988079071,3.0656961500644684
2532,32.044999957084656,32.459449768066406,-116.54299998283386,-116.58461952209473,3.7000000476837158,3.962777853012085,3,3.1276352405548096
375,35.896000027656555,35.984546661376953,-117.72666901350021,-117.74010634422302,4.3900001049041748,1.20017409324646,3.2999999821186066,3.0822477042675018
333,35.932834982872009,35.803949117660522,-117.70249900221825,-117.5251002907753,2.3599997162818909,1.2227395176887512,3.4999999701976776,3.0706901550292969
1847,33.244599997997284,32.803614616394043,-116.13359999656677,-116.44747877120972,8.4000000357627869,3.6929905414581299,4.3999999947845936,3.4063383936882019
2388,32.432999968528748,32.162552237510681,-117.88000000268221,-117.24456435441971,8.8000001013278961,10.948550552129745,3.3999999761581421,3.0678538084030151
1118,34.119167000055313,33.927520923316479,-116.91250002384186,-116.87443447113037,7.2299998998641968,1.2665015459060669,3.3099999725818634,3.1189857423305511
1442,35.388000011444092,35.53026008605957,-117.84000000357628,-117.89363577216864,5.899999737739563,0.28218090534210205,3.2999999821186066,3.0691934823989868
1599,34.014000000432134,33.881589584052563,-117.11599999666214,-117.02387571334839,11.200000047683716,1.7923852801322937,3.199999988079071,3.0737305283546448
910,34.002000000094995,33.810274377465248,-117.01783299446106,-116.99527204036713,16.330000050365925,1.6926777362823486,3.6100000441074371,3.0953918695449829
776,35.721168994903564,35.758703470230103,-117.52400198578835,-117.70258867740631,2.2099998593330383,1.0200780630111694,3.199999988079071,3.0746966600418091
2267,34.351999998092651,34.559027433395386,-116.47200000286102,-117.17646586894989,9.3999999761581421,4.5832040905952454,3.3999999761581421,3.0732184052467346
328,35.911834955215454,35.976792216300964,-117.73600000143051,-117.77639502286911,2.0600000023841858,0.68194359540939331,3.4699999988079071,3.09404656291008
1342,34.170000001788139,34.044016357511282,-117.66699999570847,-117.60984417796135,2.9999998211860657,2.1898475289344788,3,3.0631585121154785
320,35.896167993545532,35.979443073272705,-117.69200098514557,-117.72101730108261,6.5100002288818359,0.83019733428955078,3.2600000202655792,3.0754873752593994
2060,33.424000024795532,33.224296152591705,-116.97200000286102,-117.00791639089584,11.700000017881393,1.8485748767852783,3.3999999761581421,3.0842797458171844
12,35.616832971572876,35.717826724052429,-117.47200000286102,-117.53563618659973,6.7800003290176392,1.0228747129440308,3.4999999701976776,3.074148952960968
897,33.49066698551178,33.327226340770721,-116.8038330078125,-116.84775185585022,2.4199998378753662,1.1789068579673767,3.0999999940395355,3.0846486389636993
171,35.876000046730042,35.943106651306152,-117.67950001358986,-117.7729643881321,4.5399999618530273,1.465076208114624,3,3.068036824464798
260,35.683665990829468,35.776356935501099,-117.54116800427437,-117.65514931082726,4.5799997448921204,1.0260093212127686,3,3.072059690952301
1921,35.657999992370605,35.734426498413086,-119.18799996376038,-119.05146455764771,25.599999725818634,0.27492105960845947,3,3.1002978980541229
689,35.902500033378601,35.491269588470459,-117.71633300185204,-117.79691721498966,8.4699998795986176,7.2153478860855103,4.0999999791383743,3.3382144868373871
901,33.779332995414734,33.536323517560959,-116.13383305072784,-116.10501027107239,7.8700000047683716,2.721480131149292,3.199999988079071,3.0843594074249268
258,35.545333981513977,35.724455118179321,-117.38566601276398,-117.32637083530426,-0.040000677108764648,1.8324959278106689,3.2199999690055847,3.0833834409713745
844,35.705167055130005,35.891907691955566,-117.50600001215935,-117.3563204407692,10.709999799728394,7.2504875063896179,6.3999999761581421,5.2955338060855865
2335,35.797999978065491,35.902071237564087,-118.04100000113249,-118.03738009557128,7.1000003814697266,0.12556225061416626,3,3.0773651897907257
138,33.311333000659943,33.129479765892029,-116.25516700744629,-116.23789203166962,11.650000065565109,1.5520602464675903,3.1399999558925629,3.1081583797931671
1573,34.418999999761581,34.338641136884689,-119.98099994659424,-119.81348788738251,6.7999997735023499,1.1424610018730164,3,3.0687506496906281
319,35.644665002822876,35.769305825233459,-117.42350000143051,-117.4903199672699,4.1999995708465576,1.8032929301261902,3.2899999916553497,3.0730772316455841
653,35.883499979972839,34.505307912826538,-117.72766700387001,-118.01657388359308,7.5100001692771912,4.7289133071899414,3.5999999642372131,3.1613983511924744
1953,35.044999957084656,35.189350843429565,-119.00699996948242,-118.91250449419022,11.200000047683716,0.92729061841964722,3.8999999910593033,3.1286972165107727
1871,35.934999942779541,35.978568315505981,-117.68099999427795,-117.73176914453506,2.9999998211860657,0.70296138525009155,3.0999999940395355,3.0703683793544769
558,35.556331992149353,35.533161044120789,-117.34316998720169,-117.53295785188675,3.1800001859664917,3.6290949583053589,3.550000011920929,3.1731598377227783
139,35.950667023658752,35.976644992828369,-117.70433300733566,-117.78975719213486,2.9499998688697815,0.46311020851135254,3.3799999952316284,3.0824112296104431
112,35.808166980743408,35.912874221801758,-117.6323330104351,-117.76092405617237,8.1599999964237213,1.7513483762741089,3,3.0717221796512604
531,35.922669053077698,35.79022228717804,-117.69249698519707,-117.55144533514977,2.290000319480896,0.88361620903015137,3.3199999630451202,3.0853011310100555
224,35.658668994903564,35.756306767463684,-117.46399700641632,-117.52294206619263,3.2900002598762512,2.2546094655990601,3.199999988079071,3.06960529088974
723,35.617166996002197,34.397932022809982,-117.42750000953674,-117.97506104037166,8.449999988079071,5.1734116673469543,4.8000000044703484,4.2900892943143845
2353,35.748999953269958,35.906996369361877,-118.01799999922514,-118.06189843639731,5.6000000238418579,0.72757959365844727,3.0999999940395355,3.1157461702823639
2165,34.894999980926514,34.703486323356628,-119.35699999332428,-119.53815162181854,12.999999895691872,2.625499963760376,3.0999999940395355,3.0679652988910675
1433,33.767000004649162,33.623569488525391,-118.1330000013113,-118.08147469162941,3.9999997615814209,2.614646852016449,3,3.0613684952259064
325,35.757500052452087,35.830443263053894,-117.59116399288177,-117.70427069067955,2.7700003981590271,1.2406539916992188,3.199999988079071,3.0728730261325836
1323,33.482599973678589,33.19684499502182,-116.45239996910095,-116.75934982299805,10.200000107288361,4.0044969320297241,4.7000000104308128,4.082384392619133
1997,33.881999999284744,33.832392260432243,-118.45100000500679,-118.4478385746479,11.200000047683716,1.0871234536170959,3.3999999761581421,3.0904925465583801
1458,34.832000017166138,34.764552235603333,-116.37800002098083,-116.30031728744507,3.9999997615814209,1.4019227027893066,3.199999988079071,3.0824334919452667
1736,35.371000051498413,35.498618602752686,-118.65299999713898,-118.71912121772766,5.6000000238418579,0.4687383770942688,3.0999999940395355,3.1086524426937103
2417,34.814000010490417,34.736693143844604,-116.26199996471405,-116.17958343029022,4.7999998927116394,2.760048508644104,3.199999988079071,3.079426109790802
714,35.902999997138977,34.467065781354904,-117.69116699695587,-117.72507300972939,7.0099997520446777,4.9495446681976318,4.0999999791383743,3.8114648759365082
846,35.050333023071289,35.140315771102905,-118.93599998950958,-118.88871037960052,8.7399999797344208,1.3170897960662842,3.4400000274181366,3.1061241030693054
193,35.888499975204468,35.72424840927124,-117.625,-117.48726963996887,15.039999999571592,0.82804441452026367,3.0999999940395355,3.0685417950153351
1983,34.845000028610229,34.92202764749527,-116.32299995422363,-116.29093253612518,4.8999997973442078,1.7655497789382935,3.199999988079071,3.0831865668296814
573,35.841835021972656,35.93678605556488,-117.68382999300957,-117.54189056158066,7.0900002121925354,1.7526242136955261,3.7999999970197678,3.0923654437065125
946,35.043499946594238,35.152172565460205,-119.04233300685883,-118.92230427265167,7.7299998700618744,3.3323854207992554,4.0999999791383743,3.2754907608032227
503,35.754333972930908,35.839632987976074,-117.47816497087479,-117.64620050787926,-0.78000068664550781,1.8032848834991455,3.199999988079071,3.0778971612453461
1864,32.706300020217896,32.4931640625,-116.02409994602203,-116.24436223506927,11.499999985098839,2.3074918985366821,3.7999999970197678,3.2236586809158325
2014,34.270999997854233,34.085692025721073,-119.68299996852875,-119.58923149108887,0.19999980926513672,0.44461637735366821,3.4999999701976776,3.0773338079452515
645,35.830832958221436,34.998328387737274,-117.67766600847244,-117.62646496295929,3.4699997305870056,5.0348281860351562,3.8199999779462814,3.2219465374946594
3,35.950832962989807,35.96769905090332,-117.36599999666214,-117.52458468079567,2.7399998903274536,0.71701526641845703,3.2999999821186066,3.075509637594223
1833,34.123999997973442,33.967028498649597,-117.30199998617172,-117.34978383779526,14.100000020116568,2.4819678068161011,3.2999999821186066,3.0733097791671753
467,35.780334949493408,35.638103485107422,-117.60150200128555,-117.66190946102142,16.970000043511391,2.5352606177330017,3.0999999940395355,3.0988267064094543
1345,33.71000000834465,33.647335976362228,-117.34899997711182,-117.2861048579216,13.399999961256981,2.2613543272018433,3.2999999821186066,3.0752952396869659
5,35.647832989692688,35.779456496238708,-117.45916700363159,-117.47486340999603,4.0499997138977051,1.1078613996505737,3.8999999910593033,3.351479709148407
1246,35.982300043106079,35.978733658790588,-117.27240002155304,-117.30079942941666,3.7000000476837158,3.9568394422531128,3.8999999910593033,3.0925372838973999
919,33.897832997143269,33.709207117557526,-116.21449995040894,-116.14426553249359,7.1799999475479126,1.41773521900177,3.0299999713897705,3.1026552021503448
547,35.855666995048523,35.964524745941162,-117.67416700720787,-117.69357234239578,5.6600001454353333,1.3729763031005859,3.199999988079071,3.094328373670578
228,35.672500967979431,35.839529514312744,-117.48983001708984,-117.52459946274757,3.059999942779541,0.73278039693832397,3.5999999642372131,3.1934018433094025
1063,34.202167004346848,33.979191651567817,-116.8313330411911,-116.7916567325592,6.9999995827674866,1.0728675127029419,3.070000022649765,3.0815796554088593
542,35.871333956718445,35.692227125167847,-117.71366900205612,-117.54586631059647,5.0499996542930603,1.5986493229866028,3.4400000274181366,3.0833295285701752
242,35.876499056816101,35.954189419746399,-117.70683300495148,-117.75988298654556,4.4299998879432678,0.40588438510894775,3.7999999970197678,3.1790851950645447
898,35.671200037002563,32.473770260810852,-116.13300001621246,-116.92841374874115,26.100000143051147,1.5956684947013855,3.0999999940395355,3.2104790210723877
2496,34.59799998998642,34.636439502239227,-116.24199998378754,-116.14435076713562,3.099999725818634,5.0619426369667053,3,3.0713299512863159
1160,33.456200003623962,33.36404424905777,-118.08100000023842,-118.10250359028578,8.8000001013278961,3.1458404660224915,3,3.0545245707035065
1889,33.689999997615814,33.565911293029785,-116.79499995708466,-116.84092974662781,15.299999993294477,2.2302719950675964,3.199999988079071,3.0707049071788788
2118,34.18299999833107,34.160944566130638,-117.47899997234344,-117.51464027166367,3.3000004291534424,1.8554288148880005,3.0999999940395355,3.1033589243888855
1742,35.901999950408936,35.936043739318848,-117.02100002765656,-117.07474684715271,0.70000022649765015,0.58693259954452515,3.0999999940395355,3.0677298903465271
1866,32.723000049591064,32.457208037376404,-116.04200005531311,-116.16134583950043,3.099999725818634,1.6337460279464722,3.0999999940395355,3.1646803021430969
842,35.678500056266785,34.71964967250824,-117.45249998569489,-117.74386319518089,15.760000012814999,4.8153769969940186,3,3.7173523306846619
1373,33.877199999988079,33.785184696316719,-117.78309999406338,-117.70607241988182,13.599999994039536,3.4884434938430786,3.199999988079071,3.2798584699630737
2531,34.674000024795532,34.58490401506424,-116.31299996376038,-116.12047517299652,1.3999995589256287,4.8750713467597961,3.0999999940395355,3.0772930383682251
2222,32.046000003814697,32.10649299621582,-116.31599998474121,-116.47685551643372,3.9999997615814209,6.1849021911621094,3,3.1289525628089905
1526,34.130999997258186,33.97722047008574,-117.44700002670288,-117.37538826465607,7.9000000655651093,2.0938959717750549,3.2999999821186066,3.0669441819190979
1605,32.699900031089783,32.54154896736145,-118.20960000157356,-118.30987223982811,7.9999999701976776,3.4482443332672119,4.3999999947845936,3.0868289172649384
276,35.740165948867798,35.882656574249268,-117.56400299072266,-117.65677851438522,3.0399996042251587,0.96493363380432129,3,3.0669852197170258
661,35.878000020980835,35.425773978233337,-117.70166701078415,-117.59395885467529,4.5799997448921204,5.8459049463272095,4.0999999791383743,3.1153953373432159
1883,34.28999999165535,34.067484609782696,-116.90600001811981,-116.84669876098633,6.2000003457069397,1.1970770359039307,3.3999999761581421,3.0926883816719055
2144,35.332000017166138,35.499933123588562,-118.66100001335144,-118.77394235134125,2.0999997854232788,0.33280402421951294,3,3.0900481045246124
2397,34.861000001430511,34.873334288597107,-119.09800004959106,-119.03741264343262,21.599999964237213,1.4710941910743713,4.3999999947845936,3.683083176612854
1916,33.793999999761581,33.511996895074844,-116.182000041008,-116.24009668827057,9.700000137090683,2.6334375143051147,3.0999999940395355,3.075693815946579
314,35.672500967979431,35.713189005851746,-117.52583301067352,-117.64804327487946,7.6600000262260437,4.1003456711769104,3.0500000417232513,3.0691584348678589
1466,32.944000005722046,32.32453179359436,-116.14300000667572,-116.68893444538116,20.000000149011612,1.6090366244316101,3.2999999821186066,3.2030441164970398
1343,34.328599989414215,34.13763639330864,-118.45370000600815,-118.5396431684494,10.799999982118607,0.33768028020858765,3.8999999910593033,3.1282254159450531
2091,33.694000005722046,33.005038201808929,-116.0349999666214,-116.36626386642456,12.499999925494194,6.3813042640686035,3.0999999940395355,3.0748417675495148
691,35.59850001335144,35.858264803886414,-117.41449999809265,-117.33218598365784,6.6899996995925903,6.4974644780158997,3.7999999970197678,3.1647253632545471
1541,32.126999974250793,32.107137322425842,-117.65189999341965,-117.30710804462433,1.2999996542930603,10.661129951477051,3.2999999821186066,3.0822479724884033
612,35.715499997138977,35.610086679458618,-117.62733501195908,-117.53585162758827,5.4199996590614319,0.69107025861740112,3.3999999761581421,3.0848777890205383
424,35.928333044052124,35.981400966644287,-117.70500001311302,-117.70308908820152,2.369999885559082,1.3389605283737183,4.5,3.8679117858409882
1577,32.719300031661987,32.330278396606445,-116.04019999504089,-116.21132946014404,11.499999985098839,4.6238806843757629,3.4999999701976776,3.1439403891563416
594,35.887500047683716,35.858959078788757,-117.69699999690056,-117.45497381687164,4.1099998354911804,2.1360567212104797,3.5099999606609344,3.0911529064178467
2516,34.769999980926514,34.864106774330139,-116.40100002288818,-116.25066161155701,7.3000001907348633,5.1897847652435303,3.7999999970197678,3.827375739812851
2008,34.114000000059605,34.024561638012528,-117.43300002813339,-117.464694917202,4.5000001788139343,2.0027053356170654,3.2999999821186066,3.0708188116550446
622,35.801998019218445,35.599386215209961,-117.63166800141335,-117.66406756639481,1.4300000667572021,6.8615823984146118,3.6999999582767487,3.1040567457675934
1861,32.48199999332428,32.242266654968262,-117.50499999523163,-117.13519167900085,6.9999995827674866,6.6006249189376831,3.0999999940395355,3.0781636834144592
1493,33.771799996495247,33.668082535266876,-118.14309999346733,-118.13883319497108,16.400000005960464,1.3803049921989441,3.6999999582767487,3.1166504323482513
1677,34.142000004649162,33.964238155633211,-116.43400001525879,-116.40110242366791,5.5000001192092896,1.4953154325485229,3.0999999940395355,3.0825929045677185
227,35.944499969482422,35.969263315200806,-117.72116899490356,-117.73822978138924,2.4400001764297485,1.1618542671203613,3.5099999606609344,3.1126327514648438
2321,35.967000007629395,35.974847555160522,-117.84700000286102,-117.85303668677807,2.8999999165534973,1.9760334491729736,3.4999999701976776,3.1091255843639374
1169,34.00359999993816,33.917617119848728,-117.23369997739792,-117.24298697710037,19.299999922513962,2.139163613319397,3.199999988079071,3.0746574103832245
108,35.735999941825867,35.821177244186401,-117.58050000667572,-117.74264633655548,9.5600000023841858,0.50551414489746094,3.0999999940395355,3.0732117891311646
1756,34.395000010728836,34.30003896355629,-119.65499997138977,-119.51872360706329,13.399999961256981,1.0190007090568542,3.199999988079071,3.0701799988746643
66,34.005667000077665,33.816660434007645,-116.76433300971985,-116.80204916000366,13.299999944865704,1.3177791237831116,3.3999999761581421,3.0877456068992615
1417,32.928400039672852,32.668500065803528,-116.36189997196198,-116.43570744991302,16.899999976158142,2.225281298160553,3,3.1166021525859833
2286,34.275999993085861,34.332160770893097,-117.5,-118.25698164105415,13.700000010430813,1.5033933520317078,3.0999999940395355,3.059834361076355
24,35.954666972160339,35.866265177726746,-119.93949997425079,-119.20678579807281,7.2199997305870056,6.2094855308532715,3.1700000166893005,3.0739786326885223
1235,33.911700002849102,33.685219079256058,-117.89119999855757,-117.91261435300112,11.799999922513962,3.5780265927314758,3.6999999582767487,3.095988929271698
2096,35.133000016212463,35.056278944015503,-118.93800002336502,-118.94839918613434,14.700000006705523,3.8188308477401733,3.2999999821186066,3.0904735028743744
144,35.893833041191101,35.97241485118866,-117.68450000882149,-117.74871236085892,2.6100003719329834,0.64336270093917847,3.4999999701976776,3.0914176404476166
536,35.895167946815491,35.973908066749573,-117.72666901350021,-117.76538230478764,7.4700003862380981,0.57972371578216553,4.2999999895691872,3.4931514859199524
811,35.675166964530945,34.988419055938721,-117.51483199000359,-117.85971832275391,1.7299997806549072,1.4035758376121521,3.2400000393390656,3.1266370117664337
1791,32.70990002155304,32.477004885673523,-117.17640000581741,-116.94949769973755,12.100000083446503,7.2439134120941162,3.199999988079071,3.0552286505699158
1497,35.963000059127808,35.97727370262146,-117.66299998760223,-117.74486127495766,2.9999998211860657,0.66693931818008423,3,3.0560958981513977
85,35.51783299446106,35.642289876937866,-117.41283297538757,-117.43561571836472,8.359999805688858,1.6830655932426453,3.2500000298023224,3.0624601542949677
1254,34.234400004148483,34.06395348906517,-119.55900001525879,-119.61877059936523,14.799999995157123,1.095186173915863,3,3.0610072016716003
2093,33.350000023841858,32.986856937408447,-116.4190000295639,-116.60893583297729,12.400000020861626,3.829493522644043,3.199999988079071,3.1203999817371368
2073,33.733000010251999,33.749384820461273,-117.50699999928474,-117.50083929300308,7.2000002861022949,2.7154800295829773,3,3.072679191827774
1878,33.974999999627471,33.952976871281862,-117.07800000905991,-117.31929558515549,14.799999995157123,1.6594827175140381,3.0999999940395355,3.0775299668312073
2412,34.146999999880791,33.910083904862404,-116.46599996089935,-116.41111826896667,16.600000038743019,5.2657279372215271,3.0999999940395355,3.0643463730812073
484,35.671332955360413,35.688714504241943,-117.47200000286102,-117.5757962167263,2.8499999642372131,3.4708142280578613,3.3999999761581421,3.0906671583652496
1654,33.762999996542931,33.42685729265213,-116.01699995994568,-116.04825627803802,1.600000262260437,1.2697559595108032,3,3.0979587435722351
2257,33.89299999922514,33.939967468380928,-117.77599999308586,-117.67702013254166,6.8999996781349182,4.3606746196746826,3.2999999821186066,3.3885726928710938
2426,35.991999983787537,35.977551579475403,-117.86900000274181,-117.92189279943705,2.4000003933906555,1.5458178520202637,3.7999999970197678,3.0880403816699982
738,35.722831964492798,35.743295669555664,-117.52850300073624,-117.64247867465019,3.1400004029273987,1.2811955809593201,3.2600000202655792,3.0793053209781647
1826,34.162699997425079,34.045477487146854,-117.40090000629425,-117.37658089399338,8.1999997794628143,2.4950891733169556,3.8999999910593033,3.2705502212047577
2219,32.075999975204468,32.260103702545166,-116.3400000333786,-116.51905941963196,3.1999996304512024,5.0094938278198242,3,3.1359176337718964
2502,34.029999999329448,33.712886482477188,-116.2849999666214,-116.43744790554047,4.3000003695487976,6.2695840001106262,3.3999999761581421,3.074402779340744
1798,33.713499993085861,33.679498195648193,-117.50420001149178,-117.44919127225876,14.599999990314245,2.4900582432746887,3.6999999582767487,3.1593476235866547
362,35.823500037193298,35.922882676124573,-117.66299998760223,-117.66353529691696,6.5100002288818359,1.2500739097595215,4.5,4.125979520380497
749,35.601166009902954,35.684711217880249,-117.60399600863457,-117.71833598613739,4.1999995708465576,0.63536971807479858,3.4999999701976776,3.0798747539520264
2419,35.740000009536743,35.927306056022644,-117.61000001430511,-117.62911888957024,0.90000003576278687,1.9325718283653259,3.5999999642372131,3.0813617706298828
1646,33.895999997854233,33.730415433645248,-117.78599999845028,-117.80556248128414,3.9999997615814209,3.6697143316268921,3.0999999940395355,3.063384085893631
1026,34.095333002507687,33.869781911373138,-116.4025000333786,-116.42881727218628,8.880000114440918,1.7673343420028687,3,3.0803569257259369
1030,33.219166994094849,32.722242832183838,-116.08249998092651,-116.45008885860443,13.35999995470047,4.809531569480896,3.5400000214576721,3.1129918098449707
1926,34.247899994254112,34.101500704884529,-117.44110000133514,-117.42917799949646,9.9999998509883881,2.4290487170219421,3.2999999821186066,3.1213959753513336
1335,33.613000005483627,34.985521912574768,-116.66400003433228,-117.41423583030701,3.7999999523162842,2.1053847670555115,3.2999999821186066,3.1740136742591858
2087,33.379999995231628,32.931179285049438,-116.31700003147125,-116.5366245508194,13.100000023841858,3.056204617023468,3,3.1203189790248871
1724,34.010999999940395,33.884294249117374,-117.21499997377396,-117.16920411586761,10.399999916553497,2.2679176926612854,3,3.0661002695560455
665,35.774166941642761,35.848821401596069,-117.61183300614357,-117.71824705600739,9.8800000548362732,6.0186544060707092,3.4899999797344208,3.1202468276023865
364,35.776833057403564,35.87026035785675,-117.58983600139618,-117.62480899691582,0.99999994039535522,3.5589355230331421,3.2400000393390656,3.072730153799057
2229,34.524999976158142,33.906067870557308,-116.29100000858307,-116.64487767219543,8.8000001013278961,2.5461405515670776,3,3.0919851064682007
1239,34.123800002038479,33.969552567228675,-118.47510001063347,-118.51636731624603,15.200000004842877,0.69471985101699829,4.6000000052154064,4.0161562263965607
77,32.858999967575073,32.581010818481445,-116.18533301353455,-116.23667931556702,6.2799999117851257,2.727540135383606,3,3.1261170208454132
27,33.49966698884964,33.286286950111389,-116.45816695690155,-116.61227941513062,5.7300004363059998,1.888391375541687,3.4099999666213989,3.0910413265228271
473,35.884667038917542,35.849665522575378,-117.71083301305771,-117.64065712690353,4.6100002527236938,1.3725212216377258,3.5099999606609344,3.10444575548172
525,35.675498962402344,35.737830877304077,-117.5455020070076,-117.63720411062241,1.0899996757507324,0.70552557706832886,3.4500000178813934,3.1107087135314941
725,35.921666979789734,34.367115616798401,-117.72900000214577,-117.96535477787256,8.1700001657009125,5.014234185218811,4.6400000005960464,4.2143090888857841
55,35.743499994277954,35.878168702125549,-117.59299999475479,-117.62630781531334,5.9400004148483276,0.98180025815963745,3.5899999737739563,3.1006984412670135
638,35.876667022705078,35.831340551376343,-117.72000101208687,-117.44659888744354,3.1099998950958252,1.9851833581924438,3.6400000154972076,3.0807384252548218
302,35.556331992149353,35.73033595085144,-117.38449901342392,-117.35378223657608,7.8000001609325409,1.495329737663269,3.4099999666213989,3.1109265089035034
718,35.80316698551178,34.328159868717194,-117.6178329885006,-117.88542909175158,11.440000087022781,5.1340144872665405,4.8400000110268593,4.3376716263592243
2201,33.747000008821487,33.120231568813324,-116.02400004863739,-116.26949036121368,8.8000001013278961,5.946241021156311,3,3.0850391685962677
1929,34.328999996185303,34.080542683601379,-116.83200001716614,-116.83804106712341,5.0999996066093445,1.6246604919433594,4.0999999791383743,3.4658728837966919
624,35.891499042510986,35.703618764877319,-117.6880039870739,-117.10155272483826,4.6399998664855957,1.3904714584350586,3.7400000095367432,3.099454790353775
7,35.664000034332275,35.742044687271118,-117.56516700983047,-117.69186305999756,6.8200001120567322,1.0936447978019714,3.2299999594688416,3.070161759853363
1280,33.449000000953674,33.321819007396698,-116.58599996566772,-116.7507746219635,14.400000013411045,2.4675115942955017,3.2999999821186066,3.0878790020942688
803,35.715999960899353,35.865561962127686,-117.56000000238419,-117.57197824120522,1.9200003147125244,0.89218586683273315,4.7000000104308128,4.0666629374027252
1049,35.898000001907349,35.956964492797852,-117.68316701054573,-117.79296793043613,2.5799998641014099,0.44914841651916504,3.3700000047683716,3.0736200213432312
336,35.917500019073486,35.971779465675354,-117.72066500782967,-117.80056498944759,2.369999885559082,1.2917724251747131,3.0999999940395355,3.0766575336456299
1596,35.712000012397766,35.789955973625183,-117.48500001430511,-117.58339509367943,9.8999999463558197,0.7037651538848877,3.0999999940395355,3.0650930106639862
47,35.560832977294922,35.648120284080505,-117.43433302640915,-117.41994512081146,4.5000001788139343,0.90516239404678345,3.4999999701976776,3.0777608156204224
2181,35.320000052452087,35.358936667442322,-118.66100001335144,-118.74604749679565,5.6000000238418579,0.52017420530319214,3,3.0957257151603699
106,35.825166940689087,35.946869254112244,-117.63600000739098,-117.77552802860737,6.1900001764297485,0.4813268780708313,3.5300000309944153,3.0868617296218872
349,35.873165011405945,35.959049820899963,-117.71383699774742,-117.76029965281487,6.8200001120567322,1.280980110168457,3.3999999761581421,3.0805189311504364
1079,33.191833019256592,33.207021176815033,-118.03099999949336,-118.05450263246894,17.649999931454659,5.2708625793457031,3.199999988079071,3.0518783032894135
238,35.881332039833069,35.986361742019653,-117.68450200557709,-117.87550807744265,3.8999998569488525,1.6779863834381104,3.1700000166893005,3.1139733195304871
213,35.950166940689087,35.974042296409607,-117.70366701483727,-117.71709659695625,3.5199996829032898,1.1876007914543152,4.0999999791383743,3.2982346415519714
1144,34.796500027179718,34.737775802612305,-116.2639000415802,-116.14955198764801,14.400000013411045,1.4166820049285889,3.6999999582767487,3.4704621434211731
2405,35.25600004196167,35.419945955276489,-118.56499999761581,-118.67703825235367,8.099999874830246,0.93266129493713379,3,3.0919768810272217
1817,35.952999949455261,35.970123887062073,-117.29900002479553,-117.46279609203339,3.7999999523162842,0.49107581377029419,3,3.0645995736122131
793,35.608665943145752,34.943655848503113,-117.59033200144768,-117.65940523147583,4.8300004005432129,5.0527936220169067,3.0199999809265137,3.1172657310962677
1096,34.697166979312897,34.70361739397049,-116.23916697502136,-116.15657126903534,2.6100003719329834,1.7722856998443604,4.1100000143051147,3.8168874531984329
1873,33.443000018596649,33.234024167060852,-116.59800004959106,-116.62118101119995,11.100000143051147,2.0676505565643311,3,3.0895175635814667
1867,34.187999993562698,34.055050007998943,-117.56319999694824,-117.55593422055244,3.6000001430511475,1.4673793315887451,3.4999999701976776,3.0962061882019043
2253,33.306999981403351,33.050512373447418,-116.39199995994568,-116.61716890335083,12.499999925494194,5.3756135702133179,4.1999999955296516,3.5912124216556549
345,35.665668964385986,35.740681648254395,-117.52383399009705,-117.57679116725922,7.0099997520446777,0.89005887508392334,3.4500000178813934,3.0840540826320648
523,35.883334994316101,34.884273648262024,-117.70549800992012,-118.18801267445087,5.0200000405311584,6.8006300926208496,3.129999965429306,3.1573290824890137
232,35.909999966621399,35.971651554107666,-117.70800000429153,-117.79751206934452,1.9100001454353333,0.95475375652313232,3,3.070200651884079
644,35.91016697883606,35.82265031337738,-117.73899999260902,-117.55194994807243,10.709999799728394,7.5315602123737335,3.7900000065565109,3.8447753190994263
1975,33.499000012874603,33.404225468635559,-116.57200002670288,-116.617267370224,12.299999892711639,2.100834846496582,3.0999999940395355,3.0923445224761963
2306,34.287999987602234,34.029404234141111,-116.98699998855591,-117.03067880868912,11.40000008046627,2.5655293464660645,3,3.0639946460723877
1428,34.495999991893768,34.350430220365524,-118.43399998545647,-118.52508276700974,5.0999996066093445,0.33955156803131104,3.3999999761581421,3.0904093086719513
533,35.786999940872192,35.958039999008179,-117.61933299899101,-117.69310516119003,3.0099999904632568,1.5347108244895935,3.679999977350235,3.1128903329372406
2294,32.726999998092651,32.282757759094238,-118.39300000667572,-118.32347616553307,31.4000004529953,9.4534492492675781,3.0999999940395355,3.0535392165184021
603,35.867333054542542,34.880922019481659,-117.66349801421165,-117.83021213114262,3.9100000262260437,5.2826660871505737,3.7599999904632568,3.1742240488529205
1489,34.017000000923872,33.965999398380518,-117.22699999809265,-117.23466169834137,16.899999976158142,2.3386359214782715,3.0999999940395355,3.0685370564460754
1915,35.121000051498413,35.046160697937012,-117.55599999427795,-117.62506750226021,2.0999997854232788,1.1998647451400757,3.6999999582767487,3.087541401386261
1426,34.310000002384186,34.10541395843029,-116.97500002384186,-116.87502098083496,5.6999999284744263,1.1179491877555847,3.199999988079071,3.0828062295913696
1074,34.179666996002197,34.014546153135598,-117.29316699504852,-117.21189051866531,8.6799998581409454,1.6983899474143982,3.1399999558925629,3.0751152634620667
2151,34.279100000858307,34.055208869278431,-116.84179997444153,-116.95145845413208,4.3000003695487976,4.5858210325241089,3.8999999910593033,3.1037790477275848
60,35.66683304309845,35.748798847198486,-117.44783300161362,-117.54484260082245,9.4499999284744263,0.47488868236541748,3,3.0712540447711945
2384,34.33500000834465,34.025277243927121,-117.06400001049042,-116.98825168609619,11.799999922513962,3.1400692462921143,3.0999999940395355,3.0607150197029114
92,35.892166972160339,35.973853468894958,-117.67750000953674,-117.7408741414547,2.6799997687339783,0.65440714359283447,3.6999999582767487,3.1000050008296967
666,35.780166983604431,35.880404353141785,-117.62816700339317,-117.36140757799149,5.7399997115135193,3.0708038806915283,3.4999999701976776,3.0835828185081482
1774,35.347000002861023,35.427222728729248,-118.56000000238419,-118.6768627166748,7.1000003814697266,0.77367156744003296,3,3.0981500744819641
2277,34.093999996781349,33.960503686219454,-118.26199999451637,-118.36882954835892,6.8999996781349182,0.76815158128738403,3,3.0819784998893738
280,35.620499014854431,35.717106223106384,-117.43116801977158,-117.46619468927383,2.3099997639656067,1.3206079602241516,3.3300000429153442,3.075488269329071
1719,34.004999999888241,33.836404889822006,-117.11900001764297,-117.1161395907402,13.100000023841858,2.0796990394592285,3.2999999821186066,3.0753791034221649
1779,32.690000057220459,32.364812254905701,-116.07700002193451,-116.16231691837311,5.899999737739563,1.2468516826629639,3.0999999940395355,3.2154973447322845
359,35.82666802406311,35.932324171066284,-117.66433000564575,-117.69147199392319,3.020000159740448,1.141437292098999,3.4999999701976776,3.1013387739658356
1804,33.921999998390675,33.757835373282433,-117.7660000026226,-117.79990139603615,0.80000013113021851,2.1258419752120972,3.199999988079071,3.077685534954071
1543,34.088600002229214,33.971979133784771,-119.04200005531311,-119.04032862186432,10.999999791383743,0.45713514089584351,3.0999999940395355,3.1723175346851349
1397,34.151999995112419,34.023312197998166,-117.44999998807907,-117.40460687875748,13.700000010430813,2.6965481042861938,3.3999999761581421,3.0652262270450592
1859,34.171000003814697,34.049813911318779,-116.45299994945526,-116.38240146636963,9.700000137090683,1.2918689846992493,3,3.0890648066997528
847,35.051332950592041,35.174542665481567,-118.93683302402496,-118.89291208982468,7.7299998700618744,1.8898281455039978,3.3500000238418579,3.1080233752727509
1206,35.826200008392334,35.697688817977905,-119.817999958992,-119.44652223587036,11.799999922513962,5.8508902788162231,3.0999999940395355,3.0788052678108215
2231,33.872999995946884,33.721818625926971,-117.85600000619888,-117.80498284101486,9.4999998807907104,3.8809436559677124,3.199999988079071,3.0723128020763397
760,35.642665982246399,35.718121290206909,-117.52933499217033,-117.67861112952232,0.60999959707260132,0.3478163480758667,3.2999999821186066,3.0974868535995483
110,35.637166976928711,35.805198550224304,-117.47416698932648,-117.52575412392616,1.6500002145767212,0.91406643390655518,3.8999999910593033,3.7284827828407288
1775,35.337200045585632,35.431518316268921,-118.5692999958992,-118.71056312322617,5.2000004053115845,0.50812751054763794,3.7999999970197678,3.1930366158485413
42,33.700832009315491,33.638276159763336,-117.43399798870087,-117.32136988639832,9.0900000929832458,2.0668315887451172,3.0399999618530273,3.0721325576305389
1770,33.022000014781952,32.993528246879578,-118.92299997806549,-118.70072555541992,5.9999996423721313,0.80096215009689331,3.199999988079071,3.0762922167778015
125,35.743000030517578,35.874795079231262,-117.55966699123383,-117.60832870006561,2.9899996519088745,0.92355430126190186,3.8999999910593033,3.4360456466674805
204,35.547000050544739,35.648613095283508,-117.37716698646545,-117.42911851406097,4.0700000524520874,1.2314996123313904,3.0999999940395355,3.0681600272655487
1473,34.314000010490417,34.070948921144009,-118.72100001573563,-118.74567121267319,8.7000001966953278,0.52875816822052002,3.2999999821186066,3.0747072100639343
52,33.319666981697083,33.067545831203461,-116.4210000038147,-116.52082705497742,7.2099995613098145,1.7457380890846252,3,3.1003695130348206
545,35.920833945274353,35.894529819488525,-117.67849698662758,-117.34215748310089,7.6900000870227814,1.6685360670089722,3.5600000023841858,3.0832917988300323
68,35.671833038330078,35.692032933235168,-117.52333301305771,-117.69821053743362,10.139999985694885,1.1476600170135498,3.2199999690055847,3.0692494511604309
1814,34.91100001335144,34.883253633975983,-116.94700002670288,-116.81580662727356,7.8000001609325409,2.1631479263305664,3.4999999701976776,3.0822147130966187
2009,34.118000000715256,34.007701545022428,-117.43699997663498,-117.41025942564011,4.699999988079071,3.0089253187179565,3.5999999642372131,3.074381411075592
2228,33.184000015258789,32.970290184020996,-116.74500000476837,-116.71756601333618,3.099999725818634,3.0136263370513916,3.4999999701976776,3.2146028280258179
1966,35.511000037193298,35.652665972709656,-119.46599996089935,-119.17858040332794,23.000000417232513,0.82144260406494141,3,3.0879928171634674
1424,35.49399995803833,35.66765284538269,-118.39800000190735,-118.51708954572678,2.800000011920929,0.36377817392349243,3,3.1032392978668213
183,35.593500018119812,35.717281579971313,-117.38066697120667,-117.43851143121719,6.5299996733665466,1.6562443971633911,3.3999999761581421,3.0701985955238342
137,35.873667001724243,35.95344614982605,-117.70966699719429,-117.73610988259315,8.0100001394748688,0.86611479520797729,3.6699999868869781,3.0962137877941132
899,33.485333025455475,33.302979588508606,-116.80483305454254,-116.85759401321411,1.4300000667572021,1.8151411414146423,3.7800000160932541,3.0973088443279266
796,35.671499967575073,35.80677604675293,-117.47883301973343,-117.43525820970535,5.1599997282028198,1.2623405456542969,4.5,3.9017397165298462
132,35.64549994468689,35.759881734848022,-117.50350001454353,-117.58284136652946,4.8899996280670166,0.85238456726074219,3.3500000238418579,3.0756247043609619
80,35.905500054359436,35.934671998023987,-117.70733299851418,-117.84109292924404,4.8999997973442078,1.2487462162971497,3.199999988079071,3.0921927988529205
1586,32.687000036239624,32.346059799194336,-116.00800001621246,-116.3646867275238,13.499999977648258,3.1301137804985046,3.199999988079071,3.1491997539997101
2186,33.992999999783933,33.748736441135406,-116.8639999628067,-117.00494027137756,14.299999997019768,3.9245429635047913,3,3.0638275444507599
758,35.722668051719666,35.878347396850586,-117.55300098657608,-117.65244325995445,1.0200002789497375,0.81272363662719727,3.5300000309944153,3.1292273104190826
541,35.553666949272156,35.697944760322571,-117.43416702747345,-117.40312433242798,1.7699995636940002,2.5714212656021118,3.0999999940395355,3.0902045667171478
1019,34.423500001430511,34.291198462247849,-119.6438330411911,-119.59192180633545,10.929999947547913,0.78216344118118286,3.1199999749660492,3.0687885582447052
1822,33.832900002598763,33.650898635387421,-116.19550001621246,-116.3416942358017,9.9999998509883881,3.6374124884605408,3.7999999970197678,3.5352307856082916
983,33.135500013828278,32.982570290565491,-116.66016697883606,-116.69152677059174,2.6699995994567871,2.4033790826797485,3.4400000274181366,3.1092208921909332
2262,32.353000044822693,32.136073589324951,-118.1059999987483,-118.03565757721663,6.6999998688697815,8.769223541021347,3.0999999940395355,3.0584162771701813
165,35.677999973297119,35.238305807113647,-117.51766699552536,-117.77726118266582,6.4799997210502625,6.0729324817657471,3.5999999642372131,3.7268950939178467
248,35.642166018486023,35.739913105964661,-117.45283502340317,-117.48747557401657,10.949999839067459,1.1652892827987671,3.5600000023841858,3.1244630813598633
1331,32.921000003814697,32.809162855148315,-117.49800002574921,-117.30298721790314,15.400000009685755,5.5128961801528931,3,3.0564864277839661
446,35.577666997909546,35.631438732147217,-117.37300097942352,-117.31627607345581,3.5899999737739563,2.6237332820892334,3.9999999850988388,3.660062313079834
1832,33.074000000953674,32.870607376098633,-116.49899995326996,-116.57538235187531,11.799999922513962,1.3099265098571777,3.2999999821186066,3.1281909942626953
858,32.806167006492615,33.189400494098663,-118.48849999904633,-118.69607710838318,6.0699999332427979,6.2391990423202515,3.2999999821186066,3.0438105762004852
1358,33.827999994158745,33.771240383386612,-118.57099997997284,-118.55387192964554,8.4999999403953552,0.74231386184692383,3.3999999761581421,3.0871717929840088
2280,34.048000000417233,33.91763523966074,-116.76999998092651,-116.75615835189819,13.700000010430813,1.8103444576263428,3.0999999940395355,3.0703894793987274
97,35.651167035102844,35.730294108390808,-117.49933302402496,-117.59693020582199,10.399999916553497,1.019713282585144,3.3199999630451202,3.0698196887969971
1850,32.983000040054321,32.670617461204529,-116.32000005245209,-116.40565228462219,5.899999737739563,2.249075174331665,3.199999988079071,3.1374763548374176
805,35.597167015075684,35.661072611808777,-117.6001670062542,-117.62935295701027,5.5500000715255737,1.5283933281898499,4.2999999895691872,3.2040114104747772
737,35.771667003631592,35.884088635444641,-117.5706669986248,-117.64477515220642,6.8200001120567322,0.54809242486953735,4.0899999886751175,3.6601797938346863
1989,34.109999999403954,34.01821912266314,-117.30699998140335,-117.37069123983383,14.899999997578561,2.364007830619812,3.3999999761581421,3.0847004055976868
1943,32.552899956703186,32.135915637016296,-118.0379999987781,-118.35139361023903,9.9999998509883881,9.9337483942508698,4.8000000044703484,4.6210844703018665
2311,34.287000000476837,34.022157425060868,-116.98800003528595,-117.0011397600174,8.3000001311302185,2.8307193517684937,3,3.057657927274704
102,35.956166982650757,35.977609634399414,-117.7128329873085,-117.75461602210999,2.7700003981590271,0.96565067768096924,3.1700000166893005,3.0773646533489227
434,35.899832963943481,35.955473780632019,-117.73516699671745,-117.82123716175556,1.7199996113777161,1.2953996658325195,3.199999988079071,3.094436377286911
74,35.830167055130005,35.951966285705566,-117.65083301067352,-117.75658774375916,2.9999998211860657,0.67622601985931396,3.3300000429153442,3.0676603317260742
577,35.649333000183105,35.627749681472778,-117.45783299207687,-117.37031531333923,2.369999885559082,3.0274692177772522,3.8999999910593033,3.0932036340236664
1904,33.787000000476837,33.47471022605896,-116.17799997329712,-116.36753523349762,9.3999999761581421,2.995038628578186,3.5999999642372131,3.0862120985984802
1988,33.687200009822845,33.767957702279091,-118.66180002689362,-118.63917165994644,10.100000202655792,0.85812628269195557,3.199999988079071,3.0971861779689789
1230,33.888599999248981,33.735996127128601,-117.94249999895692,-117.95761827006936,13.599999994039536,2.3807519674301147,3.0999999940395355,3.0685736238956451
918,34.136333003640175,34.028234416618943,-117.7746669948101,-117.71489256620407,5.4600003361701965,4.2607006430625916,4.4100000020116568,3.9770839065313339
1326,33.979199999943376,33.917086906731129,-117.22600001096725,-117.25920748710632,3.3000004291534424,2.6569408178329468,3.5999999642372131,3.0771113634109497
2349,35.713000059127808,35.554293632507324,-118.03200000151992,-118.10785377770662,8.4000000357627869,0.14937400817871094,3.9999999850988388,3.5881070494651794
2476,34.458999991416931,34.090404473245144,-116.51499998569489,-116.63170623779297,3.7999999523162842,4.0754520893096924,3.2999999821186066,3.0600986480712891
2276,34.819000005722046,35.143362522125244,-116.35399997234344,-116.97118759155273,2.8999999165534973,0.85484057664871216,3.0999999940395355,3.1179051697254181
762,35.774665951728821,35.891394972801208,-117.6169970035553,-117.74894994497299,2.3500004410743713,0.94930529594421387,3.2999999821186066,3.0788664221763611
2143,34.307000011205673,34.135454937815666,-116.83299994468689,-116.64845883846283,3.6000001430511475,3.3591404557228088,3,3.0581713914871216
989,35.032832980155945,34.915184080600739,-119.30316698551178,-119.40840721130371,11.480000093579292,0.57861417531967163,3.2299999594688416,3.0959343910217285
388,35.917834997177124,35.968522548675537,-117.71566799283028,-117.70946624875069,2.10999995470047,1.4240598678588867,3.2700000107288361,3.0836947560310364
235,35.822666049003601,35.947810769081116,-117.63933598995209,-117.73468375205994,2.8100001811981201,0.67530065774917603,3.4099999666213989,3.0806701183319092
2325,35.911999940872192,35.967559456825256,-117.8289999961853,-117.76659685373306,1.8999999761581421,2.7443200349807739,3.5999999642372131,3.4941864609718323
267,35.683665990829468,35.79737401008606,-117.53800201416016,-117.63288077712059,9.7500000894069672,1.5258622169494629,3,3.0648302435874939
1329,33.014400005340576,32.687662839889526,-116.30089998245239,-116.46612775325775,17.000000104308128,2.403160035610199,3.199999988079071,3.1195947825908661
2293,32.675999999046326,32.533653736114502,-118.36700001358986,-118.1947970688343,25.200000107288361,8.3999580144882202,3.9999999850988388,3.1986123025417328
117,35.940333962440491,35.86835503578186,-117.6953350007534,-117.93865027278662,2.5900000333786011,0.80650269985198975,3,3.1127514839172363
437,35.834499001502991,35.741983532905579,-117.66549700498581,-117.5238618850708,4.4600003957748413,0.67076325416564941,3.3500000238418579,3.0793210566043854
673,35.912832975387573,35.924236536026001,-117.7123329937458,-117.56908315420151,6.6999998688697815,1.3667616248130798,3.7900000065565109,3.0983303189277649
249,35.901833057403564,35.964969277381897,-117.69016700983047,-117.74913939833641,2.4799999594688416,0.74409306049346924,3.9599999785423279,3.1324471235275269
2157,34.310000002384186,34.135964706540108,-116.84800004959106,-116.81494903564453,5.4000002145767212,3.1337320804595947,3.3999999761581421,3.0533097088336945
1574,33.26529997587204,33.073083519935608,-116.71000003814697,-116.71478164196014,2.0999997854232788,1.4679193496704102,3.4999999701976776,3.1021918058395386
2538,34.096000000834465,34.017446968704462,-116.98199999332428,-116.96527421474457,9.4999998807907104,1.6537964344024658,3.4999999701976776,3.0852143168449402
94,35.646332979202271,35.762231588363647,-117.45349997282028,-117.43476122617722,3.569999635219574,1.6562327742576599,3.3099999725818634,3.0648458003997803
2449,33.902999997138977,33.795587375760078,-116.64800000190735,-116.78249073028564,4.0999996662139893,4.5136946439743042,3.6999999582767487,3.0749139189720154
33,34.273999989032745,34.127185583114624,-119.29016697406769,-119.28442871570587,11.309999898076057,1.8337324261665344,3.199999988079071,3.0719772577285767
2208,33.236999988555908,32.808929204940796,-116.10800004005432,-116.46459269523621,14.599999990314245,5.3402727842330933,3.7999999970197678,3.3895082473754883
2163,34.410800009965897,34.250092297792435,-116.84479999542236,-118.09356494992971,4.400000274181366,4.5374786853790283,3.9999999850988388,4.0190111696720123
2317,35.98800003528595,35.967941761016846,-117.87100000679493,-118.15106971561909,2.9999998211860657,0.091889798641204834,3,3.0805579125881195
448,35.672999978065491,35.771597385406494,-117.55133101344109,-117.61479461193085,1.1499997973442078,1.4447978138923645,3.3999999761581421,3.1145041286945343
1469,33.981000000610948,33.831127434968948,-118.81400001049042,-118.76804810762405,9.9999998509883881,0.7304808497428894,3.2999999821186066,3.0861087441444397
1795,34.788999974727631,34.827254593372345,-116.28799998760223,-116.25957036018372,2.5000002980232239,1.6003990173339844,3.199999988079071,3.0863003432750702
716,35.901833057403564,34.320633798837662,-117.72733300924301,-118.06701397895813,5.3000003099441528,5.2519208192825317,4.1900000050663948,4.3761358447372913
1999,35.930999994277954,35.339836716651917,-119.97000002861023,-119.59876811504364,28.600000441074371,6.2785962224006653,3.0999999940395355,3.0832824110984802
2489,35.968000054359436,35.969092130661011,-117.89000000059605,-117.7999869287014,2.6000002026557922,0.70993512868881226,3.2999999821186066,3.0745057761669159
0,33.926666997373104,33.705654263496399,-117.87650000303984,-117.93576827645302,8.6599999666213989,3.8391906023025513,3.199999988079071,3.0736393332481384
456,35.686000943183899,35.746105909347534,-117.5531690120697,-117.53822329640388,8.6100000143051147,2.5067970156669617,3.199999988079071,3.0851685404777527
1101,33.66049998998642,33.532177954912186,-116.77366697788239,-116.87383365631104,13.630000054836273,2.2371295094490051,3.2999999821186066,3.0762657523155212
1108,35.212167024612427,35.111714124679565,-117.28083300590515,-117.32318931818008,3.1400004029273987,1.3002839684486389,3.7400000095367432,3.1364479064941406
1940,34.003299999982119,33.846679106354713,-116.68669998645782,-116.83237755298615,16.000000052154064,1.8972265720367432,4.1999999955296516,3.6642427146434784
82,35.531999945640564,35.663942456245422,-117.37033301591873,-117.34727740287781,8.4699998795986176,0.77699124813079834,3.2299999594688416,3.0649832189083099
1481,33.825000002980232,35.110806584358215,-116.98599994182587,-118.86642420291901,12.699999958276749,5.3067907691001892,3.2999999821186066,3.024889200925827
2035,34.138999998569489,34.089623965322971,-119.182000041008,-119.01557171344757,24.200000166893005,1.1383974552154541,3.0999999940395355,3.0801182091236115
676,35.662500023841858,34.843318343162537,-117.54449999332428,-117.5610531270504,3.1800001859664917,4.9261361360549927,3.8499999940395355,3.1407637596130371
1588,32.021900057792664,32.056210398674011,-117.48220002651215,-117.0846796631813,3.1999996304512024,10.94697117805481,3.5999999642372131,3.0899246335029602
2155,34.31700000166893,34.073399789631367,-116.85599994659424,-116.79214930534363,2.1999996900558472,2.9381579160690308,3.0999999940395355,3.0586554408073425
1046,33.248833000659943,32.972575187683105,-116.41449999809265,-116.58327066898346,4.9499997496604919,3.1345510482788086,3.3099999725818634,3.0933921933174133
1460,32.876199960708618,32.526450634002686,-116.20729994773865,-116.28604197502136,16.19999997317791,2.1789729595184326,3.0999999940395355,3.0983344316482544
770,35.657166004180908,35.776866555213928,-117.52183499932289,-117.59966498613358,1.6699996590614319,1.4577215909957886,3.3300000429153442,3.0820134580135345
1668,34.097999997437,33.949693884700537,-117.30599999427795,-117.31777185201645,15.100000002421439,2.1447569131851196,3.199999988079071,3.0750285387039185
1924,32.082000017166138,32.286787748336792,-116.37600004673004,-116.18203866481781,3.9999997615814209,6.1155813932418823,3.8999999910593033,3.1876643300056458
2022,34.726000010967255,34.747606992721558,-116.04799997806549,-116.16229939460754,2.0999997854232788,2.3669305443763733,3.199999988079071,3.0840061604976654
517,35.946498990058899,35.97049880027771,-117.72283199429512,-117.72691747546196,1.2200000882148743,0.86037755012512207,3.1199999749660492,3.0784266293048859
822,35.659332036972046,35.708558797836304,-117.53817000985146,-117.55833122134209,8.4699998795986176,1.146124005317688,3.4600000083446503,3.0941964983940125
404,35.880664944648743,35.964929819107056,-117.70066800713539,-117.75856299698353,2.1300002932548523,0.65552741289138794,3.3999999761581421,3.0930271446704865
384,35.906334042549133,35.978668570518494,-117.73916599154472,-117.77327601611614,2.2300001978874207,0.81634283065795898,3.7200000286102295,3.1471966803073883
2316,35.919000029563904,35.97221565246582,-117.85099999606609,-117.97881095483899,3.4000003337860107,4.5102059841156006,3.8999999910593033,3.5068734884262085
2102,32.50629997253418,32.581658005714417,-117.17659997940063,-116.84863352775574,9.8999999463558197,5.4253730177879333,3.8999999910593033,3.117195725440979
104,35.666499972343445,35.768966555595398,-117.50583299994469,-117.55339881777763,10.280000120401382,0.90556830167770386,3.6300000250339508,3.1017369031906128
1633,32.715399980545044,32.637923240661621,-117.59340000152588,-117.37075573205948,7.5999999046325684,7.9106569290161133,3.7999999970197678,3.0615531206130981
2424,34.532000005245209,34.551384270191193,-116.31200003623962,-116.25915968418121,1.7000001668930054,6.7335471510887146,3.199999988079071,3.0658437609672546
688,35.71483302116394,35.838270545005798,-117.50516700744629,-117.75063744187355,1.7399999499320984,7.4539670348167419,4.1299999952316284,3.275511771440506
794,35.709499001502991,35.824601054191589,-117.55666399002075,-117.54329967498779,0.34000039100646973,0.57872235774993896,3.3400000333786011,3.0866387486457825
826,35.748165011405945,35.820962429046631,-117.54183200001717,-117.37178462743759,2.2599998116493225,5.1134705543518066,3.0199999809265137,3.1614904403686523
1877,32.737499952316284,32.539092063903809,-116.07410001754761,-116.44706845283508,2.800000011920929,1.400291919708252,5.4000000357627869,3.2222998738288879
1240,32.885499954223633,32.601184129714966,-116.21539998054504,-116.25326716899872,12.499999925494194,2.0078068971633911,3.3999999761581421,3.1332639455795288
62,33.319333016872406,33.098577260971069,-116.42033302783966,-116.48557901382446,8.359999805688858,1.2813618779182434,3.0999999940395355,3.0884906351566315
1305,34.419999986886978,34.30094313621521,-119.93400001525879,-119.74762356281281,10.60000017285347,2.1827316284179688,3.0999999940395355,3.0629188120365143
852,33.939667001366615,33.783680275082588,-116.67449998855591,-116.70783615112305,17.300000041723251,1.8032598495483398,3.0299999713897705,3.0756805837154388
2327,33.462000012397766,33.089103221893311,-116.41700005531311,-116.63652276992798,14.599999990314245,2.9441490769386292,3,3.0968813896179199
176,35.677999973297119,35.82072389125824,-117.50600001215935,-117.535091817379,9.1599999368190765,0.88532030582427979,3.6899999678134918,3.127166748046875
1262,33.488600015640259,33.30982905626297,-116.48210000991821,-116.47684466838837,12.60000005364418,1.3046121597290039,3,3.1050712466239929
223,35.89783501625061,35.966173768043518,-117.70899999141693,-117.77878654003143,9.1099999845027924,1.5826812386512756,3.4999999701976776,3.086913138628006
145,35.623832941055298,35.684908628463745,-117.57383298873901,-117.77765135467052,7.9399998486042023,0.47010719776153564,3.2299999594688416,3.0654884576797485
1088,34.694333016872406,34.704797506332397,-116.24283301830292,-116.15835928916931,2.3500004410743713,1.5678307414054871,4.0999999791383743,3.2395254671573639
373,34.019501000642776,33.941035829484463,-117.21866601705551,-117.13252675533295,16.099999956786633,2.1422722935676575,3.0199999809265137,3.089604377746582
1824,32.700799942016602,32.403969526290894,-116.03550004959106,-116.17307496070862,13.499999977648258,0.93827158212661743,3,3.1714149713516235
2137,34.28439998626709,33.353570282459259,-116.83239996433258,-117.42962771654129,4.6000000834465027,10.624331831932068,3.6999999582767487,3.2050957381725311
1142,33.997900000074878,33.914180055260658,-118.35710000991821,-118.38506653904915,18.200000077486038,0.60133874416351318,3,3.0780593454837799
2432,35.605000019073486,35.871139049530029,-117.61000001430511,-117.55848228931427,3.7000000476837158,4.5938864350318909,3.4999999701976776,3.0805528163909912
2192,34.802999973297119,34.839093923568726,-116.27499997615814,-116.21689426898956,3.7000000476837158,4.3458732962608337,3.0999999940395355,3.0715900361537933
1274,34.703000009059906,34.593402683734894,-116.27569997310638,-116.2024450302124,8.4999999403953552,2.0348489284515381,3.5999999642372131,3.0999846160411835
1265,32.417099952697754,32.349427223205566,-116.24360001087189,-116.17614197731018,15.500000026077032,3.1515008211135864,3.4999999701976776,3.3484639227390289
2264,34.162000000476837,34.181130275130272,-116.43400001525879,-116.67711353302002,9.5999997854232788,4.4642525911331177,3.2999999821186066,3.0657037496566772
2241,33.013000011444092,32.780476331710815,-116.37300002574921,-116.61264657974243,16.099999956786633,2.3190826177597046,3.5999999642372131,3.17573082447052
9,35.913166999816895,35.959115743637085,-117.70966699719429,-117.83220857381821,3.3400002121925354,1.0960865020751953,3.0500000417232513,3.0767550766468048
449,35.911167025566101,34.532604813575745,-117.7333300113678,-118.45604664087296,5.2799999713897705,2.7543032169342041,3,3.1318971812725067
1838,33.426400005817413,33.219940304756165,-116.58249998092651,-116.75686812400818,9.2000001668930054,2.63846755027771,3.4999999701976776,3.0892155468463898
708,35.892667055130005,34.631481528282166,-117.69966700673103,-117.71843323111534,8.5699997842311859,4.6169024705886841,4.1999999955296516,3.4024107456207275
255,35.700832009315491,35.808133602142334,-117.49283599853516,-117.55018562078476,8.6400000751018524,0.98461300134658813,3.550000011920929,3.1374721527099609
882,32.770833015441895,33.032938718795776,-118.34633299708366,-118.34447458386421,1.7699995636940002,6.344304084777832,3.3999999761581421,3.0335473716259003
1617,33.974999999627471,33.822975188493729,-116.96399998664856,-117.04853314161301,14.899999997578561,2.0572507381439209,3.3999999761581421,3.0790859162807465
389,35.899665951728821,35.966593027114868,-117.73466500639915,-117.82213848829269,3.0099999904632568,0.89495211839675903,3.8999999910593033,3.171200305223465
1276,33.723899990320206,33.752413854002953,-117.72020000219345,-117.64776739478111,4.1999995708465576,3.5804307460784912,3.199999988079071,3.0599559545516968
2435,34.71399998664856,34.744059145450592,-116.30900001525879,-116.09079086780548,4.7999998927116394,5.6546097993850708,3.2999999821186066,3.0924672782421112
1581,34.010999999940395,33.904926329851151,-117.18900001049042,-117.19914448261261,7.4000000953674316,2.1837276220321655,3.3999999761581421,3.1180979311466217
908,32.737666964530945,32.480970740318298,-118.30266699194908,-118.37819328904152,12.970000058412552,3.1050199270248413,3.2700000107288361,3.0622611343860626
924,33.932333000004292,33.791909724473953,-116.82783305644989,-116.78412842750549,6.1800000071525574,1.2172150611877441,3.0999999940395355,3.0834808945655823
751,35.75,35.901782631874084,-117.56416299939156,-117.60382729768753,3.3799999952316284,1.0033831000328064,3.6999999582767487,3.1853595972061157
1947,35.381999969482422,35.510784864425659,-118.46700000762939,-118.58453643321991,5.9999996423721313,0.44591814279556274,3.5999999642372131,3.1172281801700592
460,35.789500951766968,35.382434368133545,-117.6169970035553,-117.24850541353226,8.5400001704692841,4.9077808856964111,3,3.1002818942070007
1747,33.204900026321411,33.057047843933105,-116.72669994831085,-116.76157784461975,9.9999998509883881,2.9335677623748779,3.6999999582767487,3.1054337024688721
2005,32.126000046730042,32.062237024307251,-117.61599999666214,-117.58709263801575,6.9999995827674866,9.253014475107193,3.3999999761581421,3.076883465051651
1224,32.123499989509583,32.023415684700012,-116.34920001029968,-116.2475848197937,18.000000044703484,11.579689979553223,3.5999999642372131,3.2703131139278412
1168,32.854400038719177,32.637571215629578,-118.62580001354218,-118.58407670259476,15.599999986588955,0.22036314010620117,3.4999999701976776,3.0812720060348511
958,33.652833014726639,33.505355447530746,-117.34183299541473,-117.38709026575089,3.710000216960907,1.8929940462112427,3.4999999701976776,3.0889034271240234
501,35.654332995414734,35.60605788230896,-117.33300000429153,-117.40909689664841,6.9099998474121094,1.4532977342605591,3.3999999761581421,3.0916813910007477
1727,33.931999996304512,33.817520901560783,-117.82569999992847,-117.82763363420963,14.100000020116568,4.1422086954116821,3.7999999970197678,3.1665094792842865
739,35.763167023658752,35.958751916885376,-117.58383300900459,-117.82929386198521,7.9099997878074646,0.30036360025405884,3.199999988079071,3.0872981250286102
40,35.613335013389587,35.718202829360962,-117.4455029964447,-117.54689875245094,6.4899998903274536,0.81947833299636841,3,3.0627313256263733
868,34.110666997730732,33.980078306049109,-117.31616699695587,-117.31303822994232,16.150000020861626,2.3906475305557251,3.3999999761581421,3.0745460987091064
731,35.792500019073486,35.944674015045166,-117.61533400416374,-117.74608585238457,3.3300000429153442,0.36581039428710938,3.4199999570846558,3.0748260319232941
539,35.871497988700867,35.844345331192017,-117.68583700060844,-117.67855003476143,1.6899999976158142,1.2032318115234375,3.7999999970197678,3.1207993626594543
1201,34.274899989366531,34.417965471744537,-117.01050001382828,-117.95490926131606,11.100000143051147,4.7428679466247559,4.9000000208616257,3.6230789422988892
1339,33.004000008106232,32.70121431350708,-116.23500001430511,-116.46142554283142,6.2000003457069397,1.8731001019477844,3.5999999642372131,3.1429270505905151
697,35.906833052635193,34.490274548530579,-117.7039999961853,-117.81230951845646,8.8399998843669891,5.2498099207878113,4.0999999791383743,3.2313433885574341
1671,34.39300000667572,34.262244254350662,-118.74400001764297,-118.87029749155045,13.200000040233135,0.41866421699523926,3,3.073288232088089
2115,32.000100016593933,32.066000580787659,-117.47070002555847,-116.8488609790802,18.59999991953373,11.314088478684425,3.6999999582767487,3.161395937204361
2104,33.760000005364418,32.705556154251099,-116.02699995040894,-116.42298102378845,5.6000000238418579,8.1852284073829651,3.0999999940395355,3.0780335962772369
1371,34.061999998986721,33.825497761368752,-116.36600005626678,-116.369961977005,7.3000001907348633,2.0791080594062805,3.199999988079071,3.0838639140129089
1145,33.92339999973774,33.62020206451416,-116.02999997138977,-116.16974782943726,17.500000074505806,1.8390101194381714,3.2999999821186066,3.1158699989318848
1031,33.379666984081268,33.726334571838379,-119.24399995803833,-118.78328394889832,9.6599999070167542,5.6190937757492065,3.0299999713897705,3.0496689677238464
372,35.691501975059509,35.757059812545776,-117.51300099492073,-117.56085911393166,1.7299997806549072,2.4410873651504517,3.3999999761581421,3.083272397518158
667,35.913333058357239,35.647302389144897,-117.70300000905991,-117.77788624167442,7.0400002598762512,3.3273589611053467,3.6500000059604645,3.0984546840190887
1431,34.352999985218048,34.109634540975094,-118.45199999213219,-118.57262831926346,1.5000003576278687,0.39438307285308838,3,3.0740121603012085
2214,35.312000036239624,35.620595335960388,-119.44700002670288,-119.52624547481537,14.299999997019768,9.3322102725505829,3.0999999940395355,3.0540802180767059
357,35.669334053993225,35.760258674621582,-117.51166498661041,-117.41606712341309,2.2800001502037048,3.401515781879425,3.3999999761581421,3.0853538811206818
967,34.315499991178513,34.118419900536537,-116.85066699981689,-116.76633334159851,1.5299999713897705,0.93583792448043823,3.199999988079071,3.0899500250816345
783,35.615501046180725,35.66556453704834,-117.58933299779892,-117.74756333231926,5.429999828338623,2.0576423406600952,3.0800000131130219,3.0802258551120758
735,35.742831945419312,35.912843108177185,-117.56749698519707,-117.5827154815197,2.330000102519989,0.85869491100311279,3.9399999976158142,3.3973369002342224
1353,35.99370002746582,35.972492337226868,-118.37999999523163,-118.56895262002945,4.5000001788139343,0.10079026222229004,3.2999999821186066,3.0907997488975525
1035,34.05799999833107,33.954825658351183,-117.00083297491074,-116.97217094898224,12.760000079870224,1.2342631816864014,3.0999999940395355,3.0904304981231689
970,33.143167018890381,32.778593182563782,-116.47500002384186,-116.59742546081543,10.200000107288361,3.46893310546875,3,3.0982124805450439
470,35.877997994422913,35.952317118644714,-117.71616399288177,-117.73249214887619,2.0899996161460876,1.084493100643158,3.4099999666213989,3.1063211560249329
655,35.918666958808899,34.967443943023682,-117.71883299946785,-117.71538239717484,3.3199998736381531,5.4711413383483887,3.4699999988079071,3.1360379755496979
2393,32.016999959945679,32.090117573738098,-116.04700005054474,-116.46823585033417,19.600000083446503,7.4657195806503296,3.0999999940395355,3.1218472123146057
1909,33.821999996900558,33.763164848089218,-119.42799997329712,-119.36834335327148,6.5000000596046448,1.6166728734970093,3.199999988079071,3.073295384645462
2369,34.642000019550323,34.621512711048126,-116.28600001335144,-116.18701195716858,12.800000086426735,5.0076591968536377,3.2999999821186066,3.0759020447731018
1396,32.998999953269958,32.783533453941345,-116.41630005836487,-116.60709226131439,16.099999956786633,2.2585675120353699,3.2999999821186066,3.1004794836044312
1536,33.824200004339218,33.722773671150208,-118.45910000801086,-118.46216639876366,14.19999998062849,0.81635892391204834,3.4999999701976776,3.1000119745731354
2042,34.010999999940395,33.903396978974342,-117.24500000476837,-117.20421177148819,13.700000010430813,1.9619929790496826,3,3.0721683204174042
2212,33.920999996364117,33.801902770996094,-117.76899999380112,-117.68482238054276,11.700000017881393,3.9398789405822754,3,3.0660721957683563
1549,33.258000016212463,32.814779996871948,-116.05560004711151,-116.36675012111664,7.3000001907348633,3.2615742087364197,3.3999999761581421,3.1072217524051666
1328,33.242999970912933,32.727744340896606,-116.01960003376007,-116.52261877059937,5.4000002145767212,4.4720202684402466,3.4999999701976776,3.1094050705432892
1256,33.627900004386902,33.528788149356842,-116.74129998683929,-116.76288223266602,18.400000110268593,1.8766415119171143,3,3.0777829885482788
2190,35.949000000953674,35.95977258682251,-117.2950000166893,-117.19817686080933,5.3000003099441528,0.67433595657348633,3.0999999940395355,3.0891577899456024
1425,33.478999972343445,33.229845225811005,-116.4539999961853,-116.64009833335876,14.700000006705523,2.8935965895652771,3.199999988079071,3.0751489698886871
1464,33.46069997549057,33.283403933048248,-116.42369997501373,-116.69138741493225,11.799999922513962,2.9364225268363953,3.199999988079071,3.0710005760192871
1555,32.705000042915344,32.359818458557129,-116.00100004673004,-116.1638091802597,0,1.4138773083686829,3.2999999821186066,3.1862655580043793
2184,33.859400004148483,33.28818142414093,-116.23599994182587,-116.57676982879639,14.100000020116568,7.9071986675262451,3.4999999701976776,3.0699672996997833
1250,34.069700002670288,33.931390628218651,-118.28450000286102,-118.32294496893883,14.499999973922968,1.072622537612915,3,3.0691269636154175
1699,33.498000025749207,33.265211164951324,-116.51300001144409,-116.62378072738647,13.399999961256981,2.3053121566772461,3,3.0806638598442078
1252,34.052299998700619,33.920716807246208,-117.55050000548363,-117.48780393600464,18.500000014901161,3.5036382079124451,3.0999999940395355,3.0639063119888306
2465,34.259999990463257,34.036166466772556,-116.86000001430511,-116.93068504333496,5.4000002145767212,2.9230713844299316,3.6999999582767487,3.1001560091972351
2352,35.796000003814697,35.856725692749023,-118.04300000146031,-118.04319527745247,8.099999874830246,0.45071303844451904,3,3.0882944762706757
1236,33.9391999989748,34.293729990720749,-117.89720000326633,-117.84702314436436,11.499999985098839,4.8678293824195862,3.199999988079071,3.1562599539756775
885,34.407667011022568,34.138998255133629,-116.89183294773102,-116.83118450641632,1.8600001931190491,1.2538620829582214,3.5600000023841858,3.1070861220359802
79,35.885332942008972,35.973193168640137,-117.70199999213219,-117.77133393287659,5.6000000238418579,0.45305460691452026,3.5999999642372131,3.0870829224586487
1172,34.014000000432134,33.850854709744453,-116.31299996376038,-116.32863712310791,17.300000041723251,2.3791703581809998,3.199999988079071,3.0806128978729248
814,35.742666959762573,35.629836082458496,-117.55649998784065,-117.40423995256424,1.4500004053115845,2.8206780552864075,4.0999999791383743,3.6908120512962341
1852,32.989799976348877,32.658246517181396,-116.30299997329712,-116.5628867149353,8.7000001966953278,2.0944690704345703,3.6999999582767487,3.1354715824127197
2029,34.120999999344349,33.825608462095261,-116.40199995040894,-116.49137461185455,8.099999874830246,1.7931139469146729,3.5999999642372131,3.1262650787830353
671,35.716667056083679,35.459977984428406,-117.55149999260902,-117.51359221339226,10.520000159740448,6.5192770957946777,3.6899999678134918,3.1835958659648895
2217,34.128000006079674,34.014664513990283,-117.40799999237061,-117.27815735340118,6.1000004410743713,2.7388536930084229,3.6999999582767487,3.0883374810218811
2481,34.118000000715256,34.003427777905017,-117.47100001573563,-117.47597599029541,14.499999973922968,4.1016697883605957,3.5999999642372131,3.0864889025688171
57,35.841166973114014,35.909752488136292,-117.73666700720787,-117.85028205811977,4.7999998927116394,1.1190390586853027,3.2999999821186066,3.0839526951313019
133,35.672500014305115,35.759608268737793,-117.46649998426437,-117.56031447649002,8.7500001490116119,2.9856026172637939,3.1800000071525574,3.0649004280567169
1140,33.835600003600121,33.674519181251526,-118.25299999117851,-118.22920203208923,19.39999982714653,0.82460671663284302,3.199999988079071,3.0734434425830841
933,32.606832981109619,32.36854362487793,-117.54066699743271,-117.20872592926025,17.800000011920929,9.289369136095047,3.4600000083446503,3.0620408356189728
928,34.010832999832928,33.924903258681297,-117.58466699719429,-117.49029004573822,4.3099996447563171,3.3472001552581787,3.4999999701976776,3.0852499008178711
823,35.66700005531311,35.701156973838806,-117.51000198721886,-117.46235686540604,1.8100002408027649,1.965063214302063,3.5300000309944153,3.1023814380168915
1432,34.331400007009506,34.11962915956974,-118.43320000171661,-118.55946570634842,8.9000000059604645,0.41007041931152344,4.2999999895691872,3.4071430563926697
1392,33.829799994826317,33.571910053491592,-116.11629998683929,-116.28925132751465,4.699999988079071,2.7322706580162048,3.0999999940395355,3.0749388635158539
1531,33.392000019550323,34.002870528027415,-116.39499998092651,-117.46663624048233,5.6000000238418579,5.0184077024459839,4.1999999955296516,4.3740609772503376
1214,34.087399996817112,33.949769519269466,-118.50239998102188,-118.5491669178009,9.700000137090683,0.20639866590499878,4.1999999955296516,3.1865745484828949
504,35.67283296585083,35.487196803092957,-117.4743350148201,-117.47456157207489,1.8600001931190491,5.9772706031799316,3.679999977350235,3.0774834752082825
2510,34.771000027656555,34.78708428144455,-116.40799999237061,-116.23563015460968,4.699999988079071,2.8973445296287537,3.8999999910593033,3.1344293653964996
347,35.694831967353821,35.733279705047607,-117.52533000707626,-117.6221941113472,6.3899999856948853,4.5457470417022705,3.1199999749660492,3.0757910013198853
1996,35.322999954223633,35.531926035881042,-118.55699998140335,-118.62747067213058,2.800000011920929,0.51586121320724487,3.199999988079071,3.1048926115036011
386,35.596668004989624,35.697223305702209,-117.38916802406311,-117.43111109733582,2.0899996161460876,3.304780125617981,3.1099999845027924,3.0794828832149506
1024,34.039666999131441,33.933373637497425,-117.24049997329712,-117.26369732618332,18.229999914765358,2.1909195184707642,3.0999999940395355,3.0762950778007507
1958,34.226999998092651,34.112605810165405,-117.44199997186661,-117.4180948138237,8.4000000357627869,1.3270309567451477,3.2999999821186066,3.0793845355510712
1384,34.142800003290176,34.114203579723835,-117.45120000839233,-117.41042739152908,11.100000143051147,2.5230583548545837,3.9999999850988388,3.3547105193138123
894,35.728667020797729,35.913013935089111,-117.0745000243187,-117.07364636659622,1.679999828338623,1.2164255976676941,3.7300000190734863,3.136434942483902
828,35.700832009315491,35.5672287940979,-117.5169979929924,-117.25390422344208,2.7700003981590271,2.7884745597839355,3.2899999916553497,3.0820713043212891
2474,34.583000004291534,34.413501620292664,-116.23300004005432,-116.14936792850494,5.5000001192092896,6.3599896430969238,3,3.0790472030639648
475,35.875167965888977,35.962714076042175,-117.72200000286102,-117.39152264595032,7.6799999177455902,0.49891054630279541,3.3300000429153442,3.202992707490921
1683,34.716300010681152,34.73084831237793,-116.45379996299744,-116.34872651100159,9.9999998509883881,2.2635778784751892,5.1000000089406967,4.6224562525749207
2536,34.825999975204468,34.771466910839081,-116.25600004196167,-116.11344981193542,0.39999961853027344,5.5474305152893066,3,3.0829792320728302
2364,35.746999979019165,35.917089819908142,-117.98399999924004,-118.15953922271729,3.6000001430511475,0.38191258907318115,3.4999999701976776,3.0864080786705017
2154,34.245199993252754,34.059923026710749,-116.85370004177094,-116.90687477588654,4.6000000834465027,4.3660444021224976,3.4999999701976776,3.0596917569637299
2117,34.177000001072884,34.144066989421844,-117.47399997711182,-117.56001383066177,3.9999997615814209,4.2142599821090698,3.3999999761581421,3.1123100817203522
652,35.703667044639587,35.5407634973526,-117.50633299350739,-117.65230086445808,11.109999865293503,5.1618790626525879,3.6999999582767487,3.3186624348163605
172,35.851999998092651,35.956966519355774,-117.67500001192093,-117.75798960030079,8.060000091791153,1.0436341166496277,3.2099999785423279,3.0784186720848083
1474,32.981400012969971,32.725541114807129,-116.33039999008179,-116.3008199930191,11.799999922513962,1.9986703991889954,3.4999999701976776,3.1256956458091736
1149,32.187899947166443,32.083892822265625,-117.70809999108315,-117.64656907320023,13.999999947845936,9.1469183564186096,3,3.053941011428833
38,34.273999989032745,34.130936443805695,-119.29016697406769,-119.33795690536499,11.410000026226044,1.3916641473770142,3.199999988079071,3.0708198845386505
1554,32.694000005722046,32.45570707321167,-116.03900003433228,-116.25600504875183,4.9999997019767761,1.1687850952148438,3.0999999940395355,3.1804785132408142
2425,34.45100000500679,34.576271712779999,-116.27400004863739,-116.33143842220306,3.099999725818634,5.3528577089309692,3,3.0537750720977783
713,35.860666990280151,34.585533559322357,-117.67083299160004,-117.89756736904383,10.319999903440475,5.0453299283981323,4.6099999956786633,3.6669636368751526
90,35.635833024978638,35.746774435043335,-117.43049997091293,-117.48623937368393,7.9999999701976776,1.0201272368431091,3.2999999821186066,3.0669504404067993
166,35.783499956130981,35.910087585449219,-117.61533299088478,-117.67528030276299,3.5899999737739563,0.73168694972991943,4.4700000006705523,3.9567443132400513
1205,35.796000003814697,35.902803301811218,-119.84940004348755,-119.45933139324188,6.5999999642372131,4.0557244420051575,3.4999999701976776,3.0787767469882965
875,35.286332964897156,35.422855734825134,-118.53466701507568,-118.62253552675247,6.8599998950958252,0.43712586164474487,3.3999999761581421,3.113783061504364
444,35.86316704750061,35.857107281684875,-117.70883199572563,-117.69669568538666,7.4399998784065247,2.489243745803833,3.5099999606609344,3.0831263959407806
2180,35.249500036239624,35.34604549407959,-118.64389997720718,-118.76812243461609,5.7999998331069946,0.46911031007766724,3.5999999642372131,3.1114298701286316
2324,35.953999996185303,35.981271028518677,-117.86499999463558,-117.91491808742285,2.7000001072883606,1.0550603270530701,3.4999999701976776,3.1600188016891479
2473,35.235000014305115,35.335650682449341,-118.55900001525879,-118.630495429039,3.6000001430511475,0.82314848899841309,3.3999999761581421,3.0947289168834686
1093,35.732332944869995,35.687662363052368,-119.67716705799103,-119.18327260017395,25.969999730587006,0.76440811157226562,3.1099999845027924,3.0907630920410156
1827,34.162499994039536,34.037872444838285,-117.39730000495911,-117.36873799562454,9.2000001668930054,2.540513277053833,3.8999999910593033,3.1855171322822571
1155,34.607999980449677,34.511480093002319,-118.62459999322891,-118.76113480329514,8.5999998450279236,0.26129096746444702,4.1999999955296516,3.7158722877502441
1324,34.004300000146031,33.89393912255764,-117.2432000041008,-117.26235526800156,16.000000052154064,2.5733238458633423,3.3999999761581421,3.0722037255764008
216,35.75333297252655,35.994378566741943,-117.55899998545647,-117.89502196013927,10.559999942779541,1.4709153771400452,3.1199999749660492,3.075335294008255
510,35.781666040420532,35.488001227378845,-117.59349799156189,-116.95394039154053,8.0199998617172241,5.0584262609481812,3.0600000321865082,3.1260469257831573
1680,34.818000018596649,34.690839827060699,-116.41299998760223,-116.31929516792297,4.3000003695487976,1.1409276723861694,3,3.0867875218391418
499,35.895167946815491,35.946489453315735,-117.72283199429512,-117.88952332735062,4.1800001263618469,3.5777673125267029,3.199999988079071,3.090642124414444
2089,34.430000007152557,34.203032493591309,-119.14300000667572,-119.04798781871796,17.199999913573265,1.4248001575469971,3.0999999940395355,3.0720943808555603
1856,33.71110001206398,33.418151795864105,-116.05690002441406,-116.12508869171143,7.8000001609325409,2.9064550995826721,3.9999999850988388,3.271998792886734
1388,33.79899999499321,33.302003085613251,-116.09399998188019,-116.03307366371155,1.5000003576278687,2.0094063878059387,3.0999999940395355,3.1685678064823151
1519,33.390999972820282,32.729803562164307,-116.45099997520447,-116.56878769397736,13.80000002682209,2.9078418016433716,3,3.1478967368602753
2299,32.76800000667572,32.358829975128174,-118.20499999821186,-118.32698041200638,6.9999995827674866,6.8280243873596191,3,3.0481533408164978
1540,32.166000008583069,32.109558820724487,-117.64230000972748,-117.33053761720657,9.9999998509883881,9.3706740438938141,3.5999999642372131,3.2583215832710266
1217,34.258399993181229,33.947657477110624,-116.83379995822906,-116.77931904792786,13.499999977648258,1.1356794834136963,3.0999999940395355,3.1414223313331604
1416,35.688500046730042,35.792871832847595,-117.58340001106262,-117.66559201478958,11.40000008046627,0.60449391603469849,4.0999999791383743,3.2094417214393616
2122,35.79419994354248,35.703972339630127,-118.0544999986887,-118.017917400226,8.9000000059604645,0.074083507061004639,3.5999999642372131,3.1087001860141754
1676,35.988199949264526,35.985045075416565,-117.26050001382828,-117.35075181722641,9.9999998509883881,1.3095331192016602,3.3999999761581421,3.1134684383869171
1197,32.896900057792664,32.697818875312805,-116.29100000858307,-116.34360682964325,16.299999989569187,2.221144437789917,3,3.1190027296543121
1542,32.99399995803833,32.687580943107605,-116.35080003738403,-116.52543163299561,12.299999892711639,3.5397648811340332,3.4999999701976776,3.1151730716228485
953,35.396499991416931,35.506318211555481,-117.82500000298023,-117.9957081368193,7.6700001955032349,0.13253152370452881,3.0600000321865082,3.0627610981464386
750,35.686000943183899,35.82314145565033,-117.48016399145126,-117.52323549985886,9.4900001585483551,0.44603079557418823,3.5999999642372131,3.1203283667564392
234,35.98466694355011,35.936476230621338,-117.78066700696945,-117.85340891778469,7.460000216960907,1.7904934287071228,3.2400000393390656,3.0775658190250397
732,35.617499947547913,35.715848922729492,-117.58216899633408,-117.69113984704018,9.9100001156330109,0.4181206226348877,3.8400000035762787,3.4202154278755188
2534,34.565999984741211,34.549842238426208,-116.23599994182587,-116.13810288906097,1.2999996542930603,5.7140851020812988,3.199999988079071,3.0774175822734833
1156,34.630299985408783,34.631194114685059,-118.62330001592636,-118.70719474554062,12.60000005364418,0.19455760717391968,3.0999999940395355,3.0926145315170288
2168,35.327000021934509,35.429370641708374,-118.66600000858307,-118.80276799201965,1.5000003576278687,0.74909627437591553,3,3.094270259141922
1209,35.849799990653992,35.901973485946655,-119.79289996623993,-119.3831090927124,17.700000107288361,2.6020127534866333,3.0999999940395355,3.073516309261322
1065,33.459833025932312,33.183167278766632,-116.48833298683167,-116.56628227233887,10.810000151395798,2.0346495509147644,3.0399999618530273,3.0885685086250305
1062,34.305166989564896,34.142241880297661,-116.91916704177856,-116.77447283267975,1.3999995589256287,0.79316765069961548,3.0800000131130219,3.0957573652267456
1167,32.866099953651428,32.591029763221741,-118.62279999256134,-118.69488477706909,12.60000005364418,0.092826783657073975,3.6999999582767487,3.2025513052940369
1492,33.986999999731779,33.854571953415871,-117.158999979496,-117.11513447761536,14.599999990314245,2.1648761630058289,3.199999988079071,3.0701566636562347
2269,33.929999999701977,34.045182675123215,-118.2960000038147,-118.35156413912773,23.599999845027924,4.2127910256385803,3,3.0777921080589294
884,34.028167000040412,33.930445127189159,-117.22949999570847,-117.22601008415222,16.500000022351742,2.1948418021202087,3.199999988079071,3.070803701877594
143,35.715667009353638,35.801718711853027,-117.49550002813339,-117.56452968716621,4.4100004434585571,1.2032666802406311,3.5099999606609344,3.0911365449428558
2493,35.970000028610229,35.968260288238525,-117.85699999332428,-117.95428462326527,2.9999998211860657,0.8354794979095459,3.4999999701976776,3.0796943306922913
850,34.050500001758337,33.929858468472958,-117.50499999523163,-117.47369116544724,4.620000422000885,2.8457540273666382,3,3.0671594738960266
717,35.887666940689087,34.181354373693466,-117.72016701102257,-117.78507888317108,7.9500000178813934,5.3149062395095825,3.9099999815225601,4.0985586047172546
2411,33.920999996364117,33.895172759890556,-116.99300003051758,-116.95562398433685,14.400000013411045,2.4700614809989929,3.0999999940395355,3.0665126144886017
264,35.780665993690491,35.923794507980347,-117.61350300908089,-117.6590747833252,7.7299998700618744,1.0813459753990173,3.5999999642372131,3.193391740322113
75,35.915166974067688,35.963685870170593,-117.68616700172424,-117.76106394827366,7.3500001430511475,1.3717541098594666,3.199999988079071,3.0690941512584686
395,35.884667038917542,35.959589719772339,-117.73116698861122,-117.32947719097137,5.2400001883506775,0.41132479906082153,3,3.1142804324626923
2145,34.31700000166893,34.024896930903196,-116.84200000762939,-116.95345330238342,2.2999995946884155,5.1245838403701782,3.2999999821186066,3.0592450797557831
2375,36,35.969339609146118,-117.69900000095367,-117.69698116183281,0.60000032186508179,1.1397340893745422,3,3.0653049051761627
396,35.186332941055298,35.897969841957092,-117.34350001811981,-117.71778553724289,-0.59999942779541016,2.9488134384155273,3.0099999904632568,3.1099353432655334
1365,34.209000006318092,34.050585694611073,-117.55500000715256,-117.49916625022888,12.299999892711639,2.8213593363761902,3.0999999940395355,3.0747692584991455
2105,34.340000003576279,34.112190932035446,-118.74199998378754,-118.74384427070618,15.599999986588955,0.37411540746688843,3.3999999761581421,3.0908734202384949
1903,35.60699999332428,35.731051683425903,-117.55480000376701,-117.62952867150307,10.300000011920929,0.41468024253845215,4.6000000052154064,3.1752890646457672
595,35.882168054580688,35.851016283035278,-117.70500200986862,-117.67095065116882,2.4400001764297485,7.4138429760932922,3.3999999761581421,3.0994813442230225
1296,35.48199999332428,35.67534351348877,-118.28799998760223,-118.46869838237762,3.5000002384185791,0.20545542240142822,3.0999999940395355,3.1054631173610687
1821,34.851499974727631,34.635847330093384,-119.24210000038147,-119.31243014335632,16.500000022351742,1.6042962670326233,3.6999999582767487,3.1148452162742615
872,32.075166940689087,32.276046991348267,-116.34850001335144,-116.49269270896912,16.460000015795231,2.102532684803009,3,3.1622146368026733
1548,35.006100058555603,35.053909063339233,-119.25800001621246,-119.1330623626709,9.0999998152256012,2.5856995582580566,3.7999999970197678,3.59855917096138
36,35.830165982246399,35.952738165855408,-117.66332998871803,-117.73635432124138,4.0599998831748962,0.82865327596664429,3,3.0650235414505005
2129,33.898000001907349,33.71162536740303,-118.21699999272823,-118.16865316033363,13.999999947845936,1.7590677738189697,3.0999999940395355,3.0651561319828033
2152,34.308999985456467,34.130976364016533,-116.84399998188019,-116.7626678943634,5.3000003099441528,3.1772071123123169,3,3.0552144348621368
977,32.09850001335144,32.349190354347229,-116.61349999904633,-116.49133241176605,12.379999905824661,2.7675595879554749,3.0999999940395355,3.1554388403892517
1571,32.995399951934814,32.683077096939087,-116.33770000934601,-116.5481972694397,8.9000000059604645,2.1804767847061157,4.3999999947845936,3.2103890776634216
1122,33.866200000047684,33.709206879138947,-118.23620000481606,-118.27515187859535,13.700000010430813,0.42317390441894531,3,3.0719306766986847
1892,33.79839999973774,33.722436845302582,-117.13209998607635,-117.12044769525528,16.799999959766865,2.551673948764801,3.7999999970197678,3.2002770602703094
675,35.732666969299316,34.463734596967697,-117.52683299779892,-117.97193367220461,2.6299998164176941,4.8721772432327271,3.6300000250339508,3.2515777945518494
728,35.747166037559509,35.890335917472839,-117.58049800992012,-117.62464284896851,4.8999997973442078,0.6535649299621582,3.6300000250339508,3.1343606114387512
412,35.667667031288147,35.706047654151917,-117.5168299973011,-117.54643642902374,6.9400003552436829,1.8238359689712524,3.2999999821186066,3.0733126401901245
1516,33.477999985218048,33.270967781543732,-116.44200003147125,-116.53783965110779,9.0999998152256012,3.3302521705627441,3,3.0760153234004974
1649,33.245299994945526,33.003479063510895,-116.42410004138947,-116.59173142910004,8.1999997794628143,2.6314195990562439,3.9999999850988388,3.127866268157959
825,35.659999966621399,35.681789398193359,-117.52783200144768,-117.3736172914505,1.1800003051757812,1.2086096405982971,3.9999999850988388,3.1874789893627167
616,35.88916802406311,34.573239624500275,-117.7418369948864,-117.86551071703434,6.9200000166893005,4.8604363203048706,3.0999999940395355,3.1098514795303345
114,35.921167016029358,35.969068050384521,-117.70500001311302,-117.76995033025742,1.8999999761581421,1.5678048133850098,3.1700000166893005,3.0727390050888062
417,35.587334036827087,35.719975709915161,-117.42283600568771,-117.41865408420563,5.7999998331069946,1.5220740437507629,3.1700000166893005,3.0764561891555786
1625,33.090900003910065,32.705326795578003,-116.14530003070831,-116.49792575836182,3.6000001430511475,3.2026702165603638,3.6999999582767487,3.115647554397583
2491,35.983999967575073,35.95662260055542,-117.86100000143051,-117.78238479793072,3.5000002384185791,1.217808723449707,3.0999999940395355,3.0737699568271637
89,35.919666051864624,35.972874045372009,-117.71099901199341,-117.8604047447443,2.6699995994567871,0.89985251426696777,3.070000022649765,3.0752995312213898
2082,34.691999971866608,34.75834059715271,-116.28999996185303,-116.25372099876404,1.8999999761581421,4.2514953017234802,3.2999999821186066,3.0816908776760101
753,35.703667044639587,35.843958377838135,-117.5084989964962,-117.5820364356041,2.330000102519989,0.77397197484970093,3.199999988079071,3.0664566457271576
1630,33.101999998092651,32.74133825302124,-116.22099995613098,-116.48623192310333,7.9999999701976776,3.707403838634491,3.3999999761581421,3.1239010691642761
11,35.671666979789734,35.757770299911499,-117.52733299136162,-117.56592607498169,9.1099999845027924,0.7660558819770813,3.5600000023841858,3.0841265916824341
284,35.715667963027954,35.706007838249207,-117.56866499781609,-117.71424171328545,6.1000004410743713,2.5896906852722168,3.070000022649765,3.0739672780036926
1066,33.459167003631592,33.227603137493134,-116.42466700077057,-116.50581836700439,11.079999804496765,1.8657320737838745,3,3.0854385495185852
1191,33.475600004196167,33.21168977022171,-116.47759997844696,-116.59011125564575,12.60000005364418,2.4118682742118835,3.2999999821186066,3.0788337886333466
1440,33.754999995231628,33.704588323831558,-116.93400001525879,-116.86187505722046,15.200000004842877,1.4375683665275574,3.0999999940395355,3.0727807581424713
2377,34.282000005245209,34.162551924586296,-116.90699994564056,-116.90174615383148,5.2000004053115845,2.0284447073936462,3,3.063962996006012
2376,34.231000006198883,34.17868709564209,-116.97300004959106,-116.86946332454681,4.9999997019767761,3.3542069792747498,3.0999999940395355,3.0558702349662781
2289,33.647000014781952,33.54621148109436,-116.74199998378754,-116.7072765827179,14.100000020116568,2.7540886402130127,3.3999999761581421,3.095413863658905
1568,34.351999998092651,34.210684970021248,-116.46300005912781,-116.34210276603699,4.5000001788139343,1.0131239891052246,3.0999999940395355,3.0909183025360107
2172,35.330999970436096,35.478664517402649,-118.6700000166893,-118.6980339884758,2.0999997854232788,0.31044602394104004,3,3.0959482491016388
1687,35.971699953079224,35.985884785652161,-117.31470000743866,-117.39431154727936,3.4000003337860107,0.70301234722137451,3.7999999970197678,3.0849328637123108
851,34.100166998803616,33.938024111092091,-116.92799997329712,-116.9077615737915,5.0099998712539673,1.1351975798606873,3,3.0853371620178223
895,35.730332970619202,35.885889053344727,-117.07766699790955,-117.0613871216774,0.83999991416931152,1.8793255090713501,4.1999999955296516,3.8827342987060547
496,35.677665948867798,35.840571880340576,-117.4923329949379,-117.58853626251221,1.3099998235702515,5.9776908159255981,3.0999999940395355,3.0995408892631531
1782,33.169000029563904,33.055490672588348,-116.55400002002716,-116.58722543716431,13.399999961256981,2.3604100942611694,3.199999988079071,3.0819859206676483
335,35.68149995803833,35.814654588699341,-117.49400299787521,-117.51495018601418,1.1499997973442078,1.6917407512664795,3.2199999690055847,3.0831332802772522
515,35.934700012207031,35.793292284011841,-117.79170000553131,-117.55924934148788,4.9999997019767761,1.022876501083374,3.6999999582767487,3.0848543643951416
1348,32.811900019645691,32.608025312423706,-116.1496000289917,-116.29040586948395,9.8000000417232513,3.18133145570755,4.0999999791383743,3.6867163181304932
1015,34.313666999340057,34.180968791246414,-119.74233305454254,-119.74040079116821,1.7100003361701965,2.2746473550796509,3.199999988079071,3.0740035772323608
2383,34.243000000715256,34.047997649759054,-116.78299999237061,-117.04131323099136,6.8999996781349182,2.6633191108703613,3.199999988079071,3.062755286693573
1781,35.432000041007996,35.538070440292358,-118.30000001192093,-118.34321424365044,8.7000001966953278,1.2301450967788696,3,3.0818323194980621
1785,34.397000014781952,34.275262981653214,-119.64900004863739,-119.66976881027222,13.200000040233135,0.40599077939987183,3.3999999761581421,3.0698401629924774
2070,35.095000028610229,35.16699481010437,-119.10800004005432,-119.06020140647888,17.599999979138374,1.7127469182014465,3,3.0915677547454834
356,35.915164947509766,35.973181009292603,-117.73266598582268,-117.76233233511448,2.6299998164176941,1.2405744194984436,3.0999999940395355,3.0892529189586639
2418,35.276000022888184,35.385413646697998,-119.09399998188019,-119.03582215309143,7.5,0.55046617984771729,3.0999999940395355,3.0986162424087524
1312,34.449299991130829,34.252532184123993,-119.29480004310608,-119.23138332366943,17.700000107288361,1.2074965238571167,3.6999999582767487,3.0909393131732941
1635,34.11599999666214,33.994196908082813,-117.32400000095367,-117.28221368789673,17.599999979138374,2.0233315229415894,3.2999999821186066,3.0771622359752655
550,35.577000021934509,35.673980593681335,-117.37316900491714,-117.32315248250961,3.8200002908706665,2.0311099290847778,4.0999999791383743,3.9488107413053513
1227,34.141000002622604,34.022474400699139,-117.45929998159409,-117.37078052759171,6.9999995827674866,2.0567688345909119,3,3.0705064237117767
2261,34.675000011920929,34.621446847915649,-116.2960000038147,-116.14606702327728,5.6000000238418579,6.0927271842956543,3,3.0693918764591217
957,34.04483300074935,33.88402845710516,-117.13999998569489,-117.12365657091141,13.379999957978725,1.8296724557876587,3.3400000333786011,3.0782473683357239
1773,34.039000000804663,33.910397075116634,-117.24299997091293,-117.19608151912689,14.599999990314245,1.9549137353897095,3,3.0743938386440277
2141,33.444999992847443,33.15555065870285,-116.43700003623962,-116.5506067276001,13.100000023841858,1.8762248754501343,3.199999988079071,3.1225256323814392
1008,35.397500038146973,35.487076163291931,-117.7128329873085,-117.75999803841114,7.4399998784065247,0.62571465969085693,3.6400000154972076,3.0844556987285614
1092,33.891667000949383,33.804370865225792,-117.11766701936722,-117.14346539974213,13.610000051558018,2.7492570877075195,3.4300000369548798,3.0693112313747406
2255,32.075999975204468,32.068230986595154,-117.42500001192093,-117.20677709579468,11.100000143051147,8.5650220513343811,3.3999999761581421,3.0891909599304199
996,34.239666998386383,34.052869573235512,-116.88566696643829,-116.86198544502258,7.6499998569488525,1.1783543229103088,3.7999999970197678,3.1502492129802704
1679,34.811999976634979,34.698187589645386,-116.41700005531311,-116.33604383468628,4.3000003695487976,1.238616406917572,3.3999999761581421,3.0901269614696503
153,35.64566695690155,35.770610570907593,-117.44700002670288,-117.42122173309326,4.9200001358985901,1.3217434287071228,3.3999999761581421,3.0728757977485657
580,35.890666961669922,35.935101866722107,-117.70749700069427,-117.72178676724434,5.7700002193450928,1.3496294617652893,3.0800000131130219,3.0890359282493591
1470,33.211000025272369,32.39480447769165,-116.21300005912781,-116.27094626426697,16.19999997317791,3.9220011234283447,3.2999999821186066,3.1616599559783936
703,35.656666994094849,34.916480004787445,-117.44650000333786,-117.49347984790802,2.2300001978874207,5.0244837999343872,4.0200000107288361,3.2034434974193573
1212,35.002799987792969,34.803375840187073,-116.92190003395081,-116.69062900543213,10.300000011920929,1.0308542847633362,3.9999999850988388,3.2295532822608948
896,33.484833002090454,33.231653690338135,-116.80366694927216,-116.82018876075745,1.2599998712539673,0.96707940101623535,3.2299999594688416,3.0896095633506775
487,35.570832967758179,35.617588996887207,-117.36199998855591,-117.28544181585312,4.3400001525878906,0.69420039653778076,3,3.0921642780303955
559,35.736333012580872,34.977724730968475,-117.56933298707008,-117.4541107416153,2.7399998903274536,4.5028737187385559,3.7999999970197678,3.1179994940757751
1141,32.057999968528748,32.584569215774536,-116.14300000667572,-116.33443284034729,20.000000149011612,0.85004299879074097,3.5999999642372131,3.1339013278484344
1119,33.271166980266571,33.049803912639618,-116.78966701030731,-116.75593161582947,8.5300000011920929,1.2694358825683594,3.2700000107288361,3.0895063877105713
512,35.935333013534546,35.883704662322998,-117.71516400575638,-117.57274428009987,2.3599997162818909,0.76132357120513916,3.199999988079071,3.078739732503891
633,35.680832028388977,35.173956871032715,-117.49500298500061,-117.56994450092316,2.4199998378753662,3.8522395491600037,3.6999999582767487,3.232195258140564
2179,35.317000031471252,35.518153309822083,-118.64399999380112,-118.80991059541702,3.099999725818634,0.3166884183883667,3,3.1023595333099365
1664,34.196799993515015,33.99348545121029,-118.56220000982285,-118.59427177906036,18.700000047683716,0.97344160079956055,3.0999999940395355,3.0842287838459015
1012,34.030833000317216,33.874651670455933,-118.98816698789597,-118.8540666103363,11.009999960660934,3.1231015920639038,3.3400000333786011,3.0692471265792847
1931,34.596000015735626,34.571600019931793,-116.35500001907349,-116.19009351730347,2.800000011920929,1.514098048210144,3,3.0871887803077698
1150,33.936200000345707,33.606242924928665,-116.02439999580383,-116.08417963981628,9.8999999463558197,2.2334101796150208,3.3999999761581421,3.1029172539710999
2380,34.377000004053116,34.070265851914883,-117.09700000286102,-117.0162987112999,11.900000050663948,2.6975244283676147,3.0999999940395355,3.0590922832489014
116,35.920500040054321,35.970217227935791,-117.70866701006889,-117.79902838170528,2.1399995684623718,0.50003886222839355,3.199999988079071,3.0696728825569153
740,35.77183198928833,35.816354036331177,-117.56866499781609,-117.73218962550163,3.75,1.9894766807556152,3.0500000417232513,3.089051216840744
2337,33.689000010490417,33.559677869081497,-116.81599998474121,-116.71123290061951,15.200000004842877,1.7458561062812805,3.0999999940395355,3.0806228220462799
1974,34.061000000685453,33.975870804861188,-117.00499999523163,-117.13662588596344,6.7999997735023499,3.1476008892059326,4.9000000208616257,4.4343638923019171
1081,34.078832998871803,34.007544861640781,-119.29033303260803,-119.21661901473999,19.589999914169312,4.4866400957107544,3.4999999701976776,3.0842756330966949
1810,34.278600007295609,34.041027680039406,-118.65189999341965,-118.66646981239319,9.8999999463558197,0.48779904842376709,3.4999999701976776,3.094373881816864
830,35.744335055351257,35.552366256713867,-117.54966700077057,-117.49018716812134,1.4900001883506775,6.2002086639404297,3.5899999737739563,3.1006022393703461
119,35.926167011260986,35.98143994808197,-117.70750001072884,-117.72095111012459,3.7799996137619019,0.54582417011260986,4.739999994635582,3.90948785841465
656,35.857332944869995,34.697125017642975,-117.64783298969269,-117.87264376878738,11.029999852180481,5.0168627500534058,3.7699999809265137,3.1523434817790985
2310,35.934999942779541,35.955517411231995,-117.68299999833107,-117.6236389875412,3.099999725818634,0.88101625442504883,3,3.0616269707679749
2270,33.837999999523163,33.885872900485992,-118.34799998998642,-118.30293193459511,9.8000000417232513,1.4519128203392029,3.6999999582767487,3.3267019987106323
2485,32.097000002861023,32.204641342163086,-117.11599999666214,-116.82008945941925,5.4000002145767212,6.0206258296966553,3.5999999642372131,3.1269950866699219
635,35.869166970252991,35.446577429771423,-117.66100001335144,-117.79694157838821,5.4799997806549072,6.5147244930267334,3.5699999928474426,3.1606960594654083
369,35.901999950408936,35.898858070373535,-117.67133298516273,-117.13014113903046,2.5699996948242188,0.47182559967041016,3.129999965429306,3.0802523195743561
268,35.921664953231812,35.977105021476746,-117.45966297388077,-117.53569179773331,7.1000003814697266,0.90229690074920654,3.5600000023841858,3.1656269431114197
46,35.896999955177307,35.948983192443848,-117.69983300566673,-117.79961225390434,4.440000057220459,0.95902740955352783,3,3.0713033974170685
991,34.505999982357025,34.363151580095291,-118.64216697216034,-118.75437784194946,17.599999979138374,0.28229713439941406,3.4300000369548798,3.0993589460849762
876,33.488833010196686,33.315357089042664,-116.80133295059204,-116.79412078857422,6.1800000071525574,0.84998399019241333,3,3.0982430577278137
773,35.662333011627197,35.733819723129272,-117.52450001239777,-117.73234704136848,2.6100003719329834,0.31213492155075073,3.8199999779462814,3.5060082972049713
1219,33.950100000947714,33.7796351313591,-118.18269999325275,-118.21172615885735,18.099999949336052,0.74460536241531372,3.3999999761581421,3.0788915455341339
1126,32.996000051498413,32.578565359115601,-117.03799998760223,-116.22446691989899,8.9999999105930328,1.9235211610794067,3.3999999761581421,3.1257593035697937
4,32.923666954040527,32.676530361175537,-119.15816700458527,-118.71750116348267,5.8300003409385681,8.189363032579422,3.7400000095367432,3.0691391229629517
1595,33.964999999850988,33.790383607149124,-116.87699997425079,-116.81695890426636,10.200000107288361,1.5505644679069519,3.0999999940395355,3.0797612965106964
1077,34.171666994690895,34.021602021530271,-117.63116699457169,-117.5769168138504,10.470000207424164,2.7601629495620728,3.4999999701976776,3.0684037506580353
837,35.706333041191101,35.281143069267273,-117.52200001478195,-117.55040979385376,2.6500001549720764,6.2111002206802368,4.3999999947845936,3.3483351767063141
681,35.580667018890381,34.845638513565063,-117.39616698026657,-117.67211708426476,13.220000043511391,5.0638094544410706,3.5200000405311584,3.2158015966415405
1715,33.040000021457672,32.79852032661438,-118.93000000715256,-118.52152478694916,6.9999995827674866,2.7028217911720276,3.199999988079071,3.0588703751564026
2197,34.707000017166138,34.711220026016235,-116.29499995708466,-116.15790569782257,2.2999995946884155,4.1243934631347656,3,3.0759765207767487
1148,32.202000021934509,32.059783816337585,-117.63600000739098,-117.29993605613708,19.100000113248825,9.5583191514015198,3,3.0858078002929688
574,35.848667025566101,35.979337811470032,-117.68382999300957,-117.56055295467377,5.4699996113777161,0.34948557615280151,3.3999999761581421,3.1281781196594238
50,35.777667045593262,35.904696345329285,-117.58950001001358,-117.59261322021484,9.3199999630451202,0.58812528848648071,3.9200000166893005,3.1559945046901703
853,34.073666997253895,34.036351431161165,-119.03983294963837,-118.9261394739151,18.46000000834465,2.8417825698852539,3.6999999582767487,3.1051462590694427
1982,33.458000004291534,33.337074518203735,-116.62699997425079,-116.70131063461304,7.5,1.9807353615760803,3.199999988079071,3.0882218778133392
1823,32.655900001525879,32.499207377433777,-116.09700000286102,-116.18903660774231,12.699999958276749,3.5638368129730225,4.1999999955296516,3.2384188771247864
833,35.6875,35.458842754364014,-117.5071670114994,-117.51955997943878,1.5400001406669617,4.5307481288909912,4.0999999791383743,3.1118159294128418
1115,34.174999997019768,34.042875975370407,-117.43500000238419,-117.27110290527344,10.60000017285347,2.6781508326530457,3.3899999856948853,3.0591732859611511
1166,33.755999997258186,33.497995793819427,-116.00800001621246,-116.05870616436005,20.000000149011612,1.5033674240112305,3,3.0894456803798676
1906,35.570999979972839,35.644015073776245,-117.5290000140667,-117.66623362898827,9.4999998807907104,1.291501522064209,3.2999999821186066,3.0616379678249359
971,34.095167003571987,33.930147439241409,-118.6710000038147,-118.58769446611404,15.169999999925494,0.83979427814483643,3.129999965429306,3.07094407081604
399,35.570500016212463,35.662891864776611,-117.52300000190735,-117.5382231771946,10.049999803304672,0.90205907821655273,4.0999999791383743,3.6260415315628052
19,33.929999999701977,33.69795748591423,-117.87416699528694,-117.87869468331337,9.2899999022483826,3.2164657115936279,3,3.0738782286643982
684,35.897667050361633,34.54108327627182,-117.70500001311302,-118.04796312376857,7.4299997091293335,5.1606693863868713,4.0200000107288361,3.3317686915397644
35,34.265500009059906,34.133555084466934,-119.28966701030731,-119.28019309043884,11.419999971985817,1.3808119297027588,3.3999999761581421,3.0747456550598145
2402,32.003999948501587,32.101733684539795,-116.31099998950958,-116.33495616912842,5.9999996423721313,7.4136140942573547,3.199999988079071,3.1376137733459473
524,35.89783501625061,35.538052320480347,-117.71633198857307,-117.6063292324543,8.1799998879432678,0.76764106750488281,3.1199999749660492,3.0846186876296997
920,33.487500011920929,33.367590010166168,-116.80616700649261,-116.78607726097107,2.1200001239776611,0.92127710580825806,3.0999999940395355,3.0931870937347412
1841,34.070000000298023,34.002638643840328,-118.95200002193451,-118.85317844152451,15.400000009685755,0.97813904285430908,3.3999999761581421,3.0812919437885284
1890,33.749599993228912,33.66919270157814,-117.49379998445511,-117.49584263563156,0.39999961853027344,2.9380738735198975,3.5999999642372131,3.1516257226467133
537,35.937000036239624,35.422603607177734,-117.65583300590515,-117.55922159552574,-0.10999917984008789,1.5860366821289062,3.199999988079071,3.0978180170059204
1705,32.105999946594238,32.244216561317444,-116.51999998092651,-117.23366928100586,7.9999999701976776,4.017675518989563,3.199999988079071,3.1169061362743378
2484,34.503000020980835,34.332473397254944,-116.24899995326996,-116.1747967004776,0,4.4945141673088074,3.2999999821186066,3.076441615819931
245,35.791499972343445,35.900968313217163,-117.61599698662758,-117.79075743257999,6.8999996781349182,0.76474696397781372,3.0099999904632568,3.0708873867988586
784,35.676666021347046,35.79624617099762,-117.52749601006508,-117.6470839381218,7.3899999260902405,0.82301169633865356,3,3.0807308256626129
1409,33.632999986410141,33.452987015247345,-119.05599999427795,-118.94463413953781,15.80000001937151,3.9506024122238159,3.3999999761581421,3.07297682762146
154,35.903167009353638,35.965027928352356,-117.69266700744629,-117.81742899119854,2.7200004458427429,0.87257802486419678,3.3999999761581421,3.075114905834198
1686,35.986500024795532,35.983710169792175,-117.27249997854233,-117.44423609972,9.9999998509883881,0.719737708568573,3.6999999582767487,3.079233705997467
625,35.578667044639587,35.858560562133789,-117.58083298802376,-117.16108214855194,-0.89999914169311523,2.9261684417724609,3.3999999761581421,3.1038962602615356
2436,33.139999985694885,32.90107536315918,-116.30299997329712,-116.61457014083862,13.80000002682209,5.6853228807449341,3.6999999582767487,3.1243229806423187
1346,33.019200026988983,32.720514297485352,-116.29980003833771,-116.53019368648529,14.19999998062849,2.1474570035934448,4.1999999955296516,3.3165442049503326
569,35.88633394241333,35.268431186676025,-117.67400398850441,-117.36884379386902,10.999999791383743,4.8439246416091919,3.2800000011920929,3.0810016393661499
1758,35.772500038146973,35.861904740333557,-117.67379999160767,-117.73858562111855,1.1999997496604919,0.953788161277771,3.199999988079071,3.0768118500709534
1816,32.068099975585938,32.424166917800903,-116.36240005493164,-116.28029596805573,26.000000238418579,5.7362455129623413,3,3.1196617484092712
2065,33.222000002861023,32.89769434928894,-116.08700001239777,-116.30367588996887,6.9999995827674866,3.5360750555992126,3.199999988079071,3.12189781665802
127,35.957167029380798,35.969943761825562,-117.71366700530052,-117.76842659711838,3.1300002336502075,1.7440089583396912,3.0999999940395355,3.0751153528690338
2521,34.400999993085861,34.191641107201576,-116.41600000858307,-116.3634340763092,3.7000000476837158,4.8633867502212524,3.5999999642372131,3.0620581805706024
2006,33.966499999165535,33.719120651483536,-116.33720004558563,-116.41352868080139,7.5999999046325684,2.2819966077804565,3.5999999642372131,3.5178262889385223
980,33.463832974433899,33.177690804004669,-116.47016704082489,-116.63398861885071,7.6199997961521149,2.0707637071609497,3.0999999940395355,3.0850806534290314
190,35.686164975166321,35.753504037857056,-117.54133599996567,-117.68475738167763,5.3600004315376282,0.62279999256134033,3.4799999892711639,3.0866296291351318
1139,33.994799999985844,33.872264415025711,-118.34509998559952,-118.39351782202721,16.000000052154064,0.61771273612976074,3.5999999642372131,3.1220051050186157
992,35.904332995414734,35.973375797271729,-116.92233300209045,-116.96015822887421,6.1400002241134644,0.61933279037475586,4.1999999955296516,3.3983170688152313
699,35.983500003814697,34.724497079849243,-117.77750000357628,-117.79250317811966,14.840000001713634,4.9134296178817749,3.5999999642372131,3.6047212779521942
606,35.831799983978271,35.210659503936768,-117.78519999980927,-117.84786735475063,1.9800004363059998,1.1205893754959106,3.7999999970197678,3.10056272149086
180,35.36899995803833,35.596654891967773,-117.84616899490356,-117.94492944329977,1.5500003099441528,0.20899593830108643,3.0800000131130219,3.063904345035553
301,35.673499941825867,35.112016916275024,-117.48950201272964,-117.16438740491867,2.6100003719329834,0.51094561815261841,3.199999988079071,3.0982443988323212
1060,35.166332960128784,35.345798492431641,-119.33716702461243,-119.13305604457855,22.090000212192535,1.9185107946395874,3.0199999809265137,3.0873842239379883
2394,32.646000027656555,32.307647824287415,-118.19099999964237,-118.10590086132288,5.9999996423721313,9.6026614308357239,3.2999999821186066,3.0997861325740814
2437,34.36599999666214,34.124698504805565,-116.47200000286102,-116.36546015739441,2.7000001072883606,6.1154410243034363,3.0999999940395355,3.0564620196819305
1069,33.432332992553711,33.206662654876709,-116.45383298397064,-116.58626389503479,11.42999991774559,2.0510029792785645,3.1700000166893005,3.0876812338829041
2205,35.972000002861023,35.929081797599792,-117.26399999856949,-117.2119357585907,3.099999725818634,0.50215065479278564,3.6999999582767487,3.0937798619270325
1243,35.957800030708313,35.942649960517883,-117.3008000254631,-117.44355809688568,10.60000017285347,1.0980266332626343,3.199999988079071,3.0731185376644135
16,33.548500001430511,33.386334598064423,-118.31416699290276,-118.31538751721382,10.680000185966492,0.54549515247344971,3.199999988079071,3.068692535161972
2524,32.578999996185303,32.248431801795959,-118.25600001215935,-118.1491362452507,5.9999996423721313,9.5614953339099884,3.199999988079071,3.0418579280376434
546,35.874331951141357,35.908237457275391,-117.69716599583626,-117.66858145594597,-1.0899996757507324,1.5149813890457153,3.4600000083446503,3.1081743836402893
658,35.904500007629395,35.021410465240479,-117.69299998879433,-117.70277643203735,6.4399999380111694,5.3852963447570801,3.9599999785423279,3.1253872811794281
2282,32.924999952316284,33.486923277378082,-117.76999999582767,-117.98109632357955,6.9999995827674866,5.3221678733825684,3.199999988079071,3.0599666833877563
2313,32.70799994468689,32.485175490379333,-116.06599998474121,-116.23197317123413,3.9999997615814209,3.2322549819946289,3.0999999940395355,3.133842945098877
1504,35.518599987030029,35.680833458900452,-116.74539995193481,-116.666863322258,14.899999997578561,0.38467705249786377,3,3.0749162435531616
959,33.64733299612999,33.979965321719646,-117.26083302497864,-117.11116129159927,27.339999675750732,8.1098265945911407,3.0800000131130219,3.2049176394939423
797,35.691166043281555,35.851377129554749,-117.51216900348663,-117.71712452173233,1.0299995541572571,0.92124402523040771,3.2299999594688416,3.0873188674449921
225,35.961333990097046,35.967720866203308,-117.2843319773674,-117.30166637897491,4.1400003433227539,0.55744796991348267,3.550000011920929,3.0789805948734283
2074,32.286999940872192,32.251699209213257,-116.2849999666214,-116.35919547080994,5.5000001192092896,4.0270668268203735,3.2999999821186066,3.1551935970783234
1799,32.753399968147278,32.678182125091553,-117.37879997491837,-117.16850751638412,9.9999998509883881,7.4771466851234436,3.8999999910593033,3.0806854963302612
2509,33.699999988079071,33.699965983629227,-117.71200001239777,-117.67435279488564,11.299999952316284,3.9154314994812012,3.9999999850988388,3.2188081741333008
2085,35.631999969482422,35.798595309257507,-117.57499998807907,-117.3369854092598,1.8999999761581421,0.86990475654602051,3.199999988079071,3.0748905837535858
1693,35.74399995803833,35.894504070281982,-118.00999999977648,-118.02755437046289,4.0999996662139893,0.1990923285484314,3.2999999821186066,3.0850150287151337
1045,34.327499985694885,34.172037705779076,-119.5,-119.57925498485565,2.3199999332427979,0.84186851978302002,3.2999999821186066,3.0713506937026978
469,35.892166018486023,35.942101836204529,-117.71933001279831,-117.71118360757828,6.9400003552436829,1.1291259527206421,3.2999999821186066,3.0978322327136993
954,33.956333000212908,33.797130510210991,-116.31916701793671,-116.31742477416992,8.3099998533725739,2.408062219619751,3.0900000035762787,3.0760828256607056
2519,32.675999999046326,32.426149487495422,-116.09399998188019,-116.20663619041443,10.899999886751175,4.9410125613212585,3.0999999940395355,3.144894540309906
639,35.908499956130981,35.831250429153442,-117.67550000548363,-117.51256242394447,2.3400002717971802,4.3602973222732544,4.2999999895691872,3.7205273509025574
2350,35.802999973297119,35.874823808670044,-118.04399999976158,-118.06828359514475,9.5999997854232788,0.24571537971496582,3,3.0743873119354248
1218,33.912699997425079,33.763734310865402,-116.72490000724792,-116.74155044555664,19.200000017881393,1.7366454005241394,3,3.0723851323127747
1158,35.924299955368042,35.967447757720947,-117.21799999475479,-117.24108403921127,0.99999994039535522,0.50553649663925171,3.4999999701976776,3.0722545981407166
1415,33.367699980735779,33.139213502407074,-116.30019998550415,-116.3047080039978,13.299999944865704,1.6789671778678894,3,3.0949493050575256
2292,34.635999977588654,34.651992201805115,-116.31400001049042,-116.21607494354248,5.6000000238418579,3.8054913282394409,3.199999988079071,3.0873723328113556
1527,33.390999972820282,33.246435821056366,-116.41700005531311,-116.4924875497818,9.9999998509883881,2.4070000648498535,3.3999999761581421,3.1044697165489197
2475,34.409000009298325,34.319243401288986,-116.27900004386902,-116.27567684650421,20.699999928474426,6.7746573686599731,3.199999988079071,3.0629647672176361
1300,34.904999971389771,34.714168429374695,-119.21099996566772,-119.2827730178833,13.999999947845936,1.1237454414367676,3,3.0731787979602814
2430,34.879000008106232,34.919944226741791,-116.41100001335144,-116.24888145923615,4.0999996662139893,2.9241183400154114,3.0999999940395355,3.0799131989479065
1603,35.953999996185303,35.954080700874329,-117.33399999141693,-117.48049306869507,1.8000000715255737,1.1058908700942993,3.0999999940395355,3.0705201029777527
160,35.927167057991028,35.961035132408142,-117.68133300542831,-117.77745506167412,3.1300002336502075,1.0954016447067261,3.0399999618530273,3.0677559077739716
1704,33.931999996304512,33.765933200716972,-116.74199998378754,-116.84626495838165,13.900000043213367,1.9728460907936096,3.3999999761581421,3.0758103132247925
956,33.482500016689301,33.247032582759857,-116.50366699695587,-116.72051024436951,12.590000107884407,2.8548824787139893,3.6999999582767487,3.0884612202644348
2470,34.717000007629395,34.733672201633453,-116.33200001716614,-116.25737833976746,4.1999995708465576,3.2036429643630981,3.3999999761581421,3.0745379626750946
877,33.705000013113022,33.608302503824234,-116.83050000667572,-116.90552711486816,16.779999956488609,2.0100554823875427,3.3999999761581421,3.0774397552013397
1919,35.819000005722046,35.76507031917572,-119.91199994087219,-119.42659521102905,12.400000020861626,5.3299927711486816,3.2999999821186066,3.0836350321769714
1884,33.980000000447035,33.748054921627045,-116.27199995517731,-116.26506912708282,5.2000004053115845,2.4579620361328125,3.199999988079071,3.0882962644100189
2200,32.644999980926514,32.167761921882629,-118.07400000095367,-118.20614509284496,25.200000107288361,9.5725178718566895,3.199999988079071,3.0488742291927338
98,35.806666970252991,35.922461032867432,-117.62933298945427,-117.86790244281292,0.45999974012374878,0.28085947036743164,3.0999999940395355,3.0702740550041199
2400,34.037000000476837,33.94596803188324,-117.27100002765656,-117.24225521087646,7.9999999701976776,3.0729666352272034,3.3999999761581421,3.0708261430263519
253,35.921165943145752,35.937027931213379,-117.6884999871254,-117.82657358050346,6.1500003933906555,0.69162994623184204,3,3.0705708861351013
103,35.03516697883606,34.909497320652008,-116.80033302307129,-116.5304639339447,-0.76999962329864502,1.6997024416923523,3.129999965429306,3.0703199207782745
1445,33.004100024700165,32.82589864730835,-116.33399999141693,-116.53780269622803,11.100000143051147,1.5215510129928589,3.5999999642372131,3.1617732346057892
1443,33.030399978160858,32.949682235717773,-118.00400000018999,-117.97941460832953,8.8000001013278961,4.0312206745147705,3.6999999582767487,3.0689385831356049
1648,33.875299997627735,33.691567838191986,-117.80089999735355,-117.77640299499035,1.600000262260437,3.2092434167861938,3.5999999642372131,3.1222845911979675
586,35.745666980743408,35.659108400344849,-117.56649801135063,-117.67381605505943,7.9999999701976776,2.1123039722442627,3.3999999761581421,3.093018114566803
627,35.91016697883606,35.909314155578613,-117.68483299016953,-117.53987056016922,7.4100002646446228,7.290860116481781,5.4399999976158142,4.9467360377311707
1696,34.003000000026077,33.853051349520683,-116.91199994087219,-116.93747782707214,17.500000074505806,1.7820167541503906,3.199999988079071,3.0789522528648376
2101,33.410000026226044,33.058761954307556,-116.40299999713898,-116.61831617355347,12.499999925494194,3.3289852738380432,3.0999999940395355,3.1206580102443695
2199,33.48199999332428,33.119994282722473,-116.5,-116.63429164886475,14.899999997578561,4.1615259647369385,3.0999999940395355,3.0870634317398071
403,35.592334985733032,35.695248126983643,-117.39399701356888,-117.3441749215126,4.0700000524520874,1.9947069883346558,3.3199999630451202,3.0830107033252716
1154,33.322200000286102,33.048168778419495,-116.33369994163513,-116.54252851009369,18.099999949336052,3.1320342421531677,3.3999999761581421,3.0931788682937622
2256,32.001000046730042,32.049265027046204,-117.38200002908707,-116.89665067195892,6.9999995827674866,10.751883834600449,3.3999999761581421,3.0897084474563599
1682,33.866999998688698,33.799006342887878,-119.32400000095367,-119.25349187850952,11.499999985098839,0.90366661548614502,3.4999999701976776,3.0770053267478943
2056,33.971000000834465,33.888673409819603,-118.67699998617172,-118.62843888998032,13.399999961256981,0.74837297201156616,3.2999999821186066,3.0937693119049072
2413,35.452000021934509,35.357587099075317,-116.48099994659424,-116.81666731834412,3.6000001430511475,5.4712432622909546,3.5999999642372131,3.0825254917144775
452,35.682999014854431,35.085129022598267,-117.52300301194191,-117.48366838693619,1.1700001358985901,3.9714816212654114,3.0999999940395355,3.1015711426734924
2303,35.980999946594238,35.954134941101074,-117.86499999463558,-117.89977983385324,2.1999996900558472,1.4190816879272461,3,3.0895830094814301
1327,32.060700058937073,32.074860811233521,-117.67039999365807,-117.43806165456772,1.600000262260437,10.304471254348755,3.9999999850988388,3.1067943871021271
2049,32.401999950408936,32.144415736198425,-117.79700000584126,-117.68489277362823,11.999999955296516,10.845734775066376,3.5999999642372131,3.0599560439586639
880,34.709667026996613,34.61471563577652,-116.28299999237061,-116.17359602451324,1.7399999499320984,1.4087900519371033,3.199999988079071,3.0858587622642517
2472,34.670000016689301,34.665712475776672,-116.35899996757507,-116.2699967622757,2.9999998211860657,3.4956774115562439,3.3999999761581421,3.0821956694126129
623,35.887333035469055,35.947677731513977,-117.71283000707626,-117.63220703601837,3.8999998569488525,2.3954620957374573,3.5799999833106995,3.111087441444397
2344,33.978000000119209,33.819790437817574,-116.75399994850159,-116.8928462266922,22.400000095367432,3.1794574856758118,3.7999999970197678,3.1007823050022125
1787,35.804399967193604,35.930205583572388,-117.66130000352859,-117.70615282654762,9.9999998509883881,0.59048742055892944,4.0999999791383743,3.6440062522888184
262,35.877833962440491,35.971691727638245,-117.6873320043087,-117.76016679406166,2.6600003242492676,1.0204026103019714,3.1600000262260437,3.0870854258537292
1634,35.042999982833862,35.140723705291748,-119.0349999666214,-119.04702246189117,11.799999922513962,1.4723530411720276,3.199999988079071,3.0970896184444427
1438,33.870000004768372,33.662310838699341,-118.28499999642372,-118.2229295372963,15.100000002421439,1.7953884601593018,3.199999988079071,3.0630969107151031
2198,32.633999943733215,32.188501119613647,-118.07999999821186,-118.11562387645245,6.9999995827674866,9.6938726305961609,3.199999988079071,3.047042191028595
1969,34.054000001400709,33.953450750559568,-117.02999997138977,-117.13251239061356,12.100000083446503,2.1881407499313354,3.9999999850988388,3.1992679238319397
1802,33.736000001430511,33.657928586006165,-117.47000002861023,-117.46417480707169,1.2999996542930603,2.7337753772735596,3.3999999761581421,3.1017991304397583
640,35.902500033378601,35.548614382743835,-117.68550100922585,-117.41005921363831,3.0399996042251587,1.0190391540527344,4.2999999895691872,3.1009961664676666
2403,35.565999984741211,35.831847667694092,-117.22500002384186,-117.01378405094147,5.6999999284744263,1.2805116176605225,3.3999999761581421,3.0708852410316467
1959,32.516299962997437,32.627670645713806,-116.88020002841949,-116.65024518966675,19.000000208616257,3.8375777006149292,3.7999999970197678,3.1902655363082886
488,35.898167014122009,34.469715625047684,-117.73366698622704,-117.96084139868617,2.8299996256828308,4.7982260584831238,3.199999988079071,3.1831823587417603
1843,35.890799999237061,35.975988745689392,-117.68090000748634,-117.86032019555569,9.9999998509883881,4.661482572555542,3.9999999850988388,3.2356308102607727
1734,33.498000025749207,33.16535884141922,-116.51900005340576,-116.5289409160614,13.100000023841858,2.7487438917160034,3,3.0941805839538574
146,35.584833025932312,35.710962772369385,-117.35683298110962,-117.33402556180954,4.3599995970726013,0.74130982160568237,3.6500000059604645,3.1578482687473297
1534,34.31700000166893,34.167662873864174,-116.84700000286102,-116.89363884925842,1.7000001668930054,1.611877977848053,3.2999999821186066,3.0844739377498627
1986,35.031000018119812,35.223224282264709,-119.17799997329712,-118.9989640712738,18.099999949336052,6.3570892810821533,3.199999988079071,3.0998371839523315
1369,34.301699995994568,34.119645610451698,-116.84150004386902,-116.76354515552521,9.9999998509883881,0.93801766633987427,3.4999999701976776,3.1051210463047028
2488,34.828999996185303,34.7750284075737,-116.39999997615814,-116.23758673667908,4.8999997973442078,2.5157144665718079,3.199999988079071,3.0834522843360901
659,35.91349995136261,34.784742116928101,-117.72766700387001,-117.63895654678345,6.9599997997283936,5.0839680433273315,3.8599999845027924,3.1900920867919922
1794,32.710000038146973,32.418515801429749,-116.03600001335144,-116.15781390666962,3.1999996304512024,2.2361934185028076,3.5999999642372131,3.20843106508255
186,35.888499975204468,35.961990833282471,-117.72350299358368,-117.81939691305161,3.6399999260902405,0.40993809700012207,3.2999999821186066,3.0848378241062164
1147,32.103000044822693,32.143321514129639,-116.09599995613098,-117.26759904623032,20.000000149011612,8.6957243084907532,3,3.3109502792358398
608,35.749668002128601,35.93031120300293,-117.55733498930931,-117.77750039100647,4.660000205039978,0.45249223709106445,3.3199999630451202,3.1008156538009644
2191,34.85290002822876,35.035094499588013,-119.08739995956421,-118.85737067461014,21.599999964237213,4.4039779901504517,3.4999999701976776,3.1149843335151672
1930,32.044999957084656,32.350528478622437,-116.40600001811981,-116.41063809394836,15.100000002421439,5.7718026638031006,3,3.1282243430614471
197,35.944167017936707,35.981034517288208,-117.37550002336502,-117.42085856199265,2.8999999165534973,0.87269693613052368,3.7999999970197678,3.1539692580699921
2329,35.975000023841858,35.971705794334412,-117.82600000500679,-118.22323033213615,3.6000001430511475,0.57120859622955322,3.199999988079071,3.359403669834137
293,35.961333990097046,35.906055808067322,-117.2756649851799,-117.35590803623199,0.4099997878074646,1.2206348776817322,3,3.0865641832351685
766,35.658000946044922,35.733684301376343,-117.52216300368309,-117.62832874059677,1.380000114440918,0.82759201526641846,3.1199999749660492,3.0767731368541718
400,35.679501056671143,35.765560269355774,-117.53183001279831,-117.75574888288975,4.6899998188018799,7.6380202174186707,3.0600000321865082,3.0892248451709747
122,34.990832984447479,34.92942750453949,-116.46099996566772,-116.29769825935364,1.7500001192092896,1.7280077934265137,3.0299999713897705,3.0815642774105072
202,35.557335019111633,35.73595142364502,-117.56883201003075,-117.51073437929153,3.6000001430511475,1.1424002051353455,4.8400000110268593,4.7519280910491943
835,35.730167031288147,35.255717277526855,-117.55866700410843,-117.40176582336426,7.8399999439716339,4.6421071887016296,3.2199999690055847,3.0871171653270721
2296,32.730000019073486,32.553784608840942,-118.38400000333786,-118.08895562589169,9.8999999463558197,8.8720764219760895,4.3999999947845936,3.6708736717700958
1439,32.802500009536743,32.570436716079712,-116.12399995326996,-116.25092923641205,14.100000020116568,2.1293109655380249,3.9999999850988388,3.1868653893470764
1733,32.376999974250793,32.416741609573364,-116.34800004959106,-116.4163658618927,6.9999995827674866,1.8825960159301758,3.3999999761581421,3.1822414398193359
1695,33.083999991416931,32.747827053070068,-116.23099994659424,-116.44562745094299,5.7999998331069946,2.8500831127166748,3.2999999821186066,3.1106270849704742
1707,35.894000053405762,35.964038968086243,-116.75899994373322,-116.79592287540436,3.3000004291534424,0.74529558420181274,3.199999988079071,3.0758912265300751
2468,34.683000028133392,34.672054409980774,-116.37899994850159,-116.27668261528015,2.9999998211860657,3.8410806655883789,3.199999988079071,3.07209312915802
1153,32.976799964904785,32.693525552749634,-116.42830002307892,-116.51739203929901,17.899999916553497,2.9162889719009399,3,3.108782172203064
1661,32.701200008392334,32.518531084060669,-118.18420000374317,-118.29861509799957,16.000000052154064,2.7304995059967041,4.0999999791383743,3.1890451312065125
1759,35.572000026702881,35.633214950561523,-116.97599995136261,-116.95335078239441,5.9999996423721313,0.68730533123016357,3.199999988079071,3.0793612897396088
854,33.52233299612999,33.353758990764618,-116.73099994659424,-116.77034497261047,3.2800000905990601,1.3027846813201904,3,3.0852899551391602
1589,32.058599948883057,32.06164276599884,-117.44319999217987,-117.18597459793091,5.0999996066093445,8.2202066481113434,3.5999999642372131,3.0861058831214905
2268,35.906000018119812,35.970793128013611,-117.5959999859333,-117.44630759954453,3.7999999523162842,0.98581999540328979,3,3.0696649253368378
641,35.781834006309509,35.935841917991638,-117.58950001001358,-117.68397402763367,1.5799999237060547,6.2066191434860229,3.5400000214576721,3.1028589606285095
1,35.615499973297119,35.734041929244995,-117.42033302783966,-117.53095304965973,9.7699999809265137,0.74782043695449829,3.1500000357627869,3.0657262802124023
2160,34.340000003576279,34.227979302406311,-116.85300004482269,-117.41187423467636,0.099999904632568359,3.2329469919204712,3.0999999940395355,3.1049518883228302
698,35.556666970252991,34.657808780670166,-117.35816699266434,-117.81824317574501,8.7099999189376831,4.9639123678207397,4.4899999997578561,3.6210325956344604
1636,32.843600034713745,32.706719398498535,-118.02710000053048,-118.02937742136419,13.80000002682209,4.792478084564209,4.0999999791383743,3.1460950076580048
1291,35.472300052642822,35.662955284118652,-118.2766999900341,-118.45089387893677,8.4000000357627869,0.27424782514572144,3.199999988079071,3.1117459237575531
2422,34.097999997437,34.025761408731341,-117.7339999973774,-117.61514711380005,6.7999997735023499,4.0178149938583374,3.0999999940395355,3.0672366321086884
1520,33.380900025367737,33.331336379051208,-116.50539994239807,-116.64217531681061,6.9999995827674866,4.8743748664855957,5.5000000298023224,4.818814717233181
1853,33.706000000238419,33.462388753890991,-116.04499995708466,-116.08224487304688,13.700000010430813,1.7507055401802063,3,3.095043808221817
1136,32.425999999046326,32.897034645080566,-117.3289999961853,-117.29133009910583,2.9999998211860657,16.826926209032536,3.199999988079071,3.1846281588077545
2455,34.852999985218048,34.84899228811264,-116.40900003910065,-116.27073574066162,4.3000003695487976,3.1378662586212158,3.0999999940395355,3.0680036544799805
1631,33.928000003099442,33.816716030240059,-118.3589999973774,-118.35552135109901,15.899999979883432,1.1219653487205505,3.0999999940395355,3.0731894373893738
1998,33.307699978351593,32.994041085243225,-116.20299994945526,-116.48658537864685,10.399999916553497,2.5818836688995361,3.6999999582767487,3.0996541678905487
663,35.892333030700684,35.795584201812744,-117.72200000286102,-117.47719407081604,7.8700000047683716,2.911469042301178,3.9800000041723251,3.1038807928562164
683,35.766167044639587,34.385588079690933,-117.58750000596046,-118.08897390216589,1.8200004100799561,5.5119824409484863,3.6300000250339508,3.6845638453960419
1257,34.1283999979496,34.00516078947112,-117.43900001049042,-117.39567506313324,13.299999944865704,2.1838474273681641,3.2999999821186066,3.0725246071815491
317,35.913833975791931,35.977358102798462,-117.71167001128197,-117.76188795268536,1.8100002408027649,1.5528738498687744,3.5999999642372131,3.0884487926959991
648,35.901167035102844,35.945024132728577,-117.7495000064373,-117.59103685617447,5.0400003790855408,5.2064716815948486,5.4000000357627869,4.5698070488870144
1434,32.018599987030029,32.299322009086609,-116.32659995555878,-116.14926993846893,7.3000001907348633,7.2489532828330994,4.2999999895691872,3.2122429311275482
1479,33.858999997377396,33.78408345580101,-118.45800000429153,-118.4275244474411,14.100000020116568,0.90166658163070679,3,3.0674911737442017
709,35.913833022117615,34.912069439888,-117.72583299875259,-117.67182704806328,7.9999999701976776,5.4299694299697876,4.5,3.3009531497955322
1282,34.052999999374151,33.968944817781448,-117.78749999403954,-117.69405171275139,5.2000004053115845,4.0321066975593567,3.8999999910593033,3.1066301465034485
1768,35.950899958610535,35.961916446685791,-117.72139999270439,-117.78079645335674,4.3000003695487976,1.9042736291885376,3,3.0754260420799255
972,33.147000014781952,32.940094709396362,-116.47816705703735,-116.62917947769165,10.990000069141388,3.7971711158752441,3.5300000309944153,3.0946134924888611
1306,34.408100008964539,34.289385974407196,-119.79719996452332,-119.74441742897034,19.699999988079071,1.6378515958786011,4.9000000208616257,3.9517781138420105
1400,33.899300001561642,33.788188442587852,-119.3889000415802,-119.42134141921997,17.000000104308128,0.92148631811141968,3.4999999701976776,3.0765971839427948
1408,34.012799999676645,33.893320225179195,-117.58259999752045,-117.51462808251381,14.700000006705523,3.6303216218948364,3.5999999642372131,3.0750790536403656
2238,35.960000038146973,35.962385058403015,-117.68999999761581,-117.58744207024574,4.400000274181366,1.7481306195259094,3,3.0679339170455933
1496,32.748000025749207,32.409776568412781,-116.05099999904633,-116.19273936748505,4.9999997019767761,1.3258731365203857,3,3.1739628911018372
2038,34.006000000052154,33.970708906650543,-117.58500000834465,-117.57910269498825,4.6000000834465027,1.7760899662971497,3,3.0694903135299683
1529,33.392000019550323,33.194868803024292,-116.43499994277954,-116.74702334403992,6.9999995827674866,2.4041497707366943,3.0999999940395355,3.0925570428371429
1663,33.983999999240041,33.835650220513344,-118.46999999880791,-118.47905734181404,7.5,0.67838340997695923,3.2999999821186066,3.0924650430679321
1354,33.87100000679493,33.651358187198639,-116.19700002670288,-116.25326836109161,8.4000000357627869,2.6172816753387451,3.2999999821186066,3.0794418454170227
2478,34.739000022411346,34.884654700756073,-116.2610000371933,-116.25918531417847,18.000000044703484,3.3988550305366516,3.6999999582767487,3.1196337640285492
2495,35.756999969482422,35.896116256713867,-117.61599999666214,-117.63166734576225,3.1999996304512024,1.2843185663223267,3,3.0756376683712006
1643,34.003400000045076,33.970707135275006,-118.91109997034073,-118.80907541513443,16.000000052154064,0.58946102857589722,4.2999999895691872,3.7153562307357788
1051,33.913999997079372,33.737589716911316,-118.29766699671745,-118.23802420496941,11.669999957084656,0.92334777116775513,3,3.0656368732452393
795,35.682834982872009,35.812981724739075,-117.49183702468872,-117.67930415272713,-0.17000019550323486,0.42948424816131592,3.199999988079071,3.0836619436740875
1597,35.712000012397766,35.726956367492676,-117.48199999332428,-117.54578801989555,9.3000000715255737,0.85897564888000488,3.3999999761581421,3.0715164542198181
1819,32.732900023460388,32.538671135902405,-118.22820000350475,-118.27618286013603,6.7999997735023499,2.8723561763763428,3.3999999761581421,3.0664861500263214
1722,33.680999994277954,33.570902019739151,-116.80799996852875,-116.80423617362976,15.100000002421439,2.0112857222557068,3.199999988079071,3.0686702728271484
1183,34.334199994802475,34.381850183010101,-119.53489995002747,-119.64477384090424,8.9999999105930328,2.7168372273445129,3,3.0791440308094025
1059,33.195999979972839,32.983370542526245,-116.68250000476837,-116.73700594902039,11.850000098347664,2.3464787006378174,3.1899999976158142,3.0911112427711487
540,35.869166970252991,35.966453909873962,-117.65316799283028,-117.77690340578556,7.6999998092651367,1.8121710419654846,3.3099999725818634,3.1147151291370392
1678,34.137600004673004,33.996198025532067,-117.38319998979568,-117.36697190999985,7.9000000655651093,2.4059772491455078,3.5999999642372131,3.1085878014564514
2446,34.814000010490417,34.770178258419037,-116.41700005531311,-116.2470178604126,3.1999996304512024,3.258785605430603,3.0999999940395355,3.0760173797607422
1757,34.032999999821186,33.78651174902916,-116.44200003147125,-116.46812069416046,2.800000011920929,2.4945643544197083,3.3999999761581421,3.0742912888526917
1923,35.965399980545044,35.935120105743408,-119.76820003986359,-119.28188920021057,25.300000011920929,2.3236334323883057,3.2999999821186066,3.096804141998291
95,35.67566704750061,35.782668471336365,-117.53933000564575,-117.63307216763496,6.9699999690055847,0.85207700729370117,3.129999965429306,3.0681924819946289
1020,34.40616700053215,34.326786905527115,-119.64566695690155,-119.70432925224304,14.15999997407198,0.41198551654815674,3.4400000274181366,3.0695173144340515
563,35.7066650390625,35.615592360496521,-117.55016300082207,-117.89243102818727,1.6199997067451477,1.099589467048645,3.0999999940395355,3.0993793308734894
863,34.048333000391722,33.936018824577332,-117.50416699051857,-117.48668283224106,4.1599997878074646,3.6409816145896912,3.0999999940395355,3.0633108615875244
1484,33.368600010871887,33.220387518405914,-116.41390001773834,-116.54563689231873,7.3000001907348633,2.0651695132255554,3.199999988079071,3.0803955495357513
1881,33.945000000298023,33.733049124479294,-116.36800003051758,-116.40032315254211,8.8000001013278961,2.8080743551254272,3.4999999701976776,3.0846611559391022
1038,33.001833021640778,33.167019367218018,-118.89983302354813,-118.79801768064499,5.7399997115135193,2.7847802639007568,3.5999999642372131,3.062630295753479
206,35.889832019805908,35.970070004463196,-117.7245030105114,-117.81115651130676,2.9300004243850708,1.2472361326217651,3.2600000202655792,3.0735648572444916
392,35.571998953819275,35.896438360214233,-117.36000102758408,-117.40514665842056,2.2400003671646118,1.5968361496925354,3.0199999809265137,3.0912105739116669
870,33.23233300447464,32.931598424911499,-116.77849996089935,-116.79053211212158,11.389999911189079,1.8652832508087158,3,3.0903917849063873
397,35.877333045005798,35.955039620399475,-117.7165000140667,-117.77610246837139,2.9899996519088745,1.1313191056251526,3.4999999701976776,3.0940707921981812
2440,33.827999994158745,33.82026045024395,-118.37700000405312,-118.2679970562458,7.5,3.0795890092849731,3,3.0544401705265045
1028,32.024832963943481,32.147358059883118,-116.91299998760223,-116.40141081809998,9.60999995470047,7.702273428440094,3.2299999594688416,3.1334854960441589
1485,32.932700037956238,32.66093921661377,-116.24349999427795,-116.45695924758911,16.19999997317791,1.6534155607223511,3.3999999761581421,3.1443348526954651
960,32.44350004196167,32.062687516212463,-116.01866698265076,-116.51063942909241,0.54000020027160645,1.6512322425842285,3.0500000417232513,3.4924491047859192
1570,33.988199999555945,33.782715335488319,-118.0671000033617,-118.03914557397366,15.400000009685755,3.8423305749893188,4.1999999955296516,3.8729545623064041
1895,33.883900001645088,33.751053243875504,-116.78610002994537,-116.84654712677002,17.899999916553497,2.2933638095855713,3.7999999970197678,3.1162402331829071
2146,34.362100005149841,34.002492150757462,-116.87779998779297,-117.04824250936508,5.899999737739563,6.1247321963310242,3.3999999761581421,3.0594985485076904
804,35.673833012580872,34.483608275651932,-117.48933297395706,-117.44796377420425,9.2299997806549072,5.7943743467330933,3.0999999940395355,3.6839709877967834
1751,35.431300044059753,35.599608898162842,-118.40139999985695,-118.59617549180984,9.9999998509883881,0.31197398900985718,4.2999999895691872,3.6903949677944183
502,35.914332985877991,35.958357214927673,-117.71749898791313,-117.71547502279282,2.3500004410743713,0.18374025821685791,3.5999999642372131,3.0924647748470306
779,35.655500054359436,35.971542716026306,-117.53633299469948,-117.65090611577034,7.5999999046325684,0.71382611989974976,3,3.0923703610897064
1863,32.705000042915344,32.456851601600647,-116.02699995040894,-116.21497678756714,2.5000002980232239,1.1469528079032898,3.199999988079071,3.1823552548885345
200,35.685165047645569,35.727368950843811,-117.52383399009705,-117.62444272637367,6.5700003504753113,0.95471978187561035,3.0999999940395355,3.0783234536647797
2182,33.333599984645844,33.409620821475983,-118.9718000292778,-118.94281780719757,6.9999995827674866,6.2867617607116699,3.4999999701976776,3.0498560070991516
2088,35.592300057411194,35.770183086395264,-117.53900000452995,-117.48382121324539,5.3000003099441528,3.3882826566696167,3.6999999582767487,3.0850277245044708
2279,34.990000009536743,34.996898114681244,-119.45799994468689,-119.47161817550659,15.100000002421439,2.8126314282417297,3,3.0826648771762848
1796,32.744500041007996,32.605693101882935,-117.3604000210762,-117.03249305486679,9.9999998509883881,4.5501315593719482,3.0999999940395355,3.0747567415237427
378,35.901165008544922,35.971163511276245,-117.6786650121212,-117.7536454051733,2.0600000023841858,1.1945199966430664,3.0299999713897705,3.074245423078537
2338,35.996999979019165,35.970168709754944,-117.87100000679493,-117.89339000731707,3.1999996304512024,1.2333610653877258,3,3.0722456574440002
418,35.862334966659546,35.970932722091675,-117.68483000993729,-117.80426526069641,7.4500000476837158,0.62989085912704468,3.2999999821186066,3.0731606483459473
1698,34.432700008153915,34.279113173484802,-119.01250004768372,-119.01492488384247,25.699999630451202,1.4171603322029114,3.4999999701976776,3.0860642194747925
391,35.780833959579468,35.884106040000916,-117.615837007761,-117.71919804811478,7.3299998044967651,1.0035672783851624,3.070000022649765,3.0712386667728424
1522,35.487900018692017,35.636613845825195,-118.44499999284744,-118.65606445074081,3.1999996304512024,0.19960910081863403,3.6999999582767487,3.1644337177276611
1162,35.994099974632263,35.973377585411072,-117.91830000281334,-117.88786617666483,3.4000003337860107,1.0283365845680237,3.0999999940395355,3.0764115750789642
1495,35.035199999809265,35.143890380859375,-119.04530000686646,-118.89636594057083,16.899999976158142,1.4012047648429871,3.6999999582767487,3.1423136293888092
2027,35.388000011444092,35.512269735336304,-118.625,-118.77574336528778,3.6000001430511475,1.1974641680717468,3,3.1036545038223267
1152,34.758499979972839,34.686620593070984,-118.44350001215935,-118.53780126571655,11.999999955296516,0.27578651905059814,3.0999999940395355,3.1105760335922241
1367,33.960999999195337,33.713300168514252,-116.13199996948242,-116.15011811256409,6.8999996781349182,2.1142306923866272,3.199999988079071,3.091020405292511
64,33.59400001168251,33.536668539047241,-117.26999998092651,-117.35806262493134,13.689999952912331,2.4772310256958008,3.9599999785423279,3.2770531475543976
2062,35.347000002861023,35.260090351104736,-117.19300001859665,-117.09336370229721,5.6000000238418579,1.5704503655433655,3.199999988079071,3.0664681792259216
1180,33.760299995541573,33.600648254156113,-116.11749994754791,-116.12779760360718,16.500000022351742,2.228076159954071,3.3999999761581421,3.0941901504993439
492,35.677834033966064,35.945407629013062,-117.59700000286102,-117.66962304711342,5.4699996113777161,1.026996374130249,3.2999999821186066,3.0927096605300903
379,35.570000052452087,35.48152494430542,-117.40666997432709,-117.57641100883484,6.4899998903274536,2.1778920292854309,3,3.0864387452602386
2236,34.845000028610229,34.816830933094025,-116.35199999809265,-116.2378910779953,7.5,3.5242867469787598,3.2999999821186066,3.0832349359989166
763,35.655833959579468,35.703896999359131,-117.52349901199341,-117.52615460753441,1.5699997544288635,0.58863043785095215,3.3400000333786011,3.0796434581279755
2265,33.47299998998642,33.372435927391052,-116.58899998664856,-116.52394068241119,15.200000004842877,4.8628485202789307,5.2000000029802322,4.3007774502038956
791,35.698001980781555,35.73610520362854,-117.48816698789597,-117.59863248467445,8.7700000405311584,1.8062272667884827,3.3999999761581421,3.0820519030094147
1076,34.717000007629395,34.653931081295013,-116.03316700458527,-116.05098342895508,2.7700003981590271,1.7808651924133301,3.3099999725818634,3.1117516458034515
878,34.703999996185303,34.668976843357086,-116.2861670255661,-116.15535664558411,1.5599995851516724,1.5660712122917175,3.9599999785423279,3.2129919826984406
337,35.557335019111633,35.813855767250061,-117.38666498661041,-117.46846699714661,-0.83000063896179199,0.58022528886795044,3.199999988079071,3.0838959217071533
2345,34.725000023841858,34.718046128749847,-116.30099999904633,-116.18443632125854,5.0999996066093445,4.0039175748825073,3,3.0718264281749725
1016,33.483833014965057,33.354922711849213,-116.80099999904633,-116.83915448188782,3.2699999213218689,1.2631505727767944,3.3700000047683716,3.0904818177223206
1275,34.701799988746643,34.647322058677673,-116.27289998531342,-116.1363627910614,6.7999997735023499,1.6945713758468628,4.2999999895691872,3.2425706684589386
455,35.902667999267578,35.402294874191284,-117.72883599996567,-117.71709638834,4.2900002002716064,2.1495652198791504,3.0299999713897705,3.0859266221523285
815,35.673832058906555,35.909752130508423,-117.51750200986862,-117.38452589511871,1.5699997544288635,1.285933256149292,3.2899999916553497,3.7138733267784119
2319,34.222000002861023,34.106335021555424,-117.50900000333786,-117.43564569950104,10.899999886751175,1.6803315281867981,3.7999999970197678,3.206235945224762
995,34.28600001335144,34.087844602763653,-117.05816698074341,-116.95524263381958,7.6999998092651367,1.116427481174469,3.2099999785423279,3.0800625085830688
1981,33.281000018119812,32.992374300956726,-116.13950002193451,-116.45484828948975,18.400000110268593,3.8682729005813599,5.2000000029802322,3.3375219404697418
201,35.635334014892578,34.481084138154984,-117.58333599567413,-117.93784641474485,11.25,5.2439600229263306,3.0999999940395355,3.1788226962089539
161,35.856834053993225,35.963144421577454,-117.68599700927734,-117.81414994597435,3.6799997091293335,1.0800415277481079,3.070000022649765,3.0710342824459076
1579,34.014999999664724,33.83472266793251,-117.18400001525879,-117.18034666776657,6.8999996781349182,2.4739104509353638,3.5999999642372131,3.1411872804164886
2457,34.633000016212463,34.710107326507568,-116.36099994182587,-116.25027716159821,7.3000001907348633,4.7895509004592896,3.9999999850988388,3.1463156640529633
702,35.86566698551178,34.781942248344421,-117.65266698598862,-117.60627314448357,15.109999997075647,4.7802910208702087,4.0100000202655792,3.1828361749649048
1500,33.106100022792816,32.865158081054688,-116.49580001831055,-116.54815399646759,13.900000043213367,2.3229378461837769,3,3.0993578732013702
1129,35.728500008583069,35.795291662216187,-117.5649000108242,-117.66878125071526,4.699999988079071,0.54182231426239014,3.2999999821186066,3.0848349630832672
1021,33.373499989509583,32.989556312561035,-116.28483295440674,-116.40690696239471,13.640000000596046,3.0542698502540588,3.0099999904632568,3.0956398844718933
1585,32.240200042724609,32.183567523956299,-116.55390000343323,-116.37230432033539,9.2000001668930054,3.4873920679092407,3.5999999642372131,3.7296271026134491
1955,35.120599985122681,35.052607893943787,-118.98309999704361,-118.93753689527512,10.999999791383743,2.8194218873977661,4.8000000044703484,3.9826878905296326
2254,33.263999998569489,32.840232849121094,-116.14199995994568,-116.4825611114502,5.5000001192092896,5.3858479857444763,3,3.100844532251358
34,34.278833001852036,34.200743153691292,-119.28750002384186,-119.50865578651428,11.509999930858612,2.0390152931213379,3.5999999642372131,3.0768784582614899
775,35.671165943145752,35.766922235488892,-117.47166401147842,-117.57183998823166,7.1099996566772461,0.69161117076873779,3.4999999701976776,3.0886887609958649
1478,34.335999995470047,34.306853622198105,-116.4559999704361,-116.38433837890625,3.1999996304512024,1.3601186871528625,3,3.0947848856449127
1390,33.447099983692169,33.206991255283356,-116.4695999622345,-116.6578676700592,10.60000017285347,3.1896767020225525,3.4999999701976776,3.0831915736198425
2139,34.283699989318848,34.097516365349293,-116.83790004253387,-116.93935775756836,2.7000001072883606,3.6030936241149902,3.9999999850988388,3.7972341924905777
1363,33.931599996984005,33.854666814208031,-118.40599998831749,-118.40640583634377,13.200000040233135,0.68709343671798706,3.6999999582767487,3.1688322722911835
2041,34.349400013685226,34.105255521833897,-119.46319997310638,-119.28655982017517,3.6000001430511475,1.4612585306167603,3.9999999850988388,3.45101398229599
241,35.724498987197876,35.733675479888916,-117.53016701340675,-117.667231798172,8.6599999666213989,3.0401641130447388,3.2299999594688416,3.0716795325279236
2061,34.050000000745058,33.943285752087831,-117.25999999046326,-117.22677487134933,12.400000020861626,2.0232278108596802,3.2999999821186066,3.0754991769790649
2370,35.087000012397766,35.101706504821777,-117.52000001072884,-117.22506558895111,2.1999996900558472,5.1504617929458618,3.199999988079071,3.0785457193851471
600,35.877333045005798,35.902046322822571,-117.704499989748,-117.55746510624886,10.990000069141388,7.6818586885929108,3,3.1167720258235931
2443,34.605000019073486,34.446497142314911,-119.067999958992,-118.99234342575073,11.599999889731407,1.6706845164299011,3,3.0723758339881897
1297,35.478000044822693,35.648643732070923,-118.30500000715256,-118.44871765375137,0.70000022649765015,0.30829399824142456,4.1999999955296516,3.6199491620063782
2215,34.166999995708466,34.046202268451452,-117.43599998950958,-117.37177580595016,7.3000001907348633,2.2841048240661621,3,3.0671994388103485
2068,34.057000000029802,33.962095320224762,-117.25800001621246,-117.21182030439377,10.60000017285347,1.6612699627876282,3.0999999940395355,3.0760833621025085
646,35.557167053222656,34.366131126880646,-117.38516700267792,-117.89176969230175,3.5100004076957703,5.0276684761047363,3.7800000160932541,3.2131625711917877
1528,35.202999949455261,35.30171012878418,-118.60299998521805,-118.72779285907745,6.3000002503395081,0.37749409675598145,3.4999999701976776,3.1043764650821686
1267,33.006399989128113,32.740976810455322,-116.4342999458313,-116.5249297618866,14.599999990314245,3.495575487613678,3,3.1033827066421509
1899,32.654000043869019,32.418766260147095,-117.34600001573563,-117.11657810211182,5.9999996423721313,4.7545221447944641,3.2999999821186066,3.0772466361522675
562,35.912166953086853,35.853383898735046,-117.71200001239777,-117.46623432636261,2.0999997854232788,1.6328412294387817,3.3899999856948853,3.1520413756370544
189,35.934165954589844,35.975614070892334,-117.69750198721886,-117.75666196644306,1.4800000190734863,0.94207137823104858,3.2199999690055847,3.0825948715209961
1806,34.617999970912933,34.565126299858093,-116.28100001811981,-116.16410636901855,12.899999991059303,1.6755867004394531,3.2999999821186066,3.1097712814807892
975,33.147832989692688,32.942863345146179,-116.47916698455811,-116.61598515510559,11.13999992609024,3.682226836681366,3.9599999785423279,3.2740463018417358
2047,32.302999973297119,32.086620807647705,-117.87900000065565,-117.83692893385887,11.200000047683716,7.1158236265182495,3,3.0608991086483002
1082,34.363667011260986,34.215255618095398,-118.64933300018311,-118.76275050640106,10.289999842643738,0.34829646348953247,3.0999999940395355,3.0762121081352234
474,35.89033305644989,35.874012470245361,-117.72499999403954,-117.70866674184799,3.7799996137619019,0.97624987363815308,3.5699999928474426,3.1482197642326355
747,35.703999042510986,35.857313394546509,-117.50250199437141,-117.55076333880424,7.2699996829032898,0.63398659229278564,3.5999999642372131,3.0854750275611877
2302,35.980000019073486,35.975680708885193,-117.85699999332428,-117.95815274864435,2.7000001072883606,1.2658479809761047,3.6999999582767487,3.1355167329311371
21,34.875167012214661,34.728973388671875,-117.39050000905991,-117.32965588569641,2.4000003933906555,0.83834320306777954,3.4999999701976776,3.1679983735084534
459,35.570498943328857,35.464531421661377,-117.51983600854874,-117.47201073169708,8.9000000059604645,4.8015528917312622,3.5200000405311584,3.0841939151287079
1184,33.788599997758865,33.686440706253052,-116.96739995479584,-117.03141474723816,16.899999976158142,2.5663536787033081,3.5999999642372131,3.1058264672756195
2326,35.91100001335144,35.957964539527893,-117.8830000013113,-117.69624882936478,0.70000022649765015,6.9029313325881958,5.2000000029802322,4.2976656407117844
955,33.177833020687103,32.710703372955322,-116.02916705608368,-116.61475169658661,8.9000000059604645,3.2342362403869629,3.5600000023841858,3.1167254447937012
1215,33.569700002670288,33.406839191913605,-118.37000000476837,-118.36729452013969,18.200000077486038,0.50054669380187988,3.7999999970197678,3.1357477605342865
2441,34.819000005722046,35.057462692260742,-116.22000002861023,-116.32612764835358,5.9999996423721313,3.5124018788337708,3.2999999821186066,3.0894283354282379
1515,34.479000002145767,34.341806709766388,-116.26699995994568,-116.11446762084961,8.3000001311302185,1.2560731172561646,3.0999999940395355,3.1011388599872589
2399,34.384999990463257,34.174717426300049,-119.02100002765656,-119.09171378612518,7.8000001609325409,0.51245659589767456,3.0999999940395355,3.0724371671676636
769,35.771832942962646,35.931491613388062,-117.6178329885006,-117.58252793550491,2.5900000333786011,1.1141207814216614,4.2999999895691872,3.501779705286026
1685,35.983100056648254,35.980253458023071,-117.29019999504089,-117.40893477201462,9.9999998509883881,0.92955082654953003,4.9000000208616257,3.168989896774292
130,35.607833027839661,35.664231181144714,-117.47566699981689,-117.64526769518852,8.4800000488758087,1.1142924427986145,3.199999988079071,3.0711343288421631
2135,34.698000013828278,34.670498847961426,-116.30299997329712,-116.10969793796539,5.6000000238418579,7.8990724682807922,3,3.0862855017185211
1482,32.983000040054321,32.882930517196655,-116.34700000286102,-116.39745736122131,14.299999997019768,1.6660264134407043,3.7999999970197678,3.0609772503376007
330,35.74683403968811,35.832434058189392,-117.5461660027504,-117.67643496394157,8.4999999403953552,1.0878503322601318,3.4999999701976776,3.0998587310314178
1238,33.930699996650219,33.764289349317551,-117.94559999927878,-117.88951127976179,16.799999959766865,3.5979777574539185,3.6999999582767487,3.0939692258834839
466,35.951167941093445,35.986225247383118,-117.70483401417732,-117.80352821946144,1.9200003147125244,1.2570708990097046,3.0999999940395355,3.0869995951652527
2169,34.052000001072884,33.980169096961617,-117.2509999871254,-117.18136775493622,15.200000004842877,2.9521501064300537,3,3.0705810785293579
1638,33.929499998688698,33.803054109215736,-118.30790001153946,-118.35396081209183,10.60000017285347,1.4279580116271973,3.7999999970197678,3.3919068574905396
1095,35.460667014122009,35.322655200958252,-119.97566699981689,-119.72875046730042,8.1499998271465302,0.47384530305862427,3.5099999606609344,3.1104365587234497
1130,35.473099946975708,35.652782320976257,-118.42519998550415,-118.57076972723007,9.0999998152256012,0.22732347249984741,3.199999988079071,3.1248296499252319
1294,32.888499975204468,33.323915541172028,-116.23450005054474,-116.73084914684296,11.200000047683716,4.4212290644645691,3.6999999582767487,3.1462145447731018
860,32.822832942008972,32.830662250518799,-118.48283299803734,-118.38349258899689,8.3800001442432404,7.9341919720172882,4.2999999895691872,3.63966965675354
