event_id,true_latitude_deg,predicted_latitude_deg,true_longitude_deg,predicted_longitude_deg,true_depth_km,predicted_depth_km,true_magnitude,predicted_magnitude
1681,62.058300018310547,62.166483402252197,-149.55509997904301,-149.3379480689764,57.199999690055847,87.252512574195862,4.2999999895691872,4.1054189801216125
1591,61.107900001108646,61.1189876049757,-150.71299999952316,-150.73628760874271,19.900001585483551,83.296302706003189,3,4.1294704154133797
1469,61.480500012636185,61.74613344669342,-150.02059999946505,-149.79880052804947,37.299998104572296,68.034660071134567,3.199999988079071,3.8278770446777344
438,60.394299983978271,61.152607694268227,-152.80169999599457,-149.27393746376038,8.7599977850914001,91.136734932661057,3.3999999761581421,3.078534722328186
1791,61.729200005531311,61.868335485458374,-149.45620000362396,-149.38773460686207,34.500002861022949,113.33202756941319,3,3.2930620908737183
1885,62.556100010871887,62.697596669197083,-151.19069999456406,-150.34850949794054,91.099999845027924,39.706647396087646,3.0999999940395355,3.8329995721578598
2063,62.932000041007996,62.964642405509949,-150.89400002360344,-150.33471288532019,108.4000002592802,57.612612843513489,3.0999999940395355,3.1366461217403412
408,60.432699978351593,60.044595837593079,-152.7389999628067,-152.09868192672729,12.900002300739288,94.850651919841766,4.0999999791383743,4.0284861624240875
1281,61.486600011587143,61.620367884635925,-149.96449999976903,-149.78982987999916,44.39999908208847,45.226350426673889,3.0999999940395355,3.2462752461433411
2084,61.220400005578995,61.135336443781853,-150.44609999656677,-150.36582025140524,52.599996328353882,63.798177987337112,3.199999988079071,3.301728755235672
1755,59.805899977684021,59.301278471946716,-152.90010005235672,-151.57243323326111,104.90000061690807,126.37743924278766,3.5999999642372131,4.1314967572689056
495,60.009599983692169,59.241055369377136,-152.77179998159409,-151.54046988487244,91.299999505281448,122.70734831690788,3.0999999940395355,3.7031984925270081
1538,62.333899974822998,62.434706926345825,-149.60269998013973,-149.47625876963139,50.999999046325684,74.425987899303436,3.8999999910593033,4.0396752655506134
1929,61.444999992847443,60.893817566335201,-152.38630002737045,-151.76806461811066,143.89999955892563,46.662643551826477,3.199999988079071,3.7714188694953918
831,60.401400029659271,60.160982370376587,-151.63479995727539,-151.19937971234322,63.099998980760574,74.294667690992355,4.2999999895691872,4.1647152230143547
387,59.964499950408936,59.589778184890747,-151.96199995279312,-151.28948780894279,78.899998217821121,126.3826503418386,3.0999999940395355,3.5094074606895447
1541,60.902699999511242,60.824270635843277,-150.85970002412796,-150.66570228338242,34.699998795986176,53.80585789680481,3.2999999821186066,3.5798694491386414
426,62.819900035858154,62.898247003555298,-148.37589991092682,-148.54415327310562,61.099998652935028,53.550086915493011,3.7999999970197678,3.9142642915248871
168,62.925999999046326,62.965766906738281,-151.31189998984337,-150.72936724126339,107.40000009536743,114.48338162153959,3.3999999761581421,3.5962309241294861
1456,61.495000004768372,61.514230489730835,-149.92150000110269,-149.51181681454182,36.399997770786285,46.671494841575623,3.6999999582767487,4.4629232436418533
1569,62.326500058174133,62.483047246932983,-149.21699997782707,-149.13558831810951,37.500001490116119,88.531460613012314,3.0999999940395355,3.2986519932746887
351,62.865100026130676,62.845567941665649,-148.19699996709824,-148.39210259914398,66.599998623132706,80.007165670394897,3.8999999910593033,4.1295178458094597
1560,59.840000033378601,59.187239050865173,-152.83999997377396,-151.60713511705399,101.90000012516975,107.89353586733341,3.0999999940395355,3.8106875270605087
1845,61.347600013017654,61.391736805438995,-150.16159999743104,-149.92486379295588,16.999997198581696,84.711533039808273,3.199999988079071,3.5113822817802429
275,60.334699988365173,60.148093461990356,-151.43639999628067,-150.98599648475647,58.399997651576996,78.620672225952148,3.2999999821186066,3.6471930742263794
528,60.832800000905991,60.816149905323982,-150.61270000040531,-150.4089503288269,45.100003480911255,95.230339094996452,3.8999999910593033,3.6758447885513306
1623,62.800400018692017,62.895170211791992,-151.87959998846054,-151.54021310806274,8.7999999523162842,116.34875927120447,3.6999999582767487,3.9827649146318436
1990,62.003100037574768,62.2042396068573,-147.34790003299713,-147.88462615013123,34.999996423721313,74.74551722407341,3.7999999970197678,3.9489581733942032
680,59.458500027656555,59.192254900932312,-152.10459995269775,-151.67851567268372,64.19999897480011,115.77744875103235,3.4999999701976776,3.538087785243988
29,61.30579999089241,61.467936456203461,-152.26009994745255,-151.88552284240723,8.299998939037323,90.902954339981079,3,3.1476300358772278
596,62.928300023078918,62.921441674232483,-148.32270008325577,-148.67045402526855,71.899998933076859,62.451869249343872,4.2999999895691872,4.6269681975245476
281,59.872099995613098,59.286757707595825,-152.89649999141693,-152.3035626411438,94.000000506639481,92.932324856519699,3,3.6621365547180176
1612,59.27020001411438,59.036453008651733,-152.72300004959106,-151.26534980535507,86.19999885559082,53.842931985855103,3.2999999821186066,3.6355817914009094
1298,61.465000003576279,61.491174042224884,-150.04760000109673,-149.82900365442038,20.599998533725739,66.543608903884888,3.0999999940395355,3.1725837886333466
1465,61.419200003147125,61.960567891597748,-150.0817000027746,-148.52070790529251,37.199996411800385,37.080042064189911,3.199999988079071,3.9491714090108871
1817,60.371399998664856,59.878491401672363,-152.22630000114441,-151.25803864002228,88.599998503923416,52.271828055381775,3.199999988079071,3.8450429141521454
1564,61.457800000905991,61.407778739929199,-150.96860003471375,-150.75190696120262,63.400000333786011,41.901528835296631,3.0999999940395355,3.5580463707447052
432,62.979200005531311,62.87201189994812,-150.42499999701977,-150.18260466679931,101.29999928176403,79.11214604973793,4.8000000044703484,4.9514825195074081
1567,61.404100000858307,61.408420622348785,-150.88730004429817,-150.72470654547215,61.999998986721039,45.479290187358856,4.1999999955296516,4.3350140154361725
231,61.211600005626678,61.03578157350421,-151.21729999780655,-151.19002541899681,61.300002038478851,62.333002686500549,3,3.4407927989959717
1849,59.863700032234192,59.290882110595703,-152.93080008029938,-151.8228771686554,98.799999803304672,129.46472316980362,3.7999999970197678,4.2515233084559441
2110,61.987399995326996,62.109468698501587,-149.86989999935031,-149.98685144819319,40.799997746944427,70.255760103464127,3.0999999940395355,3.1432585716247559
2197,61.668299973011017,61.692794799804688,-149.4961000084877,-149.38750344514847,38.699999451637268,72.803404182195663,3,3.2653907239437103
111,60.533600002527237,59.96683943271637,-152.97849994897842,-152.16032874584198,130.10000018402934,60.750409960746765,3.0999999940395355,3.5309514105319977
1490,61.362500011920929,61.446703046560287,-150.05460000224411,-149.65201742202044,31.000003218650818,53.891852498054504,3.4999999701976776,4.178705669939518
1669,60.144400000572205,60.281128108501434,-147.11970001459122,-147.44274795055389,17.099998891353607,50.466746091842651,3.0999999940395355,3.6000400185585022
2116,62.700199961662292,62.895547866821289,-149.18130004405975,-149.26278693974018,64.500000327825546,36.855220794677734,3.0999999940395355,3.412178099155426
1602,59.232499957084656,59.089958071708679,-151.98409992456436,-151.12715104222298,50.800003111362457,105.51549308001995,4.2999999895691872,4.7245729565620422
1823,62.152500033378601,62.198531985282898,-151.19839999079704,-150.91745808720589,13.999998569488525,61.430163681507111,3.2999999821186066,3.4991077780723572
617,60.803800001740456,60.904998578131199,-147.76469993591309,-148.08985841274261,9.8000019788742065,71.882814168930054,3.3999999761581421,3.4065567255020142
1561,61.702600002288818,61.844043016433716,-152.0275000333786,-151.65367555618286,111.9999997317791,45.169882476329803,3,3.3737096786499023
1316,61.476700007915497,61.48758527636528,-149.93800000101328,-149.82968771830201,41.4000004529953,54.54409122467041,3.3999999761581421,3.8062450289726257
926,62.865000009536743,62.93326473236084,-148.15339994430542,-148.58708167076111,70.099998265504837,74.183065444231033,4.0999999791383743,4.5091387541033328
1644,61.587400019168854,61.517731070518494,-150.60149998962879,-150.42021560668945,7.7999979257583618,88.962588459253311,3.3999999761581421,3.572079062461853
2195,62.406200051307678,62.591488122940063,-148.13730007410049,-148.28301125764847,44.200003147125244,88.031493127346039,3.0999999940395355,3.392436146736145
923,61.780099987983704,61.942987382411957,-149.9836000003852,-149.83567465469241,39.499998092651367,99.764186888933182,3.0999999940395355,3.3876132667064667
2175,62.057500004768372,62.223748445510864,-149.82429999858141,-149.73615791648626,34.999996423721313,89.782904833555222,3.199999988079071,3.3680999279022217
1410,61.38730001449585,61.317898064851761,-149.92120000161231,-149.60111653804779,41.199997067451477,31.990811228752136,3.6999999582767487,3.9643409103155136
1244,61.489199995994568,61.614421427249908,-149.90110000222921,-149.73874356597662,37.199996411800385,73.000174015760422,3,3.3347750902175903
1709,62.228399991989136,62.299398422241211,-151.37139996886253,-150.86247825622559,86.500000208616257,41.166827082633972,3.9999999850988388,4.2993663176894188
939,62.741899967193604,62.906009674072266,-151.87410002946854,-151.61609297990799,10.700002312660217,139.51077871024609,3.3999999761581421,3.8277837932109833
1737,61.493600010871887,61.428839474916458,-151.29699996113777,-151.01520878076553,16.00000262260437,71.904972195625305,3.4999999701976776,3.7430809736251831
1536,62.034800052642822,62.214380025863647,-149.83729999512434,-149.66941020637751,38.40000182390213,91.742146760225296,3.4999999701976776,3.7648311406373978
134,61.98470002412796,62.230209350585938,-150.72200001776218,-150.40118296444416,59.699997305870056,70.242121815681458,3.0999999940395355,3.6857629716396332
179,60.680400013923645,60.385071992874146,-151.73360002040863,-151.21879863739014,75.39999857544899,39.82851654291153,3.199999988079071,3.5322631001472473
96,59.854599952697754,59.269420862197876,-152.77229994535446,-151.68454152345657,103.19999977946281,120.50103163346648,3.5999999642372131,4.3258941806852818
367,60.257799983024597,59.892760992050171,-152.15779995918274,-151.32743275165558,92.300001531839371,75.010418891906738,3.199999988079071,3.9592926800251007
1723,61.834299981594086,61.841691076755524,-147.93030005693436,-148.27417409420013,23.199997842311859,55.80650269985199,4.1999999955296516,4.1918031871318817
2092,62.174299955368042,62.278694152832031,-149.37029998004436,-149.26495014131069,40.200002491474152,86.117144674062729,3.2999999821186066,3.5487356185913086
2007,60.521200001239777,60.319276988506317,-152.18340003490448,-151.78263491392136,91.600000858306885,34.145787358283997,3.0999999940395355,3.1241994202136993
943,61.387800008058548,61.321423947811127,-149.92220000177622,-149.76108241081238,41.299998760223389,59.662938117980957,3.199999988079071,3.6238360404968262
321,61.902599990367889,61.989993870258331,-149.24750000238419,-149.24268811941147,4.1999965906143188,89.69574049115181,3.199999988079071,3.2730081081390381
433,60.548599988222122,62.820048689842224,-150.73500001430511,-150.51016947627068,41.000001132488251,102.35530510544777,3.7999999970197678,4.8499791473150253
1494,61.433099985122681,61.406847268342972,-149.978900000453,-150.91273847222328,32.399997115135193,65.676111727952957,3.2999999821186066,3.6284615993499756
585,61.256500005722046,61.211329057812691,-150.43390001356602,-150.30662852525711,44.39999908208847,111.18576675653458,3.0999999940395355,3.5670221149921417
1563,59.3125,59.235796809196472,-151.24160000681877,-151.04779779911041,45.400001108646393,127.4323167745024,4.2999999895691872,4.3000251799821854
2015,59.545300006866455,59.063061237335205,-152.53859996795654,-151.47862261533737,80.499999225139618,89.645233005285263,3.5999999642372131,3.5695356130599976
360,59.52400004863739,59.431877851486206,-151.05189996957779,-150.90428629517555,50.099998712539673,130.44395670294762,3.199999988079071,3.5505251884460449
196,59.48360002040863,59.174049854278564,-151.59769999980927,-151.35468980669975,45.000001788139343,103.47933135926723,3.2999999821186066,3.9257173240184784
1588,59.438400030136108,59.062694072723389,-152.97870004177094,-151.64269173145294,88.799998164176941,89.494895190000534,3,3.2037339806556702
427,59.720299959182739,59.536422252655029,-151.04060000181198,-150.72015506029129,45.999996364116669,132.96313490718603,3.8999999910593033,4.0034811794757843
2166,59.946099996566772,59.275215864181519,-152.80650007724762,-151.8324408531189,92.500001192092896,125.88301883079112,3,3.0971272587776184
1216,60.993199999909848,60.929935067892075,-150.94459998607635,-150.81814223527908,41.4000004529953,57.632803916931152,3,3.3210513889789581
73,59.868899941444397,59.288972139358521,-152.78460001945496,-152.02504509687424,96.300000324845314,105.09797744452953,3,3.5461581945419312
233,60.344500005245209,60.3146111369133,-150.71809999644756,-150.5262421220541,65.49999862909317,79.939194023609161,3.3999999761581421,3.4591265916824341
353,60.271200001239777,59.814674139022827,-152.50340008735657,-151.57927733659744,95.100000500679016,127.60273367166519,3.7999999970197678,4.2175998464226723
1671,59.254400014877319,59.073246955871582,-152.56010001897812,-151.41184383630753,63.999999314546585,102.39546932280064,3.9999999850988388,4.294327050447464
332,62.265499949455261,62.465654611587524,-147.27060002088547,-147.763951420784,21.499998867511749,65.280638635158539,3.199999988079071,3.4049520492553711
1892,60.716399997472763,60.575468063354492,-150.57719998061657,-150.32561849802732,45.299999415874481,108.82175341248512,3.199999988079071,3.4018469452857971
416,62.109300017356873,62.188701748847961,-149.65040000528097,-149.33036340773106,45.699998736381531,82.413062453269958,3.2999999821186066,3.8635757714509964
2019,59.928699970245361,59.221669912338257,-152.84530001878738,-151.76447063684464,93.400001525878906,117.39233508706093,3.0999999940395355,3.2631397247314453
1549,60.431599974632263,60.520174771547318,-147.36639994382858,-147.83753979206085,4.5000016689300537,28.421394526958466,3.7999999970197678,4.0897303372621536
1731,62.012500047683716,62.139164209365845,-150.01890000002459,-149.97082429658622,42.000003159046173,91.195039451122284,3.3999999761581421,3.6528534293174744
1917,60.870000004768372,60.947032369673252,-147.4481999874115,-147.91174077987671,34.999996423721313,84.408175200223923,3,3.3131412863731384
361,61.066699996590614,61.149658739566803,-152.22259998321533,-151.82394540309906,112.59999964386225,57.462617754936218,5.0000000149011612,5.0147392004728317
1736,61.441900014877319,61.419276624917984,-151.35940003395081,-150.85045936703682,86.899999529123306,47.786504030227661,3.2999999821186066,3.8207492977380753
100,60.715299993753433,60.586531788110733,-151.55619996786118,-151.14324760437012,74.09999892115593,25.666616857051849,3.2999999821186066,3.6543790698051453
1134,61.419699996709824,61.514235973358154,-149.84820000082254,-149.54306821525097,39.300002157688141,46.818703413009644,3.6999999582767487,3.8609283417463303
1716,60.145399987697601,59.709831118583679,-152.45990002155304,-151.46262082457542,84.300000220537186,133.90768505632877,3.4999999701976776,4.0542817264795303
2137,59.829399943351746,59.200248718261719,-152.21830004453659,-151.46237415075302,68.999998271465302,111.05403676629066,3.199999988079071,3.1191712617874146
1301,61.44200000166893,61.499303668737411,-150.00539999990724,-149.84620207920671,34.699998795986176,65.489314496517181,3.0999999940395355,3.477760523557663
368,60.007600009441376,59.485424757003784,-152.5164999961853,-151.55251032114029,94.299999997019768,138.05132824927568,3,3.5217990875244141
817,59.34660005569458,59.131652235984802,-152.07209998369217,-151.44974693655968,54.999999701976776,103.76361571252346,3.6999999582767487,4.4324374906718731
70,60.311999976634979,59.877810716629028,-152.30010008811951,-151.32930654287338,85.799999535083771,115.43337628245354,4.2999999895691872,4.6254901997745037
632,62.667899966239929,62.666931748390198,-149.6532000079751,-149.45366536080837,25.499999523162842,59.428147971630096,3.6999999582767487,3.7181468904018402
414,61.141200006008148,61.216738343238831,-149.22699996829033,-149.20143502950668,28.3999964594841,42.29399561882019,3.0999999940395355,3.5876365900039673
1654,60.555200010538101,60.702594697475433,-147.43029999732971,-147.83180165290833,16.599997878074646,69.643769413232803,5.3000000417232513,5.0329691022634506
1864,60.758599996566772,60.551360487937927,-151.73900002241135,-151.07633078098297,75.300000607967377,23.392923176288605,3.5999999642372131,4.0062132328748703
1641,62.452700018882751,62.688251495361328,-151.42709997296333,-151.01032555103302,83.500001579523087,58.272875845432281,3,3.734902024269104
1094,61.545199990272522,61.700383901596069,-151.67929995059967,-151.24679151177406,87.600000202655792,29.738105833530426,3.6999999582767487,3.8293709009885788
240,61.948599994182587,62.011812448501587,-149.30300000309944,-149.15636444091797,43.399997055530548,56.286215782165527,3.8999999910593033,3.9344547986984253
2127,60.109499990940094,59.84900164604187,-152.95029991865158,-152.10161358118057,127.40000011399388,113.52113820612431,4.0999999791383743,3.7550309747457504
1284,61.467799991369247,61.444974482059479,-149.9529000017792,-149.77264928072691,41.100002825260162,32.391071319580078,3.8999999910593033,4.1507011279463768
383,60.200299978256226,59.94676947593689,-151.72589993476868,-151.17519977688789,67.000001668930054,105.1864605396986,3.3999999761581421,3.6324889361858368
254,60.958700001239777,60.830271705985069,-151.76319998502731,-151.46604385972023,78.699998557567596,38.044668734073639,3,3.3678703308105469
1009,61.321599990129471,61.306931138038635,-150.07500000111759,-149.95745537336916,40.899999439716339,57.111114263534546,4.0999999791383743,4.0601704269647598
1702,60.423399984836578,60.518341183662415,-147.33479994535446,-147.82712602615356,20.000003278255463,36.050081253051758,4.3999999947845936,4.318745780736208
1553,61.772800028324127,61.959184587001801,-151.38330003619194,-151.2314241528511,73.69999960064888,60.593061149120331,3.0999999940395355,3.6490745544433594
109,60.517100006341934,60.232897341251373,-151.80330008268356,-151.21924620866776,67.000001668930054,35.636931657791138,3.6999999582767487,3.9081932455301285
1911,61.992299973964691,62.098696231842041,-149.5569000095129,-149.24764984846115,41.699998080730438,88.136326521635056,3.9999999850988388,4.1081235408782959
1513,62.739799976348877,62.876591682434082,-150.6327999830246,-150.23246533423662,81.799998879432678,53.336665034294128,3.0999999940395355,3.6550830602645874
67,61.018300000578165,61.077584967017174,-148.28299999237061,-148.47328805923462,31.800001859664917,102.00855135917664,3.8999999910593033,3.6336579322814941
705,59.502699971199036,59.249439239501953,-152.6013999581337,-151.44266876578331,83.299998193979263,127.25059571675956,3.7999999970197678,4.22301334887743
1448,61.434799998998642,61.417464524507523,-149.92339999973774,-149.83301333338022,34.000001847743988,43.604612350463867,3.7999999970197678,3.7758166640996933
1337,61.446599990129471,60.948716305196285,-149.94030000083148,-148.40166074037552,32.099999487400055,21.777890622615814,3.3999999761581421,3.3958207368850708
561,60.121999979019165,59.928905487060547,-148.38419991731644,-148.76511570811272,25.899998843669891,53.972870111465454,3.3999999761581421,3.9362701177597046
282,61.289499998092651,61.278266429901123,-149.59009999036789,-149.50877371430397,35.599999129772186,42.473450303077698,4.5,4.4261917490512133
1927,62.343600034713745,62.515572428703308,-148.09389996528625,-148.17650073766708,39.899997413158417,101.0463647544384,3.0999999940395355,3.3912252187728882
1175,61.298099994659424,61.248999491333961,-150.08349999971688,-149.99239827808924,20.099997520446777,75.412653386592865,3.199999988079071,3.4352940022945404
1017,60.508799999952316,60.493575215339661,-149.51170000433922,-149.6249902099371,31.499996781349182,87.327837944030762,3.0999999940395355,3.373609185218811
1835,59.948899984359741,59.853698492050171,-148.91909998655319,-149.29785521328449,10.999999940395355,48.507288098335266,3.4999999701976776,3.9167675524950027
1128,61.379400014877319,61.509800732135773,-147.21280002593994,-147.75660145282745,9.9999979138374329,49.649834632873535,3.5999999642372131,3.8009747117757797
2057,59.329100012779236,59.042973279953003,-152.60360008478165,-151.58356726169586,70.000000298023224,89.777953922748566,3.0999999940395355,3.082506000995636
1770,59.581900000572205,59.164990544319153,-152.62129998207092,-151.37451696395874,80.899998545646667,91.971062123775482,3.5999999642372131,4.0474711507558823
184,62.787299990653992,62.852161169052124,-148.91499996185303,-149.10429096221924,9.1999992728233337,35.440273582935333,3.0999999940395355,3.3979690074920654
1287,61.431499987840652,61.461110800504684,-149.97119999863207,-149.89894195273519,20.199999213218689,55.136732757091522,3.199999988079071,3.5441498458385468
905,60.907799996435642,60.8394955098629,-151.25380003452301,-151.07021373510361,68.900000303983688,40.030285716056824,3.4999999701976776,3.9779317528009415
1786,59.751199960708618,59.155192732810974,-152.54210007190704,-151.368272960186,83.999998867511749,116.21090397238731,3,3.6372023820877075
1132,60.069700002670288,59.448455572128296,-152.50239998102188,-151.47059369087219,95.69999948143959,124.48772141942754,3.2999999821186066,3.8348722010850906
507,61.483799993991852,61.378754258155823,-149.78100000321865,-149.69130333513021,30.799999833106995,80.685961991548538,3.7999999970197678,3.7061020731925964
1010,61.474400013685226,61.421231597661972,-150.11180000379682,-150.0989598557353,32.300002872943878,55.887460708618164,3.0999999940395355,3.5094623565673828
251,59.805600047111511,59.315539836883545,-152.6340000629425,-151.97437423467636,87.200000882148743,112.74002492427826,3.4999999701976776,3.9666232466697693
1036,61.541100025177002,59.290043592453003,-151.78359997272491,-152.61936235427856,51.500000059604645,74.391216039657593,3.7999999970197678,3.2508847117424011
1778,59.242900013923645,59.056049704551697,-152.79370003938675,-151.55297541618347,84.100000560283661,72.33462855219841,3.0999999940395355,3.4318168759346008
1083,61.404100000858307,61.480166673660278,-149.96349999960512,-149.77343217283487,19.599996507167816,86.622010916471481,3.2999999821186066,3.4507656097412109
1233,61.450399994850159,61.453316569328308,-150.07719999924302,-149.96083826199174,19.599996507167816,60.20384281873703,3.199999988079071,3.3856956660747528
135,62.557500004768372,62.63711953163147,-149.2165000140667,-149.06279709935188,66.500000655651093,58.407299220561981,3.3999999761581421,4.0549989938735962
1854,61.126499995589256,61.08759293705225,-149.17490002512932,-149.16871556639671,35.099998116493225,65.589237958192825,3.7999999970197678,3.9402447044849396
1953,59.805999994277954,59.272065997123718,-152.99469995498657,-152.07503056526184,100.60000047087669,89.079812169075012,3,3.8148947507143021
527,60.768999993801117,60.650861203670502,-149.61359998583794,-149.86983312293887,26.900000870227814,99.501948803663254,3.4999999701976776,3.671613335609436
247,61.750199973583221,61.903412818908691,-150.44970001280308,-150.13125168532133,59.10000205039978,82.571987062692642,3.2999999821186066,3.7179954349994659
350,62.153499960899353,62.793845415115356,-152.09209996461868,-151.28110831975937,104.6999990940094,123.98796412162483,3,3.2247735857963562
859,60.887199997901917,60.840582892298698,-149.08599999547005,-149.23380973935127,28.200000524520874,62.911130487918854,4.1999999955296516,4.3395192213356495
1761,59.667999982833862,59.251893281936646,-152.12520003318787,-151.46216359734535,63.299998641014099,119.12539601325989,3,3.6524999141693115
1575,62.902600049972534,62.933802843093872,-150.75720003247261,-150.03625320643187,90.599998831748962,54.042674601078033,4.5,4.0205315798521042
1113,61.468199998140335,61.393441200256348,-149.96069999970496,-149.63041681051254,37.600003182888031,31.542576849460602,4.3999999947845936,4.3057001084089279
1752,59.945799946784973,59.445040822029114,-152.66810005903244,-151.26750665903091,87.699998170137405,135.22225245833397,4.0999999791383743,4.5963104926049709
1444,61.350400000810623,61.326505452394485,-150.08149999938905,-149.91006003879011,33.299997448921204,48.992373049259186,3.2999999821186066,3.518496036529541
1412,61.402300000190735,61.334228873252869,-150.05790000222623,-149.96954442746937,40.899999439716339,59.725008904933929,3.7999999970197678,3.5333645939826965
128,61.92059999704361,62.210570335388184,-150.54399999976158,-150.23660760372877,58.600001037120819,79.901896417140961,3.3999999761581421,3.4462142586708069
1502,61.283300012350082,61.79279899597168,-149.90819999948144,-148.9897795021534,45.800000429153442,16.108006238937378,4.9000000208616257,3.905628964304924
2036,61.120999999344349,60.97304929047823,-151.47699996829033,-151.36230102181435,67.899998277425766,38.352720439434052,3.0999999940395355,3.3844320774078369
1263,61.489499986171722,61.554099678993225,-149.89710000157356,-149.74329567700624,40.600001811981201,52.757032215595245,3.7999999970197678,3.8754697144031525
1151,61.534099996089935,61.546748578548431,-149.96970000118017,-149.73829114437103,36.799997091293335,57.130731642246246,3.0999999940395355,3.4909935593605042
941,62.914499998092651,62.975197196006775,-151.25610002875328,-150.6886592656374,115.79999979585409,88.306263089179993,3.0999999940395355,3.5819646120071411
51,61.508599996566772,61.521083831787109,-149.94270000234246,-149.67516908794641,12.100003659725189,65.657876431941986,3.0999999940395355,3.433769702911377
857,59.568699955940247,59.246134638786316,-152.66970008611679,-152.41943603754044,71.499999612569809,88.193845003843307,3.6999999582767487,4.122542068362236
694,61.342299997806549,61.283687174320221,-149.97990000061691,-149.81413538753986,43.799996376037598,54.663404822349548,4.8000000044703484,4.6297189928591251
1114,61.988600015640259,59.248406052589417,-149.37950000166893,-151.49352630972862,6.7000016570091248,85.142165422439575,3.4999999701976776,3.0853157937526703
552,60.005900025367737,59.381091237068176,-152.94309997558594,-152.44759297370911,112.30000015348196,89.469190686941147,3.2999999821186066,4.1268076077103615
1592,62.600000023841858,62.832809209823608,-151.17389997839928,-150.73506045341492,89.000001549720764,60.936525464057922,3,3.6208818554878235
599,60.141499996185303,59.988266706466675,-151.49020001292229,-151.09765630960464,45.19999772310257,107.71345160901546,4.9000000208616257,4.7177254557609558
771,60.354300022125244,59.967710733413696,-152.75760000944138,-152.17829132080078,127.89999996311963,97.232330590486526,3.199999988079071,3.8987715393304825
678,59.595100045204163,59.26963210105896,-152.67900002002716,-151.61809372901917,81.90000057220459,111.12623475492001,3.6999999582767487,4.2061315923929214
290,61.276800006628036,61.289505153894424,-150.10300000011921,-149.84667629376054,38.699999451637268,45.724228024482727,3.5999999642372131,3.8836445063352585
1102,62.054999947547913,62.210575342178345,-148.70269998908043,-148.93635267019272,39.599999785423279,89.568503201007843,3.2999999821186066,3.5410042405128479
1509,60.996100000105798,60.934142135083675,-151.10960000753403,-150.75789561867714,1.5999972820281982,75.549408793449402,3,3.1704119145870209
486,59.784199953079224,59.267096400260925,-152.208899974823,-151.46830898523331,71.199998259544373,121.69180228374898,3.0999999940395355,3.8224893361330032
1487,61.522599995136261,61.585898518562317,-149.91999999806285,-149.71233732998371,37.399999797344208,43.750733137130737,3.199999988079071,3.7807432115077972
2196,59.340999960899353,59.052884817123413,-152.30690002441406,-151.36033943295479,78.699998557567596,81.638086587190628,3.199999988079071,3.4158491492271423
554,61.403699994087219,61.431247144937515,-150.09939999505877,-149.97726719314232,37.799999117851257,69.129966199398041,3.4999999701976776,3.572769820690155
1742,61.281100004911423,61.246863886713982,-151.21399998664856,-150.9023372232914,81.799998879432678,31.874209642410278,3.3999999761581421,3.844032883644104
382,59.738600015640259,59.366816520690918,-151.9514000415802,-151.4299331009388,57.599999010562897,113.19009400904179,3.2999999821186066,3.768668532371521
1646,60.896799996495247,60.755764991044998,-150.61360001564026,-150.22024521231651,127.0000000949949,125.05448795491247,3.0999999940395355,3.1014101207256317
1454,61.416599988937378,61.69410628080368,-150.072400001809,-149.34941437840462,42.700000107288361,21.411485970020294,3.9999999850988388,4.0417441874742508
1855,59.788100004196167,59.169532299041748,-152.65280002355576,-151.39980375766754,83.799999207258224,109.23413559794426,3,3.6817100644111633
298,60.254599988460541,60.242741942405701,-151.15539997816086,-150.79557466506958,57.300001382827759,61.378180980682373,3.199999988079071,3.3677761852741241
1468,61.41499999165535,62.038559794425964,-150.08590000122786,-148.51158088445663,30.400000512599945,57.392805814743042,3,3.7545486688613892
636,60.22460001707077,59.666354417800903,-151.81849998235703,-151.04271224141121,69.299999624490738,128.10800969600677,4.2999999895691872,4.7172064930200577
1950,60.021399974822998,59.401469349861145,-152.99139994382858,-152.13023400306702,114.59999997168779,90.124715119600296,3.0999999940395355,3.9041862934827805
1745,62.226999998092651,62.279777765274048,-149.34510000050068,-149.41254231333733,41.699998080730438,76.837781816720963,4.1999999955296516,4.1056398153305054
1677,61.789399981498718,61.887947380542755,-150.78479996323586,-150.5421871393919,58.799996972084045,80.862518399953842,3.199999988079071,3.6674423217773438
303,59.919700026512146,59.48249351978302,-151.76859998703003,-151.16806393861771,54.600000381469727,126.10179872717708,3.4999999701976776,3.9594116359949112
1395,61.385800004005432,61.382066637277603,-149.99660000007134,-149.82085059955716,41.500002145767212,54.519712924957275,3.7999999970197678,3.7289038002490997
952,59.595499992370605,59.137852549552917,-152.88850003480911,-151.93704128265381,83.5999995470047,99.835185334086418,3,3.4733660817146301
1782,62.008299946784973,62.517743587493896,-152.38979995250702,-151.19015881419182,141.89999923110008,78.516509383916855,4.3999999947845936,5.0037761181592941
482,61.662599980831146,61.932082772254944,-151.80260002613068,-151.48680934309959,101.09999962151051,107.05549642443657,3,3.2839774489402771
188,62.14680004119873,62.774929642677307,-152.58319991827011,-152.08227914571762,0.90000033378601074,114.29201252758503,3.0999999940395355,3.646691232919693
1724,61.721599996089935,61.774567365646362,-148.16829997301102,-148.41350913047791,0.10000169277191162,39.367333054542542,3.199999988079071,3.4494068026542664
849,59.94570004940033,59.266312956809998,-152.8332000374794,-152.19924509525299,98.799999803304672,104.22014817595482,3.199999988079071,3.783141016960144
1978,62.530699968338013,62.660525679588318,-151.25909999012947,-150.75670427083969,85.799999535083771,52.455894649028778,3.199999988079071,3.7937995344400406
1034,61.501699984073639,61.503917396068573,-149.91820000112057,-149.85402335599065,38.199998438358307,64.469423145055771,3.0999999940395355,3.6194145977497101
1283,61.328399986028671,61.296080708503723,-149.97159999981523,-149.69464313238859,32.300002872943878,41.560791432857513,3.3999999761581421,3.7614252716302872
764,62.010400056838989,62.131896018981934,-150.01359999971464,-149.80549934506416,42.099997401237488,74.579402804374695,4.6000000052154064,4.4491209425032139
729,62.159199953079224,62.319742679595947,-149.36019998788834,-149.31918436288834,38.900002837181091,64.616013318300247,3.5999999642372131,3.8463314473628998
48,60.254599988460541,60.080319762229919,-151.0911999642849,-150.64670240879059,56.400001049041748,65.846163779497147,3.8999999910593033,4.2942041158676147
1598,61.548399984836578,61.638272762298584,-149.9427999984473,-149.84908905252814,48.100002110004425,34.530460834503174,3.9999999850988388,3.9979718774557114
218,59.441900014877319,59.096803188323975,-152.68789994716644,-151.54450929164886,72.39999994635582,94.759199768304825,3.0999999940395355,3.7406365871429443
479,61.837700009346008,61.904808878898621,-150.76629996299744,-150.43944650888443,64.399998635053635,79.784784466028214,3.5999999642372131,3.9726704210042953
944,60.603899985551834,60.299954652786255,-152.29419994354248,-151.62727797031403,104.00000028312206,77.033314853906631,4.0999999791383743,4.6458630748093128
1832,61.91949999332428,62.107830762863159,-151.74770003557205,-151.0578821003437,99.700000137090683,60.19417941570282,3.8999999910593033,4.3077634200453758
120,62.921700000762939,62.977191925048828,-151.29420000314713,-150.09093442372978,120.39999989792705,82.031138241291046,3.0999999940395355,3.3032156825065613
1900,60.062300026416779,59.801973223686218,-151.44969999790192,-150.86595091223717,79.599998891353607,102.63767652213573,3.0999999940395355,3.371370792388916
211,62.395099997520447,62.548430800437927,-151.07119998335838,-150.51449574530125,73.800001293420792,61.061888933181763,3,3.4680390357971191
707,61.736800014972687,61.765619397163391,-149.76380000263453,-149.66875319927931,43.49999874830246,73.737531900405884,3,3.2681914865970612
721,62.885900020599365,62.931511282920837,-149.95250000059605,-149.68026101589203,79.199999570846558,25.126561522483826,3.7999999970197678,4.0793441981077194
56,59.027699947357178,59.018703579902649,-151.19000002741814,-151.28712540864944,28.899997472763062,62.334164977073669,3.199999988079071,3.3015543222427368
1307,61.325399994850159,61.300860643386841,-150.00490000017453,-149.74060363322496,33.900000154972076,45.597761869430542,3,3.2226682305335999
1619,61.687399983406067,61.919979929924011,-149.84329999610782,-149.74262512475252,28.700001537799835,112.03979887068272,3.4999999701976776,3.6357968151569366
1261,61.452600002288818,61.450818926095963,-149.95689999964088,-149.8267213627696,41.699998080730438,52.719980478286743,3,3.5423702001571655
1735,60.612300008535385,60.587649554014206,-148.90229997038841,-149.07537576556206,27.999997138977051,58.693960309028625,3.2999999821186066,3.7641919255256653
289,62.173799991607666,62.290938019752502,-151.10850003361702,-150.60688300430775,72.900000959634781,64.923275262117386,3.6999999582767487,4.207958959043026
1909,60.635399997234344,60.622285485267639,-148.64659997820854,-148.89776059985161,16.699999570846558,55.408447980880737,3.199999988079071,3.4793102145195007
1546,62.708299994468689,62.9078768491745,-149.36289998888969,-149.40637949109077,55.799998342990875,39.970062673091888,3.0999999940395355,3.4821738302707672
485,62.968899965286255,62.959895968437195,-150.40940000116825,-149.71234457194805,99.300000816583633,26.81046724319458,3,3.5025853514671326
1718,60.038900017738342,59.288397669792175,-152.88300007581711,-151.78565883636475,106.00000061094761,115.90100731700659,3.199999988079071,3.8282153606414795
535,61.798699975013733,61.985138237476349,-151.79989993572235,-151.34948855638504,107.99999907612801,91.053083539009094,4.1999999955296516,4.775302916765213
1334,61.386900007724762,61.334768027067184,-150.00710000004619,-149.81180892884731,34.000001847743988,48.928201198577881,3.6999999582767487,3.9661906063556671
297,62.805600047111511,62.876718759536743,-148.96979999542236,-149.24761927127838,65.699998289346695,29.193669557571411,3,3.3752773404121399
1583,62.013399958610535,62.163238048553467,-149.58820000290871,-149.48618365824223,34.400001168251038,106.96005262434483,3.3999999761581421,3.6816462278366089
668,62.46399998664856,62.608064770698547,-148.26639997959137,-148.188481092453,21.499998867511749,107.77444764971733,3.3999999761581421,3.9886982291936874
259,62.891899943351746,62.928459763526917,-149.02940002083778,-149.06165787577629,63.099998980760574,29.811978340148926,3.0999999940395355,3.4429487586021423
2042,60.985500000417233,60.871295377612114,-150.91429996490479,-150.6062432974577,20.800001919269562,90.48515185713768,3.6999999582767487,3.6264265179634094
519,62.94350004196167,62.976228475570679,-151.26309996843338,-150.32512662559748,104.80000078678131,82.02565461397171,3.0999999940395355,3.4454778134822845
1179,59.414700031280518,59.5594322681427,-149.067999958992,-149.78299024701118,20.000003278255463,71.940124034881592,3.9999999850988388,3.8161144852638245
1861,61.058100000023842,60.861114114522934,-150.19580000638962,-150.07475288584828,52.699998021125793,118.36708337068558,3.3999999761581421,3.6051246821880341
1027,61.516200006008148,61.592542231082916,-149.9096000008285,-149.61318688094616,38.599997758865356,92.309962958097458,3,3.4198830127716064
1684,62.18939995765686,62.073128819465637,-147.75870001316071,-148.03476333618164,15.900000929832458,71.52605801820755,3.199999988079071,3.3389630019664764
1576,62.841899991035461,62.930826425552368,-148.36409997940063,-148.70120412111282,64.500000327825546,77.583223581314087,3.9999999850988388,4.3412548005580902
44,61.288700014352798,60.909635074436665,-152.27660000324249,-152.70467162132263,6.5999999642372131,57.109668850898743,3.199999988079071,3.1525297164916992
163,61.948099970817566,62.084389448165894,-149.55289998650551,-149.31671427190304,55.900000035762787,78.018069267272949,3.2999999821186066,3.5821129381656647
1336,61.462000012397766,61.48686695098877,-149.94779999926686,-149.7584208548069,39.70000147819519,44.400617480278015,3.4999999701976776,3.8115731030702591
1841,61.474799990653992,61.59477710723877,-147.20110005140305,-147.55543541908264,21.499998867511749,41.019603610038757,3.8999999910593033,4.1063056290149689
1810,62.189599990844727,62.332087159156799,-149.98130000056699,-149.80256250500679,16.199998557567596,79.79121059179306,3.0999999940395355,3.4083122313022614
192,61.921999990940094,62.099728226661682,-150.90960001945496,-150.68127791583538,66.500000655651093,67.018851637840271,3.9999999850988388,4.1913896128535271
1572,61.426800012588501,61.407022505998611,-151.14629995822906,-150.62397211790085,50.700001418590546,47.562293708324432,3.5999999642372131,3.7873955816030502
1780,61.898899972438812,62.115187883377075,-152.09930008649826,-151.53008258342743,125.60000002849847,38.684159517288208,3.4999999701976776,3.6403256356716156
695,60.420400023460388,60.354415237903595,-147.6997999548912,-148.21474742889404,5.5000036954879761,50.810985267162323,4.0999999791383743,4.2558456435799599
611,60.294000029563904,60.164913058280945,-151.32209998369217,-150.9327444434166,59.50000137090683,78.82283627986908,3.8999999910593033,4.2727828547358513
1254,61.400099992752075,61.684827029705048,-150.05350000038743,-149.87686029821634,38.300000131130219,58.225229382514954,3,3.5322057008743286
1615,59.806399941444397,59.237249851226807,-152.94479995965958,-151.52881640195847,103.00000011920929,123.58174228575081,3.4999999701976776,4.1619482785463333
618,60.318599998950958,59.848211288452148,-152.23309993743896,-151.28945803642273,82.899998873472214,90.952299535274506,3.0999999940395355,3.3217046856880188
1223,61.380400002002716,61.369595855474472,-150.15610000491142,-149.90961076878011,20.199999213218689,57.27560818195343,3.3999999761581421,3.5759460926055908
1380,61.490399986505508,61.564274907112122,-149.90459999442101,-149.84681433811784,30.900001525878906,75.616408139467239,3.199999988079071,3.5489038825035095
69,61.649500012397766,61.719222247600555,-148.02310001850128,-148.34598648548126,17.30000227689743,21.173529326915741,3.199999988079071,3.6208830177783966
634,62.937399983406067,62.927615523338318,-148.32870000600815,-148.49040573835373,12.400001287460327,31.573362648487091,3,3.2318258285522461
480,62.976799964904785,62.90808629989624,-148.49750000238419,-148.62028867006302,4.0000006556510925,35.268217325210571,3.199999988079071,3.5279121994972229
1481,61.384600013494492,61.468059241771698,-150.01629999931902,-148.85006439685822,42.999997735023499,57.402819395065308,3.0999999940395355,3.1657173335552216
230,60.06580001115799,59.375402212142944,-152.99500000476837,-152.09290015697479,110.7999999076128,87.248478084802628,3.0999999940395355,3.6912962794303894
342,62.277699947357178,62.577096104621887,-151.00099995732307,-150.61269557476044,74.700001627206802,74.285928159952164,3,3.1784800887107849
1996,62.99810004234314,62.960371613502502,-151.04200002551079,-150.14030647650361,126.70000002253801,101.45086236298084,3.6999999582767487,3.4584350287914276
1700,60.498499989509583,60.050477266311646,-152.1739000082016,-151.24252796173096,81.999998539686203,42.773380875587463,3.2999999821186066,3.9812783002853394
1877,60.450999975204468,59.920912861824036,-152.12279999256134,-151.18946492671967,80.299999564886093,65.924886614084244,3,3.4695758521556854
538,61.684700012207031,61.903760612010956,-151.55119997262955,-151.3547049164772,72.200000286102295,85.200030356645584,3.0999999940395355,3.5829851925373077
1933,59.831500053405762,59.209325909614563,-152.94309997558594,-151.80165231227875,103.70000079274178,110.57395488023758,3,3.4793568849563599
239,62.902099967002869,62.92227041721344,-150.59260001778603,-150.09045394510031,102.90000028908253,81.168245524168015,4.6000000052154064,4.1975953727960587
99,61.48769998550415,61.68310022354126,-149.92009999975562,-149.80829787254333,31.300000846385956,58.538481593132019,3.4999999701976776,3.791232168674469
2065,60.313499987125397,59.81834077835083,-152.49279999732971,-151.46049213409424,109.20000076293945,70.264149457216263,3,3.3267134428024292
1653,60.067300021648407,59.809802055358887,-151.4286000430584,-150.97563868761063,78.000001609325409,111.02476809173822,3.0999999940395355,3.2372484505176544
1211,61.440600007772446,61.331534147262573,-149.88660000264645,-149.58884114027023,27.999997138977051,32.519258558750153,4.8000000044703484,4.6401406824588776
581,62.462599992752075,62.5697021484375,-148.87700003385544,-148.73525512218475,34.999996423721313,88.701482862234116,3.5999999642372131,3.9140711277723312
1989,62.208799958229065,62.480142116546631,-151.99979996681213,-150.99907493591309,106.00000061094761,56.335240602493286,4.3999999947845936,4.4675678042694926
1777,59.841799974441528,59.2794508934021,-152.86959993839264,-151.48912507295609,100.80000013113022,131.46283384412527,3.7999999970197678,4.3410466946661472
1628,62.159299969673157,62.432414054870605,-147.81760007143021,-148.26552736759186,38.500003516674042,123.63950128201395,4.0999999791383743,4.2352927923202515
744,61.311599999666214,61.287834048271179,-149.97020000126213,-149.91097188927233,37.900000810623169,90.701594948768616,3,3.3101634085178375
124,62.148399949073792,62.323838472366333,-149.73880000412464,-149.64386493712664,44.699996709823608,61.177439987659454,4.1999999955296516,3.9991255849599838
1836,61.009999999776483,61.007674522232264,-147.45190000534058,-147.84888339042664,15.100002288818359,64.066313207149506,3.2999999821186066,3.4291960895061493
185,61.081500001251698,60.999965131282806,-152.22009998559952,-151.77596175670624,110.29999982565641,54.512262344360352,3.6999999582767487,3.932238757610321
307,60.2810999751091,59.526240348815918,-152.97330003976822,-152.30097949504852,136.30000036209822,117.16823372989893,4.3999999947845936,4.6767844408750534
1510,60.028299987316132,59.256480097770691,-152.8390000462532,-151.64822834730148,93.199998140335083,121.87122902832925,3,3.6651549339294434
65,59.906999945640564,60.61040523648262,-149.82299999892712,-149.47270037233829,0,69.241665303707123,3.0999999940395355,3.1876968741416931
532,61.155799999833107,61.096004337072372,-152.54269999265671,-152.16941177845001,139.39999975264072,32.104760408401489,3,3.6406959593296051
406,61.011199999600649,61.092291221022606,-148.93469998240471,-149.04861840605736,5.9000030159950256,76.97455957531929,3.4999999701976776,3.4846542477607727
1442,61.502099990844727,61.646424531936646,-149.97020000126213,-149.95476555917412,50.700001418590546,79.826455563306808,3.0999999940395355,3.0786934196949005
1413,61.38850000500679,61.040271546691656,-150.09819999709725,-149.72657492011786,37.399999797344208,58.845311403274536,4.5,4.1788517609238625
1963,62.955299973487854,62.96340811252594,-150.8337000310421,-150.18980920314789,104.6999990940094,45.431360602378845,3.2999999821186066,3.6515269875526428
1040,59.091400027275085,59.053163766860962,-152.4057000875473,-151.39582881331444,60.599997639656067,95.741698518395424,3.9999999850988388,4.2886141240596771
430,61.831700026988983,61.943678379058838,-147.57499998807907,-148.07422506809235,33.799998462200165,109.41988974809647,4.8000000044703484,4.7310304418206215
1200,61.513800024986267,61.468313097953796,-149.91249999962747,-149.9534232057631,37.600003182888031,73.03619384765625,3.199999988079071,3.4094930291175842
1457,61.42059999704361,61.837339103221893,-150.06340000033379,-149.71556047350168,35.199999809265137,44.856593012809753,3.2999999821186066,4.0736581832170486
219,62.980599999427795,62.972974538803101,-150.28759999573231,-149.60832756757736,89.600000530481339,33.334977924823761,3.199999988079071,3.3797233700752258
1229,61.322299987077713,61.345543384552002,-150.00980000034906,-149.76578043401241,29.299996793270111,43.343253433704376,3.4999999701976776,3.8425859659910202
874,62.898399949073792,62.94261109828949,-150.50520001351833,-150.17728586867452,87.400000542402267,46.343788504600525,3.2999999821186066,3.6479587554931641
1189,61.441100001335144,61.464630842208862,-150.0819000005722,-149.99541633180343,20.000003278255463,74.373960494995117,3.199999988079071,3.4665584564208984
715,61.45320001244545,61.597829163074493,-151.92909997701645,-151.38730037212372,98.999999463558197,83.574667572975159,4.5,5.0462683439254761
212,60.02810001373291,59.778811573982239,-151.71570003032684,-151.11843770742416,72.200000286102295,121.36011500842869,3.3999999761581421,4.010452464222908
2109,61.42960000038147,61.467619180679321,-151.01129999756813,-150.9356746673584,64.899999648332596,71.137487888336182,3.0999999940395355,3.103908509016037
555,61.53710001707077,61.661712050437927,-149.94479999877512,-149.75997687131166,47.899998724460602,70.94988226890564,3.4999999701976776,3.6983412802219391
1659,61.747300028800964,61.952742278575897,-149.81390000134706,-149.69329880923033,44.699996709823608,111.73667386174202,3.0999999940395355,3.5490759015083313
1945,62.093199968338013,62.288264632225037,-151.11390003561974,-150.45609650015831,66.399998962879181,60.31026691198349,3.199999988079071,3.4619239568710327
1769,60.179899990558624,59.734084844589233,-152.42940008640289,-151.49696999788284,102.2999994456768,130.35878259688616,3.2999999821186066,3.8755278736352921
736,61.42849999666214,61.482611298561096,-147.15049999952316,-147.52972143888474,5.5000036954879761,38.878500461578369,3,3.0949898958206177
1514,61.385399997234344,61.269588708877563,-151.82929998636246,-151.72669208049774,111.39999981969595,40.506228804588318,3,3.8756371289491653
529,62.156599998474121,62.233469605445862,-151.20830002427101,-150.88070940971375,70.30000165104866,68.030357360839844,3.8999999910593033,4.4896403113380075
1801,59.877500057220459,59.597021102905273,-151.15689995884895,-151.04746645689011,41.199997067451477,140.15365298837423,3.2999999821186066,3.6060081124305725
210,61.753799974918365,61.921179294586182,-149.69640000164509,-149.4513621032238,46.700000762939453,71.582823991775513,3.0999999940395355,3.5737968385219574
1342,61.754599988460541,61.676533162593842,-150.16910000145435,-149.81977013871074,84.800001233816147,72.350937873125076,3.199999988079071,3.5580695271492004
299,61.401199996471405,61.325083047151566,-150.88900002837181,-150.3818531781435,62.299996614456177,61.610542237758636,3.9999999850988388,4.4469734206795692
306,59.47819995880127,59.157018303871155,-151.91970008611679,-151.35350123047829,70.500001311302185,96.433144062757492,3,3.3226787745952606
752,61.918200016021729,62.142910003662109,-151.35349997878075,-150.84293729066849,75.699999928474426,57.796858251094818,3.199999988079071,3.7038290798664093
921,61.133900001645088,61.159193575382233,-148.49070006608963,-148.62019622325897,7.3999986052513123,65.710149705410004,3,3.330868273973465
435,59.962800025939941,59.436804294586182,-152.92869991064072,-151.39365461468697,120.09999994188547,144.61266808211803,4.6000000052154064,4.7984872385859489
929,61.640799999237061,61.701917231082916,-147.90889996290207,-148.19359838962555,25.79999715089798,21.565243601799011,3.7999999970197678,4.0118141323328018
220,61.872500002384186,61.995505213737488,-148.03970003128052,-148.16295665502548,8.9000016450881958,31.642615795135498,3.6999999582767487,3.8251557648181915
1198,61.358799993991852,61.382400780916214,-150.04319999925792,-149.93037002161145,37.199996411800385,54.563514888286591,3.199999988079071,3.5603688061237335
237,62.358000040054321,62.453072667121887,-150.91409996151924,-150.57303281128407,72.00000062584877,50.244942307472229,3.9999999850988388,4.4212984051555395
809,61.363999992609024,61.385797381401062,-150.06250000186265,-149.80380964279175,40.399998426437378,76.849017292261124,3.2999999821186066,3.5341601371765137
1446,61.459699988365173,61.405202239751816,-149.75500001013279,-150.02691618259996,52.799999713897705,64.292341470718384,3.0999999940395355,4.4136792160570621
354,61.526899993419647,61.572807371616364,-150.5443000048399,-150.18928174674511,65.099999308586121,71.237955242395401,3.9999999850988388,4.3506521657109261
988,59.019400000572205,59.013173937797546,-152.89770001173019,-151.6977481842041,60.999996960163116,69.58334892988205,3.2999999821186066,3.0710441172122955
1381,61.496899992227554,61.456238240003586,-149.93649999797344,-149.99349212204106,38.900002837181091,65.431717783212662,3.3999999761581421,3.5460253357887268
986,60.681400001049042,60.656499326229095,-148.76549997925758,-148.98085570335388,37.900000810623169,64.332500100135803,3,3.2050763368606567
324,62.365700006484985,62.502736330032349,-149.12509998679161,-149.02246874570847,0.29999762773513794,84.993846714496613,3.4999999701976776,3.4058513939380646
2123,60.189199984073639,59.581598162651062,-152.72510004043579,-151.84372437000275,91.899998486042023,125.37575399619527,3,3.1219033598899841
445,62.616199970245361,62.710163831710815,-151.36800000071526,-151.20242142677307,3.2000020146369934,117.75033315643668,3.8999999910593033,4.29147619754076
13,62.261399984359741,62.361441254615784,-150.80630001425743,-150.49896414577961,67.099999636411667,60.869716107845306,3.0999999940395355,3.6612891554832458
785,61.125900000333786,61.121708355844021,-150.58400000631809,-150.53085239231586,53.999997675418854,66.705692559480667,3.0999999940395355,3.2629382014274597
296,62.497300028800964,62.596636772155762,-148.81510001420975,-148.83793053030968,41.000001132488251,66.163461655378342,3,3.3587355315685272
1375,61.500299990177155,61.652929484844208,-149.91009999811649,-149.79782912135124,38.999997079372406,63.029270619153976,3,3.5741245150566101
621,59.636399984359741,59.227021932601929,-151.8986000418663,-152.86241215467453,183.49999934434891,92.601153999567032,3.4999999701976776,4.5954277217388153
2070,62.952000021934509,62.969158411026001,-149.26799999177456,-149.44318176805973,70.999998599290848,18.451422452926636,3.199999988079071,3.5218259990215302
1800,62.395900011062622,62.88498055934906,-152.61959999799728,-151.91024136543274,7.7999979257583618,104.51081395149231,3.199999988079071,3.7189973294734955
746,62.166399955749512,62.281481742858887,-148.12700003385544,-148.10854268074036,31.700000166893005,65.931078046560287,3.0999999940395355,3.3526332378387451
755,62.791399955749512,62.81057333946228,-148.78049996495247,-148.78764170408249,75.599998235702515,63.101500272750854,3.2999999821186066,3.9078792482614517
1411,61.389800012111664,61.38624894618988,-150.10770000144839,-149.81949222832918,20.199999213218689,79.553384333848953,3.0999999940395355,3.5876138806343079
1116,59.345499992370605,59.074434995651245,-152.59309995174408,-151.24720501899719,66.599998623132706,67.812394350767136,3.4999999701976776,4.201734647154808
2117,62.981899976730347,62.980945587158203,-149.31420001387596,-149.34317122399807,75.699999928474426,15.934579074382782,3.0999999940395355,3.5084450840950012
1642,59.92550003528595,59.224793672561646,-152.99309992790222,-151.59703606367111,94.699999317526817,99.625278264284134,3,3.7186671495437622
1870,59.854900002479553,59.171573162078857,-152.61210000514984,-151.20978775620461,82.299999892711639,111.03658936917782,3.199999988079071,3.974670946598053
2055,61.47299998998642,61.358042001724243,-152.2150000333786,-151.8053964972496,110.70000007748604,46.902924776077271,3,3.1808275580406189
976,60.663700014352798,60.50994536280632,-151.83479994535446,-151.5202374458313,78.999999910593033,29.324695467948914,3.0999999940395355,3.5917691588401794
1181,61.982299983501434,61.997157514095306,-151.07440003752708,-150.58543284237385,3.8999989628791809,88.038165122270584,3.199999988079071,3.546208530664444
1086,62.208400011062622,62.353623390197754,-151.24700000882149,-150.71239060163498,76.600000262260437,50.026297569274902,3.9999999850988388,4.2058211266994476
203,60.342299997806549,59.92644202709198,-152.55970001220703,-151.77873480319977,98.799999803304672,110.54368130862713,3.0999999940395355,3.4305175244808197
2132,60.979599999263883,60.958449874073267,-147.15910005569458,-147.64492070674896,19.900001585483551,54.259076714515686,3.199999988079071,3.3463377356529236
1344,61.35479998588562,61.352007865905762,-149.99130000011064,-149.61249008774757,42.900003492832184,37.81503438949585,5.0000000149011612,4.7497851178050041
786,62.986999988555908,62.919060945510864,-148.83920001983643,-148.98072668910027,12.000001966953278,28.144024312496185,3.2999999821186066,3.5761981308460236
478,62.335899949073792,62.466126322746277,-149.72629999369383,-149.38850918412209,31.099997460842133,69.49089840054512,3.5999999642372131,3.9741413444280624
410,60.240599989891052,59.942872047424316,-152.38630002737045,-151.68465632200241,89.200001209974289,96.570070832967758,3,3.3563820719718933
2168,61.849799990653992,61.917414247989655,-150.47290000319481,-150.37431708723307,63.999999314546585,67.415371537208557,3.9999999850988388,3.8544628769159317
316,60.03930002450943,59.432961940765381,-152.69310003519058,-152.04096364974976,104.59999926388264,112.63089627027512,3.2999999821186066,3.6642521023750305
1427,61.47350001335144,61.503837287425995,-149.92410000041127,-149.86176512762904,36.200001835823059,62.910705804824829,3.0999999940395355,3.513352632522583
105,59.768800020217896,59.178156733512878,-152.68119996786118,-151.25472503900528,92.955999076366425,103.13004441559315,3.3999999761581421,3.9865198284387589
1196,61.405099987983704,61.397680968046188,-150.06169999949634,-149.89139475300908,35.899996757507324,41.880741715431213,3.3999999761581421,3.6679308414459229
121,62.315199971199036,62.420927286148071,-150.86910000443459,-150.64311781525612,68.500000983476639,55.099889636039734,3.6999999582767487,4.0679427534341812
807,60.767399996519089,60.676471561193466,-150.16340000554919,-150.1023560911417,41.79999977350235,102.46789082884789,3.3999999761581421,3.7308034300804138
1187,61.41159999370575,61.443190813064575,-150.10879999771714,-149.79876798391342,19.900001585483551,76.49524137377739,3,3.1253884434700012
2130,59.311900019645691,59.05620813369751,-152.03679996728897,-151.36861252784729,57.099997997283936,75.009874999523163,3,3.0777575075626373
1518,62.967900037765503,62.980309724807739,-150.32429999113083,-149.82081636786461,88.700000196695328,40.443487465381622,3.0999999940395355,3.4834553003311157
1359,61.461499989032745,61.511964917182922,-149.95469999872148,-149.82345190644264,38.199998438358307,43.588414788246155,3.2999999821186066,3.5000348389148712
2048,61.969299972057343,62.052794694900513,-152.15689998865128,-151.29444122314453,125,89.42272886633873,5.2000000029802322,5.3847527503967285
115,59.930299997329712,59.727281212806702,-151.40720003843307,-150.97602608799934,44.100001454353333,134.19735617935658,3.0999999940395355,3.7794623225927353
76,59.515200018882751,59.151655673980713,-152.85180008411407,-151.49491623044014,106.10000044107437,87.565634399652481,3.0999999940395355,3.9094323366880417
1938,59.769299983978271,59.066455364227295,-152.90489995479584,-151.7246920466423,18.700003623962402,98.815212026238441,3.3999999761581421,3.3785566985607147
422,61.38289999961853,61.439973473548889,-149.79349999129772,-149.67032253742218,36.640003323554993,57.130366563796997,3.199999988079071,3.3336660861968994
1193,61.397000014781952,61.420298874378204,-150.04160000011325,-149.97425254248083,20.199999213218689,70.741679519414902,3,3.2065619230270386
1982,60.197000026702881,59.92985200881958,-151.76600003242493,-151.39810386300087,70.599999278783798,99.601013585925102,3.3999999761581421,4.0330836474895477
2052,60.721399992704391,60.402918696403503,-151.81470000743866,-151.38786873221397,86.399998515844345,30.410796403884888,3.0999999940395355,3.1241721510887146
1391,61.393799990415573,61.40165314078331,-150.06519999727607,-149.92040213942528,37.799999117851257,47.062955796718597,3.2999999821186066,3.5454820990562439
1876,61.442699998617172,61.403691977262497,-150.97579997777939,-150.82216018438339,66.100001335144043,38.09821605682373,3.0999999940395355,3.4932878315448761
700,61.671999990940094,61.903488397598267,-151.37690001726151,-151.24051675200462,75.100000947713852,95.215262845158577,3.199999988079071,3.5858353972434998
798,61.642799973487854,61.803431868553162,-151.06260001659393,-150.63273650407791,68.799998611211777,88.03882822394371,4.0999999791383743,4.617179598659277
942,59.930500030517578,59.594722270965576,-152.20349997282028,-151.29141792654991,80.60000091791153,121.58206384629011,3.7999999970197678,4.5205092611722648
940,61.4932000041008,61.600725531578064,-149.85659999772906,-149.75498908013105,42.199999094009399,56.380361318588257,3.6999999582767487,3.7848815470933914
994,62.174200057983398,62.319920539855957,-147.79539996385574,-148.15487676858902,34.199997782707214,92.670775949954987,3.8999999910593033,3.9732485264539719
1493,61.454299986362457,60.902918204665184,-150.04649999924004,-148.08917498588562,40.10000079870224,18.636442720890045,3.4999999701976776,3.8060155212879181
620,62.973399996757507,59.308403730392456,-148.46769994497299,-150.86985236406326,11.399999260902405,99.165918305516243,3.5999999642372131,3.409706175327301
420,61.684300005435944,61.776881873607635,-149.91420000046492,-149.70388948917389,9.9999979138374329,90.334542095661163,3.6999999582767487,3.7616524547338486
997,60.710200011730194,59.777867794036865,-151.8863999247551,-152.76059317588806,170.00000178813934,46.553149819374084,3.9999999850988388,3.7487532198429108
1934,59.832800030708313,59.222890257835388,-152.88699996471405,-151.59512042999268,101.09999962151051,117.54358420148492,3.4999999701976776,4.0755549073219299
1732,60.495800018310547,60.574121385812759,-147.26079994440079,-147.71071135997772,8.6999982595443726,38.613162934780121,3,3.3403252065181732
1562,61.633000016212463,61.846380949020386,-151.54820001125336,-151.40458819270134,77.500000596046448,39.217576384544373,3.199999988079071,3.7852972000837326
178,59.521900057792664,59.169250130653381,-151.95909994840622,-151.48338022828102,58.600001037120819,98.444260656833649,3,3.535416305065155
1828,61.749300003051758,61.85865843296051,-148.20350003242493,-148.57855206727982,12.100003659725189,31.255647540092468,4.1999999955296516,3.8205344080924988
613,61.496399998664856,61.521710097789764,-150.25159998983145,-150.04567980766296,61.800003051757812,69.33613121509552,3,3.5072788596153259
1673,61.08330000191927,60.79589831829071,-151.37949997186661,-150.77927103638649,66.700000315904617,36.187201738357544,3.2999999821186066,3.7940183579921722
2008,62.700999975204468,62.860814929008484,-149.44799999892712,-149.47778485715389,68.900000303983688,41.999787092208862,3.199999988079071,3.2780469954013824
781,61.545799970626831,61.587915301322937,-149.91650000028312,-149.84220020100474,43.399997055530548,72.777867317199707,3.3999999761581421,3.3340462446212769
1137,61.471500009298325,61.494712263345718,-149.87779999896884,-149.73030079901218,48.600003123283386,46.902447938919067,3.7999999970197678,4.0206738710403442
651,62.472699999809265,62.612565755844116,-148.25250005722046,-148.21671545505524,21.399997174739838,78.691720962524414,3,3.3053120970726013
1018,61.053399998694658,61.042891271412373,-148.23649996519089,-148.43742817640305,10.300002992153168,76.195348054170609,3,3.0762279331684113
409,61.596499979496002,61.547680139541626,-148.25989991426468,-148.4977793097496,9.0999975800514221,25.818705558776855,4.1999999955296516,3.7575573921203613
1103,61.367500007152557,61.24572728574276,-150.05859999731183,-149.81493460759521,40.799997746944427,58.840461075305939,3.0999999940395355,3.5862647294998169
782,61.568499982357025,61.238123670220375,-149.94519999995828,-149.64741104096174,42.900003492832184,36.312669515609741,3.6999999582767487,3.1138612031936646
1942,59.292099952697754,59.110838532447815,-151.71940004825592,-151.52608948945999,23.999996483325958,57.254835963249207,3.199999988079071,3.3089691996574402
1594,60.578999996185303,60.617196500301361,-147.61329996585846,-147.90961647033691,6.5999999642372131,40.460251271724701,4.0999999791383743,4.2311407327651978
450,62.921200037002563,62.970672130584717,-149.53570000827312,-149.42468869686127,59.399999678134918,19.632570445537567,3,3.3493044376373291
1714,62.043799996376038,62.128451347351074,-149.52530001103878,-149.18650236725807,19.900001585483551,95.420919358730316,3.0999999940395355,3.3817328810691833
1613,61.018500000238419,61.074161723256111,-147.60190004110336,-148.05474936962128,25.100000202655792,51.688790321350098,3.5999999642372131,3.7314866781234741
1078,61.236699998378754,61.228377431631088,-149.86389999836683,-149.82310421392322,40.50000011920929,62.360577285289764,3.199999988079071,3.4525836110115051
1330,61.335200011730194,61.317741364240646,-149.98379999957979,-149.75744209438562,40.200002491474152,48.831522464752197,3,3.4607630968093872
63,61.517300009727478,61.666384994983673,-150.69879998266697,-150.28491798788309,34.900002181529999,82.589142024517059,3.0999999940395355,3.222252756357193
508,62.979599952697754,62.977285504341125,-150.53630000352859,-150.16201082244515,0.79999864101409912,61.357483267784119,3.199999988079071,3.6429151296615601
2191,61.930800020694733,62.134137630462646,-151.14919996261597,-150.96077960729599,67.499998956918716,65.700002014636993,3.2999999821186066,3.4192516207695007
1521,60.083500027656555,59.859461069107056,-150.45450000464916,-150.08541554957628,48.699997365474701,75.886700302362442,3.3999999761581421,3.8108013868331909
1161,61.39190000295639,61.332445055246353,-150.08899999782443,-149.89203681796789,35.700000822544098,44.582352042198181,3.3999999761581421,3.6082229912281036
1058,62.320199966430664,62.52510142326355,-148.49750000238419,-148.79387891292572,44.900000095367432,100.06565786898136,3.2999999821186066,3.853364109992981
1293,61.189400002360344,61.237401738762856,-149.96499999985099,-149.80509153753519,17.200000584125519,61.748512089252472,3.0999999940395355,3.3529799580574036
949,62.616700053215027,62.731222867965698,-151.36699998378754,-150.92941546440125,86.100000888109207,87.540946900844574,3.0999999940395355,3.8211544007062912
1347,61.483300000429153,61.388038754463196,-149.93619999848306,-149.40817585587502,51.299996674060822,57.552114129066467,5.0000000149011612,5.110003262758255
1973,60.31470000743866,59.763412833213806,-152.5256000161171,-151.56735616922379,97.200000658631325,107.39562846720219,3.3999999761581421,3.8459245562553406
1111,61.875899970531464,61.943418860435486,-149.30290000140667,-149.11080747842789,6.8999975919723511,91.860231012105942,3.2999999821186066,3.6437602043151855
674,62.483299970626831,62.509144306182861,-148.25449991226196,-148.02398604154587,42.300000786781311,91.01448580622673,3.2999999821186066,3.6417893171310425
903,61.167899996042252,61.127688199281693,-151.26759999990463,-151.11633369326591,70.199999958276749,53.444236516952515,3.5999999642372131,3.8019645810127258
471,61.479900002479553,61.565173149108887,-149.90570000186563,-149.82907889038324,30.199997127056122,99.269131198525429,3,3.332183450460434
1672,60.678000003099442,60.589794784784317,-151.22020000219345,-150.99705523252487,67.600000649690628,38.162171840667725,4.0999999791383743,4.5546549037098885
205,59.411200046539307,59.165852308273315,-152.96250003576279,-152.582435131073,85.599999874830246,85.709664970636368,3.0999999940395355,3.5639991760253906
530,60.975999999791384,60.976747889071703,-147.27060002088547,-147.84924423694611,16.999997198581696,61.523042619228363,3.7999999970197678,3.7406889796257019
2073,60.804000005125999,60.488060355186462,-152.28999996185303,-151.71772027015686,102.09999978542328,27.086786925792694,3.199999988079071,3.4726200699806213
907,61.7189000248909,61.889958202838898,-152.07480007410049,-151.77039134502411,123.60000004991889,77.052026987075806,3,3.6495843529701233
1890,59.072199940681458,59.037294983863831,-150.9451000392437,-151.14590907096863,29.200002551078796,62.17610090970993,3.199999988079071,3.460681825876236
1966,61.417600005865097,61.330657452344894,-151.64490008354187,-151.50823026895523,87.900001555681229,37.277862429618835,3,3.5079056024551392
670,62.47979998588562,62.623744964599609,-148.24979996681213,-148.20911872386932,20.800001919269562,79.955428838729858,3.199999988079071,3.4733846783638
855,60.977099999785423,61.02065990306437,-147.05369997024536,-147.4786970615387,15.100002288818359,64.041581004858017,3,3.2402288317680359
1157,61.150800004601479,61.109089694917202,-151.15789997577667,-150.81438562273979,88.799998164176941,37.965185940265656,3.6999999582767487,3.9475068747997284
23,62.64330005645752,62.676417946815491,-148.82389998435974,-148.93294116854668,32.099999487400055,62.677644193172455,3,3.4634277820587158
1871,59.854200005531311,59.324780941009521,-152.92199993133545,-151.86872506141663,101.29999928176403,91.947861015796661,3,3.2650471329689026
2004,60.7516999989748,60.458400249481201,-152.48430007696152,-152.12691271305084,124.30000002495944,27.762666344642639,3.2999999821186066,3.6863919496536255
985,60.605800002813339,60.290471196174622,-152.63320004940033,-152.15805959701538,118.19999990984797,31.085699796676636,3.5999999642372131,3.9199433773756027
198,62.762099981307983,62.860978603363037,-148.88870000839233,-149.0158833861351,2.8999969363212585,41.599050164222717,3.199999988079071,3.4410940110683441
49,59.257799983024597,59.075371980667114,-152.36189997196198,-151.533846616745,84.699999541044235,86.79262176156044,3,3.6012325286865234
173,59.425899982452393,59.199430465698242,-151.5353000164032,-151.3812814950943,45.500002801418304,96.325814723968506,3.0999999940395355,3.0881381034851074
873,62.889899969100952,62.951154828071594,-150.45540001988411,-150.26110902428627,86.500000208616257,53.498536348342896,3.3999999761581421,3.6444531083106995
1508,61.010900000110269,60.976943396031857,-151.11640003323555,-150.78938162326813,4.0000006556510925,71.983043104410172,3.0999999940395355,3.1626595258712769
973,60.120599985122681,59.486578226089478,-152.82240003347397,-152.34416842460632,118.10000007972121,112.39833105355501,3.3999999761581421,4.0415314882993698
308,60.298699975013733,59.50484037399292,-152.98410004377365,-152.44459068775177,136.19699981063604,111.25259194523096,4.2999999895691872,4.700054906308651
1315,61.457300007343292,61.50445157289505,-150.05450000055134,-149.93136548995972,21.399997174739838,73.982596397399902,3,3.1684974431991577
931,60.166999995708466,59.733834385871887,-152.72289991378784,-151.66453868150711,95.599999651312828,136.71216554939747,3.3999999761581421,4.136921726167202
829,59.798900008201599,59.31064760684967,-152.89359998703003,-152.15984129905701,106.20000027120113,103.30306552350521,3.5999999642372131,4.1360213756561279
59,62.29229998588562,62.489019632339478,-148.84429997205734,-148.60215979814529,34.999996423721313,74.349299073219299,3,3.2132847011089325
71,62.966199994087219,62.983689546585083,-150.65760000050068,-149.98782400041819,110.70000007748604,35.952456295490265,3,3.3326096534729004
2091,62.726500034332275,62.880137324333191,-150.54480001330376,-150.31416488438845,86.500000208616257,46.811603009700775,3.2999999821186066,3.4980805814266205
1968,61.3716000020504,61.270859986543655,-150.10260000452399,-149.75213742256165,41.699998080730438,77.977649867534637,3.199999988079071,3.6219862103462219
1557,62.420400023460388,62.557740211486816,-149.21929997205734,-149.13144886493683,52.599996328353882,79.516846686601639,3.199999988079071,3.729617178440094
1486,61.497299998998642,61.55204313993454,-149.96540000103414,-149.66353315114975,30.000001192092896,82.059457898139954,3.199999988079071,3.1299900412559509
759,60.893399998545647,60.834435522556305,-150.27130001038313,-150.24710831791162,48.299998044967651,109.7582308575511,4.0999999791383743,3.9493671208620071
1320,61.541999995708466,61.658171892166138,-149.8522000014782,-149.76961619406939,47.600001096725464,54.03195321559906,3.8999999910593033,4.0149284452199936
1505,61.47859999537468,61.160146459937096,-149.92310000024736,-148.59482833743095,37.199996411800385,90.135097503662109,4.6000000052154064,4.4160160459578037
1185,61.340099990367889,61.345237761735916,-150.08060000091791,-149.89462510496378,19.900001585483551,58.15955251455307,3.199999988079071,3.1940510272979736
162,61.404199987649918,61.361099272966385,-150.68730001151562,-150.5336055457592,57.40000307559967,77.027764171361923,3.4999999701976776,4.0202863365411758
1531,61.317299991846085,61.333025544881821,-147.38309991359711,-147.81758487224579,20.199999213218689,32.965697348117828,3.9999999850988388,3.8389395475387573
1068,60.274200022220612,60.210415780544281,-150.933100014925,-150.60801360011101,51.399998366832733,44.804930686950684,4.3999999947845936,4.348787359893322
1397,61.401300013065338,61.252685040235519,-149.96149999927729,-149.73931981623173,38.779996335506439,45.168310403823853,3.4999999701976776,4.0074592977762222
564,60.538599997758865,61.478529930114746,-147.3306999206543,-147.49024665355682,46.899996697902679,115.8133028075099,3.2999999821186066,3.0350972414016724
1764,60.207899987697601,59.992303371429443,-151.85009998083115,-151.47761794924736,66.899999976158142,64.436193555593491,3,3.4671469330787659
787,60.581099987030029,60.50840562582016,-150.59280002117157,-150.37438425421715,40.10000079870224,104.60405424237251,3,3.3508863151073456
256,61.458000004291534,61.453475326299667,-150.6921000033617,-150.47539396584034,41.79999977350235,62.654227018356323,3.8999999910593033,4.2028843089938164
1511,59.41509997844696,59.118793368339539,-152.01090002059937,-151.48911917209625,53.900003433227539,76.085999608039856,3.3999999761581421,3.9086697399616241
2126,59.628999948501587,59.160329103469849,-152.64820003509521,-152.05533599853516,84.49999988079071,111.69730871915817,3.0999999940395355,3.083913266658783
440,62.647500038146973,62.742857933044434,-149.38590002059937,-149.29714246094227,65.799999982118607,46.844914555549622,3,3.4214324355125427
1362,61.472000002861023,61.561527729034424,-149.93419999815524,-149.72091726958752,40.399998426437378,69.472037255764008,3.199999988079071,3.6333692371845245
1958,62.969900012016296,62.941762089729309,-150.44690001010895,-149.92081924527884,99.500000476837158,44.862702488899231,3.0999999940395355,3.3594862818717957
2192,60.591500014066696,60.532533347606659,-150.21030000597239,-150.15289464220405,48.19999635219574,106.59720934927464,3.7999999970197678,3.5960361063480377
1022,59.994799971580505,59.609784603118896,-152.67959994077682,-151.26079532504082,103.9000004529953,130.05541218444705,3.7999999970197678,4.431054376065731
2122,59.936499953269958,59.214415311813354,-152.70180004835129,-151.8116512298584,98.30000065267086,112.30250541120768,3.199999988079071,3.1835005581378937
2022,59.948799967765808,59.381401538848877,-152.66759991645813,-151.57336431741714,101.70000046491623,134.06957965344191,3.8999999910593033,4.1369851380586624
1278,61.461699992418289,61.378260880708694,-150.11640000343323,-149.93195464275777,29.299996793270111,55.390030145645142,3.4999999701976776,3.5230663418769836
20,59.744799971580505,59.226976871490479,-152.72729998826981,-151.37470597028732,83.299998193979263,121.44418456591666,3.7999999970197678,4.3294247053563595
1419,61.407700002193451,61.559380769729614,-150.04330000095069,-149.66788639873266,34.209996461868286,50.16733705997467,3.4999999701976776,4.0758748948574066
1477,61.347099989652634,61.227480441331863,-150.02580000087619,-148.54980406165123,40.600001811981201,47.665923833847046,3.199999988079071,3.1621397137641907
1582,61.42739999294281,61.39264303445816,-152.62599992752075,-152.00563538074493,9.4999969005584717,47.370314598083496,3.2999999821186066,3.5696974396705627
381,59.673400044441223,59.178773641586304,-152.29999995231628,-151.6290442943573,69.699998944997787,93.225199729204178,3.0999999940395355,3.350917786359787
1286,61.221200004220009,61.201697930693626,-149.94700000248849,-149.77221210300922,36.70000284910202,68.682655692100525,3.0999999940395355,3.4720712900161743
610,61.497999995946884,61.580635845661163,-149.90849999897182,-149.61324816942215,37.10000216960907,46.857193112373352,3.3999999761581421,3.7686798870563507
1887,61.367500007152557,61.428980112075806,-147.88479995727539,-148.11467188596725,16.599997878074646,28.861060738563538,3,3.2619670629501343
1037,60.445100009441376,60.541622191667557,-147.34780007600784,-147.74411344528198,5.3000003099441528,44.064991176128387,3.199999988079071,3.4551367163658142
686,60.329999983310699,60.159430980682373,-151.62949991226196,-151.30104705691338,61.099998652935028,93.256987631320953,3.9999999850988388,4.2187436297535896
83,62.32449996471405,62.864711761474609,-148.41560000181198,-148.99115046858788,0,43.980047106742859,3.0999999940395355,3.4419081509113312
461,60.878499999642372,60.89769408851862,-149.84890000149608,-149.94871248677373,30.400000512599945,95.012197270989418,3.5999999642372131,3.8601997643709183
1004,61.277700006961823,62.913547277450562,-150.19990000873804,-149.77017237246037,46.700000762939453,49.07071590423584,3,3.86990886926651
2079,60.041700005531311,59.829894065856934,-151.09540003538132,-150.67245706915855,64.899999648332596,120.98769517615438,3,3.0823137760162354
1727,61.796999990940094,61.804299354553223,-151.46960002183914,-151.01167094707489,10.200001299381256,54.52311784029007,3.4999999701976776,3.6737337112426758
1121,61.408499985933304,61.357330977916718,-150.02979999873787,-149.78875451534986,34.299999475479126,38.646042346954346,4.1999999955296516,4.071434274315834
867,59.447900056838989,59.076855897903442,-152.57700008153915,-151.83726686239243,69.299999624490738,100.02063401043415,3,3.1314405798912048
1124,61.927999973297119,62.039894223213196,-149.82130000367761,-149.63255200535059,42.000003159046173,109.59059465676546,3.6999999582767487,3.7348001003265381
494,59.52049994468689,59.156105518341064,-152.07539999485016,-151.14993023872375,53.700000047683716,113.05709462612867,3.9999999850988388,4.5477552954107523
374,61.899100005626678,62.147224903106689,-150.77320003509521,-150.50875563919544,58.899998664855957,75.987875461578369,3.2999999821186066,3.5583792328834534
270,60.019599974155426,59.810868978500366,-151.52780002355576,-150.97175672650337,65.49999862909317,120.41925033554435,3.4999999701976776,3.9716279357671738
1851,59.860200047492981,59.078158855438232,-151.8396999835968,-152.42754864692688,61.399996280670166,93.412920832633972,3.2999999821186066,3.0927874445915222
741,62.971099972724915,62.951540589332581,-149.5925999879837,-149.53163127601147,78.000001609325409,23.012720048427582,3.5999999642372131,3.9171604961156845
836,61.012400000356138,61.007588037289679,-147.23350006341934,-147.68993067741394,15.600003302097321,52.458643913269043,3.199999988079071,3.2844364643096924
629,59.985299944877625,59.664042472839355,-151.76380008459091,-151.27133166790009,57.499997317790985,128.98851511999965,3.7999999970197678,4.0381292402744293
464,60.051800012588501,59.477865815162659,-152.92189997434616,-152.05538284778595,110.99999956786633,117.04853549599648,3.199999988079071,4.3834031783044338
1915,59.956500053405762,59.305695414543152,-152.95910006761551,-151.7760990858078,107.10000060498714,116.28455203026533,3,3.7958525866270065
514,61.541999995708466,61.501815557479858,-149.87020000442863,-149.7658239081502,37.600003182888031,72.031177580356598,3.3999999761581421,3.7132981717586517
601,61.877699971199036,61.913029670715332,-149.33329997956753,-149.13124653697014,0.20000338554382324,77.659070491790771,3,3.2563983500003815
429,60.953699998557568,60.911684297025204,-150.80759999155998,-150.62898731231689,65.900001674890518,85.486773401498795,3.2999999821186066,3.6395710408687592
2180,60.545100003480911,60.306062281131744,-151.54249995946884,-151.18222725391388,74.599999934434891,40.475800633430481,3.6999999582767487,3.8912478536367416
25,60.929300002753735,60.983585324138403,-147.38209998607635,-147.747911632061,20.599998533725739,53.770534694194794,3,3.2777613401412964
1829,61.514400005340576,61.550666928291321,-148.82340002059937,-148.9001961350441,25.200001895427704,33.662572503089905,3.199999988079071,3.6617497801780701
1499,61.559599995613098,61.088951013982296,-149.58709998428822,-148.82553514838219,28.700001537799835,25.895029306411743,3.0999999940395355,3.201077789068222
458,62.349300026893616,62.440707683563232,-149.1520000398159,-149.09376811981201,0,75.895249843597412,3.0999999940395355,3.4543785452842712
1378,61.428799986839294,61.357648521661758,-149.99130000011064,-149.78660447895527,51.409997045993805,46.467989683151245,3.8999999910593033,3.8015729337930679
727,62.105800032615662,62.210967302322388,-149.53439998626709,-149.35406908392906,60.500003397464752,64.377069473266602,3.7999999970197678,4.0120426565408707
78,59.715199947357178,59.585731267929077,-150.53400000929832,-150.59428118169308,35.499997437000275,146.99571393430233,3.7999999970197678,4.0179892033338547
366,60.986200000159442,60.929379105567932,-151.00960001349449,-150.73495388031006,20.000003278255463,75.049586594104767,3.199999988079071,3.4751714766025543
1833,62.515300035476685,62.645530939102173,-151.27369996905327,-150.76599830389023,99.799999967217445,48.734873533248901,3.8999999910593033,4.1676064431667328
32,62.87279999256134,62.954290270805359,-150.55659998953342,-150.26851677149534,86.899999529123306,55.379748344421387,4.0999999791383743,3.9975416511297226
602,59.515400052070618,59.160220623016357,-152.39599996805191,-151.62025308609009,63.299998641014099,97.754057496786118,3.2999999821186066,3.7145203649997711
839,59.936300039291382,59.66206955909729,-149.63939999789,-149.78556825220585,7.7999979257583618,82.878343760967255,3.199999988079071,3.4301607012748718
647,59.858800053596497,59.884650230407715,-147.52870005369186,-148.40190482139587,5.3000003099441528,56.161753833293915,3,3.5242344439029694
1920,62.820999979972839,62.924979209899902,-149.56260001659393,-149.47130271792412,12.400001287460327,32.730340957641602,3,3.2320435345172882
930,61.092799998819828,61.067258171737194,-150.59619998931885,-150.4964984357357,53.900003433227539,55.660516023635864,3.3999999761581421,3.5732256174087524
812,60.589700013399124,60.313251137733459,-151.93900001049042,-151.5074627995491,100.50000064074993,49.758411943912506,3,3.44413822889328
1862,61.045099999755621,60.903116464614868,-150.21739999204874,-150.11022134497762,49.599997699260712,120.91855285689235,3.3999999761581421,3.5911042392253876
1159,61.392199993133545,61.362572729587555,-149.9947000000393,-149.8320319801569,41.000001132488251,46.372979879379272,3.7999999970197678,3.9240341484546661
305,61.165099993348122,60.943917751312256,-151.95590007305145,-151.68796080350876,85.000000894069672,37.957832217216492,3,3.3703402876853943
209,61.276300013065338,61.278733998537064,-150.31980000436306,-150.04550912417471,45.619003474712372,76.785322278738022,3.2999999821186066,3.515478640794754
1176,59.412799954414368,59.15008008480072,-151.60989993810654,-151.34991189837456,32.300002872943878,102.31594182550907,3.199999988079071,3.187063068151474
1273,61.54119998216629,61.735447287559509,-149.64549998939037,-149.27993649244308,198.10000061988831,48.520028591156006,3.199999988079071,3.7480682730674744
2186,62.189800024032593,62.266034841537476,-150.57469998300076,-150.30042960494757,9.7000002861022949,53.427830338478088,4.1999999955296516,3.957260325551033
891,62.873600006103516,62.951172709465027,-149.57600001990795,-149.5791395008564,77.100001275539398,22.848628461360931,3.9999999850988388,4.1002860814332962
543,60.926399998366833,60.845441117882729,-151.36829996109009,-151.19539752602577,84.49999988079071,39.854258298873901,3.199999988079071,3.5260461866855621
1694,60.437900006771088,60.531099826097488,-147.39389991760254,-147.76478576660156,5.5999979376792908,57.333961129188538,3.0999999940395355,3.2266459465026855
1466,61.403400003910065,61.204648032784462,-150.07149999774992,-149.96454615611583,46.700000762939453,48.688240349292755,3,3.111294150352478
2200,60.078599989414215,59.472744107246399,-152.57109993696213,-151.43505728244781,104.59999926388264,130.14455512166023,3.3999999761581421,3.6781416535377502
483,60.623600006103516,60.423235237598419,-151.8040999174118,-151.13678321242332,73.100000619888306,37.973932921886444,3.9999999850988388,3.9246941953897476
1117,61.272799998521805,61.257458359003067,-149.93040000088513,-149.79902433604002,45.599997043609619,44.164590537548065,3.6999999582767487,3.7728810757398605
2177,60.776999995112419,60.678963243961334,-151.39500001072884,-151.03920033574104,65.49999862909317,30.054911971092224,3,3.0670503973960876
1234,61.505200028419495,61.403812527656555,-149.96459999866784,-149.86725482717156,52.000001072883606,32.507345080375671,4.0999999791383743,3.7501510977745056
998,61.455199986696243,61.443967998027802,-149.98650000058115,-149.97619526926428,38.000002503395081,69.998398423194885,3,3.2540727853775024
1545,59.875900030136108,59.454223275184631,-152.47919994592667,-151.3751528263092,80.299999564886093,136.60286087542772,3.4999999701976776,4.1179976910352707
411,60.741200000047684,60.624904841184616,-150.92640003561974,-150.63515442609787,58.499999344348907,63.560295850038528,3.199999988079071,3.3829575777053833
548,62.747099995613098,62.668305277824402,-148.70490002632141,-148.9717880487442,61.599999666213989,79.874876886606216,5.2000000029802322,5.0531367212533951
544,59.001799941062927,59.029215812683105,-151.2247000336647,-151.38293784856796,47.100000083446503,62.98750638961792,3.3999999761581421,3.594917356967926
840,61.151099994778633,61.0713150203228,-150.10180000215769,-149.90549718216062,3.600001335144043,78.561451286077499,3.0999999940395355,3.4580335021018982
1231,61.401600003242493,61.412513434886932,-150.08750000037253,-149.95906130410731,19.599996507167816,70.31530886888504,3.3999999761581421,3.444276362657547
1926,62.471300005912781,62.567036747932434,-149.58310000598431,-149.22614094614983,56.299999356269836,74.844915419816971,3.8999999910593033,4.1425608918070793
1556,61.241799995303154,61.164354026317596,-147.02940005064011,-147.52261537313461,4.5000016689300537,38.696736097335815,3.199999988079071,3.0672826766967773
792,60.931699998676777,60.899100668728352,-151.35570001602173,-150.98443043231964,68.599998950958252,54.226495325565338,3.2999999821186066,3.6111541986465454
447,62.418900012969971,62.544610500335693,-149.53229999542236,-149.41362096369267,44.200003147125244,72.732672095298767,3.5999999642372131,3.7610003650188446
1194,61.482499986886978,61.525784969329834,-150.01190000027418,-149.96572290547192,19.599996507167816,80.88325709104538,3.199999988079071,3.5412871241569519
1992,62.972000002861023,62.955947041511536,-149.41380000114441,-149.44432845711708,76.400000602006912,26.301905512809753,3.199999988079071,3.581960141658783
1358,61.479999989271164,61.538082599639893,-149.74540000408888,-149.79941658675671,44.79999840259552,65.1581771671772,3.199999988079071,3.4931607842445374
1543,59.545400023460388,60.740320086479187,-148.84929996728897,-149.06083890795708,32.600000500679016,45.321479439735413,3.199999988079071,3.2520151734352112
816,61.458799988031387,61.471142947673798,-149.93640000186861,-149.79200115054846,31.700000166893005,45.67476361989975,3.9999999850988388,4.0891854465007782
45,60.894599996507168,61.793001532554626,-151.32879996299744,-149.92909653671086,119.89999981597066,72.274699807167053,3,3.3828252553939819
1827,59.868499994277954,59.202280759811401,-152.9060999751091,-151.75085055828094,105.1000002771616,106.61020874977112,3.0999999940395355,3.575321763753891
588,62.935999989509583,62.722396373748779,-147.2435000538826,-147.10450154542923,35.700000822544098,86.290027946233749,3.5999999642372131,3.3903708457946777
294,62.433300018310547,62.4909827709198,-150.57080000638962,-150.40043525397778,63.700001686811447,49.945205450057983,3.7999999970197678,4.1422769129276276
767,62.165799975395203,62.424908876419067,-152.08969992399216,-151.48972687125206,102.90000028908253,82.790844142436981,3.2999999821186066,3.7287815809249878
1846,61.471399992704391,61.407715022563934,-149.95299999788404,-149.88609458506107,39.800003170967102,72.597909718751907,3,3.5178510546684265
1754,62.181699991226196,60.317695736885071,-151.66910004615784,-149.38311065733433,86.500000208616257,92.608027160167694,3,3.3862838745117188
925,61.493099987506866,61.633256316184998,-149.94239999726415,-149.88978399708867,51.899999380111694,89.777145534753799,3.2999999821186066,3.7259024977684021
1708,60.930500000715256,60.592682391405106,-151.76499992609024,-151.13798081874847,83.900000900030136,25.482885539531708,3.5999999642372131,4.0419155359268188
436,59.869400024414062,59.582391262054443,-151.60430002212524,-151.25773939490318,52.299998700618744,142.87355542182922,3.199999988079071,3.7614474445581436
571,61.36939999461174,61.38500964641571,-150.0152000002563,-149.70966857671738,43.899998068809509,69.297820329666138,3.199999988079071,3.4611082077026367
393,59.603299975395203,59.168914794921875,-152.78269994258881,-151.9862625002861,86.59999817609787,94.519978389143944,3.0999999940395355,3.438346266746521
1459,61.486000001430511,62.477400302886963,-149.91209999844432,-149.38625134527683,54.700002074241638,87.163195013999939,3,3.3171698749065399
534,59.885900020599365,59.444600820541382,-152.30930006504059,-151.29851067066193,84.300000220537186,128.91558930277824,4.0999999791383743,4.4438582304865122
30,59.89110004901886,59.315630197525024,-152.90279996395111,-152.50866651535034,111.70000024139881,62.340177595615387,3,3.2459908425807953
2094,61.41100001335144,61.340640097856522,-149.84199999645352,-149.72349567711353,27.999997138977051,73.333963751792908,3.0999999940395355,3.166883111000061
1340,61.470800012350082,62.120870113372803,-149.98320000059903,-149.46300168335438,40.10000079870224,52.02028900384903,3.199999988079071,3.755925178527832
1047,61.513700008392334,61.592583119869232,-149.92090000212193,-149.82240398973227,41.100002825260162,83.415426313877106,3,3.4988270401954651
2204,60.14410001039505,59.443669557571411,-152.76559996604919,-151.79904448986053,108.20000059902668,118.00232715904713,3.2999999821186066,3.2055212259292603
1865,61.831499993801117,61.930660665035248,-151.73699998855591,-151.22080653905869,108.59999991953373,65.842945128679276,3.6999999582767487,4.1401789337396622
861,62.128900051116943,62.325758576393127,-150.27169999480247,-149.70772549510002,17.30000227689743,62.237612903118134,3.0999999940395355,3.4850447773933411
1898,59.988700032234192,59.733996152877808,-151.64800000190735,-151.26475596427917,55.699996650218964,127.01073265634477,3.3999999761581421,3.7244000136852264
344,62.129299998283386,62.336758017539978,-150.36519999057055,-150.23897355794907,53.599998354911804,68.96749883890152,3.6999999582767487,3.8773731887340546
556,59.758599996566772,59.177983403205872,-152.62339997291565,-151.56000763177872,81.999998539686203,100.77888518571854,3.0999999940395355,3.8275337219238281
2151,60.104200005531311,59.463152766227722,-152.85259991884232,-151.94106084108353,112.39999998360872,95.994433388113976,3.4999999701976776,3.9266244918107986
1960,59.424200057983398,59.044775009155273,-152.58509999513626,-151.43123844265938,77.799998223781586,82.905478775501251,3,3.4134675264358521
2174,62.905900001525879,62.960540056228638,-151.12540000677109,-150.48175165057182,123.4000000404194,107.55045711994171,3,3.1049594879150391
352,62.532799959182739,62.807520031929016,-151.07309997081757,-150.67114815115929,83.500001579523087,58.087505400180817,3.2999999821186066,3.9648008644580841
91,59.971199989318848,59.267745494842529,-152.97339999675751,-152.36187851428986,126.30000000353903,73.959305882453918,3.3999999761581421,3.9651390016078949
845,60.146899998188019,59.922734260559082,-150.71890000998974,-150.47811931371689,59.900000691413879,118.07618662714958,3.0999999940395355,3.1821182370185852
1687,60.595099985599518,60.412020027637482,-150.64230000972748,-150.24064122140408,56.400001049041748,90.854130685329437,3,3.2585186362266541
932,62.718700051307678,62.831878304481506,-148.63079997897148,-148.8172045648098,63.599999994039536,65.242964774370193,3.7999999970197678,3.9070026576519012
808,62.391499996185303,62.551101088523865,-148.33919996023178,-148.25495052337646,29.200002551078796,89.560475200414658,3.199999988079071,3.6029368042945862
261,62.747900009155273,62.89844286441803,-148.99070003628731,-148.95483648777008,67.800000309944153,37.101998925209045,3.5999999642372131,3.6779719591140747
2189,62.914399981498718,62.967012882232666,-151.21080002188683,-150.97780242562294,107.89999924600124,109.8871985450387,3.0999999940395355,3.0683619976043701
582,62.080299973487854,62.309909224510193,-151.26340001821518,-150.73606431484222,75.300000607967377,74.66985285282135,3,3.4772817492485046
590,60.028699994087219,59.857072591781616,-151.60260003805161,-151.08732050657272,56.800000369548798,120.55190606042743,3,3.333601713180542
567,61.845099985599518,61.403623878955841,-148.37690001726151,-149.64648427069187,78.299999237060547,58.46211314201355,3,3.1192376911640167
765,62.971400022506714,62.932843685150146,-148.85100004076958,-148.95129561424255,9.0999975800514221,32.279402017593384,3.199999988079071,3.616829127073288
888,61.185699999332428,61.174394518136978,-149.18280002474785,-149.13417086005211,35.899996757507324,58.971673250198364,3.7999999970197678,3.9216155558824539
2156,59.352100014686584,59.0465008020401,-152.7775000333786,-151.78502815961838,72.200000286102295,94.006218016147614,3.199999988079071,3.0887036025524139
2183,62.842200040817261,62.853217720985413,-148.2807000875473,-148.54236629605293,73.800001293420792,89.600343257188797,4.0999999791383743,4.1738349571824074
1423,61.371300011873245,61.312027484178543,-149.710399992764,-149.6171508282423,35.199999809265137,37.703052163124084,4.3999999947845936,4.3486111611127853
300,61.364100009202957,61.22932705283165,-151.69879996776581,-151.50910609960556,87.699998170137405,52.228674292564392,3,3.4374396800994873
605,61.767199993133545,61.594468891620636,-151.66509997844696,-151.78880560398102,91.600000858306885,85.253048688173294,3.0999999940395355,3.5170811712741852
999,61.71969997882843,61.672637760639191,-150.89039996266365,-150.71444338560104,63.099998980760574,93.915626406669617,5.2000000029802322,5.2914206385612488
1647,60.842099994421005,60.702781826257706,-151.61630004644394,-151.22897332906723,73.399998247623444,27.377881109714508,3.2999999821186066,3.8162877559661865
315,62.335800051689148,62.346649169921875,-149.59839999675751,-149.39603461325169,44.299997389316559,77.050033956766129,3.7999999970197678,4.0826690644025803
1622,59.178400039672852,59.035627484321594,-152.91100001335144,-151.57734346389771,72.900000959634781,66.437907516956329,3.199999988079071,3.4618817567825317
453,61.00760000012815,61.07573239505291,-149.04910004138947,-149.07430717349052,12.299999594688416,59.519119560718536,3.5999999642372131,3.6964225172996521
175,61.478899985551834,61.475952923297882,-147.47569996118546,-147.87402409315109,1.5999972820281982,30.665688216686249,3.0999999940395355,3.2138819396495819
1676,59.177199959754944,59.243558049201965,-149.2703999876976,-149.9261701181531,24.999998509883881,88.415347039699554,3.2999999821186066,3.369877964258194
1033,60.856800004839897,60.382487118244171,-148.54119998216629,-150.09041446633637,67.200001329183578,94.98274140059948,3.0999999940395355,3.6998635232448578
1912,61.658100008964539,61.751426696777344,-147.73400008678436,-148.13165724277496,18.299996852874756,33.566683530807495,3.3999999761581421,3.0572998523712158
123,60.255900025367737,59.617677688598633,-152.60549998283386,-151.65043133497238,106.3000001013279,99.049467593431473,3,3.4574099779129028
637,62.60450005531311,62.834483504295349,-151.46199998259544,-151.05945521593094,2.0999982953071594,114.31928351521492,3,3.5925516486167908
394,61.652300000190735,61.771177649497986,-149.84770000353456,-149.54688973724842,38.300000131130219,55.930420756340027,3.2999999821186066,3.6726894378662109
1725,61.731800019741058,61.778648257255554,-148.18169993162155,-148.4538100361824,13.999998569488525,37.783920764923096,3.199999988079071,3.468848705291748
1574,61.228300005197525,61.151026263833046,-147.00879997014999,-147.6614556312561,0.6999969482421875,71.585308760404587,3.7999999970197678,3.3862833380699158
39,60.344200015068054,60.201051771640778,-151.30439999699593,-150.99837201833725,33.699996769428253,65.28618186712265,3.199999988079071,3.4100299179553986
462,59.866500020027161,59.32991361618042,-152.20330005884171,-151.33672025799751,68.900000303983688,125.65389240626246,3.199999988079071,3.8821816742420197
630,61.884700000286102,62.056574821472168,-151.05050003528595,-150.69478860497475,80.099999904632568,70.699866861104965,3.199999988079071,3.759944424033165
693,61.705200016498566,61.839840888977051,-149.78309999406338,-149.59496238827705,28.899997472763062,88.681787252426147,3.0999999940395355,3.4074279069900513
331,59.61710000038147,59.151686668395996,-152.60009998083115,-151.72909265756607,84.300000220537186,106.98760487139225,3,3.3207376599311829
194,61.439399987459183,62.574172616004944,-151.89030003547668,-152.05658483505249,66.300000995397568,73.809728026390076,3.0999999940395355,4.2565661296248436
2098,60.635600000619888,60.793181255459785,-147.40919995307922,-147.477898478508,11.299997568130493,63.46280500292778,3.2999999821186066,3.3462481498718262
322,61.305099993944168,61.261562258005142,-150.44859999418259,-150.30160557478666,41.599996387958527,98.512193188071251,3,3.1779650151729584
266,59.872900009155273,59.711302518844604,-151.06360003352165,-150.67790548503399,46.700000762939453,124.39654773334041,3,3.5617817938327789
1975,62.884999990463257,62.937106609344482,-148.89120000600815,-148.98336678743362,70.599999278783798,33.597707748413086,3.199999988079071,3.4694227874279022
1936,61.758099973201752,61.671701908111572,-152.42170000076294,-152.10257810354233,140.90000092983246,47.098428010940552,3.4999999701976776,3.818275049328804
579,62.28849995136261,62.426233291625977,-150.87490001320839,-150.57444423437119,60.999996960163116,69.965478032827377,3.5999999642372131,4.2486962601542473
1173,61.446999996900558,61.456404119729996,-150.12640000507236,-150.03845947422087,18.899999558925629,69.962255656719208,3.199999988079071,3.3573925495147705
1422,61.477899998426437,61.485260546207428,-150.05450000055134,-149.89492023736238,30.000001192092896,62.316432595252991,3.4999999701976776,3.7611376941204071
1746,59.003700017929077,59.019512176513672,-152.40929996967316,-151.63564699888229,59.699997305870056,60.417100787162781,3,3.1364081203937531
1683,60.759700000286102,60.350713133811951,-152.16470003128052,-151.50886309146881,94.499999657273293,27.274012565612793,3.0999999940395355,3.8550524264574051
1314,61.421499997377396,61.405546933412552,-149.98730000015348,-149.70820827037096,31.599998474121094,43.436236679553986,3.4999999701976776,3.8050406277179718
756,62.365900039672852,62.465294122695923,-151.49859997630119,-150.7980027794838,96.599999815225601,69.298572838306427,3.199999988079071,3.8836095035076141
1138,61.470800012350082,61.473126143217087,-149.89910000190139,-149.66364946961403,49.800001084804535,27.931094169616699,4.3999999947845936,4.516902968287468
650,62.07669997215271,62.429046273231506,-151.73659998178482,-151.21065759658813,102.09999978542328,61.756715178489685,3.0999999940395355,3.5942883789539337
2128,62.858000040054321,62.937696218490601,-150.78960004448891,-150.24054897576571,105.20000010728836,52.348069846630096,3.8999999910593033,4.2526263222098351
719,60.012000024318695,59.658299088478088,-152.7127999663353,-151.6123309135437,94.79999914765358,146.0425853729248,3.5999999642372131,4.0524251013994217
572,61.653400003910065,61.802822947502136,-150.9757000207901,-150.71952188014984,51.200002431869507,87.546996772289276,3.0999999940395355,3.6616065502166748
1821,59.429399967193604,59.092797517776489,-152.77870005369186,-151.56780463457108,90.1000015437603,79.641636461019516,3.0999999940395355,3.3230389952659607
1878,59.70990002155304,59.338083267211914,-152.04799997806549,-151.18739774823189,81.999998539686203,123.9208176266402,3.4999999701976776,3.7960658222436905
2160,62.983700037002563,62.970665335655212,-151.22240003943443,-150.3379474952817,130.40000014007092,100.67706927657127,3.0999999940395355,3.0651175975799561
1452,61.38629999756813,61.910577535629272,-150.03729999996722,-149.79714245349169,43.399997055530548,64.808927476406097,3.5999999642372131,4.3558201789855957
965,60.110400021076202,59.991857886314392,-148.30759996175766,-148.80311393737793,18.899999558925629,71.453176438808441,3,3.4466848969459534
1812,62.337800025939941,62.440083742141724,-149.80380000919104,-150.05917611345649,48.299998044967651,62.791474163532257,3,3.4086019992828369
1182,61.350899994373322,61.257926136255264,-150.08890000171959,-149.9625912476331,24.199999868869781,99.902378395199776,3.0999999940395355,3.5354029834270477
1824,60.437699973583221,60.313330888748169,-150.88260000944138,-150.52318409085274,66.300000995397568,59.041805565357208,3.2999999821186066,3.4375934600830078
2115,61.74099999666214,62.010392308235168,-152.12879991531372,-151.94681310653687,118.6000001616776,60.691721737384796,3.0999999940395355,3.0964702963829041
649,60.913800001144409,60.886166125535965,-149.49269999563694,-149.60073378682137,37.399999797344208,86.101647466421127,3.8999999910593033,4.1103348433971405
1289,61.388200014829636,61.382640302181244,-149.94660000130534,-149.72784239798784,33.399999141693115,36.863580346107483,3.4999999701976776,3.7893001288175583
1044,60.08899998664856,59.285748720169067,-152.9708000421524,-151.80265688896179,106.00000061094761,106.09869472682476,3.199999988079071,3.8124129921197891
365,62.954300045967102,62.953689575195312,-149.64640000462532,-149.56198914349079,75.800001621246338,22.329568862915039,3.7999999970197678,4.1586213782429695
1266,61.511099994182587,61.451125711202621,-149.92689999751747,-149.89515832811594,32.399997115135193,69.907438009977341,3.2999999821186066,3.5715961754322052
1317,61.3716000020504,61.623347759246826,-149.98400000017136,-149.54962152242661,29.299996793270111,52.783526480197906,3,3.2796735763549805
1249,61.468600004911423,61.480851888656616,-149.90240000188351,-149.71099285036325,35.80000251531601,63.074149191379547,3.0999999940395355,3.5369431972503662
1922,61.108499996364117,60.900784358382225,-151.52679991722107,-151.35847654938698,81.50000125169754,43.058291077613831,3.4999999701976776,3.5204486846923828
583,59.653800010681152,59.114563465118408,-152.69449996948242,-151.82578146457672,98.30000065267086,106.49959743022919,3.0999999940395355,3.5929015874862671
742,60.549199998378754,60.490420460700989,-149.67410000413656,-149.80039966106415,36.70000284910202,77.180966734886169,3.4999999701976776,3.7441957890987396
2138,61.298000007867813,61.297849506139755,-147.98199999332428,-148.19961726665497,18.500000238418579,30.401445925235748,3.2999999821186066,3.4738628268241882
856,61.456499993801117,61.731723070144653,-149.91070000268519,-149.53880417346954,35.80000251531601,24.978592991828918,3.0999999940395355,3.5250157713890076
906,61.687600016593933,61.813289880752563,-150.34520000964403,-149.96338528487831,42.199999094009399,88.253203779459,3.2999999821186066,3.5454550981521606
1614,59.807700037956238,59.242255687713623,-152.88440001010895,-151.52646571397781,102.39999927580357,122.1301588229835,3.4999999701976776,4.1327664479613304
819,59.812199950218201,59.369451284408569,-152.21219998598099,-151.46293213963509,70.099998265504837,119.63201221078634,3.3999999761581421,4.1657115519046783
1299,61.472099989652634,61.479384779930115,-150.04990000091493,-149.84252604469657,34.599997103214264,63.464771956205368,3.0999999940395355,3.4438340663909912
1091,61.271899998188019,61.201821431517601,-151.17949998378754,-150.91093477606773,65.600000321865082,45.941777527332306,3,3.5087885856628418
318,61.051699999719858,60.945819061249495,-151.14419996738434,-150.8719362616539,16.099996864795685,80.409571528434753,4.6000000052154064,4.1470965519547462
679,62.707599997520447,62.840314388275146,-149.78279998898506,-149.59947368502617,49.800001084804535,48.791937530040741,3.0999999940395355,3.4328269958496094
2032,60.105599999427795,59.819430947303772,-151.74070000648499,-151.41710489988327,63.999999314546585,123.27021418605,4.1999999955296516,4.4736988535150886
780,61.551699995994568,62.084160566329956,-149.92710000090301,-149.74071684479713,44.500000774860382,99.325805902481079,3,4.0664969086647034
1893,59.60860002040863,59.146168947219849,-152.56720000505447,-151.42495876550674,69.699998944997787,116.35809950530529,3.4999999701976776,4.0661521553993225
1190,61.420500010251999,61.328638017177582,-151.66200006008148,-151.45987236499786,84.699999541044235,28.753854334354401,3.9999999850988388,4.0684476792812347
343,60.022800028324127,59.375867366790771,-152.95189994573593,-152.19439172744751,107.00000077486038,79.919040203094482,3,3.624382495880127
398,61.350400000810623,61.420368760824203,-150.16780000180006,-149.93733130395412,42.900003492832184,72.195921093225479,4.9000000208616257,4.9061126410961151
584,61.692099988460541,61.648489952087402,-150.71529999375343,-150.4837913364172,2.8999969363212585,105.30027560889721,3.3999999761581421,3.5758964717388153
1710,62.577499985694885,62.636522769927979,-150.64899998903275,-150.16944745928049,13.199999928474426,53.773000836372375,3,3.2609747350215912
1866,61.197799995541573,61.115534953773022,-149.61230000853539,-149.37123124301434,36.399997770786285,56.411236524581909,3.199999988079071,3.5277403593063354
292,60.033699989318848,59.397277116775513,-152.62190008163452,-151.61085730791092,101.39999911189079,122.58652783930302,3.3999999761581421,4.0769250243902206
865,62.11489999294281,62.509944677352905,-152.57529991865158,-152.18916338682175,0.79999864101409912,106.38904944062233,3.0999999940395355,3.0967533588409424
1106,61.718500018119812,61.968321144580841,-149.94790000095963,-149.67995269596577,37.299998104572296,94.872137531638145,3.0999999940395355,3.5260797142982483
1165,61.280200004577637,61.283567935228348,-150.10009999573231,-149.9206171464175,32.899998128414154,45.644506812095642,3.2999999821186066,3.6026377379894257
141,62.226400017738342,62.299015522003174,-148.19770002365112,-148.41813343763351,32.200001180171967,109.3261856585741,4.1999999955296516,4.3208646811544895
1974,59.127099990844727,59.026864528656006,-152.26709997653961,-151.27368262410164,60.699999332427979,88.814575225114822,3.5999999642372131,3.9133709371089935
2,61.275799989700317,59.398642420768738,-152.27089995145798,-151.63286125659943,9.9999979138374329,112.56395187228918,3,4.1918069869279861
576,61.556500017642975,61.70724356174469,-150.77369999885559,-150.38632392883301,59.399999678134918,79.058464616537094,3.0999999940395355,3.609733521938324
1776,61.352400004863739,61.298169702291489,-150.71370001137257,-150.40115627646446,63.000001013278961,37.114471197128296,3.2999999821186066,3.4438616037368774
339,60.321699976921082,60.163069128990173,-151.4602999985218,-151.22456932067871,53.599998354911804,83.752095699310303,3.5999999642372131,4.0547438710927963
889,59.920500040054321,60.099197447299957,-148.26710003614426,-150.0922384634614,26.100002229213715,41.539981961250305,3,3.486499696969986
265,60.46780002117157,60.382466375827789,-150.83930003643036,-150.39340598881245,58.20000171661377,77.605236321687698,3.8999999910593033,4.1521805450320244
376,60.004800021648407,60.000989735126495,-147.40589994192123,-147.69233375787735,10.099999606609344,72.492849081754684,3,3.2215808629989624
963,62.922199964523315,62.934367537498474,-150.51199999451637,-149.97883691685274,86.59999817609787,68.708382546901703,3.9999999850988388,3.9115137308835983
439,60.455699980258942,59.993398189544678,-152.76399993896484,-151.99718677997589,13.099998235702515,103.52807678282261,4.0999999791383743,4.4301451798528433
271,61.987500011920929,62.159610271453857,-149.80610000342131,-149.41409003734589,35.40000319480896,83.43418687582016,3.0999999940395355,3.639370858669281
244,60.331700026988983,59.839341878890991,-152.59649991989136,-151.86350476741791,115.69999996572733,94.801668077707291,3.199999988079071,3.7290258407592773
1475,61.478100001811981,61.784901857376099,-150.00020000000222,-150.51305423676968,39.70000147819519,86.388967931270599,3.199999988079071,3.7601912766695023
1533,61.31580001115799,61.258154332637787,-147.39690005779266,-147.83651125431061,18.10000091791153,33.707611262798309,3.6999999582767487,3.8471781760454178
2074,59.936400055885315,59.329665422439575,-152.39130002260208,-151.52191632986069,81.599999219179153,135.74958220124245,3.3999999761581421,3.2126848697662354
916,59.28849995136261,59.058632850646973,-152.42879998683929,-151.62830257415771,62.10000067949295,70.775929838418961,3.4999999701976776,3.3799549341201782
607,59.840399980545044,59.393752098083496,-151.97510004043579,-151.18423220515251,76.200000941753387,134.18385107070208,3.199999988079071,3.4568163156509399
415,61.817799985408783,61.953203737735748,-151.10060003399849,-150.87335130572319,68.300001323223114,91.025479137897491,4.3999999947845936,4.620629008859396
273,60.491299986839294,60.263949036598206,-151.86750000715256,-151.18246686458588,77.899999916553497,35.875752568244934,3.4999999701976776,3.7936527281999588
1087,59.953299999237061,59.871254920959473,-149.15740004181862,-149.31279127299786,0.6000027060508728,55.312186479568481,3,3.2813538908958435
250,61.224800005555153,61.058807075023651,-151.31029996275902,-150.99664199352264,69.699998944997787,53.937867283821106,3,3.5438970923423767
413,61.643400013446808,61.787436902523041,-151.95970004796982,-151.60141718387604,113.30000031739473,115.41460081934929,3.0999999940395355,3.2260625660419464
2201,61.052999999374151,60.930435672402382,-151.07699999213219,-151.02974358201027,64.800001680850983,39.515599608421326,3,3.107037752866745
1554,62.942199945449829,62.968128800392151,-148.78529995679855,-149.04984882473946,65.400000661611557,30.12838214635849,3.4999999701976776,3.8423295915126801
310,62.015300035476685,62.163934707641602,-148.26759999990463,-148.49237054586411,26.799999177455902,51.649592816829681,3.199999988079071,3.6623860001564026
788,59.991299986839294,59.906837344169617,-147.19200003147125,-147.65610802173615,1.1999979615211487,73.053799569606781,3.199999988079071,3.51435586810112
772,61.450899988412857,61.565550923347473,-147.12170004844666,-147.42484492063522,14.899998903274536,45.611947774887085,3.4999999701976776,4.0053520202636719
425,61.168099999427795,59.140277147293091,-151.96619993448257,-152.57103252410889,136.40000019222498,81.203099340200424,3.9999999850988388,4.0989136844873428
2140,61.864000022411346,62.115321516990662,-151.8659999370575,-151.42131704092026,114.69999980181456,62.91719526052475,3.3999999761581421,3.1499256491661072
1357,61.365099996328354,61.35989898443222,-150.00839999970049,-149.76756267249584,27.300000190734863,40.270417928695679,3.5999999642372131,3.9481636583805084
1935,60.89130000025034,60.774770930409431,-150.01710000028834,-149.95531081873924,49.400001764297485,116.5914461016655,4.0999999791383743,4.0964481979608536
1610,60.80120000243187,60.053272306919098,-149.60510002076626,-150.66580460965633,100.19999928772449,68.818051367998123,3.6999999582767487,3.5668251514434814
974,61.553900003433228,61.725370585918427,-149.91630000248551,-149.77597812563181,46.199999749660492,77.647145837545395,3.8999999910593033,3.8327305465936661
1225,61.405600011348724,61.403697729110718,-150.0903999991715,-149.93321294523776,20.099997520446777,67.70748645067215,3.2999999821186066,3.2438209354877472
964,59.880200028419495,59.735647678375244,-148.86790001392365,-149.14739066362381,11.600002646446228,51.835328340530396,3.2999999821186066,3.8190202564001083
526,59.799399971961975,59.182536482810974,-152.18099999427795,-151.5081045627594,59.900000691413879,107.71404206752777,3,3.4441806077957153
2010,60.06029999256134,59.376425743103027,-152.98530006408691,-152.45140421390533,123.49999998696148,74.448823928833008,3.199999988079071,3.1737137138843536
900,59.935400009155273,59.324427723884583,-152.92119991779327,-151.39386767148972,83.900000900030136,131.91224168986082,4.2999999895691872,4.5082156131975353
182,60.328400015830994,60.153156280517578,-150.32750000059605,-150.02741208393127,55.100001394748688,49.954205751419067,3.199999988079071,3.2784261703491211
170,62.956099987030029,62.925763726234436,-147.93360006809235,-148.05263686180115,64.300000667572021,47.412276268005371,3,3.5773810744285583
1655,60.286899983882904,59.904835820198059,-152.32489997148514,-151.43990671634674,88.700000196695328,52.796058356761932,3.7999999970197678,3.7297833859920502
810,59.836199998855591,59.364508152008057,-152.86369997262955,-152.01690101623535,103.80000062286854,113.34317456930876,3.5999999642372131,4.120235949754715
187,60.996199999935925,60.790727734565735,-152.41870003938675,-151.92842084169388,117.39999987185001,33.20726752281189,3.4999999701976776,3.9848647713661194
619,59.701900005340576,59.3075852394104,-152.0741999745369,-151.33555600047112,61.800003051757812,122.28374113328755,3.8999999910593033,4.1571803838014603
1965,62.380399942398071,62.540868639945984,-148.31849992275238,-148.42043226957321,41.900001466274261,109.30412635207176,3.199999988079071,3.4253917336463928
158,59.052199959754944,59.016418218612671,-152.49949997663498,-151.53012442588806,61.700001358985901,57.625070214271545,3,3.1458457410335541
886,61.531000018119812,61.552848875522614,-151.95970004796982,-151.61519694328308,108.20000059902668,84.321834146976471,3.3999999761581421,3.6713038980960846
272,59.78410005569458,59.251879453659058,-152.17750006914139,-151.56509077548981,63.79999965429306,105.0450187176466,3,3.4979579150676727
614,59.023000001907349,59.038033246994019,-152.90789991617203,-152.14537400007248,70.199999958276749,83.459846675395966,3.2999999821186066,3.5994806885719299
1842,60.31029999256134,60.192983090877533,-151.27409997582436,-150.79065960645676,63.700001686811447,52.235081791877747,3.199999988079071,3.4217954277992249
1061,60.495000004768372,60.379009127616882,-151.46199998259544,-151.22187307476997,72.099998593330383,35.896554589271545,3,3.3691372275352478
2173,59.221300005912781,59.089691400527954,-151.52230006456375,-151.32248613238335,45.500002801418304,74.079710990190506,3.0999999940395355,3.0667007267475128
371,60.253899991512299,59.846919536590576,-152.50110000371933,-151.54671782255173,87.699998170137405,111.61903198808432,3.9999999850988388,4.3196332454681396
222,60.952500000596046,60.887624949216843,-150.6618999838829,-150.36373174935579,44.900000095367432,57.605117559432983,3.9999999850988388,4.1256426349282265
593,60.499300003051758,60.52658212184906,-148.12070006132126,-148.33015805482864,1.5999972820281982,47.303229570388794,3,3.3915328681468964
1848,59.085999965667725,59.045442223548889,-152.6068999171257,-151.57357317209244,61.999998986721039,74.707802385091782,3.4999999701976776,3.9560200721025467
1057,60.246100008487701,59.885059475898743,-152.51539993286133,-151.67081952095032,99.400000646710396,119.39403275027871,4.1999999955296516,4.4584689661860466
1921,60.149200022220612,59.462599635124207,-152.98790001869202,-152.009068608284,129.80000022798777,84.907952696084976,3.2999999821186066,3.7954872697591782
136,60.351100027561188,60.213955521583557,-150.37479999661446,-150.25335102528334,43.999999761581421,70.818457752466202,3.2999999821186066,3.4429997205734253
518,61.745100021362305,61.953004598617554,-148.15850007534027,-148.37101060152054,20.099997520446777,35.196200013160706,3,3.4120027720928192
2009,59.557899951934814,59.67161762714386,-152.8561999797821,-152.67572021484375,92.199999839067459,63.093084841966629,3.2999999821186066,3.4463751912117004
334,60.987599999643862,60.839000314474106,-150.82929995656013,-150.4575769007206,55.500000715255737,45.445345342159271,4.8000000044703484,4.6676263511180878
2181,62.695000052452087,62.891284942626953,-148.85799998044968,-148.84162777662277,56.800000369548798,45.298077166080475,3.3999999761581421,3.5075806975364685
1382,61.486200004816055,61.479904919862747,-149.9311999976635,-149.59223797917366,40.799997746944427,62.503088265657425,3.4999999701976776,4.214908741414547
1251,61.318500012159348,61.248062118887901,-150.03359999880195,-149.77130093425512,36.499999463558197,43.300382792949677,3.7999999970197678,3.9431767165660858
838,59.610399961471558,59.678065299987793,-149.71650000661612,-149.6746735945344,56.999996304512024,81.823699176311493,3.199999988079071,3.32939413189888
710,60.096400022506714,59.37041187286377,-152.58569991588593,-151.45800250768661,91.200001537799835,134.54568199813366,3.2999999821186066,3.7536832541227341
15,62.974900007247925,62.963505864143372,-150.84149998426437,-150.1128890812397,110.39999965578318,48.545330762863159,3.2999999821186066,3.6158756911754608
1651,60.246599972248077,59.789485216140747,-152.67280000448227,-151.46307688951492,103.29999960958958,132.55379861220717,4.1999999955296516,4.5340310800820589
1107,60.725800007581711,62.602601289749146,-148.64550000429153,-149.53078642487526,247.19999730587006,72.683952748775482,3.3999999761581421,3.2714467942714691
1830,60.387199997901917,60.089622735977173,-151.71520006656647,-151.25086069107056,71.499999612569809,67.625831812620163,3.0999999940395355,3.0916755795478821
2006,61.209800004959106,61.077152915298939,-151.49729999899864,-151.3676176071167,74.09999892115593,41.37112945318222,3.0999999940395355,3.4686978757381439
570,62.967399954795837,62.976995229721069,-150.31099998950958,-149.72559300810099,84.89999920129776,38.956061005592346,3,3.378795325756073
654,62.965700030326843,62.964133024215698,-150.37880001962185,-150.04785982333124,86.500000208616257,46.453222632408142,3.199999988079071,3.5167027115821838
1105,61.39300000667572,61.385924696922302,-150.03010000102222,-149.7122025936842,38.500003516674042,65.640062093734741,3,3.231353223323822
1645,60.254899978637695,60.097772538661957,-150.99199998378754,-150.63523364067078,60.699999332427979,68.600531667470932,3,3.3848100900650024
465,59.848600029945374,59.244199633598328,-152.92380005121231,-152.37632668018341,114.90000039339066,78.27315479516983,3.3999999761581421,3.9129351228475571
1054,61.520699977874756,61.651794195175171,-149.91479999944568,-149.75889176130295,43.200001120567322,91.264151036739349,3.2999999821186066,3.6516123712062836
199,62.099599957466125,62.15542209148407,-147.55769991874695,-147.78720939159393,22.299997508525848,49.602404236793518,3,3.2564132809638977
1041,59.22599995136261,59.146978139877319,-152.09110003709793,-151.35085049271584,52.000001072883606,128.32460924983025,4.6000000052154064,4.7712587714195251
1426,61.444700002670288,61.434166938066483,-150.05079999938607,-150.19543828815222,39.099998772144318,56.543812155723572,3.0999999940395355,3.7012405693531036
1255,61.478399991989136,61.518996298313141,-149.93870000168681,-149.90738174133003,39.899997413158417,80.284692347049713,3.0999999940395355,3.4273716509342194
869,59.642799973487854,59.536519289016724,-149.66890000551939,-149.85378590226173,9.9000036716461182,99.773911759257317,3,3.1652036905288696
1341,61.4307000041008,61.412539839744568,-149.94089999981225,-149.75572489947081,24.999998509883881,58.771699666976929,3,3.3900643587112427
1133,59.848299980163574,59.238278150558472,-152.39019995927811,-151.37465509772301,74.000000953674316,112.44869790971279,3.0999999940395355,3.8140937983989716
1544,62.425400018692017,62.581614375114441,-149.20389997959137,-149.24375134706497,35.80000251531601,76.367069035768509,3.199999988079071,3.4253924489021301
1110,60.974300000816584,61.035027377307415,-147.44319999217987,-147.84012794494629,19.900001585483551,59.072263538837433,3.0999999940395355,3.4058449566364288
591,60.210300028324127,60.043307900428772,-151.65880000591278,-151.21179270744324,58.20000171661377,95.845667645335197,3.6999999582767487,3.8478827923536301
1345,61.470099985599518,61.420618414878845,-149.8994999974966,-149.71295381337404,33.699996769428253,50.22662878036499,3.5999999642372131,3.7636365741491318
1665,62.074699997901917,62.223873257637024,-151.33129996061325,-150.88534793257713,82.499999552965164,56.873336434364319,3.3999999761581421,3.7769898623228073
2193,61.614400029182434,61.553921461105347,-150.66060000658035,-150.49239255487919,57.599999010562897,49.713492393493652,3.9999999850988388,3.7571517527103424
1581,62.535599946975708,62.670228004455566,-151.33769997954369,-150.77001973986626,89.999999850988388,42.854554951190948,3.7999999970197678,4.1620953977108002
937,61.625400006771088,61.721904218196869,-150.20120000839233,-150.10156347602606,44.699996709823608,66.672869026660919,3,3.532737135887146
1471,61.58490002155304,61.806367576122284,-149.83739999681711,-149.45970502495766,49.900002777576447,72.594001889228821,3.7999999970197678,3.9547489285469055
43,62.666499972343445,62.665361642837524,-149.84040000289679,-149.57598821818829,7.2000026702880859,66.766366362571716,3.199999988079071,3.4049273729324341
1232,61.353199988603592,61.358313351869583,-150.11259999498725,-149.94414417631924,20.000003278255463,62.921863049268723,3,3.1285185813903809
274,62.225200057029724,62.380350589752197,-147.86479997634888,-147.96696925163269,31.800001859664917,58.007694780826569,3.3999999761581421,3.6251307427883148
1303,61.381000012159348,61.397261142730713,-149.95099999755621,-149.79074860364199,41.299998760223389,44.97208446264267,3.3999999761581421,3.6388570368289948
101,59.861400008201599,59.395535469055176,-152.3435999751091,-151.28638002276421,84.699999541044235,130.49153052270412,4.3999999947845936,4.5356666101142764
1839,59.128100037574768,59.049705386161804,-152.24570006132126,-151.5013934969902,57.300001382827759,69.265265017747879,3.4999999701976776,3.7424773871898651
1023,60.39819997549057,59.897264361381531,-152.23519992828369,-151.45047649741173,103.39999943971634,55.515319108963013,3.0999999940395355,3.5849555432796478
1177,61.374399989843369,61.380108863115311,-150.10799999535084,-149.83795026317239,19.299998879432678,61.203174293041229,3,3.2925828695297241
107,59.497699975967407,59.138465285301208,-152.6457000374794,-151.2767918407917,71.100000292062759,112.8429127857089,3.9999999850988388,4.3875128030776978
962,60.53439998626709,60.513804644346237,-147.66329991817474,-147.95219886302948,5.0000026822090149,62.910109758377075,3,3.4364789128303528
497,60.887800000607967,60.799298450350761,-151.65719997882843,-151.25287261605263,76.299998909235001,32.761469483375549,3,3.2662248909473419
2194,62.323500037193298,62.447282075881958,-151.36019995808601,-151.0254921913147,86.399998515844345,70.264339447021484,3.3999999761581421,3.3583556413650513
1525,61.286799997091293,61.206990763545036,-150.52229999005795,-150.3901796489954,72.099998593330383,51.261499524116516,4.5,4.4723249338567257
1608,60.360099971294403,59.868846654891968,-152.42150008678436,-151.42471450567245,96.000000834465027,47.096818685531616,3.0999999940395355,3.8816897124052048
862,61.796000003814697,62.057545304298401,-149.68269999325275,-149.40690113604069,39.800003170967102,106.24250583350658,3,3.1280670762062073
1146,61.313699990510941,61.280504196882248,-149.91909999959171,-149.74728056788445,44.500000774860382,32.111033797264099,3.5999999642372131,3.8577070981264114
1313,61.436500012874603,61.886720716953278,-149.93689999915659,-150.02201638324186,30.299998819828033,73.230516165494919,3,3.7009916603565216
1537,62.167400002479553,62.359943866729736,-148.55409997701645,-148.75133281946182,19.900001585483551,91.159030795097351,3.2999999821186066,3.5411152839660645
1999,59.526999950408936,59.14869225025177,-152.88680005073547,-151.97844135761261,100.70000030100346,79.910136759281158,3.2999999821186066,3.7443173825740814
1352,61.335900008678436,61.270243585109711,-149.9906000001356,-149.67610696703196,37.10000216960907,43.459057807922363,3.9999999850988388,3.9026675373315811
841,61.451400011777878,61.482854843139648,-149.96060000080615,-149.72619380056858,37.199996411800385,42.309463024139404,4.0999999791383743,3.6351402997970581
712,59.583099961280823,59.438407063484192,-147.89689993858337,-148.76007109880447,21.99999988079071,68.495467305183411,3.7999999970197678,4.0095177590847015
72,62.935400009155273,62.941101312637329,-150.49529998004436,-150.01138502871618,89.600000530481339,35.780586302280426,3.8999999910593033,4.4444103129208088
500,60.807199999690056,60.783116012811661,-151.26130002737045,-150.8198678791523,62.89999932050705,45.657724142074585,3.7999999970197678,3.874721422791481
1436,61.412200003862381,61.443696796894073,-150.06489999778569,-149.8803221359849,38.80000114440918,72.324495762586594,3,3.229513943195343
1383,61.523299992084503,61.814721882343292,-149.93500000052154,-149.76450877636671,41.100002825260162,63.608493655920029,3.0999999940395355,3.9797258377075195
2003,59.914000034332275,59.368744611740112,-152.5722000002861,-151.55796146392822,84.699999541044235,138.25684413313866,3.0999999940395355,3.8246830701828003
481,60.288699984550476,59.876044273376465,-152.2846999168396,-151.38539233803749,90.199999511241913,85.132505744695663,3,3.4679161906242371
1269,61.295700013637543,61.230780586600304,-150.01029999973252,-149.78593374788761,33.299997448921204,41.747264564037323,3.3999999761581421,3.6611267924308777
506,60.992300000041723,60.823429137468338,-151.97640001773834,-151.5197930932045,94.299999997019768,26.650503277778625,4.3999999947845936,4.3453269638121128
948,60.976299999281764,60.852338030934334,-149.36980001628399,-149.434315726161,28.700001537799835,82.10364356637001,3.199999988079071,3.4925463795661926
1055,60.002399981021881,59.456283807754517,-152.85720008611679,-151.63282799720764,111.60000041127205,138.65294307470322,3.5999999642372131,4.2760253101587296
1258,61.39410001039505,61.312030345201492,-150.07630000077188,-149.71070909500122,38.300000131130219,38.352996110916138,4.6000000052154064,4.3605587035417557
2199,62.004799962043762,62.194951772689819,-149.88860000297427,-149.84547721222043,39.70000147819519,75.95399022102356,3.0999999940395355,3.1227577328681946
1264,61.365799993276596,61.400243848562241,-150.01670000050217,-149.91771223582327,41.599996387958527,64.090665429830551,3,3.3332749307155609
1566,62.978899955749512,62.920007586479187,-150.63579998910427,-150.09420208632946,113.4000001475215,69.625236093997955,5.0000000149011612,4.2379143834114075
1447,61.463099986314774,61.351146340370178,-150.12789999693632,-150.03657547105104,45.19999772310257,56.618772447109222,3.0999999940395355,3.1888861656188965
1697,62.113299965858459,62.193123936653137,-150.25719999521971,-150.09304271265864,14.799997210502625,69.076314568519592,3.7999999970197678,3.398890882730484
1241,61.44530001282692,61.454698204994202,-150.07340000197291,-149.82945499196649,20.099997520446777,59.982366859912872,3,3.4960944056510925
311,62.393399953842163,62.0900639295578,-149.88870000466704,-149.09621724486351,1.9999966025352478,35.512745380401611,3.0999999940395355,3.113275408744812
1730,60.78659999370575,60.559238642454147,-151.75140005350113,-151.24893692135811,74.900001287460327,26.844017207622528,3.2999999821186066,3.519470751285553
405,62.041599988937378,62.210864067077637,-150.516999989748,-150.29211048781872,60.000002384185791,78.581299632787704,3.199999988079071,3.4828060269355774
879,60.250999987125397,60.077213048934937,-151.58010005950928,-151.14514687657356,63.499998301267624,103.18498685956001,3.2999999821186066,3.8154501914978027
1043,61.493099987506866,61.455921590328217,-149.75379998981953,-149.7269139289856,52.699998021125793,81.896677613258362,3.0999999940395355,3.5553465485572815
1491,61.506399989128113,60.89764466136694,-149.94899999722838,-147.85479015111923,35.999998450279236,81.800308078527451,3,3.6470993757247925
979,61.374900013208389,61.376959830522537,-150.59039998054504,-150.48282073438168,53.900003433227539,65.404932945966721,3.199999988079071,3.6196619868278503
2087,59.956799983978271,59.290873289108276,-152.98099994659424,-152.25375545024872,115.39999954402447,79.200331121683121,3,3.1828444004058838
309,61.704200029373169,61.801478385925293,-150.82549998164177,-150.32335399836302,56.599996984004974,82.102485001087189,4.1999999955296516,4.4060774110257626
226,59.705899953842163,59.198302865028381,-152.17250007390976,-151.29052859544754,68.900000303983688,102.79831662774086,3.199999988079071,3.5794934034347534
743,62.578999996185303,62.686671495437622,-151.37489998340607,-150.73114036023617,91.80000051856041,88.002510368824005,3,3.5112075805664062
806,62.416900038719177,62.548167586326599,-148.50390002131462,-148.44884848594666,37.399999797344208,94.717325642704964,3,3.3549750745296478
2024,62.238100051879883,62.345624923706055,-150.85950002074242,-150.70481841266155,62.800001353025436,55.975168943405151,3.3999999761581421,3.5917856991291046
1000,59.946900010108948,59.73047137260437,-151.54150003194809,-151.03994429111481,59.299997985363007,124.05749707249925,3,3.4851938188076019
1461,61.398299992084503,61.393760502338409,-150.05899999849498,-149.70741006731987,39.099998772144318,38.299046456813812,3.5999999642372131,3.7633183300495148
1818,59.862499952316284,59.526986837387085,-151.7661999464035,-151.27139461040497,48.699997365474701,135.46996470540762,3,3.4623930752277374
1784,61.684000015258789,61.759586453437805,-151.61849999427795,-151.52382016181946,93.800000846385956,38.366332650184631,3.5999999642372131,4.0411583930253983
2025,59.561499953269958,59.10780131816864,-152.63559991121292,-151.60288256406784,88.500000536441803,107.32273384928703,3.2999999821186066,3.2468802630901337
1071,62.935999989509583,62.954913020133972,-150.88559997081757,-150.46428921818733,113.4000001475215,69.079186767339706,3,3.3691151440143585
148,62.809700012207031,62.715780735015869,-149.43119998276234,-149.47134849429131,66.300000995397568,55.53475022315979,4.3999999947845936,4.7851206064224243
1164,61.343300014734268,61.331746816635132,-150.12480000033975,-149.9754697792232,20.000003278255463,71.416471153497696,3.0999999940395355,3.2810224592685699
1100,61.152999997138977,61.602372229099274,-151.6696999669075,-149.72741889953613,58.700002729892731,68.934299051761627,3,3.0810924768447876
1005,60.080999970436096,59.450372934341431,-152.86709994077682,-151.84997570514679,117.30000004172325,104.18493114411831,3.199999988079071,3.9625233113765717
291,61.041600000113249,60.877351969480515,-152.32180005311966,-152.04510354995728,14.899998903274536,37.880107760429382,3,3.1114292442798615
692,60.055299997329712,59.859840154647827,-151.70620000362396,-151.5338226556778,46.800002455711365,131.88437232747674,3.5999999642372131,4.2739969342947006
818,61.356099992990494,61.404840499162674,-151.37000003457069,-151.22107449173927,70.199999958276749,106.92396201193333,3.0999999940395355,3.2236615419387817
704,62.89549994468689,62.942969918251038,-149.65359999239445,-149.50866611301899,71.400001645088196,22.400662302970886,3.3999999761581421,3.6458829939365387
1090,59.859699964523315,59.671247005462646,-151.59500008821487,-151.23714923858643,48.699997365474701,136.9134783744812,3.2999999821186066,3.86932472884655
1940,59.787999987602234,59.294633746147156,-152.97460001707077,-151.61796426773071,108.30000042915344,122.51251260749996,4.0999999791383743,4.2908622622489929
1104,62.80019998550415,62.839892625808716,-149.62399998307228,-149.67773439735174,73.69999960064888,50.068691372871399,3.0999999940395355,3.5543177425861359
575,61.013399999588728,60.966938335448503,-149.55579999089241,-149.57494640350342,28.300002217292786,79.541172832250595,3.4999999701976776,3.7996278405189514
557,59.765599966049194,59.33050012588501,-151.91129994392395,-151.41679394245148,55.500000715255737,109.85040664672852,3,3.6769942045211792
1706,60.315900027751923,59.799609184265137,-152.69039994478226,-151.73172605037689,105.20000010728836,99.981147795915604,3.2999999821186066,3.7247394025325775
701,59.047700047492981,59.082173109054565,-152.26190006732941,-152.06222355365753,69.899998605251312,97.810707986354828,3.3999999761581421,3.6075169444084167
1085,62.150799989700317,62.263513088226318,-150.88380002975464,-150.53393679857254,57.700000703334808,62.164992094039917,3.199999988079071,3.3880024552345276
1370,61.376700013875961,61.378283798694611,-150.06959999911487,-149.74641700834036,37.900000810623169,38.367956876754761,3.2999999821186066,3.6904449462890625
1506,61.397799998521805,61.814705550670624,-149.99800000002142,-149.44037210941315,46.999998390674591,62.327079474925995,4.5,4.8183967620134354
1601,60.774399995803833,60.505650132894516,-152.88659995794296,-152.29213517904282,5.0999969244003296,27.973033487796783,3.4999999701976776,3.647068977355957
1951,60.037899971008301,59.403733253479004,-152.5692999958992,-151.45518869161606,99.799999967217445,127.85890186205506,3.199999988079071,3.7698186188936234
748,61.620100021362305,61.623526096343994,-150.1794999986887,-150.09786280989647,52.199997007846832,70.148717612028122,3.5999999642372131,3.8082981705665588
1376,61.470699995756149,61.515940725803375,-149.94739999808371,-149.76053193211555,38.40000182390213,68.10373067855835,3.0999999940395355,3.418000191450119
1025,62.359799981117249,62.41127347946167,-151.31589996814728,-150.87248048186302,84.699999541044235,59.203572571277618,3.2999999821186066,4.0013593286275864
167,62.158400058746338,62.61109471321106,-152.54350000619888,-151.93879920244217,2.5999993085861206,80.751933157444,3.6999999582767487,4.1413933709263802
730,59.174100041389465,59.15897536277771,-151.66280007362366,-151.35454130172729,44.600002467632294,132.58878048509359,4.2999999895691872,4.4295848440378904
1208,61.467000007629395,61.453491300344467,-149.97599999886006,-149.87649783119559,20.70000022649765,83.41342955827713,3,3.0645502209663391
286,59.274099946022034,59.246956706047058,-148.84199997782707,-149.25657910108566,29.700003564357758,67.248623818159103,3.0999999940395355,3.1191028654575348
1067,61.633000016212463,61.793922126293182,-149.70580000430346,-149.60764449834824,39.399996399879456,105.84577731788158,3.5999999642372131,3.7102303504943848
1905,61.832099974155426,62.061514616012573,-149.94839999824762,-149.75530014932156,37.600003182888031,91.110758483409882,3,3.4265386462211609
1029,60.522100001573563,60.692655175924301,-150.1896999925375,-150.29467832297087,41.900001466274261,41.766896843910217,3.199999988079071,3.7259338796138763
628,59.864400029182434,59.330950498580933,-152.45969992876053,-151.45073765516281,81.399999558925629,125.92593004228547,4.0999999791383743,3.9832897335290909
598,62.658100008964539,62.725793480873108,-149.58830000460148,-149.47645278275013,71.699999272823334,57.423174381256104,3.8999999910593033,4.5937589965760708
1163,61.414299994707108,61.429886907339096,-149.88140000402927,-149.79625542461872,29.399998486042023,57.229325175285339,3.2999999821186066,3.6380186676979065
377,59.929000020027161,59.736568927764893,-151.58050006628036,-150.93229284882545,65.799999982118607,127.45032180100679,3.0999999940395355,3.5664825439453125
1947,60.341400027275085,59.904319763183594,-152.39000004529953,-151.6049952507019,103.80000062286854,71.193113923072815,3.199999988079071,3.7265347838401794
1401,61.327499985694885,61.230823740363121,-150.04879999905825,-149.70187184214592,38.000002503395081,42.225942015647888,3.7999999970197678,3.8915598392486572
1886,61.844900012016296,61.972386419773102,-148.10580003261566,-148.40760666131973,28.599999845027924,62.700852751731873,3.2999999821186066,3.6662880778312683
1237,61.496899992227554,61.600046575069427,-149.90860000066459,-149.95432381052524,39.300002157688141,47.63185977935791,3.199999988079071,3.1541677415370941
1453,61.485700011253357,61.611047506332397,-150.07080000266433,-149.96588555909693,42.099997401237488,83.886831998825073,3.3999999761581421,3.102571427822113
1080,61.894200026988983,62.000177621841431,-151.05269998311996,-150.69497121870518,54.700002074241638,76.392903923988342,3,3.3376676738262177
41,60.049799978733063,59.626658201217651,-152.94349998235703,-151.94128203392029,110.60000024735928,78.458879142999649,3,3.2360592484474182
2089,62.116000056266785,62.21786642074585,-147.75999999046326,-147.99403899908066,24.999998509883881,88.591020554304123,3,3.2631175518035889
892,62.279399991035461,62.515493512153625,-151.26079997420311,-150.67579717934132,81.90000057220459,42.457006871700287,3.4999999701976776,4.1938851848244667
1424,61.370700001716614,61.314006835222244,-150.00390000001062,-149.72226449847221,39.800003170967102,39.681181311607361,4.8000000044703484,4.5293141081929207
1918,61.29559999704361,61.292678534984589,-149.3614000082016,-149.21136260032654,34.000001847743988,33.510863780975342,3.7999999970197678,3.8053553849458694
1053,59.608700037002563,61.778164267539978,-148.44599997997284,-149.64427243173122,26.799999177455902,141.77762158215046,3.0999999940395355,3.0658988356590271
1170,61.494500011205673,61.438774883747101,-149.92629999853671,-149.72477050870657,34.900002181529999,43.051347136497498,3.7999999970197678,3.8214304000139236
893,61.436100006103516,61.541644632816315,-149.95999999903142,-149.91647158563137,45.500002801418304,55.144257843494415,3.3999999761581421,3.4455015957355499
609,59.719099998474121,59.481855154037476,-151.03350001573563,-150.8599893450737,45.800000429153442,143.60115490853786,3.2999999821186066,3.4294386506080627
1242,61.314000010490417,61.265098989009857,-149.95889999996871,-149.76348551362753,40.700003504753113,51.81422084569931,3.2999999821186066,3.6511343121528625
1547,61.93419998884201,62.141292810440063,-149.91820000112057,-149.77032031863928,35.999998450279236,95.004677772521973,3,3.3070375621318817
2049,62.304000020027161,62.423052549362183,-149.79599998891354,-149.71539194136858,57.300001382827759,77.521782368421555,3.0999999940395355,3.2458062171936035
1523,61.086599998176098,60.953937646001577,-151.52629995346069,-151.12816259264946,70.099998265504837,33.734031021595001,3.3999999761581421,3.7473551630973816
1577,62.741999983787537,62.836171746253967,-149.0741999745369,-149.09711846709251,13.40000331401825,52.776306867599487,3,3.4351585507392883
493,59.881999969482422,59.490569472312927,-152.55460005998611,-151.51201021671295,84.89999920129776,136.2279923632741,3.6999999582767487,4.3236872144043446
2099,59.983800053596497,59.63629937171936,-152.00950008630753,-151.31379595398903,75.39999857544899,132.40429945290089,3,3.1403166353702545
277,62.853999972343445,62.911477446556091,-148.90720000863075,-148.95198673009872,11.799998581409454,33.891327679157257,3.199999988079071,3.4768970310688019
757,61.487199991941452,61.531301558017731,-152.39969998598099,-151.93535184860229,132.69999995827675,56.165479123592377,3,3.718130886554718
2124,60.367799997329712,59.646419525146484,-152.8274000287056,-152.60688382387161,127.79999990016222,54.494716227054596,3,3.142913818359375
358,60.07039999961853,59.403699278831482,-152.88499993085861,-152.01200544834137,106.59999959170818,114.02610316872597,3.199999988079071,4.0566611140966415
1319,61.327199995517731,61.310581862926483,-150.03950000088662,-149.84237128123641,35.40000319480896,45.304581522941589,3.5999999642372131,3.7458244264125824
236,60.783999994397163,60.709906250238419,-150.90040004253387,-150.51301762461662,14.899998903274536,121.22362502850592,3,3.1562027335166931
551,60.065900027751923,59.414570212364197,-152.964399933815,-152.37218409776688,114.40000031143427,87.612420320510864,3,3.6469236016273499
520,59.105499982833862,59.220093131065369,-149.18320003151894,-149.8405179195106,4.3999999761581421,79.459201544523239,3.0999999940395355,3.344030499458313
2176,61.799499988555908,61.976950645446777,-151.59340006113052,-151.28925159573555,99.199999123811722,51.444053649902344,3.4999999701976776,3.5921216905117035
208,61.287600010633469,61.266418963670731,-150.29640001058578,-150.04612083826214,41.900001466274261,70.482216775417328,3,3.5108372569084167
1649,60.084800004959106,59.390179872512817,-152.79979991912842,-151.58827024698257,107.69999958574772,135.59115026146173,3.2999999821186066,3.8817168921232224
881,61.706300020217896,61.957175493240356,-149.5012000054121,-149.32259644567966,34.299999475479126,77.031537890434265,3,3.3616569936275482
720,61.901400029659271,62.048075318336487,-149.87159999459982,-149.88905286043882,38.900002837181091,65.389223396778107,3.0999999940395355,3.1222845911979675
1472,61.518299996852875,61.548087954521179,-149.99730000004638,-149.65242885053158,47.849997878074646,41.789501905441284,3.3999999761581421,3.6825031042098999
1858,59.306900024414062,59.046392560005188,-152.65060007572174,-151.65524929761887,99.99999962747097,93.346118927001953,3.0999999940395355,3.2971381545066833
1658,60.619500011205673,60.470344364643097,-150.71110001206398,-150.52371145784855,49.09999668598175,73.495995253324509,4.3999999947845936,4.4122087508440018
58,61.253199994564056,61.247948780655861,-147.03450000286102,-147.59554803371429,18.899999558925629,49.462847411632538,3.7999999970197678,3.749958872795105
631,60.536199986934662,60.091251730918884,-151.5819000005722,-150.98375800251961,54.099999368190765,66.15588441491127,3.0999999940395355,3.1746223568916321
1883,61.95770001411438,61.840322732925415,-152.15649998188019,-151.42181101441383,127.60000000707805,49.632973968982697,3.199999988079071,3.5977714061737061
1558,60.054400026798248,59.793336391448975,-151.01080003380775,-150.56586800515652,61.999998986721039,107.64906741678715,3,3.4855050444602966
592,60.195599973201752,60.058227181434631,-151.67679995298386,-151.25874924659729,56.299999356269836,87.291136384010315,3,3.5844696164131165
1954,59.675600051879883,59.174607753753662,-152.86480003595352,-151.37241107225418,100.50000064074993,82.755591720342636,3.199999988079071,4.0572332739830017
363,61.91509997844696,62.263201236724854,-152.12010008096695,-151.29328510165215,118.40000003576279,80.534126609563828,3.3999999761581421,3.9014928638935089
1808,61.85589998960495,61.848528563976288,-150.27350000292063,-150.10314730927348,17.999999225139618,86.14794909954071,3.199999988079071,3.4361727833747864
505,62.910599946975708,62.983027696609497,-149.3391999900341,-149.23660486936569,53.599998354911804,15.05279541015625,3,3.5596981644630432
1552,62.666800022125244,62.81084942817688,-149.43689998984337,-149.42648242413998,57.300001382827759,46.993426978588104,3,3.4724485874176025
1617,59.884999990463257,59.524928212165833,-150.65639998018742,-150.68955445289612,28.999999165534973,135.55478118360043,3.4999999701976776,3.9116635769605637
2023,62.909000039100647,62.97499692440033,-150.40150000154972,-149.79790100455284,91.699998825788498,57.093054056167603,3.0999999940395355,3.2778925895690918
1904,59.914199948310852,59.688082218170166,-151.21879997849464,-151.06110513210297,43.799996376037598,141.18229039013386,3.4999999701976776,3.8906540125608444
904,60.489099979400635,60.28662121295929,-150.77979996800423,-150.36946514993906,44.79999840259552,60.355834662914276,3.8999999910593033,4.2632012888789177
733,62.218799948692322,62.337246179580688,-151.10000002384186,-150.75146573781967,86.399998515844345,60.083508491516113,3,3.5677066147327423
1480,61.458999991416931,61.505865156650543,-149.95409999974072,-149.81982343643904,40.200002491474152,56.020289659500122,4.8000000044703484,4.9272125512361526
2119,60.884199999272823,60.509591788053513,-152.00779992341995,-151.67802000045776,84.399998188018799,30.480057001113892,3,3.1038144528865814
1178,62.999899983406067,62.959927558898926,-150.91750001907349,-149.82163099944592,114.90000039339066,145.71848697960377,3.2999999821186066,3.2324008047580719
1192,61.372000008821487,61.389330089092255,-150.03420000057667,-149.90844200178981,40.299996733665466,46.832293272018433,3.2999999821186066,3.5545785427093506
1089,61.381099998950958,61.390529721975327,-150.03659999929368,-149.78962348401546,38.099996745586395,45.35260796546936,3.2999999821186066,3.622957170009613
118,61.784200012683868,61.981093406677246,-151.1468999683857,-151.01713290810585,83.20000022649765,55.670209228992462,3.199999988079071,3.658656120300293
1476,61.378500014543533,61.172692254185677,-150.02290000068024,-149.18854513764381,42.000003159046173,88.880650699138641,3.0999999940395355,3.3933883309364319
706,60.851999998092651,60.800233721733093,-151.67189991474152,-151.37946438789368,76.600000262260437,45.451149344444275,3.4999999701976776,3.6253773272037506
1888,60.009100019931793,59.715508222579956,-151.53539997339249,-151.10246157646179,58.20000171661377,130.03849890083075,3.0999999940395355,3.5038999021053314
745,59.447000026702881,59.16687285900116,-152.23420000076294,-151.58473688364029,80.800000578165054,109.82692148536444,3.2999999821186066,3.8184783160686493
522,60.011099994182587,59.898019790649414,-150.97800001502037,-150.62820924818516,48.100002110004425,79.549241811037064,3,3.6326898336410522
915,61.635500013828278,61.766563832759857,-151.0911999642849,-150.75538775324821,68.799998611211777,83.535727113485336,3.2999999821186066,3.7069289982318878
1405,61.505699992179871,61.904544949531555,-149.92959999851882,-149.83371813967824,39.300002157688141,68.961240351200104,3,3.2114214599132538
2012,60.030900001525879,59.279377937316895,-152.66049993038177,-151.7630227804184,84.100000560283661,130.15742460265756,3.0999999940395355,3.3509335219860077
993,61.461499989032745,61.502242624759674,-150.0093000002671,-149.90267905220389,21.600000560283661,69.696202874183655,3,3.2687195241451263
513,60.036099970340729,59.739029407501221,-151.03959998488426,-150.32259674370289,49.599997699260712,105.57030886411667,3.0999999940395355,3.5693930983543396
81,60.505299985408783,60.365871071815491,-151.45710003376007,-151.13447517156601,60.000002384185791,51.698684692382812,3.0999999940395355,3.1785124540328979
1868,61.625,61.698234856128693,-150.33079998940229,-149.86325478181243,60.300000011920929,68.543337285518646,3.9999999850988388,4.0210653394460678
1985,61.986400008201599,62.181440591812134,-149.87280000373721,-149.65551929175854,49.199998378753662,92.639118432998657,3.4999999701976776,3.7487288117408752
1584,62.239099979400635,62.411776900291443,-147.90229994058609,-148.05641555786133,34.699998795986176,93.565721064805984,3,3.3536873459815979
914,59.79419994354248,59.252317428588867,-152.96809995174408,-152.27153420448303,103.9000004529953,81.71367272734642,3,3.5144832730293274
380,61.905399978160858,62.038135766983032,-148.276899933815,-148.38703286647797,29.700003564357758,44.433057308197021,3.199999988079071,3.4217237234115601
1226,61.472099989652634,61.586878538131714,-149.96909999940544,-149.80699557065964,20.099997520446777,74.828103184700012,3.2999999821186066,3.7589978724718094
2011,60.396799981594086,60.028603971004486,-151.79550004005432,-151.33980175852776,71.199998259544373,49.084126949310303,3,3.110267847776413
84,62.847100019454956,62.848842978477478,-148.93960002064705,-148.92617636919022,4.3999999761581421,44.280551373958588,3.2999999821186066,3.4720185399055481
1994,62.963099956512451,62.937161684036255,-149.36519998311996,-149.55899257957935,86.699999868869781,29.195636510848999,3.9999999850988388,4.0628238469362259
672,61.174600005149841,60.310317039489746,-152.04490005970001,-152.14028441905975,108.13000053167343,60.303598642349243,3.2999999821186066,3.3363478481769562
774,61.547900021076202,61.007136314641684,-149.91590000130236,-148.60136282444,46.999998390674591,81.491056829690933,3.8999999910593033,4.0022294819355011
329,60.519300013780594,60.949045673012733,-147.93940007686615,-149.89628862217069,250,37.266723811626434,3.2999999821186066,3.1346127390861511
6,60.061100006103516,59.802027106285095,-151.37040004134178,-151.06825357675552,53.400002419948578,122.83277069218457,3,3.4242315888404846
1222,61.470400005578995,61.453472226858139,-149.91909999959171,-149.7830279096961,29.500000178813934,41.380688548088074,3.8999999910593033,4.0028848797082901
1599,61.674300014972687,61.827118575572968,-147.02089995145798,-147.49157291650772,27.400001883506775,50.701916217803955,3.0999999940395355,3.6640509366989136
909,61.240799993276596,61.206834346055984,-151.94779998064041,-151.6834305524826,100.89999996125698,37.384793162345886,3.4999999701976776,4.0829093456268311
468,59.732200026512146,59.208948850631714,-152.55699992179871,-151.32857313752174,84.100000560283661,121.73459585756063,3.5999999642372131,4.2625941708683968
181,60.417900025844574,60.046228766441345,-152.41490006446838,-151.61619937419891,94.000000506639481,61.685562133789062,3.3999999761581421,3.9231682419776917
164,62.919800043106079,62.921968102455139,-148.50830000638962,-148.664302110672,64.699999988079071,31.250730156898499,3.0999999940395355,3.519906610250473
1620,62.29229998588562,62.510666370391846,-148.47490006685257,-148.62506318092346,37.199996411800385,96.869854256510735,3.199999988079071,3.5561621189117432
451,62.247200012207031,62.475595951080322,-148.3863000869751,-148.52617478370667,23.500002920627594,94.44834478199482,4.3999999947845936,3.9021995812654495
1713,62.627300024032593,62.724749803543091,-148.90139999985695,-148.74569803476334,43.999999761581421,83.848807960748672,3.199999988079071,3.5488325357437134
490,59.797199964523315,59.321804165840149,-151.84439992904663,-151.50005650520325,61.399996280670166,112.37830296158791,3.2999999821186066,3.7043652534484863
1720,61.262600004673004,60.949009191244841,-151.97810000181198,-151.57103115320206,103.70000079274178,34.482933580875397,3.6999999582767487,4.2032714858651161
1763,62.841400027275085,62.890563011169434,-149.37190000712872,-149.59480395913124,72.200000286102295,39.087869226932526,3,3.4343075752258301
287,62.47759997844696,62.621888279914856,-148.23329991102219,-148.41216892004013,42.999997735023499,109.67924725264311,3.7999999970197678,4.232287310063839
1967,61.698499977588654,61.741466522216797,-147.26529997587204,-147.5842502117157,35.80000251531601,69.871585816144943,4.6000000052154064,4.3329121582210064
87,60.576200008392334,60.424785852432251,-151.48819997906685,-151.11117133498192,52.400000393390656,51.281169056892395,3.2999999821186066,3.3512762188911438
1652,60.083299994468689,60.195107936859131,-147.11630004644394,-147.62048023939133,8.9000016450881958,58.370508253574371,3.3999999761581421,3.8108348250389099
802,60.164499998092651,59.756317734718323,-152.40130001306534,-151.38147506117821,91.299999505281448,128.64134414121509,3.2999999821186066,3.9275448024272919
1050,60.496800005435944,60.407759070396423,-150.72599999606609,-150.43556597828865,50.200000405311584,80.006510019302368,3.0999999940395355,3.212818443775177
1084,62.996500015258789,62.957042455673218,-150.88769996166229,-150.61990401148796,116.99999962002039,77.252078801393509,3.2999999821186066,3.3202823102474213
1075,59.577700018882751,59.216557860374451,-151.65630000829697,-151.35991349816322,46.09999805688858,98.642896860837936,3.199999988079071,3.942602813243866
2134,62.631999969482422,62.878098607063293,-151.20969995856285,-150.95859405398369,88.799998164176941,95.59611976146698,3.199999988079071,3.1504577100276947
1073,61.399100005626678,61.369628667831421,-149.93470000103116,-149.71975457668304,40.399998426437378,31.316153705120087,4.0999999791383743,4.156432718038559
1131,61.503000020980835,61.529853045940399,-150.23729999363422,-149.7618008852005,45.500002801418304,36.833778023719788,4.5,4.3384225107729435
1483,61.407999992370605,61.848130702972412,-150.13109999522567,-149.53091914951801,40.10000079870224,56.337729096412659,3.199999988079071,3.9146843254566193
1292,61.456900000572205,61.466136783361435,-150.06580000184476,-149.84828253462911,20.000003278255463,54.295733571052551,3.199999988079071,3.480876088142395
2136,59.818099975585938,59.303017854690552,-152.27499997615814,-152.03689527511597,88.100001215934753,139.02429305016994,3.0999999940395355,3.1175448596477509
1964,61.543200016021729,61.311536818742752,-152.38279992341995,-151.72750264406204,0.6999969482421875,51.200732588768005,3.3999999761581421,3.7913665920495987
327,59.98580002784729,59.594398021697998,-151.4665000140667,-150.96737319231033,53.400002419948578,135.12606080621481,3.0999999940395355,3.4552733302116394
1368,61.469199985265732,61.434568047523499,-150.02380000054836,-149.90262644737959,49.900002777576447,69.774497300386429,3.199999988079071,3.5605818629264832
442,60.157999992370605,60.02295058965683,-151.3889000415802,-151.12466168403625,54.499998688697815,92.345863580703735,3,3.3817462921142578
834,61.245299994945526,61.062870897352695,-151.21430003643036,-150.99087470769882,70.799998939037323,70.517625659704208,3,3.2569094896316528
1220,61.350800007581711,61.367160737514496,-150.10500000044703,-149.9327522367239,39.300002157688141,46.87635600566864,3.4999999701976776,3.585522472858429
2097,60.149399995803833,59.442735195159912,-152.81719994544983,-151.78255820274353,115.19999988377094,91.003268957138062,3.199999988079071,3.3024201393127441
832,62.404600024223328,62.569803357124329,-149.51150000095367,-149.36099253594875,49.500003457069397,70.556189864873886,3.8999999910593033,4.2298899292945862
2164,61.488299995660782,61.415183871984482,-149.92529999837279,-149.92634694837034,41.500002145767212,76.894309371709824,3.2999999821186066,3.430372416973114
348,59.006700038909912,59.083178281784058,-151.16800001263618,-151.33460855484009,24.199999868869781,100.19961558282375,4.5,4.3617823049426079
2203,59.142400026321411,59.066828608512878,-150.90049999952316,-150.94031739234924,26.100002229213715,83.573378622531891,3.2999999821186066,3.117475301027298
177,60.329200029373169,60.073869824409485,-151.74470007419586,-151.37824353575706,72.276998311281204,76.05326920747757,3.199999988079071,3.5424803495407104
1001,61.585500001907349,61.780611276626587,-147.67920005321503,-148.31433963775635,40.799997746944427,20.651049911975861,3,3.2031569480895996
1310,61.337399989366531,61.356248527765274,-150.02149999933317,-149.6856844201684,36.600001156330109,36.962509155273438,3.7999999970197678,3.8186914622783661
990,61.205799996852875,61.177212744951248,-147.74290001392365,-148.03650945425034,11.600002646446228,52.353337407112122,3.3999999761581421,3.4948527216911316
86,59.495700001716614,59.182946443557739,-152.84619998931885,-151.53286331892014,93.800000846385956,109.73131284117699,4.1999999955296516,4.2932808101177216
1728,62.855100035667419,62.916246771812439,-149.5288999825716,-149.62515561282635,75.899999588727951,34.436330199241638,3.2999999821186066,3.4127261638641357
2154,59.670899987220764,59.248430728912354,-152.13419991731644,-151.47570133209229,68.799998611211777,124.45258512161672,3.5999999642372131,3.6346612572669983
1961,59.84879994392395,59.366964340209961,-152.48579996824265,-151.27453637123108,77.599998563528061,127.14679469354451,3.7999999970197678,4.3031363859772682
978,61.495799988508224,61.556951761245728,-149.89959999918938,-149.8506500646472,45.500002801418304,57.347305119037628,3.199999988079071,3.489391028881073
457,62.941400051116943,62.926658272743225,-150.57060000300407,-149.97644389327615,88.300000876188278,60.399822890758514,3.5999999642372131,3.9631344079971313
777,61.534799993038177,61.555457592010498,-149.90269999578595,-149.79144725203514,37.699997425079346,37.446983158588409,4.3999999947845936,3.9471212178468704
1463,61.409799993038177,61.988149583339691,-150.05790000222623,-149.13988137245178,42.000003159046173,101.10902227461338,3,3.5423840582370758
642,62.508499979972839,62.722987055778503,-151.19629999995232,-150.59043104946613,87.099999189376831,45.976966619491577,3.2999999821186066,3.9768109023571014
2111,61.832799971103668,61.916358470916748,-150.11879999935627,-150.13410372287035,41.599996387958527,84.131482988595963,3,3.1032021045684814
54,59.816400051116943,59.609688758850098,-151.3561999797821,-151.03915250301361,49.300000071525574,134.7223948687315,3.6999999582767487,4.2557852491736412
1640,60.050499975681305,59.810616254806519,-151.71549993753433,-151.33985888957977,53.599998354911804,122.5030820351094,3.4999999701976776,4.0420461148023605
1788,62.021999955177307,62.114953756332397,-150.87729996442795,-150.66004027426243,7.6000019907951355,58.089978992938995,3.0999999940395355,3.4214250147342682
1739,60.182799994945526,60.072888851165771,-151.68030005693436,-151.15077182650566,66.599998623132706,122.74742103181779,5.2000000029802322,5.2621883153915405
643,62.482300043106079,62.635961294174194,-148.25760000944138,-148.10101300477982,35.099998116493225,85.355717688798904,3.0999999940395355,3.2972440123558044
1288,61.48649999499321,61.563700199127197,-149.95250000059605,-149.8653016872704,29.700003564357758,66.602200269699097,3.2999999821186066,3.6692519187927246
1204,61.367599993944168,61.395032733678818,-150.08690000139177,-149.85319200530648,36.300003528594971,62.69487738609314,3,3.2010135054588318
677,62.062899947166443,62.159416317939758,-149.35239998996258,-149.23958364129066,38.599997758865356,63.929744064807892,3.2999999821186066,3.7663353234529495
221,61.54040002822876,61.622874200344086,-147.75530004501343,-148.0677695274353,7.6000019907951355,19.029073417186737,3.2999999821186066,3.5645872950553894
113,61,60.792342990636826,-151.62300002574921,-151.06524208188057,72.299998253583908,18.012844026088715,3.3999999761581421,3.8081045597791672
1555,62.207299947738647,62.350699901580811,-149.56780001521111,-149.44141267240047,54.999999701976776,82.15668797492981,3.3999999761581421,3.6658699214458466
987,61.379799991846085,61.490598559379578,-147.02980005741119,-147.40058577060699,14.70000296831131,44.056281447410583,3.199999988079071,3.6598201990127563
1451,61.405800014734268,61.838126540184021,-150.03850000072271,-149.27641609311104,41.500002145767212,65.990492701530457,3.5999999642372131,3.9089458286762238
1202,61.489100009202957,61.565159976482391,-149.94249999895692,-149.73719403147697,35.599999129772186,61.714909970760345,3,3.5811973214149475
174,61.5310999751091,61.595430254936218,-149.85399999842048,-149.54508425295353,45.19999772310257,57.270810008049011,3.0999999940395355,3.3607492446899414
1064,62.986999988555908,62.937975764274597,-151.06780001521111,-150.50087754428387,125.19999999494758,70.773672312498093,3.3999999761581421,3.4825800061225891
589,60.100899994373322,59.477330446243286,-152.93099999427795,-152.06929457187653,118.49999986588955,106.99877515435219,3.4999999701976776,4.1587715595960617
1766,59.760599970817566,59.367068648338318,-152.97809994220734,-151.66067504882812,109.20000076293945,133.27609468251467,3.9999999850988388,4.6021872013807297
1857,59.53659999370575,59.112658500671387,-152.31930005550385,-151.49530202150345,49.999997019767761,92.292636632919312,3.0999999940395355,3.7563756108283997
18,60.932700000703335,60.931631170213223,-150.46240000426769,-150.23822551220655,55.900000035762787,111.99918854981661,3.199999988079071,3.5544103682041168
423,61.374599993228912,61.359364479780197,-149.81800000369549,-149.64778659492731,28.800003230571747,54.359912872314453,3.5999999642372131,3.7312683463096619
1593,62.392500042915344,62.497374296188354,-149.25360001623631,-149.17922177910805,51.600001752376556,85.501354187726974,3.8999999910593033,3.8494588136672974
285,59.156499981880188,59.050095558166504,-152.19840002059937,-151.77224117517471,55.500000715255737,89.323814958333969,3.0999999940395355,3.2483095228672028
1882,61.865700006484985,61.941191375255585,-150.31320000439882,-149.94832761771977,21.700002253055573,72.624839842319489,3.199999988079071,3.5427720844745636
428,60.436900019645691,60.159416913986206,-152.04689991474152,-151.47132906317711,83.700001239776611,78.533820807933807,4.3999999947845936,4.1188996285200119
1797,60.778200000524521,60.48430323600769,-151.86900007724762,-151.45184603333473,80.299999564886093,28.335399925708771,3.0999999940395355,3.6732237339019775
1689,59.840800046920776,59.224767327308655,-152.90600001811981,-152.16101664304733,99.899999797344208,97.788447514176369,3,3.4914849400520325
669,62.467000007629395,62.529747605323792,-148.28290003538132,-148.29189866781235,44.100001454353333,134.71009489148855,4.3999999947845936,4.8467273712158203
31,60.039900004863739,59.349603533744812,-152.75849997997284,-151.61918824911118,95.000000670552254,123.5738773830235,3.199999988079071,3.9262696802616119
1916,61.456400007009506,61.345188319683075,-149.92369999922812,-149.49874319136143,40.10000079870224,33.568322658538818,3.9999999850988388,3.9620455205440521
722,62.285899996757507,62.389222979545593,-148.54499995708466,-148.67344871163368,9.4999969005584717,68.890653550624847,3.199999988079071,3.404628574848175
951,61.233799993991852,61.182915151119232,-150.7674999833107,-150.79642698168755,54.399996995925903,52.422478795051575,3,3.2488240599632263
1586,61.975000023841858,62.122473955154419,-150.42129997909069,-150.21013507246971,54.799996316432953,69.221772253513336,3,3.401288777589798
1351,61.47299998998642,61.540011465549469,-149.96929999999702,-149.74995600432158,35.199999809265137,61.454445123672485,3.199999988079071,3.70269575715065
214,61.952899992465973,61.985616683959961,-147.74290001392365,-148.00463318824768,15.299998223781586,43.471813201904297,3.2999999821186066,3.5518777370452881
1874,60.298500001430511,60.177009761333466,-150.93359997868538,-150.56486999988556,65.799999982118607,51.434166729450226,3,3.3598746657371521
326,62.894400000572205,62.933409094810486,-150.67890000343323,-150.25948528200388,107.79999941587448,40.334135293960571,3.2999999821186066,3.8702166527509689
560,60.316299974918365,59.792145967483521,-152.36029994487762,-151.32407811284065,115.29999971389771,141.10660739243031,5.1000000089406967,5.1293197721242905
1406,61.508599996566772,61.208806425333023,-149.94290000014007,-150.30042491108179,39.599999785423279,43.865032494068146,3.2999999821186066,3.5493707656860352
341,60.146200001239777,59.876290678977966,-151.64099997282028,-151.15508124232292,68.100001662969589,101.57518833875656,3.199999988079071,3.4278855621814728
147,59.389600038528442,59.036601781845093,-152.65070003271103,-151.75005304813385,69.299999624490738,89.153274893760681,3,3.0803602337837219
1414,61.38400000333786,61.405270427465439,-150.07949999906123,-149.57825101912022,37.699997425079346,72.207700461149216,5.3000000417232513,5.226949542760849
1657,59.401600003242493,59.041174411773682,-152.48940002918243,-151.60331672430038,64.100001007318497,78.129712492227554,3,3.2255938053131104
966,61.33390000462532,61.343251287937164,-149.98080000048503,-149.87407213076949,46.599999070167542,41.96532815694809,4.0999999791383743,3.9043331891298294
155,62.848899960517883,62.800007581710815,-150.52080000936985,-150.19720438867807,93.499999493360519,43.499588966369629,3.199999988079071,3.8097593933343887
1268,61.443899989128113,61.281567424535751,-150.12360000237823,-150.01346066454425,38.699999451637268,79.090282320976257,3.0999999940395355,3.1104356646537781
1228,61.452899992465973,61.450488477945328,-149.97109999973327,-149.91079564578831,39.499998092651367,57.438328862190247,3.3999999761581421,3.5622789859771729
1792,61.075499996542931,62.122692584991455,-147.5181999206543,-149.10378527641296,77.799998223781586,97.339669242501259,3.3999999761581421,3.1274159252643585
1418,61.392300009727478,61.25011220574379,-150.02359999995679,-149.65638591349125,32.31000155210495,57.451888918876648,3.4999999701976776,3.9460655450820923
1667,59.873200058937073,59.199389457702637,-152.83310008049011,-151.54080051183701,91.80000051856041,114.81537390500307,3.199999988079071,3.9807418137788773
1421,61.353199988603592,61.339635103940964,-150.02489999961108,-149.71645025163889,34.999996423721313,52.56352573633194,3.5999999642372131,3.9280625134706497
2076,61.579599976539612,61.646499395370483,-147.90210002660751,-148.13994240760803,14.30000364780426,18.648058176040649,3,3.4567586481571198
1245,61.322699993848801,61.279065638780594,-150.05339999869466,-149.76182366162539,41.79999977350235,46.881049871444702,4.5,4.5015529537922703
2069,62.409000039100647,62.581122756004333,-148.50700002908707,-148.59863224625587,43.300002813339233,90.358193963766098,3.3999999761581421,3.701567530632019
1386,61.357600003480911,61.287719517946243,-150.03579999972135,-149.80172368884087,34.900002181529999,41.604653000831604,3.4999999701976776,3.8114660382270813
1530,61.424100011587143,61.451442837715149,-150.80750003457069,-150.47157740592957,57.599999010562897,52.342772483825684,3.2999999821186066,3.7518405765295029
1928,59.76830005645752,59.182691812515259,-152.58080005645752,-151.30903655290604,82.600001245737076,109.26548019051552,3.4999999701976776,4.0181960016489029
938,60.20880001783371,59.39009952545166,-152.68180006742477,-152.00363212823868,108.69999974966049,116.69168807566166,3,3.5113558173179626
2101,61.89410001039505,62.005767226219177,-149.42480000853539,-149.41743184626102,37.600003182888031,98.239056766033173,3.4999999701976776,3.5632678270339966
346,61.484899997711182,61.429979383945465,-149.44930002093315,-149.31069861352444,44.900000095367432,26.118136942386627,3.7999999970197678,3.998797595500946
1650,61.602800011634827,61.590668559074402,-150.72920000553131,-150.45301902294159,66.899999976158142,56.891873478889465,3.4999999701976776,3.6797433793544769
2184,60.230700016021729,59.482863664627075,-152.81040000915527,-151.9857097864151,120.80000014975667,94.953522086143494,3.199999988079071,3.153767466545105
385,61.482100009918213,61.398632258176804,-151.22049996256828,-150.90917426347733,14.399997889995575,101.71118937432766,3.7999999970197678,4.211421512067318
1210,61.446099996566772,61.446398168802261,-150.0840000025928,-149.95124763250351,26.500001549720764,46.958506107330322,3.6999999582767487,3.7861440628767014
1248,61.466199994087219,61.450956106185913,-149.93970000185072,-149.80882354080677,39.099998772144318,40.546119213104248,3.0999999940395355,3.5868401527404785
243,59.452800035476685,61.033140458166599,-152.79570007324219,-150.85026258230209,86.399998515844345,50.08484423160553,3.0999999940395355,3.5112771391868591
1428,61.480399996042252,61.680977761745453,-149.95469999872148,-149.98317530471832,42.300000786781311,56.308940052986145,3.0999999940395355,3.5808518528938293
936,59.718299984931946,59.236283659934998,-152.29390007257462,-151.55703181028366,66.700000315904617,113.83183114230633,3.3999999761581421,3.9921374469995499
1756,61.572200000286102,61.700490593910217,-149.96249999944121,-149.70231894403696,44.200003147125244,89.97374027967453,3.199999988079071,3.622932493686676
312,60.741100013256073,60.742579847574234,-150.59690000116825,-150.5589065104723,54.899998009204865,104.50296103954315,3.0999999940395355,3.4263791441917419
2153,59.756999969482422,59.187355518341064,-152.75859993696213,-151.88842356204987,83.500001579523087,105.66478967666626,3.199999988079071,3.2102641761302948
968,60.613999992609024,60.519818931818008,-150.36840000003576,-150.14931574836373,35.40000319480896,102.55305282771587,3,3.1553398668766022
660,62.279600024223328,62.39408802986145,-149.85040000453591,-149.56978923082352,52.199997007846832,65.936408936977386,3.3999999761581421,3.9755269289016724
1772,59.578500032424927,59.254801273345947,-152.65459996461868,-151.11897683143616,78.000001609325409,119.24248421564698,5.5000000298023224,5.0920192748308182
370,61.64139997959137,61.923002243041992,-151.86339998245239,-151.51123130321503,107.79999941587448,81.717945635318756,3.3999999761581421,3.6654937863349915
566,61.746299982070923,61.94068169593811,-149.83450000360608,-149.56089296936989,52.599996328353882,80.27523010969162,3.0999999940395355,3.5717409253120422
1512,61.683499991893768,61.694370865821838,-150.75490003824234,-150.60204921662807,72.00000062584877,54.316528141498566,3,3.4743652939796448
824,61.488599985837936,61.571657478809357,-149.90469999611378,-149.83358133584261,47.600001096725464,36.996945738792419,3.3999999761581421,3.67341148853302
982,60.076200008392334,59.500381231307983,-152.63089996576309,-151.58082246780396,92.099998146295547,133.85173212736845,3.2999999821186066,4.0530547499656677
1125,61.41100001335144,61.389086335897446,-149.96980000007898,-149.72489406913519,45.999996364116669,43.10820996761322,3.3999999761581421,3.7104014754295349
813,62.300899982452393,62.380412817001343,-150.45409999787807,-150.13580740615726,14.70000296831131,55.999912321567535,3.0999999940395355,3.2375718355178833
778,61.534799993038177,61.529426991939545,-149.90190000459552,-149.81486269086599,38.300000131130219,39.942219853401184,3.8999999910593033,3.9034338444471359
1052,61.552500009536743,61.636453092098236,-149.70939999818802,-149.68486022204161,38.300000131130219,79.192686825990677,3.0999999940395355,3.4508294463157654
1393,61.404100000858307,61.357202440500259,-150.07270000129938,-150.00349098269362,39.599999785423279,46.771928668022156,3.199999988079071,3.5374951064586639
1013,59.261899948120117,59.060849785804749,-152.04889994859695,-151.44805231690407,56.000001728534698,69.609630852937698,3,3.7458304166793823
1309,61.472499996423721,61.554704248905182,-149.94109999760985,-149.83493446558714,35.599999129772186,61.491988599300385,3.0999999940395355,3.6611518263816833
1626,62.961699962615967,62.956142902374268,-150.85550004243851,-150.23867022246122,108.79999957978725,24.628832936286926,3.0999999940395355,3.4726206064224243
126,60.916400000452995,60.900471553206444,-152.72140002250671,-151.1119119822979,153.10000069439411,33.635392785072327,3.9999999850988388,3.9217661172151566
887,61.507099986076355,61.711866736412048,-149.85640000551939,-149.71923172473907,45.800000429153442,48.727869987487793,3.199999988079071,3.5398644804954529
1007,60.71450001001358,60.667413115501404,-149.60569998621941,-149.82879184931517,33.399999141693115,114.63171988725662,3.199999988079071,3.4265246093273163
355,61.65310001373291,61.70244437456131,-150.54700000584126,-150.2063133046031,4.9000009894371033,81.959132105112076,3.2999999821186066,3.2933346033096313
1785,60.275799989700317,59.788117527961731,-152.57679998874664,-151.63322639465332,109.30000059306622,100.01824796199799,3.2999999821186066,3.8256212174892426
682,60.368300020694733,60.139300584793091,-151.60140001773834,-151.19403532147408,60.300000011920929,95.037275925278664,3.4999999701976776,3.3914769887924194
1826,61.76419997215271,61.815971434116364,-150.70239999890327,-150.47909411787987,63.400000333786011,72.806701064109802,3.199999988079071,3.5192774534225464
1501,61.431499987840652,61.721439719200134,-150.00629999977536,-148.57371801137924,41.100002825260162,64.566560089588165,3.9999999850988388,3.6345425248146057
984,62.000900030136108,62.167145013809204,-150.41149999201298,-150.27233889698982,59.799998998641968,70.774838328361511,3.0999999940395355,3.5973381400108337
1717,60.150799989700317,59.675096273422241,-152.44400006532669,-151.32499113678932,93.299999833106995,127.50799441710114,3.6999999582767487,4.0942210704088211
140,59.979200005531311,59.515054225921631,-152.16140002012253,-151.31728067994118,87.600000202655792,137.79693562537432,3.3999999761581421,3.886505126953125
1712,62.196200013160706,62.422440528869629,-151.03910002112389,-150.5644059330225,67.200001329183578,47.739632427692413,3.199999988079071,3.621110200881958
2056,62.345000028610229,62.488016843795776,-148.92329996824265,-148.95759397745132,46.800002455711365,86.642630398273468,3.6999999582767487,3.9615611135959625
1740,60.576200008392334,60.32354611158371,-151.77689999341965,-151.22089380025864,76.200000941753387,26.533447206020355,3.3999999761581421,3.63864666223526
1872,60.802799999713898,60.912332825362682,-147.14259999990463,-147.63325309753418,17.899997532367706,68.038355559110641,3.5999999642372131,3.7241775691509247
1302,61.341699987649918,61.281361728906631,-149.99569999985397,-149.67673044651747,44.500000774860382,37.908501923084259,4.5,4.5318926917389035
1112,59.451599955558777,59.353675484657288,-147.02669996023178,-148.55679899454117,12.900002300739288,61.895318329334259,3.2999999821186066,3.3182161152362823
1703,62.778800010681152,62.806110620498657,-150.66759999096394,-150.04813963919878,94.39999982714653,44.89908367395401,3,3.5060047209262848
711,62.27839994430542,62.343762159347534,-150.96930000185966,-150.64259335398674,72.500001639127731,44.366031885147095,3.2999999821186066,3.9912596493959427
1701,61.150999993085861,61.13468199968338,-148.42399996519089,-148.52525013685226,20.300000905990601,104.76989857852459,3.199999988079071,3.4515932500362396
2000,62.817700028419495,62.952582359313965,-150.98079997301102,-150.62192071974277,95.599999651312828,59.417352080345154,3,3.5523007214069366
10,60.609200000762939,60.492788434028625,-151.83569991588593,-151.29066351056099,75.899999588727951,36.700531840324402,3.5999999642372131,3.8515016287565231
1333,61.456699997186661,61.347085475921631,-149.9579999987036,-149.93895526975393,47.200001776218414,52.672311663627625,3,3.5860562324523926
2172,61.633400022983551,61.864453434944153,-151.59399998188019,-151.3662725687027,93.400001525878906,60.260780155658722,3.3999999761581421,3.4410184621810913
754,61.984000027179718,62.266727685928345,-151.88530004024506,-151.11144116520882,97.899999469518661,80.462310463190079,3.9999999850988388,3.9540198147296906
626,62.721500039100647,62.830168008804321,-149.02349996566772,-149.14391228556633,60.999996960163116,40.090948343276978,3.199999988079071,3.4642435312271118
1323,61.504299998283386,61.730810761451721,-149.96279999893159,-149.80247240513563,37.600003182888031,52.889585494995117,3.8999999910593033,3.8136251270771027
129,61.629499971866608,62.032353639602661,-151.97399997711182,-151.13739305734634,92.799998819828033,95.374505966901779,3,3.1737114787101746
843,62.315299987792969,62.149422407150269,-149.09139999747276,-149.19977197051048,50.399996340274811,92.053685337305069,3.2999999821186066,3.1955568194389343
323,62.347900032997131,62.48126482963562,-149.11889997124672,-149.05557525157928,0.10000169277191162,76.941035687923431,3,3.0963422656059265
1738,61.902899980545044,62.041950225830078,-150.79179999232292,-150.58054751157761,57.199999690055847,74.265420436859131,3.199999988079071,3.6248483061790466
14,59.578500032424927,59.190139651298523,-152.43580001592636,-151.45542991161346,73.100000619888306,101.90352611243725,3.5999999642372131,3.9822445213794708
2093,61.281399995088577,61.166053414344788,-147.2140000462532,-147.67675817012787,18.799997866153717,40.903776884078979,3.0999999940395355,3.3158281445503235
215,60.096599996089935,59.322269797325134,-152.82799994945526,-151.8576078414917,108.79999957978725,111.88572458922863,3.0999999940395355,3.8971457630395889
1270,61.460999995470047,61.480883687734604,-149.95199999772012,-149.78631408512592,41.599996387958527,52.272677421569824,3.4999999701976776,3.9961652755737305
2066,62.417999982833862,62.654601454734802,-150.983000010252,-150.59936767816544,68.700000643730164,58.139964938163757,3.199999988079071,3.4592070579528809
1259,61.478500008583069,61.483372390270233,-149.92569999955595,-149.79829859733582,44.79999840259552,58.401547372341156,3.4999999701976776,3.7961115092039108
864,60.96339999884367,60.874021992087364,-150.80849996209145,-150.83297646045685,47.600001096725464,63.221096992492676,3.0999999940395355,3.4603219628334045
516,61.323399990797043,61.479707092046738,-147.02600008249283,-147.58066159486771,15.199996531009674,39.46397453546524,3.199999988079071,3.6183668375015259
597,62.128700017929077,62.243071794509888,-149.67410000413656,-149.44414338469505,37.10000216960907,78.033141791820526,3.3999999761581421,3.7859247475862503
195,60.092999994754791,59.301983594894409,-152.85610002279282,-152.21454817056656,108.50000008940697,101.84206627309322,3,3.2669205665588379
288,61.506399989128113,61.634934663772583,-149.84560000151396,-149.52699346840382,42.800001800060272,83.614569157361984,3.0999999940395355,3.5992319583892822
950,61.486000001430511,61.455932140350342,-150.61519999802113,-150.43068185448647,57.40000307559967,73.947738856077194,3.4999999701976776,3.8676956444978714
1402,61.402200013399124,61.665834069252014,-150.01900000032037,-149.6704484000802,38.099996745586395,61.128146946430206,3,3.7343068420886993
1637,59.470100045204163,59.226215362548828,-151.32240003347397,-151.19388887286186,45.400001108646393,117.00213048607111,3.8999999910593033,3.9259053468704224
1120,61.375900000333786,61.367900967597961,-150.0246000001207,-149.79915089160204,42.999997735023499,40.680140256881714,3.7999999970197678,3.8976758569478989
549,61.981800019741058,62.239169239997864,-152.16720002889633,-151.5851047039032,126.20000005699694,96.53894416987896,3.3999999761581421,3.8600591272115707
156,61.881399989128113,61.935245156288147,-149.22819998860359,-149.02266553044319,3.2000020146369934,57.968370616436005,3.2999999821186066,3.3482362031936646
419,61.666299998760223,61.784686803817749,-149.91039999760687,-149.67292318493128,19.199997186660767,88.273786008358002,3.4999999701976776,3.7525691092014313
922,60.440599977970123,60.00381064414978,-152.02590000629425,-151.37765908241272,81.599999219179153,51.314383745193481,3.2999999821186066,3.4278497099876404
477,60.397499978542328,60.13713276386261,-149.01170003414154,-149.30515238642693,30.100002884864807,43.370261788368225,4.2999999895691872,4.29241693764925
2071,61.521700024604797,61.522254645824432,-149.84650000557303,-149.74040582031012,55.699996650218964,42.653992772102356,3.8999999910593033,3.6404219269752502
553,61.926800012588501,62.381425380706787,-152.09969991445541,-151.69809901714325,121.19999993592501,112.18818370252848,3,3.584622859954834
390,60.921899996697903,60.842900320887566,-150.8774000108242,-150.60568991303444,15.000000596046448,101.87907889485359,3.3999999761581421,3.4180367588996887
578,60.314499974250793,60.193133533000946,-151.77149999141693,-151.33058953285217,61.300002038478851,60.61563640832901,3.3999999761581421,3.5088112056255341
2033,62.853000044822693,62.872384190559387,-148.9685999751091,-149.26010790467262,63.499998301267624,41.988477110862732,4.2999999895691872,3.9590244591236115
1364,61.460200011730194,61.530083537101746,-150.00020000000222,-149.78493645787239,45.699998736381531,44.376067817211151,3.2999999821186066,3.6644981503486633
2016,59.232300043106079,59.026506304740906,-152.59299999475479,-151.50809597969055,71.600001305341721,66.28621369600296,3.199999988079071,3.0621707439422607
820,59.727300047874451,59.236717104911804,-152.42620003223419,-151.57407420873642,87.999999523162842,113.73361945152283,3.199999988079071,3.9850056767463684
2113,60.44379997253418,60.02250611782074,-152.18830007314682,-151.61934649944305,86.800001561641693,67.957419902086258,3.199999988079071,3.3616764843463898
1006,61.454699993133545,61.458757042884827,-149.93540000170469,-149.9517062176019,41.4000004529953,67.858260124921799,3.199999988079071,3.6019409894943237
1247,61.319799989461899,61.279508680105209,-150.04949999973178,-149.82734544575214,34.900002181529999,63.100289553403854,3.3999999761581421,3.6498860120773315
664,60.142400026321411,59.431525111198425,-152.9821999669075,-152.45165544748306,119.7999999858439,70.901062339544296,3.0999999940395355,3.520481139421463
1789,60.100499987602234,59.461106538772583,-152.79919999837875,-151.83030438423157,108.59999991953373,126.79129687603563,3.3999999761581421,3.7551556974649429
142,60.329200029373169,59.573834538459778,-152.6431000828743,-151.48812711238861,105.90000078082085,99.766585975885391,3,3.4351964592933655
1804,60.929099999368191,60.999533459544182,-147.00950002670288,-147.44164860248566,8.1999972462654114,44.274471700191498,3,3.3745892643928528
1403,61.406100004911423,61.348786145448685,-150.10809999704361,-149.93073380179703,39.999999105930328,37.755668163299561,3.5999999642372131,3.5972701907157898
421,61.379700005054474,61.420315563678741,-149.8146000020206,-149.66799683868885,31.099997460842133,59.275537729263306,3,3.3296495676040649
799,61.420199990272522,61.460681170225143,-149.93289999850094,-149.73071426153183,38.900002837181091,49.541875720024109,3,3.4747839868068695
615,59.35860002040863,59.122073769569397,-152.39330005645752,-151.54536116123199,71.100000292062759,110.37908121943474,3.7999999970197678,4.1874860823154449
295,59.740599989891052,59.274770736694336,-152.15779995918274,-151.43994382023811,62.800001353025436,102.44279913604259,3.3999999761581421,4.1476397886872292
401,61.697399973869324,61.845963537693024,-150.94200003147125,-150.71830666065216,65.600000321865082,82.377921789884567,3.4999999701976776,3.8134226202964783
88,62.156599998474121,62.310697555541992,-150.69770000874996,-150.4149474799633,10.999999940395355,58.698892593383789,3.4999999701976776,3.910448893904686
1578,60.375,60.206315159797668,-150.28369999676943,-150.11133423820138,43.200001120567322,87.335504591464996,3,3.3860185146331787
2171,59.643900036811829,59.209234476089478,-151.87339997291565,-151.41966596245766,57.300001382827759,116.50068406015635,3,3.1207594871520996
131,62.434200048446655,62.593676447868347,-151.11759996414185,-150.6855623871088,13.199999928474426,65.163068473339081,3,3.3145419359207153
1699,60.276099979877472,60.103639125823975,-150.96889999508858,-150.31466963142157,62.800001353025436,54.04248833656311,3.7999999970197678,4.1118187308311462
1271,61.45770001411438,61.609102189540863,-150.05390000157058,-149.835175819695,21.700002253055573,72.322018444538116,3.199999988079071,3.5051067173480988
1596,60.017099976539612,59.256945967674255,-152.86419993638992,-151.59246987104416,103.9000004529953,123.21039964444935,3.4999999701976776,3.8944636434316635
1783,59.936900019645691,59.255767107009888,-152.81309992074966,-151.74620676040649,104.00000028312206,104.8415768891573,3.199999988079071,3.6350725293159485
724,60.174499988555908,60.050236463546753,-151.20129999518394,-151.18830817937851,56.199997663497925,103.9081234484911,3.8999999910593033,3.950755700469017
1473,61.406199991703033,61.409340500831604,-150.06250000186265,-149.76254633814096,32.200001180171967,72.986483573913574,3.2999999821186066,3.8910169154405594
269,62.885900020599365,62.816848635673523,-150.54289998114109,-150.07384506985545,90.900000184774399,46.71691358089447,3.6999999582767487,4.2388873770833015
1616,59.701200008392334,59.174680471420288,-152.94370007514954,-151.80456018447876,91.40000119805336,92.947438359260559,3,3.6849619746208191
917,61.801199972629547,61.948751091957092,-150.30999999493361,-150.14848368242383,48.900000751018524,80.023936927318573,3.2999999821186066,3.5941302180290222
1748,60.321600019931793,59.549945116043091,-151.93249994516373,-152.81702953577042,193.9999982714653,102.45245322585106,3.0999999940395355,3.7334717810153961
1565,62.32260000705719,62.434263229370117,-151.19420000910759,-150.8058198094368,84.100000560283661,51.849111914634705,3.4999999701976776,4.0544608533382416
1221,61.468699991703033,61.430096983909607,-149.91230000182986,-149.73933937400579,35.80000251531601,45.137330889701843,3.6999999582767487,3.8911183029413223
375,61.368999987840652,61.359288156032562,-150.1744000017643,-149.91733267530799,46.999998390674591,77.287375926971436,3.3999999761581421,3.5519035756587982
333,62.337000012397766,62.522341012954712,-148.92090001702309,-148.94207382202148,4.9000009894371033,96.32965549826622,3,3.3386256694793701
1374,61.379900008440018,61.356411904096603,-149.99790000007488,-149.70694135129452,40.200002491474152,47.596275806427002,3.0999999940395355,3.357680082321167
2072,61.619199991226196,61.612864971160889,-150.87979996204376,-150.74667817354202,63.999999314546585,58.160871267318726,3.6999999582767487,3.8167352378368378
1118,61.337300002574921,61.382092595100403,-149.97750000050291,-149.79114255309105,41.599996387958527,74.942983686923981,3,3.2152656018733978
910,62.952399969100952,62.928965091705322,-148.1042999625206,-148.27701312303543,58.20000171661377,52.390605211257935,3.0999999940395355,3.7268038988113403
776,61.516600012779236,61.544866383075714,-149.91750000044703,-149.68580002337694,43.700002133846283,39.109975099563599,4.3999999947845936,4.7351002246141434
1335,61.358599990606308,61.38888943195343,-149.98260000022128,-149.83832904696465,37.699997425079346,36.694280803203583,3.4999999701976776,3.7296279072761536
328,60.307399988174438,59.432212471961975,-152.95490008592606,-152.14012634754181,138.60000018030405,75.385414063930511,3.3999999761581421,3.8066775351762772
1820,60.02240002155304,59.450374245643616,-152.74130004644394,-151.4580172598362,92.799998819828033,135.29677782207727,3.9999999850988388,4.4743169602006674
12,60.057299971580505,59.404792308807373,-152.94470000267029,-152.38764631748199,113.4000001475215,88.853150606155396,3,3.8223731517791748
897,59.417600035667419,59.04815685749054,-152.87779998779297,-151.55716001987457,76.499998569488525,96.962615847587585,3.0999999940395355,3.6381796002388
171,60.619899988174438,60.478809356689453,-151.19569998979568,-150.75298172235489,50.700001418590546,47.55864292383194,3,3.251508504152298
260,60.431999981403351,60.1201131939888,-151.89929991960526,-151.29679915308952,73.899999260902405,65.133169293403625,3.0999999940395355,3.3169790804386139
1435,61.375099986791611,61.307340562343597,-149.98959999997169,-149.65463677793741,39.599999785423279,53.817316889762878,3,3.5608711838722229
1680,59.513499975204468,59.112665772438049,-152.71979999542236,-151.55474138259888,78.600000590085983,93.95880252122879,3,3.6934899687767029
901,60.743099987506866,60.710536301136017,-147.15349996089935,-147.54995763301849,16.999997198581696,71.136023849248886,3.199999988079071,3.4588125944137573
258,61.201299995183945,61.186719208955765,-147.40379995107651,-147.84596157073975,8.1999972462654114,44.719129800796509,3.199999988079071,3.1436958611011505
844,59.956799983978271,59.322690010070801,-152.89840006828308,-151.63975346088409,107.59999975562096,143.75229179859161,3.8999999910593033,4.6545542366802692
138,59.89110004901886,59.286972999572754,-152.9297000169754,-151.83003777265549,91.899998486042023,112.32545133680105,3.3999999761581421,4.193446084856987
319,61.588900029659271,61.705996334552765,-148.94830003380775,-149.0446512401104,26.799999177455902,51.364675164222717,3.4999999701976776,3.7520474642515182
1856,62.92929995059967,62.959055423736572,-151.33209997415543,-150.64037592709064,110.7999999076128,90.529859066009521,3.199999988079071,3.5989583730697632
1460,61.53659999370575,62.180753231048584,-149.91079999879003,-149.19030377268791,51.399998366832733,84.422741085290909,3,3.4303030371665955
1394,61.375299990177155,61.644953012466431,-150.0702999997884,-150.10190653055906,41.599996387958527,68.266171962022781,3.2999999821186066,3.7864076793193817
558,59.476899981498718,59.072757005691528,-152.43059992790222,-151.35534542798996,88.100001215934753,80.607686191797256,3.199999988079071,3.5789650082588196
139,62.854400038719177,62.930304765701294,-150.50800001621246,-149.94826393201947,101.60000063478947,25.467433035373688,3.8999999910593033,4.2525018006563187
112,61.389299988746643,61.391492009162903,-150.09530000388622,-149.71350172162056,19.199997186660767,46.958059072494507,3,3.2513814568519592
531,59.990900039672852,59.55699634552002,-152.46320003271103,-151.36123475432396,100.09999945759773,130.9930463321507,3.6999999582767487,4.3043835461139679
224,59.334499955177307,59.249927401542664,-152.95809996128082,-152.39832884073257,80.60000091791153,96.923723816871643,4.0999999791383743,4.3881480842828751
723,59.548799991607666,59.195658445358276,-152.96660006046295,-152.18555867671967,94.900000840425491,99.041420966386795,3.6999999582767487,4.1615836545825005
2045,61.717499971389771,61.888068616390228,-152.08520007133484,-151.69010853767395,117.10000038146973,75.36957785487175,3.3999999761581421,3.5665968954563141
1744,61.349599987268448,61.373731940984726,-151.68530005216599,-151.42969903349876,77.599998563528061,36.052919924259186,3,3.4688926935195923
325,59.545300006866455,59.158418416976929,-152.08560007810593,-151.33146589994431,56.10000342130661,110.5390852317214,3.6999999582767487,4.2658858224749565
1949,62.49619996547699,62.549982786178589,-148.33959996700287,-148.53554821014404,16.800001263618469,105.049017816782,3.0999999940395355,3.1615742146968842
1285,61.392199993133545,61.393403053283691,-150.09090000204742,-149.89191017299891,20.000003278255463,58.998718857765198,3.199999988079071,3.193772166967392
714,61.319999992847443,61.218962341547012,-150.03359999880195,-149.69580084085464,39.999999105930328,75.117472559213638,3.4999999701976776,3.5415315628051758
846,59.947199940681458,59.712168574333191,-148.4410999417305,-149.56011494994164,8.1000030040740967,103.61335799098015,3.0999999940395355,3.1108140349388123
193,62.156700015068054,62.583866000175476,-152.59359991550446,-152.01551699638367,1.0000020265579224,78.688766807317734,3.8999999910593033,4.2600181549787521
573,61.927500009536743,62.265928745269775,-152.09650003910065,-151.49836054444313,110.39999965578318,103.02637703716755,3,3.6886290907859802
946,61.410800009965897,61.417952597141266,-150.4387000054121,-150.18030252680182,61.999998986721039,67.300669848918915,4.0999999791383743,4.2781978771090508
503,60.924800001084805,61.034931592643261,-152.8154000043869,-152.77158880233765,131.30000000819564,32.712504267692566,3.0999999940395355,3.5355058908462524
1389,61.420800000429153,61.458354920148849,-149.91509999893606,-149.798843331635,46.400003135204315,54.194577038288116,3,3.4086724519729614
1379,61.480399996042252,61.556962132453918,-149.91349999979138,-149.59348610043526,30.000001192092896,61.518564820289612,3.4999999701976776,4.2419259622693062
645,60.048200011253357,59.264101386070251,-152.97130000591278,-152.22912275791168,111.70000024139881,93.464046716690063,3,3.8351569175720215
3,60.204999983310699,60.008871018886566,-151.73360002040863,-151.26586148142815,63.999999314546585,93.006782233715057,3.9999999850988388,4.0356170386075974
1361,61.371800005435944,61.383539795875549,-150.04319999925792,-149.8502294048667,34.400001168251038,45.806273818016052,3,3.468908965587616
467,61.704599976539612,61.970376253128052,-151.00119996070862,-150.53336799144745,53.900003433227539,93.767665326595306,3.5999999642372131,3.8854652345180511
5,60.657400012016296,60.605348885059357,-151.20469996333122,-151.01060628890991,63.700001686811447,39.251886308193207,3.3999999761581421,3.5896537899971008
1901,60.425000011920929,59.076403737068176,-152.15199995040894,-150.83280649781227,78.499998897314072,109.49484724551439,3.8999999910593033,4.8844127655029297
547,62.514899969100952,62.688654184341431,-151.54820001125336,-151.02370056509972,97.100000828504562,114.2976600676775,4.0999999791383743,4.7225528284907341
228,60.171500027179718,59.885112881660461,-152.00300002098083,-151.37030830979347,68.399999290704727,106.7026648670435,3.4999999701976776,4.1543876677751541
1063,61.466399997472763,61.526859998703003,-149.63819999992847,-149.49837528169155,46.899996697902679,70.85501030087471,3.5999999642372131,3.8837318122386932
542,60.901799999177456,60.947002734988928,-147.63230001926422,-147.91630357503891,28.700001537799835,65.401230007410049,3,3.4236363172531128
242,59.640499949455261,59.113185167312622,-152.79290002584457,-151.72015428543091,99.99999962747097,93.461040407419205,3.2999999821186066,3.5790030956268311
898,60.005999982357025,59.324585437774658,-152.84999996423721,-151.5249799489975,112.30000015348196,133.88519454747438,3.9999999850988388,4.5597816221415997
1343,61.302899986505508,61.264294266700745,-149.93749999813735,-149.68163587152958,45.000001788139343,52.48744785785675,3.8999999910593033,4.1361653879284859
1160,61.442999988794327,61.481792956590652,-149.85389999672771,-149.82705466076732,43.600000441074371,62.867876142263412,3.4999999701976776,3.7172504961490631
2082,61.010800000280142,60.833553686738014,-151.38299998641014,-151.07045611739159,82.299999892711639,37.302926182746887,3.3999999761581421,3.7232275307178497
1290,61.359699994325638,61.372813642024994,-150.0846999976784,-149.8425978384912,27.500003576278687,50.542786717414856,3.0999999940395355,3.4993100166320801
842,60.789599999785423,60.696913063526154,-151.44800001382828,-150.85762122273445,69.40000131726265,43.753534555435181,3.8999999910593033,4.2433948963880539
1690,60.004599988460541,59.335431218147278,-152.95139998197556,-151.80480945110321,112.30000015348196,113.27644530683756,3.0999999940395355,3.8724339455366135
2054,61.32490000128746,61.299987226724625,-150.63289998471737,-150.42333090305328,53.599998354911804,58.468043804168701,3.6999999582767487,3.7911043614149094
276,61.441700011491776,61.488895952701569,-149.47649998962879,-149.24784833192825,40.50000011920929,24.375103414058685,3.5999999642372131,3.698234349489212
661,62.466899991035461,62.592389464378357,-148.24300003051758,-148.26685738563538,42.000003159046173,117.43771471083164,3.9999999850988388,4.3026185184717178
1430,61.38510000705719,61.379985392093658,-150.05230000242591,-149.971903340891,38.999997079372406,82.159437239170074,3,3.1165272295475006
314,61.996900022029877,62.097015619277954,-150.73139999806881,-150.54494351148605,5.9999972581863403,76.398313045501709,3.0999999940395355,3.5709831118583679
691,62.069499969482422,62.144161224365234,-148.40840005874634,-148.48157966136932,0,63.15314769744873,3,3.3290187120437622
1790,61.722500026226044,61.881209492683411,-148.20260006189346,-148.47222322225571,8.6999982595443726,26.905834674835205,3,3.2463746666908264
424,59.658599972724915,59.277466177940369,-152.67129993438721,-151.75022041797638,82.299999892711639,117.55346739664674,3.5999999642372131,4.0735432505607605
594,59.778300046920776,59.269988656044006,-152.99620002508163,-152.15403842926025,100.09999945759773,90.742077678442001,3.2999999821186066,3.9019217938184738
2185,60.633799999952316,60.519479811191559,-150.2381000071764,-150.10035267099738,42.499996721744537,108.44786278903484,3.4999999701976776,3.3699814975261688
622,62.676300048828125,62.682507991790771,-149.69770000129938,-149.50186769664288,12.299999594688416,56.6854327917099,3.3999999761581421,3.4815468192100525
1387,61.465799987316132,61.509156703948975,-149.90100000053644,-149.79858105629683,31.860001385211945,63.412006944417953,3.0999999940395355,3.2686311006546021
1991,62.775500059127808,62.811242341995239,-149.27470001578331,-149.4357830286026,66.700000315904617,49.904197454452515,4.0999999791383743,4.2814591974020004
227,59.024500012397766,59.036671996116638,-152.54350000619888,-151.92292428016663,63.099998980760574,96.545526757836342,3.199999988079071,3.5396999716758728
1980,59.505499958992004,59.082521080970764,-152.5922999382019,-151.54832196235657,73.100000619888306,80.924186855554581,3.0999999940395355,3.6142649352550507
1169,61.46560001373291,61.425988167524338,-149.62839999049902,-149.5484436750412,44.39999908208847,33.196650445461273,3.5999999642372131,3.815397173166275
1668,62.898300051689148,62.925999760627747,-149.92129999771714,-149.74298279732466,79.599998891353607,29.058858752250671,4.3999999947845936,4.3808907531201839
1304,61.413199990987778,61.601157188415527,-149.61349998414516,-149.85279389843345,180.39999902248383,63.944652676582336,3.3999999761581421,3.7458553612232208
66,61.745899975299835,61.945144832134247,-150.91909995675087,-150.75676336884499,63.000001013278961,79.261194914579391,3,3.25161212682724
24,59.103399991989136,59.040697813034058,-152.42370003461838,-151.73881763219833,49.400001764297485,66.237315535545349,3.199999988079071,3.1422958374023438
1235,61.345800012350082,61.410534650087357,-149.99869999999646,-149.72497594356537,40.299996733665466,60.186333954334259,4.8000000044703484,4.8732568994164467
144,60.406300008296967,59.864879965782166,-152.14220005273819,-151.20412865281105,82.899998873472214,77.560398727655411,3,3.4781455993652344
536,60.952899999916553,60.941491659730673,-151.38299998641014,-151.04708334803581,53.000003099441528,43.560013175010681,3.0999999940395355,3.4717777669429779
811,60.31879997253418,60.03305995464325,-151.76569998264313,-151.26249906420708,68.700000643730164,91.91521629691124,3.3999999761581421,3.7381207644939423
1355,61.364399999380112,61.350867420434952,-150.05859999731183,-149.85341355577111,32.700002193450928,45.479491353034973,3.0999999940395355,3.4989763498306274
85,62.088000059127808,62.347956895828247,-151.40529996156693,-150.97579264640808,81.90000057220459,61.908580362796783,3.0999999940395355,3.5598524808883667
1580,62.58840000629425,62.687666893005371,-149.62550000846386,-149.60137684643269,63.499998301267624,59.253126382827759,3.2999999821186066,3.8631017804145813
2081,62.889400005340576,62.898026943206787,-149.05799996852875,-149.28701743483543,73.69999960064888,40.543712675571442,4.0999999791383743,3.9336263090372086
1272,61.361799985170364,61.383726179599762,-150.14410000294447,-149.91131366416812,9.9999979138374329,59.396617114543915,3.199999988079071,3.411338746547699
484,61.592999994754791,61.743063569068909,-149.65129999816418,-149.5056571662426,38.599997758865356,68.016994744539261,3.4999999701976776,3.7803050726652145
1889,62.137699961662292,62.292890548706055,-150.39920000731945,-150.01931852241978,9.9000036716461182,49.863100051879883,3,3.1132993698120117
2108,62.218299984931946,62.381083488464355,-149.95139999873936,-149.80314331501722,54.300002753734589,77.401686459779739,3.0999999940395355,3.3295762538909912
2120,60.491999983787537,60.425501644611359,-148.85690000653267,-149.13017776608467,38.900002837181091,54.38019335269928,3.3999999761581421,3.6112557649612427
1356,61.489399999380112,61.187269985675812,-149.94800000265241,-147.58499711751938,37.500001490116119,17.362684011459351,3.0999999940395355,3.0837382972240448
362,59.922700047492981,59.737558364868164,-148.87810000777245,-149.07870581746101,10.099999606609344,57.903513312339783,3.5999999642372131,3.7740679532289505
1914,59.817000031471252,59.228364586830139,-152.90189999341965,-151.50766324996948,106.39999993145466,124.42520668264478,3.9999999850988388,4.1983492746949196
1366,61.485500007867813,61.457505226135254,-149.94290000014007,-149.8145667873323,39.800003170967102,51.649175584316254,3.3999999761581421,3.6150616407394409
1026,61.432200014591217,61.357392907142639,-149.88800000399351,-149.6682044416666,33.299997448921204,53.087189793586731,3.0999999940395355,3.5390875339508057
1030,60.522100001573563,60.692655175924301,-150.1896999925375,-150.29467832297087,41.900001466274261,41.766896843910217,3.199999988079071,3.7259338796138763
2182,61.874000012874603,62.022919178009033,-150.82100003957748,-150.64698578417301,74.09999892115593,69.590911269187927,3.2999999821186066,3.4348822832107544
1609,60.208199977874756,60.109345674514771,-151.01170000433922,-150.77928775548935,60.000002384185791,65.171666443347931,3.0999999940395355,3.6274345815181732
1467,61.411100000143051,61.598597705364227,-150.09160000272095,-149.56957519054413,31.199999153614044,49.828849732875824,3.199999988079071,3.0832532644271851
665,62.481799960136414,62.631503462791443,-148.23880004882812,-148.31492525339127,20.499996840953827,80.063331872224808,3,3.3962482810020447
364,61.733799993991852,61.988871514797211,-151.70200002193451,-151.46165066957474,90.599998831748962,80.901112407445908,3.3999999761581421,3.6032593846321106
1239,61.399300009012222,61.319074004888535,-150.06469999998808,-149.79715378582478,36.100000143051147,33.046640455722809,3.9999999850988388,4.0745138972997665
77,60.074599981307983,59.350677132606506,-152.93510001897812,-152.01215100288391,112.59999964386225,79.253766685724258,3,3.5021172165870667
27,61.504899978637695,61.535810708999634,-150.00310000008903,-149.78728540241718,35.099998116493225,80.114644020795822,3.5999999642372131,3.8067943900823593
1711,62.757300019264221,62.825781226158142,-148.31660002470016,-148.54914236068726,56.50000274181366,109.21462625265121,3.7999999970197678,4.3572360500693321
525,60.779699996113777,60.571157157421112,-152.03450006246567,-151.46970427036285,88.399998843669891,80.117858946323395,4.8000000044703484,5.2086554914712906
725,62.14520001411438,62.397495269775391,-150.38140001893044,-150.22606477886438,60.199998319149017,71.830667555332184,3.0999999940395355,3.0603863596916199
55,60.326300024986267,59.973092317581177,-152.18099999427795,-151.37372249364853,104.10000011324883,54.443933069705963,3,3.7104787230491638
638,62.232800006866455,62.274691343307495,-150.50270001590252,-150.32742822915316,6.4999982714653015,57.47559666633606,3.9999999850988388,3.9623429328203201
302,60.701900005340576,60.477137804031372,-152.08410000801086,-151.65994673967361,88.799998164176941,37.508264183998108,3.4999999701976776,3.6902881264686584
718,61.319000005722046,61.401828020811081,-149.93340000137687,-149.6891323775053,45.999996364116669,97.68691286444664,5.3000000417232513,5.2666012644767761
1441,61.432900011539459,61.568354964256287,-149.920399999246,-149.62199431657791,41.79999977350235,45.358791947364807,3.199999988079071,3.7432419955730438
624,62.866999983787537,62.941258430480957,-149.81819999590516,-149.58619612455368,78.000001609325409,27.793347835540771,3.2999999821186066,3.8633091598749161
7,60.525499999523163,60.472279727458954,-147.18089997768402,-147.50809907913208,1.5999972820281982,50.35969614982605,3.2999999821186066,3.5973883867263794
1280,61.482699990272522,61.561739683151245,-150.05190000124276,-149.81519813463092,31.199999153614044,63.860166817903519,3.0999999940395355,3.3797884583473206
803,62.326799988746643,62.502643346786499,-150.51860001683235,-150.2105817720294,61.599999666213989,52.884891629219055,3.199999988079071,3.5547078251838684
1049,59.840399980545044,59.18488335609436,-152.96670001745224,-151.73792123794556,95.69999948143959,101.55797563493252,3.0999999940395355,3.7718810588121414
336,62.369199991226196,62.574047446250916,-150.13630000501871,-149.94148635864258,59.10000205039978,75.082354247570038,3.199999988079071,3.2203187942504883
47,61.652700006961823,61.908287346363068,-150.97940003871918,-150.58971494436264,62.399998307228088,89.757770299911499,3.0999999940395355,3.3673236966133118
1762,61.940599977970123,62.034331917762756,-149.24180004000664,-149.28156727552414,3.300003707408905,93.379899859428406,3.5999999642372131,3.8312961012125015
106,62.348000049591064,62.51252818107605,-149.15850001573563,-149.32240842282772,3.4999996423721313,77.836204320192337,4.0999999791383743,4.1726589202880859
349,59.02839994430542,59.102290868759155,-151.19259998202324,-150.84231778979301,41.699998080730438,101.77141800522804,4.7000000104308128,4.6477886885404587
1079,61.503000020980835,61.61285001039505,-149.88670000433922,-149.67927150428295,45.800000429153442,89.441694319248199,3.199999988079071,3.67453533411026
238,61.26460000872612,61.296988099813461,-149.93400000035763,-149.65304394811392,39.899997413158417,52.061706781387329,4.1999999955296516,4.2043007165193558
213,60.150799989700317,59.506680727005005,-152.89010006189346,-152.31481468677521,117.10000038146973,83.324939012527466,3,3.8697497248649597
1144,61.248199999332428,61.289834231138229,-149.89200000464916,-149.7903306260705,46.49999737739563,38.910076022148132,3.199999988079071,3.3781623244285583
2106,59.167999982833862,59.037049293518066,-152.73710006475449,-151.96707826852798,72.700001299381256,86.938533931970596,3,3.0615756511688232
1691,61.419999986886978,61.371277242898941,-149.94890000112355,-149.80988893657923,30.100002884864807,76.113313436508179,3,3.3677911162376404
793,61.173500001430511,61.188283547759056,-149.32369999587536,-149.2985056489706,34.699998795986176,44.619783759117126,4.0999999791383743,4.2221828475594521
1096,61.365700006484985,61.340088427066803,-150.01610000012442,-149.72429260611534,39.200000464916229,42.26028174161911,3.0999999940395355,3.4203703701496124
2075,62.554800033569336,62.689992666244507,-151.44369998574257,-150.93646994233131,91.80000051856041,70.370353758335114,3.199999988079071,3.7044897079467773
1332,61.356400012969971,61.310033917427063,-150.09339999966323,-149.83627532422543,33.500000834465027,56.315325200557709,3.3999999761581421,3.676482081413269
2107,60.071200013160706,59.385314702987671,-152.88239997625351,-151.78020536899567,120.99999981001019,130.29002910479903,3.9999999850988388,4.1327271312475204
1987,61.195899993181229,61.155994474887848,-147.72059994935989,-148.0411924123764,38.999997079372406,46.293951570987701,3.199999988079071,3.4992908835411072
523,61.241400003433228,61.245588019490242,-150.66940002143383,-150.29835822433233,41.199997067451477,72.604123502969742,3,3.2068949639797211
232,60.357100009918213,60.298564076423645,-150.69699999690056,-150.51732556521893,61.899997293949127,84.117095917463303,3.2999999821186066,3.4567171633243561
644,60.581699997186661,60.342996299266815,-151.78289991617203,-151.21091204881668,82.100000232458115,55.169552564620972,4.5,4.4033882059156895
2020,62.678599953651428,62.733412504196167,-149.80419999361038,-149.65427901595831,6.9999992847442627,56.96491152048111,3.199999988079071,3.3020690381526947
533,62.545799970626831,62.673445701599121,-151.49759995937347,-150.83498919010162,90.700000524520874,87.752819061279297,3.3999999761581421,4.1999386623501778
1795,61.045400001108646,61.072090357542038,-148.37610000371933,-148.68228194117546,12.599997222423553,123.55648342054337,3.4999999701976776,3.4473673403263092
603,59.106299996376038,59.045347571372986,-152.27640008926392,-151.63011395931244,66.899999976158142,94.116358086466789,3.0999999940395355,3.2639676332473755
1429,61.465799987316132,61.455327272415161,-149.95910000056028,-149.67084869742393,39.499998092651367,46.258136630058289,3.6999999582767487,3.9532214105129242
1074,61.480800002813339,61.494381725788116,-149.91079999879003,-149.73835325986147,26.299998164176941,91.396916657686234,3.0999999940395355,3.4945571422576904
1550,62.135599970817566,62.28643000125885,-149.70939999818802,-149.69829576462507,54.999999701976776,76.440457254648209,4.1999999955296516,4.3275488130748272
60,61.199000000953674,61.175720646977425,-149.6626999899745,-149.47928895056248,38.699999451637268,57.984963059425354,3.7999999970197678,3.8121333718299866
2100,60.403999984264374,59.902679920196533,-152.057000041008,-151.30747604370117,86.800001561641693,54.944247007369995,3,3.0954167246818542
92,60.025499999523163,59.283202409744263,-152.67190003395081,-151.78944969177246,107.10000060498714,109.58460625261068,3.0999999940395355,3.6269297897815704
666,61.632000029087067,61.799153029918671,-149.52979999780655,-149.28241096436977,20.400002598762512,89.264430105686188,3.0999999940395355,3.0905790030956268
1318,61.50220000743866,61.568192780017853,-149.92469999939203,-149.69028856605291,37.500001490116119,73.338732123374939,3,3.4918987154960632
1925,62.954200029373169,62.959922313690186,-149.55220001935959,-149.50919710099697,80.099999904632568,26.674196124076843,3,3.4558452665805817
280,61.252499997615814,61.323504626750946,-149.32359999418259,-149.28645126521587,31.000003218650818,32.839313149452209,3.3999999761581421,3.7102131843566895
1322,61.355199992656708,61.318429887294769,-150.08220000006258,-150.00349969987292,20.000003278255463,64.614791423082352,3,3.1314697265625
359,59.65719997882843,59.191621541976929,-152.45589995384216,-151.39792522788048,73.600001633167267,107.02922753989697,3.2999999821186066,3.925280436873436
1338,61.459399998188019,61.762655854225159,-149.98730000015348,-149.20692837238312,32.600000500679016,45.462146401405334,3.4999999701976776,3.7845813632011414
1385,61.532700002193451,61.647058606147766,-149.9472000002861,-149.76935838907957,39.70000147819519,59.021465480327606,4.0999999791383743,4.0328212827444077
847,62.331200003623962,62.525894522666931,-148.74009999632835,-148.81704238057137,19.100002944469452,96.227612346410751,3.5999999642372131,4.1084722727537155
1206,59.905799984931946,59.612486958503723,-152.67030000686646,-150.20475590229034,137.40000035613775,65.181702375411987,3.3999999761581421,3.2322273552417755
1674,59.889400005340576,59.682379007339478,-151.16220000386238,-150.76645258069038,40.799997746944427,131.61646202206612,3.0999999940395355,3.5545422434806824
110,59.827999949455261,59.308185458183289,-152.85140007734299,-151.23406854271889,94.599999487400055,131.1357906088233,4.8000000044703484,4.6617866568267345
42,62.75629997253418,62.701617479324341,-148.94230002164841,-149.05526965856552,70.999998599290848,76.809525489807129,4.6000000052154064,4.8254801407456398
125,59.420500040054321,59.12898325920105,-152.66119998693466,-151.34946513175964,71.100000292062759,111.05784028768539,3.199999988079071,3.7616747617721558
204,62.530400037765503,62.729321599006653,-151.18250003457069,-150.75500491261482,84.399998188018799,59.113107621669769,3.2999999821186066,4.0433830171823502
52,62.243199944496155,59.459108710289001,-150.91770002245903,-151.04027447104454,71.699999272823334,135.10548323392868,3.3999999761581421,4.6056706756353378
545,59.187199950218201,59.036030054092407,-152.38330006599426,-151.57077580690384,65.299998968839645,81.01813867688179,3.199999988079071,3.3659681081771851
68,59.535300016403198,59.136064767837524,-152.91279995441437,-152.38555777072906,105.59999942779541,84.246989339590073,3,3.3191626667976379
1894,61.640399992465973,61.635201513767242,-150.53160001337528,-150.19726920872927,45.900002121925354,68.24999675154686,3.6999999582767487,3.9628922939300537
1840,62.347599983215332,62.329660654067993,-151.2418999671936,-151.02033019065857,12.999996542930603,54.795965552330017,3.3999999761581421,3.7569285482168198
183,62.71560001373291,62.868662118911743,-149.40870000422001,-149.3575317710638,69.099999964237213,35.190790891647339,3,3.4728049635887146
137,62.009500026702881,62.248248338699341,-151.42379996180534,-150.98442730307579,81.999998539686203,63.492324203252792,3.8999999910593033,4.0852189958095551
899,61.480800002813339,61.635107696056366,-149.88819999620318,-149.72531544417143,41.100002825260162,48.464231193065643,3.8999999910593033,3.9490726143121719
796,61.687799990177155,61.734248161315918,-150.52590000629425,-150.26742757111788,59.399999678134918,72.589833289384842,3.9999999850988388,4.1782435476779938
132,61.187600001692772,61.027516014873981,-152.28480005264282,-152.00312626361847,10.099999606609344,28.712891042232513,3.0999999940395355,3.2878075540065765
80,60.548000007867813,60.302536070346832,-151.78699994087219,-151.21583300828934,69.299999624490738,52.499666810035706,3.4999999701976776,4.0618471205234528
1767,62.24399995803833,62.429636120796204,-148.0314000248909,-148.30534636974335,18.899999558925629,92.000752687454224,3,3.5142312347888947
1831,62.864099979400635,62.868013024330139,-150.49230001866817,-150.10488275438547,99.700000137090683,39.171725511550903,3.2999999821186066,3.7582703679800034
541,60.401700019836426,60.345915198326111,-151.09389996528625,-150.71095941960812,50.800003111362457,49.807235598564148,3.2999999821186066,3.7395917773246765
2118,60.268400013446808,59.650407433509827,-152.91199994087219,-152.68131279945374,131.3999998383224,71.556616574525833,3,3.0785129070281982
983,59.694300055503845,59.230739951133728,-152.91510003805161,-151.55473065376282,101.19999945163727,117.85139748826623,3.5999999642372131,4.2618317976593971
165,59.597599983215332,59.145782709121704,-152.88459992408752,-152.47734618186951,97.799999639391899,82.008905708789825,3,3.210420548915863
248,60.229300022125244,59.582079291343689,-152.78460001945496,-151.99536681175232,12.800000607967377,129.18090913444757,3.3999999761581421,3.7332068681716919
1331,61.493999987840652,61.488213449716568,-149.91390000097454,-149.82379453629255,35.599999129772186,45.228734612464905,3.5999999642372131,3.7901389002799988
446,59.530699968338013,59.138829946517944,-152.93120008707047,-151.51366209983826,91.200001537799835,105.63765838742256,3,4.0355502516031265
1360,61.501299977302551,61.630445837974548,-149.96989999897778,-149.95415031351149,24.499997496604919,73.302343487739563,3.199999988079071,3.9265426844358444
858,62.263299942016602,62.434333443641663,-151.1865000128746,-150.66238443553448,74.499998241662979,54.541349411010742,3.3999999761581421,3.9111711233854294
1433,61.411700010299683,60.910641342401505,-150.02890000026673,-148.49996244907379,41.100002825260162,23.502200841903687,3.4999999701976776,3.4681120812892914
97,60.119799971580505,59.87595808506012,-148.46660006046295,-148.92146149277687,6.099998950958252,59.83617901802063,3.2999999821186066,3.7095155417919159
1811,60.903099998831749,60.664161324501038,-152.45889991521835,-151.56872320175171,112.49999981373549,18.768809735774994,3.2999999821186066,3.6088887155056
805,61.933200001716614,62.116736888885498,-151.89660000801086,-151.31145170331001,111.39999981969595,77.712267637252808,3,3.4715191125869751
737,61.156900003552437,61.080284707248211,-152.84909999370575,-152.62454259395599,169.79999840259552,31.858235597610474,3.2999999821186066,3.8192092180252075
1489,61.551999986171722,61.49436941742897,-147.80510008335114,-149.47496205568314,67.200001329183578,60.293577611446381,3.4999999701976776,4.2066669836640358
102,60.019299983978271,59.388910531997681,-152.8063999414444,-152.25598937273026,122.10000003688037,66.654086112976074,3.2999999821186066,3.7381851375102997
434,61.750699996948242,61.878162264823914,-149.77590000629425,-149.52628612518311,36.200001835823059,69.216880947351456,3.9999999850988388,3.9330441355705261
74,59.95389997959137,59.258798599243164,-152.69940000772476,-151.46753051877022,100.29999911785126,117.74837085977197,3.2999999821186066,4.0679603219032288
577,59.096300005912781,59.07051157951355,-152.91819995641708,-152.41015917062759,80.499999225139618,84.94865894317627,3.6999999582767487,3.9868724495172501
1420,61.370200008153915,61.238269716501236,-150.04139999952167,-149.70326806604862,40.700003504753113,57.982049882411957,4.1999999955296516,4.340314406901598
1488,61.428900003433228,61.356088310480118,-149.89520000293851,-149.03171700239182,43.399997055530548,29.53607589006424,3.3999999761581421,3.4961915016174316
1230,61.478799998760223,61.516309320926666,-149.98659999947995,-149.83989066258073,34.800000488758087,71.75159826874733,3.0999999940395355,3.2419373095035553
918,59.652899980545044,59.48974871635437,-150.54609999060631,-150.36040880531073,43.899998068809509,119.4499391131103,3.2999999821186066,3.794490247964859
1326,61.505200028419495,61.564471006393433,-149.91439999826252,-149.66934605687857,36.200001835823059,64.420294016599655,3,3.1641672849655151
2039,61.971000015735626,62.110412120819092,-151.81300002336502,-151.37785908579826,102.700000628829,63.46454843878746,3,3.1005037128925323
2013,61.313100010156631,61.294551193714142,-147.46760004758835,-147.78699016571045,29.600001871585846,34.40190851688385,3.5999999642372131,3.6856722235679626
1924,62.302099943161011,62.506136775016785,-148.34930008649826,-148.30951488018036,35.80000251531601,113.73765021562576,3,3.4293642640113831
762,61.564899981021881,61.594595491886139,-149.78449999541044,-149.62524117529392,39.899997413158417,72.400424629449844,3,3.4890414476394653
989,62.575999975204468,62.765658855438232,-151.2127999663353,-151.03151991963387,88.399998843669891,80.234605818986893,3.3999999761581421,4.0997563451528549
388,59.277899980545044,59.270559787750244,-150.64260001480579,-150.46962408721447,36.70000284910202,128.49554349668324,4.7000000104308128,4.5217657154425979
235,60.66049998998642,60.636631578207016,-151.11520001292229,-150.87651470303535,56.400001049041748,72.565242648124695,3.0999999940395355,3.203056812286377
1793,62.979400038719177,62.973670363426208,-148.92199999094009,-149.26926349103451,78.200001269578934,18.313363194465637,3.2999999821186066,3.6067324876785278
267,60.726000010967255,60.640883952379227,-151.07929998636246,-150.8155999481678,59.299997985363007,61.484940350055695,3.199999988079071,3.3725970089435577
1329,61.350899994373322,61.26678529381752,-149.9947000000393,-149.60418462753296,40.600001811981201,51.393546164035797,4.0999999791383743,4.1177709549665451
1404,61.413399994373322,61.333349674940109,-150.05350000038743,-149.86069389805198,40.299996733665466,63.468210399150848,3.5999999642372131,3.8180175125598907
117,62.720600008964539,62.899286508560181,-151.00099995732307,-150.61196203529835,85.900001227855682,60.569323599338531,3.5999999642372131,4.145141176879406
1908,61.542699992656708,59.066200375556946,-151.87669998407364,-151.32718867063522,16.199998557567596,107.55559988319874,3.0999999940395355,4.0154369473457336
673,62.46150004863739,62.605244636535645,-148.24769997596741,-148.08076590299606,42.099997401237488,78.86122539639473,3,3.2187844812870026
249,62.124899983406067,62.474135637283325,-152.59280008077621,-152.02262753248215,1.100003719329834,89.993413537740707,3,3.2677274644374847
1941,60.478900015354156,60.582791060209274,-148.47149991989136,-148.8681566119194,12.599997222423553,60.979247093200684,3.0999999940395355,3.4590926170349121
2202,60.645000010728836,60.603628128767014,-151.26499995589256,-150.81384247541428,68.700000643730164,36.779582500457764,3.0999999940395355,3.3468489646911621
94,61.607800006866455,61.801173031330109,-150.08590000122786,-149.89533212408423,38.40000182390213,88.435154408216476,3.2999999821186066,3.5855298042297363
2044,61.345699995756149,61.218498960137367,-151.1734000146389,-151.27965331077576,68.300001323223114,54.503075778484344,3.2999999821186066,3.5246188044548035
33,62.723099946975708,62.843439817428589,-149.6655999943614,-149.52323220670223,57.899996638298035,44.514492154121399,3.199999988079071,3.2793965935707092
1741,61.457500010728836,61.280384302139282,-152.13959991931915,-151.70713716745377,107.99999907612801,36.549203097820282,4.9000000208616257,4.0950631946325302
1983,60.46399998664856,60.370792627334595,-150.61399997770786,-150.2265163064003,51.399998366832733,73.74132052063942,3.199999988079071,3.4492068886756897
448,61.976700007915497,62.1400465965271,-149.95489999931306,-149.85194661095738,28.599999845027924,72.199631482362747,3.0999999940395355,3.4957360625267029
716,60.207000017166138,59.853644847869873,-152.589399933815,-151.74588847160339,103.70000079274178,143.11525598168373,3.2999999821186066,3.719293087720871
1962,61.038199998438358,61.027597345411777,-148.93279999494553,-149.0031920671463,21.399997174739838,81.900592893362045,3.5999999642372131,3.5896446704864502
1807,61.004600000102073,60.666151285171509,-152.19550001621246,-151.88797402381897,124.39999997150153,27.551539242267609,3,3.4360371530056
0,61.59469997882843,61.734346032142639,-152.18250006437302,-151.53494131565094,115.79999979585409,74.556723237037659,3.9999999850988388,4.1018730103969574
2034,60.998999999952503,60.842426896095276,-151.42570003867149,-151.23887532949448,66.899999976158142,39.600774645805359,3.3999999761581421,3.4836852550506592
1101,61.466800004243851,61.426496118307114,-149.96509999874979,-149.83915010467172,45.100003480911255,53.177192807197571,3.199999988079071,3.6619995832443237
1108,61.338899999856949,61.338504016399384,-150.09160000272095,-149.69278697669506,18.799997866153717,64.785309135913849,3,3.1100395917892456
1449,61.407799988985062,61.138145372271538,-150.09439999982715,-149.02819910645485,38.999997079372406,31.23830258846283,3.7999999970197678,3.8846756368875504
82,60.955899998545647,60.994287357199937,-150.91620004177094,-150.68723639845848,48.100002110004425,71.493305265903473,3.199999988079071,3.5997768044471741
1526,61.364199995994568,61.340022504329681,-151.24970000982285,-151.09034478664398,9.4999969005584717,94.850854948163033,3,3.198082834482193
676,61.337099999189377,61.394925326108932,-147.28800004720688,-147.55879318714142,10.899998247623444,60.949727892875671,3.199999988079071,3.4174736738204956
1726,60.17629998922348,59.750763654708862,-152.69600003957748,-152.19632935523987,103.09999994933605,98.310397937893867,3,3.1173457503318787
1046,60.874699994921684,60.773093461990356,-149.47599998116493,-149.64558642357588,24.999998509883881,103.2960657030344,3.2999999821186066,3.6092933714389801
770,60.914899997413158,60.887751244008541,-151.17059996724129,-151.11175319552422,65.600000321865082,56.694731116294861,3.0999999940395355,3.5003621578216553
1437,61.439500004053116,61.421678870916367,-150.10920000448823,-149.882688280195,33.600002527236938,44.589199125766754,3.199999988079071,3.0807338654994965
1517,60.958099998533726,60.925800167024136,-152.15699994564056,-151.75987994670868,99.799999967217445,24.612337350845337,3.0999999940395355,3.5548388957977295
1879,60.610199987888336,60.505162566900253,-151.03970003128052,-150.55465690791607,61.800003051757812,37.544682621955872,3.0999999940395355,3.4464012980461121
1773,59.708299994468689,59.380678653717041,-152.98179996013641,-152.07162630558014,96.999999135732651,56.563220918178558,3.2999999821186066,3.9774357229471207
404,59.473299980163574,59.096744060516357,-152.53340005874634,-151.65704029798508,70.399999618530273,96.761602908372879,3.0999999940395355,3.5493452847003937
384,62.956200003623962,62.967307567596436,-150.43380001187325,-149.76594071835279,104.49999943375587,36.548435688018799,3.199999988079071,3.4036878347396851
1891,61.131500005722046,60.717288047075272,-151.33629995584488,-150.76336616277695,67.299999296665192,39.394542574882507,3.2999999821186066,3.746650904417038
1590,61.133200004696846,61.063588075339794,-150.76260003447533,-150.55277775228024,19.900001585483551,73.600474745035172,3.4999999701976776,3.6436613202095032
104,60.964899998158216,60.791163519024849,-151.85370004177094,-151.41993623971939,90.599998831748962,24.685114622116089,3,3.6851098537445068
688,60.160700023174286,59.462242841720581,-152.76349997520447,-151.93857300281525,109.50000025331974,120.90941984206438,3.6999999582767487,4.1933203116059303
1551,62.370499968528748,62.61818516254425,-151.27349996566772,-150.82808223366737,81.799998879432678,53.101614117622375,3.2999999821186066,4.0341623872518539
826,59.818600058555603,59.660062313079834,-151.39649999141693,-150.78236362338066,72.200000286102295,133.45497380942106,3.4999999701976776,3.7370344698429108
1240,61.411199986934662,61.47553277015686,-149.94400000199676,-149.77174175530672,35.199999809265137,56.072577834129333,3.2999999821186066,3.5871387720108032
62,62.337700009346008,62.582138776779175,-149.73959999531507,-149.55194851756096,41.79999977350235,70.096720010042191,3.199999988079071,3.5706314742565155
1305,61.337900012731552,61.360351830720901,-150.03479999955744,-149.65850324928761,19.00000125169754,59.701681137084961,3,3.1946631073951721
852,61.736599981784821,61.847343981266022,-147.15330004692078,-147.59052354097366,28.999999165534973,42.460024356842041,3.4999999701976776,3.844818189740181
1607,59.353099942207336,59.14659309387207,-151.21999999880791,-151.19842395186424,42.499996721744537,105.73357902467251,3.199999988079071,3.6712079644203186
1262,61.363099992275238,61.335608273744583,-150.06159999780357,-149.84013559296727,39.999999105930328,55.78950047492981,3.4999999701976776,3.6238358616828918
223,59.819700002670288,59.435295224189758,-151.87410002946854,-151.37626084685326,58.20000171661377,124.80996936210431,3.2999999821186066,3.8390532284975052
145,60.39410001039505,59.569611549377441,-152.81549996137619,-151.79456520080566,125.39999998989515,86.983472108840942,3.199999988079071,3.5979026556015015
1088,59.825099945068359,59.799617528915405,-147.78640007972717,-149.30637212097645,85.499998182058334,52.944272756576538,3,3.1872553825378418
373,61.351000010967255,61.393015563488007,-149.56510001420975,-149.42882296442986,30.299998819828033,42.562566697597504,3.0999999940395355,3.4548672437667847
1692,61.681599974632263,61.816592574119568,-149.66780000925064,-149.55808348953724,35.199999809265137,103.75201515853405,4.1999999955296516,3.8402710407972336
1142,59.254999995231628,59.379678130149841,-147.63899999856949,-148.84524500370026,20.999997854232788,55.585920810699463,3,3.1176152229309082
2114,59.823799967765808,59.27216362953186,-152.93050003051758,-152.44522833824158,103.4999992698431,99.063845351338387,3.0999999940395355,3.1005529761314392
1779,61.665700018405914,62.082380294799805,-152.53930002450943,-151.37488853931427,6.099998950958252,38.093283772468567,3,3.6004960834980011
1274,61.420800000429153,61.40833505988121,-149.98260000022128,-149.70759270340204,37.000000476837158,35.98630428314209,3.7999999970197678,3.9437638968229294
1265,62.912199974060059,60.925994120538235,-152.92739993333817,-148.6523317694664,11.200003325939178,56.956961750984192,3.2999999821186066,3.3007597625255585
1902,61.02309999987483,60.808848321437836,-150.3213000074029,-150.15026774257421,51.299996674060822,104.25453260540962,3,3.2633422315120697
1897,59.811200022697449,59.213414907455444,-152.90430003404617,-151.87506651878357,103.9000004529953,100.87831690907478,3.0999999940395355,3.71585413813591
9,60.394500017166138,60.365142405033112,-151.1370000243187,-151.10272067785263,47.300003468990326,44.13701593875885,3.199999988079071,3.6583178043365479
449,60.857600003480911,60.815079778432846,-151.0973000228405,-150.77366280555725,58.300003409385681,61.025939881801605,3.199999988079071,3.6026416718959808
708,59.732399940490723,59.180596470832825,-152.38319993019104,-151.59311825037003,69.699998944997787,123.2518277829513,3,3.1882454752922058
255,61.504000008106232,61.546947360038757,-150.04869999736547,-149.68942346423864,45.400001108646393,58.481976389884949,3,3.4278232455253601
882,60.749000012874603,60.77423395216465,-151.32629996538162,-151.06484189629555,54.899998009204865,39.969190955162048,3,3.111436665058136
389,60.031199991703033,59.512232542037964,-152.28860002756119,-151.70783221721649,69.099999964237213,126.2647524708882,3,3.4710947871208191
1559,59.996899962425232,59.692046403884888,-152.1742000579834,-151.33178669214249,80.699998885393143,135.00128779560328,3.0999999940395355,3.6355860829353333
908,62.831099987030029,62.886518836021423,-149.57919998466969,-149.56935676932335,83.099998533725739,36.286443471908569,4.2999999895691872,4.302593395113945
924,60.575800001621246,62.291548252105713,-152.12709993124008,-149.54049056768417,62.5,71.963179856538773,3.5999999642372131,3.1388167440891266
2029,62.793300032615662,62.904154062271118,-149.20150002837181,-149.40901055932045,61.599999666213989,30.401602387428284,3.0999999940395355,3.405520498752594
1455,61.477400004863739,61.069691278040409,-149.9753000009805,-148.5638582110405,48.19999635219574,33.913023769855499,3.5999999642372131,4.1711933165788651
460,59.212599992752075,59.166454076766968,-152.15859997272491,-151.32063540816307,72.00000062584877,126.07573857530951,4.1999999955296516,4.515072166454047
1503,61.282200008630753,61.434515208005905,-149.95710000023246,-149.57582572102547,40.799997746944427,74.743624776601791,5.7000000178813934,5.3146510720252991
2026,61.36829999089241,61.320622652769089,-150.11209999769926,-150.06061874516308,45.400001108646393,60.530900955200195,3.0999999940395355,3.1280743181705475
1168,61.375699996948242,61.379328906536102,-150.0890999995172,-149.91835762560368,19.900001585483551,71.302939206361771,3.0999999940395355,3.282930850982666
958,61.311199992895126,61.1711565554142,-152.31400001049042,-152.30780500173569,127.30000005103648,39.644576609134674,3.0999999940395355,3.582076370716095
501,61.664900004863739,61.758283257484436,-150.68809998035431,-150.40766313672066,39.899997413158417,83.841394633054733,3.2999999821186066,3.6172810792922974
739,59.442299962043762,59.177505373954773,-152.74750006198883,-151.80891573429108,80.099999904632568,110.77642720192671,3.3999999761581421,4.0150233060121536
40,61.303900003433228,61.31236857175827,-150.02560000028461,-149.82597538456321,39.999999105930328,81.996489316225052,3,3.272495448589325
868,61.333299994468689,61.217590689659119,-150.64560002088547,-150.5341065376997,53.400002419948578,61.194233596324921,3.0999999940395355,3.4947870969772339
731,61.691600024700165,61.720114588737488,-149.46559998393059,-149.2654984742403,30.199997127056122,51.194891333580017,3.199999988079071,3.5126992464065552
539,62.924499988555908,62.947436213493347,-150.94020000100136,-150.12816679850221,105.1000002771616,60.1978600025177,3,3.4538320899009705
1201,61.364100009202957,61.39556410908699,-150.04960000142455,-149.9393606968224,34.500002861022949,44.747039675712585,3.2999999821186066,3.5797501802444458
1339,61.471100002527237,61.840023159980774,-149.93889999948442,-149.27671095728874,44.900000095367432,79.841695725917816,3,3.9403018355369568
697,61.545199990272522,61.529421985149384,-150.0245000012219,-149.829540386796,44.900000095367432,77.518999576568604,3,3.3924152255058289
1656,60.036800026893616,59.742085695266724,-151.62220001220703,-150.96074590086937,70.000000298023224,101.79299302399158,3.0999999940395355,3.7485755681991577
2050,59.947499990463257,59.357174396514893,-152.84619998931885,-151.99054133892059,119.29999990388751,108.52334648370743,3.4999999701976776,3.7714321464300156
1371,61.375699996948242,61.393385797739029,-150.02130000013858,-149.91522811353207,34.599997103214264,45.267879962921143,3.4999999701976776,3.6723636388778687
1145,61.879999995231628,61.932650804519653,-147.32059997320175,-147.70251542329788,41.79999977350235,44.345125555992126,3.4999999701976776,3.8843452781438828
1031,61.360300004482269,60.437646865844727,-149.27899999916553,-150.08457048051059,0,103.46375778317451,3.3999999761581421,3.679770827293396
372,60.208599984645844,59.692270040512085,-152.4404000043869,-151.27165558934212,87.600000202655792,134.64718125760555,4.0999999791383743,4.2099157869815826
667,62.478500008583069,62.603932738304138,-148.24970000982285,-148.1933975815773,20.300000905990601,83.875119686126709,3.199999988079071,3.5932531356811523
1431,61.37950000166893,61.232386320829391,-150.01449999958277,-150.34170205146074,46.999998390674591,54.918259382247925,3.0999999940395355,3.472829282283783
1850,61.67059999704361,61.961855351924896,-151.68809992074966,-151.25800931453705,96.999999135732651,56.29943311214447,3.2999999821186066,3.7817403674125671
357,60.138000011444092,59.477619171142578,-152.8150999546051,-152.12307393550873,114.29999954998493,92.17645600438118,3.199999988079071,3.5556716322898865
967,62.013100028038025,62.123454689979553,-148.46259999275208,-148.66057661175728,41.599996387958527,44.822104275226593,3,3.4402159452438354
783,61.519299983978271,61.601756572723389,-149.91620000079274,-149.67076563835144,40.299996733665466,35.950727760791779,4.9000000208616257,4.9476782530546188
735,60.353600025177002,59.92103910446167,-152.47699999809265,-151.75632262229919,101.80000029504299,99.857551977038383,3.0999999940395355,3.6087461113929749
1353,61.375999987125397,61.315180391073227,-149.97809999948367,-149.61003877222538,44.79999840259552,46.912774443626404,4.5,4.5646402034908533
1035,62.585800051689148,62.874216198921204,-151.34079998731613,-150.99888700246811,93.800000846385956,82.522973418235779,3,3.8357296586036682
970,60.711899995803833,60.717000961303711,-151.67669999599457,-151.46352168917656,77.700000256299973,21.678954362869263,3.3999999761581421,3.7618321627378464
1814,60.377799987792969,60.342378616333008,-148.29189991950989,-148.63015204668045,23.900002241134644,22.867500782012939,3,3.4630030989646912
1771,59.764899969100952,59.664194941520691,-150.61560000479221,-150.65875849127769,35.499997437000275,146.7277817428112,3.199999988079071,3.6036551892757416
2077,60.075500011444092,59.324076414108276,-152.99719995260239,-152.08667010068893,115.60000013560057,87.712880223989487,3.0999999940395355,3.1109031736850739
1880,62.182700037956238,62.256515860557556,-148.88870000839233,-149.01840886473656,4.3999999761581421,91.784916818141937,3,3.3736969828605652
1532,60.297299981117249,59.649230003356934,-152.70480000972748,-151.59404218196869,114.79999963194132,120.18659617751837,3.2999999821186066,4.1148131936788559
1813,60.650200009346008,60.55871456861496,-151.64279991388321,-151.39416798949242,68.300001323223114,20.750664174556732,3,3.4531541168689728
1328,61.479299992322922,61.491624563932419,-149.90789999999106,-149.76713085919619,31.000003218650818,55.613145232200623,3.2999999821186066,3.5994406342506409
1604,61.925999999046326,62.058610081672668,-147.31620007753372,-147.81739747524261,39.300002157688141,64.964525401592255,3,3.4817902743816376
1775,60.126600027084351,59.574085474014282,-152.77530008554459,-151.92209029197693,112.09999956190586,117.00440663844347,3.0999999940395355,3.6065429449081421
1425,61.388999998569489,61.457520484924316,-150.00500000012107,-149.57716722786427,42.800001800060272,68.509470671415329,3.0999999940395355,4.5489028003066778
1464,61.504000008106232,62.005282282829285,-149.93159999884665,-148.91729611158371,45.800000429153442,44.077448546886444,3.199999988079071,3.8355755656957626
1952,59.826200008392334,59.262348294258118,-152.9031999707222,-151.64017832279205,107.79999941587448,110.87587103247643,3.5999999642372131,4.1249924898147583
1252,61.477899998426437,61.484388142824173,-149.90560000017285,-149.86164528876543,41.199997067451477,61.210252344608307,3.0999999940395355,3.542924702167511
2018,62.042600035667419,62.154986619949341,-150.67960001528263,-150.56051172316074,61.700001358985901,58.902554214000702,3.3999999761581421,3.4961558282375336
2043,60.135999977588654,59.381904602050781,-152.74769997596741,-151.82041275501251,97.100000828504562,93.948869034647942,3,3.0746460556983948
1236,61.471500009298325,61.536735951900482,-150.09210000000894,-149.88884007185698,18.10000091791153,72.425346821546555,3.2999999821186066,3.2240197062492371
885,59.371600031852722,59.065965056419373,-152.84379994869232,-152.14253389835358,90.199999511241913,99.512254819273949,3.0999999940395355,3.429574728012085
79,60.601700007915497,60.591558068990707,-147.51510000228882,-147.68355882167816,19.40000057220459,48.499859869480133,3,3.104503870010376
1172,61.362199991941452,61.398856282234192,-150.0245000012219,-149.88275261968374,40.600001811981201,38.890406489372253,3.6999999582767487,3.667144238948822
814,61.347699999809265,61.344629406929016,-149.83209999650717,-149.63837841153145,36.399997770786285,63.739947974681854,3.2999999821186066,3.7403177618980408
2131,61.194100007414818,61.168274581432343,-149.63710000365973,-149.62523350864649,35.700000822544098,46.981170773506165,3,3.1562744379043579
671,62.487499952316284,62.61847984790802,-148.26809996366501,-148.16850578784943,19.500002264976501,74.716702103614807,3.199999988079071,3.4014303982257843
1822,62.63129997253418,62.750663280487061,-150.76700001955032,-150.38674633204937,84.100000560283661,48.340640962123871,3.4999999701976776,3.9218956679105759
57,61.096799999475479,61.171106204390526,-150.82629999518394,-150.63158029317856,41.299998760223389,85.773676633834839,3.0999999940395355,3.3112712502479553
133,61.52020001411438,61.773959815502167,-151.44599997997284,-151.25523591041565,76.900001615285873,73.39104637503624,3.199999988079071,3.5879512131214142
1140,60.214200019836426,60.004433810710907,-150.9655000269413,-150.44185924530029,65.900001674890518,65.399087965488434,4.3999999947845936,4.4957317676162347
933,60.029500007629395,59.27649974822998,-152.84339994192123,-151.76590418815613,96.599999815225601,112.61515505611897,3.0999999940395355,3.7952241450548172
2005,62.768800020217896,62.868927717208862,-148.90340003371239,-149.15280345082283,64.399998635053635,66.592823714017868,4.2999999895691872,4.4350637868046761
823,60.289200007915497,60.232522785663605,-150.91980001330376,-150.63061845302582,65.799999982118607,61.448626220226288,3.0999999940395355,3.464056670665741
1432,61.442099988460541,61.482337921857834,-149.75939999520779,-149.55097004771233,40.799997746944427,49.603834748268127,3.0999999940395355,3.8573796898126602
1621,60.239300012588501,60.16231244802475,-149.01929998397827,-149.72298724204302,20.599998533725739,80.575734376907349,3.199999988079071,3.5236390829086304
1214,61.409099996089935,61.387761443853378,-150.0339999999851,-149.77165695279837,21.300002932548523,35.184882581233978,3.8999999910593033,4.1214120090007782
504,60.054799973964691,59.413936018943787,-152.73439997434616,-151.72090566158295,93.299999833106995,133.4764277562499,3.9999999850988388,4.0884158313274384
2179,62.277199983596802,62.369861841201782,-151.40160003304482,-151.00067067146301,94.200000166893005,56.96280300617218,3.6999999582767487,3.6850351095199585
347,60.206900000572205,59.553519487380981,-152.660600066185,-151.88127994537354,103.4999992698431,127.89106392301619,3.0999999940395355,3.6833454072475433
386,60.324100017547607,60.250618755817413,-151.40560001134872,-151.17999663949013,56.50000274181366,64.16185200214386,3.0999999940395355,3.325053334236145
1024,61.455599993467331,61.372741967439651,-149.96210000105202,-149.75902169197798,40.700003504753113,63.092425465583801,3,3.4937136769294739
1384,61.494100004434586,61.549343764781952,-149.92880000174046,-149.69545418769121,40.299996733665466,66.847886890172958,3.199999988079071,3.8320190012454987
894,59.486199975013733,59.168665885925293,-152.40450006723404,-151.48364174365997,65.49999862909317,111.38771194964647,3.5999999642372131,4.1098403781652451
828,62.595199942588806,62.922563195228577,-151.21999999880791,-150.69130352139473,77.799998223781586,58.727763593196869,3.0999999940395355,3.6493020057678223
2149,59.897699952125549,59.163536071777344,-152.74059998989105,-151.69789731502533,99.400000646710396,106.55698925256729,3.0999999940395355,3.1093835234642029
475,60.21560001373291,60.199423253536224,-150.85419997572899,-150.59779058396816,74.299998581409454,45.976728200912476,3.7999999970197678,4.0987313836812973
1750,61.482400000095367,61.464419364929199,-149.6799999922514,-149.56312823295593,30.299998819828033,51.415279507637024,3,3.360725462436676
2095,61.368000000715256,61.362484574317932,-149.7850000038743,-149.74952441453934,32.300002872943878,63.838120549917221,3.2999999821186066,3.3312927782535553
1660,59.841799974441528,59.218799114227295,-152.873399913311,-151.7428640127182,99.400000646710396,119.60806045681238,3.199999988079071,3.8706130832433701
652,62.824000000953674,62.878430128097534,-150.50689999759197,-150.22923050075769,85.599999874830246,77.304299920797348,3.199999988079071,3.5978159308433533
172,59.424900054931641,59.216352581977844,-151.5375999212265,-151.06132239103317,46.300001442432404,125.61515410197899,4.9000000208616257,4.6716914847493172
1474,61.512499988079071,61.977202296257019,-149.92050000093877,-148.27323782444,38.300000131130219,69.501027464866638,3.0999999940395355,3.4816426634788513
1149,61.30460000038147,61.208046182990074,-149.9499999973923,-149.64993280917406,41.299998760223389,31.082428991794586,4.1999999955296516,4.0551091879606247
38,62.664299964904785,62.681739926338196,-149.86259999871254,-149.59920930862427,4.69999760389328,63.302531838417053,3.0999999940395355,3.168336421251297
713,59.20930004119873,59.062601566314697,-152.35899996757507,-151.58952409029007,73.30000028014183,85.435718297958374,3,3.6068642735481262
90,62.362499952316284,62.513172507286072,-149.14460000395775,-148.99127098917961,0,88.302496820688248,3.3999999761581421,3.8425839096307755
166,62.959400057792664,62.962326645851135,-150.77419996261597,-150.16350407525897,108.69999974966049,49.947269260883331,3,3.2358199059963226
1205,61.360300004482269,61.378833621740341,-150.09470000490546,-149.96771983243525,20.300000905990601,53.220503032207489,3,3.267767608165741
875,60.272300004959106,60.134140431880951,-150.9979000389576,-150.75386783480644,46.09999805688858,118.93776105716825,3.0999999940395355,3.1208768784999847
1605,61.369599997997284,61.631095767021179,-147.19230008125305,-147.65331923961639,3.2000020146369934,49.38168078660965,3.199999988079071,3.4373323917388916
1993,62.63730001449585,62.719079256057739,-151.7046999335289,-151.55023509263992,1.100003719329834,132.26356916129589,3.0999999940395355,3.8320044726133347
2148,61.702000021934509,61.90687620639801,-151.58730000257492,-151.18294054269791,105.90000078082085,62.558989971876144,3.3999999761581421,3.5036812126636505
1093,61.526300013065338,61.606444716453552,-149.86160000413656,-149.5731306374073,47.399997711181641,47.106318175792694,4.0999999791383743,4.2112747505307198
1155,61.36719998717308,61.358703672885895,-150.03450000006706,-149.75234746187925,45.100003480911255,38.227081298828125,3.199999988079071,3.5252600312232971
1324,61.401199996471405,61.372524082660675,-150.07819999940693,-149.83878973871469,34.000001847743988,50.861641764640808,3.6999999582767487,4.2317782044410706
1618,61.70279997587204,61.937927782535553,-150.23989999294281,-149.7006832882762,99.99999962747097,109.50796864926815,3.7999999970197678,3.6313025951385498
1350,61.477999985218048,61.522935092449188,-149.96360000129789,-149.83225938677788,34.800000488758087,56.894630193710327,3,3.4918381869792938
510,61.300000011920929,61.174998342990875,-152.40170001983643,-151.96505016088486,122.90000007487833,32.61883556842804,3,3.5407425463199615
499,61.728900015354156,61.80325973033905,-150.79920002818108,-150.56612737476826,47.499999403953552,85.517309606075287,3.2999999821186066,3.8387932777404785
1611,62.349499940872192,62.514850258827209,-148.728600025177,-148.8754081428051,39.499998092651367,118.81368514150381,4.2999999895691872,4.3507306426763535
1910,59.217499971389771,59.045180916786194,-152.53880006074905,-151.51292663812637,63.400000333786011,79.926695674657822,3.0999999940395355,3.3504679799079895
1519,62.050799965858459,62.16948139667511,-149.87930000200868,-149.67311134189367,46.09999805688858,91.462325304746628,3.3999999761581421,3.7047164440155029
338,62.22189998626709,62.355461835861206,-151.16110002994537,-150.64762137830257,80.400001257658005,63.715521246194839,3.4999999701976776,3.8038809299468994
1956,60.876299999654293,60.720952600240707,-150.56070001423359,-150.18187169730663,48.19999635219574,108.32100920379162,3.5999999642372131,3.7617736905813217
1188,61.46340000629425,61.476883739233017,-149.98550000041723,-149.94933569803834,39.999999105930328,65.717212855815887,3.3999999761581421,3.6127535998821259
28,59.740800023078918,59.330895304679871,-151.90459996461868,-151.50440329313278,54.899998009204865,124.00621036067605,3,3.5053618848323822
1540,60.036700010299683,59.791345357894897,-151.77859997749329,-151.36482113599777,40.399998426437378,130.3497264161706,3,3.379124790430069
1217,61.389999985694885,61.402068912982941,-150.06140000000596,-149.91104621440172,20.000003278255463,64.486145973205566,3.0999999940395355,3.344999223947525
1573,61.431400001049042,61.41082176566124,-150.95550003647804,-150.59101192653179,63.700001686811447,41.72070324420929,3.2999999821186066,3.7188458740711212
794,60.052699983119965,59.738497018814087,-151.9925000667572,-151.43072399497032,65.000001341104507,132.70288612693548,3,3.7019684314727783
945,61.602999985218048,61.688255548477173,-147.83489996194839,-148.06598997116089,21.799996495246887,18.796861171722412,3.0999999940395355,3.6719341278076172
1753,62.239099979400635,62.343916773796082,-149.433100014925,-149.43845017254353,39.300002157688141,92.890426516532898,3,3.3795327544212341
169,61.586199998855591,61.725769460201263,-151.12660002708435,-150.77263766527176,66.79999828338623,81.094224005937576,3.6999999582767487,4.1707715392112732
1670,62.993000030517578,62.961723446846008,-150.91069999337196,-150.3841827660799,122.80000001192093,71.289114654064178,3.2999999821186066,3.5850962698459625
1197,61.352800011634827,61.328109741210938,-149.98600000049919,-149.87430245429277,39.800003170967102,64.125370234251022,3.199999988079071,3.4931372702121735
1542,60.068400025367737,59.498496055603027,-152.59830003976822,-151.50737518072128,101.80000029504299,136.27504371106625,3.3999999761581421,4.1754321232438087
1253,61.478199988603592,61.542957007884979,-150.02400000113994,-149.88664989173412,37.399999797344208,66.184911876916885,3.0999999940395355,3.3652702867984772
1844,61.125400006771088,61.01873642578721,-151.38589999079704,-151.3108127117157,72.200000286102295,33.114008605480194,3.0999999940395355,3.3669344186782837
912,59.723000049591064,59.401808857917786,-148.05519998073578,-148.80628618597984,11.799998581409454,104.6526525169611,3.6999999582767487,4.0220559239387512
491,60.392799973487854,60.387014448642731,-148.92389997839928,-149.30428433418274,19.799999892711639,52.62591689825058,3.0999999940395355,3.4979901909828186
953,59.962900042533875,59.344480872154236,-152.89609998464584,-151.94351720809937,113.30000031739473,117.82254697754979,3.5999999642372131,4.2774411365389824
1097,59.564299941062927,59.16017210483551,-152.92040008306503,-151.54759383201599,89.099999517202377,78.221958130598068,3.3999999761581421,4.0844677537679672
1032,60.507099986076355,60.37418007850647,-150.16840000078082,-150.16089415177703,42.599998414516449,97.061516717076302,3.7999999970197678,3.8309420943260193
587,62.945299983024597,62.923387765884399,-148.44199991226196,-148.51838967204094,0,28.806053102016449,3,3.2492091357707977
750,61.931900024414062,62.052228569984436,-152.26400005817413,-151.55409979820251,119.40000019967556,71.664284914731979,4.2999999895691872,4.0526491105556488
657,61.756200015544891,61.876750588417053,-149.75119999051094,-149.66307426989079,34.699998795986176,101.79518721997738,3,3.4177433252334595
234,60.319700002670288,60.328852236270905,-150.6993999928236,-150.56078204512596,79.252000898122787,72.985131293535233,3.3999999761581421,3.5166842937469482
732,62.512500047683716,62.563594818115234,-149.89799999445677,-149.65292376279831,13.899996876716614,66.331472247838974,3.199999988079071,3.2542646527290344
2198,61.767000019550323,61.997762203216553,-151.60500007867813,-151.31331261992455,94.499999657273293,48.767656087875366,3.3999999761581421,3.4047997891902924
1939,60.42110002040863,60.214996993541718,-150.23709999024868,-150.10089979693294,42.499996721744537,66.598214209079742,3.3999999761581421,3.6710277199745178
1156,61.336600005626678,61.348645746707916,-149.99200000008568,-149.82132978737354,45.800000429153442,48.364639282226562,3.0999999940395355,3.4972203969955444
1749,61.498699992895126,61.588812649250031,-151.94709992408752,-151.53741627931595,7.2000026702880859,43.120339512825012,3.0999999940395355,3.409314751625061
2129,62.020900011062622,62.14522647857666,-150.50869998335838,-150.46836380660534,54.600000381469727,57.917170226573944,3.0999999940395355,3.1459706425666809
1932,62.766800045967102,62.923990607261658,-150.51010000705719,-149.78826085478067,82.199998199939728,46.354882419109344,3,3.4755454659461975
934,60.669900000095367,60.538623243570328,-150.36169999837875,-150.28354089707136,43.300002813339233,109.65463798493147,3.199999988079071,3.4374606013298035
1209,61.426899999380112,61.421445220708847,-149.85869999974966,-149.84014907106757,36.200001835823059,68.859338760375977,3,3.1593184769153595
1065,61.32030001282692,61.354632645845413,-149.95550000108778,-149.69032108783722,46.300001442432404,40.111832320690155,4.0999999791383743,4.0742349028587341
108,62.335700035095215,62.424827575683594,-149.1564000248909,-149.11233401298523,5.9000030159950256,48.847734928131104,3.0999999940395355,3.1631308794021606
1837,59.847300052642822,59.221825838088989,-152.92949992418289,-151.4824281334877,96.699999645352364,132.32324738055468,3.6999999582767487,4.3371489085257053
568,61.375699996948242,61.424789130687714,-149.9906999997329,-149.78172759711742,35.499997437000275,52.894428372383118,3,3.30638587474823
1167,62.896999955177307,62.942708969116211,-149.62759999930859,-149.67296044528484,67.000001668930054,33.514663577079773,3,3.7037715017795563
1174,61.533999979496002,61.562425553798676,-149.84539999812841,-149.79637889564037,34.199997782707214,77.188096940517426,3,3.185016542673111
1507,61.346399992704391,61.571479082107544,-149.95519999880344,-149.70276106148958,46.700000762939453,87.387997657060623,6.9999999403953552,5.4038568735122681
1492,61.483300000429153,61.69736260175705,-149.94969999790192,-148.77257788181305,45.900002121925354,67.13784858584404,3.0999999940395355,3.6635223627090454
890,61.689400017261505,61.918341159820557,-149.77960000187159,-149.63490816950798,38.300000131130219,75.314491987228394,3.2999999821186066,3.3644260168075562
947,61.731400012969971,61.929197490215302,-149.54150001704693,-149.52880901098251,40.200002491474152,65.535120666027069,3.6999999582767487,3.8510952293872833
1048,62.295799970626831,61.732159316539764,-148.5557000041008,-149.94181064888835,0,55.096618831157684,3.0999999940395355,3.482271283864975
1606,59.46940004825592,59.147845268249512,-152.97519993782043,-151.78626394271851,101.5000008046627,83.209306001663208,3.0999999940395355,3.5304875671863556
1629,62.914800047874451,62.968888759613037,-151.26670002937317,-150.63516233861446,107.49999992549419,97.074136137962341,3.0999999940395355,3.5331141650676727
1805,61.970000028610229,62.064108490943909,-150.90230002999306,-150.52965876460075,8.9000016450881958,71.888424456119537,4.8000000044703484,4.0101817846298218
884,62.918099999427795,62.950621008872986,-150.0853000022471,-149.79763734340668,81.700000911951065,33.139973878860474,3,3.2922669947147369
1988,62.225200057029724,62.30530047416687,-150.88730004429817,-150.51413995027542,74.299998581409454,53.067773580551147,3.5999999642372131,3.8308074027299881
2165,62.555299997329712,62.584811091423035,-151.15889999270439,-150.77740797400475,92.599999159574509,56.613624095916748,3.7999999970197678,3.8148465156555176
1825,60.038100004196167,59.668279886245728,-151.79229998588562,-151.33756113052368,56.599996984004974,141.7868547141552,3.0999999940395355,3.4670566320419312
850,61.758899986743927,61.997572600841522,-149.64250000566244,-149.37121903896332,46.49999737739563,109.61628332734108,3.199999988079071,3.3523734211921692
1587,59.737100005149841,59.156007170677185,-152.61169999837875,-151.39906311035156,91.099999845027924,113.38598374277353,3.199999988079071,3.9513054639101028
1407,61.423799991607666,61.467806249856949,-149.94070000201464,-149.93155676499009,32.799996435642242,81.312160938978195,3,3.6553942859172821
734,61.332599997520447,61.344853043556213,-149.80600000172853,-149.70020793378353,57.099997997283936,75.587674975395203,3,3.5558136999607086
717,60.205999970436096,59.850279569625854,-152.58269995450974,-151.7574588060379,104.00000028312206,141.88046380877495,3.2999999821186066,3.7190127074718475
454,60.442799985408783,60.378576874732971,-151.37150001525879,-150.96263542771339,47.499999403953552,39.618268609046936,3.199999988079071,3.4399132132530212
264,62.160400032997131,62.438403129577637,-152.11129993200302,-151.41059625148773,105.1000002771616,84.014415740966797,3.0999999940395355,3.5244054794311523
75,59.171800017356873,59.054642677307129,-152.40399992465973,-151.74140095710754,55.900000035762787,93.256272375583649,3.2999999821186066,3.5185368061065674
1972,59.728500008583069,59.240938067436218,-152.98669999837875,-151.55171620845795,99.400000646710396,128.22126969695091,3.9999999850988388,4.1699340865015984
444,59.724699974060059,59.261078953742981,-152.79719996452332,-151.47523087263107,89.200001209974289,123.06198547594249,3.4999999701976776,4.2761383429169655
395,61.732299983501434,61.812431395053864,-149.60430000722408,-149.31635203957558,38.000002503395081,73.344025760889053,4.2999999895691872,4.3049334660172462
176,60.326799988746643,60.093465089797974,-151.74010008573532,-151.35581615567207,63.299998641014099,69.485455751419067,3,3.5337420701980591
1042,61.67220002412796,61.763444781303406,-150.03920000139624,-150.00154039246263,46.09999805688858,76.944936066865921,3.199999988079071,3.5794651508331299
2059,62.136500000953674,62.184301853179932,-150.80340000987053,-150.22949545830488,73.69999960064888,65.826628357172012,5.0000000149011612,4.8012292832136154
1666,60.239400029182434,59.471935629844666,-152.95849996805191,-151.89916098117828,134.30000003427267,74.66743141412735,3,3.7066100835800171
1798,61.434599995613098,61.421995371580124,-152.31489998102188,-151.7361227273941,2.7000010013580322,43.860852718353271,3,3.2703155279159546
1639,60.763199999928474,60.700628250837326,-150.7267000079155,-150.55903606116772,56.000001728534698,81.865992397069931,3,3.1305440068244934
595,60.306599974632263,60.23883992433548,-150.24819999933243,-150.18254680931568,33.900000154972076,72.806205600500107,3.3999999761581421,3.8354251384735107
61,61.226899996399879,61.160198926925659,-151.23080000281334,-151.25749906897545,67.200001329183578,60.257643461227417,3.5999999642372131,3.5799990892410278
1296,61.415600001811981,61.393215984106064,-149.91130000166595,-149.70312470197678,38.500003516674042,43.056800961494446,3.6999999582767487,3.7865476906299591
872,61.493400007486343,61.759003102779388,-149.89110000059009,-149.52686673402786,42.999997735023499,77.737834304571152,3.0999999940395355,3.4185343980789185
1774,61.659799993038177,61.809517502784729,-151.83509999513626,-151.36284846067429,96.699999645352364,33.113844692707062,3.3999999761581421,3.7868577092885971
216,59.524799942970276,59.244000673294067,-152.93899995088577,-152.22470533847809,98.30000065267086,90.888585895299911,3.6999999582767487,4.1854889094829559
278,62.986999988555908,62.926812291145325,-150.46649998426437,-149.83649760112166,101.5000008046627,37.125580012798309,3.5999999642372131,4.0244357138872147
1548,60.376999974250793,60.550878524780273,-147.35910004377365,-147.74174737930298,7.7000036835670471,36.480158567428589,3.2999999821186066,3.6129400134086609
1392,61.574100017547607,61.571137487888336,-149.97679999982938,-149.86396570131183,42.429998517036438,76.305542141199112,3.2999999821186066,3.5548524856567383
36,60.629700005054474,60.683419615030289,-147.78110003471375,-148.02887070178986,16.699999570846558,71.180839091539383,3.199999988079071,3.3940969705581665
1803,62.718500018119812,62.816492915153503,-149.61310002207756,-149.57838732004166,7.6000019907951355,40.852949023246765,3.0999999940395355,3.4312650561332703
662,62.416000008583069,62.548226594924927,-148.29679995775223,-148.33017110824585,34.1000035405159,120.28150865808129,3.9999999850988388,4.2939595431089401
2102,59.892899990081787,59.236975312232971,-152.91600000858307,-151.72410178184509,117.39999987185001,110.10208446532488,3.6999999582767487,3.7639626413583755
1719,60.700500011444092,60.672748267650604,-151.11580002307892,-150.64860901236534,50.099998712539673,39.779156446456909,3,3.25872802734375
977,61.485900014638901,61.522109508514404,-149.85319999605417,-149.74977126717567,42.199999094009399,54.588884115219116,3.6999999582767487,3.8483517318964005
1571,60.032599985599518,59.825904846191406,-151.43419995903969,-150.83129087090492,75.39999857544899,96.507739275693893,3.9999999850988388,4.3584522753953934
1869,61.725399971008301,61.882432758808136,-148.55179998278618,-148.68080180883408,29.299996793270111,38.984887301921844,3.3999999761581421,3.6786820292472839
738,59.44570004940033,59.196943521499634,-152.74430000782013,-152.18328309059143,79.300001263618469,101.84136778116226,3.3999999761581421,4.0306309461593628
191,62.879400014877319,62.935170412063599,-150.44430001080036,-149.97401746641845,101.99999995529652,68.118855357170105,3,3.5124551653862
919,61.289700001478195,61.419225424528122,-149.98619999969378,-150.02758337371051,38.900002837181091,54.137736558914185,3.3999999761581421,3.498879611492157
456,62.356299996376038,62.618731021881104,-149.12199997901917,-149.18867388367653,13.199999928474426,65.573461353778839,3.199999988079071,3.4848290383815765
1417,61.42849999666214,61.387857884168625,-149.84030000120401,-149.66482575237751,50.300002098083496,42.484678328037262,3.7999999970197678,4.1633428707718849
675,62.449200034141541,62.320858836174011,-148.25120007991791,-148.52490332722664,43.999999761581421,154.89862114191055,6.1000000834465027,5.4306215643882751
760,60.575199991464615,60.163209021091461,-152.90829992294312,-152.33730268478394,143.50000023841858,64.690478146076202,3.2999999821186066,3.9023908674716949
2103,60.429000020027161,60.170196712017059,-151.83599996566772,-151.62594044208527,72.999998927116394,88.576339185237885,3,3.0764378607273102
1903,62.738999962806702,62.713405847549438,-149.68470000475645,-149.47170035541058,73.30000028014183,56.499198079109192,4.6000000052154064,4.5688747856765985
728,61.339700013399124,61.271534204483032,-149.96909999940544,-149.75574781000614,49.000002443790436,80.494850873947144,3.3999999761581421,3.5490179657936096
1957,62.10319995880127,62.182016253471375,-150.63990001380444,-150.1074507907033,10.099999606609344,60.381188988685608,4.8000000044703484,4.3293207474052906
1399,61.444999992847443,61.516635477542877,-149.95530000049621,-149.85117624700069,38.80000114440918,50.61030387878418,3.199999988079071,3.354534387588501
412,60.73769998550415,60.661412209272385,-150.91980001330376,-150.68569810688496,68.937998265028,59.537790715694427,3.2999999821186066,3.3914507031440735
1098,62.879999995231628,62.909469246864319,-150.52620001137257,-150.08357388339937,88.700000196695328,62.24428117275238,3.0999999940395355,3.5948645174503326
1516,59.621500015258789,59.54280686378479,-152.0006999373436,-151.15517216920853,67.800000309944153,139.56444896757603,4.1999999955296516,4.5629003662616014
1524,60.1182000041008,59.555285334587097,-152.54420006275177,-151.50204706192017,93.900000676512718,139.87477496266365,3,3.6166155338287354
825,59.473299980163574,59.191650032997131,-152.56309998035431,-151.5891330242157,73.30000028014183,119.67739462852478,3.8999999910593033,4.2301086857914925
1781,61.758099973201752,62.009385228157043,-147.79749995470047,-148.12906229496002,27.599997818470001,37.735700607299805,3,3.3028201460838318
616,61.568300008773804,61.625578820705414,-149.94830000214279,-149.76903095841408,40.200002491474152,63.702326267957687,3.2999999821186066,3.4813735485076904
114,59.976500034332275,59.566691160202026,-152.74899995326996,-151.45059049129486,88.700000196695328,139.56070970743895,4.2999999895691872,4.7731728628277779
417,60.939100001007318,60.825564697384834,-150.23369999974966,-150.12712924182415,49.400001764297485,106.54788464307785,3.6999999582767487,3.9032097011804581
2159,60.023000001907349,59.731202363967896,-150.62350000441074,-150.27692623436451,42.599998414516449,116.55316781252623,3.2999999821186066,3.3930956125259399
1625,60.717299997806549,60.628714770078659,-149.91100000217557,-150.07770427130163,39.099998772144318,108.36149379611015,3.3999999761581421,3.5729182362556458
969,61.426999986171722,61.419256895780563,-150.15610000491142,-150.14191469550133,43.899998068809509,68.084649741649628,3,3.2858574986457825
604,62.204399943351746,62.295660257339478,-150.68899999558926,-150.43824738264084,0,82.333926111459732,3.199999988079071,3.2309107482433319
2163,61.166500002145767,62.292853355407715,-152.76090002059937,-151.3326827287674,177.49999836087227,27.197390794754028,3.2999999821186066,3.2319082617759705
89,62.149799942970276,62.252826452255249,-147.40379995107651,-147.839510679245,31.700000166893005,67.81909242272377,3.0999999940395355,3.3983147442340851
848,60.897699996829033,60.882142588496208,-151.01009997725487,-150.73562769591808,54.399996995925903,66.950090229511261,3.2999999821186066,3.505333811044693
1809,60.001200020313263,59.656183481216431,-152.67320001125336,-151.45022857189178,97.999999299645424,145.0213436037302,4.3999999947845936,4.7532089799642563
2162,59.902400016784668,59.265451431274414,-152.9941999912262,-151.93796396255493,110.89999973773956,97.246866673231125,3.2999999821186066,3.1492598354816437
753,61.4375,61.351014733314514,-149.85719999670982,-149.76312080025673,37.600003182888031,51.014035940170288,3.2999999821186066,3.7133330404758453
498,62.402500033378601,62.551525354385376,-149.58719998598099,-149.48483517765999,25.200001895427704,74.284028261899948,3.0999999940395355,3.5375483930110931
1276,61.475199997425079,61.479058653116226,-150.00749999983236,-149.88231317326427,40.600001811981201,55.708840489387512,3.4999999701976776,3.7322153449058533
1325,61.377799987792969,61.372960358858109,-150.07140000164509,-149.87258943915367,29.200002551078796,48.392310738563538,3,3.4453173279762268
1630,59.15339994430542,59.030384540557861,-151.22479999065399,-151.22903743386269,38.40000182390213,62.136337161064148,3.199999988079071,3.2166809141635895
11,61.32370001077652,61.293219447135925,-152.34409993886948,-152.03529024124146,4.1000023484230042,84.635812789201736,3.2999999821186066,3.1439123153686523
396,61.71780002117157,61.857067286968231,-149.58409997820854,-149.31796418130398,43.899998068809509,81.504035741090775,3.7999999970197678,3.9494310468435287
284,59.965199947357178,60.4068883061409,-152.00050002336502,-149.52095532417297,63.099998980760574,81.138618290424347,3,3.1996280550956726
2155,61.740100026130676,61.996337711811066,-151.74239999055862,-151.34238034486771,90.799998492002487,39.50132429599762,3.2999999821186066,3.1725912988185883
1066,62.865300059318542,62.939504265785217,-150.88989999890327,-150.59136092662811,87.200000882148743,41.979245841503143,3,3.5156346559524536
1191,61.311800003051758,61.315422922372818,-150.02550000138581,-149.76883766055107,20.000003278255463,70.090562105178833,3,3.0624884963035583
1440,61.461699992418289,61.869963824748993,-149.92139999940991,-149.42237336933613,46.999998390674591,64.2874576151371,3.3999999761581421,3.9900527447462082
1600,59.030099987983704,59.039043426513672,-152.46509993076324,-151.30145224928856,62.200002372264862,75.773347169160843,3.9999999850988388,4.0533064752817154
2170,62.163699984550476,62.339874029159546,-149.61980000138283,-149.49408799409866,49.000002443790436,86.202971637248993,3.3999999761581421,3.4870086908340454
2060,62.130499958992004,62.434739351272583,-150.7984000146389,-150.48367618024349,73.69999960064888,65.196309238672256,4.2999999895691872,4.4913378576748073
1450,61.47639998793602,61.376877635717392,-149.93429999984801,-149.05227810144424,38.900002837181091,52.018448710441589,3.7999999970197678,4.1969555765390396
690,61.980400025844574,62.200395107269287,-149.90190000459552,-149.77796099334955,35.199999809265137,78.246131539344788,3,3.444701761007309
1937,60.010999977588654,59.213025212287903,-152.80780005455017,-151.47038689255714,94.39999982714653,119.59718959406018,3,3.7826803475618362
1568,62.205100059509277,62.348122119903564,-150.04700000211596,-149.84138055145741,45.500002801418304,67.991316318511963,3.4999999701976776,3.8064161986112595
2141,61.5,61.533316314220428,-150.85600000619888,-150.60256120562553,61.20000034570694,68.297840654850006,3.199999988079071,3.2639260590076447
689,60.321900010108948,60.227773666381836,-151.13510003685951,-150.99575319886208,42.599998414516449,75.386360287666321,3.6999999582767487,3.9815834015607834
851,61.192200005054474,61.159965515136719,-149.98220000043511,-149.90059591457248,45.100003480911255,57.119712233543396,3.5999999642372131,3.8635481894016266
1498,61.420899987220764,61.665005028247833,-149.96140000037849,-149.4454899430275,43.399997055530548,59.081099927425385,3.9999999850988388,4.7507152408361435
159,62.538599967956543,62.651497602462769,-149.24549996852875,-149.18511655926704,59.799998998641968,52.78351902961731,3.3999999761581421,3.7389438450336456
895,60.257099986076355,59.75996470451355,-152.57330006361008,-151.75538599491119,99.199999123811722,104.20663096010685,3,3.3675210177898407
1873,62.153200030326843,62.307639598846436,-150.81179997324944,-150.51381155848503,67.800000309944153,55.4390549659729,3.0999999940395355,3.5373927354812622
257,59.595100045204163,59.109382510185242,-152.67039996385574,-151.41552856564522,77.500000596046448,92.568125575780869,3.0999999940395355,3.8080223500728607
335,62.538100004196167,62.677555680274963,-149.79440000653267,-149.60284307599068,64.19999897480011,69.240111857652664,3.0999999940395355,3.1457540988922119
2143,60.702600002288818,60.50672510266304,-151.56619995832443,-151.06310471892357,77.399998903274536,31.029008328914642,3.7999999970197678,3.9056848436594009
1039,60.325699985027313,60.20221334695816,-151.3052000105381,-151.0053388774395,60.999996960163116,73.701214045286179,4.7000000104308128,5.017076388001442
515,61.519699990749359,61.516099870204926,-149.89070000499487,-149.76277933269739,37.10000216960907,71.300417184829712,3.3999999761581421,3.7225660085678101
1348,61.48199999332428,61.485921174287796,-149.93859999999404,-149.7422001734376,38.099996745586395,61.970345675945282,3.2999999821186066,3.7164992094039917
1015,61.996800005435944,61.971670210361481,-149.08370000123978,-149.11304631829262,3.4999996423721313,98.278393968939781,3,3.3607350289821625
768,60.176800012588501,60.009480953216553,-150.94669997692108,-150.6816925406456,62.5,90.495917946100235,3.0999999940395355,3.3190852403640747
2067,59.274199962615967,59.054131984710693,-152.50850003957748,-151.24503350257874,73.100000619888306,77.970031648874283,3.4999999701976776,3.9472963660955429
441,61.56029999256134,61.774934470653534,-151.84450006484985,-151.54883372783661,102.80000045895576,68.329427391290665,3,3.3710997998714447
1765,62.35699999332428,62.516935110092163,-147.81550008058548,-148.04369366168976,44.39999908208847,84.189977496862411,3.199999988079071,3.5768340826034546
761,60.218699991703033,60.093340635299683,-151.63990008831024,-151.21595969796181,70.799998939037323,85.957188159227371,3.199999988079071,3.6148345470428467
1246,61.462000012397766,61.507427513599396,-149.91039999760687,-149.82311157882214,31.800001859664917,63.636187463998795,3.2999999821186066,3.6399698853492737
1203,60.224699974060059,59.855560779571533,-151.84920001029968,-151.26759302616119,60.300000011920929,82.17959851026535,3.199999988079071,3.5283074676990509
1747,59.613100051879883,59.213309526443481,-152.88529998064041,-151.61803650856018,98.30000065267086,109.17726159095764,3.3999999761581421,3.9629521518945694
1123,61.751500010490417,61.81936651468277,-150.7572999894619,-150.37913829088211,70.900000631809235,60.268789529800415,3.199999988079071,3.6879717707633972
521,60.608399987220764,60.69235360622406,-149.96060000080615,-150.179772477597,23.100003600120544,95.008445903658867,3,3.4424066841602325
22,60.15530002117157,59.813016414642334,-152.4345999956131,-151.48739174008369,86.399998515844345,129.41439263522625,3.199999988079071,3.913980558514595
356,62.741899967193604,62.750203847885132,-150.55530001223087,-150.19199681282043,86.699999868869781,56.994184851646423,3.5999999642372131,4.0453784018754959
1277,61.337199985980988,61.338587820529938,-150.07740000262856,-149.91047040559351,20.499996840953827,62.532413750886917,3.199999988079071,3.3068422973155975
1312,61.488499999046326,61.490063220262527,-149.92729999870062,-149.82916628569365,37.600003182888031,67.799601703882217,3.0999999940395355,3.5211551785469055
1635,61.425300002098083,61.372589558362961,-151.48600003123283,-151.30020028352737,91.699998825788498,49.683913588523865,3,3.489499568939209
2002,60.107900023460388,59.461896181106567,-152.6363999247551,-151.54887056350708,92.500001192092896,130.29151083901525,3.0999999940395355,3.6224717795848846
340,62.164399981498718,62.89790940284729,-152.10230004787445,-151.43115609884262,101.29999928176403,73.563124984502792,3.199999988079071,3.637611597776413
431,61.84850001335144,61.94782567024231,-147.57539999485016,-147.82108694314957,28.800003230571747,64.065750688314438,4.0999999791383743,4.1922997087240219
473,61.591099977493286,61.845861673355103,-151.62120008468628,-151.54631835222244,86.59999817609787,94.864437356591225,3,3.4296746850013733
217,60.018899977207184,59.313630342483521,-152.62099993228912,-151.65133488178253,97.999999299645424,125.78190217027441,3.0999999940395355,3.6660298705101013
911,61.26570001244545,61.292919307947159,-150.03309999871999,-149.86593959480524,46.199999749660492,63.21176141500473,3.0999999940395355,3.3142595887184143
1227,61.446999996900558,61.460035026073456,-150.0093999998644,-149.7954285889864,20.099997520446777,60.681194067001343,3,3.3379310667514801
1896,59.904500007629395,59.775047540664673,-150.25819998979568,-150.15285977348685,55.200003087520599,91.83816984295845,3.2999999821186066,3.7374213337898254
1011,60.367500007152557,59.87419319152832,-152.59790003299713,-151.72004342079163,106.39999993145466,103.44908200204372,3.6999999582767487,4.2044700980186462
957,59.75820004940033,59.13702130317688,-152.56510001420975,-151.43612685799599,78.800000250339508,108.78141224384308,3.7999999970197678,3.6957069039344788
93,61.44200000166893,61.548221468925476,-150.79539996385574,-150.43438419699669,49.599997699260712,78.171461820602417,3,3.205374151468277
1008,61.958700001239777,61.991591274738312,-150.49230001866817,-150.38702675700188,16.300000250339508,67.541081458330154,3.0999999940395355,3.5705212354660034
1070,60.912000000476837,60.839042365550995,-150.58900000154972,-150.59298227727413,61.499997973442078,90.441755950450897,3.0999999940395355,3.371174544095993
1092,61.336400002241135,61.383816301822662,-150.01359999971464,-149.74189491569996,38.099996745586395,33.081971108913422,3.2999999821186066,3.5722097754478455
1946,62.117499947547913,62.288264632225037,-151.14550003409386,-150.45609650015831,70.500001311302185,60.31026691198349,3.0999999940395355,3.4619239568710327
1308,61.326099991798401,61.336221814155579,-150.03220000024885,-149.89789007976651,21.300002932548523,63.292272388935089,3.0999999940395355,3.3488547205924988
696,62.230800032615662,62.404312252998352,-148.19029998779297,-148.13374972343445,21.899998188018799,96.551034599542618,3.0999999940395355,3.4338098466396332
1109,61.386900007724762,61.367149114608765,-150.02439999952912,-149.69566704332829,39.399996399879456,49.490541219711304,3,3.4559148252010345
996,62.729699969291687,62.848461508750916,-148.59109997749329,-148.68904039263725,66.700000315904617,51.081150770187378,3,3.4622832834720612
1458,61.485199987888336,61.893033921718597,-149.92729999870062,-150.51154321432114,37.799999117851257,94.497337937355042,3.0999999940395355,4.1967245936393738
1679,62.15939998626709,62.383726119995117,-152.0949000120163,-151.45694920420647,103.70000079274178,53.743183612823486,3.199999988079071,3.6457169651985168
153,60.297800004482269,60.148819029331207,-151.36039996147156,-150.88503357768059,55.100001394748688,55.131047964096069,3.3999999761581421,3.6349329650402069
1099,61.897199988365173,62.0069500207901,-151.18349996209145,-150.71715147793293,72.39999994635582,61.538740992546082,3.4999999701976776,3.821939080953598
2046,60.674400001764297,60.64174896478653,-151.19719997048378,-151.06964358687401,60.900002717971802,37.158504128456116,3.0999999940395355,3.1616401970386505
2205,61.555000007152557,61.646439254283905,-151.48699995875359,-151.53833770751953,74.000000953674316,86.26459538936615,3.0999999940395355,3.0711137652397156
789,60.893200002610683,60.93092142790556,-147.60499995946884,-147.87688064575195,9.7000002861022949,66.589381545782089,3,3.1977431774139404
580,61.84469997882843,61.936762869358063,-150.52439998090267,-150.2691380828619,45.800000429153442,78.969541937112808,3.0999999940395355,3.5364499390125275
1470,61.514900028705597,61.546604931354523,-149.92789999768138,-148.18906080722809,38.099996745586395,39.84484076499939,3.199999988079071,3.6092666387557983
703,62.773499965667725,62.90382444858551,-149.67099999636412,-149.56490068137646,70.999998599290848,31.63418173789978,3.199999988079071,3.435825526714325
1212,61.392100006341934,61.390699237585068,-150.07789999991655,-149.97612182423472,19.799999892711639,62.834396958351135,3.3999999761581421,3.6140416860580444
1295,61.488400012254715,61.482211142778397,-149.93949999846518,-149.8783885538578,32.799996435642242,56.651443243026733,3,3.4254303574562073
2125,60.03439998626709,59.303727149963379,-152.60110008716583,-151.56430274248123,91.899998486042023,136.29474677145481,3.199999988079071,3.5149936079978943
1260,61.267399996519089,61.220573469996452,-149.95969999954104,-149.72861076146364,40.50000011920929,65.12891873717308,3.0999999940395355,3.4581142365932465
487,62.457499980926514,62.643610954284668,-148.22630006074905,-148.19824755191803,35.499997437000275,105.33540695905685,3.2999999821186066,3.7720967978239059
1624,61.195700004696846,61.126679271459579,-150.33229999244213,-150.39213556051254,59.299997985363007,54.927676916122437,3,3.1971083879470825
559,61.950100004673004,62.034694314002991,-150.66640001535416,-150.3832551240921,63.599999994039536,81.043731421232224,3.3999999761581421,3.7746645212173462
1141,61.405099987983704,61.381509035825729,-149.88499999791384,-149.63135151565075,36.399997770786285,37.343315780162811,3.6999999582767487,3.678371787071228
2053,59.811699986457825,59.102618455886841,-152.72680002450943,-151.59360408782959,109.89999957382679,108.01476612687111,3.2999999821186066,3.2312349379062653
1119,61.957300007343292,62.10324490070343,-150.67489998042583,-150.40070606768131,55.600002408027649,72.799824178218842,3,3.4700769782066345
801,62.995100021362305,62.965641140937805,-151.54879993200302,-151.43669280409813,3.4999996423721313,135.8961733058095,3.8999999910593033,3.8052239120006561
512,62.418499946594238,62.823132514953613,-151.49750000238419,-151.09367555379868,87.900001555681229,115.2040297165513,3.199999988079071,3.9576741009950638
633,62.9757000207901,62.924596905708313,-148.47769993543625,-148.45475220680237,7.3999986052513123,34.378290176391602,3.0999999940395355,3.2479419708251953
1760,61.561100006103516,61.592564880847931,-148.06519997119904,-148.25734376907349,20.000003278255463,27.671992778778076,3.2999999821186066,3.6759754121303558
1664,62.783100008964539,62.801597356796265,-148.87560001015663,-149.01972788572311,20.300000905990601,70.323355495929718,4.0999999791383743,4.0121458321809769
1012,61.49779999256134,61.597977697849274,-147.79640007019043,-148.14670586585999,9.0000033378601074,30.457809567451477,3.3999999761581421,3.7875348776578903
1838,59.802899956703186,59.460006237030029,-151.77720004320145,-151.21104571223259,62.89999932050705,130.60533162206411,3.9999999850988388,4.2972754240036011
1150,61.530900001525879,61.560273945331573,-149.99219999997877,-149.74738126248121,34.900002181529999,69.519363343715668,3,3.3407354950904846
790,62.899600028991699,62.942933678627014,-149.97360000014305,-149.72686267644167,80.099999904632568,29.305815696716309,4.6000000052154064,4.0588130503892899
116,59.47379994392395,59.374866724014282,-150.72549998760223,-150.8766855597496,31.499996781349182,119.92941983044147,3.4999999701976776,3.7790962010622025
1497,61.428299993276596,61.805748045444489,-149.94179999828339,-149.93812752887607,36.600001156330109,56.147441267967224,3.9999999850988388,5.0940007567405701
740,59.953400015830994,59.280724763870239,-152.867899954319,-152.06393623352051,106.69999942183495,99.377861246466637,3.199999988079071,3.2002036571502686
2014,62.81470000743866,62.945785164833069,-150.56119997799397,-150.11907148361206,87.900001555681229,28.799116611480713,3.199999988079071,3.4371682405471802
1081,61.427899986505508,61.467404782772064,-150.02979999873787,-149.82371179014444,40.200002491474152,52.223891019821167,3.2999999821186066,3.6402845084667206
1627,61.75110000371933,62.026455521583557,-148.13740003108978,-148.73620158433914,3.4999996423721313,56.073233485221863,4.6000000052154064,3.8956966549158096
830,62.917099952697754,62.971406817436218,-149.34709998965263,-149.37967224419117,75.500000268220901,21.90050482749939,3.0999999940395355,3.572970449924469
119,59.760599970817566,59.298647999763489,-152.09709995985031,-151.27035444974899,68.500000983476639,112.47784830629826,3.199999988079071,3.9265867173671722
656,62.241899967193604,62.38668417930603,-149.60639999806881,-149.42259809374809,42.999997735023499,79.296477138996124,3.2999999821186066,3.5978770852088928
1970,59.878999948501587,59.474909663200378,-151.84990006685257,-151.31399434804916,55.600002408027649,135.37896890193224,3.0999999940395355,3.4696906507015228
1913,62.874500036239624,62.929384231567383,-148.23779994249344,-148.32257509231567,66.300000995397568,51.205635070800781,3.2999999821186066,3.6407920718193054
2158,59.738399982452393,59.147815942764282,-152.80980008840561,-152.34998559951782,90.500000864267349,112.54409048706293,3,3.0763050019741058
635,61.408499985933304,61.398389637470245,-150.00679999985732,-149.85900788381696,36.899998784065247,62.863077968358994,3.5999999642372131,3.8406689018011093
369,61.720300018787384,61.863735496997833,-149.55190001428127,-149.45507843792439,34.800000488758087,74.354700744152069,4.5,4.650702740997076
268,59.935799956321716,59.442026138305664,-152.18040007352829,-151.49869948625565,71.699999272823334,130.32958889380097,3.199999988079071,3.7749064564704895
655,62.436599969863892,62.601341724395752,-148.21510004997253,-148.2510792016983,46.599999070167542,110.11877749115229,3.3999999761581421,3.8705348074436188
935,61.540899991989136,61.630010604858398,-149.76199999451637,-149.63053786754608,39.300002157688141,70.35151869058609,3.0999999940395355,3.4948151707649231
822,61.875,62.006881237030029,-152.07490003108978,-151.36314985156059,115.5000003054738,92.424377799034119,3,3.4929049015045166
866,59.741299986839294,59.234475612640381,-152.85730004310608,-152.00628036260605,87.600000202655792,99.375879392027855,3.2999999821186066,3.4661358296871185
46,60.935000002384186,60.898631766438484,-150.34139999002218,-150.25720540434122,55.900000035762787,105.831079185009,3.0999999940395355,3.4936768412590027
1373,61.385699987411499,61.129265755414963,-150.06180000118911,-149.41869932413101,37.500001490116119,42.576692998409271,3.3999999761581421,3.481758713722229
2035,61.342000007629395,61.363946408033371,-150.14800000190735,-149.99796925520059,39.70000147819519,64.101405441761017,3.2999999821186066,3.4209509789943695
991,62.496399998664856,62.443090677261353,-151.56879991292953,-151.03251251578331,92.799998819828033,60.447521507740021,5.0000000149011612,4.9130727499723434
876,61.418500006198883,61.195273220539093,-151.39549997448921,-151.12786611914635,87.900001555681229,44.356733560562134,3.4999999701976776,4.0177622437477112
773,61.537000000476837,61.571064412593842,-149.82140000537038,-149.67217945307493,39.599999785423279,63.519038259983063,3.0999999940395355,3.5200885534286499
1219,61.460799992084503,61.468829363584518,-149.97630000114441,-149.86034011468291,33.600002527236938,75.418118387460709,3,3.2119751572608948
1126,61.489699989557266,61.498773008584976,-150.22450000047684,-150.09519043564796,46.400003135204315,65.614677965641022,3.0999999940395355,3.2536408603191376
4,60.351400017738342,59.991528272628784,-152.2681000828743,-151.46602642536163,83.799999207258224,105.5791825056076,4.5,4.8670358508825302
2090,59.871700048446655,59.248214483261108,-152.52659994363785,-151.42486354708672,92.399999499320984,126.76307978108525,3.5999999642372131,3.9346086233854294
1003,60.142000019550323,59.854201793670654,-151.97989994287491,-151.50040572881699,67.800000309944153,99.815754219889641,3.0999999940395355,3.6667309999465942
1984,62.187700033187866,62.245253086090088,-150.37020000815392,-150.33626975119114,54.700002074241638,53.695991635322571,3.2999999821186066,3.5404239892959595
2051,62.350000023841858,62.498752474784851,-149.68429999798536,-149.5652027875185,57.199999690055847,62.282897531986237,4.1999999955296516,4.4834082629531622
263,61.864300012588501,61.949820041656494,-148.9685999751091,-148.84891220927238,35.478003323078156,76.529115438461304,3.3999999761581421,3.5307108163833618
1867,59.288900017738342,59.050447344779968,-152.90460008382797,-151.54835164546967,81.199999898672104,90.652327984571457,3.2999999821186066,3.7046547532081604
612,60.346599996089935,59.929145097732544,-151.76989996433258,-150.93490263819695,65.699998289346695,89.242354035377502,3.2999999821186066,3.5367650985717773
443,62.922099947929382,62.909294486045837,-150.78329998254776,-150.14359641820192,105.90000078082085,78.029315918684006,4.0999999791383743,3.710665225982666
1002,60.917000003159046,60.812567919492722,-151.76489996910095,-151.53525638580322,83.399999886751175,31.336553394794464,3.4999999701976776,3.6586795449256897
1077,62.780099987983704,62.753098130226135,-148.77759996056557,-148.86345782876015,29.200002551078796,75.41457936167717,3.199999988079071,3.6443712115287781
837,61.26460000872612,61.180004745721817,-150.33079998940229,-150.21014146506786,12.100003659725189,74.20031726360321,3,3.1036435067653656
681,59.282099962234497,59.084190607070923,-152.78339999914169,-150.23310998082161,70.399999618530273,57.905316352844238,4.0999999791383743,3.9682560414075851
1715,62.461899995803833,62.554282069206238,-149.10269996523857,-148.95369869470596,37.799999117851257,94.061678275465965,3.6999999582767487,4.1401221603155136
304,59.899500012397766,59.357756495475769,-152.39010000228882,-151.57708418369293,89.299999177455902,114.31813053786755,3,3.3241170644760132
1365,61.528900027275085,61.482674330472946,-149.94049999862909,-149.98532736115158,37.799999117851257,85.541673004627228,3,3.0421676337718964
2064,61.683899998664856,61.927593469619751,-152.1127000451088,-151.34279572963715,121.49999989196658,95.453569665551186,5.800000011920929,5.5444144606590271
313,59.96560001373291,59.299502730369568,-152.76559996604919,-151.65483552217484,103.4999992698431,117.40425834432244,3.4999999701976776,4.1469365358352661
149,61.717999994754791,61.960796415805817,-151.25729995965958,-150.99735993146896,68.599998950958252,83.158757537603378,3.199999988079071,3.7316340208053589
1148,61.130700007081032,61.000189170241356,-150.08049999922514,-150.10299924015999,10.200001299381256,71.293875575065613,3.199999988079071,3.2404734492301941
1213,61.320600003004074,61.293489009141922,-150.05799999833107,-149.8229430578649,20.000003278255463,65.732222050428391,3,3.1000361144542694
574,60.270699977874756,59.806813359260559,-152.53729999065399,-151.7027667760849,93.800000846385956,115.5387731269002,3.199999988079071,3.5745726227760315
1721,60.081700026988983,59.967395424842834,-151.08590000867844,-150.76053160429001,61.800003051757812,87.32277899980545,3.8999999910593033,4.4242815915495157
1688,60.066500008106232,59.708189487457275,-152.47699999809265,-151.44142332673073,95.499999821186066,146.13978751003742,4.9000000208616257,4.8847812116146088
50,60.70660001039505,60.40235048532486,-152.82700002193451,-152.19461005926132,126.9000000320375,41.054233908653259,3.2999999821186066,4.0338531285524368
1847,59.956900000572205,59.620493412017822,-152.69199997186661,-151.86170518398285,98.999999463558197,141.60400815308094,3.199999988079071,3.8504570871591568
726,60.224300026893616,59.787886619567871,-152.62200003862381,-151.54147839546204,106.39999993145466,131.32019201293588,3.7999999970197678,4.0145996510982513
833,59.386700034141541,59.078676342964172,-151.94100004434586,-151.53230452537537,56.50000274181366,86.099397391080856,3.0999999940395355,3.0846980810165405
1377,61.322299987077713,61.18206475675106,-150.08579999953508,-149.7685869410634,33.299997448921204,37.78037428855896,3.3999999761581421,3.5329663753509521
1115,61.303099989891052,61.310595214366913,-149.74359999597073,-149.54378928244114,38.40000182390213,65.009467303752899,3,3.2379951775074005
1166,61.28999999165535,61.235308900475502,-150.10269999504089,-149.99527426448185,34.999996423721313,44.959060847759247,4.9000000208616257,4.4863936607725918
470,61.14360000193119,61.185648739337921,-151.09960001707077,-150.7593660056591,50.999999046325684,63.978292047977448,3.0999999940395355,3.5798433423042297
971,61.501699984073639,61.561354577541351,-149.87889999523759,-149.62918136268854,42.199999094009399,91.326180845499039,3.4999999701976776,3.7108149826526642
653,60.980100000277162,61.025185519829392,-151.47790002822876,-151.48507717251778,64.100001007318497,69.233983755111694,3.199999988079071,3.432845413684845
399,61.785399973392487,61.860688626766205,-151.01790001988411,-150.80387806892395,79.700000584125519,77.137786895036697,3.6999999582767487,4.1842061877250671
511,60.786899998784065,60.808175712823868,-149.06479999423027,-149.32716585695744,10.600000619888306,50.253123044967651,3,3.1775811016559601
1907,61.749000012874603,61.821718752384186,-148.18049991130829,-148.4143243432045,14.499999582767487,38.141012191772461,3.3999999761581421,3.70282182097435
320,61.149499997496605,61.17297987639904,-150.72210001945496,-150.54968981444836,15.100002288818359,95.031572505831718,3,3.2077284157276154
19,61.172099992632866,61.221527770161629,-149.1695000231266,-149.18473514914513,13.199999928474426,60.886114835739136,3.3999999761581421,3.587552547454834
684,59.239400029182434,59.253209114074707,-149.86470000073314,-150.1267638579011,36.70000284910202,101.56766511499882,3,3.2134333848953247
35,61.856599986553192,62.035019755363464,-149.9847999997437,-149.873066034168,23.000001907348633,85.126917809247971,3,3.3285067677497864
902,60.9510000012815,60.829519912600517,-150.97769996523857,-150.75301641225815,56.999996304512024,57.450637221336365,3,3.3229655027389526
2085,62.037199974060059,62.192246198654175,-149.52679999172688,-149.41767033934593,38.599997758865356,101.29161179065704,3.2999999821186066,3.3637888133525848
827,61.495299994945526,61.637395262718201,-149.88019999489188,-149.66873621195555,46.09999805688858,45.10226845741272,3.199999988079071,3.513489156961441
524,62.805500030517578,62.912993550300598,-148.87430003285408,-149.04376673698425,50.999999046325684,28.110310435295105,3.199999988079071,3.4768962264060974
407,61.587599992752075,61.632691562175751,-150.57600000500679,-150.28650330752134,53.800001740455627,67.156974226236343,3.2999999821186066,3.6264829337596893
920,60.106199979782104,59.814392328262329,-150.45409999787807,-150.39687520265579,39.200000464916229,97.422078251838684,3.5999999642372131,3.8854851275682449
537,62.373900055885315,62.470064163208008,-147.46609997749329,-147.73149615526199,11.200003325939178,78.742578625679016,3.0999999940395355,3.570268839597702
758,61.467500001192093,61.386217385530472,-150.71479998528957,-150.49409879744053,73.69999960064888,83.173435181379318,3.2999999821186066,3.5922991633415222
1705,59.572299957275391,59.183405876159668,-152.62370002269745,-151.1973420381546,75.300000607967377,106.20218329131603,3.7999999970197678,4.1467321738600731
2157,61.50900000333786,61.56197464466095,-151.51289999485016,-151.39116579294205,4.1999965906143188,90.800374746322632,3.4999999701976776,3.2476760745048523
1062,59.136800050735474,59.025322198867798,-152.9970999956131,-151.40172725915909,69.699998944997787,79.151418060064316,3.7999999970197678,4.1345038712024689
1199,61.350699990987778,61.328374564647675,-149.99080000002868,-149.86277328059077,42.000003159046173,60.692690312862396,3,3.2097957730293274
245,59.908100008964539,59.288726925849915,-152.79830002784729,-151.75606048107147,99.199999123811722,118.14797157421708,3.199999988079071,4.1150360405445099
1834,59.716899991035461,59.203615665435791,-152.6952999830246,-151.45586380362511,94.79999914765358,123.22412268258631,3.3999999761581421,4.0884343832731247
1416,61.439099997282028,61.457527428865433,-150.07730000093579,-149.8950243294239,30.28000146150589,43.314337730407715,3.5999999642372131,3.6078988909721375
1127,61.507700026035309,61.500836133956909,-149.90120000392199,-149.7891795784235,36.200001835823059,81.609800457954407,3,3.5134933590888977
784,61.519999980926514,61.598685204982758,-149.91439999826252,-149.6819134131074,41.500002145767212,39.141051471233368,5.1000000089406967,4.9766820967197418
1409,61.37729999423027,61.491009384393692,-150.11780000478029,-149.7773754671216,21.799996495246887,66.764365881681442,3.0999999940395355,3.5185276865959167
489,60.315299987792969,59.965187907218933,-152.31419992446899,-151.39574441313744,85.799999535083771,78.344907611608505,3.3999999761581421,3.964906632900238
154,59.473999977111816,59.113264679908752,-152.76380002498627,-151.36515775322914,90.900000184774399,86.504872888326645,3.3999999761581421,3.9063301831483841
1662,59.621000051498413,59.34351634979248,-152.24219995737076,-151.06430438160896,83.5999995470047,120.97965693101287,4.2999999895691872,4.4022689871490002
961,62.180799961090088,62.333245158195496,-148.38949996232986,-148.63842898607254,38.80000114440918,62.266834080219269,3,3.3485262393951416
1686,60.70100000500679,60.584457963705063,-150.51369997859001,-150.28996498882771,56.699998676776886,88.795214891433716,3,3.3627839684486389
853,61.326200008392334,61.386902272701263,-150.13249999657273,-149.96091701555997,41.4000004529953,48.33298921585083,3.7999999970197678,3.7250162959098816
1311,61.356700003147125,61.331303745508194,-150.10229999944568,-149.93774557113647,35.80000251531601,69.769922643899918,3.2999999821186066,3.6193014979362488
625,61.860099971294403,61.996787011623383,-150.55530001223087,-150.28350783884525,60.400001704692841,88.000711053609848,4.0999999791383743,3.8905650973320007
1815,60.061800003051758,59.872722625732422,-151.08110001683235,-150.87493461370468,60.099996626377106,92.814113944768906,3.4999999701976776,3.9807006865739822
685,62.51830005645752,62.570862054824829,-149.18039998412132,-149.08584961295128,9.0999975800514221,59.907153248786926,3.6999999582767487,3.7821529805660248
1859,61.289200007915497,61.228996187448502,-150.39730001986027,-150.14995012432337,49.400001764297485,72.290539741516113,3.3999999761581421,3.7030489146709442
569,59.245300054550171,59.079585790634155,-152.13369995355606,-151.40726378560066,60.300000011920929,75.612321496009827,3.3999999761581421,4.2090535685420036
565,62.902099967002869,62.951024293899536,-149.30259999632835,-149.29147177934647,66.500000655651093,29.419898986816406,3.8999999910593033,4.2696008607745171
1758,60.692699998617172,60.398156940937042,-152.77009999752045,-152.26963305473328,8.9000016450881958,26.389889419078827,3.0999999940395355,3.3554686009883881
1816,60.770600005984306,60.704424649477005,-150.1984000056982,-150.19505075365305,50.399996340274811,100.55419988930225,3.9999999850988388,3.9461894184350967
17,62.00380003452301,62.109063625335693,-150.88269996643066,-150.61760053038597,63.900001347064972,63.095435500144958,3.6999999582767487,4.0133736580610275
127,61.974799990653992,62.206116437911987,-151.45509999990463,-151.05640071630478,77.899999916553497,63.208777457475662,3.6999999582767487,3.9542123079299927
1346,61.489100009202957,61.504248201847076,-149.93840000219643,-149.78257101774216,41.599996387958527,60.85573136806488,3,3.4055065512657166
1279,61.349000006914139,61.258348703384399,-149.99259999976493,-149.73637285083532,39.300002157688141,51.242828369140625,3.4999999701976776,4.3340312875807285
2188,61.595000028610229,61.648588061332703,-150.87329998612404,-150.70774045586586,61.20000034570694,82.626897841691971,3.199999988079071,3.2586702704429626
927,60.699200004339218,60.092782616615295,-152.83700001239777,-152.08199608325958,130.59999980032444,47.494500875473022,3.2999999821186066,3.8168860673904419
980,62.654099941253662,62.736696839332581,-148.77370002865791,-148.99511343240738,55.600002408027649,58.17035585641861,3.3999999761581421,3.7820530235767365
252,60.615500003099442,60.519415378570557,-151.22129997611046,-150.96927165985107,59.000000357627869,73.619343340396881,3.6999999582767487,3.8749702423810959
190,59.031700015068054,59.123401165008545,-150.09590000286698,-150.10146832466125,32.899998128414154,92.607170343399048,3.0999999940395355,3.479489654302597
1139,61.44870001077652,61.398982912302017,-149.883499994874,-149.78065473586321,32.300002872943878,77.893558889627457,3.9999999850988388,3.9675368964672089
992,62.243199944496155,62.478040218353271,-148.22710007429123,-148.43357473611832,28.200000524520874,102.52515040338039,3.199999988079071,3.5299405753612518
699,61.363299995660782,61.233734771609306,-150.02969999983907,-149.86678859218955,38.699999451637268,95.999279990792274,3.2999999821186066,3.3038649559020996
1971,59.854099988937378,59.229874968528748,-152.97259998321533,-151.87826317548752,96.300000324845314,106.99697025120258,3.2999999821186066,3.834548145532608
606,61.373600006103516,61.334337145090103,-149.96229999884963,-149.79032184183598,43.300002813339233,72.919785976409912,3.3999999761581421,3.4940890073776245
180,59.973399996757507,59.303802371025085,-152.88919991254807,-152.11249172687531,118.49999986588955,90.845886617898941,3.2999999821186066,3.902278259396553
301,59.912600040435791,59.541887164115906,-151.81729996204376,-151.43291732668877,59.10000205039978,121.75139389000833,3.2999999821186066,3.4991396069526672
496,60.425700008869171,60.318466544151306,-148.97810000181198,-149.26920814812183,30.599996447563171,45.19246518611908,3.199999988079071,3.4599585235118866
2021,62.678400039672852,62.721802234649658,-149.80210000276566,-149.6370205655694,6.099998950958252,58.250695466995239,3,3.220317542552948
2037,62.2882000207901,62.348961114883423,-150.72529998421669,-150.50788767635822,66.899999976158142,47.398790717124939,3.5999999642372131,3.7406406104564667
1997,62.814499974250793,62.913058638572693,-150.57100000977516,-150.15275913476944,86.699999868869781,41.277840733528137,3.0999999940395355,3.621160089969635
2078,61.840099990367889,62.042469382286072,-151.69160002470016,-151.26457339525223,98.200000822544098,59.442862868309021,3.3999999761581421,3.5687252283096313
1948,59.843199968338013,59.29533576965332,-152.89069998264313,-151.57938462495804,100.50000064074993,124.43652574438602,3.6999999582767487,4.3446675986051559
517,59.075799942016602,59.02731990814209,-152.32649999856949,-151.32525077462196,49.300000071525574,73.888916522264481,3.199999988079071,3.7227186262607574
1396,61.513800024986267,61.307321488857269,-149.90440000221133,-149.56734636425972,35.599999129772186,49.641162157058716,3.0999999940395355,3.9322545379400253
1069,61.382699996232986,61.399237662553787,-150.00609999988228,-149.87825502455235,40.200002491474152,52.136942744255066,3.199999988079071,3.540044903755188
476,60.980499999597669,60.981041328981519,-150.93649998307228,-150.66099366545677,51.100000739097595,114.50541950762272,4.7000000104308128,5.0798287242650986
157,60.430299997329712,60.211200833320618,-151.82069993019104,-151.43981203436852,69.200001657009125,66.549066454172134,3.0999999940395355,3.4231311678886414
1243,61.325300008058548,61.329376041889191,-150.04169999901205,-149.94301952049136,41.900001466274261,62.655139714479446,3.2999999821186066,3.6291714906692505
1195,61.410600006580353,61.393060564994812,-150.04490000009537,-149.90204921364784,37.600003182888031,61.159588396549225,3,3.2474904656410217
16,59.247099995613098,59.025869846343994,-152.4582000374794,-151.51800584793091,60.999996960163116,66.459294408559799,3.0999999940395355,3.2044004201889038
1535,61.345299988985062,61.344062328338623,-149.62739999592304,-149.60781946778297,30.799999833106995,58.873586356639862,3,3.3023588061332703
1072,61.388799995183945,61.396292597055435,-149.88540000468493,-149.60831035673618,38.000002503395081,30.584454536437988,3.6999999582767487,3.9937759637832642
2190,60.235400021076202,59.567416191101074,-152.48049992322922,-151.6264089345932,115.60000013560057,128.36064794100821,3.199999988079071,3.4210887551307678
546,60.118099987506866,59.534863710403442,-152.62709999084473,-151.54499047994614,83.5999995470047,141.27612113952637,3,3.5235734581947327
1539,61.983699977397919,62.228285551071167,-147.62879991531372,-147.88577878475189,10.099999606609344,67.441865801811218,3.3999999761581421,3.6484819650650024
658,61.738200008869171,61.862246334552765,-149.64079999923706,-149.56107169389725,30.100002884864807,105.48853129148483,3.0999999940395355,3.4205043911933899
2031,59.768900036811829,59.217566728591919,-152.52829992771149,-151.24323660135269,83.000000566244125,115.18067680299282,4.1999999955296516,4.2962111681699753
1852,62.157500028610229,62.485572099685669,-152.1156000494957,-151.38928252458572,104.19999994337559,69.389123469591141,3,3.5245243906974792
1019,61.479699999094009,61.480703890323639,-149.94249999895692,-149.8380171507597,43.700002133846283,92.234265059232712,3,3.2504813969135284
1977,61.698400020599365,61.841768980026245,-147.54429996013641,-147.95506793260574,24.999998509883881,39.28840160369873,3.6999999582767487,3.9216893166303635
1504,61.335999995470047,61.062793426215649,-149.91009999811649,-148.32828140258789,39.300002157688141,88.732309639453888,4.2999999895691872,5.0171944051980972
959,60.46340000629425,60.544932901859283,-151.23269999027252,-150.9247545003891,54.300002753734589,41.885003447532654,3.2999999821186066,3.5529595613479614
2145,59.148100018501282,59.034340977668762,-152.82490003108978,-151.73696172237396,70.000000298023224,87.493319064378738,3,3.0583992898464203
283,60.084399998188019,59.372208833694458,-152.93680000305176,-151.80164855718613,109.20000076293945,114.91241864860058,3.5999999642372131,4.2396805509924889
1632,59.341899991035461,59.023643136024475,-152.89550006389618,-151.27290683984756,76.400000602006912,71.821697056293488,4.1999999955296516,3.8090778887271881
797,62.037500023841858,62.151872992515564,-150.50800001621246,-150.33896539360285,51.100000739097595,64.190860837697983,3.2999999821186066,3.7591206282377243
1931,59.790199995040894,59.276067972183228,-152.9646999835968,-152.10076010227203,109.40000042319298,82.605760544538498,3,3.65185546875
225,60.277899980545044,59.480078458786011,-152.51140004396439,-151.45808610320091,101.80000029504299,126.77980668377131,3.6999999582767487,4.212470680475235
26,60.94480000063777,60.943425241857767,-147.36059993505478,-147.85346674919128,16.199998557567596,45.908331871032715,4.2999999895691872,4.0701510161161423
2080,61.946099996566772,62.036442160606384,-150.47139997780323,-150.23441219329834,28.599999845027924,66.766023635864258,4.3999999947845936,4.0576107054948807
1799,61.50110000371933,61.444913744926453,-150.00880000018515,-149.80636565387249,44.39999908208847,37.764556705951691,3.4999999701976776,3.6940137147903442
437,62.189100027084351,62.366687655448914,-149.86499999463558,-149.73643592745066,45.400001108646393,76.934702694416046,3,3.1232679784297943
2178,60.41839998960495,60.126965284347534,-151.60859996080399,-151.19613960385323,78.499998897314072,54.282210767269135,3.2999999821186066,3.1307429373264313
1388,61.486999988555908,61.52907782793045,-149.95030000247061,-149.78485201299191,37.900000810623169,80.80698549747467,3.199999988079071,3.3852649927139282
229,61.423900008201599,61.335034430027008,-150.64810001850128,-150.29063165187836,60.400001704692841,60.03928929567337,3.0999999940395355,3.2876096963882446
37,61.444999992847443,61.458039551973343,-150.71559999883175,-150.25259658694267,42.300000786781311,83.409618586301804,3.0999999940395355,3.4659680128097534
1693,62.010499954223633,62.080913901329041,-149.29939998686314,-149.17741343379021,7.3999986052513123,91.657865792512894,3.199999988079071,3.3992503881454468
749,62.846500039100647,62.810459613800049,-150.49400000274181,-150.02273946627975,95.200000330805779,50.23057758808136,4.2999999895691872,4.1915380731225014
1045,62.268399953842163,62.431257605552673,-151.16280001401901,-150.72380518913269,78.000001609325409,57.903178036212921,3.0999999940395355,3.6773270666599274
1398,61.497599989175797,61.456661969423294,-149.90399999544024,-149.83034925162792,35.999998450279236,50.632476806640625,3,3.5686317980289459
469,61.691500008106232,61.783769965171814,-150.70489999651909,-150.57822306454182,53.900003433227539,76.297074556350708,3,3.5000393986701965
1906,62.633599996566772,62.89646327495575,-151.21580001711845,-150.46340560913086,83.099998533725739,53.543955087661743,3.2999999821186066,3.7894226610660553
2017,59.57260000705719,59.071759104728699,-152.67610001564026,-151.48974975943565,82.899998873472214,106.33198730647564,3.2999999821186066,3.1822739839553833
2187,62.116199970245361,62.209841012954712,-149.44489999115467,-149.39733123779297,4.0000006556510925,95.970191061496735,3.0999999940395355,3.0940450429916382
687,60.939699999988079,60.848797485232353,-151.23999997973442,-150.76660805940628,56.10000342130661,62.94463574886322,3.2999999821186066,3.5690762400627136
1056,59.357800006866455,59.056263446807861,-152.79519993066788,-151.74453341960907,75.39999857544899,93.883244320750237,3,3.1725174486637115
639,59.928200006484985,59.345936179161072,-152.68029999732971,-151.79769641160965,89.699998497962952,122.09118343889713,3,3.6055351495742798
2040,60.455999970436096,59.981412887573242,-152.30299991369247,-151.42900541424751,86.399998515844345,50.555050373077393,3.199999988079071,3.2096243798732758
1218,61.45210000872612,61.452695190906525,-150.06489999778569,-149.93395644798875,23.100003600120544,43.146148324012756,3.3999999761581421,3.7015092372894287
1158,61.383300006389618,61.432603865861893,-149.8711999990046,-149.92750649526715,47.700002789497375,43.728061020374298,3.3999999761581421,3.7483475804328918
1415,61.468400001525879,61.452590525150299,-149.92459999769926,-149.75493633002043,36.799997091293335,37.059769034385681,4.1999999955296516,3.6206533312797546
1944,60.141799986362457,59.74569845199585,-152.43969994783401,-151.48418390750885,96.300000324845314,129.91794664412737,3.0999999940395355,3.7989082932472229
1527,61.429899990558624,61.475959956645966,-149.43739999830723,-149.41406679153442,36.799997091293335,52.778333425521851,3,3.3307285308837891
1995,60.072700023651123,59.853619694709778,-151.52249997854233,-150.93596461415291,71.899998933076859,95.22317536175251,3.199999988079071,3.6230066120624542
1300,61.363499999046326,61.2804956138134,-150.13319999724627,-149.80810844153166,20.300000905990601,65.965507179498672,3,3.093800961971283
2112,60.23989999294281,59.885631561279297,-152.34579992294312,-151.75244951248169,97.899999469518661,122.27963772602379,3.0999999940395355,3.1780269742012024
800,61.502499997615814,61.574967741966248,-149.96729999966919,-149.70335011929274,39.300002157688141,61.872817575931549,3.0999999940395355,3.1873433589935303
1603,59.48800003528595,59.318889856338501,-149.74290000647306,-150.37586139142513,10.099999606609344,125.32862200168893,3.2999999821186066,3.5303437113761902
160,62.000800013542175,62.052698969841003,-147.14620006084442,-147.61305677890778,39.499998092651367,57.175308465957642,3.4999999701976776,3.5908752679824829
1704,59.794000029563904,59.257132768630981,-152.94500005245209,-151.59058982133865,105.00000044703484,121.60078622400761,3.5999999642372131,4.227468453347683
956,59.604699969291687,59.218656897544861,-152.78339999914169,-151.44133803248405,88.199999183416367,134.61974821984768,4.5,4.6099838800728321
1743,60.836899995803833,60.734328240156174,-150.70139998197556,-150.47736074030399,26.299998164176941,108.83025266230106,3.2999999821186066,3.4901676177978516
1186,61.38740000128746,61.381281554698944,-149.98850000021048,-149.8738267198205,19.100002944469452,55.676072835922241,3.2999999821186066,3.5513239502906799
821,61.928900003433228,62.118805885314941,-151.95550006628036,-151.19504436850548,112.80000023543835,66.91790372133255,4.2999999895691872,3.9392670392990112
1729,60.223599970340729,60.258405447006226,-149.55599999427795,-149.70985968410969,37.699997425079346,83.634611219167709,3.0999999940395355,3.157441109418869
2001,60.01419997215271,59.783192753791809,-151.50650006532669,-150.86828371882439,73.800001293420792,100.69635882973671,3.199999988079071,3.7142561674118042
877,61.171000003814697,61.159418970346451,-147.53979992866516,-147.83306819200516,9.7000002861022949,45.434564352035522,3.2999999821186066,3.4855334758758545
1919,60.202099978923798,59.510146379470825,-152.8215000629425,-151.73002409934998,126.00000004749745,92.23383292555809,3.2999999821186066,3.6691094040870667
913,60.580399990081787,60.095938861370087,-152.36210006475449,-151.42741844058037,93.499999493360519,110.85183639079332,4.2999999895691872,4.7895546332001686
1884,62.359799981117249,62.422208786010742,-152.46259993314743,-151.62542939186096,143.50000023841858,60.456708073616028,4.5,4.565596841275692
152,60.768500000238419,60.727886617183685,-149.88940000534058,-150.07225148566067,42.499996721744537,120.88861595839262,3.3999999761581421,3.4658610820770264
98,60.125800013542175,59.890273332595825,-148.51390001177788,-148.8180633187294,5.4000020027160645,67.425444722175598,3.2999999821186066,3.8464565724134445
2083,59.970999956130981,59.120758414268494,-152.59559994935989,-151.63000524044037,93.600001186132431,122.21781676635146,3.0999999940395355,3.1085217297077179
509,61.481799989938736,61.614527761936188,-149.92229999788105,-149.8243463113904,29.500000178813934,77.007777988910675,3.9999999850988388,3.9175581783056259
1135,61.359899997711182,61.328018367290497,-150.03959999978542,-149.7039275765419,45.000001788139343,45.056022703647614,3,3.4067773818969727
1250,61.508300006389618,61.472277075052261,-149.91769999824464,-150.00272771646269,35.999998450279236,76.954834163188934,3.199999988079071,3.2343184947967529
1979,61.415199995040894,61.326300591230392,-151.11399999260902,-150.84726476669312,65.799999982118607,36.005295813083649,3,3.4528936743736267
1875,61.837199985980988,62.107291698455811,-151.80819994211197,-151.16050931811333,99.300000816583633,33.790558576583862,3.8999999910593033,3.9431528896093369
103,61.926100015640259,62.158213138580322,-147.74370002746582,-148.30408430099487,27.199998497962952,80.084320157766342,3.4999999701976776,3.7059280872344971
1445,61.35479998588562,61.51801472902298,-150.09559999778867,-150.05564538761973,41.100002825260162,53.008630871772766,3,4.275750920176506
1443,61.476599991321564,61.495770007371902,-149.89790000393987,-149.47755146026611,31.300000846385956,39.136216044425964,3.3999999761581421,3.611647367477417
1648,61.460599988698959,61.446260780096054,-149.70289999991655,-149.57555481791496,30.799999833106995,32.536663115024567,4.1999999955296516,3.8867825120687485
586,61.677200019359589,61.747209310531616,-150.28349999338388,-149.98915359657258,20.999997854232788,97.167214378714561,3.5999999642372131,3.570693165063858
627,62.888299942016602,62.971096277236938,-151.3652999997139,-150.53686594963074,117.69999982789159,112.85029537975788,3,3.3586952090263367
1943,59.888200044631958,59.371881008148193,-152.77000004053116,-151.72386753559113,92.399999499320984,130.52213052287698,3,3.8333374410867691
1696,59.667099952697754,59.182304620742798,-152.5103999376297,-151.32503369450569,91.699998825788498,121.78851198405027,3.6999999582767487,4.1999122202396393
1143,60.969900000840425,61.002566708717495,-147.08300006389618,-147.60084056854248,21.300002932548523,51.030822098255157,3.0999999940395355,3.4524475336074829
53,59.655099987983704,59.408331036567688,-151.52150005102158,-151.14651104807854,48.19999635219574,128.6501488648355,4.6000000052154064,4.5949775017797947
151,61.734200000762939,61.88545548915863,-149.60519997775555,-149.36718611419201,14.600001275539398,92.592746019363403,3.4999999701976776,3.7509440928697586
403,60.847800001502037,60.879533722996712,-152.569600045681,-152.04352086782455,9.4999969005584717,31.004227697849274,3.6999999582767487,3.9375840872526169
1154,61.297500014305115,61.322479128837585,-149.9522999972105,-149.71962057799101,44.39999908208847,85.399039089679718,5.0000000149011612,4.6665110550820827
207,61.242799997329712,61.16479267179966,-147.4452999830246,-147.85286915302277,6.8999975919723511,46.838492155075073,3.199999988079071,3.4149315655231476
2150,62.66569995880127,62.68436074256897,-149.52530001103878,-149.43595513701439,70.000000298023224,60.572355985641479,4.1999999955296516,4.5044782923068851
1682,59.169999957084656,59.025224804878235,-152.89550006389618,-151.43159964680672,68.500000983476639,67.325349897146225,3.2999999821186066,3.6638140976428986
1122,61.38629999756813,61.414226025342941,-150.05430000275373,-149.87794538587332,39.999999105930328,72.113648056983948,3.4999999701976776,3.7712265104055405
1256,61.477200001478195,61.472268104553223,-149.97640000004321,-149.97759176697582,36.300003528594971,46.049356460571289,3.5999999642372131,3.6497468054294586
8,59.494199991226196,59.123584032058716,-152.61269992589951,-151.36990571022034,83.20000022649765,79.499844461679459,3.0999999940395355,3.8876056373119354
1014,61.900200009346008,62.007460117340088,-149.22690001130104,-149.15447849035263,1.8000006675720215,101.72410868108273,3,3.3844409286975861
2096,60.007000029087067,59.691935658454895,-151.30100002884865,-150.75466284155846,65.299998968839645,125.09055620466825,3.0999999940395355,3.1025885939598083
1060,60.655699998140335,60.530317664146423,-151.64109992980957,-151.2613979279995,79.900000244379044,26.315614581108093,3,3.5063908696174622
452,59.886000037193298,59.6574786901474,-151.07579997181892,-150.74684312939644,59.900000691413879,127.0859707146883,3.4999999701976776,3.8314740657806396
1675,59.963099956512451,59.718750238418579,-151.53680008649826,-151.06556171178818,51.600001752376556,154.76289577782154,3,3.4230116307735443
253,62.882500052452087,62.921096086502075,-150.95620000362396,-150.48744593560696,102.60000079870224,63.397005200386047,3.199999988079071,3.9079437553882599
1327,61.473100006580353,61.46672448515892,-149.89759999886155,-149.60770078003407,34.400001168251038,38.589328527450562,4.5,4.3649460040032864
896,62.874400019645691,62.949523329734802,-149.44910001754761,-149.54090206325054,79.100001603364944,24.765089154243469,3.0999999940395355,3.5406585037708282
2058,60.249300003051758,59.812849044799805,-152.00239992141724,-151.32791429758072,83.900000900030136,90.60436487197876,3.199999988079071,3.2945792376995087
880,61.895699977874756,62.060476183891296,-149.29800000786781,-149.10334262251854,3.8999989628791809,62.022559344768524,3,3.1558586955070496
1595,59.747400045394897,59.303304314613342,-151.97750008106232,-151.25103601813316,76.499998569488525,123.90496965963393,3,3.1732617616653442
2147,62.606099963188171,62.826956510543823,-152.06990003585815,-151.94911891222,1.2999996542930603,151.77099406719208,3,3.0950509607791901
623,61.870400011539459,61.916867673397064,-150.55290001630783,-150.24911376088858,59.699997305870056,80.834653228521347,4.1999999955296516,4.4358990378677845
345,59.609500050544739,59.429297685623169,-151.90700000524521,-151.35900726914406,65.400000661611557,146.72724343836308,5.4000000357627869,5.0635577291250229
2028,62.519600033760071,62.725054383277893,-151.15840002894402,-150.81950426101685,84.89999920129776,74.366234242916107,3,3.1432337164878845
1787,61.491499990224838,61.474413752555847,-151.32100000977516,-150.95294523239136,84.49999988079071,34.106560051441193,3.2999999821186066,3.6473572254180908
262,61.849500000476837,61.951986312866211,-148.97220003604889,-148.88319039344788,36.799997091293335,79.559154808521271,3.0999999940395355,3.5320259928703308
1634,62.527500033378601,62.664827704429626,-149.2722000181675,-149.23993527889252,53.400002419948578,69.370631128549576,3.199999988079071,3.6181624531745911
1321,61.337599992752075,61.265837252140045,-150.04990000091493,-149.774409301579,34.500002861022949,45.354515314102173,4.1999999955296516,4.1566685289144516
1438,61.279100000858307,61.073528975248337,-149.97779999999329,-149.98437260789797,38.300000131130219,80.472420901060104,3.0999999940395355,3.7911686450242996
150,62.041300058364868,62.348733901977539,-151.47219997644424,-150.85667270421982,81.700000911951065,68.48599761724472,3.0999999940395355,3.8437611758708954
1969,59.395699977874756,59.081959009170532,-152.93370008468628,-151.70801818370819,84.49999988079071,86.493983864784241,3,3.5641652941703796
472,62.964699983596802,62.971181869506836,-149.45950001478195,-149.38512597978115,80.899998545646667,15.92668890953064,3.0999999940395355,3.6088222861289978
1976,59.828999996185303,59.227245569229126,-152.90189999341965,-151.67230689525604,93.400001525878906,116.41497258096933,3.0999999940395355,3.8595508486032486
1802,61.205200001597404,60.999431371688843,-150.55349998176098,-150.50018817186356,52.900001406669617,43.344691395759583,3.2999999821186066,3.9384267926216125
640,62.300600051879883,62.451679706573486,-151.12819996476173,-150.83794650435448,83.099998533725739,61.828374862670898,3.0999999940395355,3.3440939784049988
871,60.842899993062019,60.870353013277054,-147.65699994564056,-147.8783004283905,20.099997520446777,77.475659549236298,3.2999999821186066,3.5134110152721405
2146,59.589100003242493,59.148089170455933,-152.7742999792099,-151.90978825092316,101.90000012516975,84.829483181238174,3,3.0919822454452515
550,59.957900047302246,59.326032280921936,-152.78420001268387,-151.59847784042358,102.80000045895576,135.9295230358839,3.9999999850988388,4.4860155461356044
2086,62.284700036048889,62.323617815971375,-150.49770002067089,-150.34800674021244,57.300001382827759,56.189686059951782,3.0999999940395355,3.4646996855735779
1959,59.640499949455261,59.170020222663879,-152.80009996891022,-151.6052531003952,105.20000010728836,110.91606505215168,3.2999999821186066,3.8869768381118774
928,60.698399990797043,60.564605623483658,-151.68589997291565,-151.44392457604408,72.599999606609344,41.455477476119995,3.0999999940395355,3.1320669651031494
488,61.459500014781952,61.568290889263153,-149.35370001196861,-149.38500116765499,21.899998188018799,38.642726838588715,3.4999999701976776,3.8183598965406418
1843,60.878700003027916,60.830671086907387,-149.51599998772144,-149.70049204677343,24.499997496604919,95.922807231545448,3.8999999910593033,4.0498725771903992
1734,60.065299987792969,59.8300621509552,-151.95449995994568,-151.43431395292282,80.699998885393143,103.33793237805367,3.8999999910593033,4.281431257724762
2105,60.136099994182587,59.419628858566284,-152.94849997758865,-152.15126645565033,121.8000000808388,89.883320033550262,3.0999999940395355,3.0782607793807983
1171,61.366600006818771,61.3507941365242,-150.03880000021309,-149.81752930954099,41.199997067451477,40.054395794868469,3.5999999642372131,3.8362941741943359
146,61.13459999859333,61.103516899049282,-150.24369999021292,-150.09091924130917,61.700001358985901,87.736409157514572,3.4999999701976776,3.7608661651611328
2030,61.534900009632111,61.523619651794434,-149.74189998954535,-149.61187465488911,43.899998068809509,65.300773829221725,4.1999999955296516,3.7627642750740051
1986,61.996500015258789,62.103148460388184,-149.87610000371933,-149.65008167177439,46.09999805688858,77.667783945798874,4.6000000052154064,4.294586643576622
1369,61.356900006532669,61.527222752571106,-150.02270000008866,-149.83989303186536,53.499996662139893,83.520721644163132,3.3999999761581421,3.7564225941896439
402,62.535500049591064,62.631001472473145,-150.99110001325607,-150.50676454603672,79.399999231100082,54.131582379341125,4.2999999895691872,4.3020056113600731
2161,61.565599977970123,61.614693343639374,-149.79070001095533,-149.75219191610813,33.699996769428253,53.451709449291229,3.4999999701976776,3.5890896320343018
954,59.353099942207336,59.027714490890503,-152.90920007228851,-151.47905096411705,72.900000959634781,79.788997769355774,3,3.7189929485321045
2142,62.105999946594238,62.223504304885864,-147.86100000143051,-147.98757755756378,17.999999225139618,92.407502233982086,3.0999999940395355,3.1630723178386688
659,61.550499975681305,61.615979194641113,-147.80350005626678,-148.10286176204681,19.500002264976501,24.003356695175171,3.8999999910593033,3.8658067435026169
1794,59.827900052070618,59.196057796478271,-152.88959991931915,-151.5913599729538,101.80000029504299,111.30249500274658,3.2999999821186066,3.8539900928735733
1372,61.374500006437302,61.419299244880676,-149.94739999808371,-149.74411951750517,41.900001466274261,50.921820104122162,3,3.4740736484527588
463,60.344399988651276,60.253989100456238,-151.39700004458427,-150.97314360737801,58.499999344348907,42.228497564792633,3.5999999642372131,3.9332832545042038
1349,61.427799999713898,61.417071044445038,-150.06399999931455,-149.89611377567053,32.999999821186066,72.479844093322754,3,3.1459929049015045
186,60.095099985599518,59.853355884552002,-151.44960004091263,-151.26026067137718,50.700001418590546,119.81152230873704,3.2999999821186066,3.6554757356643677
1147,61.512499988079071,61.490201205015182,-149.88749999552965,-149.83049040287733,37.600003182888031,59.581689536571503,3,3.4992989301681519
1224,61.487899988889694,61.476761043071747,-149.92999999970198,-149.91924751549959,34.299999475479126,44.679954648017883,3.4999999701976776,3.628434956073761
608,61.417600005865097,61.331510156393051,-151.49330002069473,-151.25596672296524,86.300000548362732,52.465975284576416,3.3999999761581421,3.5215810239315033
143,62.151100039482117,62.414584398269653,-152.3031000494957,-151.61500990390778,7.3999986052513123,109.48521830141544,3.0999999940395355,3.9746755510568619
751,59.989599943161011,59.360191226005554,-152.73040008544922,-152.16693520545959,102.49999910593033,105.61457462608814,3,3.5143822431564331
1534,59.366000056266785,59.054940581321716,-152.50869995355606,-151.52779626846313,66.199999302625656,82.30406790971756,3,3.0747165083885193
1930,61.780499994754791,61.867405354976654,-150.68720000982285,-150.40406611561775,62.200002372264862,74.692871421575546,4.2999999895691872,4.3635339997708797
981,62.879899978637695,62.875962376594543,-148.30229991674423,-148.84614086151123,74.900001287460327,80.697424709796906,4.5,4.7346380800008774
197,62.957399964332581,62.954660177230835,-150.4350999891758,-149.98457551142201,101.70000046491623,60.681581497192383,5.1000000089406967,5.0004913061857224
1633,60.120199978351593,59.885116100311279,-151.24539998173714,-151.07842764258385,52.799999713897705,101.6264334321022,3.4999999701976776,3.9311506748199463
883,61.339100003242493,61.427333921194077,-149.82720000296831,-149.75391034036875,33.900000154972076,34.136459231376648,3,3.1367889940738678
1860,60.052600026130676,59.340251803398132,-152.67320001125336,-151.56774026155472,99.700000137090683,123.31649218685925,3.0999999940395355,3.7247812449932098
279,61.256199985742569,61.229865804314613,-150.45349998772144,-150.24555806815624,50.300002098083496,57.318605482578278,3,3.3863850831985474
293,62.186499953269958,62.217708468437195,-149.4382000118494,-149.29841923713684,31.099997460842133,63.622348010540009,3.7999999970197678,4.1777769103646278
766,61.707799971103668,61.798974990844727,-147.98209995031357,-148.1618857383728,34.999996423721313,21.374285221099854,3.5999999642372131,3.7539974302053452
400,61.130400002002716,61.108943060040474,-150.84080001711845,-150.56068325042725,55.299997329711914,82.864098250865936,3.0999999940395355,3.5735324621200562
122,62.245300054550171,62.371041774749756,-149.68480000644922,-149.64566809684038,52.599996328353882,62.286920845508575,3.6999999582767487,3.796383798122406
1207,61.420199990272522,61.449451297521591,-150.07779999822378,-149.99056893680245,20.000003278255463,73.604956269264221,3.0999999940395355,3.2411288917064667
202,60.339600026607513,59.546942949295044,-152.75630003213882,-151.7622184753418,130.70000009611249,105.46104237437248,3,3.6793287992477417
1462,61.44420000910759,61.403023809194565,-149.87200000137091,-149.84235922247171,35.80000251531601,48.902034759521484,3.5999999642372131,3.7250819206237793
835,59.006100058555603,59.024843335151672,-151.57079994678497,-151.30786684155464,46.999998390674591,71.6659314930439,3.0999999940395355,3.169780433177948
246,62.018499970436096,62.264491319656372,-150.15439999848604,-149.91197657771409,49.400001764297485,72.177093476057053,3,3.1464647054672241
1439,61.468300014734268,61.75495320558548,-149.93759999983013,-149.92040012776852,39.099998772144318,84.271896630525589,3,3.4226065278053284
1733,62.169800043106079,62.354717016220093,-147.83699995279312,-148.13069576025009,42.599998414516449,118.167320266366,4.0999999791383743,4.17605821788311
1695,59.304000020027161,59.05259370803833,-152.54069995880127,-151.43981641530991,60.500003397464752,67.080199718475342,3.199999988079071,3.6958997547626495
1707,60.475499987602234,60.186614692211151,-151.76010006666183,-151.11222106218338,70.599999278783798,53.540617227554321,4.2999999895691872,4.654601912945509
2144,60.21560001373291,59.833419322967529,-151.55510008335114,-151.08584216237068,60.400001704692841,110.01167353242636,3,3.0749750733375549
1153,61.504899978637695,61.518766343593597,-149.91929999738932,-149.71119303256273,38.999997079372406,42.695619165897369,3.6999999582767487,3.8447220325469971
1661,61.578199982643127,61.708404242992401,-149.57099997997284,-149.44649805128574,28.499998152256012,79.185321927070618,3,3.3958847522735596
1759,61.83950001001358,61.960584759712219,-149.54289999604225,-149.44338718056679,50.399996340274811,113.02529834210873,3.199999988079071,3.5452454388141632
854,60.990000000223517,60.600719273090363,-150.8027999997139,-148.90255576372147,160.30000150203705,49.840725958347321,3,3.1926967799663544
1589,60.461399972438812,59.990064144134521,-152.07120001316071,-151.05170863866806,85.200000554323196,42.290642857551575,3,3.5693122744560242
641,62.29610002040863,62.516371607780457,-151.14050003886223,-150.5816663056612,64.699999988079071,48.933997750282288,3.0999999940395355,3.7716066241264343
1,59.898100018501282,59.667465090751648,-151.54039996862411,-151.23710444569588,30.599996447563171,120.64736941829324,3.3999999761581421,3.9118904024362564
698,60.17960000038147,59.892471313476562,-151.92480003833771,-151.60329347848892,64.300000667572021,131.58738939091563,3,3.2753884792327881
1636,61.60369998216629,61.785156190395355,-151.72589993476868,-151.33394846320152,93.199998140335083,29.252856969833374,3.199999988079071,3.4587006568908691
1291,61.446900010108948,61.451256990432739,-149.98210000013933,-149.88461027294397,30.900001525878906,59.320792555809021,3.3999999761581421,3.661151647567749
2104,59.861999988555908,59.189009666442871,-152.67499995231628,-151.58787274360657,79.100001603364944,122.8188646491617,3.3999999761581421,3.5467329025268555
1520,62.372300028800964,62.206530570983887,-150.43880000710487,-149.69798234850168,100.09999945759773,82.432761788368225,3.8999999910593033,3.6768441796302795
1853,61.301499992609024,61.223915427923203,-152.17319995164871,-151.61964744329453,131.09999988228083,42.248815298080444,4.5,4.7330840975046158
1136,61.299299985170364,61.271683126688004,-150.06469999998808,-149.75116201490164,44.79999840259552,35.437136888504028,5.0000000149011612,4.734529048204422
2133,61.986299991607666,62.09972870349884,-150.60999999940395,-150.54109655320644,60.80000102519989,66.609852015972137,3.2999999821186066,3.4262927770614624
1631,61.409599989652634,60.704278469085693,-152.83910000324249,-149.30682577192783,240.69999903440475,42.54622757434845,3,3.2327756881713867
1998,59.872499942779541,59.730701923370361,-150.89079996943474,-150.6446268260479,62.800001353025436,131.88800634816289,3.199999988079071,3.537838339805603
663,59.158599972724915,59.067585706710815,-152.91909992694855,-152.64896392822266,64.300000667572021,85.984114557504654,3,3.6034022569656372
683,60.962200000882149,60.9962479963433,-149.09880003333092,-149.17445683479309,13.300001621246338,59.955917298793793,3.0999999940395355,3.3965896368026733
1257,61.414799988269806,61.402413964271545,-149.95810000039637,-149.78701449930668,29.100000858306885,50.320416688919067,3.0999999940395355,3.5022702813148499
317,62.190099954605103,62.395310878753662,-151.35420003533363,-151.00240060687065,80.499999225139618,69.556575268507004,3.5999999642372131,4.1351085752248764
648,60.026400029659271,59.44335412979126,-152.575100004673,-151.66690635681152,93.600001186132431,124.29954658728093,3,3.5152486860752106
1434,61.412600010633469,61.354735791683197,-150.02969999983907,-149.79173223674297,37.600003182888031,50.950512290000916,3.5999999642372131,4.0965484231710434
1479,61.466399997472763,61.356816440820694,-149.97790000028908,-149.60605837404728,42.800001800060272,45.033395290374756,3.7999999970197678,3.7670417279005051
709,62.245100021362305,62.355834722518921,-150.97079998254776,-150.65580502152443,76.000001281499863,52.520975470542908,3.199999988079071,3.7026146650314331
1282,61.478399991989136,61.547715187072754,-149.98389999987558,-149.86147516965866,23.800000548362732,69.346662610769272,3,3.3441588878631592
1768,62.266999959945679,62.457424283027649,-148.43660008907318,-148.61063262820244,31.400002539157867,93.317646533250809,3,3.5007698535919189
972,61.30009999871254,61.280809074640274,-149.93589999899268,-149.78427435457706,42.499996721744537,44.776402413845062,3.9999999850988388,4.1879190802574158
1306,61.468600004911423,61.524258434772491,-149.95150000043213,-149.82037162408233,29.899999499320984,48.628062009811401,3.2999999821186066,3.700620710849762
1400,61.398799985647202,61.371878385543823,-149.9870000006631,-149.80732977390289,38.589999079704285,58.420814573764801,3.199999988079071,3.6258801519870758
1408,61.48769998550415,61.577899515628815,-149.95610000006855,-149.81423475220799,32.200001180171967,78.040942549705505,3.0999999940395355,3.1904990673065186
1496,61.535700023174286,62.324805021286011,-149.94860000163317,-149.48034743964672,43.300002813339233,40.840804576873779,4.6000000052154064,4.6915109530091286
2038,61.621999979019165,61.648331522941589,-149.81899999827147,-149.7451845780015,40.600001811981201,78.375350683927536,3.199999988079071,3.2775236070156097
1529,59.080700039863586,59.025226354598999,-151.92289996147156,-151.46277844905853,48.799999058246613,61.291202902793884,3.199999988079071,3.276933878660202
1663,62.804100036621094,62.847101330757141,-148.79649996757507,-148.88769632577896,16.099996864795685,60.518458485603333,3.3999999761581421,3.5751983821392059
1354,61.463299989700317,61.481566339731216,-149.88489999622107,-149.71547801792622,31.099997460842133,43.939299881458282,3.9999999850988388,4.0695996880531311
2152,61.163000002503395,61.144119814038277,-152.64459997415543,-151.50498998165131,145.50000056624413,42.603515088558197,3.6999999582767487,3.9890803545713425
2167,59.58270001411438,59.139491200447083,-152.93409991264343,-152.65898072719574,100.29999911785126,92.696819454431534,3,3.1117924153804779
1643,62.513100028038025,62.894782423973083,-151.94289994239807,-151.09606039524078,106.49999976158142,98.086126148700714,3.6999999582767487,4.0444376617670059
1051,62.248900055885315,62.267799139022827,-150.4966000020504,-150.3099488094449,18.200002610683441,52.740581333637238,3.7999999970197678,3.8451389372348785
795,60.802000001072884,60.697902917861938,-150.49690000712872,-150.33111740648746,9.9999979138374329,124.75521708256565,3.0999999940395355,3.2425007522106171
1597,59.576099991798401,59.117450952529907,-152.61830002069473,-151.26103386282921,77.100001275539398,96.979875117540359,3.2999999821186066,3.7748032361268997
1819,59.173400044441223,59.028832674026489,-152.03549998998642,-151.47719478607178,49.09999668598175,69.023765623569489,3,3.1148739159107208
1722,60.838200002908707,60.520814150571823,-151.82769995927811,-151.23356714844704,78.400000929832458,81.243034452199936,5.2000000029802322,5.3960273265838623
1183,60.115100026130676,59.628288745880127,-152.64959996938705,-151.54460388422012,87.900001555681229,136.54401525855064,3.3999999761581421,4.0698924958705902
1059,59.444800019264221,59.066974639892578,-152.83139991760254,-151.40061351656914,76.299998909235001,75.607296079397202,3.199999988079071,3.7041903734207153
540,60.541700005531311,60.611667692661285,-147.69370007514954,-147.83801758289337,13.700000941753387,47.165200114250183,3,3.4861928522586823
1678,60.416599988937378,60.055416345596313,-151.90379995107651,-151.26157432794571,77.700000256299973,75.366698205471039,4.3999999947845936,4.5368086555972695
1757,62.544800043106079,62.689709663391113,-151.11689999699593,-150.64873239398003,74.499998241662979,40.756493806838989,3.199999988079071,3.6500927209854126
1923,60.260900020599365,59.903891921043396,-152.30400002002716,-151.49926650524139,99.799999967217445,142.80831813812256,4.8000000044703484,5.019923597574234
95,61.476599991321564,61.348254919052124,-151.90240001678467,-151.62035000324249,92.099998146295547,45.787721872329712,3,3.5264766812324524
1020,61.503099977970123,61.600349128246307,-149.89850000292063,-149.69921996444464,44.79999840259552,59.592530131340027,4.0999999791383743,4.0916822254657745
563,59.41540002822876,59.097167015075684,-151.9368000626564,-151.52272653579712,58.600001037120819,83.255808800458908,3.0999999940395355,3.5326962769031525
863,59.920199990272522,59.331812977790833,-152.45419996976852,-151.44600820541382,86.399998515844345,122.51592171378434,3.2999999821186066,3.9558509588241577
1484,61.499300003051758,61.509161293506622,-149.96579999942333,-149.02816307544708,36.399997770786285,23.942545056343079,3.6999999582767487,3.7645711898803711
1881,60.162699997425079,59.477788209915161,-152.76279991865158,-151.48021218180656,115.10000005364418,126.08057365287095,3.4999999701976776,4.1347995400428772
1038,60.311100006103516,60.193048596382141,-151.30430004000664,-151.02750045061111,61.899997293949127,50.886906683444977,3,3.2755757868289948
206,60.061999976634979,60.0814208984375,-147.04839992523193,-147.40167492628098,9.4999969005584717,47.38963395357132,3.2999999821186066,3.7879131138324738
392,60.003099977970123,59.356871604919434,-152.67119997739792,-151.86370843648911,97.899999469518661,111.74012999981642,3,3.4868460595607758
870,59.643200039863586,59.363869309425354,-152.07660001516342,-151.18283620476723,78.699998557567596,118.53162478655577,3.9999999850988388,3.8295211046934128
397,62.135800004005432,62.260862231254578,-150.76999998092651,-150.45783671736717,70.30000165104866,61.53511255979538,3.5999999642372131,3.8870139867067337
2121,59.708600044250488,59.489033460617065,-151.00360000133514,-150.95362928509712,46.09999805688858,154.96202558279037,3.0999999940395355,3.1413231790065765
1028,59.718299984931946,59.277198553085327,-152.02920001745224,-151.46171209216118,64.19999897480011,110.41983775794506,3.199999988079071,3.9537625461816788
1485,61.406199991703033,61.547097980976105,-149.95569999888539,-149.58087073266506,35.300001502037048,74.686184525489807,3.7999999970197678,4.0343139320611954
960,61.725399971008301,61.8611159324646,-152.11320000886917,-151.4518708884716,113.59999980777502,81.636056303977966,3.5999999642372131,3.9513843655586243
1570,60.254299998283386,59.855746746063232,-152.60660004615784,-151.72788780927658,104.6999990940094,113.94145712256432,3.3999999761581421,3.9568695724010468
1895,59.829499959945679,59.184020638465881,-152.9708000421524,-151.63731747865677,98.899999633431435,109.73683185875416,3.0999999940395355,3.7875041216611862
804,61.731899976730347,61.872915208339691,-149.64159999042749,-149.46079449355602,39.999999105930328,88.608574122190475,3.0999999940395355,3.5036791563034058
1751,61.932200014591217,62.152732968330383,-151.31669998168945,-150.93826514482498,79.900000244379044,55.909499526023865,3,3.4720281958580017
502,59.904299974441528,59.586844205856323,-151.46570000052452,-150.97679856419563,67.999999970197678,111.37896589934826,3.5999999642372131,4.3319658972322941
779,61.570100009441376,61.931862950325012,-149.90069999545813,-149.63081116229296,46.400003135204315,76.844301074743271,3.4999999701976776,4.2528990805149078
1863,62.049000024795532,62.118114709854126,-149.39090001583099,-149.23079305887222,38.199998438358307,68.010441958904266,4.0999999791383743,4.0453193932771683
200,59.07889997959137,59.03597366809845,-152.87230002880096,-151.13339620828629,72.00000062584877,71.760673075914383,3.8999999910593033,4.063533827662468
2088,61.246700003743172,61.144163191318512,-150.16419999673963,-150.00425862986594,45.400001108646393,76.295770704746246,3.0999999940395355,3.1578987836837769
1796,59.496999979019165,59.190114736557007,-152.8834000825882,-151.44248101115227,94.79999914765358,140.02649299800396,4.1999999955296516,4.5695572011172771
378,62.404899954795837,62.606072902679443,-151.15470001101494,-150.79883801937103,6.5999999642372131,78.122887760400772,3,3.3009766638278961
418,62.97409999370575,62.97297203540802,-149.29889997839928,-149.16718947887421,71.100000292062759,21.748773753643036,3.2999999821186066,3.4519332647323608
1698,60.364499986171722,60.536459565162659,-147.38270008563995,-147.7598637342453,6.099998950958252,56.814812123775482,3.199999988079071,3.1530598998069763
391,59.613800048828125,59.204368472099304,-152.83780002593994,-152.05435216426849,94.100000336766243,91.893482953310013,3.3999999761581421,3.8315895795822144
1522,60.780699998140335,60.668726712465286,-150.68950000405312,-150.54965248703957,57.899996638298035,71.368817239999771,3.5999999642372131,3.618395984172821
1162,61.360799998044968,61.406597375869751,-150.09619999676943,-149.90716763399541,34.699998795986176,52.279859781265259,3.3999999761581421,3.5928041338920593
1495,61.511699974536896,61.632344663143158,-149.91590000130236,-149.32263877987862,36.600001156330109,47.79621958732605,3.6999999582767487,3.9666040241718292
2027,61.502399981021881,61.693894565105438,-152.31850004196167,-152.25241506099701,134.4999996945262,43.169640004634857,3.0999999940395355,3.3958370089530945
1152,60.99820000003092,59.117631316184998,-151.82019996643066,-151.19652584195137,85.799999535083771,131.75223395228386,3.9999999850988388,4.7684862837195396
1367,61.465000003576279,61.418773829936981,-149.90009999647737,-149.81844921782613,28.200000524520874,50.022304058074951,3.2999999821186066,3.6103400588035583
64,59.180400013923645,60.21372663974762,-148.79760003089905,-149.23730081319809,64.699999988079071,107.78536833822727,3,3.1292265057563782
2062,60.645900011062622,60.363376557826996,-151.97960007190704,-151.39011088013649,78.699998557567596,30.440174043178558,3.5999999642372131,3.791788637638092
1180,61.432399988174438,61.52726411819458,-150.11079999804497,-149.90264493227005,16.900002956390381,95.052484422922134,3,3.1674561202526093
492,60.314499974250793,60.220138192176819,-151.35659998655319,-150.88234233856201,28.700001537799835,53.956583142280579,3.3999999761581421,3.8056761771440506
379,59.69130003452301,59.291323900222778,-152.79549998044968,-152.12514334917068,88.500000536441803,112.55655623972416,3.9999999850988388,4.3598886542022228
763,61.047600001096725,61.005851520225406,-149.59170001745224,-149.54811984300613,33.900000154972076,75.159315019845963,3.0999999940395355,3.1266553401947021
791,61.644500017166138,61.802528262138367,-149.90500000119209,-149.64488813281059,52.599996328353882,71.932148188352585,3.0999999940395355,3.732961893081665
1076,59.52590000629425,59.180166721343994,-152.86260008811951,-151.8546656370163,88.799998164176941,68.279813975095749,3.7999999970197678,3.8061871826648712
878,60.003000020980835,59.356040239334106,-152.69630008935928,-151.74604511260986,95.000000670552254,119.10278163850307,3.2999999821186066,3.9334777593612671
337,61.358799993991852,61.269819468259811,-150.1816000007093,-149.83544595167041,40.899999439716339,40.339402854442596,3.8999999910593033,3.9183337390422821
1016,61.477200001478195,61.589474856853485,-149.91309999860823,-149.76449762284756,36.799997091293335,87.031099945306778,3.199999988079071,3.6891000866889954
1275,61.407599985599518,61.875080466270447,-150.03429999947548,-149.78132059425116,166.4000004529953,49.500845372676849,3.7999999970197678,3.8626942187547684
455,59.388000011444092,59.157766461372375,-152.73489993810654,-151.51025193929672,70.599999278783798,108.41582715511322,3.3999999761581421,4.2657900899648666
815,61.629999995231628,61.890515804290771,-152.17859995365143,-151.38193747401237,121.70000001788139,68.375002592802048,4.2999999895691872,5.1094076782464981
995,60.90429999679327,60.836535006761551,-149.78319999575615,-149.9449382442981,33.900000154972076,125.18759243539535,3.0999999940395355,3.2508444786071777
1981,60.364600002765656,60.400370597839355,-147.64770001173019,-148.15096467733383,12.699998915195465,34.586787223815918,3.5999999642372131,3.9690973609685898
201,60.964600000530481,60.892682448029518,-151.13220003247261,-150.75657865405083,9.8000019788742065,83.747927099466324,3.0999999940395355,3.2311474084854126
161,61.727800011634827,61.814733386039734,-148.55739998817444,-148.57649803161621,9.0000033378601074,40.853165090084076,3.8999999910593033,3.8694394826889038
1579,62.75380003452301,62.862433314323425,-149.08479997515678,-149.07130712270737,13.599999248981476,72.436630725860596,4.2999999895691872,4.1743778362870216
702,61.140699997544289,61.078994877636433,-152.00349998474121,-151.71153151988983,97.999999299645424,55.960729718208313,3.0999999940395355,3.4610188007354736
1500,61.453999996185303,61.999568045139313,-150.08960000239313,-149.22554022073746,33.900000154972076,69.566987454891205,3.5999999642372131,3.6598142981529236
1129,61.289400011301041,61.289053082466125,-150.08070000261068,-149.77611639350653,43.700002133846283,35.845987498760223,3.7999999970197678,4.0562265962362289
1021,62.234699964523315,62.241605401039124,-150.76829999685287,-150.49422870576382,11.799998581409454,62.8468357026577,3.199999988079071,3.4441807866096497
1585,59.882799983024597,59.551326990127563,-151.75239998102188,-151.26247268915176,49.400001764297485,142.36284978687763,3,3.4714145064353943
1955,59.846500039100647,59.598657846450806,-152.96490007638931,-149.7395456135273,104.00000028312206,65.507557243108749,3.3999999761581421,3.5369113683700562
34,60.435100018978119,60.335467278957367,-150.37810000777245,-150.13495816290379,38.000002503395081,74.998784810304642,3.199999988079071,3.1960110068321228
775,61.516499996185303,61.548311769962311,-149.91730000264943,-149.69720750302076,42.599998414516449,38.633383810520172,4.3999999947845936,4.7417960464954376
1478,61.437999993562698,61.87252414226532,-149.93470000103116,-149.21903184056282,38.40000182390213,21.611608564853668,3.3999999761581421,3.4378921687602997
1390,61.35359999537468,61.367708563804626,-150.08660000190139,-150.00139689436764,21.0999995470047,53.765729069709778,3.199999988079071,3.4973169565200806
2139,60.815999999642372,60.712360739707947,-150.0500000026077,-150.17228984087706,44.200003147125244,121.42670014873147,3.0999999940395355,3.1648800373077393
1363,61.438100010156631,61.443662703037262,-149.95030000247061,-149.87794212251902,35.099998116493225,35.897031426429749,3.0999999940395355,3.48481285572052
2041,59.853999972343445,59.216847896575928,-152.90739995241165,-151.91121232509613,117.50000016763806,82.564517855644226,3.4999999701976776,3.7332363724708557
241,61.173600003123283,61.111291870474815,-150.64760001003742,-150.57936179637909,53.400002419948578,56.540437042713165,3.199999988079071,3.6240382790565491
2061,60.94990000128746,61.011389803141356,-147.42839992046356,-147.88954299688339,31.000003218650818,64.157169312238693,3.8999999910593033,3.6217859387397766
600,61.990800023078918,62.152523756027222,-150.01929999981076,-149.82437252998352,27.09999680519104,85.566703230142593,3,3.4763852655887604
1297,61.423799991607666,61.425481647253036,-150.05660000257194,-149.90708300471306,29.600001871585846,57.831943035125732,3,3.5129712224006653
2068,61.749000012874603,61.919876992702484,-150.48199997842312,-150.18616520985961,62.89999932050705,95.270663499832153,3.3999999761581421,3.2981561422348022
646,59.653800010681152,59.139870166778564,-152.83070003986359,-151.92497849464417,85.400000214576721,104.4023334980011,3,3.509166955947876
1528,60.073400020599365,59.418294906616211,-152.95059996843338,-151.87102872133255,126.30000000353903,120.32355228438973,3.6999999582767487,4.1875148713588715
1267,61.425900012254715,61.403161257505417,-150.00500000012107,-149.67167615890503,33.900000154972076,49.607649445533752,3.5999999642372131,4.247238926589489
1899,60.113600015640259,59.466832637786865,-152.99299997091293,-151.55281949043274,129.4999998062849,137.23036833107471,4.7000000104308128,4.8185305595397949
562,61.057799998670816,61.052240543067455,-150.85809999704361,-150.66799664497375,54.600000381469727,80.424260348081589,3.4999999701976776,3.7259495258331299
189,61.051100000739098,60.901269629597664,-151.42459997534752,-151.23244830965996,69.099999964237213,50.285309553146362,3.2999999821186066,3.5335646867752075
1806,61.443599998950958,61.393534988164902,-150.41889998316765,-150.0980663113296,13.999998569488525,42.486168444156647,3.2999999821186066,3.5788604915142059
975,59.783400058746338,59.504459619522095,-151.36099997162819,-150.79946359992027,60.699999332427979,142.02733710408211,3,3.4483963251113892
2047,60.664700001478195,60.576467782258987,-151.16590002179146,-150.91965615749359,73.899999260902405,37.572950124740601,3.9999999850988388,4.0511710792779922
1082,60.9375,60.915368027985096,-150.86780002713203,-150.689085111022,0,88.516779243946075,3,3.188685268163681
474,59.904199957847595,59.402655482292175,-152.85980004072189,-152.24189400672913,100.40000081062317,94.506824389100075,3.0999999940395355,3.8479323238134384
747,61.632499992847443,61.581928193569183,-150.16699999943376,-150.13777295127511,49.800001084804535,69.882020354270935,3.6999999582767487,3.9190135449171066
21,61.773000001907349,62.013033747673035,-149.72310000658035,-149.34732913970947,35.199999809265137,78.040756285190582,3.0999999940395355,3.3484316468238831
459,61.170900002121925,61.170238271355629,-150.04269999917597,-149.90756654553115,44.699996709823608,124.62083180435002,3.0999999940395355,3.4709322452545166
1184,61.470699995756149,61.460218459367752,-150.29259999096394,-149.96206003054976,57.199999690055847,27.820475399494171,4.1999999955296516,4.2073290646076202
955,62.946900010108948,62.9737149477005,-151.31970003247261,-150.71437445282936,125.89999998454005,109.51568186283112,3.7999999970197678,3.4587133526802063
1215,61.363599985837936,61.378370761871338,-150.08130000159144,-149.92561573348939,26.799999177455902,40.950074791908264,3.5999999642372131,3.7654228806495667
1515,62.936100006103516,62.940440058708191,-148.10639995336533,-148.3041182756424,65.600000321865082,41.000321507453918,3.0999999940395355,3.5019881129264832
769,60.136300027370453,59.790343880653381,-152.41030007600784,-151.61506962776184,88.199999183416367,137.75939308106899,3.0999999940395355,3.723341703414917
1685,62.128999948501587,62.260886192321777,-148.86410003900528,-148.82790237665176,7.6000019907951355,103.57196815311909,3,3.2395420968532562
130,62.361600041389465,62.434867858886719,-149.13239997625351,-149.05416288971901,3.3999979496002197,82.463547587394714,3.2999999821186066,3.501334547996521
2135,60.225399971008301,59.495716571807861,-152.56120008230209,-151.54669815301895,102.90000028908253,134.17348824441433,3,3.1112208366394043
1482,61.391299992799759,61.587513566017151,-150.04860000126064,-149.06013178825378,42.199999094009399,39.686352014541626,3.3999999761581421,3.9878840893507004
330,62.852499961853027,62.933720946311951,-148.40779995918274,-148.69480061531067,61.899997293949127,40.811300277709961,3.3999999761581421,3.5498764514923096
1238,61.40149998664856,61.421061605215073,-150.02689999993891,-149.84463215991855,32.700002193450928,43.047197163105011,3.4999999701976776,3.8150588572025299
466,61.145600005984306,61.090633906424046,-151.12310001254082,-150.93202766776085,64.399998635053635,46.471536159515381,3.0999999940395355,3.5586158037185669
2169,62.312100052833557,62.373717427253723,-150.93729999661446,-150.64297503232956,99.199999123811722,59.301368892192841,3.3999999761581421,3.4431772828102112
1638,61.579500019550323,61.72802472114563,-149.85139999911189,-149.79993990808725,54.899998009204865,112.65082843601704,3.0999999940395355,3.3339638113975525
1095,61.390100002288818,61.368609011173248,-149.89759999886155,-149.6150553971529,22.699996829032898,54.546341300010681,3.0999999940395355,3.4734216928482056
1130,61.492700010538101,61.501622557640076,-150.21580000966787,-149.93442181125283,48.799999058246613,74.249289929866791,3.199999988079071,3.3100390434265137
1294,61.43639999628067,61.636914968490601,-149.97119999863207,-149.94999953918159,20.000003278255463,73.613345623016357,3,3.3221322298049927
860,62.873200058937073,62.933609485626221,-149.97330000065267,-149.74764740467072,80.499999225139618,31.296595931053162,3.4999999701976776,3.7567755728960037
