event_id,true_latitude_deg,predicted_latitude_deg,true_longitude_deg,predicted_longitude_deg,true_depth_km,predicted_depth_km,true_magnitude,predicted_magnitude
1681,62.058300018310547,62.144932508468628,-149.55509997904301,-149.34738720953465,57.199999690055847,80.145161598920822,4.2999999895691872,4.2063895091414452
1591,61.107900001108646,61.100924678146839,-150.71299999952316,-150.56700883805752,19.900001585483551,87.702028453350067,3,3.6053599119186401
1469,61.480500012636185,61.692807853221893,-150.02059999946505,-149.47713969647884,37.299998104572296,50.792664289474487,3.199999988079071,3.7156612873077393
438,60.394299983978271,61.062575206160545,-152.80169999599457,-148.70509189367294,8.7599977850914001,90.784922242164612,3.3999999761581421,3.1454591453075409
1791,61.729200005531311,61.856757164001465,-149.45620000362396,-149.38175873458385,34.500002861022949,87.019190192222595,3,3.373679906129837
1885,62.556100010871887,62.804455041885376,-151.19069999456406,-150.46515400707722,91.099999845027924,45.901879668235779,3.0999999940395355,3.6886060237884521
2063,62.932000041007996,62.950865745544434,-150.89400002360344,-150.54576730728149,108.4000002592802,55.302664637565613,3.0999999940395355,3.2208190262317657
408,60.432699978351593,60.099891841411591,-152.7389999628067,-152.15002942085266,12.900002300739288,109.66112557798624,4.0999999791383743,4.0378358513116837
1281,61.486600011587143,61.473621010780334,-149.96449999976903,-149.86327647417784,44.39999908208847,50.877839326858521,3.0999999940395355,3.2529628872871399
2084,61.220400005578995,61.231246992945671,-150.44609999656677,-150.42150624096394,52.599996328353882,75.390327721834183,3.199999988079071,3.3777621388435364
1755,59.805899977684021,59.810744285583496,-152.90010005235672,-151.2921182513237,104.90000061690807,69.019302725791931,3.5999999642372131,3.9420477300882339
495,60.009599983692169,59.72015905380249,-152.77179998159409,-151.88718831539154,91.299999505281448,44.057182967662811,3.0999999940395355,3.5563765168190002
1538,62.333899974822998,62.394061803817749,-149.60269998013973,-149.5562266856432,50.999999046325684,77.973928302526474,3.8999999910593033,4.1286775320768356
1929,61.444999992847443,61.232790112495422,-152.38630002737045,-151.91500908136368,143.89999955892563,33.534511923789978,3.199999988079071,3.9967283606529236
831,60.401400029659271,60.029423773288727,-151.63479995727539,-151.1836245059967,63.099998980760574,70.709247142076492,4.2999999895691872,4.0015015304088593
387,59.964499950408936,59.834629416465759,-151.96199995279312,-151.51994204521179,78.899998217821121,131.90697366371751,3.0999999940395355,3.5662668943405151
1541,60.902699999511242,60.91404002904892,-150.85970002412796,-150.81643903255463,34.699998795986176,48.55877161026001,3.2999999821186066,3.6613068580627441
426,62.819900035858154,62.823602437973022,-148.37589991092682,-148.79291841387749,61.099998652935028,37.560015916824341,3.7999999970197678,3.8149689584970474
168,62.925999999046326,62.928040862083435,-151.31189998984337,-150.61561591923237,107.40000009536743,45.257657766342163,3.3999999761581421,3.7819991558790207
1456,61.495000004768372,61.54786229133606,-149.92150000110269,-149.51161037385464,36.399997770786285,68.784933537244797,3.6999999582767487,4.5312118465080857
1569,62.326500058174133,62.368888378143311,-149.21699997782707,-149.27112025022507,37.500001490116119,87.814465165138245,3.0999999940395355,3.4963493049144745
351,62.865100026130676,62.798945665359497,-148.19699996709824,-148.68882599473,66.599998623132706,61.264090240001678,3.8999999910593033,3.9073647111654282
1560,59.840000033378601,59.71142590045929,-152.83999997377396,-151.98006731271744,101.90000012516975,66.990181803703308,3.0999999940395355,3.8202074468135834
1845,61.347600013017654,61.512553155422211,-150.16159999743104,-150.01389629160985,16.999997198581696,82.373559474945068,3.199999988079071,3.323533684015274
275,60.334699988365173,60.06951230764389,-151.43639999628067,-151.15985959768295,58.399997651576996,58.154568076133728,3.2999999821186066,3.6535860300064087
528,60.832800000905991,60.756080314517021,-150.61270000040531,-150.50348375737667,45.100003480911255,71.779333055019379,3.8999999910593033,3.7753138393163681
1623,62.800400018692017,62.852050185203552,-151.87959998846054,-151.39154130220413,8.7999999523162842,98.190261051058769,3.6999999582767487,3.7965077608823776
1990,62.003100037574768,61.962584912776947,-147.34790003299713,-147.74340087175369,34.999996423721313,76.770000159740448,3.7999999970197678,3.8984460532665253
680,59.458500027656555,59.447119235992432,-152.10459995269775,-151.59118741750717,64.19999897480011,79.864710569381714,3.4999999701976776,3.4494708180427551
29,61.30579999089241,61.593993246555328,-152.26009994745255,-151.88321220874786,8.299998939037323,105.23446649312973,3,3.1442659199237823
596,62.928300023078918,62.841875910758972,-148.32270008325577,-148.77187684178352,71.899998933076859,73.713786900043488,4.2999999895691872,4.2580045983195305
281,59.872099995613098,59.857377529144287,-152.89649999141693,-152.40848761796951,94.000000506639481,72.068933397531509,3,3.6444894075393677
1612,59.27020001411438,59.167414665222168,-152.72300004959106,-151.37060639262199,86.19999885559082,67.274872213602066,3.2999999821186066,3.6983476281166077
1298,61.465000003576279,61.452854305505753,-150.04760000109673,-149.95763057470322,20.599998533725739,66.749490797519684,3.0999999940395355,3.1210709810256958
1465,61.419200003147125,61.943710267543793,-150.0817000027746,-149.12709394097328,37.199996411800385,39.062909781932831,3.199999988079071,4.0303441733121872
1817,60.371399998664856,60.031538426876068,-152.22630000114441,-151.20602425932884,88.599998503923416,42.89226233959198,3.199999988079071,3.7724477648735046
1564,61.457800000905991,61.425322622060776,-150.96860003471375,-150.70901870727539,63.400000333786011,81.699632108211517,3.0999999940395355,3.7368134558200836
432,62.979200005531311,62.923700213432312,-150.42499999701977,-150.01736625982448,101.29999928176403,68.304289132356644,4.8000000044703484,4.4375065695494413
1567,61.404100000858307,61.497977733612061,-150.88730004429817,-150.75040769577026,61.999998986721039,67.110985517501831,4.1999999955296516,4.5099816934671253
231,61.211600005626678,61.093811228871346,-151.21729999780655,-151.09344390034676,61.300002038478851,35.895928740501404,3,3.5163267552852631
1849,59.863700032234192,59.67845630645752,-152.93080008029938,-151.8378809094429,98.799999803304672,79.963367432355881,3.7999999970197678,4.1955158114433289
2110,61.987399995326996,62.015301704406738,-149.86989999935031,-149.89006008580327,40.799997746944427,88.059023022651672,3.0999999940395355,3.1312068700790405
2197,61.668299973011017,61.7474724650383,-149.4961000084877,-149.49814836680889,38.699999451637268,124.9803751707077,3,3.1719412207603455
111,60.533600002527237,60.303633093833923,-152.97849994897842,-151.67833113670349,130.10000018402934,46.468548476696014,3.0999999940395355,3.3968446254730225
1490,61.362500011920929,61.488451272249222,-150.05460000224411,-149.75740266591311,31.000003218650818,49.87943172454834,3.4999999701976776,4.3146009631454945
1669,60.144400000572205,60.458634614944458,-147.11970001459122,-147.37187844514847,17.099998891353607,37.987500429153442,3.0999999940395355,3.6348404288291931
2116,62.700199961662292,62.766363501548767,-149.18130004405975,-149.20542231202126,64.500000327825546,45.848242938518524,3.0999999940395355,3.4673504233360291
1602,59.232499957084656,59.206189393997192,-151.98409992456436,-151.12195309996605,50.800003111362457,77.478650957345963,4.2999999895691872,4.3160752169787884
1823,62.152500033378601,62.147556900978088,-151.19839999079704,-150.89016973972321,13.999998569488525,74.869491159915924,3.2999999821186066,3.7786422371864319
617,60.803800001740456,60.903005637228489,-147.76469993591309,-148.04802703857422,9.8000019788742065,76.323807239532471,3.3999999761581421,3.6300336420536041
1561,61.702600002288818,61.94999772310257,-152.0275000333786,-151.60760235786438,111.9999997317791,64.630821347236633,3,3.5659201741218567
1316,61.476700007915497,61.502396464347839,-149.93800000101328,-149.97900926275179,41.4000004529953,67.029494792222977,3.3999999761581421,4.0645180195569992
926,62.865000009536743,62.85923171043396,-148.15339994430542,-148.72782996296883,70.099998265504837,60.878627002239227,4.0999999791383743,4.120201975107193
1644,61.587400019168854,61.637865781784058,-150.60149998962879,-150.41203786432743,7.7999979257583618,87.409798055887222,3.3999999761581421,3.7785360664129257
2195,62.406200051307678,62.477860927581787,-148.13730007410049,-148.4166111946106,44.200003147125244,89.722774922847748,3.0999999940395355,3.3721586465835571
923,61.780099987983704,61.94416618347168,-149.9836000003852,-149.8826104849577,39.499998092651367,72.476394474506378,3.0999999940395355,3.4521132409572601
2175,62.057500004768372,62.172307848930359,-149.82429999858141,-149.74331787228584,34.999996423721313,79.191125929355621,3.199999988079071,3.4217705726623535
1410,61.38730001449585,61.482364892959595,-149.92120000161231,-149.93780099786818,41.199997067451477,74.80921596288681,3.6999999582767487,4.2989047765731812
1244,61.489199995994568,61.537157893180847,-149.90110000222921,-149.97808370226994,37.199996411800385,77.114738523960114,3,3.1479562819004059
1709,62.228399991989136,62.486496448516846,-151.37139996886253,-150.6477242410183,86.500000208616257,69.396905601024628,3.9999999850988388,4.2582932710647583
939,62.741899967193604,62.789551019668579,-151.87410002946854,-151.51660287380219,10.700002312660217,114.62458409368992,3.3999999761581421,3.6522036194801331
1737,61.493600010871887,61.453489810228348,-151.29699996113777,-150.90471911430359,16.00000262260437,90.753357857465744,3.4999999701976776,3.9570671170949936
1536,62.034800052642822,62.112570524215698,-149.83729999512434,-149.7543128952384,38.40000182390213,92.975851148366928,3.4999999701976776,3.8008693009614944
134,61.98470002412796,62.169084787368774,-150.72200001776218,-150.41898018121719,59.699997305870056,67.764054983854294,3.0999999940395355,3.8939180821180344
179,60.680400013923645,60.291341722011566,-151.73360002040863,-151.25642913579941,75.39999857544899,14.566734433174133,3.199999988079071,3.6048085391521454
96,59.854599952697754,59.652155637741089,-152.77229994535446,-151.92074024677277,103.19999977946281,78.799650073051453,3.5999999642372131,4.0204314440488815
367,60.257799983024597,59.9674391746521,-152.15779995918274,-151.32797384262085,92.300001531839371,63.756253570318222,3.199999988079071,3.8467330187559128
1723,61.834299981594086,61.913536787033081,-147.93030005693436,-148.31119823455811,23.199997842311859,69.06529888510704,4.1999999955296516,4.3233515024185181
2092,62.174299955368042,62.278335094451904,-149.37029998004436,-149.31634452939034,40.200002491474152,102.56167128682137,3.2999999821186066,3.6644958257675171
2007,60.521200001239777,60.211012244224548,-152.18340003490448,-151.54644727706909,91.600000858306885,25.013275444507599,3.0999999940395355,3.138341099023819
943,61.387800008058548,61.531330466270447,-149.92220000177622,-149.96982026472688,41.299998760223389,125.40921050822362,3.199999988079071,3.6512086987495422
321,61.902599990367889,61.936237275600433,-149.24750000238419,-149.17924726009369,4.1999965906143188,113.6483009904623,3.199999988079071,3.384331226348877
433,60.548599988222122,62.892078876495361,-150.73500001430511,-149.85562931746244,41.000001132488251,68.355713039636612,3.7999999970197678,4.3055633157491684
1494,61.433099985122681,61.327028632164001,-149.978900000453,-148.60862857103348,32.399997115135193,78.108839690685272,3.2999999821186066,3.9186725914478302
585,61.256500005722046,61.310138881206512,-150.43390001356602,-150.43485367298126,44.39999908208847,103.59587520360947,3.0999999940395355,3.6271267533302307
1563,59.3125,59.261388778686523,-151.24160000681877,-151.02450093626976,45.400001108646393,81.317156553268433,4.2999999895691872,4.2354373633861542
2015,59.545300006866455,59.142454862594604,-152.53859996795654,-151.30672287940979,80.499999225139618,55.282160639762878,3.5999999642372131,3.5542664229869843
360,59.52400004863739,59.450196862220764,-151.05189996957779,-150.95561215281487,50.099998712539673,109.1107465326786,3.199999988079071,3.6310993731021881
196,59.48360002040863,59.459887981414795,-151.59769999980927,-151.16839823126793,45.000001788139343,74.735473841428757,3.2999999821186066,3.7217004597187042
1588,59.438400030136108,59.18409788608551,-152.97870004177094,-151.29868447780609,88.799998164176941,52.779659628868103,3,3.4202286601066589
427,59.720299959182739,59.657462596893311,-151.04060000181198,-150.972746104002,45.999996364116669,124.29644167423248,3.8999999910593033,3.866075187921524
2166,59.946099996566772,59.615304708480835,-152.80650007724762,-151.7978503704071,92.500001192092896,43.727755546569824,3,3.0756772756576538
1216,60.993199999909848,60.980966368690133,-150.94459998607635,-150.82051160931587,41.4000004529953,52.094504237174988,3,3.4601274132728577
73,59.868899941444397,59.689050436019897,-152.78460001945496,-151.92967844009399,96.300000324845314,43.929465115070343,3,3.4868718981742859
233,60.344500005245209,60.26174658536911,-150.71809999644756,-150.51345245540142,65.49999862909317,45.999377965927124,3.3999999761581421,3.5052557587623596
353,60.271200001239777,60.032312631607056,-152.50340008735657,-151.62800395488739,95.100000500679016,94.283601269125938,3.7999999970197678,4.117803767323494
1671,59.254400014877319,59.206851482391357,-152.56010001897812,-151.1386810541153,63.999999314546585,73.15831258893013,3.9999999850988388,4.1742133051156998
332,62.265499949455261,62.26559591293335,-147.27060002088547,-147.87833333015442,21.499998867511749,85.577890276908875,3.199999988079071,3.6034315824508667
1892,60.716399997472763,60.497485518455505,-150.57719998061657,-150.3354320526123,45.299999415874481,95.476601272821426,3.199999988079071,3.4608292579650879
416,62.109300017356873,62.188335418701172,-149.65040000528097,-149.46580141782761,45.699998736381531,98.520182073116302,3.2999999821186066,3.927012026309967
2019,59.928699970245361,59.605810046195984,-152.84530001878738,-151.94967126846313,93.400001525878906,45.005805790424347,3.0999999940395355,3.205170214176178
1549,60.431599974632263,60.624092936515808,-147.36639994382858,-147.81066513061523,4.5000016689300537,42.826257646083832,3.7999999970197678,4.2319688200950623
1731,62.012500047683716,62.074442267417908,-150.01890000002459,-149.94513281621039,42.000003159046173,86.564972996711731,3.3999999761581421,3.8070930540561676
1917,60.870000004768372,60.944471627473831,-147.4481999874115,-147.80620408058167,34.999996423721313,80.985594540834427,3,3.4880538582801819
361,61.066699996590614,60.968376740813255,-152.22259998321533,-151.7446825504303,112.59999964386225,57.965263724327087,5.0000000149011612,5.0426328331232071
1736,61.441900014877319,61.500503420829773,-151.35940003395081,-150.91038349270821,86.899999529123306,48.783808946609497,3.2999999821186066,3.9259806722402573
100,60.715299993753433,60.474917054176331,-151.55619996786118,-151.11215230822563,74.09999892115593,30.250705778598785,3.2999999821186066,3.7171252369880676
1134,61.419699996709824,61.435383021831512,-149.84820000082254,-149.59347309172153,39.300002157688141,71.411475539207458,3.6999999582767487,3.9677613079547882
1716,60.145399987697601,59.853657245635986,-152.45990002155304,-151.28859847784042,84.300000220537186,82.759551703929901,3.4999999701976776,3.9589491784572601
2137,59.829399943351746,59.529203295707703,-152.21830004453659,-151.32998013496399,68.999998271465302,79.756274819374084,3.199999988079071,3.1940134763717651
1301,61.44200000166893,61.466993987560272,-150.00539999990724,-149.93323519639671,34.699998795986176,71.681492030620575,3.0999999940395355,3.4166015982627869
368,60.007600009441376,59.811132669448853,-152.5164999961853,-151.62091934680939,94.299999997019768,96.754979342222214,3,3.536348283290863
817,59.34660005569458,59.220015525817871,-152.07209998369217,-151.56489872932434,54.999999701976776,77.866852283477783,3.6999999582767487,3.8760053515434265
70,60.311999976634979,60.043207049369812,-152.30010008811951,-151.49352791905403,85.799999535083771,80.775700509548187,4.2999999895691872,4.3963895179331303
632,62.667899966239929,62.633847236633301,-149.6532000079751,-149.52058182656765,25.499999523162842,65.121807157993317,3.6999999582767487,3.7077588737010956
414,61.141200006008148,61.221288457512856,-149.22699996829033,-149.29222995042801,28.3999964594841,65.263699740171432,3.0999999940395355,3.6557373404502869
1654,60.555200010538101,60.722231596708298,-147.43029999732971,-147.90614640712738,16.599997878074646,71.641109883785248,5.3000000417232513,4.891684278845787
1864,60.758599996566772,60.499834060668945,-151.73900002241135,-151.2064069211483,75.300000607967377,20.244434475898743,3.5999999642372131,4.0748796164989471
1641,62.452700018882751,62.743156313896179,-151.42709997296333,-150.81269922852516,83.500001579523087,43.685063719749451,3,3.7063186168670654
1094,61.545199990272522,61.594011723995209,-151.67929995059967,-151.41920909285545,87.600000202655792,54.979100823402405,3.6999999582767487,4.3081151470541954
240,61.948599994182587,62.01181161403656,-149.30300000309944,-149.09996661543846,43.399997055530548,68.04247573018074,3.8999999910593033,3.9518624246120453
2127,60.109499990940094,60.013204872608185,-152.95029991865158,-151.95680129528046,127.40000011399388,69.884896278381348,4.0999999791383743,3.8016804903745651
1284,61.467799991369247,61.521087765693665,-149.9529000017792,-149.98085147794336,41.100002825260162,70.876017212867737,3.8999999910593033,4.2596253454685211
383,60.200299978256226,59.958991885185242,-151.72589993476868,-151.1868831217289,67.000001668930054,84.309771656990051,3.3999999761581421,3.7042019963264465
254,60.958700001239777,60.798127099871635,-151.76319998502731,-151.49944111704826,78.699998557567596,15.74445515871048,3,3.5010611414909363
1009,61.321599990129471,61.358081519603729,-150.07500000111759,-150.0604452341795,40.899999439716339,96.359530463814735,4.0999999791383743,4.2594516947865486
1702,60.423399984836578,60.574570208787918,-147.33479994535446,-147.82644832134247,20.000003278255463,41.758179664611816,4.3999999947845936,4.5368752665817738
1553,61.772800028324127,61.899797677993774,-151.38330003619194,-151.13829991221428,73.69999960064888,60.501322150230408,3.0999999940395355,3.8152637332677841
109,60.517100006341934,60.199687004089355,-151.80330008268356,-151.16152283549309,67.000001668930054,53.426399827003479,3.6999999582767487,3.9562188684940338
1911,61.992299973964691,62.075920224189758,-149.5569000095129,-149.17450672388077,41.699998080730438,79.020719975233078,3.9999999850988388,4.1421362981200218
1513,62.739799976348877,62.871553897857666,-150.6327999830246,-150.36524768918753,81.799998879432678,49.111969769001007,3.0999999940395355,3.5194019079208374
67,61.018300000578165,60.998057723627426,-148.28299999237061,-148.49119448661804,31.800001859664917,59.508390724658966,3.8999999910593033,3.8960483372211456
705,59.502699971199036,59.419879198074341,-152.6013999581337,-151.43106973171234,83.299998193979263,75.481150299310684,3.7999999970197678,4.1241655647754669
1448,61.434799998998642,61.480969548225403,-149.92339999973774,-149.93756325915456,34.000001847743988,60.38588285446167,3.7999999970197678,3.9539220482110977
1337,61.446599990129471,61.004924198146909,-149.94030000083148,-149.77779574692249,32.099999487400055,41.331902146339417,3.3999999761581421,3.5788865089416504
561,60.121999979019165,59.892227649688721,-148.38419991731644,-148.71480426192284,25.899998843669891,92.555858194828033,3.3999999761581421,3.9129847437143326
282,61.289499998092651,61.247761577367783,-149.59009999036789,-149.26885172724724,35.599999129772186,84.837637841701508,4.5,4.8766715973615646
1927,62.343600034713745,62.265509605407715,-148.09389996528625,-148.28600764274597,39.899997413158417,82.672115415334702,3.0999999940395355,3.5248339176177979
1175,61.298099994659424,61.31201046705246,-150.08349999971688,-150.13157512620091,20.099997520446777,82.767926156520844,3.199999988079071,3.5158393979072571
1017,60.508799999952316,60.465946912765503,-149.51170000433922,-149.78786665946245,31.499996781349182,83.335205912590027,3.0999999940395355,3.5277213156223297
1835,59.948899984359741,59.787974834442139,-148.91909998655319,-149.23196116089821,10.999999940395355,67.752473056316376,3.4999999701976776,3.8206664174795151
1128,61.379400014877319,61.580077052116394,-147.21280002593994,-147.71705263853073,9.9999979138374329,57.051956653594971,3.5999999642372131,3.8793088048696518
2057,59.329100012779236,59.121594786643982,-152.60360008478165,-151.28288787603378,70.000000298023224,56.062385439872742,3.0999999940395355,3.1641325056552887
1770,59.581900000572205,59.360333323478699,-152.62129998207092,-151.11374187469482,80.899998545646667,71.426209062337875,3.5999999642372131,3.9571727067232132
184,62.787299990653992,62.724365472793579,-148.91499996185303,-148.99048393964767,9.1999992728233337,46.739950776100159,3.0999999940395355,3.4391703307628632
1287,61.431499987840652,61.445385307073593,-149.97119999863207,-149.88426433503628,20.199999213218689,70.422288030385971,3.199999988079071,3.6137056946754456
905,60.907799996435642,60.855576857924461,-151.25380003452301,-151.02202364802361,68.900000303983688,31.234890222549438,3.4999999701976776,4.163932241499424
1786,59.751199960708618,59.346593499183655,-152.54210007190704,-151.23959764838219,83.999998867511749,65.557174384593964,3,3.5134875476360321
1132,60.069700002670288,59.869030714035034,-152.50239998102188,-151.59731644392014,95.69999948143959,61.60503625869751,3.2999999821186066,3.7411334216594696
507,61.483799993991852,61.457290023565292,-149.78100000321865,-149.60985571146011,30.799999833106995,53.80973219871521,3.7999999970197678,4.0090825259685516
1010,61.474400013685226,61.449675321578979,-150.11180000379682,-150.13429297506809,32.300002872943878,71.43465057015419,3.0999999940395355,3.5672248005867004
251,59.805600047111511,59.440366387367249,-152.6340000629425,-151.58980822563171,87.200000882148743,80.573543906211853,3.4999999701976776,3.9158678948879242
1036,61.541100025177002,59.307467818260193,-151.78359997272491,-151.62510627508163,51.500000059604645,88.088870048522949,3.7999999970197678,3.6378957331180573
1778,59.242900013923645,59.135728120803833,-152.79370003938675,-151.34348148107529,84.100000560283661,54.290682077407837,3.0999999940395355,3.5401203632354736
1083,61.404100000858307,61.512845277786255,-149.96349999960512,-149.81607896089554,19.599996507167816,87.19027042388916,3.2999999821186066,3.3575733304023743
1233,61.450399994850159,61.510748565196991,-150.07719999924302,-149.98763025831431,19.599996507167816,79.440344125032425,3.199999988079071,3.3763975203037262
135,62.557500004768372,62.543855786323547,-149.2165000140667,-149.30881060659885,66.500000655651093,48.130229115486145,3.3999999761581421,3.9005817174911499
1854,61.126499995589256,61.163221105933189,-149.17490002512932,-149.18712115287781,35.099998116493225,89.44370225071907,3.7999999970197678,4.1303497776389122
1953,59.805999994277954,59.732803344726562,-152.99469995498657,-152.18394148349762,100.60000047087669,35.961240530014038,3,3.6415368318557739
527,60.768999993801117,60.682188600301743,-149.61359998583794,-149.87325036898255,26.900000870227814,105.91648332774639,3.4999999701976776,3.659416526556015
247,61.750199973583221,61.879468500614166,-150.44970001280308,-150.10801261290908,59.10000205039978,73.20273295044899,3.2999999821186066,3.8231643587350845
350,62.153499960899353,62.593969106674194,-152.09209996461868,-151.41691598296165,104.6999990940094,55.977977812290192,3,3.1681240797042847
859,60.887199997901917,60.881405614316463,-149.08599999547005,-149.22750502824783,28.200000524520874,88.669978082180023,4.1999999955296516,4.4404471199959517
1761,59.667999982833862,59.351387023925781,-152.12520003318787,-151.2079262137413,63.299998641014099,86.392384022474289,3,3.6701781749725342
1575,62.902600049972534,62.949185490608215,-150.75720003247261,-150.26027206331491,90.599998831748962,38.929827511310577,4.5,4.0064699649810791
1113,61.468199998140335,61.498290151357651,-149.96069999970496,-149.66029945760965,37.600003182888031,71.392923593521118,4.3999999947845936,4.3326069675385952
1752,59.945799946784973,59.859751582145691,-152.66810005903244,-151.46314644813538,87.699998170137405,93.740653246641159,4.0999999791383743,4.3061583861708641
1444,61.350400000810623,61.45041412115097,-150.08149999938905,-149.94723132625222,33.299997448921204,56.527212262153625,3.2999999821186066,3.5965354442596436
1412,61.402300000190735,61.211504772305489,-150.05790000222623,-149.37080839276314,40.899999439716339,68.435709923505783,3.7999999970197678,3.7647128105163574
128,61.92059999704361,62.128961324691772,-150.54399999976158,-150.20850095897913,58.600001037120819,70.562712848186493,3.3999999761581421,3.6980841457843781
1502,61.283300012350082,60.985569369979203,-149.90819999948144,-148.91554382443428,45.800000429153442,40.266469120979309,4.9000000208616257,4.7627043128013611
2036,61.120999999344349,61.032003413885832,-151.47699996829033,-151.31498757004738,67.899998277425766,25.638975203037262,3.0999999940395355,3.5100964307785034
1263,61.489499986171722,61.571369707584381,-149.89710000157356,-149.84357068687677,40.600001811981201,61.089910566806793,3.7999999970197678,4.1097167283296585
1151,61.534099996089935,61.579700827598572,-149.96970000118017,-149.74106542021036,36.799997091293335,74.77157935500145,3.0999999940395355,3.5181296467781067
941,62.914499998092651,62.937003970146179,-151.25610002875328,-150.6438173353672,115.79999979585409,39.289966225624084,3.0999999940395355,3.5548730492591858
51,61.508599996566772,61.434557199478149,-149.94270000234246,-149.73759390413761,12.100003659725189,62.142655253410339,3.0999999940395355,3.4339563846588135
857,59.568699955940247,59.36290168762207,-152.66970008611679,-151.66738057136536,71.499999612569809,83.667665719985962,3.6999999582767487,3.7740731835365295
694,61.342299997806549,61.362013608217239,-149.97990000061691,-149.82949742674828,43.799996376037598,110.27413420379162,4.8000000044703484,4.9146568179130554
1114,61.988600015640259,59.430651903152466,-149.37950000166893,-151.29467108845711,6.7000016570091248,87.396591901779175,3.4999999701976776,3.032017707824707
552,60.005900025367737,60.081335544586182,-152.94309997558594,-152.5951201915741,112.30000015348196,69.405432790517807,3.2999999821186066,4.0758100748062134
1592,62.600000023841858,62.788050055503845,-151.17389997839928,-150.74958622455597,89.000001549720764,44.878363609313965,3,3.5265963971614838
599,60.141499996185303,59.956737279891968,-151.49020001292229,-151.25088867545128,45.19999772310257,115.00302888453007,4.9000000208616257,4.6176641844213009
771,60.354300022125244,60.095651090145111,-152.75760000944138,-152.12126916646957,127.89999996311963,44.424936175346375,3.199999988079071,3.8747443109750748
678,59.595100045204163,59.467565774917603,-152.67900002002716,-151.65522962808609,81.90000057220459,91.217618435621262,3.6999999582767487,3.9959921389818192
290,61.276800006628036,61.331850290298462,-150.10300000011921,-149.95849725231528,38.699999451637268,102.32050344347954,3.5999999642372131,4.0350468456745148
1102,62.054999947547913,62.0721116065979,-148.70269998908043,-148.75872051715851,39.599999785423279,90.006247162818909,3.2999999821186066,3.7335005700588226
1509,60.996100000105798,61.037773437798023,-151.10960000753403,-150.86196586489677,1.5999972820281982,72.343986481428146,3,3.3689799606800079
486,59.784199953079224,59.38457202911377,-152.208899974823,-151.47210636734962,71.199998259544373,95.682285726070404,3.0999999940395355,3.6587102115154266
1487,61.522599995136261,61.359690248966217,-149.91999999806285,-149.56366015970707,37.399999797344208,44.487670063972473,3.199999988079071,3.2384722530841827
2196,59.340999960899353,59.189322590827942,-152.30690002441406,-151.18436917662621,78.699998557567596,47.431454062461853,3.199999988079071,3.3666744232177734
554,61.403699994087219,61.40413299202919,-150.09939999505877,-150.12630222737789,37.799999117851257,83.052296191453934,3.4999999701976776,3.8251539319753647
1742,61.281100004911423,61.173731416463852,-151.21399998664856,-150.95801782608032,81.799998879432678,39.97957706451416,3.3999999761581421,4.2276551127433777
382,59.738600015640259,59.555870532989502,-151.9514000415802,-151.44483616948128,57.599999010562897,103.76578569412231,3.2999999821186066,3.58821702003479
1646,60.896799996495247,60.827440232038498,-150.61360001564026,-150.17888136953115,127.0000000949949,87.988480925559998,3.0999999940395355,3.0862285494804382
1454,61.416599988937378,61.045564215630293,-150.072400001809,-147.57496172189713,42.700000107288361,47.752588987350464,3.9999999850988388,4.7100518345832825
1855,59.788100004196167,59.393188714981079,-152.65280002355576,-151.5025514960289,83.799999207258224,48.234537243843079,3,3.5574363470077515
298,60.254599988460541,60.132355391979218,-151.15539997816086,-150.84379756450653,57.300001382827759,46.588987112045288,3.199999988079071,3.4704557061195374
1468,61.41499999165535,61.520201921463013,-150.08590000122786,-148.21651268005371,30.400000512599945,52.170716226100922,3,3.5116374492645264
636,60.22460001707077,59.852725982666016,-151.81849998235703,-151.20325604081154,69.299999624490738,129.41392185166478,4.2999999895691872,4.3272196501493454
1950,60.021399974822998,59.91093897819519,-152.99139994382858,-151.95763206481934,114.59999997168779,46.4964359998703,3.0999999940395355,3.7729885876178741
1745,62.226999998092651,62.244179368019104,-149.34510000050068,-149.43767850100994,41.699998080730438,63.61640989780426,4.1999999955296516,4.4434400852769613
1677,61.789399981498718,61.892538130283356,-150.78479996323586,-150.4103149920702,58.799996972084045,68.471740931272507,3.199999988079071,3.860042005777359
303,59.919700026512146,59.726010799407959,-151.76859998703003,-151.42443403601646,54.600000381469727,134.16875805705786,3.4999999701976776,3.7550278007984161
1395,61.385800004005432,61.403389692306519,-149.99660000007134,-150.01902170386165,41.500002145767212,58.930948376655579,3.7999999970197678,3.9008863717317581
952,59.595499992370605,59.310923218727112,-152.88850003480911,-151.68767309188843,83.5999995470047,45.664288103580475,3,3.5059078931808472
1782,62.008299946784973,62.777866125106812,-152.38979995250702,-150.54294289648533,141.89999923110008,68.763259798288345,4.3999999947845936,5.1449242383241653
482,61.662599980831146,61.873295605182648,-151.80260002613068,-151.42810544371605,101.09999962151051,140.2062913402915,3,3.2693420648574829
188,62.14680004119873,62.543002128601074,-152.58319991827011,-152.23331648111343,0.90000033378601074,76.993938535451889,3.0999999940395355,3.4986133575439453
1724,61.721599996089935,61.704785525798798,-148.16829997301102,-148.30240845680237,0.10000169277191162,49.65539276599884,3.199999988079071,3.5237076580524445
849,59.94570004940033,59.738264322280884,-152.8332000374794,-152.13383173942566,98.799999803304672,84.030903875827789,3.199999988079071,3.654744565486908
1978,62.530699968338013,62.65198826789856,-151.25909999012947,-150.68172481656075,85.799999535083771,50.636172294616699,3.199999988079071,3.7612177580595016
1034,61.501699984073639,61.526068568229675,-149.91820000112057,-150.03242852166295,38.199998438358307,81.357385963201523,3.0999999940395355,3.6837159991264343
1283,61.328399986028671,61.351017206907272,-149.97159999981523,-149.94473506696522,32.300002872943878,73.095347732305527,3.3999999761581421,3.9304308593273163
764,62.010400056838989,62.138136386871338,-150.01359999971464,-149.88009707629681,42.099997401237488,74.270721524953842,4.6000000052154064,4.4682248700410128
729,62.159199953079224,62.19944167137146,-149.36019998788834,-149.46061541140079,38.900002837181091,84.518581628799438,3.5999999642372131,3.968422919511795
48,60.254599988460541,60.061304867267609,-151.0911999642849,-150.61571609973907,56.400001049041748,48.768326640129089,3.8999999910593033,4.1032320410013199
1598,61.548399984836578,61.61099499464035,-149.9427999984473,-149.96981007512659,48.100002110004425,58.144845068454742,3.9999999850988388,4.206971101462841
218,59.441900014877319,59.211354613304138,-152.68789994716644,-151.47516193985939,72.39999994635582,58.567233383655548,3.0999999940395355,3.6116375327110291
479,61.837700009346008,61.92966365814209,-150.76629996299744,-150.54566305875778,64.399998635053635,72.811421006917953,3.5999999642372131,4.0615684390068054
944,60.603899985551834,60.520342171192169,-152.29419994354248,-151.77017748355865,104.00000028312206,69.869071245193481,4.0999999791383743,4.4254931844770908
1832,61.91949999332428,62.002871036529541,-151.74770003557205,-151.21717312932014,99.700000137090683,84.069915115833282,3.8999999910593033,4.3751968592405319
120,62.921700000762939,62.944883584976196,-151.29420000314713,-150.39635239541531,120.39999989792705,48.625931143760681,3.0999999940395355,3.4210598766803741
1900,60.062300026416779,59.845554232597351,-151.44969999790192,-150.821752846241,79.599998891353607,63.107918947935104,3.0999999940395355,3.4131161570549011
211,62.395099997520447,62.53037416934967,-151.07119998335838,-150.50867736339569,73.800001293420792,67.164488136768341,3,3.5260167717933655
707,61.736800014972687,61.779830813407898,-149.76380000263453,-149.69671464711428,43.49999874830246,79.401563853025436,3,3.1547805368900299
721,62.885900020599365,62.942277669906616,-149.95250000059605,-149.72370629757643,79.199999570846558,43.177366256713867,3.7999999970197678,4.0781194567680359
56,59.027699947357178,59.175206661224365,-151.19000002741814,-151.1993950009346,28.899997472763062,57.236917316913605,3.199999988079071,3.3179109692573547
1307,61.325399994850159,61.379817217588425,-150.00490000017453,-149.93068850040436,33.900000154972076,88.896848261356354,3,3.1343671381473541
1619,61.687399983406067,61.776553869247437,-149.84329999610782,-149.9182309191674,28.700001537799835,60.629017651081085,3.4999999701976776,3.8296134173870087
1261,61.452600002288818,61.445428401231766,-149.95689999964088,-149.91292357072234,41.699998080730438,62.165640294551849,3,3.6049413979053497
1735,60.612300008535385,60.508504807949066,-148.90229997038841,-149.14385309815407,27.999997138977051,67.030787467956543,3.2999999821186066,3.7932818233966827
289,62.173799991607666,62.317052364349365,-151.10850003361702,-150.7477545440197,72.900000959634781,69.395530968904495,3.6999999582767487,4.1008650809526443
1909,60.635399997234344,60.670521378517151,-148.64659997820854,-148.80581304430962,16.699999570846558,83.847511559724808,3.199999988079071,3.593882292509079
1546,62.708299994468689,62.797211527824402,-149.36289998888969,-149.31742398440838,55.799998342990875,46.666450798511505,3.0999999940395355,3.5667913556098938
485,62.968899965286255,62.92041015625,-150.40940000116825,-150.18812571465969,99.300000816583633,54.394200444221497,3,3.4924319386482239
1718,60.038900017738342,59.968698620796204,-152.88300007581711,-152.24947142601013,106.00000061094761,45.077100396156311,3.199999988079071,3.8087379634380341
535,61.798699975013733,61.855708956718445,-151.79989993572235,-151.36676672101021,107.99999907612801,71.718707680702209,4.1999999955296516,4.9691489338874817
1334,61.386900007724762,61.474114388227463,-150.00710000004619,-149.97544666752219,34.000001847743988,80.431964248418808,3.6999999582767487,4.3587830699980259
297,62.805600047111511,62.795836329460144,-148.96979999542236,-149.23466822504997,65.699998289346695,39.304763078689575,3,3.4455584585666656
1583,62.013399958610535,62.141844034194946,-149.58820000290871,-149.48189905285835,34.400001168251038,107.15490952134132,3.3999999761581421,3.7770554423332214
668,62.46399998664856,62.465034604072571,-148.26639997959137,-148.38517498970032,21.499998867511749,73.802322149276733,3.3999999761581421,3.7617559432983398
259,62.891899943351746,62.879870414733887,-149.02940002083778,-149.12653675675392,63.099998980760574,32.790951430797577,3.0999999940395355,3.5123029053211212
2042,60.985500000417233,60.928096629679203,-150.91429996490479,-150.75372335314751,20.800001919269562,80.330982804298401,3.6999999582767487,3.6972351372241974
519,62.94350004196167,62.952763080596924,-151.26309996843338,-150.62126290798187,104.80000078678131,61.986960470676422,3.0999999940395355,3.5824801325798035
1179,59.414700031280518,59.499276876449585,-149.067999958992,-149.77167691290379,20.000003278255463,53.391039371490479,3.9999999850988388,3.9285643547773361
1861,61.058100000023842,60.872420683503151,-150.19580000638962,-150.04673715401441,52.699998021125793,94.864655286073685,3.3999999761581421,3.6703600287437439
1027,61.516200006008148,61.627698659896851,-149.9096000008285,-149.64663485437632,38.599997758865356,104.2681522667408,3,3.2537567317485809
1684,62.18939995765686,61.90316778421402,-147.75870001316071,-148.1111376285553,15.900000929832458,87.622653692960739,3.199999988079071,3.4723193049430847
1576,62.841899991035461,62.797577619552612,-148.36409997940063,-148.73329111933708,64.500000327825546,60.232073068618774,3.9999999850988388,4.0283742696046829
44,61.288700014352798,61.739376544952393,-152.27660000324249,-152.17592704296112,6.5999999642372131,144.9589841067791,3.199999988079071,3.0227244794368744
163,61.948099970817566,62.027875185012817,-149.55289998650551,-149.46226492524147,55.900000035762787,96.085710451006889,3.2999999821186066,3.7839751392602921
1336,61.462000012397766,61.491390347480774,-149.94779999926686,-149.98911559861153,39.70000147819519,82.780499011278152,3.4999999701976776,3.9982313811779022
1841,61.474799990653992,61.555427849292755,-147.20110005140305,-147.59977626800537,21.499998867511749,42.669132351875305,3.8999999910593033,4.2004706114530563
1810,62.189599990844727,62.249076128005981,-149.98130000056699,-149.89988993480802,16.199998557567596,98.661353811621666,3.0999999940395355,3.5205588340759277
192,61.921999990940094,62.079065442085266,-150.90960001945496,-150.5989079028368,66.500000655651093,75.049202889204025,3.9999999850988388,4.2889756634831429
1572,61.426800012588501,61.421573221683502,-151.14629995822906,-150.79109153151512,50.700001418590546,100.95716081559658,3.5999999642372131,3.9989587515592575
1780,61.898899972438812,62.14106559753418,-152.09930008649826,-151.52296131849289,125.60000002849847,75.322579592466354,3.4999999701976776,3.9211519360542297
695,60.420400023460388,60.45500373840332,-147.6997999548912,-147.99181723594666,5.5000036954879761,86.752496659755707,4.0999999791383743,4.3181134611368179
611,60.294000029563904,60.06224650144577,-151.32209998369217,-151.14412119984627,59.50000137090683,77.753115445375443,3.8999999910593033,4.150745652616024
1254,61.400099992752075,61.5219606757164,-150.05350000038743,-149.77052311599255,38.300000131130219,57.17332661151886,3,3.6310506463050842
1615,59.806399941444397,59.746670722961426,-152.94479995965958,-151.7216774225235,103.00000011920929,71.681715548038483,3.4999999701976776,4.0057687908411026
618,60.318599998950958,59.860954880714417,-152.23309993743896,-151.26923766732216,82.899998873472214,61.314292252063751,3.0999999940395355,3.3229159712791443
1223,61.380400002002716,61.447594940662384,-150.15610000491142,-150.01882734009996,20.199999213218689,79.997189342975616,3.3999999761581421,3.8094840198755264
1380,61.490399986505508,61.539206445217133,-149.90459999442101,-149.92759086750448,30.900001525878906,69.147095084190369,3.199999988079071,3.3758350610733032
69,61.649500012397766,61.684448540210724,-148.02310001850128,-148.20969521999359,17.30000227689743,57.493731379508972,3.199999988079071,3.6805015504360199
634,62.937399983406067,62.860535264015198,-148.32870000600815,-148.63390159606934,12.400001287460327,35.42056679725647,3,3.3907792568206787
480,62.976799964904785,62.837202429771423,-148.49750000238419,-148.65077635645866,4.0000006556510925,45.584984123706818,3.199999988079071,3.5885526537895203
1481,61.384600013494492,61.936346709728241,-150.01629999931902,-150.16608704254031,42.999997735023499,89.136406779289246,3.0999999940395355,3.7592475414276123
230,60.06580001115799,60.053570628166199,-152.99500000476837,-152.15111696720123,110.7999999076128,36.07979416847229,3.0999999940395355,3.5790912508964539
342,62.277699947357178,62.594239592552185,-151.00099995732307,-150.49756698310375,74.700001627206802,59.862934052944183,3,3.357413649559021
1996,62.99810004234314,62.964164018630981,-151.04200002551079,-150.27457677572966,126.70000002253801,40.260687470436096,3.6999999582767487,3.7635380476713181
1700,60.498499989509583,60.201286852359772,-152.1739000082016,-151.32089683413506,81.999998539686203,42.149960994720459,3.2999999821186066,3.8356153517961502
1877,60.450999975204468,60.043230772018433,-152.12279999256134,-151.33662647008896,80.299999564886093,26.978947222232819,3,3.5940733551979065
538,61.684700012207031,61.874244570732117,-151.55119997262955,-151.31753852963448,72.200000286102295,112.17152234166861,3.0999999940395355,3.6703196167945862
1933,59.831500053405762,59.568615198135376,-152.94309997558594,-151.89709389209747,103.70000079274178,40.333583950996399,3,3.4358773827552795
239,62.902099967002869,62.884478092193604,-150.59260001778603,-150.02858504466712,102.90000028908253,51.855042576789856,4.6000000052154064,4.3941878266632557
99,61.48769998550415,61.665439486503601,-149.92009999975562,-149.74222368746996,31.300000846385956,61.157345771789551,3.4999999701976776,4.0194306671619415
2065,60.313499987125397,59.976843595504761,-152.49279999732971,-151.01507538557053,109.20000076293945,57.48516321182251,3,3.1752307713031769
1653,60.067300021648407,59.805138826370239,-151.4286000430584,-150.79834789037704,78.000001609325409,92.692263424396515,3.0999999940395355,3.4137538075447083
1211,61.440600007772446,61.459207266569138,-149.88660000264645,-149.59951762855053,27.999997138977051,84.630008786916733,4.8000000044703484,5.0543073266744614
581,62.462599992752075,62.447418093681335,-148.87700003385544,-149.01800626516342,34.999996423721313,78.594744205474854,3.5999999642372131,3.7651137560606003
1989,62.208799958229065,62.572028160095215,-151.99979996681213,-150.83513706922531,106.00000061094761,64.485657960176468,4.3999999947845936,4.4704891378059983
1777,59.841799974441528,59.84053373336792,-152.86959993839264,-151.74658530950546,100.80000013113022,91.948863118886948,3.7999999970197678,4.1390408724546432
1628,62.159299969673157,62.300787329673767,-147.81760007143021,-148.26003688573837,38.500003516674042,125.050425525842,4.0999999791383743,4.0659293085336685
744,61.311599999666214,61.319251090288162,-149.97020000126213,-149.8924783654511,37.900000810623169,82.787994295358658,3,3.4906105399131775
124,62.148399949073792,62.276607275009155,-149.73880000412464,-149.60661698877811,44.699996709823608,85.267983376979828,4.1999999955296516,4.1902809217572212
1836,61.009999999776483,61.038899671286345,-147.45190000534058,-147.84935867786407,15.100002288818359,71.221597492694855,3.2999999821186066,3.678556501865387
185,61.081500001251698,60.909991428256035,-152.22009998559952,-151.91545343399048,110.29999982565641,39.675295352935791,3.6999999582767487,4.4131576158106327
307,60.2810999751091,60.165882170200348,-152.97330003976822,-152.2740495800972,136.30000036209822,74.316978454589844,4.3999999947845936,4.2706921845674515
1510,60.028299987316132,59.810747385025024,-152.8390000462532,-151.78739261627197,93.199998140335083,62.479361891746521,3,3.6489365100860596
65,59.906999945640564,60.572331786155701,-149.82299999892712,-149.58236065506935,0,100.39695166051388,3.0999999940395355,3.0907378792762756
532,61.155799999833107,61.081557378172874,-152.54269999265671,-152.26437628269196,139.39999975264072,38.5599285364151,3,3.8639765381813049
406,61.011199999600649,61.076116733253002,-148.93469998240471,-148.958381742239,5.9000030159950256,125.4849893739447,3.4999999701976776,3.7010974287986755
1442,61.502099990844727,61.403900355100632,-149.97020000126213,-149.87863489240408,50.700001418590546,70.259805768728256,3.0999999940395355,3.1969289481639862
1413,61.38850000500679,61.477844387292862,-150.09819999709725,-148.98127314448357,37.399999797344208,45.777395367622375,4.5,4.4736721739172935
1963,62.955299973487854,62.944609761238098,-150.8337000310421,-150.22621205449104,104.6999990940094,39.168454706668854,3.2999999821186066,3.6956263482570648
1040,59.091400027275085,59.173884987831116,-152.4057000875473,-151.02562540769577,60.599997639656067,76.473578810691833,3.9999999850988388,4.1459509134292603
430,61.831700026988983,61.845277667045593,-147.57499998807907,-147.86180984973907,33.799998462200165,101.40423849225044,4.8000000044703484,4.7281731963157654
1200,61.513800024986267,61.566168069839478,-149.91249999962747,-150.03396269213408,37.600003182888031,73.775745928287506,3.199999988079071,3.2846847474575043
1457,61.42059999704361,61.611229658126831,-150.06340000033379,-149.6857667863369,35.199999809265137,74.630647897720337,3.2999999821186066,4.1263812705874443
219,62.980599999427795,62.925796866416931,-150.28759999573231,-150.10794376954436,89.600000530481339,43.016247451305389,3.199999988079071,3.5717677474021912
1229,61.322299987077713,61.420584380626678,-150.00980000034906,-149.96771560795605,29.299996793270111,77.407069504261017,3.4999999701976776,4.0722238719463348
874,62.898399949073792,62.915631651878357,-150.50520001351833,-150.2449304535985,87.400000542402267,37.702381610870361,3.2999999821186066,3.5111201405525208
1189,61.441100001335144,61.493552595376968,-150.0819000005722,-149.98457712074742,20.000003278255463,83.543583750724792,3.199999988079071,3.353935182094574
715,61.45320001244545,61.222423583269119,-151.92909997701645,-151.54192328453064,98.999999463558197,64.677618443965912,4.5,5.2234934717416763
212,60.02810001373291,59.848649501800537,-151.71570003032684,-151.40114280581474,72.200000286102295,103.64574380218983,3.3999999761581421,3.9193438142538071
2109,61.42960000038147,61.430344253778458,-151.01129999756813,-150.81680470705032,64.899999648332596,83.043292164802551,3.0999999940395355,3.2088004052639008
555,61.53710001707077,61.567476809024811,-149.94479999877512,-150.03879152052104,47.899998724460602,79.926479607820511,3.4999999701976776,3.7048960626125336
1659,61.747300028800964,61.830574035644531,-149.81390000134706,-149.77101762592793,44.699996709823608,64.633242785930634,3.0999999940395355,3.6075846254825592
1945,62.093199968338013,62.375949859619141,-151.11390003561974,-150.38763248920441,66.399998962879181,82.473654299974442,3.199999988079071,3.5269825458526611
1769,60.179899990558624,59.909829616546631,-152.42940008640289,-151.63574659824371,102.2999994456768,67.709188908338547,3.2999999821186066,3.9046993553638458
736,61.42849999666214,61.443270832300186,-147.15049999952316,-147.51392984390259,5.5000036954879761,48.349201679229736,3,3.3018479347229004
1514,61.385399997234344,61.311306864023209,-151.82929998636246,-151.8338765501976,111.39999981969595,49.158275127410889,3,4.3621148765087128
529,62.156599998474121,62.368967652320862,-151.20830002427101,-150.6844909787178,70.30000165104866,69.764211773872375,3.8999999910593033,4.3417022824287415
1801,59.877500057220459,59.538429021835327,-151.15689995884895,-150.96725848317146,41.199997067451477,130.10427262634039,3.2999999821186066,3.6477552652359009
210,61.753799974918365,61.840441346168518,-149.69640000164509,-149.46421605348587,46.700000762939453,69.743480533361435,3.0999999940395355,3.6505633592605591
1342,61.754599988460541,61.445916205644608,-150.16910000145435,-149.86487685889006,84.800001233816147,56.144744157791138,3.199999988079071,3.6667572855949402
299,61.401199996471405,61.378066629171371,-150.88900002837181,-150.63694323599339,62.299996614456177,66.72157347202301,3.9999999850988388,4.460645112209022
306,59.47819995880127,59.401747941970825,-151.91970008611679,-151.38358703255653,70.500001311302185,66.000357270240784,3,3.2950446903705597
752,61.918200016021729,62.037513375282288,-151.35349997878075,-150.96653017401695,75.699999928474426,82.343742251396179,3.199999988079071,3.9406663030385971
921,61.133900001645088,61.153863936662674,-148.49070006608963,-148.728659927845,7.3999986052513123,117.83548584207892,3,3.3152833878993988
435,59.962800025939941,60.03117048740387,-152.92869991064072,-151.63385725021362,120.09999994188547,72.792649269104004,4.6000000052154064,4.4878875855356455
929,61.640799999237061,61.695454895496368,-147.90889996290207,-148.20825827121735,25.79999715089798,46.878308057785034,3.7999999970197678,4.2065267488360405
220,61.872500002384186,61.900725245475769,-148.03970003128052,-148.15328514575958,8.9000016450881958,81.037353724241257,3.6999999582767487,3.9556163996458054
1198,61.358799993991852,61.404248088598251,-150.04319999925792,-149.99337008153088,37.199996411800385,75.647253543138504,3.199999988079071,3.6789135038852692
237,62.358000040054321,62.51387083530426,-150.91409996151924,-150.51263304054737,72.00000062584877,66.260866820812225,3.9999999850988388,4.3475521132349968
809,61.363999992609024,61.426272332668304,-150.06250000186265,-150.09258297644556,40.399998426437378,96.233692020177841,3.2999999821186066,3.6721436977386475
1446,61.459699988365173,61.695110380649567,-149.75500001013279,-149.57638894021511,52.799999713897705,69.582454860210419,3.0999999940395355,4.0010831952095032
354,61.526899993419647,61.560471594333649,-150.5443000048399,-150.19109138846397,65.099999308586121,79.832755029201508,3.9999999850988388,4.3787830956280231
988,59.019400000572205,59.084011554718018,-152.89770001173019,-151.32733127474785,60.999996960163116,77.006254345178604,3.2999999821186066,3.1430110037326813
1381,61.496899992227554,61.495029926300049,-149.93649999797344,-149.93295938149095,38.900002837181091,79.227391630411148,3.3999999761581421,3.2290758490562439
986,60.681400001049042,60.625707805156708,-148.76549997925758,-148.89440801739693,37.900000810623169,95.298986881971359,3,3.1943221092224121
324,62.365700006484985,62.414951086044312,-149.12509998679161,-149.13065564632416,0.29999762773513794,78.08990404009819,3.4999999701976776,3.513085663318634
2123,60.189199984073639,60.008621633052826,-152.72510004043579,-151.64576697349548,91.899998486042023,38.956418633460999,3,3.0879532992839813
445,62.616199970245361,62.620887637138367,-151.36800000071526,-150.86079919338226,3.2000020146369934,66.032532602548599,3.8999999910593033,4.155227467417717
13,62.261399984359741,62.373542308807373,-150.80630001425743,-150.481774315238,67.099999636411667,67.467503249645233,3.0999999940395355,3.8695089519023895
785,61.125900000333786,61.071135528385639,-150.58400000631809,-150.60274158418179,53.999997675418854,69.364968687295914,3.0999999940395355,3.2957902550697327
296,62.497300028800964,62.513687610626221,-148.81510001420975,-149.11150074005127,41.000001132488251,52.274905145168304,3,3.4756631255149841
1375,61.500299990177155,61.598644018173218,-149.91009999811649,-149.78908360004425,38.999997079372406,57.153239846229553,3,3.4931602478027344
621,59.636399984359741,59.653013467788696,-151.8986000418663,-151.94316101074219,183.49999934434891,53.262382745742798,3.4999999701976776,4.0840532630681992
2070,62.952000021934509,62.96968936920166,-149.26799999177456,-149.2708832770586,70.999998599290848,28.821632266044617,3.199999988079071,3.5526401102542877
1800,62.395900011062622,62.700138688087463,-152.61959999799728,-151.78770804405212,7.7999979257583618,86.372379213571548,3.199999988079071,3.5488659739494324
746,62.166399955749512,62.1934494972229,-148.12700003385544,-148.17528462409973,31.700000166893005,102.24601812660694,3.0999999940395355,3.4161710143089294
755,62.791399955749512,62.75154972076416,-148.78049996495247,-148.90829211473465,75.599998235702515,47.753214836120605,3.2999999821186066,3.8274059146642685
1411,61.389800012111664,61.407866954803467,-150.10770000144839,-149.99482267128769,20.199999213218689,82.510974258184433,3.0999999940395355,3.5687476694583893
1116,59.345499992370605,59.160292983055115,-152.59309995174408,-151.07574060559273,66.599998623132706,42.639084160327911,3.4999999701976776,3.9948669970035553
2117,62.981899976730347,62.968935966491699,-149.31420001387596,-149.22594398260117,75.699999928474426,32.9146608710289,3.0999999940395355,3.5262823104858398
1642,59.92550003528595,59.598096251487732,-152.99309992790222,-151.75937765836716,94.699999317526817,56.71575665473938,3,3.7099710702896118
1870,59.854900002479553,59.533334732055664,-152.61210000514984,-151.28107970952988,82.299999892711639,88.030591607093811,3.199999988079071,3.7945818454027176
2055,61.47299998998642,61.62711501121521,-152.2150000333786,-151.5155012011528,110.70000007748604,50.258219242095947,3,3.1387082934379578
976,60.663700014352798,60.515455484390259,-151.83479994535446,-151.40626135468483,78.999999910593033,13.583093881607056,3.0999999940395355,3.6846731901168823
1181,61.982299983501434,61.958297967910767,-151.07440003752708,-150.73876766860485,3.8999989628791809,114.06618449836969,3.199999988079071,3.6500594615936279
1086,62.208400011062622,62.496671080589294,-151.24700000882149,-150.59507422149181,76.600000262260437,66.662538796663284,3.9999999850988388,4.2711188569664955
203,60.342299997806549,60.078147530555725,-152.55970001220703,-151.9659948348999,98.799999803304672,34.25152599811554,3.0999999940395355,3.2460975050926208
2132,60.979599999263883,60.995456226635724,-147.15910005569458,-147.65322321653366,19.900001585483551,69.436535239219666,3.199999988079071,3.588397890329361
1344,61.35479998588562,61.41058361530304,-149.99130000011064,-149.6604211628437,42.900003492832184,96.430128440260887,5.0000000149011612,5.1544850617647171
786,62.986999988555908,62.896239876747131,-148.83920001983643,-149.01464706659317,12.000001966953278,34.342750906944275,3.2999999821186066,3.6082586646080017
478,62.335899949073792,62.391846299171448,-149.72629999369383,-149.64802915602922,31.099997460842133,82.959182560443878,3.5999999642372131,3.8868693262338638
410,60.240599989891052,60.080340981483459,-152.38630002737045,-151.77760684490204,89.200001209974289,68.473916500806808,3,3.3121443092823029
2168,61.849799990653992,61.943909168243408,-150.47290000319481,-150.42270635068417,63.999999314546585,57.288073003292084,3.9999999850988388,4.0747552067041397
316,60.03930002450943,60.035198748111725,-152.69310003519058,-152.36092722415924,104.59999926388264,66.529151052236557,3.2999999821186066,3.6996020972728729
1427,61.47350001335144,61.539462625980377,-149.92410000041127,-149.91143890097737,36.200001835823059,50.490878522396088,3.0999999940395355,3.6665932238101959
105,59.768800020217896,59.409893393516541,-152.68119996786118,-151.14001813530922,92.955999076366425,78.972157090902328,3.3999999761581421,3.8118163794279099
1196,61.405099987983704,61.427409619092941,-150.06169999949634,-149.98598135774955,35.899996757507324,77.013451606035233,3.3999999761581421,3.8514337688684464
121,62.315199971199036,62.514360547065735,-150.86910000443459,-150.55101209878922,68.500000983476639,61.619557440280914,3.6999999582767487,4.0546891093254089
807,60.767399996519089,60.666867703199387,-150.16340000554919,-150.17798067256808,41.79999977350235,93.549914658069611,3.3999999761581421,3.7889105379581451
1187,61.41159999370575,61.410432547330856,-150.10879999771714,-149.948371052742,19.900001585483551,69.181140512228012,3,3.0871488153934479
2130,59.311900019645691,59.185146689414978,-152.03679996728897,-151.27784103155136,57.099997997283936,54.422535002231598,3,3.136014997959137
1518,62.967900037765503,62.956835269927979,-150.32429999113083,-150.13783883303404,88.700000196695328,37.10898756980896,3.0999999940395355,3.5571530163288116
1359,61.461499989032745,61.553815901279449,-149.95469999872148,-149.93407643772662,38.199998438358307,73.872681707143784,3.2999999821186066,3.6061691343784332
2048,61.969299972057343,61.964861989021301,-152.15689998865128,-151.68290305137634,125,67.381404340267181,5.2000000029802322,5.1453073918819427
115,59.930299997329712,59.607796788215637,-151.40720003843307,-151.08504125475883,44.100001454353333,106.3188724219799,3.0999999940395355,3.7091900110244751
76,59.515200018882751,59.362705230712891,-152.85180008411407,-151.4519237279892,106.10000044107437,34.044697880744934,3.0999999940395355,3.9228789210319519
1938,59.769299983978271,59.251497745513916,-152.90489995479584,-151.52793556451797,18.700003623962402,71.831699460744858,3.3999999761581421,3.5221198797225952
422,61.38289999961853,61.422438591718674,-149.79349999129772,-149.72985003143549,36.640003323554993,76.159954071044922,3.199999988079071,3.383298933506012
1193,61.397000014781952,61.459233522415161,-150.04160000011325,-150.00751271797344,20.199999213218689,68.352758884429932,3,3.2371872961521149
1982,60.197000026702881,59.918535113334656,-151.76600003242493,-151.16859358549118,70.599999278783798,77.195227146148682,3.3999999761581421,3.9521918892860413
2052,60.721399992704391,60.474972546100616,-151.81470000743866,-151.39930030703545,86.399998515844345,12.391038239002228,3.0999999940395355,3.127765417098999
1391,61.393799990415573,61.453717619180679,-150.06519999727607,-150.0558267775923,37.799999117851257,76.6189806163311,3.2999999821186066,3.6408011913299561
1876,61.442699998617172,61.413913726806641,-150.97579997777939,-150.74494224786758,66.100001335144043,71.411158889532089,3.0999999940395355,3.710138350725174
700,61.671999990940094,61.728440403938293,-151.37690001726151,-151.24365359544754,75.100000947713852,70.275228470563889,3.199999988079071,3.7706419229507446
798,61.642799973487854,61.737401902675629,-151.06260001659393,-150.78001543879509,68.799998611211777,55.440187454223633,4.0999999791383743,4.8845741897821426
942,59.930500030517578,59.855679273605347,-152.20349997282028,-151.5217376947403,80.60000091791153,119.85399620607495,3.7999999970197678,4.1111035645008087
940,61.4932000041008,61.640988826751709,-149.85659999772906,-149.96380673255771,42.199999094009399,60.164831578731537,3.6999999582767487,4.0154896974563599
994,62.174200057983398,62.194172739982605,-147.79539996385574,-148.14727556705475,34.199997782707214,115.81043340265751,3.8999999910593033,3.8431674689054489
1493,61.454299986362457,61.113015487790108,-150.04649999924004,-148.57257699966431,40.10000079870224,36.650076508522034,3.4999999701976776,3.6527482867240906
620,62.973399996757507,62.304512977600098,-148.46769994497299,-147.48265528678894,11.399999260902405,30.520603060722351,3.5999999642372131,3.5136734247207642
420,61.684300005435944,61.659336924552917,-149.91420000046492,-149.87732704728842,9.9999979138374329,77.051348984241486,3.6999999582767487,3.7328088283538818
997,60.710200011730194,59.805520057678223,-151.8863999247551,-152.05030453205109,170.00000178813934,42.791992425918579,3.9999999850988388,3.6762976348400116
1934,59.832800030708313,59.704349994659424,-152.88699996471405,-151.74478268623352,101.09999962151051,64.298611134290695,3.4999999701976776,3.7888439297676086
1732,60.495800018310547,60.593693524599075,-147.26079994440079,-147.618727684021,8.6999982595443726,33.400498330593109,3,3.4685157537460327
1562,61.633000016212463,61.693093240261078,-151.54820001125336,-151.43129208683968,77.500000596046448,63.467584550380707,3.199999988079071,3.9645807892084122
178,59.521900057792664,59.413095474243164,-151.95909994840622,-151.24528768658638,58.600001037120819,78.918449580669403,3,3.533586323261261
1828,61.749300003051758,61.67996883392334,-148.20350003242493,-148.34159302711487,12.100003659725189,51.984906196594238,4.1999999955296516,4.086526483297348
613,61.496399998664856,61.521901369094849,-150.25159998983145,-150.08177999965847,61.800003051757812,81.943999975919724,3,3.3092442154884338
1673,61.08330000191927,60.958706762641668,-151.37949997186661,-151.03290787339211,66.700000315904617,39.051264524459839,3.2999999821186066,4.1132891178131104
2008,62.700999975204468,62.793021678924561,-149.44799999892712,-149.50807043910027,68.900000303983688,42.452670633792877,3.199999988079071,3.3512755036354065
781,61.545799970626831,61.449117451906204,-149.91650000028312,-149.51323257386684,43.399997055530548,110.65731942653656,3.3999999761581421,3.1851825714111328
1137,61.471500009298325,61.421329230070114,-149.87779999896884,-149.75030386447906,48.600003123283386,63.340168446302414,3.7999999970197678,4.1459032148122787
651,62.472699999809265,62.49058723449707,-148.25250005722046,-148.33592677116394,21.399997174739838,98.061291500926018,3,3.5242837071418762
1018,61.053399998694658,61.12047079205513,-148.23649996519089,-148.50062137842178,10.300002992153168,102.04910859465599,3,3.1059899926185608
409,61.596499979496002,61.586333215236664,-148.25989991426468,-148.53238105773926,9.0999975800514221,71.514338254928589,4.1999999955296516,3.9022984653711319
1103,61.367500007152557,61.360839605331421,-150.05859999731183,-149.86222607642412,40.799997746944427,96.196526661515236,3.0999999940395355,3.5868739485740662
782,61.568499982357025,61.266761869192123,-149.94519999995828,-149.13105323910713,42.900003492832184,41.310578584671021,3.6999999582767487,4.202232263982296
1942,59.292099952697754,59.224351406097412,-151.71940004825592,-151.41682729125023,23.999996483325958,50.426214933395386,3.199999988079071,3.5297645330429077
1594,60.578999996185303,60.654741823673248,-147.61329996585846,-147.9138223528862,6.5999999642372131,52.841439843177795,4.0999999791383743,4.5291267363354564
450,62.921200037002563,62.945424795150757,-149.53570000827312,-149.32818697392941,59.399999678134918,24.722814559936523,3,3.4031699895858765
1714,62.043799996376038,62.095953226089478,-149.52530001103878,-149.34701447188854,19.900001585483551,94.227416440844536,3.0999999940395355,3.4195722341537476
1613,61.018500000238419,61.097226142883301,-147.60190004110336,-148.01782268285751,25.100000202655792,59.777408838272095,3.5999999642372131,4.1624009683728218
1078,61.236699998378754,61.26708060503006,-149.86389999836683,-149.98695822106674,40.50000011920929,87.783321738243103,3.199999988079071,3.6012559533119202
1330,61.335200011730194,61.440292745828629,-149.98379999957979,-149.91829500161111,40.200002491474152,64.726874232292175,3,3.7458124458789825
63,61.517300009727478,61.610355973243713,-150.69879998266697,-150.33420203626156,34.900002181529999,80.564271658658981,3.0999999940395355,3.2245101928710938
508,62.979599952697754,62.930646061897278,-150.53630000352859,-150.22402942925692,0.79999864101409912,55.392444133758545,3.199999988079071,3.529399037361145
2191,61.930800020694733,62.111053824424744,-151.14919996261597,-150.90396040678024,67.499998956918716,74.423879384994507,3.2999999821186066,3.523360937833786
1521,60.083500027656555,59.893309354782104,-150.45450000464916,-150.3503854572773,48.699997365474701,69.820962846279144,3.3999999761581421,3.7485518753528595
1161,61.39190000295639,61.423512488603592,-150.08899999782443,-150.10657593235373,35.700000822544098,75.215306133031845,3.3999999761581421,3.735868513584137
1058,62.320199966430664,62.327862977981567,-148.49750000238419,-148.78171357512474,44.900000095367432,86.048159748315811,3.2999999821186066,3.7487792372703552
1293,61.189400002360344,61.290958017110825,-149.96499999985099,-149.9386059679091,17.200000584125519,87.74973452091217,3.0999999940395355,3.4515332579612732
949,62.616700053215027,62.66491174697876,-151.36699998378754,-150.71168723702431,86.100000888109207,54.01100218296051,3.0999999940395355,3.6051886081695557
1347,61.483300000429153,61.636820018291473,-149.93619999848306,-149.59510481357574,51.299996674060822,77.919624745845795,5.0000000149011612,4.985780730843544
1973,60.31470000743866,60.064214289188385,-152.5256000161171,-151.56538850069046,97.200000658631325,32.606720924377441,3.3999999761581421,3.7578092515468597
1111,61.875899970531464,61.924667000770569,-149.30290000140667,-149.12392124533653,6.8999975919723511,106.74294270575047,3.2999999821186066,3.7566583156585693
674,62.483299970626831,62.418731808662415,-148.25449991226196,-148.38118851184845,42.300000786781311,78.033860772848129,3.2999999821186066,3.7052409946918488
903,61.167899996042252,61.165815398097038,-151.26759999990463,-151.21195507049561,70.199999958276749,58.430895209312439,3.5999999642372131,4.1276048049330711
471,61.479900002479553,61.478494375944138,-149.90570000186563,-149.97539316304028,30.199997127056122,73.433075100183487,3,3.1496458053588867
1672,60.678000003099442,60.330056846141815,-151.22020000219345,-150.7733958363533,67.600000649690628,80.929316580295563,4.0999999791383743,4.4210325758904219
205,59.411200046539307,59.404866456985474,-152.96250003576279,-152.13371658325195,85.599999874830246,75.195282697677612,3.0999999940395355,3.5071832835674286
530,60.975999999791384,60.968106888234615,-147.27060002088547,-147.7647750377655,16.999997198581696,65.676670521497726,3.7999999970197678,4.1174911111593246
2073,60.804000005125999,60.378905355930328,-152.28999996185303,-151.50317162275314,102.09999978542328,13.224683701992035,3.199999988079071,3.5422422587871552
907,61.7189000248909,61.952550768852234,-152.07480007410049,-151.62202620506287,123.60000004991889,75.335055589675903,3,3.7260408997535706
1890,59.072199940681458,59.168864250183105,-150.9451000392437,-150.93821436166763,29.200002551078796,48.18376898765564,3.199999988079071,3.533501923084259
1966,61.417600005865097,61.354655712842941,-151.64490008354187,-151.47094291448593,87.900001555681229,72.784706950187683,3,3.6653146147727966
670,62.47979998588562,62.509498000144958,-148.24979996681213,-148.32789945602417,20.800001919269562,69.062542170286179,3.199999988079071,3.6388202905654907
855,60.977099999785423,61.112781263887882,-147.05369997024536,-147.57331591844559,15.100002288818359,58.310024440288544,3,3.4640302062034607
1157,61.150800004601479,61.222942516207695,-151.15789997577667,-150.93406757712364,88.799998164176941,82.025859504938126,3.6999999582767487,4.0526443272829056
23,62.64330005645752,62.567631244659424,-148.82389998435974,-149.12174659967422,32.099999487400055,50.303466618061066,3,3.5292228162288666
1871,59.854200005531311,59.576556801795959,-152.92199993133545,-151.83424830436707,101.29999928176403,39.379894733428955,3,3.474938839673996
2004,60.7516999989748,60.395580112934113,-152.48430007696152,-151.93190431594849,124.30000002495944,25.990679860115051,3.2999999821186066,3.6729782223701477
985,60.605800002813339,60.32923412322998,-152.63320004940033,-151.92728161811829,118.19999990984797,29.618069529533386,3.5999999642372131,3.9612029492855072
198,62.762099981307983,62.738173842430115,-148.88870000839233,-148.91051173210144,2.8999969363212585,45.86193710565567,3.199999988079071,3.3270695507526398
49,59.257799983024597,59.14177131652832,-152.36189997196198,-151.29157215356827,84.699999541044235,52.844852209091187,3,3.5687196850776672
173,59.425899982452393,59.736986875534058,-151.5353000164032,-151.02664098143578,45.500002801418304,61.142377555370331,3.0999999940395355,3.1263325810432434
873,62.889899969100952,62.913720607757568,-150.45540001988411,-150.26421649754047,86.500000208616257,40.263868868350983,3.3999999761581421,3.5358060300350189
1508,61.010900000110269,61.045685105025768,-151.11640003323555,-150.8815723657608,4.0000006556510925,72.073005139827728,3.0999999940395355,3.5126294195652008
973,60.120599985122681,60.021178126335144,-152.82240003347397,-152.21649867296219,118.10000007972121,60.119710862636566,3.3999999761581421,3.897435262799263
308,60.298699975013733,60.155049860477448,-152.98410004377365,-152.23941850662231,136.19699981063604,75.538493692874908,4.2999999895691872,4.3528821542859077
1315,61.457300007343292,61.554063320159912,-150.05450000055134,-149.96595598105341,21.399997174739838,65.639432519674301,3,3.165693998336792
931,60.166999995708466,59.936014652252197,-152.72289991378784,-151.86778950691223,95.599999651312828,63.493143767118454,3.3999999761581421,4.0133998095989227
829,59.798900008201599,59.876299619674683,-152.89359998703003,-152.16908597946167,106.20000027120113,90.029340237379074,3.5999999642372131,3.9142162799835205
59,62.29229998588562,62.336383700370789,-148.84429997205734,-148.77333372831345,34.999996423721313,70.90315967798233,3,3.3419027030467987
71,62.966199994087219,62.946170926094055,-150.65760000050068,-149.97797472076491,110.70000007748604,55.28896301984787,3,3.2624456584453583
2091,62.726500034332275,62.85387134552002,-150.54480001330376,-150.3440945148468,86.500000208616257,48.656158149242401,3.2999999821186066,3.4201156497001648
1968,61.3716000020504,61.253490805625916,-150.10260000452399,-149.67817870527506,41.699998080730438,96.734955906867981,3.199999988079071,3.7343195378780365
1557,62.420400023460388,62.461081504821777,-149.21929997205734,-149.29650995135307,52.599996328353882,67.024152725934982,3.199999988079071,3.7886992245912552
1486,61.497299998998642,61.63242644071579,-149.96540000103414,-149.53161424398422,30.000001192092896,89.458208531141281,3.199999988079071,3.5166547894477844
759,60.893399998545647,60.917448543012142,-150.27130001038313,-150.38456113636494,48.299998044967651,78.947197645902634,4.0999999791383743,3.7781400382518768
1320,61.541999995708466,61.604866981506348,-149.8522000014782,-149.86055217683315,47.600001096725464,77.469963580369949,3.8999999910593033,4.1027892976999283
1505,61.47859999537468,61.866197347640991,-149.92310000024736,-149.61232298612595,37.199996411800385,88.384732604026794,4.6000000052154064,4.7957744300365448
1185,61.340099990367889,61.376113593578339,-150.08060000091791,-149.94042935036123,19.900001585483551,69.242484867572784,3.199999988079071,3.1660965085029602
162,61.404199987649918,61.365232557058334,-150.68730001151562,-150.57499203085899,57.40000307559967,87.116975337266922,3.4999999701976776,4.0997263491153717
1531,61.317299991846085,61.357646316289902,-147.38309991359711,-147.87916231155396,20.199999213218689,60.850664973258972,3.9999999850988388,4.0251401960849762
1068,60.274200022220612,60.126552164554596,-150.933100014925,-150.60572451353073,51.399998366832733,42.033135890960693,4.3999999947845936,4.15920739620924
1397,61.401300013065338,61.45689383149147,-149.96149999927729,-149.4971346706152,38.779996335506439,43.773412704467773,3.4999999701976776,3.7432695329189301
564,60.538599997758865,61.192488580942154,-147.3306999206543,-147.220698595047,46.899996697902679,41.435301303863525,3.2999999821186066,3.0297563374042511
1764,60.207899987697601,59.941805601119995,-151.85009998083115,-151.19442540407181,66.899999976158142,57.033047080039978,3,3.5611254572868347
787,60.581099987030029,60.51754954457283,-150.59280002117157,-150.39160341024399,40.10000079870224,71.874510496854782,3,3.2600614428520203
256,61.458000004291534,61.37913566827774,-150.6921000033617,-150.6123790293932,41.79999977350235,78.635759651660919,3.8999999910593033,4.5028470719698817
1511,59.41509997844696,59.21159040927887,-152.01090002059937,-151.36856058239937,53.900003433227539,60.726620256900787,3.3999999761581421,3.7390398681163788
2126,59.628999948501587,59.498818397521973,-152.64820003509521,-151.91862344741821,84.49999988079071,55.672630667686462,3.0999999940395355,3.054161936044693
440,62.647500038146973,62.686483860015869,-149.38590002059937,-149.4027336537838,65.799999982118607,41.159510612487793,3,3.4697645902633667
1362,61.472000002861023,61.5309699177742,-149.93419999815524,-149.87081418558955,40.399998426437378,57.805180549621582,3.199999988079071,3.5893559753894806
1958,62.969900012016296,62.939077019691467,-150.44690001010895,-150.15850613638759,99.500000476837158,36.987051367759705,3.0999999940395355,3.4867719411849976
2192,60.591500014066696,60.480254769325256,-150.21030000597239,-150.16854183375835,48.19999635219574,89.43624421954155,3.7999999970197678,3.7349209785461426
1022,59.994799971580505,59.997665882110596,-152.67959994077682,-152.04774785041809,103.9000004529953,72.934616357088089,3.7999999970197678,4.2366266548633575
2122,59.936499953269958,59.675803422927856,-152.70180004835129,-151.96039259433746,98.30000065267086,50.522029399871826,3.199999988079071,3.2164818942546844
2022,59.948799967765808,59.90093982219696,-152.66759991645813,-151.92234206199646,101.70000046491623,77.737130224704742,3.8999999910593033,4.0328880697488785
1278,61.461699992418289,61.419585436582565,-150.11640000343323,-150.07424210943282,29.299996793270111,63.364870846271515,3.4999999701976776,3.6148446500301361
20,59.744799971580505,59.547683238983154,-152.72729998826981,-151.52316910028458,83.299998193979263,85.071098059415817,3.7999999970197678,4.1500455290079117
1419,61.407700002193451,61.459811329841614,-150.04330000095069,-149.65038214623928,34.209996461868286,56.456580758094788,3.4999999701976776,4.4363795332610607
1477,61.347099989652634,61.178499117493629,-150.02580000087619,-149.08451744914055,40.600001811981201,65.093677490949631,3.199999988079071,3.7397333979606628
1582,61.42739999294281,61.461237788200378,-152.62599992752075,-152.16076219081879,9.4999969005584717,40.544807910919189,3.2999999821186066,3.4570999145507812
381,59.673400044441223,59.461638808250427,-152.29999995231628,-151.61007803678513,69.699998944997787,84.726482629776001,3.0999999940395355,3.4092717468738556
1286,61.221200004220009,61.276165693998337,-149.94700000248849,-149.9170249029994,36.70000284910202,82.161135971546173,3.0999999940395355,3.6379221081733704
610,61.497999995946884,61.55422168970108,-149.90849999897182,-149.73544058203697,37.10000216960907,65.354548394680023,3.3999999761581421,3.8994108438491821
1887,61.367500007152557,61.412941068410873,-147.88479995727539,-148.27133810520172,16.599997878074646,73.094408959150314,3,3.3331791758537292
1037,60.445100009441376,60.611398965120316,-147.34780007600784,-147.6881405711174,5.3000003099441528,50.075970590114594,3.199999988079071,3.6637965738773346
686,60.329999983310699,60.12217515707016,-151.62949991226196,-151.42047822475433,61.099998652935028,107.38672316074371,3.9999999850988388,4.1494510620832443
83,62.32449996471405,62.668636798858643,-148.41560000181198,-149.04862681031227,0,36.965683102607727,3.0999999940395355,3.4769559502601624
461,60.878499999642372,60.858458608388901,-149.84890000149608,-149.97929506050423,30.400000512599945,98.833967000246048,3.5999999642372131,4.0745138972997665
1004,61.277700006961823,62.843299150466919,-150.19990000873804,-150.03848973289132,46.700000762939453,64.758628606796265,3,3.8127455860376358
2079,60.041700005531311,59.796751379966736,-151.09540003538132,-150.66988702118397,64.899999648332596,99.08076748251915,3,3.1181706190109253
1727,61.796999990940094,61.835877358913422,-151.46960002183914,-151.04406550526619,10.200001299381256,63.350506126880646,3.4999999701976776,3.8089320212602615
1121,61.408499985933304,61.517953872680664,-150.02979999873787,-149.98363269679248,34.299999475479126,87.689515203237534,4.1999999955296516,3.9628350734710693
867,59.447900056838989,59.330203175544739,-152.57700008153915,-151.59237349033356,69.299999624490738,63.687574118375778,3,3.2902901172637939
1124,61.927999973297119,62.032130360603333,-149.82130000367761,-149.68553803861141,42.000003159046173,91.882523149251938,3.6999999582767487,3.7879664450883865
494,59.52049994468689,59.353703856468201,-152.07539999485016,-151.44978153705597,53.700000047683716,118.19496611133218,3.9999999850988388,4.3632192760705948
374,61.899100005626678,62.094086647033691,-150.77320003509521,-150.53982844948769,58.899998664855957,65.405368804931641,3.2999999821186066,3.7992298901081085
270,60.019599974155426,59.903356313705444,-151.52780002355576,-151.27117404341698,65.49999862909317,82.47540146112442,3.4999999701976776,3.8667191863059998
1851,59.860200047492981,59.312294721603394,-151.8396999835968,-151.60080689191818,61.399996280670166,87.625134736299515,3.2999999821186066,3.0525079965591431
741,62.971099972724915,62.952729225158691,-149.5925999879837,-149.53498904407024,78.000001609325409,47.151006758213043,3.5999999642372131,3.7300554513931274
836,61.012400000356138,61.001876979484223,-147.23350006341934,-147.73146557807922,15.600003302097321,57.008653879165649,3.199999988079071,3.4926026165485382
629,59.985299944877625,59.775591611862183,-151.76380008459091,-151.4826919734478,57.499997317790985,138.37023917585611,3.7999999970197678,3.8858204931020737
464,60.051800012588501,60.041900753974915,-152.92189997434616,-151.95050382614136,110.99999956786633,69.851931184530258,3.199999988079071,4.1109031587839127
1915,59.956500053405762,59.630831480026245,-152.95910006761551,-151.85326480865479,107.10000060498714,40.779590606689453,3,3.6787643730640411
514,61.541999995708466,61.585950195789337,-149.87020000442863,-149.91826306097209,37.600003182888031,66.783402115106583,3.3999999761581421,3.8233905136585236
601,61.877699971199036,61.837296605110168,-149.33329997956753,-149.04623517394066,0.20000338554382324,104.24446873366833,3,3.3273683488368988
429,60.953699998557568,60.92439641058445,-150.80759999155998,-150.57190668582916,65.900001674890518,54.747924208641052,3.2999999821186066,3.6535137891769409
2180,60.545100003480911,60.338712930679321,-151.54249995946884,-151.20098447799683,74.599999934434891,49.956575036048889,3.6999999582767487,3.8483145833015442
25,60.929300002753735,61.005390869453549,-147.38209998607635,-147.74289786815643,20.599998533725739,61.060085892677307,3,3.5127360820770264
1829,61.514400005340576,61.48518642783165,-148.82340002059937,-148.75165021419525,25.200001895427704,78.612010926008224,3.199999988079071,3.8969082981348038
1499,61.559599995613098,61.396165579557419,-149.58709998428822,-150.43326741456985,28.700001537799835,67.271851003170013,3.0999999940395355,3.6322224140167236
458,62.349300026893616,62.343156814575195,-149.1520000398159,-149.20622733235359,0,62.422826886177063,3.0999999940395355,3.4907451868057251
1378,61.428799986839294,61.443614155054092,-149.99130000011064,-150.05121171846986,51.409997045993805,71.202218532562256,3.8999999910593033,3.7668936252593994
727,62.105800032615662,62.165570855140686,-149.53439998626709,-149.47020578384399,60.500003397464752,86.875613778829575,3.7999999970197678,4.2239079102873802
78,59.715199947357178,59.504925727844238,-150.53400000929832,-150.81788009405136,35.499997437000275,113.98481577634811,3.7999999970197678,4.0347683429718018
366,60.986200000159442,60.948355413973331,-151.00960001349449,-150.80300483107567,20.000003278255463,71.400150656700134,3.199999988079071,3.566927433013916
1833,62.515300035476685,62.650022149085999,-151.27369996905327,-150.6101229339838,99.799999967217445,58.871589601039886,3.8999999910593033,4.1446419283747673
32,62.87279999256134,62.872358083724976,-150.55659998953342,-150.20515155047178,86.899999529123306,48.634469509124756,4.0999999791383743,3.7614522278308868
602,59.515400052070618,59.39096999168396,-152.39599996805191,-151.67221981287003,63.299998641014099,85.506659001111984,3.2999999821186066,3.6703467965126038
839,59.936300039291382,59.716004133224487,-149.63939999789,-149.67140610516071,7.7999979257583618,59.681743383407593,3.199999988079071,3.5763788223266602
647,59.858800053596497,59.825611352920532,-147.52870005369186,-148.22075057029724,5.3000003099441528,83.005890250205994,3,3.6100751459598541
1920,62.820999979972839,62.758370637893677,-149.56260001659393,-149.45492202043533,12.400001287460327,62.921419739723206,3,3.3797825574874878
930,61.092799998819828,61.114874511957169,-150.59619998931885,-150.5427610874176,53.900003433227539,69.267518818378448,3.3999999761581421,3.7745400667190552
812,60.589700013399124,60.243783533573151,-151.93900001049042,-151.44945475459099,100.50000064074993,21.889239549636841,3,3.6304136216640472
1862,61.045099999755621,60.939614057540894,-150.21739999204874,-149.97712522326037,49.599997699260712,91.058939695358276,3.3999999761581421,3.5756379961967468
1159,61.392199993133545,61.478246361017227,-149.9947000000393,-149.93834179267287,41.000001132488251,78.132577240467072,3.7999999970197678,4.1776833906769753
305,61.165099993348122,61.070070303976536,-151.95590007305145,-151.61506175994873,85.000000894069672,32.620415091514587,3,3.6839658915996552
209,61.276300013065338,61.265252232551575,-150.31980000436306,-150.09803013503551,45.619003474712372,100.25730915367603,3.2999999821186066,3.6560388207435608
1176,59.412799954414368,59.366512775421143,-151.60989993810654,-151.15339788794518,32.300002872943878,67.090164870023727,3.199999988079071,3.2064206600189209
1273,61.54119998216629,61.93944376707077,-149.64549998939037,-149.075100928545,198.10000061988831,81.972811371088028,3.199999988079071,3.8184767514467239
2186,62.189800024032593,62.219988584518433,-150.57469998300076,-150.2949552834034,9.7000002861022949,74.238941073417664,4.1999999955296516,4.1828809976577759
891,62.873600006103516,62.922590255737305,-149.57600001990795,-149.60402517020702,77.100001275539398,37.150144577026367,3.9999999850988388,3.9299893230199814
543,60.926399998366833,60.914284519851208,-151.36829996109009,-151.15567490458488,84.49999988079071,21.170243620872498,3.199999988079071,3.6249886751174927
1694,60.437900006771088,60.5887291431427,-147.39389991760254,-147.66780155897141,5.5999979376792908,43.995290994644165,3.0999999940395355,3.4943082332611084
1466,61.403400003910065,61.279291272163391,-150.07149999774992,-149.96888402570039,46.700000762939453,57.659760117530823,3,3.05137038230896
2200,60.078599989414215,59.844806313514709,-152.57109993696213,-151.256362169981,104.59999926388264,66.608227789402008,3.3999999761581421,3.6319767236709595
483,60.623600006103516,60.520000874996185,-151.8040999174118,-151.40832281112671,73.100000619888306,27.71490067243576,3.9999999850988388,3.973210796713829
1117,61.272799998521805,61.339134693145752,-149.93040000088513,-149.91954631917179,45.599997043609619,82.163840532302856,3.6999999582767487,3.8549575656652451
2177,60.776999995112419,60.593845576047897,-151.39500001072884,-150.90385061502457,65.49999862909317,18.806762993335724,3,3.0996162593364716
1234,61.505200028419495,61.423584342002869,-149.96459999866784,-149.77749471366405,52.000001072883606,80.125275999307632,4.0999999791383743,3.9722841382026672
998,61.455199986696243,61.417094737291336,-149.98650000058115,-150.1773985773325,38.000002503395081,59.831604361534119,3,3.2407582998275757
1545,59.875900030136108,59.789974212646484,-152.47919994592667,-151.82547855377197,80.299999564886093,104.3797954916954,3.4999999701976776,4.0115112215280533
411,60.741200000047684,60.544414818286896,-150.92640003561974,-150.55702914297581,58.499999344348907,31.304933130741119,3.199999988079071,3.5402612686157227
548,62.747099995613098,62.721863508224487,-148.70490002632141,-148.96663123369217,61.599999666213989,76.641615480184555,5.2000000029802322,4.6764012202620506
544,59.001799941062927,59.18347179889679,-151.2247000336647,-151.23609548807144,47.100000083446503,49.125678837299347,3.3999999761581421,3.6042315065860748
840,61.151099994778633,61.067404955625534,-150.10180000215769,-149.88342249020934,3.600001335144043,81.394542008638382,3.0999999940395355,3.6117537617683411
1231,61.401600003242493,61.428411662578583,-150.08750000037253,-150.04990893602371,19.599996507167816,80.37155494093895,3.3999999761581421,3.6362932026386261
1926,62.471300005912781,62.537674188613892,-149.58310000598431,-149.44131629168987,56.299999356269836,71.937661617994308,3.8999999910593033,4.0710499584674835
1556,61.241799995303154,61.192602962255478,-147.02940005064011,-147.62975192070007,4.5000016689300537,50.819709897041321,3.199999988079071,3.3029959201812744
792,60.931699998676777,60.880921758711338,-151.35570001602173,-151.0258281826973,68.599998950958252,23.36382120847702,3.2999999821186066,3.7331849634647369
447,62.418900012969971,62.409566402435303,-149.53229999542236,-149.47319577634335,44.200003147125244,66.009312868118286,3.5999999642372131,3.8456136882305145
1194,61.482499986886978,61.488712221384048,-150.01190000027418,-149.93027994967997,19.599996507167816,73.525238782167435,3.199999988079071,3.4785104691982269
1992,62.972000002861023,62.927667260169983,-149.41380000114441,-149.32427036762238,76.400000602006912,35.675093531608582,3.199999988079071,3.6237530708312988
1358,61.479999989271164,61.530284881591797,-149.74540000408888,-149.76046313345432,44.79999840259552,76.140590012073517,3.199999988079071,3.6071654856204987
1543,59.545400023460388,61.213150694966316,-148.84929996728897,-148.47503471374512,32.600000500679016,63.067689538002014,3.199999988079071,3.1199689507484436
816,61.458799988031387,61.508435130119324,-149.93640000186861,-149.88029776141047,31.700000166893005,67.120086401700974,3.9999999850988388,4.2883507087826729
45,60.894599996507168,61.725451052188873,-151.32879996299744,-151.01786658167839,119.89999981597066,71.365427225828171,3,3.0749898254871368
1827,59.868499994277954,59.482762813568115,-152.9060999751091,-151.72590065002441,105.1000002771616,39.978384971618652,3.0999999940395355,3.5861214101314545
588,62.935999989509583,62.592212438583374,-147.2435000538826,-147.16837692260742,35.700000822544098,112.70133126527071,3.5999999642372131,3.2598845064640045
294,62.433300018310547,62.528277993202209,-150.57080000638962,-150.3416588678956,63.700001686811447,65.453130751848221,3.7999999970197678,4.1411417126655579
767,62.165799975395203,62.15000057220459,-152.08969992399216,-151.74800777435303,102.90000028908253,77.979817986488342,3.2999999821186066,3.8278725743293762
1846,61.471399992704391,61.501120090484619,-149.95299999788404,-150.00892842141911,39.800003170967102,88.334668427705765,3,3.3116686642169952
1754,62.181699991226196,61.486587405204773,-151.66910004615784,-149.22032448649406,86.500000208616257,98.698863759636879,3,3.2335215210914612
925,61.493099987506866,61.576481759548187,-149.94239999726415,-150.07590278796852,51.899999380111694,94.087637960910797,3.2999999821186066,3.8506322354078293
1708,60.930500000715256,60.630281299352646,-151.76499992609024,-151.2561269402504,83.900000900030136,18.145471811294556,3.5999999642372131,4.268619105219841
436,59.869400024414062,59.69053590297699,-151.60430002212524,-151.26344391703606,52.299998700618744,109.25106145441532,3.199999988079071,3.7567742317914963
571,61.36939999461174,61.376686811447144,-150.0152000002563,-149.91913186199963,43.899998068809509,81.768672913312912,3.199999988079071,3.296630322933197
393,59.603299975395203,59.422170758247375,-152.78269994258881,-151.98445826768875,86.59999817609787,79.537522047758102,3.0999999940395355,3.4247345924377441
1459,61.486000001430511,62.154162645339966,-149.91209999844432,-149.47524118423462,54.700002074241638,78.659269958734512,3,3.558222234249115
534,59.885900020599365,59.848516225814819,-152.30930006504059,-151.56503820419312,84.300000220537186,121.27240654081106,4.0999999791383743,4.1750460416078568
30,59.89110004901886,59.731869459152222,-152.90279996395111,-152.02905321121216,111.70000024139881,34.943491220474243,3,3.389685183763504
2094,61.41100001335144,61.393556147813797,-149.84199999645352,-149.73437406867743,27.999997138977051,73.226176202297211,3.0999999940395355,3.1679365932941437
1340,61.470800012350082,61.589971780776978,-149.98320000059903,-149.90199799463153,40.10000079870224,73.996845632791519,3.199999988079071,3.5526664853096008
1047,61.513700008392334,61.568000495433807,-149.92090000212193,-149.93225290440023,41.100002825260162,86.967159062623978,3,3.2911342084407806
2204,60.14410001039505,60.023470103740692,-152.76559996604919,-151.95034164190292,108.20000059902668,43.521106243133545,3.2999999821186066,3.2360707819461823
1865,61.831499993801117,61.908733665943146,-151.73699998855591,-151.23967498540878,108.59999991953373,70.246234536170959,3.6999999582767487,4.2551030069589615
861,62.128900051116943,62.167638301849365,-150.27169999480247,-149.93039750307798,17.30000227689743,74.432056397199631,3.0999999940395355,3.7170971632003784
1898,59.988700032234192,59.715462446212769,-151.64800000190735,-151.07546058297157,55.699996650218964,110.42048968374729,3.3999999761581421,3.6810624003410339
344,62.129299998283386,62.219817399978638,-150.36519999057055,-150.13417675718665,53.599998354911804,68.805746734142303,3.6999999582767487,3.8670391291379929
556,59.758599996566772,59.53661322593689,-152.62339997291565,-152.03526413440704,81.999998539686203,79.509753733873367,3.0999999940395355,3.790960282087326
2151,60.104200005531311,60.012604832649231,-152.85259991884232,-152.07736837863922,112.39999998360872,55.128082633018494,3.4999999701976776,3.7316912412643433
1960,59.424200057983398,59.147602915763855,-152.58509999513626,-151.16326090693474,77.799998223781586,40.698476135730743,3,3.4035184979438782
2174,62.905900001525879,62.969879508018494,-151.12540000677109,-150.72274048626423,123.4000000404194,41.378311812877655,3,3.2171306312084198
352,62.532799959182739,62.677836537361145,-151.07309997081757,-150.73515652120113,83.500001579523087,54.052196443080902,3.2999999821186066,3.7742631733417511
91,59.971199989318848,59.72920560836792,-152.97339999675751,-152.40883898735046,126.30000000353903,50.131291151046753,3.3999999761581421,3.7128215432167053
845,60.146899998188019,60.038011133670807,-150.71890000998974,-150.50446093082428,59.900000691413879,90.74067696928978,3.0999999940395355,3.3046548664569855
1687,60.595099985599518,60.424458026885986,-150.64230000972748,-150.33538518100977,56.400001049041748,56.583471596240997,3,3.2744673192501068
932,62.718700051307678,62.745257496833801,-148.63079997897148,-148.88241371512413,63.599999994039536,45.555621385574341,3.7999999970197678,3.9216050505638123
808,62.391499996185303,62.422159910202026,-148.33919996023178,-148.48391872644424,29.200002551078796,68.933699280023575,3.199999988079071,3.6100274920463562
261,62.747900009155273,62.741966247558594,-148.99070003628731,-149.04204654693604,67.800000309944153,35.269796848297119,3.5999999642372131,3.6205408573150635
2189,62.914399981498718,62.945385098457336,-151.21080002188683,-151.02175095677376,107.89999924600124,58.751098811626434,3.0999999940395355,3.1076416075229645
582,62.080299973487854,62.321457028388977,-151.26340001821518,-150.84743857383728,75.300000607967377,70.220433175563812,3,3.7418332099914551
590,60.028699994087219,59.877789497375488,-151.60260003805161,-151.21302473545074,56.800000369548798,113.91525156795979,3,3.3865536153316498
567,61.845099985599518,61.367513507604599,-148.37690001726151,-149.53283397853374,78.299999237060547,100.82913003861904,3,3.241208553314209
765,62.971400022506714,62.92558217048645,-148.85100004076958,-148.95367759466171,9.0999975800514221,45.694500207901001,3.199999988079071,3.721140056848526
888,61.185699999332428,61.180935233831406,-149.18280002474785,-149.05569460988045,35.899996757507324,97.937792539596558,3.7999999970197678,4.0980987846851349
2156,59.352100014686584,59.190014958381653,-152.7775000333786,-151.54592621326447,72.200000286102295,62.22909688949585,3.199999988079071,3.1681169271469116
2183,62.842200040817261,62.763658404350281,-148.2807000875473,-148.59180262684822,73.800001293420792,58.104097843170166,4.0999999791383743,3.9379637539386749
1423,61.371300011873245,61.292475163936615,-149.710399992764,-149.41246917843819,35.199999809265137,73.383692651987076,4.3999999947845936,4.5124647435732186
300,61.364100009202957,61.313653975725174,-151.69879996776581,-151.59865862131119,87.699998170137405,48.665992915630341,3,3.6002222299575806
605,61.767199993133545,61.128048747777939,-151.66509997844696,-151.9035456776619,91.600000858306885,49.165621399879456,3.0999999940395355,3.5641640424728394
999,61.71969997882843,61.906175434589386,-150.89039996266365,-150.28572953492403,63.099998980760574,81.68938010931015,5.2000000029802322,5.1586917042732239
1647,60.842099994421005,60.835767552256584,-151.61630004644394,-151.25635698437691,73.399998247623444,24.140305817127228,3.2999999821186066,3.9697835147380829
315,62.335800051689148,62.36719536781311,-149.59839999675751,-149.58778488636017,44.299997389316559,79.278793185949326,3.7999999970197678,4.1478812545537949
1622,59.178400039672852,59.156291961669922,-152.91100001335144,-151.3010987341404,72.900000959634781,82.790836691856384,3.199999988079071,3.6624142527580261
453,61.00760000012815,61.106795690953732,-149.04910004138947,-149.11175814270973,12.299999594688416,90.891588479280472,3.5999999642372131,3.8190496265888214
175,61.478899985551834,61.48915097117424,-147.47569996118546,-147.8979257941246,1.5999972820281982,31.097292900085449,3.0999999940395355,3.4463916420936584
1676,59.177199959754944,59.22209107875824,-149.2703999876976,-150.06514709629118,24.999998509883881,65.077919512987137,3.2999999821186066,3.5432730317115784
1033,60.856800004839897,60.45089852809906,-148.54119998216629,-150.14263872429729,67.200001329183578,72.662532329559326,3.0999999940395355,3.7710820734500885
1912,61.658100008964539,61.667488694190979,-147.73400008678436,-148.10364818572998,18.299996852874756,39.490342140197754,3.3999999761581421,3.0533795356750488
123,60.255900025367737,60.005711257457733,-152.60549998283386,-151.82034355401993,106.3000001013279,37.80636191368103,3,3.5210964381694794
637,62.60450005531311,62.738170623779297,-151.46199998259544,-150.86617541313171,2.0999982953071594,49.857184290885925,3,3.4648452401161194
394,61.652300000190735,61.722093105316162,-149.84770000353456,-149.62094154953957,38.300000131130219,70.745587348937988,3.2999999821186066,3.7013198733329773
1725,61.731800019741058,61.725334823131561,-148.18169993162155,-148.33428740501404,13.999998569488525,43.886661529541016,3.199999988079071,3.509665846824646
1574,61.228300005197525,61.263938158750534,-147.00879997014999,-147.62142777442932,0.6999969482421875,47.417536377906799,3.7999999970197678,3.6110740900039673
39,60.344200015068054,60.101094961166382,-151.30439999699593,-150.91001933813095,33.699996769428253,46.827331185340881,3.199999988079071,3.5440286993980408
462,59.866500020027161,59.547053575515747,-152.20330005884171,-151.3054039478302,68.900000303983688,96.941111609339714,3.199999988079071,3.7982355505228043
630,61.884700000286102,62.091687679290771,-151.05050003528595,-150.59328232705593,80.099999904632568,60.093268752098083,3.199999988079071,3.8248891085386276
693,61.705200016498566,61.837049186229706,-149.78309999406338,-149.64459673315287,28.899997472763062,70.458069443702698,3.0999999940395355,3.2378613352775574
331,59.61710000038147,59.398384571075439,-152.60009998083115,-151.74484169483185,84.300000220537186,67.614000290632248,3,3.3982526957988739
194,61.439399987459183,62.349206447601318,-151.89030003547668,-151.96489745378494,66.300000995397568,63.919883221387863,3.0999999940395355,4.0147817730903625
2098,60.635600000619888,60.826774895191193,-147.40919995307922,-147.54002201557159,11.299997568130493,55.211365222930908,3.2999999821186066,3.4295297563076019
322,61.305099993944168,61.307188510894775,-150.44859999418259,-150.41324123740196,41.599996387958527,84.964774549007416,3,3.2016488313674927
266,59.872900009155273,59.686224937438965,-151.06360003352165,-150.88337159156799,46.700000762939453,92.314232140779495,3,3.5581755638122559
1975,62.884999990463257,62.88920783996582,-148.89120000600815,-149.03127256035805,70.599999278783798,32.988421618938446,3.199999988079071,3.6038922071456909
1936,61.758099973201752,61.758119642734528,-152.42170000076294,-151.75854635238647,140.90000092983246,37.464193999767303,3.4999999701976776,3.7868991494178772
579,62.28849995136261,62.412236571311951,-150.87490001320839,-150.59241226315498,60.999996960163116,67.008420825004578,3.5999999642372131,4.18192058801651
1173,61.446999996900558,61.492338597774506,-150.12640000507236,-150.08216483518481,18.899999558925629,79.696100205183029,3.199999988079071,3.4288819134235382
1422,61.477899998426437,61.547620415687561,-150.05450000055134,-150.03084288630635,30.000001192092896,61.061665415763855,3.4999999701976776,4.0447172373533249
1746,59.003700017929077,59.083849668502808,-152.40929996967316,-151.68262696266174,59.699997305870056,71.793418377637863,3,3.3318073153495789
1683,60.759700000286102,60.553851813077927,-152.16470003128052,-151.64213526248932,94.499999657273293,19.254915416240692,3.0999999940395355,3.9149448126554489
1314,61.421499997377396,61.485303550958633,-149.98730000015348,-149.95754259545356,31.599998474121094,74.040554463863373,3.4999999701976776,4.0764632374048233
756,62.365900039672852,62.437743782997131,-151.49859997630119,-150.84099501371384,96.599999815225601,72.113770991563797,3.199999988079071,4.0962857007980347
1138,61.470800012350082,61.428481787443161,-149.89910000190139,-149.63520926982164,49.800001084804535,55.833995342254639,4.3999999947845936,4.8223279863595963
650,62.07669997215271,62.287141561508179,-151.73659998178482,-151.35077583789825,102.09999978542328,90.33595398068428,3.0999999940395355,3.7110722064971924
2128,62.858000040054321,62.939956545829773,-150.78960004448891,-150.28768875449896,105.20000010728836,40.127985179424286,3.8999999910593033,4.0117887854576111
719,60.012000024318695,59.873566269874573,-152.7127999663353,-151.76791244745255,94.79999914765358,86.033154278993607,3.5999999642372131,3.8682452291250229
572,61.653400003910065,61.769785583019257,-150.9757000207901,-150.92381438612938,51.200002431869507,78.930996358394623,3.0999999940395355,3.9878522604703903
1821,59.429399967193604,59.154834985733032,-152.77870005369186,-151.04549852013588,90.1000015437603,49.416527152061462,3.0999999940395355,3.4927693605422974
1878,59.70990002155304,59.612598896026611,-152.04799997806549,-150.96147108078003,81.999998539686203,116.44076369702816,3.4999999701976776,3.7300188839435577
2160,62.983700037002563,62.972951889038086,-151.22240003943443,-150.75603139400482,130.40000014007092,35.89881956577301,3.0999999940395355,3.150278627872467
1452,61.38629999756813,61.435669124126434,-150.03729999996722,-149.33171528577805,43.399997055530548,72.694510221481323,3.5999999642372131,4.4751158533617854
965,60.110400021076202,60.009161829948425,-148.30759996175766,-148.7035768032074,18.899999558925629,93.629613518714905,3,3.4342442750930786
1812,62.337800025939941,62.318915247917175,-149.80380000919104,-149.87596745789051,48.299998044967651,66.473145037889481,3,3.5991705358028412
1182,61.350899994373322,61.381232023239136,-150.08890000171959,-150.07013413868845,24.199999868869781,120.06082059815526,3.0999999940395355,3.2925617694854736
1824,60.437699973583221,60.237790524959564,-150.88260000944138,-150.39017406105995,66.300000995397568,70.859160274267197,3.2999999821186066,3.5733668804168701
2115,61.74099999666214,61.994507491588593,-152.12879991531372,-151.59645116329193,118.6000001616776,57.711884379386902,3.0999999940395355,3.0629894435405731
649,60.913800001144409,60.848781272768974,-149.49269999563694,-149.65544161945581,37.399999797344208,97.823504358530045,3.8999999910593033,4.1211930960416794
1289,61.388200014829636,61.439564079046249,-149.94660000130534,-149.85710454359651,33.399999141693115,78.899245709180832,3.4999999701976776,4.1429971307516098
1044,60.08899998664856,59.986079454421997,-152.9708000421524,-151.95205718278885,106.00000061094761,54.131850600242615,3.199999988079071,3.7319802939891815
365,62.954300045967102,62.927115082740784,-149.64640000462532,-149.47389011085033,75.800001621246338,42.999237775802612,3.7999999970197678,3.9616162776947021
1266,61.511099994182587,61.470666587352753,-149.92689999751747,-149.99083116534166,32.399997115135193,95.375915989279747,3.2999999821186066,3.5640038251876831
1317,61.3716000020504,61.541859269142151,-149.98400000017136,-149.76220647990704,29.299996793270111,40.298379957675934,3,3.4573570489883423
1249,61.468600004911423,61.549365699291229,-149.90240000188351,-149.95846732892096,35.80000251531601,61.250261962413788,3.0999999940395355,3.5912423729896545
1922,61.108499996364117,60.873875126242638,-151.52679991722107,-151.28543445467949,81.50000125169754,26.418067514896393,3.4999999701976776,4.0865053832530975
583,59.653800010681152,59.447768449783325,-152.69449996948242,-152.0179300904274,98.30000065267086,87.08692342042923,3.0999999940395355,3.3619174361228943
742,60.549199998378754,60.511250048875809,-149.67410000413656,-149.76924846321344,36.70000284910202,68.83525475859642,3.4999999701976776,3.7320927679538727
2138,61.298000007867813,61.358144283294678,-147.98199999332428,-148.21706861257553,18.500000238418579,54.785534739494324,3.2999999821186066,3.6105623245239258
856,61.456499993801117,61.531431972980499,-149.91070000268519,-149.28978288173676,35.80000251531601,64.163591712713242,3.0999999940395355,3.7625187635421753
906,61.687600016593933,61.804575324058533,-150.34520000964403,-150.19039828330278,42.199999094009399,91.362666338682175,3.2999999821186066,3.4762831628322601
1614,59.807700037956238,59.735138893127441,-152.88440001010895,-151.72250497341156,102.39999927580357,69.239597767591476,3.4999999701976776,4.0096201300621033
819,59.812199950218201,59.770986676216125,-152.21219998598099,-151.70853853225708,70.099998265504837,136.52724586427212,3.3999999761581421,3.9701823592185974
1299,61.472099989652634,61.516155362129211,-150.04990000091493,-149.90085200965405,34.599997103214264,72.895094752311707,3.0999999940395355,3.3589991927146912
1091,61.271899998188019,61.266884237527847,-151.17949998378754,-150.89974540472031,65.600000321865082,40.224358439445496,3,3.758040726184845
318,61.051699999719858,60.954544298350811,-151.14419996738434,-150.85427820682526,16.099996864795685,86.410157382488251,4.6000000052154064,4.2599103301763535
679,62.707599997520447,62.844662666320801,-149.78279998898506,-149.6342941224575,49.800001084804535,49.62504655122757,3.0999999940395355,3.5782085359096527
2032,60.105599999427795,59.80596935749054,-151.74070000648499,-151.21398496627808,63.999999314546585,95.951300114393234,4.1999999955296516,4.214788444340229
780,61.551699995994568,61.616203725337982,-149.92710000090301,-150.1574935130775,44.500000774860382,72.494044899940491,3,3.6831289529800415
1893,59.60860002040863,59.320139527320862,-152.56720000505447,-151.42011764645576,69.699998944997787,64.195483922958374,3.4999999701976776,3.7620768249034882
1190,61.420500010251999,61.341694384813309,-151.66200006008148,-151.42224910855293,84.699999541044235,76.534915715456009,3.9999999850988388,4.3901725821197033
343,60.022800028324127,60.000531375408173,-152.95189994573593,-152.30011653900146,107.00000077486038,57.118386030197144,3,3.5212515592575073
398,61.350400000810623,61.561026215553284,-150.16780000180006,-149.78772859275341,42.900003492832184,70.889387279748917,4.9000000208616257,5.2297244668006897
584,61.692099988460541,61.757514595985413,-150.71529999375343,-150.50881500542164,2.8999969363212585,83.982754498720169,3.3999999761581421,3.8386047631502151
1710,62.577499985694885,62.600889444351196,-150.64899998903275,-150.17245714366436,13.199999928474426,69.894693791866302,3,3.3330872654914856
1866,61.197799995541573,61.140123203396797,-149.61230000853539,-149.51040440797806,36.399997770786285,81.090539693832397,3.199999988079071,3.6011584997177124
292,60.033699989318848,59.941533446311951,-152.62190008163452,-151.9879909157753,101.39999911189079,63.036650419235229,3.3999999761581421,4.0507793873548508
865,62.11489999294281,62.428081274032593,-152.57529991865158,-152.20453137159348,0.79999864101409912,63.493385910987854,3.0999999940395355,3.1887331902980804
1106,61.718500018119812,61.915407240390778,-149.94790000095963,-149.67167336493731,37.299998104572296,79.48710024356842,3.0999999940395355,3.6742865145206451
1165,61.280200004577637,61.319999426603317,-150.10009999573231,-150.06750655174255,32.899998128414154,79.843617975711823,3.2999999821186066,3.719374805688858
141,62.226400017738342,62.157300710678101,-148.19770002365112,-148.38990265130997,32.200001180171967,111.03236116468906,4.1999999955296516,4.296521969139576
1974,59.127099990844727,59.153228402137756,-152.26709997653961,-151.19898471236229,60.699999332427979,72.16838002204895,3.5999999642372131,3.8401067554950714
2,61.275799989700317,60.291911482810974,-152.27089995145798,-151.23940140008926,9.9999979138374329,48.538863658905029,3,3.9016814231872559
576,61.556500017642975,61.675475776195526,-150.77369999885559,-150.63172307610512,59.399999678134918,69.305039942264557,3.0999999940395355,3.8158310204744339
1776,61.352400004863739,61.330720186233521,-150.71370001137257,-150.51032093167305,63.000001013278961,67.237317562103271,3.2999999821186066,3.5900318026542664
339,60.321699976921082,60.008259117603302,-151.4602999985218,-151.17318919301033,53.599998354911804,102.11061500012875,3.5999999642372131,4.0109649449586868
889,59.920500040054321,60.022499144077301,-148.26710003614426,-149.70007545500994,26.100002229213715,43.777808547019958,3,3.7287223041057587
265,60.46780002117157,60.277036190032959,-150.83930003643036,-150.47682067751884,58.20000171661377,43.278008699417114,3.8999999910593033,3.9143338054418564
376,60.004800021648407,60.055394351482391,-147.40589994192123,-147.64331030845642,10.099999606609344,105.51317222416401,3,3.2083337903022766
963,62.922199964523315,62.939643502235413,-150.51199999451637,-150.16222780197859,86.59999817609787,43.441928923130035,3.9999999850988388,4.0482593178749084
439,60.455699980258942,60.123087406158447,-152.76399993896484,-151.95306050777435,13.099998235702515,78.034143894910812,4.0999999791383743,4.2918321490287781
271,61.987500011920929,62.061859250068665,-149.80610000342131,-149.56134223937988,35.40000319480896,86.193352937698364,3.0999999940395355,3.7932512909173965
244,60.331700026988983,60.020330309867859,-152.59649991989136,-151.84829306602478,115.69999996572733,39.878085255622864,3.199999988079071,3.679146945476532
1475,61.478100001811981,61.565065145492554,-150.00020000000222,-149.91884815692902,39.70000147819519,87.275892496109009,3.199999988079071,3.6447722911834717
1533,61.31580001115799,61.343181699514389,-147.39690005779266,-147.90958428382874,18.10000091791153,59.632547199726105,3.6999999582767487,3.9915750324726105
2074,59.936400055885315,59.529606819152832,-152.39130002260208,-151.13135933876038,81.599999219179153,82.108605653047562,3.3999999761581421,3.1170382797718048
916,59.28849995136261,59.177574396133423,-152.42879998683929,-151.29964873194695,62.10000067949295,64.858563244342804,3.4999999701976776,3.6030554473400116
607,59.840399980545044,59.469951987266541,-151.97510004043579,-151.32806432247162,76.200000941753387,97.430568188428879,3.199999988079071,3.4380027651786804
415,61.817799985408783,61.953892290592194,-151.10060003399849,-150.76903089880943,68.300001323223114,65.399952232837677,4.3999999947845936,4.7496808469295502
273,60.491299986839294,60.136967957019806,-151.86750000715256,-151.33237391710281,77.899999916553497,54.707750678062439,3.4999999701976776,3.9282039552927017
1087,59.953299999237061,59.847163319587708,-149.15740004181862,-149.42378617823124,0.6000027060508728,49.250617623329163,3,3.3527228236198425
250,61.224800005555153,61.145878314971924,-151.31029996275902,-150.99734303355217,69.699998944997787,28.339996933937073,3,3.7054895460605621
413,61.643400013446808,61.816975951194763,-151.95970004796982,-151.6725942492485,113.30000031739473,58.470979332923889,3.0999999940395355,3.1987750232219696
2201,61.052999999374151,60.949859160929918,-151.07699999213219,-150.79354789853096,64.800001680850983,13.718441128730774,3,3.0822823941707611
1554,62.942199945449829,62.926125884056091,-148.78529995679855,-149.00113740563393,65.400000661611557,32.446905970573425,3.4999999701976776,3.8233770132064819
310,62.015300035476685,61.998587548732758,-148.26759999990463,-148.38642239570618,26.799999177455902,101.02422349154949,3.199999988079071,3.7084762752056122
788,59.991299986839294,59.916304111480713,-147.19200003147125,-147.55576300621033,1.1999979615211487,107.52050392329693,3.199999988079071,3.5389580726623535
772,61.450899988412857,61.522267699241638,-147.12170004844666,-147.49421453475952,14.899998903274536,52.217997610569,3.4999999701976776,3.8596322983503342
425,61.168099999427795,59.577165603637695,-151.96619993448257,-152.17893433570862,136.40000019222498,69.541703909635544,3.9999999850988388,3.8196722120046616
2140,61.864000022411346,62.248499393463135,-151.8659999370575,-151.28747919201851,114.69999980181456,80.070093274116516,3.3999999761581421,3.2079094648361206
1357,61.365099996328354,61.416193187236786,-150.00839999970049,-149.89600648730993,27.300000190734863,81.072494387626648,3.5999999642372131,4.2361658960580826
1935,60.89130000025034,60.715644419193268,-150.01710000028834,-149.82860476523638,49.400001764297485,103.30339521169662,4.0999999791383743,4.2838116958737373
1610,60.80120000243187,60.024763107299805,-149.60510002076626,-150.55916731059551,100.19999928772449,70.295516401529312,3.6999999582767487,3.6093817949295044
974,61.553900003433228,61.580596387386322,-149.91630000248551,-149.91936781257391,46.199999749660492,61.239026486873627,3.8999999910593033,3.8807812482118607
1225,61.405600011348724,61.400657713413239,-150.0903999991715,-150.06829597055912,20.099997520446777,76.295841485261917,3.2999999821186066,3.3086721897125244
964,59.880200028419495,59.771502733230591,-148.86790001392365,-149.08011254668236,11.600002646446228,58.995015919208527,3.2999999821186066,3.7158807814121246
526,59.799399971961975,59.49269688129425,-152.18099999427795,-151.48177698254585,59.900000691413879,78.753791749477386,3,3.2349085807800293
2010,60.06029999256134,59.854366183280945,-152.98530006408691,-152.11269521713257,123.49999998696148,42.928367853164673,3.199999988079071,3.2181123197078705
900,59.935400009155273,59.85117244720459,-152.92119991779327,-151.65178978443146,83.900000900030136,77.553428709506989,4.2999999895691872,4.1384325921535492
182,60.328400015830994,60.34193754196167,-150.32750000059605,-150.20702259242535,55.100001394748688,54.316654801368713,3.199999988079071,3.278236448764801
170,62.956099987030029,62.889670372009277,-147.93360006809235,-148.38103044033051,64.300000667572021,46.42389714717865,3,3.7390680313110352
1655,60.286899983882904,59.998100280761719,-152.32489997148514,-151.28879052400589,88.700000196695328,34.16762501001358,3.7999999970197678,3.5912473797798157
810,59.836199998855591,59.808547258377075,-152.86369997262955,-152.07883536815643,103.80000062286854,94.091147184371948,3.5999999642372131,4.24471315741539
187,60.996199999935925,60.769372537732124,-152.41870003938675,-152.12432599067688,117.39999987185001,30.328653752803802,3.4999999701976776,4.2864256873726845
619,59.701900005340576,59.415863156318665,-152.0741999745369,-151.40377235412598,61.800003051757812,125.24216964084189,3.8999999910593033,3.7599006593227386
1965,62.380399942398071,62.301722526550293,-148.31849992275238,-148.33478790521622,41.900001466274261,77.000346034765244,3.199999988079071,3.5754175186157227
158,59.052199959754944,59.102820038795471,-152.49949997663498,-151.62834405899048,61.700001358985901,68.993948400020599,3,3.2354650497436523
886,61.531000018119812,61.724824786186218,-151.95970004796982,-151.47211164236069,108.20000059902668,51.287263631820679,3.3999999761581421,3.9216209203004837
272,59.78410005569458,59.46073842048645,-152.17750006914139,-151.5371555685997,63.79999965429306,97.233101725578308,3,3.4813661277294159
614,59.023000001907349,59.181515574455261,-152.90789991617203,-151.96472382545471,70.199999958276749,90.33295139670372,3.2999999821186066,3.5755527019500732
1842,60.31029999256134,60.135180711746216,-151.27409997582436,-150.62942679226398,63.700001686811447,59.173814952373505,3.199999988079071,3.574718713760376
1061,60.495000004768372,60.224465012550354,-151.46199998259544,-150.85437870025635,72.099998593330383,25.573529303073883,3,3.3787679672241211
2173,59.221300005912781,59.222413301467896,-151.52230006456375,-151.23313531279564,45.500002801418304,55.89042603969574,3.0999999940395355,3.1135619580745697
371,60.253899991512299,60.068266332149506,-152.50110000371933,-151.60577523708344,87.699998170137405,66.284298896789551,3.9999999850988388,4.0922679305076599
222,60.952500000596046,60.838718488812447,-150.6618999838829,-150.42355799674988,44.900000095367432,70.558149367570877,3.9999999850988388,4.1573484688997269
593,60.499300003051758,60.561342060565948,-148.12070006132126,-148.32224750518799,1.5999972820281982,73.273774236440659,3,3.3316819667816162
1848,59.085999965667725,59.214449763298035,-152.6068999171257,-151.46374243497849,61.999998986721039,84.794443100690842,3.4999999701976776,3.9651572406291962
1057,60.246100008487701,60.000437676906586,-152.51539993286133,-151.88425701856613,99.400000646710396,58.535560965538025,4.1999999955296516,4.1307620108127594
1921,60.149200022220612,59.783492803573608,-152.98790001869202,-151.97907114028931,129.80000022798777,37.250839173793793,3.2999999821186066,3.7407998442649841
136,60.351100027561188,60.214240252971649,-150.37479999661446,-150.38025771081448,43.999999761581421,63.823878765106201,3.2999999821186066,3.5605900883674622
518,61.745100021362305,61.762208819389343,-148.15850007534027,-148.32201915979385,20.099997520446777,54.604768753051758,3,3.5077413618564606
2009,59.557899951934814,59.613057255744934,-152.8561999797821,-152.50208580493927,92.199999839067459,54.306060075759888,3.2999999821186066,3.3054684698581696
334,60.987599999643862,60.788883030414581,-150.82929995656013,-150.46633176505566,55.500000715255737,84.767021238803864,4.8000000044703484,4.6942319422960281
2181,62.695000052452087,62.713891863822937,-148.85799998044968,-148.90845581889153,56.800000369548798,34.851998090744019,3.3999999761581421,3.5829788446426392
1382,61.486200004816055,61.594846427440643,-149.9311999976635,-149.77342718839645,40.799997746944427,69.691281765699387,3.4999999701976776,4.035177156329155
1251,61.318500012159348,61.39338693022728,-150.03359999880195,-149.95735740289092,36.499999463558197,92.618409544229507,3.7999999970197678,4.2541640773415565
838,59.610399961471558,59.739300131797791,-149.71650000661612,-149.6559689193964,56.999996304512024,59.434287250041962,3.199999988079071,3.4910280704498291
710,60.096400022506714,59.83081591129303,-152.58569991588593,-151.47882065176964,91.200001537799835,65.871689468622208,3.2999999821186066,3.692933052778244
15,62.974900007247925,62.946712732315063,-150.84149998426437,-150.31083210557699,110.39999965578318,54.322943091392517,3.2999999821186066,3.7315094769001007
1651,60.246599972248077,60.003277719020844,-152.67280000448227,-151.72439575195312,103.29999960958958,92.545792460441589,4.1999999955296516,4.3534567169845104
1107,60.725800007581711,61.745936095714569,-148.64550000429153,-148.62033176422119,247.19999730587006,71.566455066204071,3.3999999761581421,3.1003641486167908
1830,60.387199997901917,59.987909197807312,-151.71520006656647,-150.98951885104179,71.499999612569809,36.487706005573273,3.0999999940395355,3.0919322669506073
2006,61.209800004959106,61.163498222827911,-151.49729999899864,-151.30247738957405,74.09999892115593,37.716194987297058,3.0999999940395355,3.6949052810668945
570,62.967399954795837,62.927535533905029,-150.31099998950958,-150.06244273111224,84.89999920129776,44.846944510936737,3,3.592925637960434
654,62.965700030326843,62.940492272377014,-150.37880001962185,-150.24049803614616,86.500000208616257,36.502376198768616,3.199999988079071,3.4948369860649109
1105,61.39300000667572,61.411861181259155,-150.03010000102222,-149.73871310055256,38.500003516674042,85.235830396413803,3,3.2522833943367004
1645,60.254899978637695,60.067004919052124,-150.99199998378754,-150.52303192019463,60.699999332427979,68.521842360496521,3,3.4339953660964966
465,59.848600029945374,59.641498804092407,-152.92380005121231,-152.27574384212494,114.90000039339066,46.760976314544678,3.3999999761581421,3.8453084081411362
1054,61.520699977874756,61.578218758106232,-149.91479999944568,-149.92956700734794,43.200001120567322,92.879235744476318,3.2999999821186066,3.6452332735061646
199,62.099599957466125,62.1580650806427,-147.55769991874695,-147.90000665187836,22.299997508525848,89.204862713813782,3,3.3309072554111481
1041,59.22599995136261,59.301486015319824,-152.09110003709793,-151.43051996827126,52.000001072883606,90.103674679994583,4.6000000052154064,4.6317296996712685
1426,61.444700002670288,61.477413505315781,-150.05079999938607,-150.06335526332259,39.099998772144318,38.426019251346588,3.0999999940395355,4.2376978397369385
1255,61.478399991989136,61.537203729152679,-149.93870000168681,-149.99499777413439,39.899997413158417,75.813397765159607,3.0999999940395355,3.3424014151096344
869,59.642799973487854,59.584693193435669,-149.66890000551939,-149.88386999443173,9.9000036716461182,75.309809297323227,3,3.1463368535041809
1341,61.4307000041008,61.461634188890457,-149.94089999981225,-149.85273790732026,24.999998509883881,61.857052147388458,3,3.5014804601669312
1133,59.848299980163574,59.502801895141602,-152.39019995927811,-151.20063310861588,74.000000953674316,89.151602238416672,3.0999999940395355,3.8167868256568909
1544,62.425400018692017,62.447575569152832,-149.20389997959137,-149.35836061835289,35.80000251531601,60.947075486183167,3.199999988079071,3.5614678859710693
1110,60.974300000816584,61.02354933321476,-147.44319999217987,-147.84483915567398,19.900001585483551,53.229480981826782,3.0999999940395355,3.5011939108371735
591,60.210300028324127,59.973209023475647,-151.65880000591278,-151.28311344981194,58.20000171661377,84.241483360528946,3.6999999582767487,3.8936570137739182
1345,61.470099985599518,61.52178555727005,-149.8994999974966,-149.87398854643106,33.699996769428253,58.376625180244446,3.5999999642372131,3.8905419856309891
1665,62.074699997901917,62.308769822120667,-151.33129996061325,-150.71589830517769,82.499999552965164,73.739506304264069,3.3999999761581421,3.8550060242414474
2193,61.614400029182434,61.613694489002228,-150.66060000658035,-150.46438662707806,57.599999010562897,90.848546475172043,3.9999999850988388,4.0003064721822739
1581,62.535599946975708,62.764691472053528,-151.33769997954369,-150.67127081751823,89.999999850988388,47.165766358375549,3.7999999970197678,3.9012618362903595
937,61.625400006771088,61.766789615154266,-150.20120000839233,-150.23627348989248,44.699996709823608,81.655725836753845,3,3.5370767712593079
1471,61.58490002155304,61.526799201965332,-149.83739999681711,-149.35967610776424,49.900002777576447,42.878158390522003,3.7999999970197678,3.7864844352006912
43,62.666499972343445,62.538041830062866,-149.84040000289679,-149.67259655892849,7.2000026702880859,60.2983757853508,3.199999988079071,3.4774323999881744
1232,61.353199988603592,61.418080985546112,-150.11259999498725,-150.05064495094121,20.000003278255463,68.67106631398201,3,3.164903461933136
274,62.225200057029724,62.266592741012573,-147.86479997634888,-148.02178823947906,31.800001859664917,102.29840874671936,3.3999999761581421,3.7472469806671143
1303,61.381000012159348,61.448943823575974,-149.95099999755621,-150.09378398582339,41.299998760223389,77.619455754756927,3.3999999761581421,3.8842046409845352
101,59.861400008201599,59.571653604507446,-152.3435999751091,-151.15406709909439,84.699999541044235,109.43302698433399,4.3999999947845936,4.3139744438230991
1839,59.128100037574768,59.114338159561157,-152.24570006132126,-151.31182327866554,57.300001382827759,72.756364941596985,3.4999999701976776,3.7903697937726974
1023,60.39819997549057,60.091378509998322,-152.23519992828369,-151.07378053665161,103.39999943971634,14.189161360263824,3.0999999940395355,3.4679549932479858
1177,61.374399989843369,61.391562402248383,-150.10799999535084,-149.97773713571951,19.299998879432678,59.379026293754578,3,3.279900848865509
107,59.497699975967407,59.293063044548035,-152.6457000374794,-151.08052468299866,71.100000292062759,60.694009065628052,3.9999999850988388,4.0708257704973221
962,60.53439998626709,60.52763631939888,-147.66329991817474,-147.88212168216705,5.0000026822090149,90.132314711809158,3,3.6227764785289764
497,60.887800000607967,60.732992887496948,-151.65719997882843,-151.19418302178383,76.299998909235001,19.005380570888519,3,3.5055264830589294
2194,62.323500037193298,62.530482053756714,-151.36019995808601,-150.99921226501465,86.399998515844345,58.436162769794464,3.3999999761581421,3.186268150806427
1525,61.286799997091293,61.325859546661377,-150.52229999005795,-150.5426407456398,72.099998593330383,119.15961792692542,4.5,4.5973170697689056
1608,60.360099971294403,60.027218580245972,-152.42150008678436,-151.25282371044159,96.000000834465027,35.886302590370178,3.0999999940395355,3.730719655752182
862,61.796000003814697,61.915292322635651,-149.68269999325275,-149.50860352814198,39.800003170967102,96.495736390352249,3,3.2401599884033203
1146,61.313699990510941,61.365172386169434,-149.91909999959171,-149.92261664383113,44.500000774860382,79.574387520551682,3.5999999642372131,4.1010463088750839
1313,61.436500012874603,61.589754223823547,-149.93689999915659,-149.74385923147202,30.299998819828033,62.662526965141296,3,3.6597486734390259
1537,62.167400002479553,62.140014886856079,-148.55409997701645,-148.68197509646416,19.900001585483551,93.873759731650352,3.2999999821186066,3.6310250759124756
1999,59.526999950408936,59.307198643684387,-152.88680005073547,-151.74148964881897,100.70000030100346,44.466078281402588,3.2999999821186066,3.6379791498184204
1352,61.335900008678436,61.428029805421829,-149.9906000001356,-149.97394118551165,37.10000216960907,87.991435080766678,3.9999999850988388,4.2390202805399895
841,61.451400011777878,61.431643038988113,-149.96060000080615,-149.7963555380702,37.199996411800385,70.081412792205811,4.0999999791383743,3.9840841591358185
712,59.583099961280823,59.756435513496399,-147.89689993858337,-148.47525018453598,21.99999988079071,101.22724063694477,3.7999999970197678,4.1021456569433212
72,62.935400009155273,62.905916094779968,-150.49529998004436,-150.0281791286543,89.600000530481339,52.18198150396347,3.8999999910593033,4.2755571752786636
500,60.807199999690056,60.77797394990921,-151.26130002737045,-150.91554173827171,62.89999932050705,44.519111514091492,3.7999999970197678,4.0121304988861084
1436,61.412200003862381,61.454930335283279,-150.06489999778569,-149.97983013745397,38.80000114440918,90.30962735414505,3,3.1289867162704468
1383,61.523299992084503,61.52498859167099,-149.93500000052154,-149.85415032505989,41.100002825260162,79.654444009065628,3.0999999940395355,3.4054800868034363
2003,59.914000034332275,59.616348266601562,-152.5722000002861,-151.39880731701851,84.699999541044235,101.01973079144955,3.0999999940395355,3.6628836393356323
481,60.288699984550476,60.009684145450592,-152.2846999168396,-151.53571879863739,90.199999511241913,59.207595884799957,3,3.4987122416496277
1269,61.295700013637543,61.346568077802658,-150.01029999973252,-149.97402162104845,33.299997448921204,85.388060659170151,3.3999999761581421,3.9407467693090439
506,60.992300000041723,60.877864383161068,-151.97640001773834,-151.44603180885315,94.299999997019768,41.186749935150146,4.3999999947845936,4.5843099765479565
948,60.976299999281764,60.911063708364964,-149.36980001628399,-149.57983110845089,28.700001537799835,98.725141957402229,3.199999988079071,3.5964633822441101
1055,60.002399981021881,59.923485040664673,-152.85720008611679,-151.83045566082001,111.60000041127205,70.941183716058731,3.5999999642372131,4.0823165774345398
1258,61.39410001039505,61.426374554634094,-150.07630000077188,-149.94191505946219,38.300000131130219,89.682333171367645,4.6000000052154064,4.8167396262288094
2199,62.004799962043762,62.090699434280396,-149.88860000297427,-149.79841341823339,39.70000147819519,79.872924834489822,3.0999999940395355,3.1469468772411346
1264,61.365799993276596,61.423627346754074,-150.01670000050217,-150.13021002709866,41.599996387958527,70.289306342601776,3,3.2621131539344788
1566,62.978899955749512,62.944700360298157,-150.63579998910427,-150.04333026241511,113.4000001475215,48.563338816165924,5.0000000149011612,4.5348862074315548
1447,61.463099986314774,61.393117845058441,-150.12789999693632,-149.97517435345799,45.19999772310257,60.575217008590698,3.0999999940395355,3.215095728635788
1697,62.113299965858459,62.042117834091187,-150.25719999521971,-150.08078813552856,14.799997210502625,77.317006886005402,3.7999999970197678,3.6004959940910339
1241,61.44530001282692,61.51518326997757,-150.07340000197291,-149.96003512479365,20.099997520446777,77.652242034673691,3,3.279921680688858
311,62.393399953842163,62.035642266273499,-149.88870000466704,-149.22014674544334,1.9999966025352478,101.84820927679539,3.0999999940395355,3.1601644456386566
1730,60.78659999370575,60.557817101478577,-151.75140005350113,-151.30609408020973,74.900001287460327,19.722908735275269,3.2999999821186066,3.7400853931903839
405,62.041599988937378,62.141374111175537,-150.516999989748,-150.33828992396593,60.000002384185791,66.486295312643051,3.199999988079071,3.5750243067741394
879,60.250999987125397,60.008534789085388,-151.58010005950928,-151.02473294734955,63.499998301267624,107.10199177265167,3.2999999821186066,3.7672917991876602
1043,61.493099987506866,61.446512579917908,-149.75379998981953,-149.79615356773138,52.699998021125793,67.45016947388649,3.0999999940395355,3.610441267490387
1491,61.506399989128113,61.547918677330017,-149.94899999722838,-149.22772684693336,35.999998450279236,100.18665157258511,3,3.8059146255254745
979,61.374900013208389,61.370958119630814,-150.59039998054504,-150.54726858437061,53.900003433227539,109.43561233580112,3.199999988079071,3.8328735530376434
2087,59.956799983978271,59.756744384765625,-152.98099994659424,-152.02263933420181,115.39999954402447,41.38646274805069,3,3.1861745417118073
309,61.704200029373169,61.877090990543365,-150.82549998164177,-150.77776747941971,56.599996984004974,91.89293161034584,4.1999999955296516,4.741564616560936
226,59.705899953842163,59.485505700111389,-152.17250007390976,-151.39952552318573,68.900000303983688,92.48650074005127,3.199999988079071,3.5094582438468933
743,62.578999996185303,62.566542744636536,-151.37489998340607,-150.85300147533417,91.80000051856041,55.74798583984375,3,3.4034130871295929
806,62.416900038719177,62.405237317085266,-148.50390002131462,-148.54260769486427,37.399999797344208,74.292667210102081,3,3.3150864243507385
2024,62.238100051879883,62.368189811706543,-150.85950002074242,-150.60785660147667,62.800001353025436,68.397104740142822,3.3999999761581421,3.6460075378417969
1000,59.946900010108948,59.816148281097412,-151.54150003194809,-150.96444010734558,59.299997985363007,97.923805937170982,3,3.5080443620681763
1461,61.398299992084503,61.483387231826782,-150.05899999849498,-150.00530035234988,39.099998772144318,67.456293851137161,3.5999999642372131,4.1481946483254433
1818,59.862499952316284,59.653690099716187,-151.7661999464035,-151.07560211420059,48.699997365474701,87.178140878677368,3,3.5072815418243408
1784,61.684000015258789,61.757633864879608,-151.61849999427795,-151.41279619932175,93.800000846385956,106.31802119314671,3.5999999642372131,4.5405563777312636
2025,59.561499953269958,59.295024752616882,-152.63559991121292,-151.44300511479378,88.500000536441803,43.60412061214447,3.2999999821186066,3.2618979513645172
1071,62.935999989509583,62.94223690032959,-150.88559997081757,-150.62602870166302,113.4000001475215,43.29720139503479,3,3.4746446907520294
148,62.809700012207031,62.763343334197998,-149.43119998276234,-149.56411202251911,66.300000995397568,54.982520639896393,4.3999999947845936,4.5714259184896946
1164,61.343300014734268,61.391933917999268,-150.12480000033975,-150.15361596643925,20.000003278255463,78.765913844108582,3.0999999940395355,3.2508261501789093
1100,61.152999997138977,61.558001816272736,-151.6696999669075,-149.48265959322453,58.700002729892731,65.882597118616104,3,3.0803030133247375
1005,60.080999970436096,60.042730927467346,-152.86709994077682,-152.03425025939941,117.30000004172325,53.150281310081482,3.199999988079071,3.8179782181978226
291,61.041600000113249,60.812826529145241,-152.32180005311966,-151.77203035354614,14.899998903274536,50.190873444080353,3,3.2085447907447815
692,60.055299997329712,59.872233867645264,-151.70620000362396,-151.57372570037842,46.800002455711365,134.53423976898193,3.5999999642372131,4.0629166960716248
818,61.356099992990494,61.24591600894928,-151.37000003457069,-151.25160017609596,70.199999958276749,38.6190265417099,3.0999999940395355,3.5077986717224121
704,62.89549994468689,62.944913148880005,-149.65359999239445,-149.6178228110075,71.400001645088196,41.321597993373871,3.3999999761581421,3.6616564393043518
1090,59.859699964523315,59.78342878818512,-151.59500008821487,-151.19717493653297,48.699997365474701,80.842800438404083,3.2999999821186066,3.7103822529315948
1940,59.787999987602234,59.776749849319458,-152.97460001707077,-151.92118316888809,108.30000042915344,56.487709283828735,4.0999999791383743,4.0966824889183044
1104,62.80019998550415,62.863060116767883,-149.62399998307228,-149.77522444725037,73.69999960064888,46.618789434432983,3.0999999940395355,3.7342624962329865
575,61.013399999588728,60.920730173587799,-149.55579999089241,-149.57567028701305,28.300002217292786,104.93697226047516,3.4999999701976776,3.915136992931366
557,59.765599966049194,59.711245775222778,-151.91129994392395,-151.59960812330246,55.500000715255737,118.88147750869393,3,3.5889111757278442
1706,60.315900027751923,60.172975957393646,-152.69039994478226,-151.68418353796005,105.20000010728836,32.40426629781723,3.2999999821186066,3.620726466178894
701,59.047700047492981,59.183019399642944,-152.26190006732941,-151.93661642074585,69.899998605251312,78.026384115219116,3.3999999761581421,3.4636582732200623
1085,62.150799989700317,62.304267168045044,-150.88380002975464,-150.58808939158916,57.700000703334808,78.028805553913116,3.199999988079071,3.4505153596401215
1370,61.376700013875961,61.448074489831924,-150.06959999911487,-150.03703830577433,37.900000810623169,66.48026779294014,3.2999999821186066,3.9494719952344894
1506,61.397799998521805,62.10184919834137,-149.99800000002142,-149.60048925876617,46.999998390674591,87.044700980186462,4.5,5.0958730727434158
1601,60.774399995803833,60.567232370376587,-152.88659995794296,-152.24156606197357,5.0999969244003296,35.028219223022461,3.4999999701976776,3.8338197469711304
1951,60.037899971008301,59.87876558303833,-152.5692999958992,-151.71913683414459,99.799999967217445,57.686284184455872,3.199999988079071,3.772387906908989
748,61.620100021362305,61.621703088283539,-150.1794999986887,-150.08711175620556,52.199997007846832,70.65216451883316,3.5999999642372131,3.7187732756137848
1376,61.470699995756149,61.558638215065002,-149.94739999808371,-149.91116810403764,38.40000182390213,58.733008801937103,3.0999999940395355,3.1587611138820648
1025,62.359799981117249,62.54226016998291,-151.31589996814728,-150.50114066898823,84.699999541044235,71.019910275936127,3.2999999821186066,3.9304184764623642
167,62.158400058746338,62.370025634765625,-152.54350000619888,-151.93885946273804,2.5999993085861206,52.123397588729858,3.6999999582767487,3.813944399356842
730,59.174100041389465,59.191803932189941,-151.66280007362366,-151.21545124053955,44.600002467632294,76.154232025146484,4.2999999895691872,4.4292843416333199
1208,61.467000007629395,61.520651459693909,-149.97599999886006,-149.92300202138722,20.70000022649765,80.993909388780594,3,3.044566422700882
286,59.274099946022034,59.284327745437622,-148.84199997782707,-149.3524511307478,29.700003564357758,74.810177087783813,3.0999999940395355,3.4540886878967285
1067,61.633000016212463,61.802197098731995,-149.70580000430346,-149.59774446487427,39.399996399879456,81.40675351023674,3.5999999642372131,3.8354201316833496
1905,61.832099974155426,61.95296436548233,-149.94839999824762,-149.56554771959782,37.600003182888031,78.220412135124207,3,3.5268461108207703
1029,60.522100001573563,60.752573728561401,-150.1896999925375,-150.30870173871517,41.900001466274261,33.957049250602722,3.199999988079071,3.6781988739967346
628,59.864400029182434,59.711186528205872,-152.45969992876053,-151.52545559406281,81.399999558925629,131.24963873997331,4.0999999791383743,3.8054962456226349
598,62.658100008964539,62.636815905570984,-149.58830000460148,-149.53804166615009,71.699999272823334,58.208897709846497,3.8999999910593033,4.3707204088568687
1163,61.414299994707108,61.470719784498215,-149.88140000402927,-149.87135066092014,29.399998486042023,68.236581981182098,3.2999999821186066,3.8173552751541138
377,59.929000020027161,59.782172441482544,-151.58050006628036,-151.25491207838058,65.799999982118607,110.56938115507364,3.0999999940395355,3.6090458035469055
1947,60.341400027275085,60.092968225479126,-152.39000004529953,-151.13833433389664,103.80000062286854,23.259200155735016,3.199999988079071,3.5263553559780121
1401,61.327499985694885,61.432645589113235,-150.04879999905825,-149.98327034153044,38.000002503395081,84.843285381793976,3.7999999970197678,4.1008900701999664
1886,61.844900012016296,61.860546827316284,-148.10580003261566,-148.32700717449188,28.599999845027924,105.46629875898361,3.2999999821186066,3.8440825939178467
1237,61.496899992227554,61.486966133117676,-149.90860000066459,-149.89389955624938,39.300002157688141,68.838056176900864,3.199999988079071,3.1796332597732544
1453,61.485700011253357,61.676019847393036,-150.07080000266433,-149.33413638174534,42.099997401237488,73.680464178323746,3.3999999761581421,3.4910095632076263
1080,61.894200026988983,62.096364498138428,-151.05269998311996,-150.66053067147732,54.700002074241638,69.850046187639236,3,3.3179907202720642
41,60.049799978733063,60.224609434604645,-152.94349998235703,-151.90028965473175,110.60000024735928,74.003621935844421,3,3.3840546905994415
2089,62.116000056266785,62.037854075431824,-147.75999999046326,-148.23594117164612,24.999998509883881,114.99413475394249,3,3.3013994693756104
892,62.279399991035461,62.516225457191467,-151.26079997420311,-150.57604368031025,81.90000057220459,64.666524529457092,3.4999999701976776,4.168090894818306
1424,61.370700001716614,61.361796617507935,-150.00390000001062,-149.80920841544867,39.800003170967102,91.836873441934586,4.8000000044703484,4.9635459780693054
1918,61.29559999704361,61.272546797990799,-149.3614000082016,-149.13816225528717,34.000001847743988,44.516503810882568,3.7999999970197678,3.8750642091035843
1053,59.608700037002563,61.730960845947266,-148.44599997997284,-149.60351684689522,26.799999177455902,149.60177056491375,3.0999999940395355,3.0666292905807495
1170,61.494500011205673,61.525363624095917,-149.92629999853671,-149.88097263872623,34.900002181529999,64.615223556756973,3.7999999970197678,4.0044791847467422
893,61.436100006103516,61.541930615901947,-149.95999999903142,-149.90803553536534,45.500002801418304,83.533409982919693,3.3999999761581421,3.7603788524866104
609,59.719099998474121,59.474966168403625,-151.03350001573563,-150.82820186018944,45.800000429153442,112.12801374495029,3.2999999821186066,3.47633957862854
1242,61.314000010490417,61.356980055570602,-149.95889999996871,-149.87961706146598,40.700003504753113,75.592190027236938,3.2999999821186066,3.7468052208423615
1547,61.93419998884201,62.058572769165039,-149.91820000112057,-149.87378481030464,35.999998450279236,76.634038239717484,3,3.2563374638557434
2049,62.304000020027161,62.287528395652771,-149.79599998891354,-149.90100937709212,57.300001382827759,79.268772155046463,3.0999999940395355,3.211844801902771
1523,61.086599998176098,61.076616980135441,-151.52629995346069,-151.06947469711304,70.099998265504837,27.512863278388977,3.3999999761581421,3.9393206387758255
1577,62.741999983787537,62.694382429122925,-149.0741999745369,-149.08694940805435,13.40000331401825,76.034445315599442,3,3.4681422114372253
493,59.881999969482422,59.917093634605408,-152.55460005998611,-151.85366302728653,84.89999920129776,113.38511575013399,3.6999999582767487,4.2300037443637848
2099,59.983800053596497,59.850218057632446,-152.00950008630753,-151.15622904896736,75.39999857544899,78.080732375383377,3,3.1122017204761505
277,62.853999972343445,62.832342267036438,-148.90720000863075,-148.92615669965744,11.799998581409454,39.149574935436249,3.199999988079071,3.5660637617111206
757,61.487199991941452,61.357310265302658,-152.39969998598099,-152.05113172531128,132.69999995827675,40.307655930519104,3,3.8232032060623169
2124,60.367799997329712,60.43327808380127,-152.8274000287056,-152.15745842456818,127.79999990016222,45.348405838012695,3,3.063907116651535
358,60.07039999961853,59.985166907310486,-152.88499993085861,-152.37460094690323,106.59999959170818,76.817251741886139,3.199999988079071,3.9194310307502747
1319,61.327199995517731,61.386621206998825,-150.03950000088662,-150.05762772448361,35.40000319480896,87.802287191152573,3.5999999642372131,3.9189646393060684
236,60.783999994397163,60.649241864681244,-150.90040004253387,-150.57805842161179,14.899998903274536,70.598699152469635,3,3.2970995306968689
551,60.065900027751923,60.136285245418549,-152.964399933815,-152.53889465332031,114.40000031143427,55.714711546897888,3,3.5761091709136963
520,59.105499982833862,59.168605089187622,-149.18320003151894,-150.12863881140947,4.3999999761581421,62.400341033935547,3.0999999940395355,3.5358239114284515
2176,61.799499988555908,61.84067314863205,-151.59340006113052,-151.31021395325661,99.199999123811722,83.217695355415344,3.4999999701976776,3.8775622844696045
208,61.287600010633469,61.225821316242218,-150.29640001058578,-150.1303738206625,41.900001466274261,89.105434715747833,3,3.6757500171661377
1649,60.084800004959106,59.886309862136841,-152.79979991912842,-151.79707825183868,107.69999958574772,67.743763327598572,3.2999999821186066,3.8389794230461121
881,61.706300020217896,61.879784822463989,-149.5012000054121,-149.43659403920174,34.299999475479126,104.44556176662445,3,3.5277555584907532
720,61.901400029659271,62.037331223487854,-149.87159999459982,-149.90222346782684,38.900002837181091,80.657191574573517,3.0999999940395355,3.1086705923080444
1472,61.518299996852875,61.431231558322906,-149.99730000004638,-149.56296515464783,47.849997878074646,37.546977400779724,3.3999999761581421,3.6205782294273376
1858,59.306900024414062,59.19316303730011,-152.65060007572174,-151.51746064424515,99.99999962747097,54.074421525001526,3.0999999940395355,3.316867858171463
1658,60.619500011205673,60.388506352901459,-150.71110001206398,-150.4550471752882,49.09999668598175,84.367122501134872,4.3999999947845936,4.4559023519977927
58,61.253199994564056,61.254352271556854,-147.03450000286102,-147.51798266172409,18.899999558925629,57.752102613449097,3.7999999970197678,3.9859138280153275
631,60.536199986934662,60.113781630992889,-151.5819000005722,-150.9286692738533,54.099999368190765,27.222044765949249,3.0999999940395355,3.197600394487381
1883,61.95770001411438,61.78124463558197,-152.15649998188019,-151.29016917943954,127.60000000707805,52.799895405769348,3.199999988079071,3.622249960899353
1558,60.054400026798248,59.865401983261108,-151.01080003380775,-150.70775565505028,61.999998986721039,78.690964728593826,3,3.500652015209198
592,60.195599973201752,59.928229928016663,-151.67679995298386,-151.28104358911514,56.299999356269836,81.995386630296707,3,3.6752646267414093
1954,59.675600051879883,59.632493495941162,-152.86480003595352,-151.6989723443985,100.50000064074993,39.628162980079651,3.199999988079071,3.9327356815338135
363,61.91509997844696,62.306546211242676,-152.12010008096695,-151.39790886640549,118.40000003576279,76.988868415355682,3.3999999761581421,4.1207256317138672
1808,61.85589998960495,61.900599300861359,-150.27350000292063,-150.12284971028566,17.999999225139618,60.361318290233612,3.199999988079071,3.5693019032478333
505,62.910599946975708,62.935384511947632,-149.3391999900341,-149.37901881337166,53.599998354911804,34.810125827789307,3,3.5681914687156677
1552,62.666800022125244,62.71290647983551,-149.43689998984337,-149.50161512196064,57.300001382827759,41.584476828575134,3,3.5047282576560974
1617,59.884999990463257,59.562557935714722,-150.65639998018742,-150.65172484517097,28.999999165534973,130.58481831103563,3.4999999701976776,3.8299249112606049
2023,62.909000039100647,62.94698441028595,-150.40150000154972,-150.30624344944954,91.699998825788498,30.513733625411987,3.0999999940395355,3.3189142048358917
1904,59.914199948310852,59.592935800552368,-151.21879997849464,-150.98267224431038,43.799996376037598,108.91113430261612,3.4999999701976776,3.6819974184036255
904,60.489099979400635,60.288702368736267,-150.77979996800423,-150.5304542183876,44.79999840259552,77.761080116033554,3.8999999910593033,4.1515171900391579
733,62.218799948692322,62.336811304092407,-151.10000002384186,-150.68016014993191,86.399998515844345,76.862476766109467,3,3.6405996680259705
1480,61.458999991416931,61.650692284107208,-149.95409999974072,-149.78243145346642,40.200002491474152,74.811194092035294,4.8000000044703484,4.9280312955379486
2119,60.884199999272823,60.639758139848709,-152.00779992341995,-151.54169118404388,84.399998188018799,15.236049890518188,3,3.0547102689743042
1178,62.999899983406067,62.957290172576904,-150.91750001907349,-150.45539948344231,114.90000039339066,49.230322241783142,3.2999999821186066,3.807200700044632
1192,61.372000008821487,61.4381023645401,-150.03420000057667,-150.0500355027616,40.299996733665466,69.152206182479858,3.2999999821186066,3.7442769706249237
1089,61.381099998950958,61.4114810526371,-150.03659999929368,-149.70672228187323,38.099996745586395,85.221666842699051,3.2999999821186066,3.7780128568410873
118,61.784200012683868,62.017647624015808,-151.1468999683857,-150.84489566087723,83.20000022649765,80.339573323726654,3.199999988079071,3.8419444710016251
1476,61.378500014543533,60.879203602671623,-150.02290000068024,-149.27121117711067,42.000003159046173,88.203705847263336,3.0999999940395355,3.5348002910614014
706,60.851999998092651,60.787114217877388,-151.67189991474152,-151.40969127416611,76.600000262260437,23.662231862545013,3.4999999701976776,3.712239682674408
1888,60.009100019931793,59.735687971115112,-151.53539997339249,-150.99019333720207,58.20000171661377,78.71299609541893,3.0999999940395355,3.5272471904754639
745,59.447000026702881,59.36624538898468,-152.23420000076294,-151.59418416023254,80.800000578165054,80.449134111404419,3.2999999821186066,3.6774750351905823
522,60.011099994182587,59.850289344787598,-150.97800001502037,-150.73615577816963,48.100002110004425,96.000602468848228,3,3.645707756280899
915,61.635500013828278,61.75263524055481,-151.0911999642849,-150.91580244898796,68.799998611211777,64.727503806352615,3.2999999821186066,3.8887428045272827
1405,61.505699992179871,61.777362525463104,-149.92959999851882,-149.76926891505718,39.300002157688141,78.53037491440773,3,3.2201494574546814
2012,60.030900001525879,59.829720139503479,-152.66049993038177,-151.81231427192688,84.100000560283661,65.013274550437927,3.0999999940395355,3.2469972968101501
993,61.461499989032745,61.592581987380981,-150.0093000002671,-150.04304748214781,21.600000560283661,68.335909396409988,3,3.2293687462806702
513,60.036099970340729,59.82488739490509,-151.03959998488426,-150.63549435138702,49.599997699260712,91.67596697807312,3.0999999940395355,3.4676274061203003
81,60.505299985408783,60.17363315820694,-151.45710003376007,-150.94859567284584,60.000002384185791,32.802402973175049,3.0999999940395355,3.3350577056407928
1868,61.625,61.661532580852509,-150.33079998940229,-149.47129520773888,60.300000011920929,71.447659283876419,3.9999999850988388,4.1776984110474586
1985,61.986400008201599,62.21607768535614,-149.87280000373721,-149.76762825250626,49.199998378753662,100.65794177353382,3.4999999701976776,3.7939096838235855
1584,62.239099979400635,62.140053272247314,-147.90229994058609,-148.1771764755249,34.699998795986176,100.41847079992294,3,3.5697501003742218
914,59.79419994354248,59.679558992385864,-152.96809995174408,-152.02995193004608,103.9000004529953,43.93383115530014,3,3.5402051210403442
380,61.905399978160858,61.886341154575348,-148.276899933815,-148.32540822029114,29.700003564357758,89.452978223562241,3.199999988079071,3.5598077774047852
1226,61.472099989652634,61.539344370365143,-149.96909999940544,-149.83000172674656,20.099997520446777,73.871403932571411,3.2999999821186066,3.6112927794456482
2011,60.396799981594086,59.968356251716614,-151.79550004005432,-151.24470788240433,71.199998259544373,27.432553470134735,3,3.1409125328063965
84,62.847100019454956,62.718782663345337,-148.93960002064705,-148.98130971193314,4.3999999761581421,51.781028509140015,3.2999999821186066,3.5204470753669739
1994,62.963099956512451,62.949020743370056,-149.36519998311996,-149.52012097835541,86.699999868869781,38.301542401313782,3.9999999850988388,4.1053562164306641
672,61.174600005149841,60.600027829408646,-152.04490005970001,-152.23970210552216,108.13000053167343,27.665652334690094,3.2999999821186066,3.0790058076381683
774,61.547900021076202,60.997498364653438,-149.91590000130236,-148.88642835617065,46.999998390674591,97.252693027257919,3.8999999910593033,3.7190854847431183
329,60.519300013780594,60.625220745801926,-147.93940007686615,-149.22873473167419,250,74.239104986190796,3.2999999821186066,3.1154865324497223
6,60.061100006103516,59.788394689559937,-151.37040004134178,-150.96866038441658,53.400002419948578,87.456382811069489,3,3.5102267861366272
1222,61.470400005578995,61.554457545280457,-149.91909999959171,-149.91432462260127,29.500000178813934,69.179505109786987,3.8999999910593033,4.1825872734189034
1599,61.674300014972687,61.719506502151489,-147.02089995145798,-147.5892448425293,27.400001883506775,65.686900168657303,3.0999999940395355,3.7257142961025238
909,61.240799993276596,61.22558231651783,-151.94779998064041,-151.69090354442596,100.89999996125698,58.105811476707458,3.4999999701976776,4.460069733671844
468,59.732200026512146,59.473771214485168,-152.55699992179871,-151.32927802205086,84.100000560283661,90.631239116191864,3.5999999642372131,4.050005704164505
181,60.417900025844574,60.168973088264465,-152.41490006446838,-151.4620815217495,94.000000506639481,26.966027915477753,3.3999999761581421,3.7676236778497696
164,62.919800043106079,62.871432781219482,-148.50830000638962,-148.80518093705177,64.699999988079071,25.860071182250977,3.0999999940395355,3.6422454714775085
1620,62.29229998588562,62.335163354873657,-148.47490006685257,-148.71006479859352,37.199996411800385,94.747062772512436,3.199999988079071,3.5796352028846741
451,62.247200012207031,62.229503870010376,-148.3863000869751,-148.54675671458244,23.500002920627594,78.918974846601486,4.3999999947845936,3.8053857833147049
1713,62.627300024032593,62.59370744228363,-148.90139999985695,-148.98380210995674,43.999999761581421,65.010596066713333,3.199999988079071,3.6052894592285156
490,59.797199964523315,59.728817462921143,-151.84439992904663,-151.50899165868759,61.399996280670166,115.96968863159418,3.2999999821186066,3.5948470830917358
1720,61.262600004673004,61.049716778099537,-151.97810000181198,-151.48989182710648,103.70000079274178,18.307223916053772,3.6999999582767487,4.5408626412972808
1763,62.841400027275085,62.8787841796875,-149.37190000712872,-149.59093746542931,72.200000286102295,45.876793563365936,3,3.6329079866409302
287,62.47759997844696,62.504915237426758,-148.23329991102219,-148.41492962837219,42.999997735023499,72.369858622550964,3.7999999970197678,3.9794371873140335
1967,61.698499977588654,61.758570432662964,-147.26529997587204,-147.75547707080841,35.80000251531601,79.405181109905243,4.6000000052154064,4.3604182675480843
87,60.576200008392334,60.271413385868073,-151.48819997906685,-151.00067853927612,52.400000393390656,26.698321104049683,3.2999999821186066,3.5183597803115845
1652,60.083299994468689,60.327495098114014,-147.11630004644394,-147.41771578788757,8.9000016450881958,54.155290126800537,3.3999999761581421,3.9753686338663101
802,60.164499998092651,59.967005133628845,-152.40130001306534,-151.6687513589859,91.299999505281448,60.054637491703033,3.2999999821186066,3.9114136397838593
1050,60.496800005435944,60.307169020175934,-150.72599999606609,-150.35338423401117,50.200000405311584,85.192050784826279,3.0999999940395355,3.4013299942016602
1084,62.996500015258789,62.966732621192932,-150.88769996166229,-150.6772675216198,116.99999962002039,41.065573692321777,3.2999999821186066,3.4863041639328003
1075,59.577700018882751,59.49994421005249,-151.65630000829697,-151.06006327271461,46.09999805688858,63.235081732273102,3.199999988079071,3.8574922978878021
2134,62.631999969482422,62.864742636680603,-151.20969995856285,-150.90225675702095,88.799998164176941,43.946221470832825,3.199999988079071,3.1136394739151001
1073,61.399100005626678,61.439064711332321,-149.93470000103116,-149.83554612100124,40.399998426437378,70.392373949289322,4.0999999791383743,4.1588284447789192
1131,61.503000020980835,61.749893188476562,-150.23729999363422,-149.98609275603667,45.500002801418304,68.535666912794113,4.5,4.4016615338623524
1483,61.407999992370605,61.298590660095215,-150.13109999522567,-149.80808501690626,40.10000079870224,37.030987441539764,3.199999988079071,4.3332141414284706
1292,61.456900000572205,61.482033163309097,-150.06580000184476,-149.94800571352243,20.000003278255463,75.997486710548401,3.199999988079071,3.4277118444442749
2136,59.818099975585938,59.489778280258179,-152.27499997615814,-151.41938272118568,88.100001215934753,68.862844258546829,3.0999999940395355,3.0765648186206818
1964,61.543200016021729,61.363642752170563,-152.38279992341995,-151.80002081394196,0.6999969482421875,40.787249803543091,3.3999999761581421,3.7864315956830978
327,59.98580002784729,59.65315854549408,-151.4665000140667,-150.90888395905495,53.400002419948578,82.312341779470444,3.0999999940395355,3.5353996753692627
1368,61.469199985265732,61.427363842725754,-150.02380000054836,-149.98722545290366,49.900002777576447,95.750058069825172,3.199999988079071,3.427862673997879
442,60.157999992370605,59.9233078956604,-151.3889000415802,-150.92560011148453,54.499998688697815,60.096301138401031,3,3.5074498057365417
834,61.245299994945526,61.079191073775291,-151.21430003643036,-150.89449462294579,70.799998939037323,26.069782674312592,3,3.3930330276489258
1220,61.350800007581711,61.409471184015274,-150.10500000044703,-150.11377795413136,39.300002157688141,80.741282552480698,3.4999999701976776,3.7783378064632416
2097,60.149399995803833,60.057860195636749,-152.81719994544983,-151.98581403493881,115.19999988377094,57.432755827903748,3.199999988079071,3.4535389244556427
832,62.404600024223328,62.492456555366516,-149.51150000095367,-149.54692612588406,49.500003457069397,58.054685592651367,3.8999999910593033,4.2327719405293465
2164,61.488299995660782,61.476068675518036,-149.92529999837279,-149.98462256044149,41.500002145767212,75.617153197526932,3.2999999821186066,3.4388368427753448
348,59.006700038909912,59.192600607872009,-151.16800001263618,-151.23922258615494,24.199999868869781,74.021689593791962,4.5,3.8294078707695007
2203,59.142400026321411,59.195718169212341,-150.90049999952316,-150.84568825364113,26.100002229213715,48.542290925979614,3.2999999821186066,3.2717459499835968
177,60.329200029373169,59.942467331886292,-151.74470007419586,-151.14452138543129,72.276998311281204,66.82465597987175,3.199999988079071,3.6668893396854401
1001,61.585500001907349,61.692241072654724,-147.67920005321503,-148.28231120109558,40.799997746944427,34.055590629577637,3,3.1237765252590179
1310,61.337399989366531,61.413935899734497,-150.02149999933317,-149.93114173226058,36.600001156330109,75.228746980428696,3.7999999970197678,4.1309940442442894
990,61.205799996852875,61.19015084207058,-147.74290001392365,-148.07643288373947,11.600002646446228,75.985606759786606,3.3999999761581421,3.7043218910694122
86,59.495700001716614,59.393386363983154,-152.84619998931885,-151.91255664825439,93.800000846385956,83.607003092765808,4.1999999955296516,4.0960928946733475
1728,62.855100035667419,62.904908180236816,-149.5288999825716,-149.48688116669655,75.899999588727951,50.391606986522675,3.2999999821186066,3.5229143500328064
2154,59.670899987220764,59.36367654800415,-152.13419991731644,-151.30016604065895,68.799998611211777,107.73414187133312,3.5999999642372131,3.7302905023097992
1961,59.84879994392395,59.656006097793579,-152.48579996824265,-151.35074722766876,77.599998563528061,104.49110716581345,3.7999999970197678,4.0851240456104279
978,61.495799988508224,61.548267245292664,-149.89959999918938,-150.05877894535661,45.500002801418304,75.647071003913879,3.199999988079071,3.3971477150917053
457,62.941400051116943,62.92073130607605,-150.57060000300407,-150.1895239725709,88.300000876188278,49.263335764408112,3.5999999642372131,3.9186821579933167
777,61.534799993038177,61.542565703392029,-149.90269999578595,-149.85792241618037,37.699997425079346,60.659244656562805,4.3999999947845936,4.0733458399772644
1463,61.409799993038177,61.795237183570862,-150.05790000222623,-149.288708075881,42.000003159046173,80.985512584447861,3,3.9799467176198959
642,62.508499979972839,62.720997929573059,-151.19629999995232,-150.64047954976559,87.099999189376831,50.627142190933228,3.2999999821186066,3.8898577094078064
2111,61.832799971103668,61.930834770202637,-150.11879999935627,-150.19733181595802,41.599996387958527,66.799875348806381,3,3.0685962438583374
54,59.816400051116943,59.50715708732605,-151.3561999797821,-151.02531713247299,49.300000071525574,110.77591963112354,3.6999999582767487,4.0562514513731003
1640,60.050499975681305,59.778241038322449,-151.71549993753433,-151.11010086536407,53.599998354911804,112.71548643708229,3.4999999701976776,3.7815991938114166
1788,62.021999955177307,62.063982963562012,-150.87729996442795,-150.51581735908985,7.6000019907951355,84.357865154743195,3.0999999940395355,3.5674558281898499
1739,60.182799994945526,59.970003843307495,-151.68030005693436,-151.00957676768303,66.599998623132706,131.44975947216153,5.2000000029802322,4.8881793469190598
643,62.482300043106079,62.51153302192688,-148.25760000944138,-148.32708710432053,35.099998116493225,85.349388420581818,3.0999999940395355,3.5103099346160889
1288,61.48649999499321,61.587353885173798,-149.95250000059605,-149.97825365653262,29.700003564357758,75.167283415794373,3.2999999821186066,3.8388724476099014
1204,61.367599993944168,61.398447453975677,-150.08690000139177,-150.0418487302959,36.300003528594971,69.760818034410477,3,3.1892558634281158
677,62.062899947166443,62.14654803276062,-149.35239998996258,-149.26471330225468,38.599997758865356,98.448535427451134,3.2999999821186066,3.8965382874011993
221,61.54040002822876,61.580402255058289,-147.75530004501343,-147.93409538269043,7.6000019907951355,36.992043256759644,3.2999999821186066,3.5737904012203217
113,61,60.854894280433655,-151.62300002574921,-151.2365750670433,72.299998253583908,21.965213119983673,3.3999999761581421,4.0365821868181229
1555,62.207299947738647,62.301449298858643,-149.56780001521111,-149.59788626432419,54.999999701976776,91.5982685983181,3.3999999761581421,3.748991847038269
987,61.379799991846085,61.382874190807343,-147.02980005741119,-147.39618909358978,14.70000296831131,54.622739553451538,3.199999988079071,3.7224933207035065
1451,61.405800014734268,62.079548597335815,-150.03850000072271,-149.70449864119291,41.500002145767212,95.398804172873497,3.5999999642372131,4.2380622625350952
1202,61.489100009202957,61.603945791721344,-149.94249999895692,-149.97657500160858,35.599999129772186,74.687238782644272,3,3.3455407619476318
174,61.5310999751091,61.587715804576874,-149.85399999842048,-149.70927809178829,45.19999772310257,82.326088100671768,3.0999999940395355,3.3114007115364075
1064,62.986999988555908,62.955025315284729,-151.06780001521111,-150.30361119657755,125.19999999494758,45.294523239135742,3.3999999761581421,3.7517041862010956
589,60.100899994373322,60.10031121969223,-152.93099999427795,-152.38160902261734,118.49999986588955,65.057195723056793,3.4999999701976776,4.1128257662057877
1766,59.760599970817566,59.816848754882812,-152.97809994220734,-151.73056697845459,109.20000076293945,85.13253927230835,3.9999999850988388,4.3330755047500134
1857,59.53659999370575,59.230676293373108,-152.31930005550385,-151.34491065144539,49.999997019767761,52.568957209587097,3.0999999940395355,3.6249809861183167
18,60.932700000703335,60.981072066351771,-150.46240000426769,-150.6340467184782,55.900000035762787,90.171091258525848,3.199999988079071,3.6013365983963013
423,61.374599993228912,61.406598746776581,-149.81800000369549,-149.62827587127686,28.800003230571747,63.251912593841553,3.5999999642372131,3.909154549241066
1593,62.392500042915344,62.390168905258179,-149.25360001623631,-149.44984996318817,51.600001752376556,78.948818147182465,3.8999999910593033,3.8977885097265244
285,59.156499981880188,59.17569625377655,-152.19840002059937,-151.65278542041779,55.500000715255737,76.387930661439896,3.0999999940395355,3.362969845533371
1882,61.865700006484985,61.969840943813324,-150.31320000439882,-149.66296997666359,21.700002253055573,74.212495237588882,3.199999988079071,3.5308249890804291
428,60.436900019645691,60.156296491622925,-152.04689991474152,-151.46675696969032,83.700001239776611,67.912288010120392,4.3999999947845936,4.1664323508739471
1797,60.778200000524521,60.53841495513916,-151.86900007724762,-151.3906897008419,80.299999564886093,14.495208859443665,3.0999999940395355,3.9178898334503174
1689,59.840800046920776,59.594425320625305,-152.90600001811981,-152.03655338287354,99.899999797344208,44.618487358093262,3,3.5416932106018066
669,62.467000007629395,62.553743004798889,-148.28290003538132,-148.56504043936729,44.100001454353333,116.67747981846333,4.3999999947845936,4.3997573219239712
31,60.039900004863739,59.915036678314209,-152.75849997997284,-151.9080855846405,95.000000670552254,66.239487379789352,3.199999988079071,3.7493896186351776
1916,61.456400007009506,61.398756802082062,-149.92369999922812,-149.53529579937458,40.10000079870224,70.708435028791428,3.9999999850988388,4.1501968279480934
722,62.285899996757507,62.266455888748169,-148.54499995708466,-148.67465391755104,9.4999969005584717,84.546227008104324,3.199999988079071,3.4636589884757996
951,61.233799993991852,61.315726161003113,-150.7674999833107,-150.71603974699974,54.399996995925903,86.16352453827858,3,3.2466062307357788
1586,61.975000023841858,62.11122727394104,-150.42129997909069,-150.21473649144173,54.799996316432953,75.620293617248535,3,3.544971227645874
1351,61.47299998998642,61.544231534004211,-149.96929999999702,-150.04428032319993,35.199999809265137,65.02131000161171,3.199999988079071,3.7057299613952637
214,61.952899992465973,61.978992581367493,-147.74290001392365,-148.10093200206757,15.299998223781586,91.29638597369194,3.2999999821186066,3.6202688813209534
1874,60.298500001430511,60.119261980056763,-150.93359997868538,-150.46152698993683,65.799999982118607,69.102883338928223,3,3.4792839288711548
326,62.894400000572205,62.853583335876465,-150.67890000343323,-150.40531061589718,107.79999941587448,45.913353562355042,3.2999999821186066,3.7821090817451477
560,60.316299974918365,60.3412264585495,-152.36029994487762,-151.95553028583527,115.29999971389771,94.145102426409721,5.1000000089406967,4.803962342441082
1406,61.508599996566772,61.442615896463394,-149.94290000014007,-150.48389585316181,39.599999785423279,37.274576723575592,3.2999999821186066,3.4521226286888123
341,60.146200001239777,59.878639459609985,-151.64099997282028,-151.13447025418282,68.100001662969589,113.28625492751598,3.199999988079071,3.5417969226837158
147,59.389600038528442,59.193334341049194,-152.65070003271103,-151.64366734027863,69.299999624490738,74.80168342590332,3,3.3306266069412231
1414,61.38400000333786,61.481100231409073,-150.07949999906123,-149.61133745312691,37.699997425079346,99.897058680653572,5.3000000417232513,5.3036823570728302
1657,59.401600003242493,59.131510496139526,-152.48940002918243,-151.33439683914185,64.100001007318497,56.182563304901123,3,3.3962008953094482
966,61.33390000462532,61.392125397920609,-149.98080000048503,-150.01461778907105,46.599999070167542,87.719261646270752,4.0999999791383743,4.297369547188282
155,62.848899960517883,62.837965130805969,-150.52080000936985,-150.25399987399578,93.499999493360519,47.339841723442078,3.199999988079071,3.7184120714664459
1268,61.443899989128113,61.430111885070801,-150.12360000237823,-150.01289320969954,38.699999451637268,67.965392023324966,3.0999999940395355,3.2276844084262848
1228,61.452899992465973,61.480369240045547,-149.97109999973327,-149.95804675016552,39.499998092651367,77.893640846014023,3.3999999761581421,3.6921905279159546
1792,61.075499996542931,61.804631531238556,-147.5181999206543,-149.33282460272312,77.799998223781586,97.116600722074509,3.3999999761581421,3.576033353805542
1418,61.392300009727478,61.40618234872818,-150.02359999995679,-149.87772266194224,32.31000155210495,82.51010999083519,3.4999999701976776,3.8626313656568527
1667,59.873200058937073,59.629244089126587,-152.83310008049011,-151.66769349575043,91.80000051856041,63.808254897594452,3.199999988079071,3.9368698596954346
1421,61.353199988603592,61.445785015821457,-150.02489999961108,-149.96365677192807,34.999996423721313,82.351800054311752,3.5999999642372131,4.1156190633773804
2076,61.579599976539612,61.59895521402359,-147.90210002660751,-148.14969348907471,14.30000364780426,27.546435594558716,3,3.3314224183559418
1245,61.322699993848801,61.430564552545547,-150.05339999869466,-149.92932270281017,41.79999977350235,104.76662404835224,4.5,4.8421066403388977
2069,62.409000039100647,62.423698663711548,-148.50700002908707,-148.71965342760086,43.300002813339233,79.727992415428162,3.3999999761581421,3.6750163435935974
1386,61.357600003480911,61.396771937608719,-150.03579999972135,-150.02076716395095,34.900002181529999,79.457934945821762,3.4999999701976776,4.0462390333414078
1530,61.424100011587143,61.401257961988449,-150.80750003457069,-150.64509133994579,57.599999010562897,93.541588634252548,3.2999999821186066,4.1021296977996826
1928,59.76830005645752,59.437397480010986,-152.58080005645752,-151.24970304965973,82.600001245737076,70.971857756376266,3.4999999701976776,3.9075845181941986
938,60.20880001783371,59.947065234184265,-152.68180006742477,-152.07470154762268,108.69999974966049,58.109134435653687,3,3.4337881207466125
2101,61.89410001039505,61.988918960094452,-149.42480000853539,-149.44271506369114,37.600003182888031,84.03363823890686,3.4999999701976776,3.6413057148456573
346,61.484899997711182,61.421829670667648,-149.44930002093315,-149.22876879572868,44.900000095367432,53.382933139801025,3.7999999970197678,4.0395557731389999
1650,61.602800011634827,61.684484422206879,-150.72920000553131,-150.4444782435894,66.899999976158142,98.138239234685898,3.4999999701976776,3.6917265951633453
2184,60.230700016021729,60.024833083152771,-152.81040000915527,-151.99210453033447,120.80000014975667,38.695454597473145,3.199999988079071,3.1372614204883575
385,61.482100009918213,61.471979230642319,-151.22049996256828,-150.91636070609093,14.399997889995575,83.215519785881042,3.7999999970197678,4.2168364226818085
1210,61.446099996566772,61.436963737010956,-150.0840000025928,-150.03946508746594,26.500001549720764,83.820179104804993,3.6999999582767487,4.1355327442288399
1248,61.466199994087219,61.466431617736816,-149.93970000185072,-149.89416311681271,39.099998772144318,66.581267863512039,3.0999999940395355,3.7571542114019394
243,59.452800035476685,60.669421702623367,-152.79570007324219,-151.86284422874451,86.399998515844345,117.56926588714123,3.0999999940395355,3.5277199745178223
1428,61.480399996042252,61.639427900314331,-149.95469999872148,-149.8444110006094,42.300000786781311,47.294884920120239,3.0999999940395355,3.6468814015388489
936,59.718299984931946,59.441716432571411,-152.29390007257462,-151.61661350727081,66.700000315904617,128.83991398848593,3.3999999761581421,3.9335523694753647
1756,61.572200000286102,61.604715764522552,-149.96249999944121,-149.92451751977205,44.200003147125244,68.457737565040588,3.199999988079071,3.6030911207199097
312,60.741100013256073,60.572707086801529,-150.59690000116825,-150.43351516127586,54.899998009204865,64.439542591571808,3.0999999940395355,3.5273992717266083
2153,59.756999969482422,59.566426753997803,-152.75859993696213,-151.77001368999481,83.500001579523087,51.953569054603577,3.199999988079071,3.114540696144104
968,60.613999992609024,60.586023718118668,-150.36840000003576,-150.18005634471774,35.40000319480896,83.325974643230438,3,3.1265179216861725
660,62.279600024223328,62.356141805648804,-149.85040000453591,-149.81632201373577,52.199997007846832,83.602532744407654,3.3999999761581421,3.9594144970178604
1772,59.578500032424927,59.36110508441925,-152.65459996461868,-150.93148899078369,78.000001609325409,106.15289025008678,5.5000000298023224,4.9340182542800903
370,61.64139997959137,61.893824636936188,-151.86339998245239,-151.54786545038223,107.79999941587448,106.46134801208973,3.3999999761581421,3.8577675372362137
566,61.746299982070923,61.881915092468262,-149.83450000360608,-149.58302137255669,52.599996328353882,84.279216825962067,3.0999999940395355,3.6529372930526733
1512,61.683499991893768,61.746172428131104,-150.75490003824234,-150.45694443583488,72.00000062584877,92.538591474294662,3,3.6076562404632568
824,61.488599985837936,61.508423209190369,-149.90469999611378,-149.74494208395481,47.600001096725464,61.672687530517578,3.3999999761581421,4.0950921624898911
982,60.076200008392334,59.884536027908325,-152.63089996576309,-151.73383247852325,92.099998146295547,57.054914534091949,3.2999999821186066,4.0378017425537109
1125,61.41100001335144,61.431780725717545,-149.96980000007898,-149.70401168614626,45.999996364116669,82.526884973049164,3.3999999761581421,3.9157454073429108
813,62.300899982452393,62.30225932598114,-150.45409999787807,-150.25705466419458,14.70000296831131,79.906363040208817,3.0999999940395355,3.5359373688697815
778,61.534799993038177,61.569717526435852,-149.90190000459552,-149.897086892277,38.300000131130219,63.071992248296738,3.8999999910593033,3.9904648661613464
1052,61.552500009536743,61.637609720230103,-149.70939999818802,-149.65885343402624,38.300000131130219,69.376152008771896,3.0999999940395355,3.3562667369842529
1393,61.404100000858307,61.455080449581146,-150.07270000129938,-149.96076364349574,39.599999785423279,62.686994671821594,3.199999988079071,3.7618372142314911
1013,59.261899948120117,59.199224233627319,-152.04889994859695,-151.24384921789169,56.000001728534698,44.129788875579834,3,3.6263787746429443
1309,61.472499996423721,61.565172910690308,-149.94109999760985,-149.91756877675653,35.599999129772186,76.644852757453918,3.0999999940395355,3.7578833252191544
1626,62.961699962615967,62.957315444946289,-150.85550004243851,-150.34368089586496,108.79999957978725,29.171839356422424,3.0999999940395355,3.4552590250968933
126,60.916400000452995,60.586912900209427,-152.72140002250671,-151.51108771562576,153.10000069439411,46.991586685180664,3.9999999850988388,4.4473462756723166
887,61.507099986076355,61.591397881507874,-149.85640000551939,-149.80458860099316,45.800000429153442,67.993529140949249,3.199999988079071,3.7036846876144409
1007,60.71450001001358,60.659655511379242,-149.60569998621941,-149.83472701907158,33.399999141693115,105.81614449620247,3.199999988079071,3.518048107624054
355,61.65310001373291,61.751130819320679,-150.54700000584126,-150.2840259745717,4.9000009894371033,68.054761737585068,3.2999999821186066,3.5711708664894104
1785,60.275799989700317,59.964298725128174,-152.57679998874664,-151.58252495527267,109.30000059306622,46.803668141365051,3.2999999821186066,3.7183025479316711
682,60.368300020694733,60.088506519794464,-151.60140001773834,-151.11756178736687,60.300000011920929,69.969598203897476,3.4999999701976776,3.430515468120575
1826,61.76419997215271,61.923771440982819,-150.70239999890327,-150.46392367780209,63.400000333786011,56.366994976997375,3.199999988079071,3.6192998886108398
1501,61.431499987840652,61.201651126146317,-150.00629999977536,-148.57329118251801,41.100002825260162,70.294409990310669,3.9999999850988388,4.5308164805173874
984,62.000900030136108,62.12749457359314,-150.41149999201298,-150.22789614647627,59.799998998641968,74.04119148850441,3.0999999940395355,3.6558353304862976
1717,60.150799989700317,59.885983467102051,-152.44400006532669,-151.48323610424995,93.299999833106995,64.942535012960434,3.6999999582767487,3.9248955398797989
140,59.979200005531311,59.754221200942993,-152.16140002012253,-151.33598157763481,87.600000202655792,103.79018634557724,3.3999999761581421,3.7444950342178345
1712,62.196200013160706,62.393824100494385,-151.03910002112389,-150.52937503159046,67.200001329183578,76.39274001121521,3.199999988079071,3.5754290521144867
2056,62.345000028610229,62.367319345474243,-148.92329996824265,-149.09427577257156,46.800002455711365,83.844371140003204,3.6999999582767487,3.9311333745718002
1740,60.576200008392334,60.277755200862885,-151.77689999341965,-150.96815031766891,76.200000941753387,18.223956227302551,3.3999999761581421,3.6523958444595337
1872,60.802799999713898,60.876632690429688,-147.14259999990463,-147.55125886201859,17.899997532367706,85.395943373441696,3.5999999642372131,4.0403630286455154
1302,61.341699987649918,61.414637893438339,-149.99569999985397,-149.75802949815989,44.500000774860382,108.88624005019665,4.5,5.0632942020893097
1112,59.451599955558777,59.855789184570312,-147.02669996023178,-147.66282516717911,12.900002300739288,64.942792057991028,3.2999999821186066,3.6436060667037964
1703,62.778800010681152,62.88830578327179,-150.66759999096394,-150.22473080456257,94.39999982714653,46.991199254989624,3,3.5190846920013428
711,62.27839994430542,62.445799350738525,-150.96930000185966,-150.52326214313507,72.500001639127731,67.852601408958435,3.2999999821186066,4.0680211186408997
1701,61.150999993085861,61.201614186167717,-148.42399996519089,-148.60615682601929,20.300000905990601,76.127909123897552,3.199999988079071,3.5916128754615784
2000,62.817700028419495,62.908825516700745,-150.98079997301102,-150.54962226748466,95.599999651312828,40.538467466831207,3,3.4626281261444092
10,60.609200000762939,60.452221155166626,-151.83569991588593,-151.33413979411125,75.899999588727951,47.041170299053192,3.5999999642372131,3.9456773400306702
1333,61.456699997186661,61.401197969913483,-149.9579999987036,-149.96495198551565,47.200001776218414,49.549676477909088,3,3.7776868790388107
2172,61.633400022983551,61.666684329509735,-151.59399998188019,-151.52010476589203,93.400001525878906,78.395232558250427,3.3999999761581421,3.6797080636024475
754,61.984000027179718,62.164438962936401,-151.88530004024506,-151.28015273809433,97.899999469518661,81.546302884817123,3.9999999850988388,3.9762008339166641
626,62.721500039100647,62.727565407752991,-149.02349996566772,-149.12142840027809,60.999996960163116,36.351695656776428,3.199999988079071,3.5450184345245361
1323,61.504299998283386,61.661589205265045,-149.96279999893159,-149.62268762290478,37.600003182888031,42.829163372516632,3.8999999910593033,3.9639428704977036
129,61.629499971866608,61.982669413089752,-151.97399997711182,-151.2904260456562,92.799998819828033,93.477901071310043,3,3.1455249488353729
843,62.315299987792969,61.804099857807159,-149.09139999747276,-150.03814776241779,50.399996340274811,73.858499526977539,3.2999999821186066,3.3007235527038574
323,62.347900032997131,62.429428339004517,-149.11889997124672,-149.17093768715858,0.10000169277191162,79.744186252355576,3,3.1570536196231842
1738,61.902899980545044,62.0284024477005,-150.79179999232292,-150.5284132361412,57.199999690055847,64.758103340864182,3.199999988079071,3.8452994227409363
14,59.578500032424927,59.264845252037048,-152.43580001592636,-151.29619807004929,73.100000619888306,66.576410084962845,3.5999999642372131,3.9587398320436478
2093,61.281399995088577,61.218329295516014,-147.2140000462532,-147.74147880077362,18.799997866153717,51.056906580924988,3.0999999940395355,3.4223599433898926
215,60.096599996089935,60.105858147144318,-152.82799994945526,-152.1745194196701,108.79999957978725,55.3244948387146,3.0999999940395355,3.7076057195663452
1270,61.460999995470047,61.498119175434113,-149.95199999772012,-149.96881633065641,41.599996387958527,63.541416078805923,3.4999999701976776,4.0860819965600967
2066,62.417999982833862,62.594907760620117,-150.983000010252,-150.60337302088737,68.700000643730164,63.914161175489426,3.199999988079071,3.3818193376064301
1259,61.478500008583069,61.515586197376251,-149.92569999955595,-149.94074617512524,44.79999840259552,69.475982338190079,3.4999999701976776,4.0803313404321671
864,60.96339999884367,60.864814251661301,-150.80849996209145,-150.85410493612289,47.600001096725464,26.158183813095093,3.0999999940395355,3.5671863555908203
516,61.323399990797043,61.477394878864288,-147.02600008249283,-147.64081281423569,15.199996531009674,40.749773383140564,3.199999988079071,3.6252366006374359
597,62.128700017929077,62.189800024032593,-149.67410000413656,-149.52448591589928,37.10000216960907,89.070927351713181,3.3999999761581421,3.9176543802022934
195,60.092999994754791,60.094820916652679,-152.85610002279282,-152.19146740436554,108.50000008940697,40.482863783836365,3,3.292489618062973
288,61.506399989128113,61.605984389781952,-149.84560000151396,-149.77332805842161,42.800001800060272,66.761523485183716,3.0999999940395355,3.6430822312831879
950,61.486000001430511,61.470522522926331,-150.61519999802113,-150.58135525882244,57.40000307559967,112.93512489646673,3.4999999701976776,3.9831744432449341
1402,61.402200013399124,61.329340606927872,-150.01900000032037,-149.27225357294083,38.099996745586395,54.468207061290741,3,3.3418784737586975
1637,59.470100045204163,59.315698146820068,-151.32240003347397,-151.09741285443306,45.400001108646393,102.4559922516346,3.8999999910593033,3.8807837963104248
1120,61.375900000333786,61.48092457652092,-150.0246000001207,-149.99678890546784,42.999997735023499,82.531463354825974,3.7999999970197678,3.9225276857614517
549,61.981800019741058,62.246466875076294,-152.16720002889633,-151.78694576025009,126.20000005699694,99.756013602018356,3.3999999761581421,4.0568781942129135
156,61.881399989128113,61.838310718536377,-149.22819998860359,-149.02406108379364,3.2000020146369934,88.684346526861191,3.2999999821186066,3.4499931335449219
419,61.666299998760223,61.669843852519989,-149.91039999760687,-149.85279547423124,19.199997186660767,82.671090960502625,3.4999999701976776,3.7655974924564362
922,60.440599977970123,60.068491697311401,-152.02590000629425,-151.21297377347946,81.599999219179153,28.596058487892151,3.2999999821186066,3.4903929233551025
477,60.397499978542328,60.078171372413635,-149.01170003414154,-149.34034033119678,30.100002884864807,72.21604511141777,4.2999999895691872,4.3269152976572514
2071,61.521700024604797,61.588719367980957,-149.84650000557303,-149.82662176340818,55.699996650218964,70.164613425731659,3.8999999910593033,3.868034228682518
553,61.926800012588501,62.220221757888794,-152.09969991445541,-151.80198204517365,121.19999993592501,89.521888643503189,3,3.6151775121688843
390,60.921899996697903,60.808824986219406,-150.8774000108242,-150.60632541775703,15.000000596046448,78.358437865972519,3.3999999761581421,3.4407801926136017
578,60.314499974250793,60.023524761199951,-151.77149999141693,-151.35751023888588,61.300002038478851,70.768613368272781,3.3999999761581421,3.6606332659721375
2033,62.853000044822693,62.89915931224823,-148.9685999751091,-149.10536018013954,63.499998301267624,39.698317646980286,4.2999999895691872,3.9999188482761383
1364,61.460200011730194,61.432265400886536,-150.00020000000222,-149.91260631009936,45.699998736381531,71.825802326202393,3.2999999821186066,3.6378148198127747
2016,59.232300043106079,59.095255494117737,-152.59299999475479,-151.07652828097343,71.600001305341721,58.395974338054657,3.199999988079071,3.1236483156681061
820,59.727300047874451,59.497999310493469,-152.42620003223419,-151.58388555049896,87.999999523162842,107.26587846875191,3.199999988079071,3.8693086802959442
2113,60.44379997253418,60.112587094306946,-152.18830007314682,-151.51289051771164,86.800001561641693,26.605561375617981,3.199999988079071,3.4070207476615906
1006,61.454699993133545,61.484491258859634,-149.93540000170469,-150.07614143751562,41.4000004529953,80.670200288295746,3.199999988079071,3.7665647864341736
1247,61.319799989461899,61.378878712654114,-150.04949999973178,-150.07675620540977,34.900002181529999,98.076948896050453,3.3999999761581421,3.7821210622787476
664,60.142400026321411,59.948301911354065,-152.9821999669075,-152.51894867420197,119.7999999858439,42.01120138168335,3.0999999940395355,3.4824454486370087
1789,60.100499987602234,60.069598972797394,-152.79919999837875,-151.94281733036041,108.59999991953373,54.027236998081207,3.3999999761581421,3.7116676568984985
142,60.329200029373169,60.047773063182831,-152.6431000828743,-152.04495745897293,105.90000078082085,40.98239541053772,3,3.4347107112407684
1804,60.929099999368191,61.051745768636465,-147.00950002670288,-147.43211209774017,8.1999972462654114,44.360995292663574,3,3.4059194326400757
1403,61.406100004911423,61.420650959014893,-150.10809999704361,-150.02548681106418,39.999999105930328,61.798371374607086,3.5999999642372131,3.8164157867431641
421,61.379700005054474,61.412033289670944,-149.8146000020206,-149.73897307366133,31.099997460842133,76.469358056783676,3,3.3978367745876312
799,61.420199990272522,61.45220884680748,-149.93289999850094,-150.02605910506099,38.900002837181091,71.397837251424789,3,3.5105803906917572
615,59.35860002040863,59.170538663864136,-152.39330005645752,-151.69782543182373,71.100000292062759,100.87915509939194,3.7999999970197678,3.8151478171348572
295,59.740599989891052,59.477252960205078,-152.15779995918274,-151.59263026714325,62.800001353025436,115.92512670904398,3.3999999761581421,3.9876367002725601
401,61.697399973869324,61.945943236351013,-150.94200003147125,-150.70513124763966,65.600000321865082,47.208987176418304,3.4999999701976776,4.0753341168165207
88,62.156599998474121,62.194751977920532,-150.69770000874996,-150.47955586016178,10.999999940395355,64.451806247234344,3.4999999701976776,3.9709065109491348
1578,60.375,60.264645278453827,-150.28369999676943,-150.27790258079767,43.200001120567322,86.99779212474823,3,3.5035437941551208
2171,59.643900036811829,59.481377601623535,-151.87339997291565,-151.24487587809563,57.300001382827759,80.132193863391876,3,3.1339176893234253
131,62.434200048446655,62.563060522079468,-151.11759996414185,-150.75106251239777,13.199999928474426,59.629827737808228,3,3.5308390259742737
1699,60.276099979877472,60.110257506370544,-150.96889999508858,-150.46183754503727,62.800001353025436,62.580659985542297,3.7999999970197678,4.0033576637506485
1271,61.45770001411438,61.574853122234344,-150.05390000157058,-149.9740102244541,21.700002253055573,80.813340842723846,3.199999988079071,3.4259775280952454
1596,60.017099976539612,59.933976411819458,-152.86419993638992,-151.90053337812424,103.9000004529953,60.243301093578339,3.4999999701976776,3.805978998541832
1783,59.936900019645691,59.890970230102539,-152.81309992074966,-152.09783828258514,104.00000028312206,54.674416780471802,3.199999988079071,3.6860837638378143
724,60.174499988555908,60.001110017299652,-151.20129999518394,-151.22118669748306,56.199997663497925,104.58066128194332,3.8999999910593033,3.9264185428619385
1473,61.406199991703033,61.351385533809662,-150.06250000186265,-149.6582345366478,32.200001180171967,70.831842720508575,3.2999999821186066,3.6523776948451996
269,62.885900020599365,62.793946504592896,-150.54289998114109,-150.17835404723883,90.900000184774399,55.90742826461792,3.6999999582767487,4.0969154387712479
1616,59.701200008392334,59.621848106384277,-152.94370007514954,-151.74692434072495,91.40000119805336,68.957585841417313,3,3.634626030921936
917,61.801199972629547,61.990103662014008,-150.30999999493361,-150.29622258245945,48.900000751018524,71.461621671915054,3.2999999821186066,3.595156341791153
1748,60.321600019931793,59.83074164390564,-151.93249994516373,-151.45912411808968,193.9999982714653,45.303389430046082,3.0999999940395355,3.5376724004745483
1565,62.32260000705719,62.549155235290527,-151.19420000910759,-150.65685144066811,84.100000560283661,57.719871401786804,3.4999999701976776,3.9451327174901962
1221,61.468699991703033,61.461115598678589,-149.91230000182986,-149.85602032765746,35.80000251531601,74.781343340873718,3.6999999582767487,4.0906554758548737
375,61.368999987840652,61.392045795917511,-150.1744000017643,-150.0357227884233,46.999998390674591,101.06282494962215,3.3999999761581421,3.7289454638957977
333,62.337000012397766,62.39839768409729,-148.92090001702309,-149.13151699304581,4.9000009894371033,66.515021026134491,3,3.4654204845428467
1374,61.379900008440018,61.363767445087433,-149.99790000007488,-150.05045372061431,40.200002491474152,72.713650763034821,3.0999999940395355,3.2525255084037781
2072,61.619199991226196,61.692861080169678,-150.87979996204376,-150.77786806225777,63.999999314546585,75.341574847698212,3.6999999582767487,4.1640494763851166
1118,61.337300002574921,61.42048043012619,-149.97750000050291,-149.91814265213907,41.599996387958527,80.762140452861786,3,3.1633807718753815
910,62.952399969100952,62.862738132476807,-148.1042999625206,-148.67181533575058,58.20000171661377,36.514729261398315,3.0999999940395355,3.8352959007024765
776,61.516600012779236,61.58674156665802,-149.91750000044703,-149.76187531650066,43.700002133846283,60.652554035186768,4.3999999947845936,4.7237125262618065
1335,61.358599990606308,61.45027568936348,-149.98260000022128,-149.90297835320234,37.699997425079346,66.842623054981232,3.4999999701976776,4.0330119878053665
328,60.307399988174438,60.252750813961029,-152.95490008592606,-152.38059818744659,138.60000018030405,51.057018339633942,3.3999999761581421,3.724893182516098
1820,60.02240002155304,59.850987434387207,-152.74130004644394,-151.4186584353447,92.799998819828033,95.433568581938744,3.9999999850988388,4.277037039399147
12,60.057299971580505,59.943241596221924,-152.94470000267029,-152.17846584320068,113.4000001475215,43.610900640487671,3,3.7404564321041107
897,59.417600035667419,59.185433268547058,-152.87779998779297,-151.28780964016914,76.499998569488525,57.575136423110962,3.0999999940395355,3.6303802728652954
171,60.619899988174438,60.37320476770401,-151.19569998979568,-150.7147781252861,50.700001418590546,40.945202112197876,3,3.2746470272541046
260,60.431999981403351,59.979369282722473,-151.89929991960526,-151.26004055142403,73.899999260902405,51.324084401130676,3.0999999940395355,3.446511447429657
1435,61.375099986791611,61.583809494972229,-149.98959999997169,-149.92975130304694,39.599999785423279,35.916715860366821,3,3.5459989607334137
1680,59.513499975204468,59.305902123451233,-152.71979999542236,-151.51492738723755,78.600000590085983,44.787339866161346,3,3.5580602288246155
901,60.743099987506866,60.715363055467606,-147.15349996089935,-147.62526547908783,16.999997198581696,103.0342411249876,3.199999988079071,3.642850399017334
258,61.201299995183945,61.211617037653923,-147.40379995107651,-147.87160098552704,8.1999972462654114,83.399262279272079,3.199999988079071,3.385436475276947
844,59.956799983978271,60.066781282424927,-152.89840006828308,-152.51931166648865,107.59999975562096,75.093500316143036,3.8999999910593033,4.0628158897161484
138,59.89110004901886,59.755576252937317,-152.9297000169754,-151.69556683301926,91.899998486042023,60.079224407672882,3.3999999761581421,3.9964288473129272
319,61.588900029659271,61.565628528594971,-148.94830003380775,-148.83653122186661,26.799999177455902,85.766542702913284,3.4999999701976776,3.8207659274339676
1856,62.92929995059967,62.946274161338806,-151.33209997415543,-150.61382903158665,110.7999999076128,40.319539606571198,3.199999988079071,3.6811897158622742
1460,61.53659999370575,61.702177762985229,-149.91079999879003,-149.70367140322924,51.399998366832733,55.694632232189178,3,3.4632489681243896
1394,61.375299990177155,61.518922448158264,-150.0702999997884,-150.11330619826913,41.599996387958527,51.122896373271942,3.2999999821186066,4.1276148185133934
558,59.476899981498718,59.332145929336548,-152.43059992790222,-151.86765843629837,88.100001215934753,59.294641017913818,3.199999988079071,3.5215362310409546
139,62.854400038719177,62.896795988082886,-150.50800001621246,-150.07648391090333,101.60000063478947,46.798974275588989,3.8999999910593033,4.3029217422008514
112,61.389299988746643,61.413303583860397,-150.09530000388622,-149.83353828638792,19.199997186660767,86.717046797275543,3,3.1632569432258606
531,59.990900039672852,59.907094717025757,-152.46320003271103,-151.61992049217224,100.09999945759773,94.655681401491165,3.6999999582767487,4.1645401194691658
224,59.334499955177307,59.67242431640625,-152.95809996128082,-152.42325747013092,80.60000091791153,82.975644618272781,4.0999999791383743,3.9747283458709717
723,59.548799991607666,59.534063577651978,-152.96660006046295,-152.00838339328766,94.900000840425491,61.389662325382233,3.6999999582767487,3.8987175822257996
2045,61.717499971389771,61.928288042545319,-152.08520007133484,-151.55705219507217,117.10000038146973,75.728349387645721,3.3999999761581421,3.6952394843101501
1744,61.349599987268448,61.265123695135117,-151.68530005216599,-151.59291958808899,77.599998563528061,75.249820947647095,3,3.8038860261440277
325,59.545300006866455,59.399614930152893,-152.08560007810593,-151.62173187732697,56.10000342130661,108.43195766210556,3.6999999582767487,3.8894681185483932
1949,62.49619996547699,62.219424962997437,-148.33959996700287,-148.51982778310776,16.800001263618469,78.32038402557373,3.0999999940395355,3.3123844563961029
1285,61.392199993133545,61.464989602565765,-150.09090000204742,-150.02454528585076,20.000003278255463,72.88292795419693,3.199999988079071,3.1447193026542664
714,61.319999992847443,61.295418232679367,-150.03359999880195,-149.7647008895874,39.999999105930328,82.255713641643524,3.4999999701976776,3.6651178300380707
846,59.947199940681458,59.878445863723755,-148.4410999417305,-149.70030350983143,8.1000030040740967,102.30852663516998,3.0999999940395355,3.0875489115715027
193,62.156700015068054,62.393241405487061,-152.59359991550446,-151.92617172002792,1.0000020265579224,65.93618169426918,3.8999999910593033,4.0139009803533554
573,61.927500009536743,62.168012380599976,-152.09650003910065,-151.73636412620544,110.39999965578318,84.01867002248764,3,3.8042269349098206
946,61.410800009965897,61.448518663644791,-150.4387000054121,-150.45948033034801,61.999998986721039,94.479894265532494,4.0999999791383743,4.3091804310679436
503,60.924800001084805,60.952354624867439,-152.8154000043869,-152.64965987205505,131.30000000819564,42.285554111003876,3.0999999940395355,3.6726179122924805
1389,61.420800000429153,61.438925445079803,-149.91509999893606,-149.96226650476456,46.400003135204315,67.637428641319275,3,3.1873746514320374
1379,61.480399996042252,61.535828053951263,-149.91349999979138,-149.75701557844877,30.000001192092896,79.390693455934525,3.4999999701976776,4.0106200128793716
645,60.048200011253357,60.051597535610199,-152.97130000591278,-152.44715756177902,111.70000024139881,79.099029302597046,3,3.551081120967865
3,60.204999983310699,59.853579759597778,-151.73360002040863,-151.17209324240685,63.999999314546585,81.866703927516937,3.9999999850988388,4.0963612496852875
1361,61.371800005435944,61.415744870901108,-150.04319999925792,-150.04729518480599,34.400001168251038,66.363114863634109,3,3.4238691329956055
467,61.704599976539612,61.826050460338593,-151.00119996070862,-150.8990486562252,53.900003433227539,91.069471091032028,3.5999999642372131,4.0574295222759247
5,60.657400012016296,60.612340867519379,-151.20469996333122,-151.00263753533363,63.700001686811447,50.788141787052155,3.3999999761581421,3.6279945373535156
1901,60.425000011920929,59.274534344673157,-152.15199995040894,-150.91067120432854,78.499998897314072,58.836847543716431,3.8999999910593033,4.5605870895087719
547,62.514899969100952,62.654348850250244,-151.54820001125336,-150.81063643097878,97.100000828504562,90.074874460697174,4.0999999791383743,4.4397088140249252
228,60.171500027179718,59.875204801559448,-152.00300002098083,-151.55328154563904,68.399999290704727,110.58613937348127,3.4999999701976776,3.9814373552799225
1063,61.466399997472763,61.537314534187317,-149.63819999992847,-149.50500735640526,46.899996697902679,62.429860234260559,3.5999999642372131,4.0585051774978638
542,60.901799999177456,61.005737348459661,-147.63230001926422,-147.91492009162903,28.700001537799835,66.382534801959991,3,3.6107081472873688
242,59.640499949455261,59.318726062774658,-152.79290002584457,-151.91291731595993,99.99999962747097,44.483944773674011,3.2999999821186066,3.6071505546569824
898,60.005999982357025,59.784936428070068,-152.84999996423721,-151.6898775100708,112.30000015348196,61.062626540660858,3.9999999850988388,4.0521726161241531
1343,61.302899986505508,61.357607215642929,-149.93749999813735,-149.89022544398904,45.000001788139343,100.14530830085278,3.8999999910593033,4.3609501607716084
1160,61.442999988794327,61.455363243818283,-149.85389999672771,-149.89678953588009,43.600000441074371,70.655841380357742,3.4999999701976776,3.8996816575527191
2082,61.010800000280142,60.907802350819111,-151.38299998641014,-151.09922227263451,82.299999892711639,18.904782831668854,3.3999999761581421,3.8849373757839203
1290,61.359699994325638,61.386554628610611,-150.0846999976784,-150.11762761697173,27.500003576278687,81.195231527090073,3.0999999940395355,3.5089030265808105
842,60.789599999785423,60.572513908147812,-151.44800001382828,-150.93606644868851,69.40000131726265,24.200618267059326,3.8999999910593033,4.2785595953464508
1690,60.004599988460541,59.954156637191772,-152.95139998197556,-152.03043580055237,112.30000015348196,56.486546993255615,3.0999999940395355,3.8388431221246719
2054,61.32490000128746,61.385820299386978,-150.63289998471737,-150.51198568940163,53.599998354911804,87.483983486890793,3.6999999582767487,3.9480096995830536
276,61.441700011491776,61.379610329866409,-149.47649998962879,-149.241066634655,40.50000011920929,46.607054769992828,3.5999999642372131,3.7897266447544098
661,62.466899991035461,62.48610520362854,-148.24300003051758,-148.50829562544823,42.000003159046173,87.471973150968552,3.9999999850988388,4.0010712593793869
1430,61.38510000705719,61.436026990413666,-150.05230000242591,-149.90231601521373,38.999997079372406,70.329196751117706,3,3.2028552889823914
314,61.996900022029877,62.103789091110229,-150.73139999806881,-150.59930858016014,5.9999972581863403,55.10740727186203,3.0999999940395355,3.7852794080972672
691,62.069499969482422,62.100194811820984,-148.40840005874634,-148.54124110937119,0,116.47243425250053,3,3.5075901746749878
1790,61.722500026226044,61.676911592483521,-148.20260006189346,-148.27903586626053,8.6999982595443726,51.741287112236023,3,3.31622314453125
424,59.658599972724915,59.297502040863037,-152.67129993438721,-151.57652646303177,82.299999892711639,86.167886853218079,3.5999999642372131,4.01358363032341
594,59.778300046920776,59.743275165557861,-152.99620002508163,-152.36590880155563,100.09999945759773,68.543069064617157,3.2999999821186066,3.829953521490097
2185,60.633799999952316,60.477128446102142,-150.2381000071764,-150.10347486287355,42.499996721744537,90.731445699930191,3.4999999701976776,3.3472854495048523
622,62.676300048828125,62.584631204605103,-149.69770000129938,-149.66760523617268,12.299999594688416,58.436356484889984,3.3999999761581421,3.6356472373008728
1387,61.465799987316132,61.504448473453522,-149.90100000053644,-149.94120420701802,31.860001385211945,72.847284376621246,3.0999999940395355,3.2122445404529572
1991,62.775500059127808,62.816630482673645,-149.27470001578331,-149.43610413372517,66.700000315904617,44.588878750801086,4.0999999791383743,4.2203236520290375
227,59.024500012397766,59.164663910865784,-152.54350000619888,-151.699855864048,63.099998980760574,73.383443057537079,3.199999988079071,3.3128871917724609
1980,59.505499958992004,59.233279228210449,-152.5922999382019,-151.26587605476379,73.100000619888306,48.358507454395294,3.0999999940395355,3.5049237906932831
1169,61.46560001373291,61.465372711420059,-149.62839999049902,-149.65009698271751,44.39999908208847,57.484880089759827,3.5999999642372131,3.9974538534879684
1668,62.898300051689148,62.937527298927307,-149.92129999771714,-149.77078150212765,79.599998891353607,35.599306225776672,4.3999999947845936,4.2428282797336578
1304,61.413199990987778,61.841532588005066,-149.61349998414516,-149.61105957627296,180.39999902248383,104.5631505548954,3.3999999761581421,3.6241879463195801
66,61.745899975299835,61.979077041149139,-150.91909995675087,-150.74954818189144,63.000001013278961,63.270933926105499,3,3.554369330406189
24,59.103399991989136,59.148100614547729,-152.42370003461838,-151.50521403551102,49.400001764297485,68.122081458568573,3.199999988079071,3.5995983481407166
1235,61.345800012350082,61.367944061756134,-149.99869999999646,-149.58092486858368,40.299996733665466,89.28452804684639,4.8000000044703484,5.1808737516403198
144,60.406300008296967,59.969442367553711,-152.14220005273819,-151.34236425161362,82.899998873472214,45.978620648384094,3,3.5412359833717346
536,60.952899999916553,60.930197946727276,-151.38299998641014,-151.03606510162354,53.000003099441528,19.726365804672241,3.0999999940395355,3.5253603458404541
811,60.31879997253418,59.988937735557556,-151.76569998264313,-151.37727892398834,68.700000643730164,76.802194118499756,3.3999999761581421,3.796692967414856
1355,61.364399999380112,61.445069909095764,-150.05859999731183,-149.99871647366672,32.700002193450928,63.375364989042282,3.0999999940395355,3.6039753556251526
85,62.088000059127808,62.259089708328247,-151.40529996156693,-151.06781736016273,81.90000057220459,79.229783266782761,3.0999999940395355,3.7212883830070496
1580,62.58840000629425,62.621688842773438,-149.62550000846386,-149.5946137458086,63.499998301267624,58.870300650596619,3.2999999821186066,3.8279552757740021
2081,62.889400005340576,62.900446534156799,-149.05799996852875,-149.11783817410469,73.69999960064888,38.802348077297211,4.0999999791383743,3.9310164749622345
1272,61.361799985170364,61.425642967224121,-150.14410000294447,-150.01423442177474,9.9999979138374329,67.53956526517868,3.199999988079071,3.5689628720283508
484,61.592999994754791,61.675031840801239,-149.65129999816418,-149.52623051404953,38.599997758865356,75.895607471466064,3.4999999701976776,3.841903880238533
1889,62.137699961662292,62.173443675041199,-150.39920000731945,-150.00231179542607,9.9000036716461182,60.489282011985779,3,3.3272957503795624
2108,62.218299984931946,62.335813522338867,-149.95139999873936,-149.92848046682775,54.300002753734589,78.32658663392067,3.0999999940395355,3.3124213814735413
2120,60.491999983787537,60.399324357509613,-148.85690000653267,-149.14130222797394,38.900002837181091,70.913437753915787,3.3999999761581421,3.6929157972335815
1356,61.489399999380112,61.394155323505402,-149.94800000265241,-149.81411641091108,37.500001490116119,92.027079313993454,3.0999999940395355,3.1528415679931641
362,59.922700047492981,59.680646657943726,-148.87810000777245,-149.12733900547028,10.099999606609344,59.943519532680511,3.5999999642372131,3.7780198305845261
1914,59.817000031471252,59.716596126556396,-152.90189999341965,-151.88373506069183,106.39999993145466,58.387398719787598,3.9999999850988388,4.0587247163057327
1366,61.485500007867813,61.43623885512352,-149.94290000014007,-149.97007124964148,39.800003170967102,57.389482855796814,3.3999999761581421,3.60767662525177
1026,61.432200014591217,61.425853312015533,-149.88800000399351,-149.70619773119688,33.299997448921204,79.677477478981018,3.0999999940395355,3.6519420146942139
1030,60.522100001573563,60.752573728561401,-150.1896999925375,-150.30870173871517,41.900001466274261,33.957049250602722,3.199999988079071,3.6781988739967346
2182,61.874000012874603,62.054052233695984,-150.82100003957748,-150.54667608439922,74.09999892115593,58.516986668109894,3.2999999821186066,3.5351347625255585
1609,60.208199977874756,60.009787082672119,-151.01170000433922,-150.59262630343437,60.000002384185791,70.273272693157196,3.0999999940395355,3.6341639757156372
1467,61.411100000143051,61.180869311094284,-150.09160000272095,-148.35822862386703,31.199999153614044,51.732510328292847,3.199999988079071,3.2202064990997314
665,62.481799960136414,62.555524706840515,-148.23880004882812,-148.4412202835083,20.499996840953827,62.299296259880066,3,3.5809702277183533
364,61.733799993991852,61.881344020366669,-151.70200002193451,-151.3995857834816,90.599998831748962,115.77342264354229,3.3999999761581421,3.8749662190675735
1239,61.399300009012222,61.450307458639145,-150.06469999998808,-149.97612913325429,36.100000143051147,84.245771169662476,3.9999999850988388,4.5761523060500622
77,60.074599981307983,59.967217683792114,-152.93510001897812,-152.02297854423523,112.59999964386225,45.676201581954956,3,3.6007989048957825
27,61.504899978637695,61.555705308914185,-150.00310000008903,-149.9962791519938,35.099998116493225,77.399846166372299,3.5999999642372131,3.8566497713327408
1711,62.757300019264221,62.748469591140747,-148.31660002470016,-148.52123263478279,56.50000274181366,72.610463947057724,3.7999999970197678,4.0934814065694809
525,60.779699996113777,60.640894442796707,-152.03450006246567,-151.63893592357635,88.399998843669891,59.709876775741577,4.8000000044703484,5.1983627825975418
725,62.14520001411438,62.23198676109314,-150.38140001893044,-150.38765041530132,60.199998319149017,64.084134995937347,3.0999999940395355,3.0467796921730042
55,60.326300024986267,60.11480700969696,-152.18099999427795,-151.46784961223602,104.10000011324883,22.412925958633423,3,3.7191419005393982
638,62.232800006866455,62.331333756446838,-150.50270001590252,-150.27235925942659,6.4999982714653015,88.434714823961258,3.9999999850988388,4.1866400018334389
302,60.701900005340576,60.546707659959793,-152.08410000801086,-151.59948652982712,88.799998164176941,36.972954869270325,3.4999999701976776,3.8212796151638031
718,61.319000005722046,61.358144879341125,-149.93340000137687,-149.49673743546009,45.999996364116669,101.69239901006222,5.3000000417232513,5.3105331659317017
1441,61.432900011539459,61.524085998535156,-149.920399999246,-149.82454103976488,41.79999977350235,51.012597978115082,3.199999988079071,3.9684880971908569
624,62.866999983787537,62.894411087036133,-149.81819999590516,-149.68393564224243,78.000001609325409,45.334935188293457,3.2999999821186066,3.8908717185258865
7,60.525499999523163,60.530143707990646,-147.18089997768402,-147.58552372455597,1.5999972820281982,45.044302940368652,3.2999999821186066,3.5364729166030884
1280,61.482699990272522,61.492652595043182,-150.05190000124276,-149.96308134589344,31.199999153614044,55.568575859069824,3.0999999940395355,3.2063493132591248
803,62.326799988746643,62.472135066986084,-150.51860001683235,-150.30149605125189,61.599999666213989,77.450532466173172,3.199999988079071,3.6312273144721985
1049,59.840399980545044,59.481004953384399,-152.96670001745224,-151.7003470659256,95.69999948143959,55.810205638408661,3.0999999940395355,3.6839489936828613
336,62.369199991226196,62.492782711982727,-150.13630000501871,-149.9926979241427,59.10000205039978,63.986688852310181,3.199999988079071,3.5062893033027649
47,61.652700006961823,61.884350597858429,-150.97940003871918,-150.59888626635075,62.399998307228088,91.816384345293045,3.0999999940395355,3.4760693907737732
1762,61.940599977970123,61.953343331813812,-149.24180004000664,-149.16361033916473,3.300003707408905,97.269939258694649,3.5999999642372131,4.0133154541254044
106,62.348000049591064,62.375107884407043,-149.15850001573563,-149.25652500987053,3.4999996423721313,46.516150236129761,4.0999999791383743,4.3814361803233624
349,59.02839994430542,59.136512160301208,-151.19259998202324,-150.83432883024216,41.699998080730438,55.206775665283203,4.7000000104308128,4.5359279327094555
1079,61.503000020980835,61.658008515834808,-149.88670000433922,-149.85308867320418,45.800000429153442,76.512910425662994,3.199999988079071,3.7367234230041504
238,61.26460000872612,61.293503105640411,-149.93400000035763,-149.81701960042119,39.899997413158417,109.846206381917,4.1999999955296516,4.5079269264824688
213,60.150799989700317,60.115541338920593,-152.89010006189346,-152.53534305095673,117.10000038146973,48.70229959487915,3,3.7991436570882797
1144,61.248199999332428,61.250546842813492,-149.89200000464916,-149.9407621063292,46.49999737739563,73.397014290094376,3.199999988079071,3.3770923018455505
2106,59.167999982833862,59.157434701919556,-152.73710006475449,-151.554174721241,72.700001299381256,77.129680663347244,3,3.0851383209228516
1691,61.419999986886978,61.490538746118546,-149.94890000112355,-149.94074541516602,30.100002884864807,62.532704323530197,3,3.3358487784862518
793,61.173500001430511,61.196889042854309,-149.32369999587536,-149.22105270624161,34.699998795986176,75.067836791276932,4.0999999791383743,4.3783843740820885
1096,61.365700006484985,61.376200586557388,-150.01610000012442,-149.96461990568787,39.200000464916229,72.653632611036301,3.0999999940395355,3.6196146011352539
2075,62.554800033569336,62.665340900421143,-151.44369998574257,-150.9171724319458,91.80000051856041,45.670546591281891,3.199999988079071,3.5604681372642517
1332,61.356400012969971,61.413798272609711,-150.09339999966323,-150.12072943523526,33.500000834465027,83.843659609556198,3.3999999761581421,3.8044908195734024
2107,60.071200013160706,59.985554337501526,-152.88239997625351,-151.93274295330048,120.99999981001019,71.056779474020004,3.9999999850988388,3.8555800169706345
1987,61.195899993181229,61.28497838973999,-147.72059994935989,-148.12152600288391,38.999997079372406,44.435888528823853,3.199999988079071,3.6884761154651642
523,61.241400003433228,61.404752969741821,-150.66940002143383,-150.47616975009441,41.199997067451477,108.87251980602741,3,3.2332600057125092
232,60.357100009918213,60.25058376789093,-150.69699999690056,-150.42502315342426,61.899997293949127,49.04589056968689,3.2999999821186066,3.4983712434768677
644,60.581699997186661,60.295715868473053,-151.78289991617203,-151.31136828660965,82.100000232458115,64.88925963640213,4.5,4.3504319339990616
2020,62.678599953651428,62.638928413391113,-149.80419999361038,-149.68850091844797,6.9999992847442627,71.993220597505569,3.199999988079071,3.43338543176651
533,62.545799970626831,62.650042772293091,-151.49759995937347,-150.89993476867676,90.700000524520874,84.174744784832001,3.3999999761581421,4.2064298763871193
1795,61.045400001108646,61.092819437384605,-148.37610000371933,-148.65547469258308,12.599997222423553,107.99085721373558,3.4999999701976776,3.6389052271842957
603,59.106299996376038,59.157999992370605,-152.27640008926392,-151.55489337444305,66.899999976158142,67.734520882368088,3.0999999940395355,3.2714369595050812
1429,61.465799987316132,61.44954252243042,-149.95910000056028,-149.9230808056891,39.499998092651367,57.091102004051208,3.6999999582767487,3.9060736298561096
1074,61.480800002813339,61.595720708370209,-149.91079999879003,-149.95684104971588,26.299998164176941,75.637433677911758,3.0999999940395355,3.592829167842865
1550,62.135599970817566,62.198380351066589,-149.70939999818802,-149.67650502920151,54.999999701976776,77.351156622171402,4.1999999955296516,4.3292929977178574
60,61.199000000953674,61.160338327288628,-149.6626999899745,-149.54241567850113,38.699999451637268,89.980073273181915,3.7999999970197678,4.0278801172971725
2100,60.403999984264374,59.995799899101257,-152.057000041008,-151.22462779283524,86.800001561641693,25.331132113933563,3,3.088411957025528
92,60.025499999523163,59.850972652435303,-152.67190003395081,-152.01311802864075,107.10000060498714,71.296054869890213,3.0999999940395355,3.5931823253631592
666,61.632000029087067,61.637159049510956,-149.52979999780655,-149.2706796079874,20.400002598762512,117.13704839348793,3.0999999940395355,3.2291379868984222
1318,61.50220000743866,61.616183459758759,-149.92469999939203,-149.86553146317601,37.500001490116119,46.878375113010406,3,3.4964677691459656
1925,62.954200029373169,62.946929693222046,-149.55220001935959,-149.41173402965069,80.099999904632568,47.673389315605164,3,3.5093511343002319
280,61.252499997615814,61.255771785974503,-149.32359999418259,-149.22961574792862,31.000003218650818,70.372961461544037,3.3999999761581421,3.7681371867656708
1322,61.355199992656708,61.360028982162476,-150.08220000006258,-150.08692009560764,20.000003278255463,100.39619728922844,3,3.1028331220149994
359,59.65719997882843,59.356185436248779,-152.45589995384216,-151.22534421086311,73.600001633167267,81.543665379285812,3.2999999821186066,3.8561519980430603
1338,61.459399998188019,61.567869067192078,-149.98730000015348,-149.83102061972022,32.600000500679016,63.57235461473465,3.4999999701976776,3.9419171512126923
1385,61.532700002193451,61.600456953048706,-149.9472000002861,-149.96803513448685,39.70000147819519,81.170618534088135,4.0999999791383743,4.1455057337880135
847,62.331200003623962,62.361132383346558,-148.74009999632835,-148.89741307497025,19.100002944469452,93.133527785539627,3.5999999642372131,3.9630382508039474
1206,59.905799984931946,61.199139505624771,-152.67030000686646,-150.4200589209795,137.40000035613775,68.775270134210587,3.3999999761581421,3.0881859362125397
1674,59.889400005340576,59.755601644515991,-151.16220000386238,-150.9555695950985,40.799997746944427,99.593492224812508,3.0999999940395355,3.5246588587760925
110,59.827999949455261,60.147764623165131,-152.85140007734299,-151.63212883472443,94.599999487400055,107.93138667941093,4.8000000044703484,4.4714033380150795
42,62.75629997253418,62.69394052028656,-148.94230002164841,-149.12672612071037,70.999998599290848,55.432617664337158,4.6000000052154064,4.4913016939535737
125,59.420500040054321,59.151832222938538,-152.66119998693466,-151.17301994562149,71.100000292062759,61.24027818441391,3.199999988079071,3.7615677863359451
204,62.530400037765503,62.634773969650269,-151.18250003457069,-150.68845501542091,84.399998188018799,56.706622242927551,3.2999999821186066,3.8605522066354752
52,62.243199944496155,59.380528211593628,-150.91770002245903,-151.02594467997551,71.699999272823334,95.789110288023949,3.3999999761581421,4.3257927931845188
545,59.187199950218201,59.12139892578125,-152.38330006599426,-151.38161453604698,65.299998968839645,64.890805631875992,3.199999988079071,3.568630188703537
68,59.535300016403198,59.378448486328125,-152.91279995441437,-152.3715872168541,105.59999942779541,70.022020488977432,3,3.3458819389343262
1894,61.640399992465973,61.779385924339294,-150.53160001337528,-150.08653105795383,45.900002121925354,51.630645990371704,3.6999999582767487,4.2987344115972519
1840,62.347599983215332,62.353761672973633,-151.2418999671936,-150.85915517807007,12.999996542930603,59.823930263519287,3.3999999761581421,3.8993070870637894
183,62.71560001373291,62.730786800384521,-149.40870000422001,-149.41099686920643,69.099999964237213,41.963927447795868,3,3.5461695492267609
137,62.009500026702881,62.246974468231201,-151.42379996180534,-151.02126878499985,81.999998539686203,80.138333141803741,3.8999999910593033,4.1840339004993439
899,61.480800002813339,61.555330991744995,-149.88819999620318,-149.73186454921961,41.100002825260162,64.148548990488052,3.8999999910593033,4.1987338587641716
796,61.687799990177155,61.771973073482513,-150.52590000629425,-150.41142363846302,59.399999678134918,59.119030833244324,3.9999999850988388,4.2675916403532028
132,61.187600001692772,61.108000382781029,-152.28480005264282,-151.85062265396118,10.099999606609344,68.08292493224144,3.0999999940395355,3.5094151496887207
80,60.548000007867813,60.265869498252869,-151.78699994087219,-151.31070721149445,69.299999624490738,46.918615698814392,3.4999999701976776,3.9830497652292252
1767,62.24399995803833,62.07965350151062,-148.0314000248909,-148.29792594909668,18.899999558925629,71.429558098316193,3,3.7027877569198608
1831,62.864099979400635,62.89110803604126,-150.49230001866817,-150.38455295562744,99.700000137090683,35.65649688243866,3.2999999821186066,3.6022936105728149
541,60.401700019836426,60.224347949028015,-151.09389996528625,-150.59148882329464,50.800003111362457,46.097651124000549,3.2999999821186066,3.7934014946222305
2118,60.268400013446808,59.75528883934021,-152.91199994087219,-151.96262276172638,131.3999998383224,64.575519412755966,3,3.0506645143032074
983,59.694300055503845,59.691655158996582,-152.91510003805161,-152.03413581848145,101.19999945163727,54.964333772659302,3.5999999642372131,4.0990590155124664
165,59.597599983215332,59.493969917297363,-152.88459992408752,-152.4583792090416,97.799999639391899,57.616904377937317,3,3.2100975215435028
248,60.229300022125244,59.853510975837708,-152.78460001945496,-151.96156919002533,12.800000607967377,165.0392934679985,3.3999999761581421,3.6424330472946167
1331,61.493999987840652,61.512511968612671,-149.91390000097454,-149.86370532587171,35.599999129772186,56.863583624362946,3.5999999642372131,3.9533506482839584
446,59.530699968338013,59.263085961341858,-152.93120008707047,-151.68761050701141,91.200001537799835,55.455669760704041,3,3.921600803732872
1360,61.501299977302551,61.567047417163849,-149.96989999897778,-149.81653461232781,24.499997496604919,79.328496009111404,3.199999988079071,3.8822349160909653
858,62.263299942016602,62.539546728134155,-151.1865000128746,-150.55019679665565,74.499998241662979,67.028515040874481,3.3999999761581421,3.9644975960254669
1433,61.411700010299683,61.252230525016785,-150.02890000026673,-149.19712051749229,41.100002825260162,70.242606103420258,3.4999999701976776,3.7157620489597321
97,60.119799971580505,59.859808444976807,-148.46660006046295,-148.81002160906792,6.099998950958252,86.221475154161453,3.2999999821186066,3.8134650886058807
1811,60.903099998831749,60.463463306427002,-152.45889991521835,-151.64251577854156,112.49999981373549,18.870040774345398,3.2999999821186066,4.0166324973106384
805,61.933200001716614,62.173967123031616,-151.89660000801086,-151.39886417984962,111.39999981969595,80.579884350299835,3,3.5626623630523682
737,61.156900003552437,60.728007316589355,-152.84909999370575,-152.62811905145645,169.79999840259552,39.064332842826843,3.2999999821186066,3.6379779875278473
1489,61.551999986171722,61.849029898643494,-147.80510008335114,-149.6907431781292,67.200001329183578,96.575632691383362,3.4999999701976776,4.5727140661329031
102,60.019299983978271,59.909606695175171,-152.8063999414444,-152.05257976055145,122.10000003688037,40.23723304271698,3.2999999821186066,3.7615060955286026
434,61.750699996948242,61.810009360313416,-149.77590000629425,-149.64833164215088,36.200001835823059,61.842992901802063,3.9999999850988388,4.0008931159973145
74,59.95389997959137,59.831240892410278,-152.69940000772476,-151.6820672750473,100.29999911785126,65.497715026140213,3.2999999821186066,4.0428924858570099
577,59.096300005912781,59.258381962776184,-152.91819995641708,-152.25780916213989,80.499999225139618,92.691928148269653,3.6999999582767487,3.7898530215024948
1420,61.370200008153915,61.525187015533447,-150.04139999952167,-149.70884095877409,40.700003504753113,82.064930349588394,4.1999999955296516,4.6454789265990257
1488,61.428900003433228,61.275460779666901,-149.89520000293851,-148.42069190740585,43.399997055530548,41.604906320571899,3.3999999761581421,3.9410740435123444
1230,61.478799998760223,61.508371591567993,-149.98659999947995,-149.90466893836856,34.800000488758087,72.416756302118301,3.0999999940395355,3.1161960661411285
918,59.652899980545044,59.453900575637817,-150.54609999060631,-150.50105461478233,43.899998068809509,104.39639911055565,3.2999999821186066,3.7801690846681595
1326,61.505200028419495,61.478972613811493,-149.91439999826252,-149.87508311122656,36.200001835823059,69.473870098590851,3,3.0813721418380737
2039,61.971000015735626,62.170496702194214,-151.81300002336502,-151.29155713319778,102.700000628829,73.640219867229462,3,3.1043927371501923
2013,61.313100010156631,61.318071365356445,-147.46760004758835,-147.92761999368668,29.600001871585846,64.522486180067062,3.5999999642372131,3.7425187826156616
1924,62.302099943161011,62.146816253662109,-148.34930008649826,-148.47350853681564,35.80000251531601,108.22945460677147,3,3.4719728529453278
762,61.564899981021881,61.549956083297729,-149.78449999541044,-149.71309798210859,39.899997413158417,65.880332142114639,3,3.3302710354328156
989,62.575999975204468,62.649630904197693,-151.2127999663353,-150.86899003386497,88.399998843669891,61.158314347267151,3.3999999761581421,3.9386029243469238
388,59.277899980545044,59.376694202423096,-150.64260001480579,-150.54763729870319,36.70000284910202,84.941022098064423,4.7000000104308128,4.2277375012636185
235,60.66049998998642,60.504595994949341,-151.11520001292229,-150.76534670591354,56.400001049041748,45.434631407260895,3.0999999940395355,3.1877864599227905
1793,62.979400038719177,62.944875359535217,-148.92199999094009,-149.15044435858727,78.200001269578934,34.214399755001068,3.2999999821186066,3.6042634248733521
267,60.726000010967255,60.500571429729462,-151.07929998636246,-150.73244105279446,59.299997985363007,20.402580499649048,3.199999988079071,3.509536474943161
1329,61.350899994373322,61.433057755231857,-149.9947000000393,-150.07559596002102,40.600001811981201,96.351901069283485,4.0999999791383743,4.4553050128743052
1404,61.413399994373322,61.330100268125534,-150.05350000038743,-149.73581812530756,40.299996733665466,58.652363717556,3.5999999642372131,4.013433113694191
117,62.720600008964539,62.819495677947998,-151.00099995732307,-150.64341366291046,85.900001227855682,49.346819519996643,3.5999999642372131,3.85054711997509
1908,61.542699992656708,59.498939037322998,-151.87669998407364,-150.42347493767738,16.199998557567596,50.467714667320251,3.0999999940395355,3.8100759387016296
673,62.46150004863739,62.382182836532593,-148.24769997596741,-148.35651451349258,42.099997401237488,74.174165725708008,3,3.4672529697418213
249,62.124899983406067,62.408915042877197,-152.59280008077621,-152.00896060466766,1.100003719329834,46.291127800941467,3,3.3547674715518951
1941,60.478900015354156,60.553298771381378,-148.47149991989136,-148.61574956774712,12.599997222423553,81.644169986248016,3.0999999940395355,3.6548753678798676
2202,60.645000010728836,60.49197781085968,-151.26499995589256,-150.88410213589668,68.700000643730164,25.285586714744568,3.0999999940395355,3.4086818397045135
94,61.607800006866455,61.725055396556854,-150.08590000122786,-150.00012861192226,38.40000182390213,88.639967143535614,3.2999999821186066,3.6606076955795288
2044,61.345699995756149,61.333671361207962,-151.1734000146389,-150.96321415901184,68.300001323223114,65.83096832036972,3.2999999821186066,3.5937372744083405
33,62.723099946975708,62.841038346290588,-149.6655999943614,-149.50772072374821,57.899996638298035,48.5382080078125,3.199999988079071,3.4456799626350403
1741,61.457500010728836,61.420867383480072,-152.13959991931915,-151.67888689041138,107.99999907612801,49.906745553016663,4.9000000208616257,4.7147076576948166
1983,60.46399998664856,60.404536604881287,-150.61399997770786,-150.37514251470566,51.399998366832733,81.1961330473423,3.199999988079071,3.4065690636634827
448,61.976700007915497,62.085981607437134,-149.95489999931306,-149.89899400994182,28.599999845027924,79.590559005737305,3.0999999940395355,3.5707522630691528
716,60.207000017166138,60.051358461380005,-152.589399933815,-152.16918361186981,103.70000079274178,49.921594560146332,3.2999999821186066,3.8255438804626465
1962,61.038199998438358,60.984242288395762,-148.93279999494553,-148.88512390851974,21.399997174739838,105.13488203287125,3.5999999642372131,3.7161885201931
1807,61.004600000102073,60.683540135622025,-152.19550001621246,-151.8810567855835,124.39999997150153,23.905470967292786,3,3.5956900119781494
0,61.59469997882843,61.757241904735565,-152.18250006437302,-151.66421538591385,115.79999979585409,81.516522914171219,3.9999999850988388,4.3929635994136333
2034,60.998999999952503,60.904682330787182,-151.42570003867149,-151.08271291851997,66.899999976158142,18.981888890266418,3.3999999761581421,3.6688111424446106
1101,61.466800004243851,61.514959871768951,-149.96509999874979,-149.98997420794331,45.100003480911255,87.289359420537949,3.199999988079071,3.7298889756202698
1108,61.338899999856949,61.405227720737457,-150.09160000272095,-149.72961033135653,18.799997866153717,84.098570048809052,3,3.1039339900016785
1449,61.407799988985062,61.248329818248749,-150.09439999982715,-148.43352717161179,38.999997079372406,51.000863313674927,3.7999999970197678,4.2675180360674858
82,60.955899998545647,60.875009946525097,-150.91620004177094,-150.82920151948929,48.100002110004425,38.957417011260986,3.199999988079071,3.6672075390815735
1526,61.364199995994568,61.411853611469269,-151.24970000982285,-150.86549896001816,9.4999969005584717,78.968878835439682,3,3.307458221912384
676,61.337099999189377,61.349535822868347,-147.28800004720688,-147.52460181713104,10.899998247623444,52.708879113197327,3.199999988079071,3.4841460585594177
1726,60.17629998922348,60.228131115436554,-152.69600003957748,-152.16398763656616,103.09999994933605,21.920010447502136,3,3.0778507590293884
1046,60.874699994921684,60.770257294178009,-149.47599998116493,-149.6588965728879,24.999998509883881,93.586955219507217,3.2999999821186066,3.6409255564212799
770,60.914899997413158,60.881386518478394,-151.17059996724129,-150.85069906711578,65.600000321865082,19.689604640007019,3.0999999940395355,3.5981360077857971
1437,61.439500004053116,61.430519580841064,-150.10920000448823,-149.98335312958807,33.600002527236938,71.41510397195816,3.199999988079071,3.1416948437690735
1517,60.958099998533726,60.962797671556473,-152.15699994564056,-151.63890194892883,99.799999967217445,20.040109753608704,3.0999999940395355,3.8262509107589722
1879,60.610199987888336,60.452624976634979,-151.03970003128052,-150.47214232385159,61.800003051757812,75.569953769445419,3.0999999940395355,3.4903472363948822
1773,59.708299994468689,59.668716907501221,-152.98179996013641,-151.89258313179016,96.999999135732651,55.14073371887207,3.2999999821186066,3.8571738302707672
404,59.473299980163574,59.239911317825317,-152.53340005874634,-151.71215987205505,70.399999618530273,74.688185006380081,3.0999999940395355,3.5660340785980225
384,62.956200003623962,62.943994760513306,-150.43380001187325,-150.06992870382965,104.49999943375587,40.419302880764008,3.199999988079071,3.5020159184932709
1891,61.131500005722046,60.883301585912704,-151.33629995584488,-150.96266511082649,67.299999296665192,35.092964768409729,3.2999999821186066,4.117752805352211
1590,61.133200004696846,61.075962908565998,-150.76260003447533,-150.64188672602177,19.900001585483551,82.931220531463623,3.4999999701976776,3.5065677165985107
104,60.964899998158216,60.795116543769836,-151.85370004177094,-151.40220254659653,90.599998831748962,25.243252515792847,3,3.9970263540744781
688,60.160700023174286,60.071212410926819,-152.76349997520447,-152.35050201416016,109.50000025331974,55.157147347927094,3.6999999582767487,3.9776377379894257
1551,62.370499968528748,62.523014426231384,-151.27349996566772,-150.84332236647606,81.799998879432678,71.629829704761505,3.2999999821186066,3.7894335687160492
826,59.818600058555603,59.704351305961609,-151.39649999141693,-150.91056928038597,72.200000286102295,90.605653822422028,3.4999999701976776,3.6468616425991058
1240,61.411199986934662,61.418059974908829,-149.94400000199676,-149.87384197488427,35.199999809265137,60.49683690071106,3.2999999821186066,3.6347492337226868
62,62.337700009346008,62.362291216850281,-149.73959999531507,-149.687674485147,41.79999977350235,62.941405922174454,3.199999988079071,3.5614920258522034
1305,61.337900012731552,61.416632354259491,-150.03479999955744,-149.92109942995012,19.00000125169754,78.234381973743439,3,3.2372573018074036
852,61.736599981784821,61.806501150131226,-147.15330004692078,-147.70902174711227,28.999999165534973,79.313620924949646,3.4999999701976776,3.8067068159580231
1607,59.353099942207336,59.389670252799988,-151.21999999880791,-151.03971683979034,42.499996721744537,89.759226888418198,3.199999988079071,3.4870226383209229
1262,61.363099992275238,61.419002562761307,-150.06159999780357,-150.01987769454718,39.999999105930328,83.501715213060379,3.4999999701976776,3.7993539422750473
223,59.819700002670288,59.754787445068359,-151.87410002946854,-151.50673234462738,58.20000171661377,135.09508222341537,3.2999999821186066,3.7282837629318237
145,60.39410001039505,60.16163045167923,-152.81549996137619,-152.09904545545578,125.39999998989515,36.194376647472382,3.199999988079071,3.5254980325698853
1088,59.825099945068359,59.804244041442871,-147.78640007972717,-149.28584423661232,85.499998182058334,46.893671154975891,3,3.4785797595977783
373,61.351000010967255,61.379221767187119,-149.56510001420975,-149.4132813513279,30.299998819828033,56.619420647621155,3.0999999940395355,3.3814609050750732
1692,61.681599974632263,61.787066161632538,-149.66780000925064,-149.54478487372398,35.199999809265137,53.774341940879822,4.1999999955296516,4.0333625972270966
1142,59.254999995231628,59.527109980583191,-147.63899999856949,-149.08418467640877,20.999997854232788,64.554829150438309,3,3.1214916408061981
2114,59.823799967765808,59.697671413421631,-152.93050003051758,-152.0141059756279,103.4999992698431,41.5029376745224,3.0999999940395355,3.0936790108680725
1779,61.665700018405914,62.281907796859741,-152.53930002450943,-151.41939121484756,6.099998950958252,76.692413538694382,3,4.0155833959579468
1274,61.420800000429153,61.485111147165298,-149.98260000022128,-149.98511348152533,37.000000476837158,85.276026278734207,3.7999999970197678,4.2884744703769684
1265,62.912199974060059,60.222187280654907,-152.92739993333817,-149.19016572833061,11.200003325939178,68.225827068090439,3.2999999821186066,3.1744288802146912
1902,61.02309999987483,60.891809113323689,-150.3213000074029,-150.19207334518433,51.299996674060822,76.153203845024109,3,3.2475325763225555
1897,59.811200022697449,59.539626121520996,-152.90430003404617,-151.92567157745361,103.9000004529953,43.192490935325623,3.0999999940395355,3.7344443500041962
9,60.394500017166138,60.14755117893219,-151.1370000243187,-150.69250041246414,47.300003468990326,39.066635072231293,3.199999988079071,3.7427677810192108
449,60.857600003480911,60.896589666604996,-151.0973000228405,-150.87295058369637,58.300003409385681,32.654821872711182,3.199999988079071,3.5834262371063232
708,59.732399940490723,59.400384426116943,-152.38319993019104,-151.57183957099915,69.699998944997787,77.548790723085403,3,3.1316004395484924
255,61.504000008106232,61.502608358860016,-150.04869999736547,-149.79926940053701,45.400001108646393,65.549314022064209,3,3.2594241499900818
882,60.749000012874603,60.499359846115112,-151.32629996538162,-150.7338202893734,54.899998009204865,25.096304714679718,3,3.226155012845993
389,60.031199991703033,59.857555508613586,-152.28860002756119,-151.75413107872009,69.099999964237213,105.27214035391808,3,3.3840681910514832
1559,59.996899962425232,59.777013778686523,-152.1742000579834,-151.20515307784081,80.699998885393143,102.28413157165051,3.0999999940395355,3.6525988876819611
908,62.831099987030029,62.905286192893982,-149.57919998466969,-149.62948291003704,83.099998533725739,44.583916664123535,4.2999999895691872,4.2257343605160713
924,60.575800001621246,62.171956539154053,-152.12709993124008,-149.74990810453892,62.5,100.49803368747234,3.5999999642372131,3.4907070994377136
2029,62.793300032615662,62.860252976417542,-149.20150002837181,-149.29488752782345,61.599999666213989,38.798525929450989,3.0999999940395355,3.5240771770477295
1455,61.477400004863739,62.078784227371216,-149.9753000009805,-149.55453586578369,48.19999635219574,40.20005464553833,3.5999999642372131,5.0739250034093857
460,59.212599992752075,59.182107329368591,-152.15859997272491,-151.03806227445602,72.00000062584877,65.78010693192482,4.1999999955296516,4.2917608022689819
1503,61.282200008630753,61.457106828689575,-149.95710000023246,-149.45132285356522,40.799997746944427,97.620133310556412,5.7000000178813934,5.2515508532524109
2026,61.36829999089241,61.365195572376251,-150.11209999769926,-150.25647745281458,45.400001108646393,79.517841339111328,3.0999999940395355,3.1518293917179108
1168,61.375699996948242,61.426914304494858,-150.0890999995172,-149.99972918629646,19.900001585483551,72.06372544169426,3.0999999940395355,3.2541475296020508
958,61.311199992895126,61.347266793251038,-152.31400001049042,-152.06660771369934,127.30000005103648,36.942586302757263,3.0999999940395355,3.763750746846199
501,61.664900004863739,61.773502469062805,-150.68809998035431,-150.50475101172924,39.899997413158417,94.326943159103394,3.2999999821186066,3.9095468670129776
739,59.442299962043762,59.355582237243652,-152.74750006198883,-151.91540837287903,80.099999904632568,91.516617685556412,3.3999999761581421,3.7620568424463272
40,61.303900003433228,61.340646743774414,-150.02560000028461,-150.03381840605289,39.999999105930328,82.264263182878494,3,3.3030508160591125
868,61.333299994468689,61.387731432914734,-150.64560002088547,-150.4909088909626,53.400002419948578,40.284708142280579,3.0999999940395355,3.6094767451286316
731,61.691600024700165,61.653155326843262,-149.46559998393059,-149.13532161712646,30.199997127056122,87.543673813343048,3.199999988079071,3.5866407752037048
539,62.924499988555908,62.930568218231201,-150.94020000100136,-150.49299471080303,105.1000002771616,55.097714066505432,3,3.6683616042137146
1201,61.364100009202957,61.42289936542511,-150.04960000142455,-150.10316752642393,34.500002861022949,77.665276825428009,3.2999999821186066,3.6322991251945496
1339,61.471100002527237,61.654380917549133,-149.93889999948442,-149.83056876808405,44.900000095367432,44.971436262130737,3,3.538470447063446
697,61.545199990272522,61.549806356430054,-150.0245000012219,-149.98376385262236,44.900000095367432,62.636390328407288,3,3.2130680680274963
1656,60.036800026893616,59.862782955169678,-151.62220001220703,-150.80449596047401,70.000000298023224,75.564805418252945,3.0999999940395355,3.6402473151683807
2050,59.947499990463257,59.892453670501709,-152.84619998931885,-151.86561727523804,119.29999990388751,63.973590731620789,3.4999999701976776,3.8055306673049927
1371,61.375699996948242,61.428193688392639,-150.02130000013858,-150.09415559470654,34.599997103214264,84.961917251348495,3.4999999701976776,3.8883252739906311
1145,61.879999995231628,61.851317465305328,-147.32059997320175,-147.79452681541443,41.79999977350235,64.631130546331406,3.4999999701976776,3.8366168439388275
1031,61.360300004482269,60.290850400924683,-149.27899999916553,-150.03352179285139,0,94.386747106909752,3.3999999761581421,3.7015707492828369
372,60.208599984645844,59.936018705368042,-152.4404000043869,-151.57669919729233,87.600000202655792,66.502399742603302,4.0999999791383743,4.0264659225940704
667,62.478500008583069,62.478291273117065,-148.24970000982285,-148.34749406576157,20.300000905990601,79.048939049243927,3.199999988079071,3.6566398143768311
1431,61.37950000166893,61.575428664684296,-150.01449999958277,-150.04808046855032,46.999998390674591,34.885630011558533,3.0999999940395355,3.3455341458320618
1850,61.67059999704361,61.706475734710693,-151.68809992074966,-151.50853335857391,96.999999135732651,83.877429366111755,3.2999999821186066,4.1043434143066406
357,60.138000011444092,60.118795871734619,-152.8150999546051,-152.38325589895248,114.29999954998493,54.538264870643616,3.199999988079071,3.5658102035522461
967,62.013100028038025,62.063414692878723,-148.46259999275208,-148.65253937244415,41.599996387958527,110.85677426308393,3,3.5799261331558228
783,61.519299983978271,61.485082805156708,-149.91620000079274,-149.57825218141079,40.299996733665466,64.558912068605423,4.9000000208616257,5.0317993462085724
735,60.353600025177002,60.090955436229706,-152.47699999809265,-151.97012490034103,101.80000029504299,33.340811729431152,3.0999999940395355,3.6288081407546997
1353,61.375999987125397,61.356267035007477,-149.97809999948367,-149.9144397508353,44.79999840259552,103.94038818776608,4.5,5.0132709145545959
1035,62.585800051689148,62.852755308151245,-151.34079998731613,-150.89350694417953,93.800000846385956,51.526576280593872,3,3.7148779034614563
970,60.711899995803833,60.655760049819946,-151.67669999599457,-151.35389274358749,77.700000256299973,46.384796500205994,3.3999999761581421,3.8802392184734344
1814,60.377799987792969,60.356614232063293,-148.29189991950989,-148.60885602235794,23.900002241134644,44.374465942382812,3,3.5788370668888092
1771,59.764899969100952,59.668891906738281,-150.61560000479221,-150.52916783094406,35.499997437000275,112.26807720959187,3.199999988079071,3.629375696182251
2077,60.075500011444092,60.030592918395996,-152.99719995260239,-152.09200859069824,115.60000013560057,38.219064474105835,3.0999999940395355,3.0928769409656525
1880,62.182700037956238,62.200565934181213,-148.88870000839233,-149.0323204100132,4.3999999761581421,98.127212375402451,3,3.4489874839782715
1532,60.297299981117249,60.031268835067749,-152.70480000972748,-151.85694372653961,114.79999963194132,53.410753607749939,3.2999999821186066,3.941424697637558
1813,60.650200009346008,60.586778819561005,-151.64279991388321,-151.10972473025322,68.300001323223114,18.466345965862274,3,3.6114029288291931
1328,61.479299992322922,61.537751257419586,-149.90789999999106,-149.96023301593959,31.000003218650818,56.037679314613342,3.2999999821186066,3.6291133761405945
1604,61.925999999046326,61.910787343978882,-147.31620007753372,-147.85836839675903,39.300002157688141,90.029701590538025,3,3.5452247858047485
1775,60.126600027084351,60.040349781513214,-152.77530008554459,-152.09363579750061,112.09999956190586,49.33890700340271,3.0999999940395355,3.5723462998867035
1425,61.388999998569489,61.393087774515152,-150.00500000012107,-149.88365970924497,42.800001800060272,58.000080287456512,3.0999999940395355,3.8944234549999237
1464,61.504000008106232,62.217819213867188,-149.93159999884665,-149.51066301763058,45.800000429153442,73.726266622543335,3.199999988079071,4.2374544069170952
1952,59.826200008392334,59.647356867790222,-152.9031999707222,-151.90014106035233,107.79999941587448,48.776485025882721,3.5999999642372131,3.9817879199981689
1252,61.477899998426437,61.550556063652039,-149.90560000017285,-149.94814293086529,41.199997067451477,75.874526053667068,3.0999999940395355,3.7215850353240967
2018,62.042600035667419,62.146457195281982,-150.67960001528263,-150.41049300134182,61.700001358985901,76.614856719970703,3.3999999761581421,3.6121582388877869
2043,60.135999977588654,59.997879862785339,-152.74769997596741,-151.85480439662933,97.100000828504562,28.628714382648468,3,3.0675584077835083
1236,61.471500009298325,61.469739317893982,-150.09210000000894,-149.93552403710783,18.10000091791153,77.277831733226776,3.2999999821186066,3.121773362159729
885,59.371600031852722,59.370038151741028,-152.84379994869232,-152.09894943237305,90.199999511241913,61.310462653636932,3.0999999940395355,3.3980475068092346
79,60.601700007915497,60.663161426782608,-147.51510000228882,-147.80419886112213,19.40000057220459,49.038529396057129,3,3.2343236804008484
1172,61.362199991941452,61.434328585863113,-150.0245000012219,-149.93773281387985,40.600001811981201,74.295859783887863,3.6999999582767487,4.0332246422767639
814,61.347699999809265,61.413897752761841,-149.83209999650717,-149.79222855716944,36.399997770786285,89.248210191726685,3.2999999821186066,3.9556191265583038
2131,61.194100007414818,61.172370672225952,-149.63710000365973,-149.71829898655415,35.700000822544098,81.529419869184494,3,3.2119589745998383
671,62.487499952316284,62.516389131546021,-148.26809996366501,-148.37184351682663,19.500002264976501,60.215756297111511,3.199999988079071,3.5844490528106689
1822,62.63129997253418,62.749435663223267,-150.76700001955032,-150.50462584197521,84.100000560283661,49.13339763879776,3.4999999701976776,3.7350277304649353
57,61.096799999475479,61.066469974815845,-150.82629999518394,-150.54368796944618,41.299998760223389,51.341153681278229,3.0999999940395355,3.4531497359275818
133,61.52020001411438,61.682991623878479,-151.44599997997284,-151.42471852898598,76.900001615285873,119.43622771650553,3.199999988079071,3.9389447271823883
1140,60.214200019836426,60.001001715660095,-150.9655000269413,-150.54212191700935,65.900001674890518,78.696377575397491,4.3999999947845936,4.2960389479994774
933,60.029500007629395,59.963174819946289,-152.84339994192123,-152.19181180000305,96.599999815225601,71.635711938142776,3.0999999940395355,3.7322190999984741
2005,62.768800020217896,62.735071778297424,-148.90340003371239,-149.13889512419701,64.399998635053635,55.485963821411133,4.2999999895691872,4.2705659866333008
823,60.289200007915497,60.149335563182831,-150.91980001330376,-150.61135205626488,65.799999982118607,53.676687180995941,3.0999999940395355,3.5003062784671783
1432,61.442099988460541,61.3734230697155,-149.75939999520779,-149.51957112550735,40.799997746944427,53.867250680923462,3.0999999940395355,3.8711885064840317
1621,60.239300012588501,60.071573913097382,-149.01929998397827,-149.67525277286768,20.599998533725739,76.441008597612381,3.199999988079071,3.6020079553127289
1214,61.409099996089935,61.451105415821075,-150.0339999999851,-149.91666480526328,21.300002932548523,76.773066073656082,3.8999999910593033,4.3102834895253181
504,60.054799973964691,59.945666909217834,-152.73439997434616,-151.77872514724731,93.299999833106995,67.174021154642105,3.9999999850988388,3.8580249845981598
2179,62.277199983596802,62.530720710754395,-151.40160003304482,-150.78049725294113,94.200000166893005,67.39966943860054,3.6999999582767487,3.8406781107187271
347,60.206900000572205,59.995311260223389,-152.660600066185,-152.17430448532104,103.4999992698431,70.145551115274429,3.0999999940395355,3.6667166948318481
386,60.324100017547607,60.043565988540649,-151.40560001134872,-151.18811166286469,56.50000274181366,55.45082688331604,3.0999999940395355,3.5303776860237122
1024,61.455599993467331,61.498236805200577,-149.96210000105202,-149.72383866459131,40.700003504753113,83.005849272012711,3,3.5267799496650696
1384,61.494100004434586,61.625138282775879,-149.92880000174046,-149.87807558476925,40.299996733665466,58.110356330871582,3.199999988079071,3.7436898350715637
894,59.486199975013733,59.289007902145386,-152.40450006723404,-151.21684616804123,65.49999862909317,65.293397754430771,3.5999999642372131,3.8522171080112457
828,62.595199942588806,62.75019371509552,-151.21999999880791,-150.83266603946686,77.799998223781586,51.109321415424347,3.0999999940395355,3.5533624291419983
2149,59.897699952125549,59.683918952941895,-152.74059998989105,-151.8800436258316,99.400000646710396,48.944734036922455,3.0999999940395355,3.2052481770515442
475,60.21560001373291,60.074534356594086,-150.85419997572899,-150.64332921802998,74.299998581409454,39.029628038406372,3.7999999970197678,4.0470128059387207
1750,61.482400000095367,61.526193797588348,-149.6799999922514,-149.68048614263535,30.299998819828033,61.532832682132721,3,3.3734208047389984
2095,61.368000000715256,61.369219273328781,-149.7850000038743,-149.76371808350086,32.300002872943878,67.000336945056915,3.2999999821186066,3.4990553855895996
1660,59.841799974441528,59.532861351966858,-152.873399913311,-151.94626396894455,99.400000646710396,55.914133787155151,3.199999988079071,3.7933798581361771
652,62.824000000953674,62.893958926200867,-150.50689999759197,-150.35845655947924,85.599999874830246,42.730525135993958,3.199999988079071,3.5472182035446167
172,59.424900054931641,59.463491559028625,-151.5375999212265,-151.13402697443962,46.300001442432404,87.179798632860184,4.9000000208616257,4.3617313764989376
1474,61.512499988079071,61.349820733070374,-149.92050000093877,-149.04407474398613,38.300000131130219,80.647051334381104,3.0999999940395355,3.6727591753005981
1149,61.30460000038147,61.294949531555176,-149.9499999973923,-149.63455548137426,41.299998760223389,83.351545035839081,4.1999999955296516,4.3726687096059322
38,62.664299964904785,62.568155169487,-149.86259999871254,-149.6925408616662,4.69999760389328,64.977776259183884,3.0999999940395355,3.264641672372818
713,59.20930004119873,59.170974016189575,-152.35899996757507,-151.40412184596062,73.30000028014183,60.677200555801392,3,3.5521773397922516
90,62.362499952316284,62.355687618255615,-149.14460000395775,-149.14407303929329,0,89.104149490594864,3.3999999761581421,3.7988630086183548
166,62.959400057792664,62.939026713371277,-150.77419996261597,-150.53057563304901,108.69999974966049,45.087605714797974,3,3.2954123318195343
1205,61.360300004482269,61.415431290864944,-150.09470000490546,-150.05312346294522,20.300000905990601,71.79790735244751,3,3.2879379093647003
875,60.272300004959106,60.060723066329956,-150.9979000389576,-150.69280917942524,46.09999805688858,73.742296546697617,3.0999999940395355,3.20212322473526
1605,61.369599997997284,61.443565160036087,-147.19230008125305,-147.69368022680283,3.2000020146369934,59.005230665206909,3.199999988079071,3.4294120073318481
1993,62.63730001449585,62.66538143157959,-151.7046999335289,-151.03160887956619,1.100003719329834,53.088918328285217,3.0999999940395355,3.7013342678546906
2148,61.702000021934509,61.873027801513672,-151.58730000257492,-151.38513091206551,105.90000078082085,89.36358243227005,3.3999999761581421,3.6468856930732727
1093,61.526300013065338,61.572444140911102,-149.86160000413656,-149.72423800081015,47.399997711181641,69.474343210458755,4.0999999791383743,4.2242339551448822
1155,61.36719998717308,61.378397107124329,-150.03450000006706,-149.91258498653769,45.100003480911255,62.056645750999451,3.199999988079071,3.6127499341964722
1324,61.401199996471405,61.476081818342209,-150.07819999940693,-149.92514136247337,34.000001847743988,96.648959442973137,3.6999999582767487,4.2791619971394539
1618,61.70279997587204,61.806643784046173,-150.23989999294281,-149.831408880651,99.99999962747097,58.308057487010956,3.7999999970197678,3.7872480601072311
1350,61.477999985218048,61.51825612783432,-149.96360000129789,-149.96373114734888,34.800000488758087,69.702442735433578,3,3.2343614995479584
510,61.300000011920929,61.28894716501236,-152.40170001983643,-152.04907715320587,122.90000007487833,28.350509703159332,3,3.7324215173721313
499,61.728900015354156,61.837643265724182,-150.79920002818108,-150.7024739831686,47.499999403953552,104.7652829438448,3.2999999821186066,3.9277560263872147
1611,62.349499940872192,62.358952283859253,-148.728600025177,-148.84502103924751,39.499998092651367,84.487423300743103,4.2999999895691872,4.179514154791832
1910,59.217499971389771,59.179155349731445,-152.53880006074905,-151.30175006389618,63.400000333786011,53.951546549797058,3.0999999940395355,3.5346181690692902
1519,62.050799965858459,62.17463207244873,-149.87930000200868,-149.82338539883494,46.09999805688858,90.901151299476624,3.3999999761581421,3.6987563967704773
338,62.22189998626709,62.476580619812012,-151.16110002994537,-150.68946549296379,80.400001257658005,59.329219162464142,3.4999999701976776,3.9693064838647842
1956,60.876299999654293,60.663672745227814,-150.56070001423359,-150.18890047073364,48.19999635219574,100.71861930191517,3.5999999642372131,3.864958718419075
1188,61.46340000629425,61.449571877717972,-149.98550000041723,-149.97520550899208,39.999999105930328,76.441407203674316,3.3999999761581421,3.986858457326889
28,59.740800023078918,59.638815879821777,-151.90459996461868,-151.52700877189636,54.899998009204865,108.01345109939575,3,3.4928045868873596
1540,60.036700010299683,59.8131343126297,-151.77859997749329,-151.13853684067726,40.399998426437378,97.211960703134537,3,3.5024380087852478
1217,61.389999985694885,61.409885048866272,-150.06140000000596,-150.04509933292866,20.000003278255463,70.52890956401825,3.0999999940395355,3.3889383673667908
1573,61.431400001049042,61.391923934221268,-150.95550003647804,-150.79605111479759,63.700001686811447,75.807355344295502,3.2999999821186066,4.0205362290143967
794,60.052699983119965,59.891101598739624,-151.9925000667572,-151.56766641139984,65.000001341104507,129.27743792533875,3,3.722804993391037
945,61.602999985218048,61.648390233516693,-147.83489996194839,-148.08045065402985,21.799996495246887,42.996495962142944,3.0999999940395355,3.634676456451416
1753,62.239099979400635,62.305680751800537,-149.433100014925,-149.41108480095863,39.300002157688141,81.34080097079277,3,3.64094477891922
169,61.586199998855591,61.695972442626953,-151.12660002708435,-150.931485414505,66.79999828338623,69.463435560464859,3.6999999582767487,4.5249152518808842
1670,62.993000030517578,62.960378289222717,-150.91069999337196,-150.29650962352753,122.80000001192093,44.817544519901276,3.2999999821186066,3.7546542584896088
1197,61.352800011634827,61.382003217935562,-149.98600000049919,-149.97431876789778,39.800003170967102,77.481001615524292,3.199999988079071,3.5529853105545044
1542,60.068400025367737,59.864644050598145,-152.59830003976822,-151.53564387559891,101.80000029504299,63.798513263463974,3.3999999761581421,3.9146058708429337
1253,61.478199988603592,61.547009885311127,-150.02400000113994,-150.00916928169318,37.399999797344208,75.045369565486908,3.0999999940395355,3.2703478038311005
1844,61.125400006771088,61.031693518161774,-151.38589999079704,-151.2864685356617,72.200000286102295,13.373188674449921,3.0999999940395355,3.692928671836853
912,59.723000049591064,59.472859144210815,-148.05519998073578,-148.60119071602821,11.799998581409454,103.10197435319424,3.6999999582767487,3.9433682709932327
491,60.392799973487854,60.240282654762268,-148.92389997839928,-149.30939103662968,19.799999892711639,60.812391340732574,3.0999999940395355,3.6459540724754333
953,59.962900042533875,59.907302856445312,-152.89609998464584,-151.84561407566071,113.30000031739473,56.426055729389191,3.5999999642372131,4.1085792034864426
1097,59.564299941062927,59.406221270561218,-152.92040008306503,-151.7282926440239,89.099999517202377,41.986867785453796,3.3999999761581421,3.9031192660331726
1032,60.507099986076355,60.407335758209229,-150.16840000078082,-150.16034681349993,42.599998414516449,88.929828256368637,3.7999999970197678,3.8539448976516724
587,62.945299983024597,62.867486953735352,-148.44199991226196,-148.76407939195633,0,38.111142814159393,3,3.4373787045478821
750,61.931900024414062,62.049631476402283,-152.26400005817413,-151.61855274438858,119.40000019967556,79.290471971035004,4.2999999895691872,4.4369500055909157
657,61.756200015544891,61.898978471755981,-149.75119999051094,-149.68303390592337,34.699998795986176,75.383670628070831,3,3.4635795950889587
234,60.319700002670288,60.258260309696198,-150.6993999928236,-150.48004947602749,79.252000898122787,52.728317677974701,3.3999999761581421,3.4987632930278778
732,62.512500047683716,62.468966484069824,-149.89799999445677,-149.77654027193785,13.899996876716614,71.970939636230469,3.199999988079071,3.4228050112724304
2198,61.767000019550323,61.872617781162262,-151.60500007867813,-151.41230052709579,94.499999657273293,77.871382236480713,3.3999999761581421,3.4962598085403442
1939,60.42110002040863,60.219379723072052,-150.23709999024868,-150.11355501785874,42.499996721744537,82.199454307556152,3.3999999761581421,3.6049747467041016
1156,61.336600005626678,61.354812115430832,-149.99200000008568,-149.91045863740146,45.800000429153442,81.68608695268631,3.0999999940395355,3.6301024854183197
1749,61.498699992895126,61.588406264781952,-151.94709992408752,-151.33988723158836,7.2000026702880859,63.684359192848206,3.0999999940395355,3.6862435340881348
2129,62.020900011062622,62.11723518371582,-150.50869998335838,-150.32886144518852,54.600000381469727,65.665889531373978,3.0999999940395355,3.2228685915470123
1932,62.766800045967102,62.817604303359985,-150.51010000705719,-149.88328197598457,82.199998199939728,47.646611928939819,3,3.5720504522323608
934,60.669900000095367,60.555678576231003,-150.36169999837875,-150.29007974267006,43.300002813339233,89.062299579381943,3.199999988079071,3.5258567333221436
1209,61.426899999380112,61.444272965192795,-149.85869999974966,-149.86653867736459,36.200001835823059,76.06249675154686,3,3.1735560894012451
1065,61.32030001282692,61.460613280534744,-149.95550000108778,-149.86618691682816,46.300001442432404,75.693383812904358,4.0999999791383743,4.1289067491889
108,62.335700035095215,62.491812586784363,-149.1564000248909,-149.29574945569038,5.9000030159950256,52.682638168334961,3.0999999940395355,3.2905088067054749
1837,59.847300052642822,59.611155271530151,-152.92949992418289,-151.67802464962006,96.699999645352364,68.424206227064133,3.6999999582767487,4.1819945499300957
568,61.375699996948242,61.384113967418671,-149.9906999997329,-149.87157637998462,35.499997437000275,67.057956010103226,3,3.36011803150177
1167,62.896999955177307,62.945382714271545,-149.62759999930859,-149.82825949788094,67.000001668930054,50.852030515670776,3,3.7171491086483002
1174,61.533999979496002,61.590320348739624,-149.84539999812841,-149.90542246028781,34.199997782707214,71.641989052295685,3,3.1483891904354095
1507,61.346399992704391,61.645887494087219,-149.95519999880344,-149.68186517804861,46.700000762939453,101.76708921790123,6.9999999403953552,5.3635055422782898
1492,61.483300000429153,61.778508305549622,-149.94969999790192,-149.29106372594833,45.900002121925354,50.522491335868835,3.0999999940395355,3.6617572903633118
890,61.689400017261505,61.857575118541718,-149.77960000187159,-149.6613692343235,38.300000131130219,75.091492384672165,3.2999999821186066,3.5442280769348145
947,61.731400012969971,61.859459161758423,-149.54150001704693,-149.57490111887455,40.200002491474152,72.782039642333984,3.6999999582767487,3.9951599389314651
1048,62.295799970626831,61.745156705379486,-148.5557000041008,-149.83291178941727,0,58.903641998767853,3.0999999940395355,3.5569554269313812
1606,59.46940004825592,59.273910522460938,-152.97519993782043,-151.59784358739853,101.5000008046627,49.455896019935608,3.0999999940395355,3.6142435669898987
1629,62.914800047874451,62.952954530715942,-151.26670002937317,-150.67177265882492,107.49999992549419,40.741235017776489,3.0999999940395355,3.6578015685081482
1805,61.970000028610229,62.112839937210083,-150.90230002999306,-150.49329221248627,8.9000016450881958,65.302737057209015,4.8000000044703484,4.2149465829133987
884,62.918099999427795,62.938746213912964,-150.0853000022471,-149.98182932892814,81.700000911951065,44.629916548728943,3,3.5086156725883484
1988,62.225200057029724,62.374204516410828,-150.88730004429817,-150.47104905545712,74.299998581409454,77.840141952037811,3.5999999642372131,3.771267905831337
2165,62.555299997329712,62.668290138244629,-151.15889999270439,-150.62941105663776,92.599999159574509,53.618237376213074,3.7999999970197678,3.8902495354413986
1825,60.038100004196167,59.75547730922699,-151.79229998588562,-151.0982908308506,56.599996984004974,101.15535743534565,3.0999999940395355,3.5209275484085083
850,61.758899986743927,61.909324586391449,-149.64250000566244,-149.47124741971493,46.49999737739563,113.16278111189604,3.199999988079071,3.6065448224544525
1587,59.737100005149841,59.296779036521912,-152.61169999837875,-151.36014318466187,91.099999845027924,70.497281849384308,3.199999988079071,3.7436229586601257
1407,61.423799991607666,61.383411437273026,-149.94070000201464,-149.84803226217628,32.799996435642242,64.801231026649475,3,3.4562389254570007
734,61.332599997520447,61.329516500234604,-149.80600000172853,-149.74912165850401,57.099997997283936,88.95154669880867,3,3.539894163608551
717,60.205999970436096,60.049934983253479,-152.58269995450974,-152.12853133678436,104.00000028312206,47.515027225017548,3.2999999821186066,3.80829057097435
454,60.442799985408783,60.276116609573364,-151.37150001525879,-151.05837106704712,47.499999403953552,41.704967617988586,3.199999988079071,3.5574873089790344
264,62.160400032997131,62.50331449508667,-152.11129993200302,-151.45659041404724,105.1000002771616,59.491999447345734,3.0999999940395355,3.4602632224559784
75,59.171800017356873,59.223434448242188,-152.40399992465973,-151.67729544639587,55.900000035762787,79.992979764938354,3.2999999821186066,3.5322850048542023
1972,59.728500008583069,59.594450712203979,-152.98669999837875,-151.82008016109467,99.400000646710396,48.495382070541382,3.9999999850988388,3.9834766834974289
444,59.724699974060059,59.551408052444458,-152.79719996452332,-151.68024230003357,89.200001209974289,58.0148845911026,3.4999999701976776,4.2488637194037437
395,61.732299983501434,61.790810644626617,-149.60430000722408,-149.28243385255337,38.000002503395081,70.064153522253036,4.2999999895691872,4.228786289691925
176,60.326799988746643,59.921777725219727,-151.74010008573532,-151.15080052614212,63.299998641014099,61.164811253547668,3,3.6532686352729797
1042,61.67220002412796,61.70546019077301,-150.03920000139624,-150.08351778052747,46.09999805688858,60.224257409572601,3.199999988079071,3.7385343611240387
2059,62.136500000953674,62.054910063743591,-150.80340000987053,-150.05042475834489,73.69999960064888,65.673436969518661,5.0000000149011612,4.7547927796840668
1666,60.239400029182434,60.113203644752502,-152.95849996805191,-152.03567790985107,134.30000003427267,45.579701662063599,3,3.6434513926506042
1798,61.434599995613098,61.461620479822159,-152.31489998102188,-151.6763042807579,2.7000010013580322,46.503476798534393,3,3.5116531848907471
1639,60.763199999928474,60.717503547668457,-150.7267000079155,-150.56866255402565,56.000001728534698,48.090189695358276,3,3.2094654142856598
595,60.306599974632263,60.194335103034973,-150.24819999933243,-150.3311685025692,33.900000154972076,79.572491347789764,3.3999999761581421,3.7758352607488632
61,61.226899996399879,61.212761968374252,-151.23080000281334,-151.34926798939705,67.200001329183578,86.241479963064194,3.5999999642372131,3.947675496339798
1296,61.415600001811981,61.476958781480789,-149.91130000166595,-149.92458638548851,38.500003516674042,85.823148488998413,3.6999999582767487,4.1699077114462852
872,61.493400007486343,61.659242033958435,-149.89110000059009,-149.68707543611526,42.999997735023499,85.991416126489639,3.0999999940395355,3.4166117012500763
1774,61.659799993038177,61.812379539012909,-151.83509999513626,-151.44845214486122,96.699999645352364,77.011037617921829,3.3999999761581421,4.1201749742031097
216,59.524799942970276,59.384476542472839,-152.93899995088577,-151.83063197135925,98.30000065267086,50.557792186737061,3.6999999582767487,3.914728581905365
278,62.986999988555908,62.921374559402466,-150.46649998426437,-149.97194276656955,101.5000008046627,49.25856739282608,3.5999999642372131,4.1526873484253883
1548,60.376999974250793,60.627785414457321,-147.35910004377365,-147.70573031902313,7.7000036835670471,41.537940502166748,3.2999999821186066,3.7269734144210815
1392,61.574100017547607,61.486066341400146,-149.97679999982938,-149.95986215304583,42.429998517036438,81.909600645303726,3.2999999821186066,3.404967337846756
36,60.629700005054474,60.728584051132202,-147.78110003471375,-147.9640234708786,16.699999570846558,106.88311420381069,3.199999988079071,3.4836367070674896
1803,62.718500018119812,62.706224918365479,-149.61310002207756,-149.59707225859165,7.6000019907951355,54.645061492919922,3.0999999940395355,3.5485618114471436
662,62.416000008583069,62.358731746673584,-148.29679995775223,-148.54486209154129,34.1000035405159,93.518916517496109,3.9999999850988388,3.9938082844018936
2102,59.892899990081787,59.775485038757324,-152.91600000858307,-152.19644004106522,117.39999987185001,46.063140034675598,3.6999999582767487,3.758219450712204
1719,60.700500011444092,60.578911274671555,-151.11580002307892,-150.5767972022295,50.099998712539673,23.820593953132629,3,3.2578105330467224
977,61.485900014638901,61.507722556591034,-149.85319999605417,-149.8835808634758,42.199999094009399,68.544290959835052,3.6999999582767487,4.005989134311676
1571,60.032599985599518,59.89513111114502,-151.43419995903969,-150.81014031171799,75.39999857544899,78.445360064506531,3.9999999850988388,4.1439569368958473
1869,61.725399971008301,61.74503368139267,-148.55179998278618,-148.48451936244965,29.299996793270111,74.600741267204285,3.3999999761581421,3.9235834032297134
738,59.44570004940033,59.338692307472229,-152.74430000782013,-151.8811776638031,79.300001263618469,91.995745897293091,3.3999999761581421,3.7786410748958588
191,62.879400014877319,62.894233226776123,-150.44430001080036,-150.24546895176172,101.99999995529652,42.731724679470062,3,3.6256814002990723
919,61.289700001478195,61.347493588924408,-149.98619999969378,-150.20342682301998,38.900002837181091,85.00991016626358,3.3999999761581421,3.6851436495780945
456,62.356299996376038,62.454021215438843,-149.12199997901917,-149.26739385724068,13.199999928474426,63.352588564157486,3.199999988079071,3.5234922766685486
1417,61.42849999666214,61.445676952600479,-149.84030000120401,-150.08735737390816,50.300002098083496,121.39256112277508,3.7999999970197678,4.0737908631563187
675,62.449200034141541,62.329667806625366,-148.25120007991791,-148.54837828874588,43.999999761581421,127.63206497766078,6.1000000834465027,4.8690817281603813
760,60.575199991464615,60.398540616035461,-152.90829992294312,-152.57354915142059,143.50000023841858,51.495417952537537,3.2999999821186066,3.8495294898748398
2103,60.429000020027161,60.054355919361115,-151.83599996566772,-151.26731872558594,72.999998927116394,52.189528942108154,3,3.0594230890274048
1903,62.738999962806702,62.82784628868103,-149.68470000475645,-149.50321412086487,73.30000028014183,50.30524730682373,4.6000000052154064,4.3790533840656281
728,61.339700013399124,61.347292304039001,-149.96909999940544,-149.98446129681543,49.000002443790436,97.392329946160316,3.3999999761581421,3.6428041756153107
1957,62.10319995880127,62.193983554840088,-150.63990001380444,-150.06540679000318,10.099999606609344,59.338890016078949,4.8000000044703484,4.5244341026991606
1399,61.444999992847443,61.538246095180511,-149.95530000049621,-149.71247166395187,38.80000114440918,50.980567932128906,3.199999988079071,3.221142053604126
412,60.73769998550415,60.569598108530045,-150.91980001330376,-150.66172501444817,68.937998265028,25.566831231117249,3.2999999821186066,3.5613576471805573
1098,62.879999995231628,62.902141690254211,-150.52620001137257,-150.32671726495028,88.700000196695328,40.714442729949951,3.0999999940395355,3.5649655759334564
1516,59.621500015258789,59.634867310523987,-152.0006999373436,-151.24069681763649,67.800000309944153,124.26616350421682,4.1999999955296516,4.3968085236847401
1524,60.1182000041008,59.810240387916565,-152.54420006275177,-151.3801403939724,93.900000676512718,68.703994154930115,3,3.6126025915145874
825,59.473299980163574,59.360078811645508,-152.56309998035431,-151.5912036895752,73.30000028014183,88.737018406391144,3.8999999910593033,3.8728432059288025
1781,61.758099973201752,61.795206367969513,-147.79749995470047,-148.09464704990387,27.599997818470001,51.876947283744812,3,3.3947798609733582
616,61.568300008773804,61.596127867698669,-149.94830000214279,-149.88352441415191,40.200002491474152,88.328093290328979,3.2999999821186066,3.2611179649829865
114,59.976500034332275,59.890387296676636,-152.74899995326996,-151.42753949761391,88.700000196695328,94.863666221499443,4.2999999895691872,4.5713104885071516
417,60.939100001007318,60.886345058679581,-150.23369999974966,-150.1178827509284,49.400001764297485,81.586968153715134,3.6999999582767487,4.0422703921794891
2159,60.023000001907349,59.806677103042603,-150.62350000441074,-150.46004739403725,42.599998414516449,101.14334337413311,3.2999999821186066,3.5185554027557373
1625,60.717299997806549,60.579616814851761,-149.91100000217557,-150.02342571364716,39.099998772144318,99.677873775362968,3.3999999761581421,3.6905031502246857
969,61.426999986171722,61.417449116706848,-150.15610000491142,-150.12125241011381,43.899998068809509,68.902149796485901,3,3.6077392101287842
604,62.204399943351746,62.249260425567627,-150.68899999558926,-150.38546423614025,0,48.888117074966431,3.199999988079071,3.5118848383426666
2163,61.166500002145767,61.245170369744301,-152.76090002059937,-152.39401262998581,177.49999836087227,32.53578394651413,3.2999999821186066,3.2210380733013153
89,62.149799942970276,62.255557537078857,-147.40379995107651,-147.9517765045166,31.700000166893005,99.593481048941612,3.0999999940395355,3.5818583965301514
848,60.897699996829033,60.711447238922119,-151.01009997725487,-150.75493392348289,54.399996995925903,22.284895181655884,3.2999999821186066,3.6172735691070557
1809,60.001200020313263,59.990607261657715,-152.67320001125336,-151.81255173683167,97.999999299645424,115.93309137970209,4.3999999947845936,4.520509663503617
2162,59.902400016784668,59.749330401420593,-152.9941999912262,-151.73066961765289,110.89999973773956,63.05105984210968,3.2999999821186066,3.188990592956543
753,61.4375,61.449273526668549,-149.85719999670982,-149.8008781671524,37.600003182888031,70.403117686510086,3.2999999821186066,3.922407791018486
498,62.402500033378601,62.432756900787354,-149.58719998598099,-149.53248976171017,25.200001895427704,75.996231287717819,3.0999999940395355,3.6354154944419861
1276,61.475199997425079,61.546523690223694,-150.00749999983236,-150.05648489110172,40.600001811981201,83.417348563671112,3.4999999701976776,4.0893014967441559
1325,61.377799987792969,61.420651137828827,-150.07140000164509,-149.99620624096133,29.200002551078796,68.86683776974678,3,3.3065890073776245
1630,59.15339994430542,59.182114839553833,-151.22479999065399,-150.94503200054169,38.40000182390213,45.220039784908295,3.199999988079071,3.4460654854774475
11,61.32370001077652,61.267236769199371,-152.34409993886948,-151.81246930360794,4.1000023484230042,77.500425279140472,3.2999999821186066,3.1312238574028015
396,61.71780002117157,61.786274015903473,-149.58409997820854,-149.23992902040482,43.899998068809509,71.212179958820343,3.7999999970197678,4.0633179545402527
284,59.965199947357178,60.246923327445984,-152.00050002336502,-148.93706578016281,63.099998980760574,78.544788062572479,3,3.1208304762840271
2155,61.740100026130676,61.936060190200806,-151.74239999055862,-151.43319457769394,90.799998492002487,71.259956806898117,3.2999999821186066,3.473993718624115
1066,62.865300059318542,62.938555479049683,-150.88989999890327,-150.6713781952858,87.200000882148743,45.677393674850464,3,3.4677030444145203
1191,61.311800003051758,61.342643320560455,-150.02550000138581,-149.8675007969141,20.000003278255463,71.957807987928391,3,3.0671770870685577
1440,61.461699992418289,61.759452402591705,-149.92139999940991,-149.75831980258226,46.999998390674591,57.682082056999207,3.3999999761581421,4.0132632404565811
1600,59.030099987983704,59.134235620498657,-152.46509993076324,-151.11741507053375,62.200002372264862,67.840088158845901,3.9999999850988388,3.956484854221344
2170,62.163699984550476,62.265165328979492,-149.61980000138283,-149.59148570895195,49.000002443790436,91.047469526529312,3.3999999761581421,3.5650052726268768
2060,62.130499958992004,62.408022880554199,-150.7984000146389,-150.39849248528481,73.69999960064888,50.276324152946472,4.2999999895691872,4.8003839179873466
1450,61.47639998793602,61.371002227067947,-149.93429999984801,-149.10552182793617,38.900002837181091,97.403300926089287,3.7999999970197678,4.4918205952271819
690,61.980400025844574,62.101150870323181,-149.90190000459552,-149.78759908676147,35.199999809265137,95.095194876194,3,3.5431972146034241
1937,60.010999977588654,59.736166715621948,-152.80780005455017,-151.84799748659134,94.39999982714653,45.525155961513519,3,3.764908030629158
1568,62.205100059509277,62.322364568710327,-150.04700000211596,-149.98321942565963,45.500002801418304,88.757224380970001,3.4999999701976776,3.91330786049366
2141,61.5,61.459996789693832,-150.85600000619888,-150.69661559164524,61.20000034570694,97.887413576245308,3.199999988079071,3.2290946245193481
689,60.321900010108948,60.219104707241058,-151.13510003685951,-151.16403356194496,42.599998414516449,105.2516233175993,3.6999999582767487,3.9430388510227203
851,61.192200005054474,61.113737210631371,-149.98220000043511,-149.90955894067883,45.100003480911255,98.379891365766525,3.5999999642372131,4.0917669832706451
1498,61.420899987220764,61.178314074873924,-149.96140000037849,-149.19547435641289,43.399997055530548,77.035773545503616,3.9999999850988388,4.7057308405637741
159,62.538599967956543,62.554774880409241,-149.24549996852875,-149.357416883111,59.799998998641968,53.808733820915222,3.3999999761581421,3.6939437091350555
895,60.257099986076355,59.981544375419617,-152.57330006361008,-151.75909566879272,99.199999123811722,55.093303322792053,3,3.4228999614715576
1873,62.153200030326843,62.266203880310059,-150.81179997324944,-150.44106276333332,67.800000309944153,82.040395587682724,3.0999999940395355,3.6876207590103149
257,59.595100045204163,59.268029093742371,-152.67039996385574,-151.3806865811348,77.500000596046448,45.247986912727356,3.0999999940395355,3.5767994821071625
335,62.538100004196167,62.598682641983032,-149.79440000653267,-149.7413242533803,64.19999897480011,60.065828263759613,3.0999999940395355,3.4392562508583069
2143,60.702600002288818,60.557447254657745,-151.56619995832443,-151.14011818170547,77.399998903274536,28.486981987953186,3.7999999970197678,4.0023318082094193
1039,60.325699985027313,60.107212603092194,-151.3052000105381,-150.65813733637333,60.999996960163116,59.844113886356354,4.7000000104308128,4.62501285597682
515,61.519699990749359,61.594208717346191,-149.89070000499487,-149.94321789219975,37.10000216960907,68.519823253154755,3.3999999761581421,3.8324696570634842
1348,61.48199999332428,61.540512263774872,-149.93859999999404,-149.92057437077165,38.099996745586395,58.855243027210236,3.2999999821186066,3.6525199413299561
1015,61.996800005435944,61.970718145370483,-149.08370000123978,-149.10642251372337,3.4999996423721313,89.292470365762711,3,3.4793068170547485
768,60.176800012588501,59.990780472755432,-150.94669997692108,-150.72395266592503,62.5,46.567216515541077,3.0999999940395355,3.3386276364326477
2067,59.274199962615967,59.132228970527649,-152.50850003957748,-150.99272820353508,73.100000619888306,54.493345320224762,3.4999999701976776,3.8183333873748779
441,61.56029999256134,61.631716191768646,-151.84450006484985,-151.67703437805176,102.80000045895576,74.894051998853683,3,3.5123786330223083
1765,62.35699999332428,62.131255507469177,-147.81550008058548,-148.02843153476715,44.39999908208847,49.894087016582489,3.199999988079071,3.6837050020694733
761,60.218699991703033,59.983025670051575,-151.63990008831024,-151.19509407877922,70.799998939037323,44.387206435203552,3.199999988079071,3.7045547068119049
1246,61.462000012397766,61.500506699085236,-149.91039999760687,-149.90037414059043,31.800001859664917,65.717928111553192,3.2999999821186066,3.7863878756761551
1203,60.224699974060059,59.912673830986023,-151.84920001029968,-151.14538434147835,60.300000011920929,78.046318143606186,3.199999988079071,3.6712628602981567
1747,59.613100051879883,59.49634861946106,-152.88529998064041,-151.57505339384079,98.30000065267086,64.7256039083004,3.3999999761581421,3.9303617477416992
1123,61.751500010490417,61.933750033378601,-150.7572999894619,-150.52743999660015,70.900000631809235,67.946042865514755,3.199999988079071,3.8371735364198685
521,60.608399987220764,60.712980508804321,-149.96060000080615,-150.15621656924486,23.100003600120544,96.773436293005943,3,3.4991578459739685
22,60.15530002117157,59.950438857078552,-152.4345999956131,-151.42227414250374,86.399998515844345,53.889624774456024,3.199999988079071,3.8716287910938263
356,62.741899967193604,62.692549824714661,-150.55530001223087,-150.24843983352184,86.699999868869781,59.443384408950806,3.5999999642372131,3.9526547491550446
1277,61.337199985980988,61.378506034612656,-150.07740000262856,-150.12727015838027,20.499996840953827,74.353225529193878,3.199999988079071,3.5835962891578674
1312,61.488499999046326,61.517358243465424,-149.92729999870062,-149.97323583997786,37.600003182888031,73.896635323762894,3.0999999940395355,3.3504014611244202
1635,61.425300002098083,61.404279738664627,-151.48600003123283,-151.24893683195114,91.699998825788498,72.719287127256393,3,3.5926705598831177
2002,60.107900023460388,59.862650394439697,-152.6363999247551,-151.67346239089966,92.500001192092896,45.716144144535065,3.0999999940395355,3.5497180223464966
340,62.164399981498718,62.741312265396118,-152.10230004787445,-151.45572423934937,101.29999928176403,45.916251838207245,3.199999988079071,3.586578905582428
431,61.84850001335144,61.912926256656647,-147.57539999485016,-147.82732915878296,28.800003230571747,101.96805000305176,4.0999999791383743,4.3291762880980968
473,61.591099977493286,61.754930675029755,-151.62120008468628,-151.48939508199692,86.59999817609787,134.59341786801815,3,3.3728993833065033
217,60.018899977207184,59.664091348648071,-152.62099993228912,-151.54843837022781,97.999999299645424,49.988731741905212,3.0999999940395355,3.5626871287822723
911,61.26570001244545,61.284524172544479,-150.03309999871999,-150.12359882891178,46.199999749660492,74.444588273763657,3.0999999940395355,3.6205732226371765
1227,61.446999996900558,61.510190546512604,-150.0093999998644,-149.9550751503557,20.099997520446777,53.976073861122131,3,3.2309117317199707
1896,59.904500007629395,59.879862546920776,-150.25819998979568,-150.12458414956927,55.200003087520599,67.707043141126633,3.2999999821186066,3.5869635343551636
1011,60.367500007152557,60.102680027484894,-152.59790003299713,-151.48715731501579,106.39999993145466,43.40614378452301,3.6999999582767487,3.9014225006103516
957,59.75820004940033,59.323333740234375,-152.56510001420975,-151.30134245753288,78.800000250339508,63.614737242460251,3.7999999970197678,3.5732477009296417
93,61.44200000166893,61.474443197250366,-150.79539996385574,-150.50189405679703,49.599997699260712,62.925264239311218,3,3.3743677139282227
1008,61.958700001239777,61.98825603723526,-150.49230001866817,-150.38470427691936,16.300000250339508,60.564532876014709,3.0999999940395355,3.6906896531581879
1070,60.912000000476837,60.878152184188366,-150.58900000154972,-150.61025749146938,61.499997973442078,70.429492741823196,3.0999999940395355,3.4228357672691345
1092,61.336400002241135,61.366636514663696,-150.01359999971464,-149.75876808911562,38.099996745586395,66.423945128917694,3.2999999821186066,3.6775377988815308
1946,62.117499947547913,62.375949859619141,-151.14550003409386,-150.38763248920441,70.500001311302185,82.473654299974442,3.0999999940395355,3.5269825458526611
1308,61.326099991798401,61.375037431716919,-150.03220000024885,-150.01756294816732,21.300002932548523,80.600317567586899,3.0999999940395355,3.3715592622756958
696,62.230800032615662,62.198831796646118,-148.19029998779297,-148.32092785835266,21.899998188018799,124.53351385192946,3.0999999940395355,3.5353875160217285
1109,61.386900007724762,61.418144881725311,-150.02439999952912,-149.77217835187912,39.399996399879456,76.16279274225235,3,3.6111660897731781
996,62.729699969291687,62.75035285949707,-148.59109997749329,-148.85070741176605,66.700000315904617,38.126334547996521,3,3.6155011653900146
1458,61.485199987888336,61.801454067230225,-149.92729999870062,-149.9345824867487,37.799999117851257,100.10934993624687,3.0999999940395355,3.4928644895553589
1679,62.15939998626709,62.329294919967651,-152.0949000120163,-151.45722252130508,103.70000079274178,70.009056478738785,3.199999988079071,3.7969247102737427
153,60.297800004482269,59.973380208015442,-151.36039996147156,-150.91119647026062,55.100001394748688,57.873539626598358,3.3999999761581421,3.7002241015434265
1099,61.897199988365173,62.036694765090942,-151.18349996209145,-150.78445664048195,72.39999994635582,69.827135652303696,3.4999999701976776,3.9697026014328003
2046,60.674400001764297,60.526111990213394,-151.19719997048378,-150.74396413564682,60.900002717971802,36.890387535095215,3.0999999940395355,3.2242879271507263
2205,61.555000007152557,61.641608417034149,-151.48699995875359,-151.40640386939049,74.000000953674316,65.605532377958298,3.0999999940395355,3.1016471385955811
789,60.893200002610683,60.914903908967972,-147.60499995946884,-147.91028773784637,9.7000002861022949,72.875101119279861,3,3.4022522270679474
580,61.84469997882843,62.001660346984863,-150.52439998090267,-150.27262459695339,45.800000429153442,63.069857656955719,3.0999999940395355,3.6252219378948212
1470,61.514900028705597,61.355858653783798,-149.92789999768138,-148.47348994016647,38.099996745586395,77.622763812541962,3.199999988079071,3.8738750964403152
703,62.773499965667725,62.909537315368652,-149.67099999636412,-149.62134701013565,70.999998599290848,44.609799981117249,3.199999988079071,3.5185474455356598
1212,61.392100006341934,61.434617817401886,-150.07789999991655,-150.12973035871983,19.799999892711639,88.014815002679825,3.3999999761581421,3.7354859411716461
1295,61.488400012254715,61.58104008436203,-149.93949999846518,-150.01194157870486,32.799996435642242,62.511894851922989,3,3.3644715249538422
2125,60.03439998626709,59.69718074798584,-152.60110008716583,-151.50419265031815,91.899998486042023,74.972711503505707,3.199999988079071,3.4617846608161926
1260,61.267399996519089,61.269877105951309,-149.95969999954104,-149.90805862471461,40.50000011920929,78.548789024353027,3.0999999940395355,3.4340547323226929
487,62.457499980926514,62.427670001983643,-148.22630006074905,-148.37886589765549,35.499997437000275,72.362937033176422,3.2999999821186066,3.6470652222633362
1624,61.195700004696846,61.208305388689041,-150.33229999244213,-150.33443514257669,59.299997985363007,78.578025102615356,3,3.1927480101585388
559,61.950100004673004,62.083304405212402,-150.66640001535416,-150.40727640688419,63.599999994039536,57.636559009552002,3.3999999761581421,3.8556186854839325
1141,61.405099987983704,61.41103395819664,-149.88499999791384,-149.67195522040129,36.399997770786285,57.42192268371582,3.6999999582767487,3.8296328186988831
2053,59.811699986457825,59.445202827453613,-152.72680002450943,-151.94282877445221,109.89999957382679,40.840081870555878,3.2999999821186066,3.174802154302597
1119,61.957300007343292,62.157689094543457,-150.67489998042583,-150.3779408633709,55.600002408027649,80.716919153928757,3,3.5534573793411255
801,62.995100021362305,62.857657790184021,-151.54879993200302,-151.31480634212494,3.4999996423721313,130.9707029722631,3.8999999910593033,3.5804543495178223
512,62.418499946594238,62.642298221588135,-151.49750000238419,-151.07167965173721,87.900001555681229,75.240802019834518,3.199999988079071,3.5807424187660217
633,62.9757000207901,62.860899806022644,-148.47769993543625,-148.75546485185623,7.3999986052513123,38.54072093963623,3.0999999940395355,3.4211404323577881
1760,61.561100006103516,61.626503825187683,-148.06519997119904,-148.30815517902374,20.000003278255463,55.1118403673172,3.2999999821186066,3.8006884753704071
1664,62.783100008964539,62.713706374168396,-148.87560001015663,-148.94748347997665,20.300000905990601,66.002063453197479,4.0999999791383743,3.9793671816587448
1012,61.49779999256134,61.623189210891724,-147.79640007019043,-148.15068805217743,9.0000033378601074,39.375819265842438,3.3999999761581421,3.888468325138092
1838,59.802899956703186,59.683280944824219,-151.77720004320145,-151.23324179649353,62.89999932050705,128.50974057801068,3.9999999850988388,4.1792879104614258
1150,61.530900001525879,61.573565602302551,-149.99219999997877,-149.77796311676502,34.900002181529999,70.863310247659683,3,3.2528777718544006
790,62.899600028991699,62.925186157226562,-149.97360000014305,-149.76756363362074,80.099999904632568,41.089907288551331,4.6000000052154064,3.8685543090105057
116,59.47379994392395,59.450474143028259,-150.72549998760223,-150.81845954060555,31.499996781349182,79.581540077924728,3.4999999701976776,3.8542845100164413
1497,61.428299993276596,61.686982095241547,-149.94179999828339,-149.56939342617989,36.600001156330109,91.09032154083252,3.9999999850988388,4.9582982361316681
740,59.953400015830994,59.935913801193237,-152.867899954319,-152.33610481023788,106.69999942183495,51.845043897628784,3.199999988079071,3.1797072887420654
2014,62.81470000743866,62.929541945457458,-150.56119997799397,-150.34109754860401,87.900001555681229,37.194997072219849,3.199999988079071,3.4021157026290894
1081,61.427899986505508,61.490279793739319,-150.02979999873787,-150.10990835353732,40.200002491474152,75.162217020988464,3.2999999821186066,3.7128515839576721
1627,61.75110000371933,61.828338861465454,-148.13740003108978,-148.59512194991112,3.4999996423721313,96.582517027854919,4.6000000052154064,4.3154983855783939
830,62.917099952697754,62.955432057380676,-149.34709998965263,-149.34032021462917,75.500000268220901,36.336973309516907,3.0999999940395355,3.5733230710029602
119,59.760599970817566,59.470162391662598,-152.09709995985031,-151.33141341805458,68.500000983476639,108.01402851939201,3.199999988079071,3.8694990277290344
656,62.241899967193604,62.349322319030762,-149.60639999806881,-149.61977282166481,42.999997735023499,95.806553959846497,3.2999999821186066,3.6842847168445587
1970,59.878999948501587,59.66595184803009,-151.84990006685257,-151.18768885731697,55.600002408027649,65.079160034656525,3.0999999940395355,3.3603886663913727
1913,62.874500036239624,62.852420806884766,-148.23779994249344,-148.50700449943542,66.300000995397568,36.032408475875854,3.2999999821186066,3.823970764875412
2158,59.738399982452393,59.374196529388428,-152.80980008840561,-151.70864796638489,90.500000864267349,71.782320737838745,3,3.0489836633205414
635,61.408499985933304,61.439433336257935,-150.00679999985732,-150.06538292951882,36.899998784065247,82.24983885884285,3.5999999642372131,3.9267313331365585
369,61.720300018787384,61.869677841663361,-149.55190001428127,-149.40142133831978,34.800000488758087,71.245204657316208,4.5,4.5211070557124913
268,59.935799956321716,59.810876846313477,-152.18040007352829,-151.65150690078735,71.699999272823334,130.28382463380694,3.199999988079071,3.6815662086009979
655,62.436599969863892,62.467342019081116,-148.21510004997253,-148.41921025514603,46.599999070167542,73.363602161407471,3.3999999761581421,3.7540499567985535
935,61.540899991989136,61.595705330371857,-149.76199999451637,-149.79811774939299,39.300002157688141,67.015931010246277,3.0999999940395355,3.3857797980308533
822,61.875,61.985754191875458,-152.07490003108978,-151.75906777381897,115.5000003054738,74.176035821437836,3,3.4715600609779358
866,59.741299986839294,59.524331331253052,-152.85730004310608,-151.96665376424789,87.600000202655792,69.139081984758377,3.2999999821186066,3.3255479335784912
46,60.935000002384186,60.929456688463688,-150.34139999002218,-150.38622356951237,55.900000035762787,90.146437287330627,3.0999999940395355,3.3447475433349609
1373,61.385699987411499,61.479529440402985,-150.06180000118911,-150.15797866880894,37.500001490116119,45.990198850631714,3.3999999761581421,3.5822356939315796
2035,61.342000007629395,61.365147829055786,-150.14800000190735,-150.16034084558487,39.70000147819519,75.099416077136993,3.2999999821186066,3.3394398093223572
991,62.496399998664856,62.611806392669678,-151.56879991292953,-150.93735426664352,92.799998819828033,95.169812440872192,5.0000000149011612,4.9401110261678696
876,61.418500006198883,61.20625264942646,-151.39549997448921,-151.18426144123077,87.900001555681229,19.033320248126984,3.4999999701976776,4.403985433280468
773,61.537000000476837,61.543860733509064,-149.82140000537038,-149.69810412079096,39.599999785423279,65.583385527133942,3.0999999940395355,3.3697747886180878
1219,61.460799992084503,61.513129413127899,-149.97630000114441,-149.96929118782282,33.600002527236938,62.930215150117874,3,3.1636214554309845
1126,61.489699989557266,61.528056621551514,-150.22450000047684,-150.25268208235502,46.400003135204315,66.562652587890625,3.0999999940395355,3.5631877183914185
4,60.351400017738342,60.080587685108185,-152.2681000828743,-151.40103587508202,83.799999207258224,87.340228259563446,4.5,4.5190952243283391
2090,59.871700048446655,59.649257183074951,-152.52659994363785,-151.43058693408966,92.399999499320984,102.25788131356239,3.5999999642372131,3.8548224270343781
1003,60.142000019550323,59.861186504364014,-151.97989994287491,-151.29518035054207,67.800000309944153,103.7426833063364,3.0999999940395355,3.6823478937149048
1984,62.187700033187866,62.27328634262085,-150.37020000815392,-150.23647957295179,54.700002074241638,75.075820088386536,3.2999999821186066,3.6968267261981964
2051,62.350000023841858,62.444763660430908,-149.68429999798536,-149.68016707152128,57.199999690055847,64.042016863822937,4.1999999955296516,4.4923583634663373
263,61.864300012588501,61.933386743068695,-148.9685999751091,-148.76931989192963,35.478003323078156,89.166399091482162,3.3999999761581421,3.6957746744155884
1867,59.288900017738342,59.208129048347473,-152.90460008382797,-151.4397439956665,81.199999898672104,67.117776721715927,3.2999999821186066,3.6447342038154602
612,60.346599996089935,59.887964248657227,-151.76989996433258,-151.10915958881378,65.699998289346695,76.039936393499374,3.2999999821186066,3.6198440194129944
443,62.922099947929382,62.896227598190308,-150.78329998254776,-150.23925389349461,105.90000078082085,48.003226518630981,4.0999999791383743,3.9195546805858612
1002,60.917000003159046,60.771794050931931,-151.76489996910095,-151.48834446072578,83.399999886751175,15.448048710823059,3.4999999701976776,3.9537147581577301
1077,62.780099987983704,62.634897232055664,-148.77759996056557,-148.85156911611557,29.200002551078796,44.492796063423157,3.199999988079071,3.6716507077217102
837,61.26460000872612,61.217724502086639,-150.33079998940229,-150.08007548935711,12.100003659725189,89.294701814651489,3,3.1401518583297729
681,59.282099962234497,59.720285177230835,-152.78339999914169,-150.28063736110926,70.399999618530273,56.350246071815491,4.0999999791383743,4.0501888990402222
1715,62.461899995803833,62.441344261169434,-149.10269996523857,-149.21470749378204,37.799999117851257,77.913746237754822,3.6999999582767487,4.0658009201288223
304,59.899500012397766,59.709072113037109,-152.39010000228882,-151.71620410680771,89.299999177455902,92.849817126989365,3,3.2543826699256897
1365,61.528900027275085,61.470609217882156,-149.94049999862909,-149.92579046264291,37.799999117851257,87.180692702531815,3,3.0452686250209808
2064,61.683899998664856,61.945084691047668,-152.1127000451088,-151.0966824889183,121.49999989196658,46.029962599277496,5.800000011920929,5.5798297226428986
313,59.96560001373291,59.958225011825562,-152.76559996604919,-152.26961553096771,103.4999992698431,93.721132725477219,3.4999999701976776,3.9758544266223907
149,61.717999994754791,62.053510069847107,-151.25729995965958,-150.92807829380035,68.599998950958252,86.128149181604385,3.199999988079071,4.0627188831567764
1148,61.130700007081032,61.094275638461113,-150.08049999922514,-150.10836191475391,10.200001299381256,82.042228430509567,3.199999988079071,3.6078688502311707
1213,61.320600003004074,61.365805804729462,-150.05799999833107,-149.90196912735701,20.000003278255463,77.803868800401688,3,3.0681107640266418
574,60.270699977874756,60.090506196022034,-152.53729999065399,-151.94419920444489,93.800000846385956,68.190902471542358,3.199999988079071,3.6704969108104706
1721,60.081700026988983,59.946208477020264,-151.08590000867844,-150.76670935750008,61.800003051757812,74.722457677125931,3.8999999910593033,4.1739879325032234
1688,60.066500008106232,60.027480721473694,-152.47699999809265,-151.82465136051178,95.499999821186066,116.03315733373165,4.9000000208616257,4.6549035049974918
50,60.70660001039505,60.505422085523605,-152.82700002193451,-152.19976419210434,126.9000000320375,37.772133946418762,3.2999999821186066,4.0210482627153397
1847,59.956900000572205,59.850447297096252,-152.69199997186661,-151.92961102724075,98.999999463558197,86.068335920572281,3.199999988079071,3.8292976766824722
726,60.224300026893616,60.12946754693985,-152.62200003862381,-151.75242161750793,106.39999993145466,41.841946542263031,3.7999999970197678,3.7401516437530518
833,59.386700034141541,59.387181997299194,-151.94100004434586,-151.4435915350914,56.50000274181366,63.516635447740555,3.0999999940395355,3.1154383420944214
1377,61.322299987077713,61.35210257768631,-150.08579999953508,-150.01171712600626,33.299997448921204,72.781320661306381,3.3999999761581421,3.694485068321228
1115,61.303099989891052,61.330747425556183,-149.74359999597073,-149.58371043205261,38.40000182390213,89.51176330447197,3,3.3274616897106171
1166,61.28999999165535,61.361886084079742,-150.10269999504089,-149.78136462718248,34.999996423721313,93.012567609548569,4.9000000208616257,5.0365165024995804
470,61.14360000193119,61.206146568059921,-151.09960001707077,-150.89308243989944,50.999999046325684,67.756649106740952,3.0999999940395355,3.6176966428756714
971,61.501699984073639,61.652980923652649,-149.87889999523759,-149.78336986899376,42.199999094009399,76.370362192392349,3.4999999701976776,3.7379069924354553
653,60.980100000277162,60.964866019785404,-151.47790002822876,-151.2766894698143,64.100001007318497,30.606105923652649,3.199999988079071,3.524899810552597
399,61.785399973392487,61.968086302280426,-151.01790001988411,-150.7759285569191,79.700000584125519,75.537677854299545,3.6999999582767487,4.3703104220330715
511,60.786899998784065,60.70868793129921,-149.06479999423027,-149.30852517485619,10.600000619888306,66.473517566919327,3,3.5239888429641724
1907,61.749000012874603,61.733727335929871,-148.18049991130829,-148.25117754936218,14.499999582767487,65.573245286941528,3.3999999761581421,3.8483165949583054
320,61.149499997496605,61.116194292902946,-150.72210001945496,-150.61256830394268,15.100002288818359,72.141245007514954,3,3.2895041406154633
19,61.172099992632866,61.263632923364639,-149.1695000231266,-149.13234525918961,13.199999928474426,99.285697564482689,3.3999999761581421,3.6457222402095795
684,59.239400029182434,59.306336641311646,-149.86470000073314,-150.29716352373362,36.70000284910202,83.274215459823608,3,3.2617726922035217
35,61.856599986553192,61.948649644851685,-149.9847999997437,-149.95061906799674,23.000001907348633,81.444375216960907,3,3.3563800156116486
902,60.9510000012815,60.883131459355354,-150.97769996523857,-150.85740664601326,56.999996304512024,36.498740315437317,3,3.5325833559036255
2085,62.037199974060059,62.177241802215576,-149.52679999172688,-149.45890854299068,38.599997758865356,91.119099408388138,3.2999999821186066,3.5081650614738464
827,61.495299994945526,61.608274281024933,-149.88019999489188,-149.69672025740147,46.09999805688858,70.360869169235229,3.199999988079071,3.5841855704784393
524,62.805500030517578,62.807363152503967,-148.87430003285408,-148.99000838398933,50.999999046325684,31.710758805274963,3.199999988079071,3.5184638500213623
407,61.587599992752075,61.696426391601562,-150.57600000500679,-150.45230220258236,53.800001740455627,73.394987732172012,3.2999999821186066,3.748313695192337
920,60.106199979782104,59.970745325088501,-150.45409999787807,-150.45290905237198,39.200000464916229,76.416146010160446,3.5999999642372131,3.6987959146499634
537,62.373900055885315,62.437096834182739,-147.46609997749329,-147.86305439472198,11.200003325939178,69.102175533771515,3.0999999940395355,3.6733599901199341
758,61.467500001192093,61.41457611322403,-150.71479998528957,-150.5882763415575,73.69999960064888,79.714369028806686,3.2999999821186066,3.6344305872917175
1705,59.572299957275391,59.322360754013062,-152.62370002269745,-151.07681331038475,75.300000607967377,72.058726102113724,3.7999999970197678,4.0124236196279526
2157,61.50900000333786,61.628559947013855,-151.51289999485016,-151.3383201956749,4.1999965906143188,62.959641218185425,3.4999999701976776,3.5803080797195435
1062,59.136800050735474,59.247827291488647,-152.9970999956131,-151.51111954450607,69.699998944997787,69.739140570163727,3.7999999970197678,4.21284169703722
1199,61.350699990987778,61.365604370832443,-149.99080000002868,-150.03837535623461,42.000003159046173,96.565689891576767,3,3.1769491732120514
245,59.908100008964539,59.814371347427368,-152.79830002784729,-152.14017981290817,99.199999123811722,79.123359173536301,3.199999988079071,3.9376116693019867
1834,59.716899991035461,59.401487231254578,-152.6952999830246,-151.38536444306374,94.79999914765358,75.903922319412231,3.3999999761581421,4.0111647248268127
1416,61.439099997282028,61.467931061983109,-150.07730000093579,-150.00983043992892,30.28000146150589,67.868992686271667,3.5999999642372131,3.7299825847148895
1127,61.507700026035309,61.549957811832428,-149.90120000392199,-149.93936876580119,36.200001835823059,80.032937228679657,3,3.5268001556396484
784,61.519999980926514,61.476352542638779,-149.91439999826252,-149.5605504065752,41.500002145767212,57.338863611221313,5.1000000089406967,5.030092254281044
1409,61.37729999423027,61.43474930524826,-150.11780000478029,-149.8679698035121,21.799996495246887,71.437917649745941,3.0999999940395355,3.5496160984039307
489,60.315299987792969,60.082142293453217,-152.31419992446899,-151.55066406726837,85.799999535083771,87.974321097135544,3.3999999761581421,3.9055598527193069
154,59.473999977111816,59.289640307426453,-152.76380002498627,-151.48249080777168,90.900000184774399,42.986646294593811,3.3999999761581421,3.8457288891077042
1662,59.621000051498413,59.495078563690186,-152.24219995737076,-151.12376815080643,83.5999995470047,110.2319722995162,4.2999999895691872,4.2053560316562653
961,62.180799961090088,62.243348598480225,-148.38949996232986,-148.63588151335716,38.80000114440918,91.864883899688721,3,3.430974930524826
1686,60.70100000500679,60.524856507778168,-150.51369997859001,-150.25435611605644,56.699998676776886,95.462020486593246,3,3.3121689856052399
853,61.326200008392334,61.382722675800323,-150.13249999657273,-149.91994949989021,41.4000004529953,94.469780102372169,3.7999999970197678,4.1283691450953484
1311,61.356700003147125,61.407541394233704,-150.10229999944568,-150.16613802686334,35.80000251531601,93.677278608083725,3.2999999821186066,3.7069666385650635
625,61.860099971294403,61.978464126586914,-150.55530001223087,-150.33771604299545,60.400001704692841,58.343470096588135,4.0999999791383743,4.0935117155313492
1815,60.061800003051758,59.848650813102722,-151.08110001683235,-150.6161230802536,60.099996626377106,82.992348819971085,3.4999999701976776,3.8357860743999481
685,62.51830005645752,62.502612352371216,-149.18039998412132,-149.23525258898735,9.0999975800514221,65.462298691272736,3.6999999582767487,3.8246852159500122
1859,61.289200007915497,61.354022085666656,-150.39730001986027,-150.26785880327225,49.400001764297485,111.15659959614277,3.3999999761581421,3.8992073088884354
569,59.245300054550171,59.141020178794861,-152.13369995355606,-151.36971947550774,60.300000011920929,65.422266721725464,3.3999999761581421,4.0114795714616776
565,62.902099967002869,62.912577033042908,-149.30259999632835,-149.29935590922832,66.500000655651093,48.419177532196045,3.8999999910593033,3.9544016718864441
1758,60.692699998617172,60.41840261220932,-152.77009999752045,-152.18394523859024,8.9000016450881958,27.055449783802032,3.0999999940395355,3.529424786567688
1816,60.770600005984306,60.625667452812195,-150.1984000056982,-150.09265206567943,50.399996340274811,99.741317331790924,3.9999999850988388,4.1547323763370514
17,62.00380003452301,62.155728578567505,-150.88269996643066,-150.57818658649921,63.900001347064972,64.307607710361481,3.6999999582767487,4.0133113414049149
127,61.974799990653992,62.173867464065552,-151.45509999990463,-151.08062365651131,77.899999916553497,84.051143378019333,3.6999999582767487,4.1251396536827087
1346,61.489100009202957,61.476770788431168,-149.93840000219643,-150.00418227631599,41.599996387958527,82.853630185127258,3,3.2023445069789886
1279,61.349000006914139,61.436008334159851,-149.99259999976493,-149.88798024505377,39.300002157688141,64.219843596220016,3.4999999701976776,4.2773254886269569
2188,61.595000028610229,61.75418895483017,-150.87329998612404,-150.72222210466862,61.20000034570694,97.826678305864334,3.199999988079071,3.5346581339836121
927,60.699200004339218,60.409818351268768,-152.83700001239777,-152.03065037727356,130.59999980032444,31.486541032791138,3.2999999821186066,3.7498190402984619
980,62.654099941253662,62.659253597259521,-148.77370002865791,-149.00323864817619,55.600002408027649,57.693004608154297,3.3999999761581421,3.6887065172195435
252,60.615500003099442,60.317000091075897,-151.22129997611046,-150.89322352409363,59.000000357627869,61.405681073665619,3.6999999582767487,3.8331242501735687
190,59.031700015068054,59.189540147781372,-150.09590000286698,-150.40380017459393,32.899998128414154,75.759399682283401,3.0999999940395355,3.5384532809257507
1139,61.44870001077652,61.432507753372192,-149.883499994874,-149.83657512813807,32.300002872943878,84.393411874771118,3.9999999850988388,3.8148626089096069
992,62.243199944496155,62.289004564285278,-148.22710007429123,-148.495436668396,28.200000524520874,96.212249249219894,3.199999988079071,3.6104477047920227
699,61.363299995660782,61.352707475423813,-150.02969999983907,-149.93255278095603,38.699999451637268,79.975098371505737,3.2999999821186066,3.4025329649448395
1971,59.854099988937378,59.501083254814148,-152.97259998321533,-151.90740752220154,96.300000324845314,41.021868586540222,3.2999999821186066,3.6795854866504669
606,61.373600006103516,61.422287076711655,-149.96229999884963,-150.06995256431401,43.300002813339233,65.52240252494812,3.3999999761581421,3.6293503940105438
180,59.973399996757507,59.904547691345215,-152.88919991254807,-152.07322633266449,118.49999986588955,47.089815139770508,3.2999999821186066,3.782724916934967
301,59.912600040435791,59.695953607559204,-151.81729996204376,-151.45355129241943,59.10000205039978,114.70124870538712,3.2999999821186066,3.5132486522197723
496,60.425700008869171,60.154345095157623,-148.97810000181198,-149.34360010921955,30.599996447563171,58.426357805728912,3.199999988079071,3.5807493925094604
2021,62.678400039672852,62.644593238830566,-149.80210000276566,-149.67863253504038,6.099998950958252,72.813529521226883,3,3.2348928451538086
2037,62.2882000207901,62.374390006065369,-150.72529998421669,-150.50701461732388,66.899999976158142,67.194964736700058,3.5999999642372131,3.9042361378669739
1997,62.814499974250793,62.895308971405029,-150.57100000977516,-150.35396325588226,86.699999868869781,44.171661138534546,3.0999999940395355,3.4934062957763672
2078,61.840099990367889,61.949608743190765,-151.69160002470016,-151.39065411686897,98.200000822544098,87.251521646976471,3.3999999761581421,3.7627556025981903
1948,59.843199968338013,59.812232494354248,-152.89069998264313,-152.06370788812637,100.50000064074993,66.914811730384827,3.6999999582767487,4.0726050138473511
517,59.075799942016602,59.091558933258057,-152.32649999856949,-151.18468362092972,49.300000071525574,64.615007489919662,3.199999988079071,3.6157018840312958
1396,61.513800024986267,61.380734354257584,-149.90440000221133,-149.17015081644058,35.599999129772186,54.585561156272888,3.0999999940395355,4.1391475796699524
1069,61.382699996232986,61.487869530916214,-150.00609999988228,-150.01919045252725,40.200002491474152,83.122141659259796,3.199999988079071,3.6146785318851471
476,60.980499999597669,61.001191675546579,-150.93649998307228,-150.72431127727032,51.100000739097595,93.969618901610374,4.7000000104308128,5.0381167978048325
157,60.430299997329712,59.994079113006592,-151.82069993019104,-151.23195308446884,69.200001657009125,40.171205997467041,3.0999999940395355,3.4784920513629913
1243,61.325300008058548,61.371570110321045,-150.04169999901205,-150.1297078281641,41.900001466274261,82.275725901126862,3.2999999821186066,3.779441624879837
1195,61.410600006580353,61.410650670528412,-150.04490000009537,-150.11209113523364,37.600003182888031,78.579410910606384,3,3.3491581678390503
16,59.247099995613098,59.099303126335144,-152.4582000374794,-151.35591611266136,60.999996960163116,65.776772797107697,3.0999999940395355,3.4489773809909821
1535,61.345299988985062,61.36132350564003,-149.62739999592304,-149.57135385274887,30.799999833106995,64.166773110628128,3,3.3876776397228241
1072,61.388799995183945,61.451189011335373,-149.88540000468493,-149.88172290846705,38.000002503395081,77.874355018138885,3.6999999582767487,4.018219068646431
2190,60.235400021076202,59.834181904792786,-152.48049992322922,-151.31679546833038,115.60000013560057,62.935840338468552,3.199999988079071,3.4187439680099487
546,60.118099987506866,59.894367933273315,-152.62709999084473,-151.86347651481628,83.5999995470047,64.992673695087433,3,3.4840175807476044
1539,61.983699977397919,61.996123373508453,-147.62879991531372,-147.8986644744873,10.099999606609344,78.365258872509003,3.3999999761581421,3.7439025342464447
658,61.738200008869171,61.870260834693909,-149.64079999923706,-149.56558491289616,30.100002884864807,87.771326303482056,3.0999999940395355,3.357963502407074
2031,59.768900036811829,59.402853488922119,-152.52829992771149,-151.30273514986038,83.000000566244125,81.729184836149216,4.1999999955296516,4.1629850417375565
1852,62.157500028610229,62.529552221298218,-152.1156000494957,-151.50650399923325,104.19999994337559,56.515082716941833,3,3.5964812636375427
1019,61.479699999094009,61.472423911094666,-149.94249999895692,-149.90055568143725,43.700002133846283,92.344213277101517,3,3.1707527339458466
1977,61.698400020599365,61.755581200122833,-147.54429996013641,-147.99938839673996,24.999998509883881,55.1939457654953,3.6999999582767487,4.0123657733201981
1504,61.335999995470047,61.254642754793167,-149.91009999811649,-148.98628976941109,39.300002157688141,107.56045021116734,4.2999999895691872,4.5965033881366253
959,60.46340000629425,60.389984726905823,-151.23269999027252,-151.0001645386219,54.300002753734589,88.27977254986763,3.2999999821186066,3.5891734957695007
2145,59.148100018501282,59.152716040611267,-152.82490003108978,-151.50232583284378,70.000000298023224,84.034670144319534,3,3.0884120464324951
283,60.084399998188019,60.01839417219162,-152.93680000305176,-152.34702229499817,109.20000076293945,58.875195682048798,3.5999999642372131,3.8982451558113098
1632,59.341899991035461,59.192495703697205,-152.89550006389618,-151.4267997443676,76.400000602006912,65.541550517082214,4.1999999955296516,3.7471214532852173
797,62.037500023841858,62.122270345687866,-150.50800001621246,-150.28252889961004,51.100000739097595,70.993077009916306,3.2999999821186066,3.8754835277795792
1931,59.790199995040894,59.625779509544373,-152.9646999835968,-152.02739274501801,109.40000042319298,34.915104508399963,3,3.6182713508605957
225,60.277899980545044,59.923730373382568,-152.51140004396439,-151.64192819595337,101.80000029504299,90.188886970281601,3.6999999582767487,4.0401250720024109
26,60.94480000063777,60.966898422688246,-147.36059993505478,-147.77085041999817,16.199998557567596,73.248822242021561,4.2999999895691872,4.2763909623026848
2080,61.946099996566772,62.017846465110779,-150.47139997780323,-150.2612517401576,28.599999845027924,63.332095742225647,4.3999999947845936,4.0597141832113266
1799,61.50110000371933,61.519469857215881,-150.00880000018515,-149.99667151411995,44.39999908208847,65.324421972036362,3.4999999701976776,3.843460276722908
437,62.189100027084351,62.278955459594727,-149.86499999463558,-149.90769849903882,45.400001108646393,81.314105540513992,3,3.2348935604095459
2178,60.41839998960495,60.10633784532547,-151.60859996080399,-150.88849425315857,78.499998897314072,42.374506592750549,3.2999999821186066,3.2833007276058197
1388,61.486999988555908,61.475795149803162,-149.95030000247061,-149.82988056913018,37.900000810623169,64.368128776550293,3.199999988079071,3.2678634524345398
229,61.423900008201599,61.308778822422028,-150.64810001850128,-150.3599324002862,60.400001704692841,62.698792666196823,3.0999999940395355,3.4170110821723938
37,61.444999992847443,61.399924099445343,-150.71559999883175,-150.46828517317772,42.300000786781311,86.103178560733795,3.0999999940395355,3.488384485244751
1693,62.010499954223633,62.037728309631348,-149.29939998686314,-149.24742883443832,7.3999986052513123,102.8074249625206,3.199999988079071,3.4954892992973328
749,62.846500039100647,62.889572024345398,-150.49400000274181,-150.08405791595578,95.200000330805779,54.599188268184662,4.2999999895691872,4.1024353802204132
1045,62.268399953842163,62.364792585372925,-151.16280001401901,-150.6939490288496,78.000001609325409,62.922563403844833,3.0999999940395355,3.7637952715158463
1398,61.497599989175797,61.481653809547424,-149.90399999544024,-149.91154763661325,35.999998450279236,40.409751236438751,3,3.6118403077125549
469,61.691500008106232,61.806896686553955,-150.70489999651909,-150.60087655484676,53.900003433227539,90.863488614559174,3,3.4215291738510132
1906,62.633599996566772,62.84673810005188,-151.21580001711845,-150.50785540044308,83.099998533725739,42.704865336418152,3.2999999821186066,3.7134232521057129
2017,59.57260000705719,59.173158049583435,-152.67610001564026,-151.10971882939339,82.899998873472214,47.937840223312378,3.2999999821186066,3.1870101392269135
2187,62.116199970245361,62.108583450317383,-149.44489999115467,-149.30957490205765,4.0000006556510925,84.963854402303696,3.0999999940395355,3.1381350159645081
687,60.939699999988079,60.879570946097374,-151.23999997973442,-150.94760227203369,56.10000342130661,22.735118865966797,3.2999999821186066,3.7851394861936569
1056,59.357800006866455,59.207614421844482,-152.79519993066788,-151.62426191568375,75.39999857544899,65.015450119972229,3,3.2594981789588928
639,59.928200006484985,59.823675870895386,-152.68029999732971,-152.00137960910797,89.699998497962952,89.469894766807556,3,3.6450308561325073
2040,60.455999970436096,60.082967281341553,-152.30299991369247,-151.40053483843803,86.399998515844345,23.423448204994202,3.199999988079071,3.2231268882751465
1218,61.45210000872612,61.51409125328064,-150.06489999778569,-150.08620101772249,23.100003600120544,75.339581817388535,3.3999999761581421,3.9724770337343216
1158,61.383300006389618,61.443901628255844,-149.8711999990046,-150.04938564822078,47.700002789497375,81.958137452602386,3.3999999761581421,4.0486662983894348
1415,61.468400001525879,61.478059679269791,-149.92459999769926,-149.89800996333361,36.799997091293335,66.191684454679489,4.1999999955296516,3.8928304463624954
1944,60.141799986362457,59.92745304107666,-152.43969994783401,-151.647864818573,96.300000324845314,43.690338730812073,3.0999999940395355,3.6482883095741272
1527,61.429899990558624,61.47259458899498,-149.43739999830723,-149.46541151404381,36.799997091293335,67.977204918861389,3,3.2193911075592041
1995,60.072700023651123,59.906715154647827,-151.52249997854233,-150.9458686709404,71.899998933076859,77.223110944032669,3.199999988079071,3.6176946759223938
1300,61.363499999046326,61.339144766330719,-150.13319999724627,-149.93538549542427,20.300000905990601,90.100187808275223,3,3.0760163068771362
2112,60.23989999294281,59.886592149734497,-152.34579992294312,-151.34863784909248,97.899999469518661,61.697535216808319,3.0999999940395355,3.1528928875923157
800,61.502499997615814,61.480565756559372,-149.96729999966919,-149.87816280126572,39.300002157688141,69.513928145170212,3.0999999940395355,3.1234602928161621
1603,59.48800003528595,59.423469424247742,-149.74290000647306,-150.24165538698435,10.099999606609344,97.00993075966835,3.2999999821186066,3.5566842555999756
160,62.000800013542175,61.947962701320648,-147.14620006084442,-147.7481381893158,39.499998092651367,55.228501558303833,3.4999999701976776,3.6941559612751007
1704,59.794000029563904,59.697080969810486,-152.94500005245209,-151.83666515350342,105.00000044703484,56.491218507289886,3.5999999642372131,4.0405891388654709
956,59.604699969291687,59.454865217208862,-152.78339999914169,-151.30597060918808,88.199999183416367,83.673093467950821,4.5,4.4807555805891752
1743,60.836899995803833,60.823687762022018,-150.70139998197556,-150.51500599086285,26.299998164176941,95.543231815099716,3.2999999821186066,3.5778545737266541
1186,61.38740000128746,61.441451996564865,-149.98850000021048,-149.89900993555784,19.100002944469452,77.279526740312576,3.2999999821186066,3.6413816213607788
821,61.928900003433228,62.200021505355835,-151.95550006628036,-151.19313311576843,112.80000023543835,80.495662987232208,4.2999999895691872,4.0802197158336639
1729,60.223599970340729,60.244096994400024,-149.55599999427795,-149.69562558084726,37.699997425079346,80.511901527643204,3.0999999940395355,3.2773824334144592
2001,60.01419997215271,59.80776059627533,-151.50650006532669,-150.85425782203674,73.800001293420792,69.966539740562439,3.199999988079071,3.6132189631462097
877,61.171000003814697,61.139498978853226,-147.53979992866516,-147.88573837280273,9.7000002861022949,82.839593291282654,3.2999999821186066,3.6724589467048645
1919,60.202099978923798,60.096712052822113,-152.8215000629425,-152.09372985363007,126.00000004749745,42.23363846540451,3.2999999821186066,3.7645678818225861
913,60.580399990081787,60.352599918842316,-152.36210006475449,-151.75659656524658,93.499999493360519,61.784997582435608,4.2999999895691872,4.6193669736385345
1884,62.359799981117249,62.846311807632446,-152.46259993314743,-150.66604444384575,143.50000023841858,45.284606516361237,4.5,4.3805718161165714
152,60.768500000238419,60.64132484793663,-149.88940000534058,-149.86759803816676,42.499996721744537,101.22022405266762,3.3999999761581421,3.5690694451332092
98,60.125800013542175,59.814122319221497,-148.51390001177788,-148.86001977324486,5.4000020027160645,94.300396740436554,3.2999999821186066,3.9245163649320602
2083,59.970999956130981,59.335538268089294,-152.59559994935989,-151.23735469579697,93.600001186132431,50.367698073387146,3.0999999940395355,3.1079223453998566
509,61.481799989938736,61.599470019340515,-149.92229999788105,-149.86326195672154,29.500000178813934,67.772302776575089,3.9999999850988388,4.0910612940788269
1135,61.359899997711182,61.365244120359421,-150.03959999978542,-149.8214043751359,45.000001788139343,74.334535747766495,3,3.5691373944282532
1250,61.508300006389618,61.552398085594177,-149.91769999824464,-149.93165175430477,35.999998450279236,99.186794832348824,3.199999988079071,3.3937293291091919
1979,61.415199995040894,61.37428081035614,-151.11399999260902,-150.82721105217934,65.799999982118607,68.619649857282639,3,3.6884032487869263
1875,61.837199985980988,61.954396665096283,-151.80819994211197,-151.36768278479576,99.300000816583633,83.455782383680344,3.8999999910593033,4.2428067997097969
103,61.926100015640259,61.941509306430817,-147.74370002746582,-148.36311364173889,27.199998497962952,116.28169938921928,3.4999999701976776,3.7559577226638794
1445,61.35479998588562,61.315244615077972,-150.09559999778867,-149.77290695160627,41.100002825260162,64.63058665394783,3,4.3068102523684502
1443,61.476599991321564,61.536337614059448,-149.89790000393987,-149.80776878446341,31.300000846385956,69.896500557661057,3.3999999761581421,3.8535888344049454
1648,61.460599988698959,61.475963264703751,-149.70289999991655,-149.56334598362446,30.799999833106995,48.701688647270203,4.1999999955296516,4.1094211488962173
586,61.677200019359589,61.699081242084503,-150.28349999338388,-150.10598060488701,20.999997854232788,89.371141046285629,3.5999999642372131,3.6292746663093567
627,62.888299942016602,62.947471380233765,-151.3652999997139,-150.71706806123257,117.69999982789159,46.419955790042877,3,3.5252848863601685
1943,59.888200044631958,59.884115695953369,-152.77000004053116,-152.02298033237457,92.399999499320984,69.985534995794296,3,3.8341282457113266
1696,59.667099952697754,59.407850027084351,-152.5103999376297,-151.28839749097824,91.699998825788498,75.485732406377792,3.6999999582767487,4.0187597125768661
1143,60.969900000840425,61.009122129529715,-147.08300006389618,-147.6204696893692,21.300002932548523,66.9865682721138,3.0999999940395355,3.6293644309043884
53,59.655099987983704,59.408404350280762,-151.52150005102158,-151.18272882699966,48.19999635219574,104.24575954675674,4.6000000052154064,4.3388852700591087
151,61.734200000762939,61.832175612449646,-149.60519997775555,-149.30343769490719,14.600001275539398,70.429045706987381,3.4999999701976776,3.8924437165260315
403,60.847800001502037,60.747562348842621,-152.569600045681,-152.04322993755341,9.4999969005584717,49.187555909156799,3.6999999582767487,4.0185075849294662
1154,61.297500014305115,61.369111210107803,-149.9522999972105,-149.42661765217781,44.39999908208847,77.892255038022995,5.0000000149011612,4.8298341035842896
207,61.242799997329712,61.145594581961632,-147.4452999830246,-147.85270375013351,6.8999975919723511,65.923165529966354,3.199999988079071,3.5496992468833923
2150,62.66569995880127,62.630969047546387,-149.52530001103878,-149.46048943698406,70.000000298023224,49.590453505516052,4.1999999955296516,4.3809714205563068
1682,59.169999957084656,59.125000953674316,-152.89550006389618,-151.23838484287262,68.500000983476639,76.515939086675644,3.2999999821186066,3.7237074673175812
1122,61.38629999756813,61.493693441152573,-150.05430000275373,-149.95523425843567,39.999999105930328,88.127736002206802,3.4999999701976776,3.8493402600288391
1256,61.477200001478195,61.515940189361572,-149.97640000004321,-149.99500456906389,36.300003528594971,66.158220171928406,3.5999999642372131,4.007912814617157
8,59.494199991226196,59.266575694084167,-152.61269992589951,-151.38826140761375,83.20000022649765,47.265276312828064,3.0999999940395355,3.784089133143425
1014,61.900200009346008,61.95608514547348,-149.22690001130104,-149.09405842423439,1.8000006675720215,93.902753666043282,3,3.4334973692893982
2096,60.007000029087067,59.764061689376831,-151.30100002884865,-150.78367146849632,65.299998968839645,100.88760778307915,3.0999999940395355,3.1767022311687469
1060,60.655699998140335,60.526469469070435,-151.64109992980957,-151.2948369383812,79.900000244379044,18.976867198944092,3,3.6040370464324951
452,59.886000037193298,59.734372854232788,-151.07579997181892,-150.85555180907249,59.900000691413879,77.990181744098663,3.4999999701976776,3.7812004834413528
1675,59.963099956512451,59.761591196060181,-151.53680008649826,-151.01761901378632,51.600001752376556,97.554033622145653,3,3.5159103870391846
253,62.882500052452087,62.851890802383423,-150.95620000362396,-150.41279393434525,102.60000079870224,49.554653465747833,3.199999988079071,3.8018652498722076
1327,61.473100006580353,61.483964651823044,-149.89759999886155,-149.74258580803871,34.400001168251038,80.25786280632019,4.5,4.7969384416937828
896,62.874400019645691,62.921247005462646,-149.44910001754761,-149.47913445532322,79.100001603364944,42.617827653884888,3.0999999940395355,3.6588404774665833
2058,60.249300003051758,59.877270221710205,-152.00239992141724,-151.23937654495239,83.900000900030136,81.840820610523224,3.199999988079071,3.4825973510742188
880,61.895699977874756,61.91569447517395,-149.29800000786781,-149.16142326593399,3.8999989628791809,116.61151144653559,3,3.3152044415473938
1595,59.747400045394897,59.556327819824219,-151.97750008106232,-151.10855528712273,76.499998569488525,86.68387308716774,3,3.2338760197162628
2147,62.606099963188171,62.741726040840149,-152.06990003585815,-151.71626651287079,1.2999996542930603,127.59481719695032,3,3.1491806209087372
623,61.870400011539459,61.96267557144165,-150.55290001630783,-150.380286231637,59.699997305870056,58.265708386898041,4.1999999955296516,4.4556104242801666
345,59.609500050544739,59.529250860214233,-151.90700000524521,-151.18788930773735,65.400000661611557,147.92295545339584,5.4000000357627869,4.5935412906110287
2028,62.519600033760071,62.705143332481384,-151.15840002894402,-150.71020822227001,84.89999920129776,45.434452593326569,3,3.0943644046783447
1787,61.491499990224838,61.453970789909363,-151.32100000977516,-151.26200231909752,84.49999988079071,77.763069421052933,3.2999999821186066,4.0524864792823792
262,61.849500000476837,61.945907473564148,-148.97220003604889,-148.76533019542694,36.799997091293335,89.712709188461304,3.0999999940395355,3.7112748026847839
1634,62.527500033378601,62.5331871509552,-149.2722000181675,-149.29367056488991,53.400002419948578,49.489110708236694,3.199999988079071,3.6279230117797852
1321,61.337599992752075,61.408929586410522,-150.04990000091493,-149.97046082653105,34.500002861022949,96.520448103547096,4.1999999955296516,4.4893662028480321
1438,61.279100000858307,61.084586933255196,-149.97779999999329,-149.53438076376915,38.300000131130219,80.372113734483719,3.0999999940395355,3.6380081176757812
150,62.041300058364868,62.423595786094666,-151.47219997644424,-150.95049199461937,81.700000911951065,72.387009859085083,3.0999999940395355,3.8810446858406067
1969,59.395699977874756,59.223639965057373,-152.93370008468628,-151.74470472335815,84.49999988079071,49.401223659515381,3,3.5217700302600861
472,62.964699983596802,62.95973002910614,-149.45950001478195,-149.37316203117371,80.899998545646667,40.350392460823059,3.0999999940395355,3.6345435976982117
1976,59.828999996185303,59.541403293609619,-152.90189999341965,-151.76824200153351,93.400001525878906,51.056288182735443,3.0999999940395355,3.6799701154232025
1802,61.205200001597404,61.121439464390278,-150.55349998176098,-150.39546154439449,52.900001406669617,77.62577012181282,3.2999999821186066,3.8864136189222336
640,62.300600051879883,62.514690160751343,-151.12819996476173,-150.72851827740669,83.099998533725739,56.989982724189758,3.0999999940395355,3.2062781453132629
871,60.842899993062019,60.83934685587883,-147.65699994564056,-147.87878286838531,20.099997520446777,88.323697447776794,3.2999999821186066,3.7887802273035049
2146,59.589100003242493,59.375191569328308,-152.7742999792099,-151.28510025143623,101.90000012516975,56.112229824066162,3,3.0508983135223389
550,59.957900047302246,60.057793617248535,-152.78420001268387,-152.27414256334305,102.80000045895576,95.818230882287025,3.9999999850988388,4.1944333389401436
2086,62.284700036048889,62.413458585739136,-150.49770002067089,-150.36588882654905,57.300001382827759,72.940271347761154,3.0999999940395355,3.5177164971828461
1959,59.640499949455261,59.484128832817078,-152.80009996891022,-151.7789933681488,105.20000010728836,48.766285181045532,3.2999999821186066,3.7174477279186249
928,60.698399990797043,60.557600200176239,-151.68589997291565,-151.35358911752701,72.599999606609344,20.292781293392181,3.0999999940395355,3.170845627784729
488,61.459500014781952,61.502038419246674,-149.35370001196861,-149.26434132456779,21.899998188018799,69.515101611614227,3.4999999701976776,4.0192275792360306
1843,60.878700003027916,60.798925414681435,-149.51599998772144,-149.66685307770967,24.499997496604919,88.562596589326859,3.8999999910593033,4.1227294206619263
1734,60.065299987792969,59.822015523910522,-151.95449995994568,-151.2206172645092,80.699998885393143,104.8519816249609,3.8999999910593033,4.1500829011201859
2105,60.136099994182587,60.007579326629639,-152.94849997758865,-151.95402628183365,121.8000000808388,50.626136362552643,3.0999999940395355,3.0657286047935486
1171,61.366600006818771,61.437046855688095,-150.03880000021309,-150.0098204263486,41.199997067451477,77.198285609483719,3.5999999642372131,4.1338134258985519
146,61.13459999859333,61.147857919335365,-150.24369999021292,-150.18295602500439,61.700001358985901,91.885421425104141,3.4999999701976776,3.7483067214488983
2030,61.534900009632111,61.514154493808746,-149.74189998954535,-149.6213324368,43.899998068809509,76.492801308631897,4.1999999955296516,3.8229092359542847
1986,61.996500015258789,62.237964630126953,-149.87610000371933,-149.7196392416954,46.09999805688858,98.826248198747635,4.6000000052154064,4.5017012350726873
1369,61.356900006532669,61.367095202207565,-150.02270000008866,-149.97848614677787,53.499996662139893,75.890086591243744,3.3999999761581421,3.6354208588600159
402,62.535500049591064,62.623290657997131,-150.99110001325607,-150.55052898824215,79.399999231100082,66.009566187858582,4.2999999895691872,4.2155618593096733
2161,61.565599977970123,61.51549506187439,-149.79070001095533,-149.76012028008699,33.699996769428253,52.770115435123444,3.4999999701976776,3.7033820450305939
954,59.353099942207336,59.190368413925171,-152.90920007228851,-151.44024235010147,72.900000959634781,66.981218755245209,3,3.4324264526367188
2142,62.105999946594238,62.050857067108154,-147.86100000143051,-148.1077287197113,17.999999225139618,87.867133319377899,3.0999999940395355,3.2048987746238708
659,61.550499975681305,61.561505496501923,-147.80350005626678,-148.05478084087372,19.500002264976501,35.18947958946228,3.8999999910593033,4.005108430981636
1794,59.827900052070618,59.558593392372131,-152.88959991931915,-151.79937422275543,101.80000029504299,59.667430818080902,3.2999999821186066,3.9082320481538773
1372,61.374500006437302,61.422361254692078,-149.94739999808371,-149.93978585489094,41.900001466274261,78.124105930328369,3,3.4073119461536407
463,60.344399988651276,60.102350234985352,-151.39700004458427,-151.05201128125191,58.499999344348907,44.409625232219696,3.5999999642372131,3.9231015890836716
1349,61.427799999713898,61.455668330192566,-150.06399999931455,-150.10291088372469,32.999999821186066,76.087146997451782,3,3.1394982039928436
186,60.095099985599518,59.796283006668091,-151.44960004091263,-150.97026139497757,50.700001418590546,79.084392637014389,3.2999999821186066,3.5948206186294556
1147,61.512499988079071,61.509518384933472,-149.88749999552965,-149.94717890582979,37.600003182888031,65.08949026465416,3,3.4678360819816589
1224,61.487899988889694,61.519392311573029,-149.92999999970198,-149.99274146463722,34.299999475479126,70.084590464830399,3.4999999701976776,3.777177482843399
608,61.417600005865097,61.375781744718552,-151.49330002069473,-151.20910799503326,86.300000548362732,32.287970185279846,3.3999999761581421,3.9703348428010941
143,62.151100039482117,62.257314324378967,-152.3031000494957,-151.88934087753296,7.3999986052513123,100.97456537187099,3.0999999940395355,3.8644708693027496
751,59.989599943161011,59.986430048942566,-152.73040008544922,-152.31877684593201,102.49999910593033,66.048514097929001,3,3.4719344973564148
1534,59.366000056266785,59.121375679969788,-152.50869995355606,-151.3757643699646,66.199999302625656,55.216021835803986,3,3.225065678358078
1930,61.780499994754791,61.92700457572937,-150.68720000982285,-150.09321706742048,62.200002372264862,51.77074670791626,4.2999999895691872,4.6726338118314743
981,62.879899978637695,62.88310182094574,-148.30229991674423,-148.93941360712051,74.900001287460327,55.476360023021698,4.5,4.3728007860481739
197,62.957399964332581,62.909662842750549,-150.4350999891758,-149.91084060072899,101.70000046491623,60.35468727350235,5.1000000089406967,4.6425770446658134
1633,60.120199978351593,59.868694543838501,-151.24539998173714,-150.87968909740448,52.799999713897705,91.376751661300659,3.4999999701976776,3.851069301366806
883,61.339100003242493,61.393604338169098,-149.82720000296831,-149.76828199625015,33.900000154972076,68.493727594614029,3,3.2243912816047668
1860,60.052600026130676,59.855308294296265,-152.67320001125336,-151.68494474887848,99.700000137090683,31.317323446273804,3.0999999940395355,3.7817225754261017
279,61.256199985742569,61.214819923043251,-150.45349998772144,-150.33770486712456,50.300002098083496,66.952038556337357,3,3.5776727199554443
293,62.186499953269958,62.208811402320862,-149.4382000118494,-149.2943480014801,31.099997460842133,75.620166957378387,3.7999999970197678,4.1910135224461555
766,61.707799971103668,61.701371729373932,-147.98209995031357,-148.19080120325089,34.999996423721313,39.586037397384644,3.5999999642372131,3.7435757517814636
400,61.130400002002716,61.056433819234371,-150.84080001711845,-150.60857833921909,55.299997329711914,44.024154543876648,3.0999999940395355,3.6793515086174011
122,62.245300054550171,62.303065299987793,-149.68480000644922,-149.66672133654356,52.599996328353882,81.289175897836685,3.6999999582767487,3.9398928433656693
1207,61.420199990272522,61.502230226993561,-150.07779999822378,-149.99095293623395,20.000003278255463,77.208288013935089,3.0999999940395355,3.2276818156242371
202,60.339600026607513,60.087143301963806,-152.75630003213882,-152.06553018093109,130.70000009611249,38.033351302146912,3,3.7238424718379974
1462,61.44420000910759,61.410129576921463,-149.87200000137091,-149.99740898679011,35.80000251531601,54.96467649936676,3.5999999642372131,3.8547428548336029
835,59.006100058555603,59.198719263076782,-151.57079994678497,-151.25362738966942,46.999998390674591,56.113973259925842,3.0999999940395355,3.261094719171524
246,62.018499970436096,62.122362613677979,-150.15439999848604,-150.0135237397626,49.400001764297485,69.892540574073792,3,3.4159115552902222
1439,61.468300014734268,61.511038482189178,-149.93759999983013,-149.92146404832602,39.099998772144318,75.856871902942657,3,3.206477165222168
1733,62.169800043106079,62.02910590171814,-147.83699995279312,-148.20190536975861,42.599998414516449,79.091940075159073,4.0999999791383743,3.9324060827493668
1695,59.304000020027161,59.124451637268066,-152.54069995880127,-151.22304931282997,60.500003397464752,60.896851122379303,3.199999988079071,3.6667104363441467
1707,60.475499987602234,60.223784148693085,-151.76010006666183,-151.05604693293571,70.599999278783798,72.160191833972931,4.2999999895691872,4.5526676550507545
2144,60.21560001373291,59.874966502189636,-151.55510008335114,-150.87113606929779,60.400001704692841,93.590904027223587,3,3.1467725336551666
1153,61.504899978637695,61.483909100294113,-149.91929999738932,-149.6799426600337,38.999997079372406,58.001920580863953,3.6999999582767487,3.9665811359882355
1661,61.578199982643127,61.657368123531342,-149.57099997997284,-149.53224804997444,28.499998152256012,92.263799160718918,3,3.4057314991950989
1759,61.83950001001358,61.934089601039886,-149.54289999604225,-149.43486848473549,50.399996340274811,107.46819153428078,3.199999988079071,3.8250060975551605
854,60.990000000223517,61.536235868930817,-150.8027999997139,-148.48996478319168,160.30000150203705,61.576850712299347,3,3.1550622582435608
1589,60.461399972438812,60.119026184082031,-152.07120001316071,-150.95226967334747,85.200000554323196,15.786916017532349,3,3.4752554297447205
641,62.29610002040863,62.467926025390625,-151.14050003886223,-150.68299408257008,64.699999988079071,69.254267960786819,3.0999999940395355,3.7095528244972229
1,59.898100018501282,59.622758865356445,-151.54039996862411,-151.13146287202835,30.599996447563171,91.257978230714798,3.3999999761581421,3.8679792881011963
698,60.17960000038147,59.926842093467712,-151.92480003833771,-151.62745821475983,64.300000667572021,124.35078085400164,3,3.4299911856651306
1636,61.60369998216629,61.765422642230988,-151.72589993476868,-151.38223376870155,93.199998140335083,79.271119087934494,3.199999988079071,3.8384827226400375
1291,61.446900010108948,61.489218443632126,-149.98210000013933,-149.93457422219217,30.900001525878906,82.797616720199585,3.3999999761581421,3.9857580363750458
2104,59.861999988555908,59.446855664253235,-152.67499995231628,-151.62349963188171,79.100001603364944,64.700175076723099,3.3999999761581421,3.5253050923347473
1520,62.372300028800964,62.149446845054626,-150.43880000710487,-149.77813676744699,100.09999945759773,83.547510206699371,3.8999999910593033,3.6345269680023193
1853,61.301499992609024,61.107932358980179,-152.17319995164871,-151.72421783208847,131.09999988228083,32.493576407432556,4.5,4.9978379309177399
1136,61.299299985170364,61.42521333694458,-150.06469999998808,-149.56764225661755,44.79999840259552,88.669903576374054,5.0000000149011612,4.8525780960917473
2133,61.986299991607666,62.116705417633057,-150.60999999940395,-150.36961971223354,60.80000102519989,67.806027829647064,3.2999999821186066,3.5652762651443481
1631,61.409599989652634,60.948651395738125,-152.83910000324249,-149.50978571176529,240.69999903440475,69.394968450069427,3,3.0907540619373322
1998,59.872499942779541,59.720059871673584,-150.89079996943474,-150.74777984619141,62.800001353025436,124.84292508452199,3.199999988079071,3.5845670700073242
663,59.158599972724915,59.318242192268372,-152.91909992694855,-152.48436534404755,64.300000667572021,80.870021134614944,3,3.5190836191177368
683,60.962200000882149,61.06091146916151,-149.09880003333092,-149.01826670765877,13.300001621246338,86.222920566797256,3.0999999940395355,3.5423255860805511
1257,61.414799988269806,61.493180900812149,-149.95810000039637,-150.0191115536727,29.100000858306885,73.544241487979889,3.0999999940395355,3.5359926223754883
317,62.190099954605103,62.374663829803467,-151.35420003533363,-151.02088451385498,80.499999225139618,85.776418447494507,3.5999999642372131,4.2124646008014679
648,60.026400029659271,59.918548583984375,-152.575100004673,-151.78506553173065,93.600001186132431,92.624280601739883,3,3.5220689177513123
1434,61.412600010633469,61.433157473802567,-150.02969999983907,-149.80039141327143,37.600003182888031,84.115795791149139,3.5999999642372131,3.8476499766111374
1479,61.466399997472763,61.613323748111725,-149.97790000028908,-149.47342456877232,42.800001800060272,59.683024883270264,3.7999999970197678,3.9986853897571564
709,62.245100021362305,62.439974069595337,-150.97079998254776,-150.46783183515072,76.000001281499863,76.013930141925812,3.199999988079071,3.782837301492691
1282,61.478399991989136,61.544187605381012,-149.98389999987558,-149.97203375212848,23.800000548362732,69.964051246643066,3,3.2376760840415955
1768,62.266999959945679,62.249759435653687,-148.43660008907318,-148.66095766425133,31.400002539157867,79.770002514123917,3,3.6268934011459351
972,61.30009999871254,61.371461540460587,-149.93589999899268,-149.91780863329768,42.499996721744537,91.256339102983475,3.9999999850988388,4.3879677727818489
1306,61.468600004911423,61.522203147411346,-149.95150000043213,-149.96086519304663,29.899999499320984,73.695588856935501,3.2999999821186066,3.8156450539827347
1400,61.398799985647202,61.452806204557419,-149.9870000006631,-149.9341867826879,38.589999079704285,67.850828170776367,3.199999988079071,3.4618960618972778
1408,61.48769998550415,61.463560521602631,-149.95610000006855,-149.84728732332587,32.200001180171967,59.577852487564087,3.0999999940395355,3.1657768785953522
1496,61.535700023174286,61.951724231243134,-149.94860000163317,-149.60622972249985,43.300002813339233,45.03805935382843,4.6000000052154064,4.6562168262898922
2038,61.621999979019165,61.629568994045258,-149.81899999827147,-149.85342112183571,40.600001811981201,68.065870553255081,3.199999988079071,3.2186005711555481
1529,59.080700039863586,59.099493741989136,-151.92289996147156,-151.27494782209396,48.799999058246613,61.804957687854767,3.199999988079071,3.5320968925952911
1663,62.804100036621094,62.730784058570862,-148.79649996757507,-148.93916952610016,16.099996864795685,60.257658362388611,3.3999999761581421,3.539961040019989
1354,61.463299989700317,61.5030198097229,-149.88489999622107,-149.86536988243461,31.099997460842133,82.4141725897789,3.9999999850988388,4.4816852677613497
2152,61.163000002503395,60.958658833056688,-152.64459997415543,-151.96816062927246,145.50000056624413,38.195714354515076,3.6999999582767487,4.1442722082138062
2167,59.58270001411438,59.417428612709045,-152.93409991264343,-152.21897649765015,100.29999911785126,71.825679391622543,3,3.0859719514846802
1643,62.513100028038025,62.852178692817688,-151.94289994239807,-151.22803303599358,106.49999976158142,49.555979669094086,3.6999999582767487,3.9877709448337555
1051,62.248900055885315,62.27242374420166,-150.4966000020504,-150.32185283303261,18.200002610683441,84.318198263645172,3.7999999970197678,3.9981542676687241
795,60.802000001072884,60.723835080862045,-150.49690000712872,-150.31818281114101,9.9999979138374329,105.06976582109928,3.0999999940395355,3.19791179895401
1597,59.576099991798401,59.246159672737122,-152.61830002069473,-151.14250820875168,77.100001275539398,61.660811305046082,3.2999999821186066,3.6379997134208679
1819,59.173400044441223,59.111594438552856,-152.03549998998642,-151.38755759596825,49.09999668598175,65.138973295688629,3,3.3531141579151154
1722,60.838200002908707,60.674760520458221,-151.82769995927811,-151.19480055570602,78.400000929832458,63.794568181037903,5.2000000029802322,5.3660692870616913
1183,60.115100026130676,59.885917663574219,-152.64959996938705,-151.66115427017212,87.900001555681229,75.796656310558319,3.3999999761581421,3.9653646647930145
1059,59.444800019264221,59.177998065948486,-152.83139991760254,-151.30386811494827,76.299998909235001,44.597521424293518,3.199999988079071,3.7211007177829742
540,60.541700005531311,60.637816667556763,-147.69370007514954,-147.84700781106949,13.700000941753387,72.912730276584625,3,3.5584092736244202
1678,60.416599988937378,60.073845565319061,-151.90379995107651,-151.17059496045113,77.700000256299973,78.414637595415115,4.3999999947845936,4.4287460669875145
1757,62.544800043106079,62.721296548843384,-151.11689999699593,-150.62297281622887,74.499998241662979,47.170847654342651,3.199999988079071,3.7214497625827789
1923,60.260900020599365,60.032604455947876,-152.30400002002716,-151.334821164608,99.799999967217445,121.41351890750229,4.8000000044703484,4.7568145170807838
95,61.476599991321564,61.458144426345825,-151.90240001678467,-151.59268444776535,92.099998146295547,47.388583421707153,3,3.7276003360748291
1020,61.503099977970123,61.580052971839905,-149.89850000292063,-149.8952795304358,44.79999840259552,95.337243750691414,4.0999999791383743,3.9461524486541748
563,59.41540002822876,59.390775799751282,-151.9368000626564,-151.63606935739517,58.600001037120819,76.81775838136673,3.0999999940395355,3.4889945983886719
863,59.920199990272522,59.826369047164917,-152.45419996976852,-151.55864828824997,86.399998515844345,90.562362223863602,3.2999999821186066,3.6892910599708557
1484,61.499300003051758,61.360851407051086,-149.96579999942333,-149.05651071667671,36.399997770786285,31.363777816295624,3.6999999582767487,3.8207940012216568
1881,60.162699997425079,60.00058776140213,-152.76279991865158,-151.84550750255585,115.10000005364418,50.642848014831543,3.4999999701976776,3.8740894496440887
1038,60.311100006103516,60.060861527919769,-151.30430004000664,-150.63780574500561,61.899997293949127,43.234854936599731,3,3.338091105222702
206,60.061999976634979,60.093287587165833,-147.04839992523193,-147.29066133499146,9.4999969005584717,75.457897037267685,3.2999999821186066,3.8106018304824829
392,60.003099977970123,59.87333607673645,-152.67119997739792,-152.23321509361267,97.899999469518661,76.124522835016251,3,3.4505029320716858
870,59.643200039863586,59.707708120346069,-152.07660001516342,-151.33272349834442,78.699998557567596,131.21910020709038,3.9999999850988388,3.667535126209259
397,62.135800004005432,62.187697887420654,-150.76999998092651,-150.38307403028011,70.30000165104866,57.874113321304321,3.5999999642372131,3.901441365480423
2121,59.708600044250488,59.494152069091797,-151.00360000133514,-150.86989822983742,46.09999805688858,123.85690794326365,3.0999999940395355,3.2754080593585968
1028,59.718299984931946,59.719641804695129,-152.02920001745224,-151.46198254823685,64.19999897480011,74.163313955068588,3.199999988079071,3.7081575393676758
1485,61.406199991703033,61.368282735347748,-149.95569999888539,-149.33471310138702,35.300001502037048,71.671124547719955,3.7999999970197678,4.3321042880415916
960,61.725399971008301,61.902200996875763,-152.11320000886917,-151.51388078927994,113.59999980777502,73.067221790552139,3.5999999642372131,4.2675831243395805
1570,60.254299998283386,60.012700200080872,-152.60660004615784,-151.83727902173996,104.6999990940094,65.936576575040817,3.3999999761581421,3.8512809723615646
1895,59.829499959945679,59.469746470451355,-152.9708000421524,-151.72019737958908,98.899999633431435,38.835421204566956,3.0999999940395355,3.6966201961040497
804,61.731899976730347,61.840136468410492,-149.64159999042749,-149.54226556420326,39.999999105930328,78.985337167978287,3.0999999940395355,3.4968168139457703
1751,61.932200014591217,62.046210885047913,-151.31669998168945,-150.88945680856705,79.900000244379044,71.789946407079697,3,3.6476212441921234
502,59.904299974441528,59.785292506217957,-151.46570000052452,-150.99667239189148,67.999999970197678,92.740375548601151,3.5999999642372131,4.1330513432621956
779,61.570100009441376,61.48995366692543,-149.90069999545813,-148.92909604310989,46.400003135204315,77.990464866161346,3.4999999701976776,4.2615669518709183
1863,62.049000024795532,62.056877851486206,-149.39090001583099,-149.223314255476,38.199998438358307,85.661064833402634,4.0999999791383743,4.1996331140398979
200,59.07889997959137,59.200386881828308,-152.87230002880096,-151.16699275374413,72.00000062584877,77.349718660116196,3.8999999910593033,4.1043430119752884
2088,61.246700003743172,61.222805440425873,-150.16419999673963,-150.14610632881522,45.400001108646393,84.272701293230057,3.0999999940395355,3.2186286449432373
1796,59.496999979019165,59.377988457679749,-152.8834000825882,-151.52669209241867,94.79999914765358,65.95269963145256,4.1999999955296516,4.4805582915432751
378,62.404899954795837,62.511563301086426,-151.15470001101494,-150.95972746610641,6.5999999642372131,61.219878494739532,3,3.6265431046485901
418,62.97409999370575,62.950463056564331,-149.29889997839928,-149.21830174326897,71.100000292062759,63.343148678541183,3.2999999821186066,3.5407606959342957
1698,60.364499986171722,60.533792346715927,-147.38270008563995,-147.66332799196243,6.099998950958252,55.475547909736633,3.199999988079071,3.4262668490409851
391,59.613800048828125,59.456000089645386,-152.83780002593994,-152.17577290534973,94.100000336766243,80.35624772310257,3.3999999761581421,3.8005725592374802
1522,60.780699998140335,60.648889660835266,-150.68950000405312,-150.47339674830437,57.899996638298035,57.451523840427399,3.5999999642372131,3.6821313500404358
1162,61.360799998044968,61.448201566934586,-150.09619999676943,-150.00407109910157,34.699998795986176,89.655231684446335,3.3999999761581421,3.7942918986082077
1495,61.511699974536896,61.370262444019318,-149.91590000130236,-149.24654504656792,36.600001156330109,36.189213395118713,3.6999999582767487,4.1421594321727753
2027,61.502399981021881,61.682112812995911,-152.31850004196167,-151.96332764625549,134.4999996945262,40.278434753417969,3.0999999940395355,3.2920594811439514
1152,60.99820000003092,59.393329381942749,-151.82019996643066,-150.78423357009888,85.799999535083771,62.050372362136841,3.9999999850988388,4.5194535967893898
1367,61.465000003576279,61.435070365667343,-149.90009999647737,-149.86819576844573,28.200000524520874,63.677020370960236,3.2999999821186066,3.6650009751319885
64,59.180400013923645,60.83797450363636,-148.79760003089905,-149.12695196270943,64.699999988079071,120.88608741760254,3,3.0498883724212646
2062,60.645900011062622,60.493172168731689,-151.97960007190704,-151.42085686326027,78.699998557567596,24.199843406677246,3.5999999642372131,3.812631368637085
1180,61.432399988174438,61.571746051311493,-150.11079999804497,-149.93346878886223,16.900002956390381,91.0906121134758,3,3.1471467018127441
492,60.314499974250793,60.178829908370972,-151.35659998655319,-151.04477825760841,28.700001537799835,42.744442820549011,3.3999999761581421,3.8208155930042267
379,59.69130003452301,59.587807178497314,-152.79549998044968,-151.93412840366364,88.500000536441803,102.62496955692768,3.9999999850988388,4.1093102842569351
763,61.047600001096725,61.024018324911594,-149.59170001745224,-149.59344823658466,33.900000154972076,77.454779297113419,3.0999999940395355,3.2239573001861572
791,61.644500017166138,61.635326564311981,-149.90500000119209,-149.78844150155783,52.599996328353882,67.662481218576431,3.0999999940395355,3.7299286723136902
1076,59.52590000629425,59.388904094696045,-152.86260008811951,-151.82456088066101,88.799998164176941,37.186354398727417,3.7999999970197678,3.7021414339542389
878,60.003000020980835,59.877749085426331,-152.69630008935928,-152.02666139602661,95.000000670552254,84.738548845052719,3.2999999821186066,3.7626445591449738
337,61.358799993991852,61.369679242372513,-150.1816000007093,-149.95231635309756,40.899999439716339,94.247611239552498,3.8999999910593033,4.2523601353168488
1016,61.477200001478195,61.569577157497406,-149.91309999860823,-149.93202012218535,36.799997091293335,111.2875621765852,3.199999988079071,3.729312390089035
1275,61.407599985599518,61.838955700397491,-150.03429999947548,-149.58946922421455,166.4000004529953,137.51198817044497,3.7999999970197678,4.0923208594322205
455,59.388000011444092,59.250728249549866,-152.73489993810654,-151.65198040008545,70.599999278783798,88.272497057914734,3.3999999761581421,4.2067029699683189
815,61.629999995231628,61.928901314735413,-152.17859995365143,-151.32528296113014,121.70000001788139,47.612011432647705,4.2999999895691872,5.0632296949625015
995,60.90429999679327,60.839756369590759,-149.78319999575615,-149.97263802587986,33.900000154972076,89.33623880147934,3.0999999940395355,3.3555462062358856
1981,60.364600002765656,60.420984983444214,-147.64770001173019,-148.04528707265854,12.699998915195465,44.164381921291351,3.5999999642372131,4.0341902822256088
201,60.964600000530481,60.900228835642338,-151.13220003247261,-150.81414154171944,9.8000019788742065,69.250300526618958,3.0999999940395355,3.4239621162414551
161,61.727800011634827,61.696017801761627,-148.55739998817444,-148.55255529284477,9.0000033378601074,83.759259432554245,3.8999999910593033,4.0474448204040527
1579,62.75380003452301,62.669660687446594,-149.08479997515678,-149.13140612840652,13.599999248981476,63.504777848720551,4.2999999895691872,4.119719535112381
702,61.140699997544289,60.985659010708332,-152.00349998474121,-151.74940896034241,97.999999299645424,14.919325709342957,3.0999999940395355,3.5131491422653198
1500,61.453999996185303,61.16613344848156,-150.08960000239313,-148.04989385604858,33.900000154972076,83.160564303398132,3.5999999642372131,4.0350617319345474
1129,61.289400011301041,61.429897964000702,-150.08070000261068,-149.92344860360026,43.700002133846283,80.164715647697449,3.7999999970197678,4.0316669940948486
1021,62.234699964523315,62.294869780540466,-150.76829999685287,-150.41013653576374,11.799998581409454,86.614016443490982,3.199999988079071,3.571388304233551
1585,59.882799983024597,59.710108518600464,-151.75239998102188,-151.06862685084343,49.400001764297485,100.27809254825115,3,3.5067754983901978
1955,59.846500039100647,59.92258358001709,-152.96490007638931,-149.4233343154192,104.00000028312206,55.495969951152802,3.3999999761581421,3.38059401512146
34,60.435100018978119,60.354171514511108,-150.37810000777245,-150.16670838743448,38.000002503395081,71.599699556827545,3.199999988079071,3.1820990145206451
775,61.516499996185303,61.544254422187805,-149.91730000264943,-149.6956789791584,42.599998414516449,57.469606399536133,4.3999999947845936,4.7730263918638229
1478,61.437999993562698,61.487361878156662,-149.93470000103116,-149.11937087774277,38.40000182390213,44.063828885555267,3.3999999761581421,3.8588271886110306
1390,61.35359999537468,61.418835312128067,-150.08660000190139,-150.07815819606185,21.0999995470047,84.856212139129639,3.199999988079071,3.6245130300521851
2139,60.815999999642372,60.816791146993637,-150.0500000026077,-150.19145165383816,44.200003147125244,101.91278718411922,3.0999999940395355,3.0807048082351685
1363,61.438100010156631,61.567923247814178,-149.95030000247061,-149.7260524481535,35.099998116493225,93.228016048669815,3.0999999940395355,3.6171369552612305
2041,59.853999972343445,59.776704072952271,-152.90739995241165,-151.97705376148224,117.50000016763806,50.361007452011108,3.4999999701976776,3.7738252133131027
241,61.173600003123283,61.135599359869957,-150.64760001003742,-150.55724787712097,53.400002419948578,62.269128859043121,3.199999988079071,3.7264141738414764
2061,60.94990000128746,61.014670585282147,-147.42839992046356,-147.83530175685883,31.000003218650818,75.811125338077545,3.8999999910593033,3.8033125251531601
600,61.990800023078918,62.072608709335327,-150.01929999981076,-150.04174092784524,27.09999680519104,74.074950069189072,3,3.5538740158081055
1297,61.423799991607666,61.449150949716568,-150.05660000257194,-150.13646301627159,29.600001871585846,72.407029569149017,3,3.6093399524688721
2068,61.749000012874603,61.826250076293945,-150.48199997842312,-150.41421259939671,62.89999932050705,70.015989243984222,3.3999999761581421,3.3940009474754333
646,59.653800010681152,59.473800182342529,-152.83070003986359,-152.02414298057556,85.400000214576721,86.757965385913849,3,3.3634366393089294
1528,60.073400020599365,60.005172550678253,-152.95059996843338,-152.0103725194931,126.30000000353903,66.161096096038818,3.6999999582767487,3.9462760984897614
1267,61.425900012254715,61.594945311546326,-150.00500000012107,-149.83974619209766,33.900000154972076,75.539331883192062,3.5999999642372131,3.8928060829639435
1899,60.113600015640259,59.984992146492004,-152.99299997091293,-151.61828720569611,129.4999998062849,65.675470978021622,4.7000000104308128,4.4378889296203852
562,61.057799998670816,61.016030684113503,-150.85809999704361,-150.66248738765717,54.600000381469727,48.169746994972229,3.4999999701976776,3.8222955912351608
189,61.051100000739098,60.923370100557804,-151.42459997534752,-151.15229326486588,69.099999964237213,24.878829717636108,3.2999999821186066,3.7172667682170868
1806,61.443599998950958,61.376472532749176,-150.41889998316765,-150.06338055431843,13.999998569488525,79.392697662115097,3.2999999821186066,3.8423808217048645
975,59.783400058746338,59.631277561187744,-151.36099997162819,-150.68382078409195,60.699999332427979,117.80545068904757,3,3.5149868130683899
2047,60.664700001478195,60.406042158603668,-151.16590002179146,-150.7479671984911,73.899999260902405,51.951251924037933,3.9999999850988388,3.9876816272735596
1082,60.9375,60.96431890130043,-150.86780002713203,-150.63369432091713,0,99.559905007481575,3,3.3345920741558075
474,59.904199957847595,59.883775472640991,-152.85980004072189,-152.04424953460693,100.40000081062317,59.364818036556244,3.0999999940395355,3.8091488778591156
747,61.632499992847443,61.611955404281616,-150.16699999943376,-150.13755716755986,49.800001084804535,72.618830949068069,3.6999999582767487,3.8795902132987976
21,61.773000001907349,62.023998737335205,-149.72310000658035,-149.54167386889458,35.199999809265137,92.45646744966507,3.0999999940395355,3.6124684810638428
459,61.170900002121925,61.217641219496727,-150.04269999917597,-150.15731576085091,44.699996709823608,93.076419085264206,3.0999999940395355,3.5465161800384521
1184,61.470699995756149,61.510255634784698,-150.29259999096394,-150.15806854516268,57.199999690055847,69.404900074005127,4.1999999955296516,4.4572811052203178
955,62.946900010108948,62.958723783493042,-151.31970003247261,-150.97711712121964,125.89999998454005,56.722164154052734,3.7999999970197678,3.6663123965263367
1215,61.363599985837936,61.417062759399414,-150.08130000159144,-150.01902965968475,26.799999177455902,79.144500195980072,3.5999999642372131,4.0091393440961838
1515,62.936100006103516,62.914322376251221,-148.10639995336533,-148.50369223952293,65.600000321865082,31.118020415306091,3.0999999940395355,3.5425792336463928
769,60.136300027370453,59.955881595611572,-152.41030007600784,-151.87046545743942,88.199999183416367,70.201162248849869,3.0999999940395355,3.8106043785810471
1685,62.128999948501587,62.152158617973328,-148.86410003900528,-148.87902769446373,7.6000019907951355,112.25920263677835,3,3.3551054298877716
130,62.361600041389465,62.346730709075928,-149.13239997625351,-149.26851023733616,3.3999979496002197,63.887275755405426,3.2999999821186066,3.6474100649356842
2135,60.225399971008301,59.743033409118652,-152.56120008230209,-151.14014053344727,102.90000028908253,65.897267311811447,3,3.0820159614086151
1482,61.391299992799759,61.329079538583755,-150.04860000126064,-149.2882533967495,42.199999094009399,58.245629072189331,3.3999999761581421,4.1740301996469498
330,62.852499961853027,62.803569674491882,-148.40779995918274,-148.79237481951714,61.899997293949127,36.51350736618042,3.3999999761581421,3.7294521331787109
1238,61.40149998664856,61.447696208953857,-150.02689999993891,-150.16582214087248,32.700002193450928,81.798911094665527,3.4999999701976776,4.1248129159212112
466,61.145600005984306,61.136782467365265,-151.12310001254082,-150.96326869726181,64.399998635053635,56.017309427261353,3.0999999940395355,3.7905075252056122
2169,62.312100052833557,62.529332756996155,-150.93729999661446,-150.57290799915791,99.199999123811722,67.363623529672623,3.3999999761581421,3.5727855563163757
1638,61.579500019550323,61.581086397171021,-149.85139999911189,-149.89286263659596,54.899998009204865,69.979891180992126,3.0999999940395355,3.3362731039524078
1095,61.390100002288818,61.458372533321381,-149.89759999886155,-149.85781226679683,22.699996829032898,80.767303705215454,3.0999999940395355,3.6196557283401489
1130,61.492700010538101,61.528242468833923,-150.21580000966787,-150.05880088359118,48.799999058246613,75.607143342494965,3.199999988079071,3.5201472043991089
1294,61.43639999628067,61.553635060787201,-149.97119999863207,-150.01829355675727,20.000003278255463,75.962621718645096,3,3.1570903658866882
860,62.873200058937073,62.909761071205139,-149.97330000065267,-149.80328846722841,80.499999225139618,48.589989542961121,3.4999999701976776,3.711948037147522
